leg,sym,pass,score,nbpR,segpos,rf,oneop,ops,win,sizing,smaP,slowP,mult,step,tpR,trailR,half,mgmtTF,stack,extop1R,nmonster,addtrig,lineplace,nback,buffer,segpos_ex3,h1R,h2R,w0,w1,w2,w3,w4,w5,w6,w7,w8,w9,w10,w11,w12,w13,w14,w15,w16,w17,w18,w19,w20,w21,w22,w23,w24,w25,w26,w27,w28,w29,w30,w31,w32,w33,w34,w35,w36,w37,w38,w39,w40,w41,w42,w43,w44,w45,w46,w47,w48,w49,w50,w51,w52,w53,w54,w55,w56,w57,w58,w59,w60,w61,w62,w63,w64,w65,w66,w67,w68,w69,w70,w71,w72,w73,w74,w75,w76,w77,w78,w79,w80,w81,w82,w83,w84,w85,w86,w87,w88,w89,w90,w91,w92,w93,w94,w95,w96,w97,w98,w99,w100,w101,w102,w103,w104,w105,w106,w107,w108,w109,w110,w111,w112,w113,w114,w115,w116,w117,w118,w119,w120,w121,w122,w123,w124,w125,w126,w127,w128,w129
BtcGF,BTCUSDc,20,17.8073,26.711,4,1.2961,20.67,388,39.1753,1,9,0,0.01,1.1,1.5,0.0,1.0,16385,1,21.19,2,0,2,0,0.0,3,-0.201,26.912,4.472,2.97,-1.52,2.746,-1.0,0.993,2.976,-3.0,1.496,0.961,-0.508,-2.505,-0.506,-3.0,-0.07,4.752,0.995,0.989,-2.504,-1.028,2.989,-1.501,2.835,-2.51,-1.501,2.353,-0.5,-3.5,-1.016,-1.5,-0.505,1.958,-1.511,-1.505,-4.0,7.508,-2.0,1.154,-2.0,-3.0,-0.534,-2.0,-1.0,-4.0,3.471,4.978,-0.536,2.0,-3.0,0.0,0.0,-1.0,1.485,2.978,-1.0,-1.0,0.0,-1.0,1.494,-1.0,0.0,0.0,0.0,0.0,0.0,-1.0,0.0,0.0,-1.0,0.0,0.0,1.499,-1.0,0.0,0.0,1.498,-2.0,-0.506,1.498,1.943,-2.0,0.5,3.33,0.494,4.959,1.791,1.494,0.752,6.652,2.457,-1.516,1.56,-2.508,-0.502,-3.0,0.934,1.971,3.924,-2.513,-2.501,0.989,3.465,-2.5,-2.507,5.216,4.018,1.916,-2.504,-2.502,6.262,-3.504,0.664,-6.0,1.247,4.493,-2.0,-5.0,0.488,4.972,1.995,0.0,0.0,0.0,0.0,0.0,0.0,0.0,0.0,0.0,0.0
BtcGF,BTCUSDc,50,12.1813,18.272,4,0.9206,44.62,415,42.6506,1,13,0,0.01,1.1,1.25,0.0,0.5,16385,1,10.119,1,0,2,0,0.2,2,-3.641,21.913,3.727,3.723,-0.523,3.669,-3.0,1.735,1.98,-3.0,1.247,0.483,-0.757,-0.507,-1.755,-0.755,-1.757,3.571,2.698,0.491,-1.507,-1.523,0.721,0.499,0.55,-2.758,0.483,0.483,-0.75,-3.75,0.619,-1.75,-0.754,3.473,-2.75,-1.754,4.153,-0.511,-2.0,-0.519,-2.0,-3.0,-0.211,-3.0,1.461,-1.754,0.487,3.982,-1.751,1.5,-3.0,0.0,-1.0,0.0,1.238,2.482,-1.0,-1.0,0.0,0.24,1.245,1.239,0.0,0.0,0.0,0.0,0.0,-1.0,0.0,0.0,-1.0,0.0,0.0,1.249,-1.0,0.0,0.0,1.248,-2.0,3.233,1.248,0.233,-2.0,0.25,2.484,0.245,6.453,-0.421,0.745,-1.228,7.343,1.715,-0.521,-3.733,-2.757,2.854,-1.521,-4.0,1.474,6.095,-3.761,-4.751,0.491,2.721,5.403,-0.508,3.717,0.182,0.73,-2.753,-1.504,0.49,-3.754,2.969,-3.756,0.626,3.138,3.107,-4.0,0.24,3.978,1.496,0.0,0.0,0.0,0.0,0.0,0.0,0.0,0.0,0.0,0.0
BtcGF,BTCUSDc,48,4.5323,13.597,2,0.6043,46.51,418,42.5837,1,9,0,0.01,1.1,1.25,0.0,0.5,16385,1,7.273,1,0,2,0,0.2,2,4.684,8.913,3.727,3.723,-0.523,1.467,-2.0,1.735,1.98,1.953,1.247,0.483,-0.757,-0.507,-1.755,-0.755,-1.757,3.571,2.698,0.491,-1.507,-1.523,0.721,0.499,-0.263,-1.515,0.483,0.483,-0.75,-3.75,0.619,-1.75,-0.754,3.473,2.425,-1.754,0.252,2.496,-2.0,-0.043,-2.0,-3.0,-3.0,-3.0,1.815,-1.754,3.277,4.014,-1.751,1.5,-3.0,0.0,-1.0,0.0,1.238,2.482,-1.0,-1.0,0.0,0.24,1.245,1.239,0.0,0.0,0.0,0.0,0.0,-1.0,0.0,0.0,-1.0,0.0,0.0,1.249,-1.0,0.0,0.0,1.248,-2.0,-0.506,1.248,0.233,-2.0,0.25,2.484,0.245,6.453,-0.514,0.745,-1.098,7.343,2.964,-0.521,-3.733,-2.757,3.089,-1.521,-5.0,-0.752,6.095,-2.761,-4.751,0.491,2.721,-0.503,-0.508,0.518,0.757,0.73,-2.753,-2.752,0.49,-3.754,1.43,-3.756,-0.295,5.82,3.107,-4.0,0.24,3.978,1.496,0.0,0.0,0.0,0.0,0.0,0.0,0.0,0.0,0.0,0.0
BtcGF,BTCUSDc,12,7.4595,14.919,3,0.6083,21.32,399,45.1128,1,9,0,0.01,1.1,1.25,0.0,1.0,16385,1,11.738,0,0,2,0,0.0,3,-3.864,18.783,3.727,3.723,-1.767,1.243,-1.0,1.735,1.98,-3.0,1.247,0.483,-0.757,-0.507,-0.755,-0.755,-1.757,3.571,2.67,0.491,-2.753,-1.523,0.721,0.499,-0.263,-2.758,0.483,0.483,-0.75,-3.75,-0.271,-1.75,-0.754,3.211,0.491,-1.754,-2.753,0.49,-2.0,-0.043,-2.0,-3.0,-0.78,-2.0,1.461,0.481,2.726,3.982,-0.782,1.5,-3.0,0.0,0.0,-1.0,1.238,2.482,-1.0,-1.0,0.0,0.24,1.245,1.239,0.0,0.0,0.0,0.0,0.0,-1.0,0.0,0.0,-1.0,0.0,0.0,1.249,-1.0,0.0,0.0,1.248,-2.0,0.488,1.248,0.233,-2.0,0.25,2.484,0.245,6.206,-0.514,0.745,-0.638,5.148,1.715,-0.521,-0.498,-2.757,3.089,-0.77,0.439,1.474,2.945,-2.761,-2.751,0.491,2.721,-0.503,-0.508,4.007,2.99,0.73,-2.753,-2.752,4.456,-3.754,1.43,-3.756,-2.805,2.86,2.495,-5.0,0.24,3.978,1.496,0.0,0.0,0.0,0.0,0.0,0.0,0.0,0.0,0.0,0.0
BtcGF,BTCUSDc,85,7.81,15.62,3,1.0186,6.4,413,52.0581,1,11,0,0.01,1.1,1.0,0.0,1.0,16385,1,14.62,0,0,2,0,0.4,3,5.373,10.247,2.982,2.979,-2.014,0.995,-0.014,2.976,1.977,-0.029,0.997,-0.013,-1.005,-1.005,-1.004,-1.004,-0.01,1.988,1.996,-0.007,-3.003,-2.018,-0.023,-0.001,0.983,-3.006,2.969,-0.013,0.999,-4.0,-1.016,0.0,0.995,1.965,1.99,-2.004,-3.002,0.989,-1.014,0.976,-2.0,-3.0,-1.025,-0.009,0.969,1.985,1.98,2.986,-1.027,1.0,-3.0,0.0,0.0,-1.0,0.99,1.986,0.995,-1.0,0.0,1.99,0.996,0.991,0.0,0.0,0.0,0.0,0.0,-1.0,0.0,0.0,-1.0,0.0,0.0,0.999,-1.0,0.0,0.0,0.998,-0.014,-0.01,0.998,-0.013,-2.0,0.0,1.988,-0.004,4.965,-1.011,-0.004,-2.01,2.969,0.972,-1.017,2.978,-1.009,1.994,-1.016,-2.046,0.976,1.951,-3.009,-2.002,-0.007,1.975,1.99,1.957,1.973,3.973,-0.017,-3.003,-3.001,1.975,-4.003,1.956,-5.005,-3.053,1.973,1.988,-2.003,-0.008,2.982,0.997,0.0,0.0,0.0,0.0,0.0,0.0,0.0,0.0,0.0,0.0
BtcGF,BTCUSDc,17,27.1087,40.663,4,1.5259,48.39,402,37.0647,1,11,0,0.01,1.1,1.5,0.0,0.5,16385,1,20.987,6,0,2,0,0.0,2,-2.84,43.503,4.472,2.97,-0.028,2.437,-1.0,1.39,2.976,-3.0,1.496,0.961,-0.508,-2.505,-1.506,-3.0,-1.522,4.196,0.995,0.989,-1.009,-1.028,2.989,-1.501,2.835,-1.018,-0.453,2.353,-0.5,-3.5,0.066,-1.5,-0.505,2.409,-5.0,-1.505,-4.0,8.91,-2.0,-1.024,-2.0,-3.0,-4.0,-3.0,-1.0,-4.0,5.348,5.018,-1.501,2.0,-3.0,0.0,-1.0,0.0,1.485,2.978,-1.0,-1.0,0.0,-1.0,1.494,-1.0,0.0,0.0,0.0,0.0,0.0,-1.0,0.0,0.0,-1.0,0.0,0.0,1.499,-1.0,0.0,0.0,1.498,-2.0,-0.008,1.498,1.943,-2.0,0.5,3.33,0.494,4.959,2.015,1.494,-0.631,9.598,2.457,-1.516,-1.924,-2.508,-0.503,-3.502,-4.0,1.971,8.469,-2.513,-4.501,19.168,3.465,-2.5,-2.507,2.723,4.186,1.916,-2.504,-2.502,0.988,-3.504,5.964,-2.0,-5.0,11.045,-1.503,-4.0,0.488,4.972,1.995,0.0,0.0,0.0,0.0,0.0,0.0,0.0,0.0,0.0,0.0
BtcGF,BTCUSDc,18,29.8253,44.738,4,1.8855,49.6,404,36.8812,1,13,0,0.01,1.1,1.5,0.0,0.5,16385,1,22.547,6,0,2,0,0.0,3,3.879,40.859,4.472,2.97,-0.028,4.986,-3.0,0.993,2.976,-3.0,1.496,0.961,-0.508,-2.505,-1.506,-3.0,-1.521,4.752,0.995,0.989,-1.009,-1.028,1.464,-1.501,-3.505,-2.51,-0.453,2.154,-0.5,-3.5,0.066,-1.5,-0.505,2.409,-5.0,-1.505,-4.0,23.177,-2.0,-0.023,-2.0,-3.0,0.208,-3.0,-1.0,-4.0,0.984,4.978,-1.501,2.0,-3.0,0.0,-1.0,0.0,1.485,2.978,-1.0,-1.0,0.0,-1.0,1.494,-1.0,0.0,0.0,0.0,0.0,0.0,-1.0,0.0,0.0,-1.0,0.0,0.0,1.499,-1.0,0.0,0.0,1.498,-2.0,5.95,1.498,11.203,-2.0,0.5,4.892,0.494,4.959,2.015,1.494,-0.631,9.598,2.457,-1.516,-1.924,-2.508,-0.503,-3.502,-4.0,1.971,8.469,-3.513,-4.501,0.989,3.465,7.46,-2.507,4.884,0.965,1.978,-2.504,-1.004,0.988,-3.504,5.964,-6.0,-4.0,3.834,-1.503,-4.0,0.488,4.972,1.995,0.0,0.0,0.0,0.0,0.0,0.0,0.0,0.0,0.0,0.0
BtcGF,BTCUSDc,42,7.0815,14.163,3,0.7435,43.05,428,48.8318,1,13,0,0.01,1.1,1.0,0.0,0.5,16385,1,8.066,1,0,2,0,0.2,3,8.001,6.162,2.982,2.979,-1.019,2.856,1.645,2.985,1.977,-0.029,0.997,-0.013,-1.005,-1.005,-2.004,-1.004,-0.01,1.988,2.015,-0.007,-2.006,-2.018,-0.023,-0.001,1.355,-3.006,2.969,-0.013,0.999,-4.0,-0.318,0.0,0.995,2.039,-1.003,-2.004,2.097,-1.009,-1.014,1.631,-2.0,-3.0,-0.629,-3.0,0.969,-0.003,-0.011,2.986,-2.001,1.0,-3.0,0.0,-1.0,0.0,0.99,1.986,0.995,-1.0,0.0,4.721,0.996,0.991,0.0,0.0,0.0,0.0,0.0,-1.0,0.0,0.0,-1.0,0.0,0.0,0.999,-1.0,0.0,0.0,0.998,-0.014,1.87,0.998,-0.013,-2.0,0.0,1.988,-0.004,5.15,-1.011,-0.004,-2.01,4.414,0.972,-1.017,0.033,-0.585,1.994,-2.017,-1.724,0.976,3.707,-4.009,-5.001,-0.007,1.975,1.99,2.268,1.973,4.389,-0.017,-3.003,-2.002,-0.008,-4.003,-1.012,-5.005,-0.433,2.189,1.223,-2.003,-0.008,2.982,0.997,0.0,0.0,0.0,0.0,0.0,0.0,0.0,0.0,0.0,0.0
BtcGF,BTCUSDc,52,7.4595,14.919,3,0.6083,21.32,399,45.1128,1,9,0,0.01,1.1,1.25,0.0,1.0,16385,1,11.738,0,0,2,0,0.2,3,-3.864,18.783,3.727,3.723,-1.767,1.243,-1.0,1.735,1.98,-3.0,1.247,0.483,-0.757,-0.507,-0.755,-0.755,-1.757,3.571,2.67,0.491,-2.753,-1.523,0.721,0.499,-0.263,-2.758,0.483,0.483,-0.75,-3.75,-0.271,-1.75,-0.754,3.211,0.491,-1.754,-2.753,0.49,-2.0,-0.043,-2.0,-3.0,-0.78,-2.0,1.461,0.481,2.726,3.982,-0.782,1.5,-3.0,0.0,0.0,-1.0,1.238,2.482,-1.0,-1.0,0.0,0.24,1.245,1.239,0.0,0.0,0.0,0.0,0.0,-1.0,0.0,0.0,-1.0,0.0,0.0,1.249,-1.0,0.0,0.0,1.248,-2.0,0.488,1.248,0.233,-2.0,0.25,2.484,0.245,6.206,-0.514,0.745,-0.638,5.148,1.715,-0.521,-0.498,-2.757,3.089,-0.77,0.439,1.474,2.945,-2.761,-2.751,0.491,2.721,-0.503,-0.508,4.007,2.99,0.73,-2.753,-2.752,4.456,-3.754,1.43,-3.756,-2.805,2.86,2.495,-5.0,0.24,3.978,1.496,0.0,0.0,0.0,0.0,0.0,0.0,0.0,0.0,0.0,0.0
BtcGF,BTCUSDc,45,7.81,15.62,3,1.0186,6.4,413,52.0581,1,11,0,0.01,1.1,1.0,0.0,1.0,16385,1,14.62,0,0,2,0,0.2,3,5.373,10.247,2.982,2.979,-2.014,0.995,-0.014,2.976,1.977,-0.029,0.997,-0.013,-1.005,-1.005,-1.004,-1.004,-0.01,1.988,1.996,-0.007,-3.003,-2.018,-0.023,-0.001,0.983,-3.006,2.969,-0.013,0.999,-4.0,-1.016,0.0,0.995,1.965,1.99,-2.004,-3.002,0.989,-1.014,0.976,-2.0,-3.0,-1.025,-0.009,0.969,1.985,1.98,2.986,-1.027,1.0,-3.0,0.0,0.0,-1.0,0.99,1.986,0.995,-1.0,0.0,1.99,0.996,0.991,0.0,0.0,0.0,0.0,0.0,-1.0,0.0,0.0,-1.0,0.0,0.0,0.999,-1.0,0.0,0.0,0.998,-0.014,-0.01,0.998,-0.013,-2.0,0.0,1.988,-0.004,4.965,-1.011,-0.004,-2.01,2.969,0.972,-1.017,2.978,-1.009,1.994,-1.016,-2.046,0.976,1.951,-3.009,-2.002,-0.007,1.975,1.99,1.957,1.973,3.973,-0.017,-3.003,-3.001,1.975,-4.003,1.956,-5.005,-3.053,1.973,1.988,-2.003,-0.008,2.982,0.997,0.0,0.0,0.0,0.0,0.0,0.0,0.0,0.0,0.0,0.0
BtcGF,BTCUSDc,120,5.6985,11.397,3,0.5943,21.07,422,49.2891,1,9,0,0.01,1.1,1.0,0.0,0.5,16385,1,8.996,0,0,2,0,0.6,3,-1.16,12.557,2.982,2.979,-1.019,1.104,-0.153,2.985,1.977,0.728,0.997,-0.013,-1.005,-1.005,-2.004,-1.004,-0.01,1.988,2.015,-0.007,-2.006,-2.018,-0.023,-0.001,0.983,-3.006,2.969,-0.013,0.999,-4.0,-0.318,0.0,0.995,2.039,2.813,-2.004,-2.02,0.72,-1.014,-0.224,-2.0,-3.0,-3.0,-3.0,1.156,-0.003,2.3,3.01,-3.0,1.0,-3.0,0.0,-1.0,0.0,0.99,1.986,0.995,-1.0,0.0,2.711,0.996,0.991,0.0,0.0,0.0,0.0,0.0,-1.0,0.0,0.0,-1.0,0.0,0.0,0.999,-1.0,0.0,0.0,0.998,-0.014,0.517,0.998,-0.013,-2.0,0.0,1.988,-0.004,5.15,-1.011,-0.004,-2.01,3.697,1.971,-1.017,0.033,-0.585,1.994,-1.016,0.166,-1.002,2.888,-2.012,-1.209,-0.007,1.975,1.99,2.699,-0.022,1.988,-0.017,-3.003,-3.001,-0.008,-4.003,-0.012,-5.005,-2.226,4.761,3.28,-2.003,-0.008,2.982,0.997,0.0,0.0,0.0,0.0,0.0,0.0,0.0,0.0,0.0,0.0
BtcGF,BTCUSDc,124,7.81,15.62,3,1.0186,6.4,413,52.0581,1,9,0,0.01,1.1,1.0,0.0,1.0,16385,1,14.62,0,0,2,0,0.6,3,5.373,10.247,2.982,2.979,-2.014,0.995,-0.014,2.976,1.977,-0.029,0.997,-0.013,-1.005,-1.005,-1.004,-1.004,-0.01,1.988,1.996,-0.007,-3.003,-2.018,-0.023,-0.001,0.983,-3.006,2.969,-0.013,0.999,-4.0,-1.016,0.0,0.995,1.965,1.99,-2.004,-3.002,0.989,-1.014,0.976,-2.0,-3.0,-1.025,-0.009,0.969,1.985,1.98,2.986,-1.027,1.0,-3.0,0.0,0.0,-1.0,0.99,1.986,0.995,-1.0,0.0,1.99,0.996,0.991,0.0,0.0,0.0,0.0,0.0,-1.0,0.0,0.0,-1.0,0.0,0.0,0.999,-1.0,0.0,0.0,0.998,-0.014,-0.01,0.998,-0.013,-2.0,0.0,1.988,-0.004,4.965,-1.011,-0.004,-2.01,2.969,0.972,-1.017,2.978,-1.009,1.994,-1.016,-2.046,0.976,1.951,-3.009,-2.002,-0.007,1.975,1.99,1.957,1.973,3.973,-0.017,-3.003,-3.001,1.975,-4.003,1.956,-5.005,-3.053,1.973,1.988,-2.003,-0.008,2.982,0.997,0.0,0.0,0.0,0.0,0.0,0.0,0.0,0.0,0.0,0.0
BtcGF,BTCUSDc,100,20.7707,31.156,4,1.3519,13.04,388,39.6907,1,9,0,0.01,1.1,1.5,0.0,1.0,16385,1,27.094,0,0,2,0,0.4,3,-3.429,34.585,4.472,2.97,-1.52,2.746,-1.0,0.993,2.976,-3.0,1.496,0.961,-0.508,-2.505,-0.506,-3.0,-0.07,4.752,0.995,0.989,-2.504,-1.028,2.989,-1.501,1.557,-2.51,-1.501,2.353,-0.5,-3.5,-1.016,-1.5,-0.505,1.958,-1.511,-1.505,-4.0,5.558,-2.0,1.154,-2.0,-3.0,-0.534,-2.0,-1.0,-4.0,3.471,4.978,-0.536,2.0,-3.0,0.0,0.0,-1.0,1.485,2.978,-1.0,-1.0,0.0,-1.0,1.494,-1.0,0.0,0.0,0.0,0.0,0.0,-1.0,0.0,0.0,-1.0,0.0,0.0,1.499,-1.0,0.0,0.0,1.498,-2.0,4.034,1.498,1.943,-2.0,0.5,3.33,0.494,4.959,1.791,1.494,0.752,6.652,2.457,-1.516,1.56,-2.508,-0.502,-3.0,0.934,1.971,3.924,-2.513,-2.501,0.989,3.465,2.138,-2.507,5.216,4.018,1.916,-2.504,-2.502,5.814,-3.504,-0.208,-6.0,1.062,4.493,-2.0,-5.0,0.488,4.972,1.995,0.0,0.0,0.0,0.0,0.0,0.0,0.0,0.0,0.0,0.0
BtcGF,BTCUSDc,19,16.7075,33.415,3,1.1969,66.41,402,36.8159,1,15,0,0.01,1.1,1.5,0.0,0.5,16385,1,11.224,5,0,2,0,0.0,2,10.59,22.825,4.472,2.97,-0.028,4.525,-3.0,0.993,2.976,-3.0,1.496,0.961,-0.508,-2.505,-0.506,-3.0,-1.522,3.482,0.995,0.989,-1.009,-1.028,1.464,-1.501,2.835,-2.51,-0.453,-1.507,-0.5,-3.5,0.066,-1.5,-0.505,2.409,-5.0,-1.505,-4.0,23.177,-2.0,-0.024,-2.0,-3.0,0.208,-3.0,-1.0,-3.999,3.721,4.978,-1.501,2.0,-3.0,0.0,-1.0,0.0,3.512,2.978,-1.0,-1.0,0.0,-1.0,1.494,-1.0,0.0,0.0,0.0,0.0,0.0,-1.0,0.0,0.0,-1.0,0.0,0.0,1.499,-1.0,0.0,0.0,1.498,-2.0,5.97,1.498,10.221,-2.0,0.5,4.892,0.494,4.959,2.015,1.494,-0.668,9.598,6.317,-1.516,-1.924,-2.508,-0.503,-3.502,-4.0,0.971,2.46,-3.513,-4.501,0.989,3.465,1.772,-2.507,5.216,1.637,1.978,-2.504,-2.502,0.988,-3.504,-2.527,-6.0,-4.0,4.621,-1.503,-4.0,0.488,4.972,1.995,0.0,0.0,0.0,0.0,0.0,0.0,0.0,0.0,0.0,0.0
BtcGF,BTCUSDc,104,14.0047,21.007,4,1.0241,37.85,389,32.1337,1,9,0,0.01,1.1,1.75,0.0,0.5,16385,1,13.056,6,0,2,0,0.4,4,11.957,9.05,5.219,3.465,0.467,2.534,-2.0,1.492,-0.514,-3.0,1.745,3.555,-3.0,-2.256,-1.257,-3.0,-4.0,5.933,1.494,-1.257,-0.511,-3.264,6.747,1.042,4.187,-0.52,-0.168,4.064,-0.25,-3.251,0.755,-1.25,-3.0,1.851,1.496,-1.256,-4.0,7.539,-2.0,0.604,-2.0,-3.0,-3.0,-3.0,-1.0,-4.0,6.045,6.023,-1.251,2.498,-3.0,0.0,-1.0,0.0,1.733,3.474,-1.0,-1.0,0.0,-1.0,1.744,-1.0,0.0,0.0,0.0,0.0,0.0,-1.0,0.0,0.0,-1.0,0.0,0.0,1.749,-1.0,0.0,0.0,-1.0,-2.0,0.491,1.747,-2.0,-2.0,0.736,4.081,0.743,1.468,-0.813,2.244,1.223,2.224,0.475,-1.269,-1.364,-2.259,-0.252,-3.0,-5.0,-0.253,7.379,-2.266,1.149,1.487,4.208,3.571,-5.0,-0.783,5.36,2.163,-0.512,-1.252,1.486,-3.255,1.954,-6.0,-4.0,7.447,-2.0,-3.0,0.737,5.968,2.494,0.0,0.0,0.0,0.0,0.0,0.0,0.0,0.0,0.0,0.0
BtcGF,BTCUSDc,131,13.496,26.992,3,1.3169,11.33,401,44.6384,1,15,0,0.01,1.1,1.25,0.0,0.5,16385,1,23.934,0,0,2,0,0.6,3,-1.939,28.931,3.727,3.723,-0.523,2.357,-2.0,1.735,1.98,-3.0,1.247,0.483,-0.757,-0.507,-0.755,-0.755,0.243,0.486,2.698,0.491,-1.507,-1.523,0.721,0.499,0.658,-2.758,0.483,0.483,-0.75,-3.75,0.619,-1.75,-0.754,3.473,1.601,-1.754,-1.246,-0.511,-2.0,-0.52,-2.0,-3.0,-0.211,-3.0,1.461,-1.754,2.821,3.982,-3.0,1.5,-3.0,0.0,-1.0,0.0,2.193,2.482,-1.0,-1.0,0.0,3.243,1.245,1.239,0.0,0.0,0.0,0.0,0.0,-1.0,0.0,0.0,-1.0,0.0,0.0,1.249,-1.0,0.0,0.0,1.248,-2.0,2.033,1.248,0.233,-2.0,0.25,2.484,0.245,6.206,-0.421,0.745,-1.261,6.253,2.809,-0.521,-3.733,-2.757,2.743,-0.77,0.058,1.474,4.134,2.102,-1.614,0.491,2.721,2.252,-0.508,3.841,0.593,0.73,-2.753,-2.752,0.49,-3.754,-0.525,-3.756,-0.12,3.384,2.859,-1.14,0.24,3.978,1.496,0.0,0.0,0.0,0.0,0.0,0.0,0.0,0.0,0.0,0.0
BtcGF,BTCUSDc,148,5.84,11.68,3,0.4367,37.0,370,34.0541,1,9,0,0.01,1.1,1.75,0.0,1.0,16385,1,7.358,0,0,2,0,0.6,2,-0.276,11.956,5.219,3.465,-1.274,3.383,-1.0,1.492,-0.514,-3.0,1.745,2.708,-3.0,-2.256,-0.257,-3.0,2.286,3.183,1.494,-1.257,-2.255,-3.264,4.745,0.111,3.0,-2.261,-1.251,4.064,-0.25,-3.251,-0.519,-1.25,-3.0,1.211,-1.263,-1.256,-4.0,3.25,-2.0,-0.378,-2.0,-3.0,-0.289,-2.0,-1.0,-4.0,5.024,5.974,-0.29,2.498,-3.0,0.0,0.0,-1.0,1.733,3.474,-1.0,-1.0,0.0,-1.0,1.744,-0.999,0.0,0.0,0.0,0.0,0.0,-1.0,0.0,0.0,-1.0,0.0,0.0,1.749,-1.0,0.0,0.0,-1.0,-2.0,-2.0,1.747,-2.0,-2.0,0.736,4.081,0.743,1.468,-1.361,2.244,1.954,5.419,-1.273,-1.269,2.368,-2.259,-0.253,-3.0,-1.283,2.469,2.192,-2.266,-2.251,1.487,4.208,2.251,-5.0,-1.258,6.814,2.163,-0.512,-1.252,2.486,-3.255,0.603,-6.0,-3.0,8.322,-2.0,-3.0,0.737,5.968,2.494,0.0,0.0,0.0,0.0,0.0,0.0,0.0,0.0,0.0,0.0
BtcGF,BTCUSDc,22,25.6687,38.503,4,1.2276,31.69,387,39.0181,1,13,0,0.01,1.1,1.5,0.0,1.0,16385,1,26.3,4,0,2,0,0.0,3,-10.894,49.397,4.472,2.97,-1.52,2.746,-1.0,0.993,2.976,-3.0,1.496,0.961,-0.508,-2.505,-0.506,-3.0,-1.521,4.752,0.995,0.989,-2.504,-1.028,1.464,-1.501,-3.505,-2.51,-1.501,2.154,-0.5,-3.5,-1.016,-1.5,-0.505,1.958,-1.511,-1.505,-4.0,7.508,-2.0,-1.024,-2.0,-3.0,-0.534,-2.0,-1.0,-4.0,3.471,4.978,-0.536,2.0,-3.0,0.0,0.0,-1.0,1.485,2.978,-1.0,-1.0,0.0,-1.0,1.494,-1.0,0.0,0.0,0.0,0.0,0.0,-1.0,0.0,0.0,-1.0,0.0,0.0,1.499,-1.0,0.0,0.0,1.498,-2.0,-0.506,1.498,11.203,-2.0,0.5,4.892,0.494,4.959,1.791,1.494,-0.237,6.652,2.457,-1.516,1.56,-2.508,-0.503,-3.0,0.934,1.971,3.924,-2.513,-2.501,0.989,3.465,7.46,-2.507,4.884,-0.021,1.978,-2.504,-2.502,6.262,-3.504,5.964,-6.0,-0.045,4.493,-2.0,-1.006,0.488,4.972,1.995,0.0,0.0,0.0,0.0,0.0,0.0,0.0,0.0,0.0,0.0
BtcGF,BTCUSDc,21,33.5047,50.257,4,2.1066,39.15,384,39.5833,1,11,0,0.01,1.1,1.5,0.0,1.0,16385,1,30.581,4,0,2,0,0.0,4,-2.387,52.644,4.472,2.97,-1.52,2.746,-1.0,0.993,2.976,-3.0,1.496,0.961,-0.508,-2.505,-0.506,-3.0,-1.522,4.196,0.995,0.989,-2.504,-1.028,2.989,-1.501,2.835,-2.51,-1.501,2.353,-0.5,-3.5,-1.016,-1.5,-0.505,1.958,-1.511,-1.505,-4.0,7.508,-2.0,-1.024,-2.0,-3.0,-0.534,-2.0,-1.0,-4.0,3.471,4.978,-0.536,2.0,-3.0,0.0,0.0,-1.0,1.485,2.978,-1.0,-1.0,0.0,-1.0,1.494,-1.0,0.0,0.0,0.0,0.0,0.0,-1.0,0.0,0.0,-1.0,0.0,0.0,1.499,-1.0,0.0,0.0,1.498,-2.0,-0.506,1.498,1.943,-2.0,0.5,3.33,0.494,4.959,1.791,1.494,-0.237,6.652,2.457,-1.516,1.56,-2.508,-0.503,-3.0,0.934,1.971,3.924,-2.513,-2.501,19.168,3.465,-2.5,-2.507,5.216,2.528,1.916,-2.504,-2.502,6.262,-3.504,5.964,-2.0,-0.014,4.493,-2.0,-1.006,0.488,4.972,1.995,0.0,0.0,0.0,0.0,0.0,0.0,0.0,0.0,0.0,0.0
BtcGF,BTCUSDc,133,9.1505,18.301,3,0.7039,11.88,396,45.7071,1,11,0,0.01,1.1,1.25,0.0,1.0,16385,1,16.127,0,0,2,0,0.6,3,-7.045,25.346,3.727,3.723,-1.767,1.243,-1.0,1.735,1.98,-3.0,1.247,0.483,-0.757,-0.507,-0.755,-0.755,0.243,0.867,2.67,0.491,-2.753,-1.523,0.721,0.499,-0.263,-2.758,0.483,0.483,-0.75,-3.75,-0.271,-1.75,-0.754,3.211,0.491,-1.754,-2.753,0.49,-2.0,-1.52,-2.0,-3.0,-0.78,-2.0,1.461,0.481,2.726,3.982,-0.782,1.5,-3.0,0.0,0.0,-1.0,1.238,2.482,-1.0,-1.0,0.0,3.243,1.245,1.239,0.0,0.0,0.0,0.0,0.0,-1.0,0.0,0.0,-1.0,0.0,0.0,1.249,-1.0,0.0,0.0,1.248,-2.0,0.488,1.248,0.233,-2.0,0.25,2.484,0.245,6.206,-0.514,0.745,-0.925,5.148,1.715,-0.521,-0.498,-2.757,3.089,-0.77,0.439,1.474,2.945,-2.761,-2.751,1.22,2.721,2.581,-0.508,3.841,1.749,0.73,-2.753,-2.752,3.556,-3.754,0.345,-3.756,-2.805,2.462,2.495,-2.176,0.24,3.978,1.496,0.0,0.0,0.0,0.0,0.0,0.0,0.0,0.0,0.0,0.0
BtcGF,BTCUSDc,16,8.6975,17.395,3,0.6273,48.58,408,36.5196,1,9,0,0.01,1.1,1.5,0.0,0.5,16385,1,8.945,5,0,2,0,0.0,3,9.022,8.373,4.472,2.97,-0.028,2.045,-2.0,0.993,2.976,-3.0,1.496,0.961,-0.508,-2.505,-1.506,-3.0,-0.07,4.752,0.995,0.989,-1.009,-1.028,2.989,-1.501,2.835,-1.018,-0.453,2.353,-0.5,-3.5,0.066,-1.5,-0.505,2.409,0.836,-1.505,-4.0,13.136,-2.0,1.154,-2.0,-3.0,-3.0,-3.0,-1.0,-4.0,4.257,5.018,-1.501,2.0,-3.0,0.0,-1.0,0.0,1.485,2.978,-1.0,-1.0,0.0,-1.0,1.494,-1.0,0.0,0.0,0.0,0.0,0.0,-1.0,0.0,0.0,-1.0,0.0,0.0,1.499,-1.0,0.0,0.0,1.498,-2.0,-0.008,1.498,1.943,-2.0,0.5,3.33,0.494,4.959,1.791,1.494,0.153,9.598,3.956,-1.516,-1.924,-2.508,-0.502,-3.502,-5.0,-0.503,8.469,-2.513,-4.501,0.989,3.465,-2.5,-2.507,1.229,1.536,1.916,-2.504,-2.502,0.988,-3.504,0.664,-6.0,-4.0,7.446,-1.503,-4.0,0.488,4.972,1.995,0.0,0.0,0.0,0.0,0.0,0.0,0.0,0.0,0.0,0.0
BtcGF,BTCUSDc,13,20.864,31.296,4,1.2036,37.11,398,45.4774,1,11,0,0.01,1.1,1.25,0.0,1.0,16385,1,19.681,2,0,2,0,0.0,3,-5.795,37.091,3.727,3.723,-1.767,1.243,-1.0,1.735,1.98,-3.0,1.247,0.483,-0.757,-0.507,-0.755,-0.755,-1.757,3.117,2.67,0.491,-2.753,-1.523,0.721,0.499,-0.263,-2.758,0.483,0.483,-0.75,-3.75,-0.271,-1.75,-0.754,3.211,0.491,-1.754,-2.753,0.49,-2.0,-1.52,-2.0,-3.0,-0.78,-2.0,1.461,0.481,2.726,3.982,-0.782,1.5,-3.0,0.0,0.0,-1.0,1.238,2.482,-1.0,-1.0,0.0,3.243,1.245,1.239,0.0,0.0,0.0,0.0,0.0,-1.0,0.0,0.0,-1.0,0.0,0.0,1.249,-1.0,0.0,0.0,1.248,-2.0,0.488,1.248,0.233,-2.0,0.25,2.484,0.245,6.206,-0.514,0.745,-0.925,5.148,1.715,-0.521,-0.498,-2.757,3.089,-0.77,0.439,1.474,2.945,-2.761,-2.751,10.859,2.721,-0.503,-0.508,4.007,1.749,0.73,-2.753,-2.752,4.456,-3.754,4.901,-3.756,-2.805,2.86,2.495,-2.006,0.24,3.978,1.496,0.0,0.0,0.0,0.0,0.0,0.0,0.0,0.0,0.0,0.0
BtcGF,BTCUSDc,144,2.3395,4.679,3,0.1833,128.42,380,32.1053,1,9,0,0.01,1.1,1.75,0.0,0.5,16385,1,-1.33,1,0,2,0,0.6,2,2.028,2.651,5.219,3.465,0.467,2.534,-2.0,1.492,-0.514,-3.0,1.745,2.708,-3.0,-2.256,-1.257,-3.0,2.286,3.183,1.494,-1.257,-0.511,-3.264,4.745,0.111,3.0,-2.261,-0.168,4.064,-0.25,-3.251,0.755,-1.25,-3.0,1.851,0.4,-1.256,-4.0,4.609,-2.0,-0.378,-2.0,-3.0,-3.0,-3.0,-1.0,-4.0,6.045,6.023,-3.0,2.498,-3.0,0.0,-1.0,0.0,1.733,3.474,-1.0,-1.0,0.0,-1.0,1.744,-0.999,0.0,0.0,0.0,0.0,0.0,-1.0,0.0,0.0,-1.0,0.0,0.0,1.749,-1.0,0.0,0.0,-1.0,-2.0,-2.0,1.747,-2.0,-2.0,0.736,4.081,0.743,1.468,-1.361,2.244,1.223,2.224,0.475,-1.269,-1.364,-2.259,-0.253,-3.0,-4.0,-0.253,5.365,-2.266,-0.426,1.487,4.208,2.251,-5.0,-1.017,4.084,2.163,-0.512,-1.252,1.486,-3.255,0.603,-6.0,-3.0,9.857,-2.0,-3.0,0.737,5.968,2.494,0.0,0.0,0.0,0.0,0.0,0.0,0.0,0.0,0.0,0.0
BtcGF,BTCUSDc,114,22.3425,26.811,5,0.9657,33.82,372,30.6452,1,13,0,0.01,1.1,2.0,0.0,0.5,16385,1,17.743,8,0,2,0,0.4,4,-5.802,32.613,5.964,3.952,0.963,-0.999,-2.0,2.138,-0.015,-3.0,1.994,1.954,-3.0,-2.007,-1.008,-3.0,-4.0,4.983,1.993,-1.008,-0.013,-3.016,-1.022,-1.002,7.75,-2.013,0.105,3.857,-0.001,-3.001,2.444,-1.0,-3.0,0.8,-5.0,-1.007,-4.0,9.062,-2.0,-1.027,-2.0,-3.0,1.034,-3.0,-1.0,-4.0,-3.0,3.977,-1.002,2.998,-3.0,0.0,-1.0,0.0,2.4,3.971,-1.0,-1.0,0.0,-1.0,1.993,-1.0,0.0,0.0,0.0,0.0,0.0,-1.0,0.0,0.0,-1.0,0.0,0.0,1.999,-1.0,0.0,0.0,-1.0,-2.0,-2.0,1.997,-2.0,-2.0,1.218,8.159,0.992,-1.013,0.068,2.991,1.981,2.971,0.605,-1.022,-3.804,-2.011,-0.003,-3.0,-4.0,2.966,13.343,-0.018,5.968,1.986,4.953,5.103,-5.0,1.054,2.531,3.179,-2.005,-2.003,1.984,-3.006,3.079,-6.0,-3.0,7.426,-2.0,-3.0,-1.015,8.973,2.994,0.0,0.0,0.0,0.0,0.0,0.0,0.0,0.0,0.0,0.0
BtcGF,BTCUSDc,87,7.81,15.62,3,1.0186,6.4,413,52.0581,1,15,0,0.01,1.1,1.0,0.0,1.0,16385,1,14.62,0,0,2,0,0.4,3,5.373,10.247,2.982,2.979,-2.014,0.995,-0.014,2.976,1.977,-0.029,0.997,-0.013,-1.005,-1.005,-1.004,-1.004,-0.01,1.988,1.996,-0.007,-3.003,-2.018,-0.023,-0.001,0.983,-3.006,2.969,-0.013,0.999,-4.0,-1.016,0.0,0.995,1.965,1.99,-2.004,-3.002,0.989,-1.014,0.976,-2.0,-3.0,-1.025,-0.009,0.969,1.985,1.98,2.986,-1.027,1.0,-3.0,0.0,0.0,-1.0,0.99,1.986,0.995,-1.0,0.0,1.99,0.996,0.991,0.0,0.0,0.0,0.0,0.0,-1.0,0.0,0.0,-1.0,0.0,0.0,0.999,-1.0,0.0,0.0,0.998,-0.014,-0.01,0.998,-0.013,-2.0,0.0,1.988,-0.004,4.965,-1.011,-0.004,-2.01,2.969,0.972,-1.017,2.978,-1.009,1.994,-1.016,-2.046,0.976,1.951,-3.009,-2.002,-0.007,1.975,1.99,1.957,1.973,3.973,-0.017,-3.003,-3.001,1.975,-4.003,1.956,-5.005,-3.053,1.973,1.988,-2.003,-0.008,2.982,0.997,0.0,0.0,0.0,0.0,0.0,0.0,0.0,0.0,0.0,0.0
BtcGF,BTCUSDc,111,1.9027,2.854,4,0.0774,179.61,370,34.0541,1,15,0,0.01,1.1,1.75,0.0,1.0,16385,1,-2.272,1,0,2,0,0.4,4,-11.299,14.153,5.219,3.465,-1.274,3.721,-1.0,1.492,-0.514,-3.0,1.745,1.457,-3.0,-2.256,-0.257,-3.0,-4.0,4.229,1.494,-1.257,-2.255,-3.264,4.441,-1.252,3.87,-2.261,-1.251,-1.258,-0.25,-3.251,-0.519,-1.25,-3.0,1.211,-1.263,-1.256,-4.0,4.528,-2.0,-1.275,-2.0,-3.0,-0.289,-2.0,-1.0,-3.999,4.891,5.974,-0.29,2.498,-3.0,0.0,0.0,-1.0,1.733,3.474,-1.0,-1.0,0.0,-1.0,1.744,-1.0,0.0,0.0,0.0,0.0,0.0,-1.0,0.0,0.0,-1.0,0.0,0.0,1.749,-1.0,0.0,0.0,-1.0,-2.0,-0.257,1.747,-2.0,-2.0,0.736,5.92,0.743,1.468,-0.813,2.244,0.35,5.419,-1.273,-1.269,2.368,-2.259,-0.253,-3.0,-0.283,2.469,5.917,-2.266,-2.251,1.487,4.208,3.208,-5.0,0.485,0.477,2.258,-0.512,-1.252,2.486,-3.255,-1.28,-6.0,-3.0,9.694,-2.0,-3.0,0.737,5.968,2.494,0.0,0.0,0.0,0.0,0.0,0.0,0.0,0.0,0.0,0.0
BtcGF,BTCUSDc,47,7.81,15.62,3,1.0186,6.4,413,52.0581,1,15,0,0.01,1.1,1.0,0.0,1.0,16385,1,14.62,0,0,2,0,0.2,3,5.373,10.247,2.982,2.979,-2.014,0.995,-0.014,2.976,1.977,-0.029,0.997,-0.013,-1.005,-1.005,-1.004,-1.004,-0.01,1.988,1.996,-0.007,-3.003,-2.018,-0.023,-0.001,0.983,-3.006,2.969,-0.013,0.999,-4.0,-1.016,0.0,0.995,1.965,1.99,-2.004,-3.002,0.989,-1.014,0.976,-2.0,-3.0,-1.025,-0.009,0.969,1.985,1.98,2.986,-1.027,1.0,-3.0,0.0,0.0,-1.0,0.99,1.986,0.995,-1.0,0.0,1.99,0.996,0.991,0.0,0.0,0.0,0.0,0.0,-1.0,0.0,0.0,-1.0,0.0,0.0,0.999,-1.0,0.0,0.0,0.998,-0.014,-0.01,0.998,-0.013,-2.0,0.0,1.988,-0.004,4.965,-1.011,-0.004,-2.01,2.969,0.972,-1.017,2.978,-1.009,1.994,-1.016,-2.046,0.976,1.951,-3.009,-2.002,-0.007,1.975,1.99,1.957,1.973,3.973,-0.017,-3.003,-3.001,1.975,-4.003,1.956,-5.005,-3.053,1.973,1.988,-2.003,-0.008,2.982,0.997,0.0,0.0,0.0,0.0,0.0,0.0,0.0,0.0,0.0,0.0
BtcGF,BTCUSDc,14,17.144,25.716,4,0.989,25.87,398,45.4774,1,13,0,0.01,1.1,1.25,0.0,1.0,16385,1,19.064,2,0,2,0,0.0,3,-5.34,31.056,3.727,3.723,-1.767,1.243,-1.0,1.735,1.98,-3.0,1.247,0.483,-0.757,-0.507,-0.755,-0.755,-1.756,3.571,2.67,0.491,-2.753,-1.523,0.721,0.499,-0.263,-2.758,0.483,0.483,-0.75,-3.75,-0.271,-1.75,-0.754,3.211,0.491,-1.754,-2.753,0.49,-2.0,-1.52,-2.0,-3.0,-0.78,-2.0,1.461,0.481,2.726,3.982,-0.782,1.5,-3.0,0.0,0.0,-1.0,1.238,2.482,-1.0,-1.0,0.0,3.243,1.245,1.239,0.0,0.0,0.0,0.0,0.0,-1.0,0.0,0.0,-1.0,0.0,0.0,1.249,-1.0,0.0,0.0,1.248,-2.0,0.488,1.248,0.233,-2.0,0.25,2.484,0.245,6.206,-0.514,0.745,-0.925,5.148,1.715,-0.521,-0.498,-2.757,2.854,-0.77,0.439,1.474,2.945,-2.761,-2.751,0.491,2.721,6.623,-0.508,3.717,-0.519,0.73,-2.753,-2.752,4.456,-3.754,4.901,-3.756,-2.805,2.86,2.495,-2.006,0.24,3.978,1.496,0.0,0.0,0.0,0.0,0.0,0.0,0.0,0.0,0.0,0.0
BtcGF,BTCUSDc,66,7.4153,11.123,4,0.3632,118.99,392,31.8878,1,13,0,0.01,1.1,1.75,0.0,0.5,16385,1,-2.112,6,0,2,0,0.2,2,-7.015,18.138,5.219,3.465,0.467,6.546,-3.0,1.492,-0.514,-3.0,1.745,1.457,-3.0,-2.256,-1.257,-3.0,-4.0,5.933,1.494,-1.257,-0.511,-3.264,6.318,-1.252,-3.256,-2.261,-0.168,3.006,-0.25,-3.251,0.755,-1.25,-3.0,1.851,-5.0,-1.256,-4.0,11.979,-2.0,-1.274,-2.0,-3.0,0.626,-3.0,-1.0,-4.0,1.481,5.974,-1.251,2.498,-3.0,0.0,-1.0,0.0,1.733,3.474,-1.0,-1.0,0.0,-1.0,1.744,-1.0,0.0,0.0,0.0,0.0,0.0,-1.0,0.0,0.0,-1.0,0.0,0.0,1.749,-1.0,0.0,0.0,-1.0,-2.0,-2.0,1.747,-2.0,-2.0,0.736,5.92,0.743,1.468,-0.813,2.244,-0.035,5.419,-1.273,-1.269,-1.364,-2.259,-0.253,-3.252,-4.0,2.469,11.855,-3.266,-4.251,1.487,4.208,8.04,-5.0,0.485,1.749,2.258,-0.512,0.496,1.486,-3.255,6.163,-6.0,-4.0,5.528,-3.0,-2.253,0.737,5.968,2.494,0.0,0.0,0.0,0.0,0.0,0.0,0.0,0.0,0.0,0.0
BtcGF,BTCUSDc,15,7.386,14.772,3,0.5909,16.0,397,45.5919,1,15,0,0.01,1.1,1.25,0.0,1.0,16385,1,12.408,0,0,2,0,0.0,3,-5.177,19.949,3.727,3.723,-1.767,1.243,-1.0,1.735,1.98,-3.0,1.247,0.483,-0.757,-0.507,-0.755,-0.755,-1.757,2.735,2.67,0.491,-2.753,-1.523,0.721,0.499,-0.263,-2.758,0.483,0.483,-0.75,-3.75,-0.271,-1.75,-0.754,3.211,0.491,-1.754,-2.753,0.49,-2.0,-0.52,-2.0,-3.0,-0.78,-2.0,1.461,0.481,2.726,3.982,-0.782,1.5,-3.0,0.0,0.0,-1.0,1.238,2.482,-1.0,-1.0,0.0,3.243,1.245,1.239,0.0,0.0,0.0,0.0,0.0,-1.0,0.0,0.0,-1.0,0.0,0.0,1.249,-1.0,0.0,0.0,1.248,-2.0,0.488,1.248,0.233,-2.0,0.25,2.484,0.245,6.206,-0.514,0.745,-1.002,5.148,1.715,-0.521,-0.498,-2.757,2.743,-0.77,0.439,1.474,2.945,-2.761,-2.751,0.491,2.721,2.583,-0.508,4.007,-0.519,0.73,-2.753,-2.752,2.713,-3.754,-0.525,-3.756,-2.805,2.86,2.495,-2.006,0.24,3.978,1.496,0.0,0.0,0.0,0.0,0.0,0.0,0.0,0.0,0.0,0.0
BtcGF,BTCUSDc,43,7.7275,15.455,3,0.8566,39.45,426,49.061,1,15,0,0.01,1.1,1.0,0.0,0.5,16385,1,9.358,1,0,2,0,0.2,3,9.572,5.883,2.982,2.979,-1.019,2.772,1.645,2.985,1.977,-0.029,0.997,-0.013,-1.005,-1.005,-1.004,-1.004,-0.01,1.988,2.015,-0.007,-2.006,-2.018,-0.023,-0.001,1.45,-3.006,2.969,-0.013,0.999,-4.0,-0.318,0.0,0.995,2.039,-1.003,-2.004,2.097,-1.009,-1.014,1.631,-2.0,-3.0,-0.629,-3.0,0.969,-0.003,1.98,2.986,-2.001,1.0,-3.0,0.0,-1.0,0.0,2.29,1.986,0.995,-1.0,0.0,1.99,0.996,0.991,0.0,0.0,0.0,0.0,0.0,-1.0,0.0,0.0,-1.0,0.0,0.0,0.999,-1.0,0.0,0.0,0.998,-0.014,1.87,0.998,-0.013,-2.0,0.0,1.988,-0.004,4.965,-1.011,-0.004,-2.01,4.414,2.919,-1.017,0.033,-0.585,1.994,-2.017,-1.724,-0.024,0.982,-4.009,-5.001,-0.007,1.975,1.99,-0.007,1.973,4.853,-0.017,-3.003,-3.001,-0.008,-4.003,1.995,-5.005,0.554,2.689,1.223,-2.003,-0.008,2.982,0.997,0.0,0.0,0.0,0.0,0.0,0.0,0.0,0.0,0.0,0.0
BtcGF,BTCUSDc,125,7.81,15.62,3,1.0186,6.4,413,52.0581,1,11,0,0.01,1.1,1.0,0.0,1.0,16385,1,14.62,0,0,2,0,0.6,3,5.373,10.247,2.982,2.979,-2.014,0.995,-0.014,2.976,1.977,-0.029,0.997,-0.013,-1.005,-1.005,-1.004,-1.004,-0.01,1.988,1.996,-0.007,-3.003,-2.018,-0.023,-0.001,0.983,-3.006,2.969,-0.013,0.999,-4.0,-1.016,0.0,0.995,1.965,1.99,-2.004,-3.002,0.989,-1.014,0.976,-2.0,-3.0,-1.025,-0.009,0.969,1.985,1.98,2.986,-1.027,1.0,-3.0,0.0,0.0,-1.0,0.99,1.986,0.995,-1.0,0.0,1.99,0.996,0.991,0.0,0.0,0.0,0.0,0.0,-1.0,0.0,0.0,-1.0,0.0,0.0,0.999,-1.0,0.0,0.0,0.998,-0.014,-0.01,0.998,-0.013,-2.0,0.0,1.988,-0.004,4.965,-1.011,-0.004,-2.01,2.969,0.972,-1.017,2.978,-1.009,1.994,-1.016,-2.046,0.976,1.951,-3.009,-2.002,-0.007,1.975,1.99,1.957,1.973,3.973,-0.017,-3.003,-3.001,1.975,-4.003,1.956,-5.005,-3.053,1.973,1.988,-2.003,-0.008,2.982,0.997,0.0,0.0,0.0,0.0,0.0,0.0,0.0,0.0,0.0,0.0
BtcGF,BTCUSDc,137,18.1533,27.23,4,0.985,17.91,387,38.5013,1,11,0,0.01,1.1,1.5,0.0,0.5,16385,1,22.353,0,0,2,0,0.6,3,-4.582,31.812,4.472,2.97,-0.028,2.437,-1.0,1.39,2.976,-3.0,1.496,0.961,-0.508,-2.505,-1.506,-3.0,0.478,1.696,0.995,0.989,-1.009,-1.028,2.482,-1.501,0.433,-2.51,-0.453,2.353,-0.5,-3.5,0.066,-1.5,-0.505,2.409,-0.119,-1.505,-4.0,6.126,-2.0,-1.024,-2.0,-3.0,-3.0,-3.0,-1.0,-4.0,4.909,5.018,-3.0,2.0,-3.0,0.0,-1.0,0.0,1.485,2.978,-1.0,-1.0,0.0,-1.0,1.494,-1.0,0.0,0.0,0.0,0.0,0.0,-1.0,0.0,0.0,-1.0,0.0,0.0,1.499,-1.0,0.0,0.0,1.498,-2.0,3.674,1.498,1.584,-2.0,0.5,3.33,0.494,4.959,1.609,1.494,-0.631,8.135,2.457,-1.516,-1.924,-2.508,-0.503,-3.0,0.625,1.971,6.353,-2.513,-1.02,2.268,3.465,1.333,-2.507,2.523,3.981,1.916,-2.504,-2.502,0.988,-3.504,-1.166,-2.0,-1.174,7.015,-2.0,-0.334,0.488,4.972,1.995,0.0,0.0,0.0,0.0,0.0,0.0,0.0,0.0,0.0,0.0
BtcGF,BTCUSDc,88,18.0567,27.085,4,1.5375,17.22,412,43.4466,1,9,0,0.01,1.1,1.25,0.0,0.5,16385,1,22.422,0,0,2,0,0.4,3,4.132,22.953,3.727,3.723,-0.523,1.467,-2.0,1.735,1.98,1.102,1.247,0.483,-0.757,-0.507,-1.755,-0.755,-1.757,3.571,2.698,0.491,-1.507,-1.523,0.721,0.499,-0.263,-1.515,0.483,0.483,-0.75,-3.75,0.619,-1.75,-0.754,3.473,2.425,-1.754,-0.207,2.496,-2.0,-0.042,-2.0,-3.0,-3.0,-3.0,1.815,-1.754,3.277,4.014,-1.751,1.5,-3.0,0.0,-1.0,0.0,1.238,2.482,-1.0,-1.0,0.0,0.24,1.245,1.239,0.0,0.0,0.0,0.0,0.0,-1.0,0.0,0.0,-1.0,0.0,0.0,1.249,-1.0,0.0,0.0,1.248,-2.0,-0.506,1.248,0.233,-2.0,0.25,2.484,0.245,6.453,-0.514,0.745,-1.098,7.177,2.964,-0.521,-3.733,-2.757,3.089,-0.77,0.623,-0.752,5.642,-2.761,-0.633,0.491,2.721,2.952,-0.508,0.518,0.757,0.73,-2.753,-2.752,0.49,-3.754,0.896,-3.756,-0.669,4.159,2.859,0.286,0.24,3.978,1.496,0.0,0.0,0.0,0.0,0.0,0.0,0.0,0.0,0.0,0.0
BtcGF,BTCUSDc,95,7.386,14.772,3,0.5909,16.0,397,45.5919,1,15,0,0.01,1.1,1.25,0.0,1.0,16385,1,12.408,0,0,2,0,0.4,3,-5.177,19.949,3.727,3.723,-1.767,1.243,-1.0,1.735,1.98,-3.0,1.247,0.483,-0.757,-0.507,-0.755,-0.755,-1.757,2.735,2.67,0.491,-2.753,-1.523,0.721,0.499,-0.263,-2.758,0.483,0.483,-0.75,-3.75,-0.271,-1.75,-0.754,3.211,0.491,-1.754,-2.753,0.49,-2.0,-0.52,-2.0,-3.0,-0.78,-2.0,1.461,0.481,2.726,3.982,-0.782,1.5,-3.0,0.0,0.0,-1.0,1.238,2.482,-1.0,-1.0,0.0,3.243,1.245,1.239,0.0,0.0,0.0,0.0,0.0,-1.0,0.0,0.0,-1.0,0.0,0.0,1.249,-1.0,0.0,0.0,1.248,-2.0,0.488,1.248,0.233,-2.0,0.25,2.484,0.245,6.206,-0.514,0.745,-1.002,5.148,1.715,-0.521,-0.498,-2.757,2.743,-0.77,0.439,1.474,2.945,-2.761,-2.751,0.491,2.721,2.583,-0.508,4.007,-0.519,0.73,-2.753,-2.752,2.713,-3.754,-0.525,-3.756,-2.805,2.86,2.495,-2.006,0.24,3.978,1.496,0.0,0.0,0.0,0.0,0.0,0.0,0.0,0.0,0.0,0.0
BtcGF,BTCUSDc,53,14.564,21.846,4,0.8402,21.61,398,45.4774,1,11,0,0.01,1.1,1.25,0.0,1.0,16385,1,17.126,0,0,2,0,0.2,3,-5.795,27.641,3.727,3.723,-1.767,1.243,-1.0,1.735,1.98,-3.0,1.247,0.483,-0.757,-0.507,-0.755,-0.755,-1.757,3.117,2.67,0.491,-2.753,-1.523,0.721,0.499,-0.263,-2.758,0.483,0.483,-0.75,-3.75,-0.271,-1.75,-0.754,3.211,0.491,-1.754,-2.753,0.49,-2.0,-1.52,-2.0,-3.0,-0.78,-2.0,1.461,0.481,2.726,3.982,-0.782,1.5,-3.0,0.0,0.0,-1.0,1.238,2.482,-1.0,-1.0,0.0,3.243,1.245,1.239,0.0,0.0,0.0,0.0,0.0,-1.0,0.0,0.0,-1.0,0.0,0.0,1.249,-1.0,0.0,0.0,1.248,-2.0,0.488,1.248,0.233,-2.0,0.25,2.484,0.245,6.206,-0.514,0.745,-0.925,5.148,1.715,-0.521,-0.498,-2.757,3.089,-0.77,0.439,1.474,2.945,-2.761,-2.751,3.341,2.721,-0.503,-0.508,4.007,1.749,0.73,-2.753,-2.752,4.456,-3.754,2.969,-3.756,-2.805,2.86,2.495,-2.006,0.24,3.978,1.496,0.0,0.0,0.0,0.0,0.0,0.0,0.0,0.0,0.0,0.0
BtcGF,BTCUSDc,127,7.81,15.62,3,1.0186,6.4,413,52.0581,1,15,0,0.01,1.1,1.0,0.0,1.0,16385,1,14.62,0,0,2,0,0.6,3,5.373,10.247,2.982,2.979,-2.014,0.995,-0.014,2.976,1.977,-0.029,0.997,-0.013,-1.005,-1.005,-1.004,-1.004,-0.01,1.988,1.996,-0.007,-3.003,-2.018,-0.023,-0.001,0.983,-3.006,2.969,-0.013,0.999,-4.0,-1.016,0.0,0.995,1.965,1.99,-2.004,-3.002,0.989,-1.014,0.976,-2.0,-3.0,-1.025,-0.009,0.969,1.985,1.98,2.986,-1.027,1.0,-3.0,0.0,0.0,-1.0,0.99,1.986,0.995,-1.0,0.0,1.99,0.996,0.991,0.0,0.0,0.0,0.0,0.0,-1.0,0.0,0.0,-1.0,0.0,0.0,0.999,-1.0,0.0,0.0,0.998,-0.014,-0.01,0.998,-0.013,-2.0,0.0,1.988,-0.004,4.965,-1.011,-0.004,-2.01,2.969,0.972,-1.017,2.978,-1.009,1.994,-1.016,-2.046,0.976,1.951,-3.009,-2.002,-0.007,1.975,1.99,1.957,1.973,3.973,-0.017,-3.003,-3.001,1.975,-4.003,1.956,-5.005,-3.053,1.973,1.988,-2.003,-0.008,2.982,0.997,0.0,0.0,0.0,0.0,0.0,0.0,0.0,0.0,0.0,0.0
BtcGF,BTCUSDc,147,0.6845,1.369,3,0.0397,389.85,372,33.0645,1,15,0,0.01,1.1,1.75,0.0,0.5,16385,1,-3.968,1,0,2,0,0.6,2,-8.0,9.369,5.219,3.465,0.467,3.814,-2.0,1.492,-0.514,-3.0,1.745,1.457,-3.0,-2.256,-0.257,-3.0,-2.0,1.48,1.494,-1.257,-0.511,-3.264,3.186,-1.252,2.389,-2.261,-0.168,-1.258,-0.25,-3.251,0.755,-1.25,-3.0,1.851,0.411,-1.256,-4.0,4.081,-2.0,-1.275,-2.0,-3.0,0.626,-3.0,-1.0,-4.0,5.296,5.974,-3.0,2.498,-3.0,0.0,-1.0,0.0,3.106,3.474,-1.0,-1.0,0.0,-1.0,1.744,-1.0,0.0,0.0,0.0,0.0,0.0,-1.0,0.0,0.0,-1.0,0.0,0.0,1.749,-1.0,0.0,0.0,-1.0,-2.0,-2.0,1.747,-1.0,-2.0,0.736,5.393,0.743,1.468,-1.361,2.244,-0.076,2.224,-1.273,-1.269,-1.364,-2.259,-0.253,-3.0,-4.0,2.469,8.267,-0.266,1.226,1.487,4.208,2.168,-5.0,0.485,2.27,2.258,-0.512,-1.252,1.486,-3.255,-1.28,-6.0,-3.0,11.217,-2.0,-2.999,0.737,5.968,2.494,0.0,0.0,0.0,0.0,0.0,0.0,0.0,0.0,0.0,0.0
BtcGF,BTCUSDc,51,5.9253,17.776,2,0.8316,45.87,414,42.9952,1,15,0,0.01,1.1,1.25,0.0,0.5,16385,1,9.623,1,0,2,0,0.2,2,-0.461,18.237,3.727,3.723,-0.523,3.565,-3.0,1.735,1.98,-3.0,1.247,0.483,-0.757,-0.507,-0.755,-0.755,-1.757,2.735,2.698,0.491,-1.507,-1.523,0.721,0.499,0.674,-2.758,0.483,0.483,-0.75,-3.75,0.619,-1.75,-0.754,3.473,-2.75,-1.754,4.153,-0.511,-2.0,-0.52,-2.0,-3.0,-0.211,-3.0,1.461,-1.754,2.821,3.982,-1.751,1.5,-3.0,0.0,-1.0,0.0,2.901,2.482,-1.0,-1.0,0.0,3.243,1.245,1.239,0.0,0.0,0.0,0.0,0.0,-1.0,0.0,0.0,-1.0,0.0,0.0,1.249,-1.0,0.0,0.0,1.248,-2.0,3.233,1.248,0.233,-2.0,0.25,2.484,0.245,6.206,-0.421,0.745,-1.261,7.343,4.619,-0.521,-3.733,-2.757,2.743,-1.521,-4.0,0.474,1.728,-3.761,-4.751,0.491,2.721,2.583,-0.508,4.007,0.75,0.73,-2.753,-2.752,0.49,-3.754,-0.525,-3.756,1.861,3.782,3.107,-4.0,0.24,3.978,1.496,0.0,0.0,0.0,0.0,0.0,0.0,0.0,0.0,0.0,0.0
BtcGF,BTCUSDc,150,0.6267,0.94,4,0.026,450.32,367,34.0599,1,13,0,0.01,1.1,1.75,0.0,1.0,16385,1,-3.293,0,0,2,0,0.6,3,-10.405,11.345,5.219,3.465,-1.274,3.5,-1.0,1.492,-0.514,-3.0,1.745,1.457,-3.0,-2.256,-0.257,-3.0,-2.0,3.183,1.494,-1.257,-2.255,-3.264,3.186,-1.252,2.977,-2.261,-1.251,3.006,-0.25,-3.251,-0.519,-1.25,-3.0,1.211,-1.263,-1.256,-4.0,3.25,-2.0,-2.275,-2.0,-3.0,-0.289,-2.0,-1.0,-4.0,4.215,5.974,-0.29,2.498,-3.0,0.0,0.0,-1.0,1.733,3.474,-1.0,-1.0,0.0,-1.0,1.744,-1.0,0.0,0.0,0.0,0.0,0.0,-1.0,0.0,0.0,-1.0,0.0,0.0,1.749,-1.0,0.0,0.0,-1.0,-2.0,-2.0,1.747,-2.0,-1.0,0.736,5.393,0.743,1.469,-1.361,2.244,0.45,5.419,-1.273,-1.269,2.368,-2.259,-0.253,-3.0,-0.283,2.469,5.917,-2.266,-2.251,1.487,4.208,2.34,-5.0,0.485,0.477,2.258,-0.512,-1.252,2.486,-3.255,0.572,-6.0,-3.0,8.619,-2.0,-3.0,0.737,5.968,2.494,0.0,0.0,0.0,0.0,0.0,0.0,0.0,0.0,0.0,0.0
BtcGF,BTCUSDc,81,9.8865,19.773,3,0.9628,16.68,424,49.2925,1,11,0,0.01,1.1,1.0,0.0,0.5,16385,1,16.474,0,0,2,0,0.4,3,0.211,19.562,2.982,2.979,-1.019,1.368,1.061,3.206,1.977,-0.029,0.997,-0.013,-1.005,-1.005,-2.004,-1.004,-0.01,1.988,2.015,-0.007,-2.006,-2.018,-0.023,-0.001,1.355,-2.011,2.969,-0.013,0.999,-4.0,-0.318,0.0,0.995,2.039,-1.003,-2.004,-1.246,0.34,-1.014,0.472,-2.0,-3.0,-3.0,-3.0,1.156,-0.003,3.089,3.01,-2.001,1.0,-3.0,0.0,-1.0,0.0,0.99,1.986,0.995,-1.0,0.0,3.162,0.996,0.991,0.0,0.0,0.0,0.0,0.0,-1.0,0.0,0.0,-1.0,0.0,0.0,0.999,-1.0,0.0,0.0,0.998,-0.014,-1.005,0.998,-0.013,-2.0,0.0,1.988,-0.004,5.15,-1.011,-0.004,-2.01,4.304,0.972,-1.017,0.033,-0.585,1.994,-1.016,1.575,0.976,3.404,-2.012,-0.525,-0.007,1.975,1.99,3.055,-0.022,4.853,-0.017,-3.003,-3.001,-0.008,-4.003,-1.012,-5.005,-1.459,4.717,4.217,-2.003,-0.008,2.982,0.997,0.0,0.0,0.0,0.0,0.0,0.0,0.0,0.0,0.0,0.0
BtcGF,BTCUSDc,97,23.9887,35.983,4,1.3481,20.07,395,37.9747,1,11,0,0.01,1.1,1.5,0.0,0.5,16385,1,28.763,4,0,2,0,0.4,3,-3.181,39.164,4.472,2.97,-0.028,2.437,-1.0,1.39,2.976,-3.0,1.496,0.961,-0.508,-2.505,-1.506,-3.0,-1.522,4.196,0.995,0.989,-1.009,-1.028,2.989,-1.501,1.557,-1.018,-0.453,2.353,-0.5,-3.5,0.066,-1.5,-0.505,2.409,-5.0,-1.505,-4.0,8.339,-2.0,-1.024,-2.0,-3.0,-3.0,-3.0,-1.0,-4.0,5.348,5.018,-1.501,2.0,-3.0,0.0,-1.0,0.0,1.485,2.978,-1.0,-1.0,0.0,-1.0,1.494,-1.0,0.0,0.0,0.0,0.0,0.0,-1.0,0.0,0.0,-1.0,0.0,0.0,1.499,-1.0,0.0,0.0,1.498,-2.0,-0.008,1.498,1.943,-2.0,0.5,3.33,0.494,4.959,2.015,1.494,-0.631,9.374,2.457,-1.516,-1.924,-2.508,-0.503,-3.0,2.625,1.971,7.867,-2.513,0.258,3.194,3.465,2.364,-2.507,2.723,4.186,1.916,-2.504,-2.502,0.988,-3.504,-0.139,-2.0,-5.0,8.636,-2.0,1.228,0.488,4.972,1.995,0.0,0.0,0.0,0.0,0.0,0.0,0.0,0.0,0.0,0.0
BtcGF,BTCUSDc,92,8.781,17.562,3,0.7161,15.43,399,45.3634,1,9,0,0.01,1.1,1.25,0.0,1.0,16385,1,14.853,0,0,2,0,0.4,3,-3.864,21.426,3.727,3.723,-1.767,1.243,-1.0,1.735,1.98,-3.0,1.247,0.483,-0.757,-0.507,-0.755,-0.755,-1.757,3.571,2.67,0.491,-2.753,-1.523,0.721,0.499,-0.263,-2.758,0.483,0.483,-0.75,-3.75,-0.271,-1.75,-0.754,3.211,0.491,-1.754,-2.753,0.49,-2.0,-0.043,-2.0,-3.0,-0.78,-2.0,1.461,0.481,2.726,3.982,-0.782,1.5,-3.0,0.0,0.0,-1.0,1.238,2.482,-1.0,-1.0,0.0,0.24,1.245,1.239,0.0,0.0,0.0,0.0,0.0,-1.0,0.0,0.0,-1.0,0.0,0.0,1.249,-1.0,0.0,0.0,1.248,-2.0,0.488,1.248,0.233,-2.0,0.25,2.484,0.245,6.206,-0.514,0.745,-0.638,5.148,1.715,-0.521,-0.498,-2.757,3.089,-0.77,0.439,1.474,2.945,-2.761,-2.751,0.491,2.721,2.952,-0.508,4.007,2.99,0.73,-2.753,-2.752,4.178,-3.754,0.896,-3.756,-2.805,2.86,2.495,-5.0,0.24,3.978,1.496,0.0,0.0,0.0,0.0,0.0,0.0,0.0,0.0,0.0,0.0
BtcGF,BTCUSDc,56,8.6975,17.395,3,0.6273,48.58,408,36.5196,1,9,0,0.01,1.1,1.5,0.0,0.5,16385,1,8.945,5,0,2,0,0.2,3,9.022,8.373,4.472,2.97,-0.028,2.045,-2.0,0.993,2.976,-3.0,1.496,0.961,-0.508,-2.505,-1.506,-3.0,-0.07,4.752,0.995,0.989,-1.009,-1.028,2.989,-1.501,2.835,-1.018,-0.453,2.353,-0.5,-3.5,0.066,-1.5,-0.505,2.409,0.836,-1.505,-4.0,13.136,-2.0,1.154,-2.0,-3.0,-3.0,-3.0,-1.0,-4.0,4.257,5.018,-1.501,2.0,-3.0,0.0,-1.0,0.0,1.485,2.978,-1.0,-1.0,0.0,-1.0,1.494,-1.0,0.0,0.0,0.0,0.0,0.0,-1.0,0.0,0.0,-1.0,0.0,0.0,1.499,-1.0,0.0,0.0,1.498,-2.0,-0.008,1.498,1.943,-2.0,0.5,3.33,0.494,4.959,1.791,1.494,0.153,9.598,3.956,-1.516,-1.924,-2.508,-0.502,-3.502,-5.0,-0.503,8.469,-2.513,-4.501,0.989,3.465,-2.5,-2.507,1.229,1.536,1.916,-2.504,-2.502,0.988,-3.504,0.664,-6.0,-4.0,7.446,-1.503,-4.0,0.488,4.972,1.995,0.0,0.0,0.0,0.0,0.0,0.0,0.0,0.0,0.0,0.0
BtcGF,BTCUSDc,123,12.841,25.682,3,1.507,8.98,418,50.9569,1,15,0,0.01,1.1,1.0,0.0,0.5,16385,1,23.375,0,0,2,0,0.6,3,2.904,22.778,2.982,2.979,-1.019,1.851,-0.383,2.985,1.977,-0.029,0.997,-0.013,-1.005,-1.005,-1.004,-1.004,-0.01,1.988,2.015,-0.007,-2.006,-2.018,-0.023,-0.001,1.442,-3.006,2.969,-0.013,0.999,-4.0,-0.318,0.0,0.995,2.039,2.818,-2.004,-1.893,-1.009,-1.014,1.631,-2.0,-3.0,-0.629,-3.0,0.969,-0.003,1.98,2.986,-3.0,1.0,-3.0,0.0,-1.0,0.0,1.737,1.986,0.995,-1.0,0.0,1.99,0.996,0.991,0.0,0.0,0.0,0.0,0.0,-1.0,0.0,0.0,-1.0,0.0,0.0,0.999,-1.0,0.0,0.0,0.998,-0.014,1.01,0.998,-0.013,-2.0,0.0,1.988,-0.004,4.965,-1.011,-0.004,-2.01,3.697,1.706,-1.017,0.033,-0.585,1.994,-1.016,0.078,0.976,2.56,1.187,-1.209,-0.007,1.975,1.99,2.918,1.973,4.744,-0.017,-3.003,-3.001,-0.008,-4.003,1.995,-5.005,-0.954,2.689,3.241,-2.003,-0.008,2.982,0.997,0.0,0.0,0.0,0.0,0.0,0.0,0.0,0.0,0.0,0.0
BtcGF,BTCUSDc,83,15.3765,30.753,3,1.7334,11.42,420,50.4762,1,15,0,0.01,1.1,1.0,0.0,0.5,16385,1,27.241,0,0,2,0,0.4,3,4.136,26.617,2.982,2.979,-1.019,2.68,0.12,2.985,1.977,-0.029,0.997,-0.013,-1.005,-1.005,-1.004,-1.004,-0.01,1.988,2.015,-0.007,-2.006,-2.018,-0.023,-0.001,1.45,-3.006,2.969,-0.013,0.999,-4.0,-0.318,0.0,0.995,2.039,-1.003,-2.004,-0.732,-1.009,-1.014,1.631,-2.0,-3.0,-0.629,-3.0,0.969,-0.003,1.98,2.986,-2.001,1.0,-3.0,0.0,-1.0,0.0,2.29,1.986,0.995,-1.0,0.0,1.99,0.996,0.991,0.0,0.0,0.0,0.0,0.0,-1.0,0.0,0.0,-1.0,0.0,0.0,0.999,-1.0,0.0,0.0,0.998,-0.014,1.616,0.998,-0.013,-2.0,0.0,1.988,-0.004,4.965,-1.011,-0.004,-2.01,4.304,2.326,-1.017,0.033,-0.585,1.994,-2.016,-1.724,0.976,3.06,2.503,-0.525,-0.007,1.975,1.99,3.943,1.973,4.853,-0.017,-3.003,-3.001,-0.008,-4.003,1.995,-5.005,0.182,2.689,4.279,-2.003,-0.008,2.982,0.997,0.0,0.0,0.0,0.0,0.0,0.0,0.0,0.0,0.0,0.0
BtcGF,BTCUSDc,54,15.042,22.563,4,0.8678,21.74,398,45.4774,1,13,0,0.01,1.1,1.25,0.0,1.0,16385,1,17.657,0,0,2,0,0.2,3,-5.341,27.904,3.727,3.723,-1.767,1.243,-1.0,1.735,1.98,-3.0,1.247,0.483,-0.757,-0.507,-0.755,-0.755,-1.757,3.571,2.67,0.491,-2.753,-1.523,0.721,0.499,-0.263,-2.758,0.483,0.483,-0.75,-3.75,-0.271,-1.75,-0.754,3.211,0.491,-1.754,-2.753,0.49,-2.0,-1.52,-2.0,-3.0,-0.78,-2.0,1.461,0.481,2.726,3.982,-0.782,1.5,-3.0,0.0,0.0,-1.0,1.238,2.482,-1.0,-1.0,0.0,3.243,1.245,1.239,0.0,0.0,0.0,0.0,0.0,-1.0,0.0,0.0,-1.0,0.0,0.0,1.249,-1.0,0.0,0.0,1.248,-2.0,0.488,1.248,0.233,-2.0,0.25,2.484,0.245,6.206,-0.514,0.745,-0.925,5.148,1.715,-0.521,-0.498,-2.757,2.854,-0.77,0.439,1.474,2.945,-2.761,-2.751,0.491,2.721,5.403,-0.508,3.717,-0.519,0.73,-2.753,-2.752,4.456,-3.754,2.969,-3.756,-2.805,2.86,2.495,-2.006,0.24,3.978,1.496,0.0,0.0,0.0,0.0,0.0,0.0,0.0,0.0,0.0,0.0
BtcGF,BTCUSDc,24,21.2342,25.481,5,1.2699,41.5,398,31.9095,1,9,0,0.01,1.1,1.75,0.0,0.5,16385,1,14.906,8,0,2,0,0.0,3,17.967,7.514,5.219,3.465,0.467,2.534,-2.0,1.492,-0.514,-3.0,1.745,5.242,-3.0,-2.256,-1.257,-3.0,-4.0,5.933,1.494,-1.257,-0.511,-3.264,7.566,1.094,5.552,-0.52,-0.168,4.064,-0.25,-3.251,0.755,-1.25,-3.0,1.851,1.496,-1.256,-4.0,11.883,-2.0,0.603,-2.0,-3.0,-3.0,-3.0,-1.0,-4.0,6.045,6.023,-1.251,2.498,-3.0,0.0,-1.0,0.0,1.733,3.474,-1.0,-1.0,0.0,-1.0,1.744,-1.0,0.0,0.0,0.0,0.0,0.0,-1.0,0.0,0.0,-1.0,0.0,0.0,1.749,-1.0,0.0,0.0,-1.0,-2.0,0.491,1.747,-2.0,-2.0,0.736,4.081,0.743,1.468,-0.813,2.244,1.223,5.419,0.475,-1.269,-1.364,-2.259,-0.252,-3.252,-5.0,-0.253,8.13,-2.266,-4.251,1.487,4.208,-2.25,-5.0,-0.783,5.531,2.163,-0.512,-1.252,1.486,-3.255,3.147,-6.0,-4.0,10.071,-3.0,-2.253,0.737,5.968,2.494,0.0,0.0,0.0,0.0,0.0,0.0,0.0,0.0,0.0,0.0
BtcGF,BTCUSDc,62,19.1493,28.724,4,0.9158,25.45,387,39.0181,1,13,0,0.01,1.1,1.5,0.0,1.0,16385,1,21.415,4,0,2,0,0.2,3,-10.895,39.619,4.472,2.97,-1.52,2.746,-1.0,0.993,2.976,-3.0,1.496,0.961,-0.508,-2.505,-0.506,-3.0,-1.522,4.752,0.995,0.989,-2.504,-1.028,1.464,-1.501,-3.505,-2.51,-1.501,2.154,-0.5,-3.5,-1.016,-1.5,-0.505,1.958,-1.511,-1.505,-4.0,7.508,-2.0,-1.024,-2.0,-3.0,-0.534,-2.0,-1.0,-4.0,3.471,4.978,-0.536,2.0,-3.0,0.0,0.0,-1.0,1.485,2.978,-1.0,-1.0,0.0,-1.0,1.494,-1.0,0.0,0.0,0.0,0.0,0.0,-1.0,0.0,0.0,-1.0,0.0,0.0,1.499,-1.0,0.0,0.0,1.498,-2.0,-0.506,1.498,6.309,-2.0,0.5,4.892,0.494,4.959,1.791,1.494,-0.237,6.652,2.457,-1.516,1.56,-2.508,-0.503,-3.0,0.934,1.971,3.924,-2.513,-2.501,0.989,3.465,5.598,-2.507,4.884,-0.021,1.978,-2.504,-2.502,6.262,-3.504,2.942,-6.0,-0.045,4.493,-2.0,-1.006,0.488,4.972,1.995,0.0,0.0,0.0,0.0,0.0,0.0,0.0,0.0,0.0,0.0
BtcGF,BTCUSDc,64,21.2342,25.481,5,1.2699,41.5,398,31.9095,1,9,0,0.01,1.1,1.75,0.0,0.5,16385,1,14.906,8,0,2,0,0.2,3,17.967,7.514,5.219,3.465,0.467,2.534,-2.0,1.492,-0.514,-3.0,1.745,5.242,-3.0,-2.256,-1.257,-3.0,-4.0,5.933,1.494,-1.257,-0.511,-3.264,7.566,1.094,5.552,-0.52,-0.168,4.064,-0.25,-3.251,0.755,-1.25,-3.0,1.851,1.496,-1.256,-4.0,11.883,-2.0,0.603,-2.0,-3.0,-3.0,-3.0,-1.0,-4.0,6.045,6.023,-1.251,2.498,-3.0,0.0,-1.0,0.0,1.733,3.474,-1.0,-1.0,0.0,-1.0,1.744,-1.0,0.0,0.0,0.0,0.0,0.0,-1.0,0.0,0.0,-1.0,0.0,0.0,1.749,-1.0,0.0,0.0,-1.0,-2.0,0.491,1.747,-2.0,-2.0,0.736,4.081,0.743,1.468,-0.813,2.244,1.223,5.419,0.475,-1.269,-1.364,-2.259,-0.252,-3.252,-5.0,-0.253,8.13,-2.266,-4.251,1.487,4.208,-2.25,-5.0,-0.783,5.531,2.163,-0.512,-1.252,1.486,-3.255,3.147,-6.0,-4.0,10.071,-3.0,-2.253,0.737,5.968,2.494,0.0,0.0,0.0,0.0,0.0,0.0,0.0,0.0,0.0,0.0
BtcGF,BTCUSDc,93,10.873,21.746,3,0.8364,12.66,398,45.7286,1,11,0,0.01,1.1,1.25,0.0,1.0,16385,1,18.994,0,0,2,0,0.4,3,-5.795,27.541,3.727,3.723,-1.767,1.243,-1.0,1.735,1.98,-3.0,1.247,0.483,-0.757,-0.507,-0.755,-0.755,-1.757,3.117,2.67,0.491,-2.753,-1.523,0.721,0.499,-0.263,-2.758,0.483,0.483,-0.75,-3.75,-0.271,-1.75,-0.754,3.211,0.491,-1.754,-2.753,0.49,-2.0,-1.52,-2.0,-3.0,-0.78,-2.0,1.461,0.481,2.726,3.982,-0.782,1.5,-3.0,0.0,0.0,-1.0,1.238,2.482,-1.0,-1.0,0.0,3.243,1.245,1.239,0.0,0.0,0.0,0.0,0.0,-1.0,0.0,0.0,-1.0,0.0,0.0,1.249,-1.0,0.0,0.0,1.248,-2.0,0.488,1.248,0.233,-2.0,0.25,2.484,0.245,6.206,-0.514,0.745,-0.925,5.148,1.715,-0.521,-0.498,-2.757,3.089,-0.77,0.439,1.474,2.945,-2.761,-2.751,1.748,2.721,3.236,-0.508,4.007,1.749,0.73,-2.753,-2.752,4.178,-3.754,1.001,-3.756,-2.805,2.86,2.495,-2.006,0.24,3.978,1.496,0.0,0.0,0.0,0.0,0.0,0.0,0.0,0.0,0.0,0.0
BtcGF,BTCUSDc,38,17.3347,26.002,4,0.7997,63.8,364,31.044,1,13,0,0.01,1.1,2.0,0.0,1.0,16385,1,9.413,4,0,2,0,0.0,3,-11.973,37.975,5.964,3.952,-1.027,-1.0,-1.0,1.991,-0.015,-3.0,1.994,1.954,-3.0,-2.007,-0.008,-3.0,-3.999,4.983,1.993,-1.008,-2.006,-3.016,-1.022,-1.002,-2.006,-2.013,-1.002,3.857,-0.001,-3.001,0.978,-1.0,-3.0,0.141,-1.015,-1.007,-4.0,10.743,-2.0,-2.028,-2.0,-3.0,-0.05,-2.0,-1.0,-4.0,-0.018,3.977,-0.045,2.998,-3.0,0.0,0.0,-1.0,3.827,3.971,-1.0,-1.0,0.0,-1.0,1.993,-1.0,0.0,0.0,0.0,0.0,0.0,-1.0,0.0,0.0,-1.0,0.0,0.0,1.999,-1.0,0.0,0.0,-1.0,-2.0,-0.008,1.997,-2.0,-2.0,1.218,8.159,0.992,-1.013,0.068,2.991,2.551,-0.008,0.605,-1.022,0.177,-2.011,-0.003,-3.0,0.035,2.966,6.912,-2.018,-2.001,1.986,4.953,13.627,-5.0,0.983,0.974,3.179,-2.005,-4.0,2.984,-3.006,13.589,-6.0,-3.0,4.18,-2.0,-3.0,-1.015,8.973,2.994,0.0,0.0,0.0,0.0,0.0,0.0,0.0,0.0,0.0,0.0
BtcGF,BTCUSDc,30,15.828,23.742,4,0.6918,55.92,372,33.871,1,13,0,0.01,1.1,1.75,0.0,1.0,16385,1,10.466,4,0,2,0,0.0,3,-8.403,32.145,5.219,3.465,-1.274,3.721,-1.0,1.492,-0.514,-3.0,1.745,1.457,-3.0,-2.256,-0.257,-3.0,-3.999,5.933,1.494,-1.257,-2.255,-3.264,6.318,-1.252,-3.256,-2.261,-1.251,3.006,-0.25,-3.251,-0.519,-1.25,-3.0,1.211,-1.263,-1.256,-4.0,7.381,-2.0,-2.275,-2.0,-3.0,-0.289,-2.0,-1.0,-4.0,4.215,5.974,-0.29,2.498,-3.0,0.0,0.0,-1.0,1.733,3.474,-1.0,-1.0,0.0,-1.0,1.744,-1.0,0.0,0.0,0.0,0.0,0.0,-1.0,0.0,0.0,-1.0,0.0,0.0,1.749,-1.0,0.0,0.0,-1.0,-2.0,-0.257,1.747,-2.0,-2.0,0.736,5.92,0.743,1.468,-0.813,2.244,0.45,5.419,-1.273,-1.269,2.368,-2.259,-0.253,-3.0,-0.283,2.469,5.917,-2.266,-2.251,1.487,4.208,10.544,-5.0,0.485,0.477,2.258,-0.512,-1.252,2.486,-3.255,10.276,-6.0,-3.0,9.694,-2.0,-3.0,0.737,5.968,2.494,0.0,0.0,0.0,0.0,0.0,0.0,0.0,0.0,0.0,0.0
BtcGF,BTCUSDc,55,7.386,14.772,3,0.5909,16.0,397,45.5919,1,15,0,0.01,1.1,1.25,0.0,1.0,16385,1,12.408,0,0,2,0,0.2,3,-5.177,19.949,3.727,3.723,-1.767,1.243,-1.0,1.735,1.98,-3.0,1.247,0.483,-0.757,-0.507,-0.755,-0.755,-1.757,2.735,2.67,0.491,-2.753,-1.523,0.721,0.499,-0.263,-2.758,0.483,0.483,-0.75,-3.75,-0.271,-1.75,-0.754,3.211,0.491,-1.754,-2.753,0.49,-2.0,-0.52,-2.0,-3.0,-0.78,-2.0,1.461,0.481,2.726,3.982,-0.782,1.5,-3.0,0.0,0.0,-1.0,1.238,2.482,-1.0,-1.0,0.0,3.243,1.245,1.239,0.0,0.0,0.0,0.0,0.0,-1.0,0.0,0.0,-1.0,0.0,0.0,1.249,-1.0,0.0,0.0,1.248,-2.0,0.488,1.248,0.233,-2.0,0.25,2.484,0.245,6.206,-0.514,0.745,-1.002,5.148,1.715,-0.521,-0.498,-2.757,2.743,-0.77,0.439,1.474,2.945,-2.761,-2.751,0.491,2.721,2.583,-0.508,4.007,-0.519,0.73,-2.753,-2.752,2.713,-3.754,-0.525,-3.756,-2.805,2.86,2.495,-2.006,0.24,3.978,1.496,0.0,0.0,0.0,0.0,0.0,0.0,0.0,0.0,0.0,0.0
BtcGF,BTCUSDc,68,17.9127,26.869,4,1.242,28.42,376,33.7766,1,9,0,0.01,1.1,1.75,0.0,1.0,16385,1,19.234,6,0,2,0,0.2,3,9.528,17.341,5.219,3.465,-1.274,3.721,-1.0,1.492,-0.514,-3.0,1.745,5.242,-3.0,-2.256,-0.257,-3.0,-4.0,5.933,1.494,-1.257,-2.255,-3.264,7.566,1.094,5.552,-2.261,-1.251,4.064,-0.25,-3.251,-0.519,-1.25,-3.0,1.211,-1.263,-1.256,-4.0,7.381,-2.0,0.603,-2.0,-3.0,-0.289,-2.0,-1.0,-4.0,5.024,5.974,-0.29,2.498,-3.0,0.0,0.0,-1.0,1.733,3.474,-1.0,-1.0,0.0,-1.0,1.744,-1.0,0.0,0.0,0.0,0.0,0.0,-1.0,0.0,0.0,-1.0,0.0,0.0,1.749,-1.0,0.0,0.0,-1.0,-2.0,-0.257,1.747,-2.0,-2.0,0.736,4.081,0.743,1.468,-0.813,2.244,1.954,5.419,-1.273,-1.269,2.368,-2.259,-0.252,-3.0,-1.283,2.469,2.192,-2.266,-2.251,1.487,4.208,-2.25,-5.0,0.485,8.261,2.163,-0.512,-1.252,2.486,-3.255,3.147,-6.0,-3.0,11.183,-2.0,-5.0,0.737,5.968,2.494,0.0,0.0,0.0,0.0,0.0,0.0,0.0,0.0,0.0,0.0
BtcGF,BTCUSDc,84,7.81,15.62,3,1.0186,6.4,413,52.0581,1,9,0,0.01,1.1,1.0,0.0,1.0,16385,1,14.62,0,0,2,0,0.4,3,5.373,10.247,2.982,2.979,-2.014,0.995,-0.014,2.976,1.977,-0.029,0.997,-0.013,-1.005,-1.005,-1.004,-1.004,-0.01,1.988,1.996,-0.007,-3.003,-2.018,-0.023,-0.001,0.983,-3.006,2.969,-0.013,0.999,-4.0,-1.016,0.0,0.995,1.965,1.99,-2.004,-3.002,0.989,-1.014,0.976,-2.0,-3.0,-1.025,-0.009,0.969,1.985,1.98,2.986,-1.027,1.0,-3.0,0.0,0.0,-1.0,0.99,1.986,0.995,-1.0,0.0,1.99,0.996,0.991,0.0,0.0,0.0,0.0,0.0,-1.0,0.0,0.0,-1.0,0.0,0.0,0.999,-1.0,0.0,0.0,0.998,-0.014,-0.01,0.998,-0.013,-2.0,0.0,1.988,-0.004,4.965,-1.011,-0.004,-2.01,2.969,0.972,-1.017,2.978,-1.009,1.994,-1.016,-2.046,0.976,1.951,-3.009,-2.002,-0.007,1.975,1.99,1.957,1.973,3.973,-0.017,-3.003,-3.001,1.975,-4.003,1.956,-5.005,-3.053,1.973,1.988,-2.003,-0.008,2.982,0.997,0.0,0.0,0.0,0.0,0.0,0.0,0.0,0.0,0.0,0.0
BtcGF,BTCUSDc,110,7.5633,11.345,4,0.3587,47.71,371,34.2318,1,13,0,0.01,1.1,1.75,0.0,1.0,16385,1,5.932,2,0,2,0,0.4,4,-5.709,17.054,5.219,3.465,-1.274,3.721,-1.0,1.492,-0.514,-3.0,1.745,1.457,-3.0,-2.256,-0.257,-3.0,-4.0,5.933,1.494,-1.257,-2.255,-3.264,4.453,-1.252,4.157,-2.261,-1.251,3.006,-0.25,-3.251,-0.519,-1.25,-3.0,1.211,-1.263,-1.256,-4.0,4.528,-2.0,-2.275,-2.0,-3.0,-0.289,-2.0,-1.0,-4.0,4.215,5.974,-0.29,2.498,-3.0,0.0,0.0,-1.0,1.733,3.474,-1.0,-1.0,0.0,-1.0,1.744,-1.0,0.0,0.0,0.0,0.0,0.0,-1.0,0.0,0.0,-1.0,0.0,0.0,1.749,-1.0,0.0,0.0,-1.0,-2.0,-0.257,1.747,-2.0,-2.0,0.736,5.92,0.743,1.468,-0.813,2.244,0.45,5.419,-1.273,-1.269,2.368,-2.259,-0.253,-3.0,-0.283,2.469,5.917,-2.266,-2.251,1.487,4.208,3.759,-5.0,0.485,0.477,2.258,-0.512,-1.252,2.486,-3.255,1.97,-6.0,-3.0,9.694,-2.0,-3.0,0.737,5.968,2.494,0.0,0.0,0.0,0.0,0.0,0.0,0.0,0.0,0.0,0.0
BtcGF,BTCUSDc,29,43.6483,52.378,5,2.1369,52.95,370,34.3243,1,11,0,0.01,1.1,1.75,0.0,1.0,16385,1,24.642,5,0,2,0,0.0,4,6.674,45.704,5.219,3.465,-1.274,3.721,-1.0,1.492,-0.514,-3.0,1.745,1.457,-3.0,-2.256,-0.257,-3.0,-1.273,5.276,1.494,-1.257,-2.255,-3.264,8.651,-1.252,5.552,-2.261,-1.251,4.064,-0.25,-3.251,-0.519,-1.25,-3.0,1.211,-1.263,-1.256,-4.0,7.381,-2.0,-2.275,-2.0,-3.0,-0.289,-2.0,-1.0,-4.0,5.024,5.974,-0.29,2.498,-3.0,0.0,0.0,-1.0,1.733,3.474,-1.0,-1.0,0.0,-1.0,1.744,-1.0,0.0,0.0,0.0,0.0,0.0,-1.0,0.0,0.0,-1.0,0.0,0.0,1.749,-1.0,0.0,0.0,-1.0,-2.0,-0.257,1.747,-2.0,-2.0,0.736,4.081,0.743,1.468,-0.813,2.244,0.45,5.419,-1.273,-1.269,2.368,-2.259,-0.253,-3.0,-1.283,2.469,2.192,-2.266,-2.251,27.477,4.208,-2.25,-5.0,0.485,3.308,2.163,-0.512,-1.252,2.486,-3.255,10.276,-2.0,-4.0,10.885,-2.0,-3.0,0.737,5.968,2.494,0.0,0.0,0.0,0.0,0.0,0.0,0.0,0.0,0.0,0.0
BtcGF,BTCUSDc,35,8.7105,17.421,3,0.74,180.34,383,29.765,1,15,0,0.01,1.1,2.0,0.0,0.5,16385,1,-13.996,4,0,2,0,0.0,2,19.096,-1.675,5.964,3.952,0.963,-1.0,-3.0,2.138,-0.015,-3.0,1.994,1.954,-3.0,-2.007,-0.008,-3.0,-4.0,4.983,1.993,-1.008,-0.013,-3.016,-1.022,-1.002,8.271,-2.013,0.105,-1.009,-0.001,-3.001,2.444,-1.0,-3.0,0.8,-5.0,-1.007,-4.0,31.411,-2.0,-1.028,-2.0,-3.0,1.034,-3.0,-1.0,-3.999,2.54,3.977,-1.002,2.998,-3.0,0.0,-1.0,0.0,4.762,3.971,-1.0,-1.0,0.0,-1.0,1.993,-1.0,0.0,0.0,0.0,0.0,0.0,-1.0,0.0,0.0,-1.0,0.0,0.0,1.999,-1.0,0.0,0.0,-1.0,-2.0,-2.0,1.997,-2.0,-2.0,1.218,6.948,0.992,-1.013,0.068,2.991,1.931,2.971,2.586,-1.022,-3.804,-2.011,-0.003,-3.002,-4.0,1.966,4.953,-3.018,-4.002,1.986,4.953,4.644,-5.0,0.983,3.41,3.179,-2.005,-4.0,1.984,-3.006,-1.033,-6.0,-4.0,0.537,-3.0,-2.004,-1.015,8.973,2.994,0.0,0.0,0.0,0.0,0.0,0.0,0.0,0.0,0.0,0.0
BtcGF,BTCUSDc,36,19.918,29.877,4,1.8456,32.63,369,30.3523,1,9,0,0.01,1.1,2.0,0.0,1.0,16385,1,20.129,13,0,2,0,0.0,2,16.887,12.99,5.964,3.952,-1.027,-1.0,-1.0,1.991,-0.015,-3.0,1.994,7.848,-3.0,-2.007,-0.008,-3.0,-4.0,4.983,1.993,-1.008,-2.006,-3.016,2.311,2.526,9.658,-2.013,-1.002,5.306,1.25,-3.001,0.978,-1.0,-3.0,1.141,-1.015,-1.007,-4.0,10.743,-2.0,1.55,-2.0,-3.0,-0.05,-2.0,-1.0,-4.0,1.98,3.977,-0.045,2.998,-3.0,0.0,0.0,-1.0,-1.0,3.971,-1.0,-1.0,0.0,-1.0,1.993,-1.0,0.0,0.0,0.0,0.0,0.0,-1.0,0.0,0.0,-1.0,0.0,0.0,1.999,-1.0,0.0,0.0,-1.0,-2.0,-0.008,1.997,-2.0,-2.0,1.218,5.775,0.992,-1.013,0.068,2.991,4.157,-0.008,-4.0,-1.022,0.177,-2.011,-0.002,-3.0,-0.965,2.966,-0.021,-2.018,-2.001,1.986,4.953,-2.001,-5.0,0.983,10.314,3.05,-2.005,-4.0,2.984,-3.006,4.63,-6.0,-3.0,5.866,-2.0,-5.0,-1.015,12.986,2.994,0.0,0.0,0.0,0.0,0.0,0.0,0.0,0.0,0.0,0.0
BtcGF,BTCUSDc,60,17.8073,26.711,4,1.2961,20.67,388,39.1753,1,9,0,0.01,1.1,1.5,0.0,1.0,16385,1,21.19,2,0,2,0,0.2,3,-0.201,26.912,4.472,2.97,-1.52,2.746,-1.0,0.993,2.976,-3.0,1.496,0.961,-0.508,-2.505,-0.506,-3.0,-0.07,4.752,0.995,0.989,-2.504,-1.028,2.989,-1.501,2.835,-2.51,-1.501,2.353,-0.5,-3.5,-1.016,-1.5,-0.505,1.958,-1.511,-1.505,-4.0,7.508,-2.0,1.154,-2.0,-3.0,-0.534,-2.0,-1.0,-4.0,3.471,4.978,-0.536,2.0,-3.0,0.0,0.0,-1.0,1.485,2.978,-1.0,-1.0,0.0,-1.0,1.494,-1.0,0.0,0.0,0.0,0.0,0.0,-1.0,0.0,0.0,-1.0,0.0,0.0,1.499,-1.0,0.0,0.0,1.498,-2.0,-0.506,1.498,1.943,-2.0,0.5,3.33,0.494,4.959,1.791,1.494,0.752,6.652,2.457,-1.516,1.56,-2.508,-0.502,-3.0,0.934,1.971,3.924,-2.513,-2.501,0.989,3.465,-2.5,-2.507,5.216,4.018,1.916,-2.504,-2.502,6.262,-3.504,0.664,-6.0,1.247,4.493,-2.0,-5.0,0.488,4.972,1.995,0.0,0.0,0.0,0.0,0.0,0.0,0.0,0.0,0.0,0.0
BtcGF,BTCUSDc,34,27.8508,33.421,5,1.2414,94.0,384,29.1667,1,13,0,0.01,1.1,2.0,0.0,0.5,16385,1,2.004,5,0,2,0,0.0,3,4.784,28.637,5.964,3.952,0.963,-1.0,-3.0,2.138,-0.015,-3.0,1.994,1.954,-3.0,-2.007,-1.008,-3.0,-3.999,4.983,1.993,-1.008,-0.013,-3.016,-1.022,-1.002,-2.006,-2.013,0.105,3.857,-0.001,-3.001,2.444,-1.0,-3.0,0.8,-5.0,-1.007,-4.0,31.411,-2.0,-1.027,-2.0,-3.0,1.034,-3.0,-1.0,-4.0,-3.0,3.977,-1.002,2.998,-3.0,0.0,-1.0,0.0,2.4,3.971,-1.0,-1.0,0.0,-1.0,1.993,-1.0,0.0,0.0,0.0,0.0,0.0,-1.0,0.0,0.0,-1.0,0.0,0.0,1.999,-1.0,0.0,0.0,-1.0,-2.0,-2.0,1.997,-2.0,-2.0,1.218,8.159,0.992,-1.013,0.068,2.991,1.981,-0.008,0.605,-1.022,-3.804,-2.011,-0.003,-3.002,-4.0,2.966,14.245,-3.018,-4.002,1.986,4.953,13.627,-5.0,1.054,2.531,3.179,-2.005,-2.003,1.984,-3.006,13.589,-6.0,-4.0,-0.538,-3.0,-2.004,-1.015,8.973,2.994,0.0,0.0,0.0,0.0,0.0,0.0,0.0,0.0,0.0,0.0
BtcGF,BTCUSDc,37,70.209,70.209,6,3.8494,50.98,362,31.768,1,11,0,0.01,1.1,2.0,0.0,1.0,16385,1,34.413,9,0,2,0,0.0,4,14.087,56.122,5.964,3.952,-1.027,-1.0,-1.0,1.991,-0.015,-3.0,1.994,1.954,-3.0,-2.007,-0.008,-3.0,-1.025,4.983,1.993,-1.008,-2.006,-3.016,2.311,-1.002,9.658,-2.013,-1.002,5.306,-0.001,-3.001,0.978,-1.0,-3.0,1.141,-1.015,-1.007,-4.0,10.743,-2.0,-2.028,-2.0,-3.0,-0.05,-2.0,-1.0,-4.0,1.98,3.977,-0.045,2.998,-3.0,0.0,0.0,-1.0,7.469,3.971,-1.0,-1.0,0.0,-1.0,1.993,-1.0,0.0,0.0,0.0,0.0,0.0,-1.0,0.0,0.0,-1.0,0.0,0.0,1.999,-1.0,0.0,0.0,-1.0,-2.0,-0.008,1.997,-2.0,-2.0,1.218,5.775,0.992,-1.013,0.068,2.991,2.551,-0.008,0.605,-1.022,0.177,-2.011,-0.003,-3.0,-0.965,2.966,2.938,-2.018,-2.001,35.786,4.953,-2.001,-5.0,0.983,4.086,3.05,-2.005,-4.0,2.984,-3.006,13.589,-2.0,-4.0,5.53,-2.0,-3.0,-1.015,8.973,2.994,0.0,0.0,0.0,0.0,0.0,0.0,0.0,0.0,0.0,0.0
BtcGF,BTCUSDc,75,0.801,1.602,3,0.068,973.66,383,29.765,1,15,0,0.01,1.1,2.0,0.0,0.5,16385,1,-13.996,4,0,2,0,0.2,2,3.277,-1.675,5.964,3.952,0.963,-1.0,-3.0,2.138,-0.015,-3.0,1.994,1.954,-3.0,-2.007,-0.008,-3.0,-4.0,4.983,1.993,-1.008,-0.013,-3.016,-1.022,-1.002,8.271,-2.013,0.105,-1.009,-0.001,-3.001,2.444,-1.0,-3.0,0.8,-5.0,-1.007,-4.0,15.592,-2.0,-1.028,-2.0,-3.0,1.034,-3.0,-1.0,-3.999,2.54,3.977,-1.002,2.998,-3.0,0.0,-1.0,0.0,4.762,3.971,-1.0,-1.0,0.0,-1.0,1.993,-1.0,0.0,0.0,0.0,0.0,0.0,-1.0,0.0,0.0,-1.0,0.0,0.0,1.999,-1.0,0.0,0.0,-1.0,-2.0,-2.0,1.997,-2.0,-2.0,1.218,6.948,0.992,-1.013,0.068,2.991,1.931,2.971,2.586,-1.022,-3.804,-2.011,-0.003,-3.002,-4.0,1.966,4.953,-3.018,-4.002,1.986,4.953,4.644,-5.0,0.983,3.41,3.179,-2.005,-4.0,1.984,-3.006,-1.033,-6.0,-4.0,0.537,-3.0,-2.004,-1.015,8.973,2.994,0.0,0.0,0.0,0.0,0.0,0.0,0.0,0.0,0.0,0.0
BtcGF,BTCUSDc,71,6.9393,10.409,4,0.3548,74.27,370,34.0541,1,15,0,0.01,1.1,1.75,0.0,1.0,16385,1,2.678,3,0,2,0,0.2,4,-3.744,14.153,5.219,3.465,-1.274,3.721,-1.0,1.492,-0.514,-3.0,1.745,1.457,-3.0,-2.256,-0.257,-3.0,-4.0,4.229,1.494,-1.257,-2.255,-3.264,7.461,-1.252,5.552,-2.261,-1.251,-1.258,-0.25,-3.251,-0.519,-1.25,-3.0,1.211,-1.263,-1.256,-4.0,7.381,-2.0,-1.275,-2.0,-3.0,-0.289,-2.0,-1.0,-3.999,4.891,5.974,-0.29,2.498,-3.0,0.0,0.0,-1.0,1.733,3.474,-1.0,-1.0,0.0,-1.0,1.744,-1.0,0.0,0.0,0.0,0.0,0.0,-1.0,0.0,0.0,-1.0,0.0,0.0,1.749,-1.0,0.0,0.0,-1.0,-2.0,-0.257,1.747,-2.0,-2.0,0.736,5.92,0.743,1.468,-0.813,2.244,0.35,5.419,-1.273,-1.269,2.368,-2.259,-0.253,-3.0,-0.283,2.469,5.917,-2.266,-2.251,1.487,4.208,3.208,-5.0,0.485,0.477,2.258,-0.512,-1.252,2.486,-3.255,-1.28,-6.0,-3.0,9.694,-2.0,-3.0,0.737,5.968,2.494,0.0,0.0,0.0,0.0,0.0,0.0,0.0,0.0,0.0,0.0
BtcGF,BTCUSDc,121,6.7265,13.453,3,0.671,16.36,420,49.5238,1,11,0,0.01,1.1,1.0,0.0,0.5,16385,1,11.252,0,0,2,0,0.6,3,0.32,13.133,2.982,2.979,-1.019,1.368,0.734,3.206,1.977,-0.029,0.997,-0.013,-1.005,-1.005,-2.004,-1.004,-0.01,1.988,2.015,-0.007,-2.006,-2.018,-0.023,-0.001,1.355,-3.006,2.969,-0.013,0.999,-4.0,-0.318,0.0,0.995,2.039,2.818,-2.004,-2.02,-0.278,-1.014,-0.224,-2.0,-3.0,-3.0,-3.0,1.156,-0.003,2.794,3.01,-3.0,1.0,-3.0,0.0,-1.0,0.0,0.99,1.986,0.995,-1.0,0.0,2.634,0.996,0.991,0.0,0.0,0.0,0.0,0.0,-1.0,0.0,0.0,-1.0,0.0,0.0,0.999,-1.0,0.0,0.0,0.998,-0.014,0.517,0.998,-0.013,-2.0,0.0,1.988,-0.004,5.15,-1.011,-0.004,-2.01,3.697,0.972,-1.017,0.033,-0.585,1.994,-1.016,-0.028,0.976,2.888,-2.012,-1.209,-0.007,1.975,1.99,2.725,-0.022,4.744,-0.017,-3.003,-3.001,-0.008,-4.003,-1.012,-5.005,-2.226,3.898,3.221,-2.003,-0.008,2.982,0.997,0.0,0.0,0.0,0.0,0.0,0.0,0.0,0.0,0.0,0.0
BtcGF,BTCUSDc,65,19.43,29.145,4,0.8952,42.19,392,32.6531,1,11,0,0.01,1.1,1.75,0.0,0.5,16385,1,16.85,7,0,2,0,0.2,4,2.044,27.101,5.219,3.465,0.467,2.993,-1.0,1.978,-0.514,-3.0,1.745,1.457,-3.0,-2.256,-1.257,-3.0,-1.273,5.276,1.494,-1.257,-0.511,-3.264,8.651,-1.252,5.552,-0.52,-0.168,4.064,-0.25,-3.251,0.755,-1.25,-3.0,1.851,-5.0,-1.256,-4.0,5.869,-2.0,-2.275,-2.0,-3.0,-4.0,-3.0,-1.0,-4.0,7.285,6.023,-1.251,2.498,-3.0,0.0,-1.0,0.0,1.733,3.474,-1.0,-1.0,0.0,-1.0,1.744,-1.0,0.0,0.0,0.0,0.0,0.0,-1.0,0.0,0.0,-1.0,0.0,0.0,1.749,-1.0,0.0,0.0,-1.0,-2.0,0.491,1.747,-2.0,-2.0,0.736,4.081,0.743,1.468,-0.813,2.244,-0.035,5.419,-1.273,-1.269,-1.364,-2.259,-0.253,-3.252,-4.0,2.469,8.13,-2.266,-4.251,8.632,4.208,-2.25,-5.0,0.96,5.355,2.163,-0.512,-1.252,1.486,-3.255,6.163,-2.0,-5.0,14.471,-3.0,-2.253,0.737,5.968,2.494,0.0,0.0,0.0,0.0,0.0,0.0,0.0,0.0,0.0,0.0
BtcGF,BTCUSDc,76,32.0733,38.488,5,2.3776,25.33,369,30.6233,1,9,0,0.01,1.1,2.0,0.0,1.0,16385,1,28.74,14,0,2,0,0.2,3,16.887,21.601,5.964,3.952,-1.027,-1.0,-1.0,1.991,-0.015,-3.0,1.994,7.848,-3.0,-2.007,-0.008,-3.0,-4.0,4.983,1.993,-1.008,-2.006,-3.016,2.311,2.526,9.658,-2.013,-1.002,5.306,1.25,-3.001,0.978,-1.0,-3.0,1.141,-1.015,-1.007,-4.0,10.743,-2.0,1.55,-2.0,-3.0,-0.05,-2.0,-1.0,-4.0,1.98,3.977,-0.045,2.998,-3.0,0.0,0.0,-1.0,-1.0,3.971,-1.0,-1.0,0.0,-1.0,1.993,-1.0,0.0,0.0,0.0,0.0,0.0,-1.0,0.0,0.0,-1.0,0.0,0.0,1.999,-1.0,0.0,0.0,-1.0,-2.0,-0.008,1.997,-2.0,-2.0,1.218,5.775,0.992,-1.013,0.068,2.991,4.157,-0.008,-4.0,-1.022,0.177,-2.011,-0.002,-3.0,-0.965,2.966,8.59,-2.018,-2.001,1.986,4.953,-2.001,-5.0,0.983,10.314,3.05,-2.005,-4.0,2.984,-3.006,4.63,-6.0,-3.0,5.866,-2.0,-5.0,-1.015,12.986,2.994,0.0,0.0,0.0,0.0,0.0,0.0,0.0,0.0,0.0,0.0
BtcGF,BTCUSDc,149,4.4773,6.716,4,0.2142,64.35,367,34.3324,1,11,0,0.01,1.1,1.75,0.0,1.0,16385,1,2.394,0,0,2,0,0.6,3,-4.961,11.677,5.219,3.465,-1.274,3.383,-1.0,1.492,-0.514,-3.0,1.745,1.457,-3.0,-2.256,-0.257,-3.0,0.727,2.526,1.494,-1.257,-2.255,-3.264,4.787,-1.252,3.0,-2.261,-1.251,4.064,-0.25,-3.251,-0.519,-1.25,-3.0,1.211,-1.263,-1.256,-4.0,3.25,-2.0,-2.275,-2.0,-3.0,-0.289,-2.0,-1.0,-4.0,5.024,5.974,-0.29,2.498,-3.0,0.0,0.0,-1.0,1.733,3.474,-1.0,-1.0,0.0,-1.0,1.744,-1.0,0.0,0.0,0.0,0.0,0.0,-1.0,0.0,0.0,-1.0,0.0,0.0,1.749,-1.0,0.0,0.0,-1.0,-2.0,-2.0,1.747,-2.0,-2.0,0.736,4.081,0.743,1.469,-1.361,2.244,0.45,5.419,-1.273,-1.269,2.368,-2.259,-0.253,-3.0,-1.283,2.469,2.192,-2.266,-2.251,3.315,4.208,2.331,-5.0,0.485,3.308,2.163,-0.512,-1.252,2.486,-3.255,0.572,-2.0,-4.0,8.433,-2.0,-3.0,0.737,5.968,2.494,0.0,0.0,0.0,0.0,0.0,0.0,0.0,0.0,0.0,0.0
BtcGF,BTCUSDc,98,28.6733,43.01,4,1.5753,14.95,395,38.481,1,13,0,0.01,1.1,1.5,0.0,0.5,16385,1,36.58,5,0,2,0,0.4,3,-4.746,47.756,4.472,2.97,-0.028,4.793,-2.0,0.993,2.976,-3.0,1.496,0.961,-0.508,-2.505,-1.506,-3.0,-1.522,4.752,0.995,0.989,-1.009,-1.028,1.464,-1.501,1.552,-2.51,-0.453,2.154,-0.5,-3.5,0.066,-1.5,-0.505,2.409,-5.0,-1.505,-4.0,7.183,-2.0,-0.023,-2.0,-3.0,0.208,-3.0,-1.0,-4.0,0.984,4.978,-1.501,2.0,-3.0,0.0,-1.0,0.0,1.485,2.978,-1.0,-1.0,0.0,-1.0,1.494,-1.0,0.0,0.0,0.0,0.0,0.0,-1.0,0.0,0.0,-1.0,0.0,0.0,1.499,-1.0,0.0,0.0,1.498,-2.0,5.529,1.498,3.205,-2.0,0.5,4.892,0.494,4.959,2.015,1.494,-0.631,9.374,2.457,-1.516,-1.924,-2.508,-0.503,-3.0,1.979,1.971,7.867,-0.513,2.929,0.989,3.465,2.415,-2.507,4.884,0.965,1.978,-2.504,-1.004,0.988,-3.504,-0.139,-6.0,2.083,4.834,-2.0,1.299,0.488,4.972,1.995,0.0,0.0,0.0,0.0,0.0,0.0,0.0,0.0,0.0,0.0
BtcGF,BTCUSDc,109,17.6658,21.199,5,0.7747,25.68,370,34.5946,1,11,0,0.01,1.1,1.75,0.0,1.0,16385,1,15.756,1,0,2,0,0.4,3,0.652,20.547,5.219,3.465,-1.274,3.721,-1.0,1.492,-0.514,-3.0,1.745,1.457,-3.0,-2.256,-0.257,-3.0,-1.273,5.276,1.494,-1.257,-2.255,-3.264,6.847,-1.252,4.187,-2.261,-1.251,4.064,-0.25,-3.251,-0.519,-1.25,-3.0,1.211,-1.263,-1.256,-4.0,4.528,-2.0,-2.275,-2.0,-3.0,-0.289,-2.0,-1.0,-4.0,5.024,5.974,-0.29,2.498,-3.0,0.0,0.0,-1.0,1.733,3.474,-1.0,-1.0,0.0,-1.0,1.744,-1.0,0.0,0.0,0.0,0.0,0.0,-1.0,0.0,0.0,-1.0,0.0,0.0,1.749,-1.0,0.0,0.0,-1.0,-2.0,-0.257,1.747,-2.0,-2.0,0.736,4.081,0.743,1.468,-0.813,2.244,0.45,5.419,-1.273,-1.269,2.368,-2.259,-0.253,-3.0,-1.283,2.469,2.192,-2.266,-2.251,4.639,4.208,3.737,-5.0,0.485,3.308,2.163,-0.512,-1.252,2.486,-3.255,1.97,-2.0,-4.0,10.885,-2.0,-3.0,0.737,5.968,2.494,0.0,0.0,0.0,0.0,0.0,0.0,0.0,0.0,0.0,0.0
BtcGF,BTCUSDc,96,15.296,30.592,3,1.5297,20.62,402,37.3134,1,9,0,0.01,1.1,1.5,0.0,0.5,16385,1,24.284,4,0,2,0,0.4,2,4.954,25.638,4.472,2.97,-0.028,2.045,-2.0,0.993,2.976,-3.0,1.496,0.961,-0.508,-2.505,-1.506,-3.0,-0.07,4.752,0.995,0.989,-1.009,-1.028,2.989,-1.501,1.557,-1.018,-0.453,2.353,-0.5,-3.5,0.066,-1.5,-0.505,2.409,0.836,-1.505,-4.0,9.839,-2.0,1.155,-2.0,-3.0,-3.0,-3.0,-1.0,-4.0,4.257,5.018,-1.501,2.0,-3.0,0.0,-1.0,0.0,1.485,2.978,-1.0,-1.0,0.0,-1.0,1.494,-1.0,0.0,0.0,0.0,0.0,0.0,-1.0,0.0,0.0,-1.0,0.0,0.0,1.499,-1.0,0.0,0.0,1.498,-2.0,-0.008,1.498,1.943,-2.0,0.5,3.33,0.494,4.959,1.791,1.494,0.153,9.374,3.956,-1.516,-1.924,-2.508,-0.502,-3.0,1.767,-0.503,7.867,-2.513,0.258,0.989,3.465,2.138,-2.507,1.229,1.536,1.916,-2.504,-2.502,0.988,-3.504,-0.208,-6.0,-4.0,5.304,-2.0,1.442,0.488,4.972,1.995,0.0,0.0,0.0,0.0,0.0,0.0,0.0,0.0,0.0,0.0
BtcGF,BTCUSDc,153,22.6467,27.176,5,1.1859,22.73,365,30.9589,1,11,0,0.01,1.1,2.0,0.0,0.5,16385,1,20.999,4,0,2,0,0.6,4,9.093,18.083,5.964,3.952,0.963,-1.0,-1.0,2.824,-0.015,-3.0,1.994,1.954,-3.0,-2.007,-1.008,-3.0,0.975,6.296,1.993,-1.008,0.548,-3.016,1.204,-1.002,6.171,-2.013,0.23,5.306,-0.001,-3.001,2.444,-1.0,-3.0,1.8,0.94,-1.007,-4.0,5.936,-2.0,-2.028,-2.0,-3.0,-3.0,-3.0,-1.0,-4.0,4.055,4.034,-3.0,2.998,-3.0,0.0,-1.0,0.0,3.647,3.971,-1.0,-1.0,0.0,-1.0,1.993,-1.0,0.0,0.0,0.0,0.0,0.0,-1.0,0.0,0.0,-1.0,0.0,0.0,1.999,-1.0,0.0,0.0,-1.0,-2.0,-2.0,1.997,-2.0,-2.0,1.218,5.775,0.992,-1.012,-0.622,2.991,1.981,2.971,0.605,-1.022,-3.804,-2.011,-0.003,-3.0,-4.0,2.966,6.857,-2.018,0.168,4.364,4.953,3.329,-5.0,1.476,6.22,3.05,-2.005,-4.0,1.984,-3.006,1.311,-2.0,-4.0,5.434,-2.0,-3.0,-1.015,8.973,2.994,0.0,0.0,0.0,0.0,0.0,0.0,0.0,0.0,0.0,0.0
BtcGF,BTCUSDc,140,11.0115,22.023,3,0.811,14.82,385,39.7403,1,9,0,0.01,1.1,1.5,0.0,1.0,16385,1,18.759,0,0,2,0,0.6,3,-7.902,29.925,4.472,2.97,-1.52,2.531,-1.0,0.993,2.976,-3.0,1.496,0.961,-0.508,-2.505,-0.506,-3.0,1.418,2.252,0.995,0.989,-2.504,-1.028,2.482,-1.501,0.433,-2.51,-1.501,2.353,-0.5,-3.5,-1.016,-1.5,-0.505,1.958,-1.511,-1.505,-4.0,4.685,-2.0,0.412,-2.0,-3.0,-0.534,-2.0,-1.0,-4.0,3.471,4.978,-0.536,2.0,-3.0,0.0,0.0,-1.0,1.485,2.978,-1.0,-1.0,0.0,-1.0,1.494,-0.999,0.0,0.0,0.0,0.0,0.0,-1.0,0.0,0.0,-1.0,0.0,0.0,1.499,-1.0,0.0,0.0,1.498,-2.0,3.158,1.498,1.584,-2.0,0.5,3.33,0.494,4.959,1.385,1.494,0.752,6.652,2.457,-1.516,1.56,-2.508,-0.503,-3.0,0.934,1.971,3.924,-2.513,-2.501,0.989,3.465,1.215,-2.507,3.522,4.018,1.916,-2.504,-2.502,4.814,-3.504,-1.196,-6.0,-0.223,3.731,-2.0,-1.367,0.488,4.972,1.995,0.0,0.0,0.0,0.0,0.0,0.0,0.0,0.0,0.0,0.0
BtcGF,BTCUSDc,82,12.7425,25.485,3,1.3378,15.37,422,50.0,1,13,0,0.01,1.1,1.0,0.0,0.5,16385,1,21.568,0,0,2,0,0.4,3,-0.197,25.682,2.982,2.979,-1.019,2.733,0.12,2.985,1.977,-0.029,0.997,-0.013,-1.005,-1.005,-2.004,-1.004,-0.01,1.988,2.015,-0.007,-2.006,-2.018,-0.023,-0.001,1.355,-3.006,2.969,-0.013,0.999,-4.0,-0.318,0.0,0.995,2.039,-1.003,-2.004,-0.732,-1.009,-1.014,1.631,-2.0,-3.0,-0.629,-3.0,0.969,-0.003,-0.011,2.986,-2.001,1.0,-3.0,0.0,-1.0,0.0,0.99,1.986,0.995,-1.0,0.0,3.162,0.996,0.991,0.0,0.0,0.0,0.0,0.0,-1.0,0.0,0.0,-1.0,0.0,0.0,0.999,-1.0,0.0,0.0,0.998,-0.014,1.616,0.998,-0.013,-2.0,0.0,1.988,-0.004,5.15,-1.011,-0.004,-2.01,4.304,0.972,-1.017,0.033,-0.585,1.994,-1.016,1.237,0.976,3.404,2.908,-0.525,-0.007,1.975,1.99,2.268,1.973,4.389,-0.017,-3.003,-2.002,-0.008,-4.003,-1.012,-5.005,-0.802,2.189,4.262,-2.003,-0.008,2.982,0.997,0.0,0.0,0.0,0.0,0.0,0.0,0.0,0.0,0.0,0.0
BtcGF,BTCUSDc,67,-0.8607,-1.291,4,-0.0474,0.0,389,31.8766,1,15,0,0.01,1.1,1.75,0.0,0.5,16385,1,-14.526,4,0,2,0,0.2,3,3.041,-4.332,5.219,3.465,0.467,5.414,-3.0,1.492,-0.514,-3.0,1.745,1.457,-3.0,-2.256,-0.257,-3.0,-4.0,4.229,1.494,-1.257,-0.511,-3.264,7.461,-1.252,5.552,-2.261,-0.168,-1.258,-0.25,-3.251,0.755,-1.25,-3.0,1.851,-5.0,-1.256,-4.0,11.979,-2.0,-1.275,-2.0,-3.0,0.626,-3.0,-1.0,-3.999,5.296,5.974,-1.251,2.498,-3.0,0.0,-1.0,0.0,4.123,3.474,-1.0,-1.0,0.0,-1.0,1.744,-1.0,0.0,0.0,0.0,0.0,0.0,-1.0,0.0,0.0,-1.0,0.0,0.0,1.749,-1.0,0.0,0.0,-1.0,-2.0,-2.0,1.747,-2.0,-2.0,0.736,5.92,0.743,1.468,-0.813,2.244,-0.076,2.224,0.46,-1.269,-1.364,-2.259,-0.253,-3.252,-4.0,1.469,4.205,-3.266,-4.251,1.487,4.208,3.208,-5.0,0.485,2.524,2.258,-0.512,-1.252,1.486,-3.255,-1.28,-6.0,-4.0,6.459,-3.0,-2.253,0.737,5.968,2.494,0.0,0.0,0.0,0.0,0.0,0.0,0.0,0.0,0.0,0.0
BtcGF,BTCUSDc,69,24.5167,29.42,5,1.2003,31.15,370,34.3243,1,11,0,0.01,1.1,1.75,0.0,1.0,16385,1,20.257,5,0,2,0,0.2,4,6.674,22.746,5.219,3.465,-1.274,3.721,-1.0,1.492,-0.514,-3.0,1.745,1.457,-3.0,-2.256,-0.257,-3.0,-1.273,5.276,1.494,-1.257,-2.255,-3.264,8.651,-1.252,5.552,-2.261,-1.251,4.064,-0.25,-3.251,-0.519,-1.25,-3.0,1.211,-1.263,-1.256,-4.0,7.381,-2.0,-2.275,-2.0,-3.0,-0.289,-2.0,-1.0,-4.0,5.024,5.974,-0.29,2.498,-3.0,0.0,0.0,-1.0,1.733,3.474,-1.0,-1.0,0.0,-1.0,1.744,-1.0,0.0,0.0,0.0,0.0,0.0,-1.0,0.0,0.0,-1.0,0.0,0.0,1.749,-1.0,0.0,0.0,-1.0,-2.0,-0.257,1.747,-2.0,-2.0,0.736,4.081,0.743,1.468,-0.813,2.244,0.45,5.419,-1.273,-1.269,2.368,-2.259,-0.253,-3.0,-1.283,2.469,2.192,-2.266,-2.251,8.632,4.208,-2.25,-5.0,0.485,3.308,2.163,-0.512,-1.252,2.486,-3.255,6.163,-2.0,-4.0,10.885,-2.0,-3.0,0.737,5.968,2.494,0.0,0.0,0.0,0.0,0.0,0.0,0.0,0.0,0.0,0.0
BtcGF,BTCUSDc,105,19.1983,23.038,5,0.7146,40.29,382,32.9843,1,11,0,0.01,1.1,1.75,0.0,0.5,16385,1,13.757,5,0,2,0,0.4,4,0.451,22.587,5.219,3.465,0.467,2.993,-1.0,1.978,-0.514,-3.0,1.745,1.457,-3.0,-2.256,-1.257,-3.0,-1.273,5.276,1.494,-1.257,-0.511,-3.264,6.847,-1.252,4.187,-0.52,-0.168,4.064,-0.25,-3.251,0.755,-1.25,-3.0,1.851,-5.0,-1.256,-4.0,5.185,-2.0,-2.275,-2.0,-3.0,-3.0,-3.0,-1.0,-4.0,7.285,6.023,-1.251,2.498,-3.0,0.0,-1.0,0.0,1.733,3.474,-1.0,-1.0,0.0,-1.0,1.744,-1.0,0.0,0.0,0.0,0.0,0.0,-1.0,0.0,0.0,-1.0,0.0,0.0,1.749,-1.0,0.0,0.0,-1.0,-2.0,0.491,1.747,-2.0,-2.0,0.736,4.081,0.743,1.468,-0.813,2.244,-0.035,2.224,-1.273,-1.269,-1.364,-2.259,-0.253,-3.0,-4.0,2.469,7.379,-2.266,1.149,4.639,4.208,3.737,-5.0,0.96,5.355,2.163,-0.512,-1.252,1.486,-3.255,1.97,-2.0,-5.0,11.457,-2.0,-3.0,0.737,5.968,2.494,0.0,0.0,0.0,0.0,0.0,0.0,0.0,0.0,0.0,0.0
BtcGF,BTCUSDc,118,8.6447,12.967,4,0.489,59.81,363,31.405,1,13,0,0.01,1.1,2.0,0.0,1.0,16385,1,5.211,5,0,2,0,0.4,3,-5.974,18.941,5.964,3.952,-1.027,-1.0,-1.0,1.991,-0.015,-3.0,1.994,1.954,-3.0,-2.007,-0.008,-3.0,-4.0,4.983,1.993,-1.008,-2.006,-3.016,-1.022,-1.002,7.75,-2.013,-1.002,3.857,-0.001,-3.001,0.978,-1.0,-3.0,0.141,-1.015,-1.007,-4.0,6.987,-2.0,-2.028,-2.0,-3.0,-0.05,-2.0,-1.0,-4.0,-0.018,3.977,-0.045,2.998,-3.0,0.0,0.0,-1.0,3.827,3.971,-1.0,-1.0,0.0,-1.0,1.993,-1.0,0.0,0.0,0.0,0.0,0.0,-1.0,0.0,0.0,-1.0,0.0,0.0,1.999,-1.0,0.0,0.0,-1.0,-2.0,-0.008,1.997,-2.0,-2.0,1.218,8.159,0.992,-1.013,0.068,2.991,2.551,-0.008,0.605,-1.022,0.177,-2.011,-0.003,-3.0,0.035,2.966,6.912,-2.018,-2.001,1.986,4.953,5.103,-5.0,0.983,0.974,3.179,-2.005,-4.0,2.984,-3.006,3.079,-6.0,-3.0,4.18,-2.0,-3.0,-1.015,8.973,2.994,0.0,0.0,0.0,0.0,0.0,0.0,0.0,0.0,0.0,0.0
BtcGF,BTCUSDc,107,9.8467,14.77,4,0.4329,51.68,379,32.9815,1,15,0,0.01,1.1,1.75,0.0,0.5,16385,1,7.137,6,0,2,0,0.4,3,-5.155,19.925,5.219,3.465,0.467,5.262,-2.0,1.492,-0.514,-3.0,1.745,1.457,-3.0,-2.256,-0.257,-3.0,-4.0,4.229,1.494,-1.257,-0.511,-3.264,4.441,-1.252,3.87,-2.261,-0.168,-1.258,-0.25,-3.251,0.755,-1.25,-3.0,1.851,-5.0,-1.256,-4.0,6.377,-2.0,-1.275,-2.0,-3.0,0.626,-3.0,-1.0,-3.999,5.296,5.974,-1.251,2.498,-3.0,0.0,-1.0,0.0,4.123,3.474,-1.0,-1.0,0.0,-1.0,1.744,-1.0,0.0,0.0,0.0,0.0,0.0,-1.0,0.0,0.0,-1.0,0.0,0.0,1.749,-1.0,0.0,0.0,-1.0,-2.0,-1.999,1.747,-2.0,-2.0,0.736,5.92,0.743,1.468,-0.813,2.244,-0.076,2.224,0.46,-1.269,-1.364,-2.259,-0.253,-4.0,-4.0,2.469,10.24,-0.266,3.729,1.487,4.208,3.208,-5.0,0.485,2.524,2.258,-0.512,-1.252,1.486,-3.255,-1.28,-6.0,-3.0,13.455,-2.0,-3.0,0.737,5.968,2.494,0.0,0.0,0.0,0.0,0.0,0.0,0.0,0.0,0.0,0.0
BtcGF,BTCUSDc,49,7.64,15.28,3,0.6047,45.56,415,42.4096,1,11,0,0.01,1.1,1.25,0.0,0.5,16385,1,8.318,1,0,2,0,0.2,2,-4.267,19.547,3.727,3.723,-0.523,1.778,-1.0,2.044,1.98,-3.0,1.247,0.483,-0.757,-0.507,-1.755,-0.755,-1.757,3.117,2.698,0.491,-1.507,-1.523,0.721,0.499,0.55,-1.515,0.483,0.483,-0.75,-3.75,0.619,-1.75,-0.754,3.473,-2.75,-1.754,0.252,1.229,-2.0,-1.52,-2.0,-3.0,-4.0,-3.0,1.815,-1.754,4.219,4.014,-1.751,1.5,-3.0,0.0,-1.0,0.0,1.238,2.482,-1.0,-1.0,0.0,0.24,1.245,1.239,0.0,0.0,0.0,0.0,0.0,-1.0,0.0,0.0,-1.0,0.0,0.0,1.249,-1.0,0.0,0.0,1.248,-2.0,-0.506,1.248,0.233,-2.0,0.25,2.484,0.245,6.453,-0.421,0.745,-1.228,7.343,1.715,-0.521,-3.733,-2.757,3.089,-1.521,-4.0,1.474,6.095,-2.761,-4.751,3.341,2.721,-0.503,-0.508,1.763,3.018,0.73,-2.753,-2.752,0.49,-3.754,2.969,-3.756,-0.295,8.619,3.107,-4.0,0.24,3.978,1.496,0.0,0.0,0.0,0.0,0.0,0.0,0.0,0.0,0.0,0.0
BtcGF,BTCUSDc,108,18.8208,22.585,5,0.9224,24.1,375,33.8667,1,9,0,0.01,1.1,1.75,0.0,1.0,16385,1,17.142,1,0,2,0,0.4,4,3.752,18.833,5.219,3.465,-1.274,3.721,-1.0,1.492,-0.514,-3.0,1.745,3.555,-3.0,-2.256,-0.257,-3.0,-4.0,5.933,1.494,-1.257,-2.255,-3.264,6.747,1.042,4.187,-2.261,-1.251,4.064,-0.25,-3.251,-0.519,-1.25,-3.0,1.211,-1.263,-1.256,-4.0,4.528,-2.0,0.603,-2.0,-3.0,-0.289,-2.0,-1.0,-4.0,5.024,5.974,-0.29,2.498,-3.0,0.0,0.0,-1.0,1.733,3.474,-1.0,-1.0,0.0,-1.0,1.744,-1.0,0.0,0.0,0.0,0.0,0.0,-1.0,0.0,0.0,-1.0,0.0,0.0,1.749,-1.0,0.0,0.0,-1.0,-2.0,-2.0,1.747,-2.0,-2.0,0.736,4.081,0.743,1.468,-0.813,2.244,1.954,5.419,-1.273,-1.269,2.368,-2.259,-0.252,-3.0,-1.283,2.469,2.192,-2.266,-2.251,1.487,4.208,3.571,-5.0,0.485,8.09,2.163,-0.512,-1.252,2.486,-3.255,1.954,-6.0,-3.0,10.961,-2.0,-5.0,0.737,5.968,2.494,0.0,0.0,0.0,0.0,0.0,0.0,0.0,0.0,0.0,0.0
BtcGF,BTCUSDc,135,6.729,13.458,3,0.5383,16.15,395,45.5696,1,15,0,0.01,1.1,1.25,0.0,1.0,16385,1,11.284,0,0,2,0,0.6,3,-6.426,19.884,3.727,3.723,-1.767,1.243,-1.0,1.735,1.98,-3.0,1.247,0.483,-0.757,-0.507,-0.755,-0.755,0.243,0.486,2.67,0.491,-2.753,-1.523,0.721,0.499,-0.263,-2.758,0.483,0.483,-0.75,-3.75,-0.271,-1.75,-0.754,3.211,0.491,-1.754,-2.753,0.49,-2.0,-0.52,-2.0,-3.0,-0.78,-2.0,1.461,0.481,2.726,3.982,-0.782,1.5,-3.0,0.0,0.0,-1.0,1.238,2.482,-1.0,-1.0,0.0,3.243,1.245,1.239,0.0,0.0,0.0,0.0,0.0,-1.0,0.0,0.0,-1.0,0.0,0.0,1.249,-1.0,0.0,0.0,1.248,-2.0,0.488,1.248,0.233,-2.0,0.25,2.484,0.245,6.206,-0.514,0.745,-1.002,5.148,1.715,-0.521,-0.498,-2.757,2.743,-0.77,0.439,1.474,2.945,-2.761,-2.751,0.491,2.721,2.252,-0.508,3.841,-0.519,0.73,-2.753,-2.752,2.713,-3.754,-0.525,-3.756,-2.805,2.462,2.495,-2.176,0.24,3.978,1.496,0.0,0.0,0.0,0.0,0.0,0.0,0.0,0.0,0.0,0.0
BtcGF,BTCUSDc,94,9.1155,18.231,3,0.7012,15.47,398,45.4774,1,13,0,0.01,1.1,1.25,0.0,1.0,16385,1,15.411,0,0,2,0,0.4,3,-5.341,23.572,3.727,3.723,-1.767,1.243,-1.0,1.735,1.98,-3.0,1.247,0.483,-0.757,-0.507,-0.755,-0.755,-1.757,3.571,2.67,0.491,-2.753,-1.523,0.721,0.499,-0.263,-2.758,0.483,0.483,-0.75,-3.75,-0.271,-1.75,-0.754,3.211,0.491,-1.754,-2.753,0.49,-2.0,-1.52,-2.0,-3.0,-0.78,-2.0,1.461,0.481,2.726,3.982,-0.782,1.5,-3.0,0.0,0.0,-1.0,1.238,2.482,-1.0,-1.0,0.0,3.243,1.245,1.239,0.0,0.0,0.0,0.0,0.0,-1.0,0.0,0.0,-1.0,0.0,0.0,1.249,-1.0,0.0,0.0,1.248,-2.0,0.488,1.248,0.233,-2.0,0.25,2.484,0.245,6.206,-0.514,0.745,-0.925,5.148,1.715,-0.521,-0.498,-2.757,2.854,-0.77,0.439,1.474,2.945,-2.761,-2.751,0.491,2.721,3.317,-0.508,3.717,-0.519,0.73,-2.753,-2.752,4.178,-3.754,1.001,-3.756,-2.805,2.86,2.495,-2.006,0.24,3.978,1.496,0.0,0.0,0.0,0.0,0.0,0.0,0.0,0.0,0.0,0.0
BtcGF,BTCUSDc,73,26.8808,32.257,5,1.1798,35.29,384,30.2083,1,11,0,0.01,1.1,2.0,0.0,0.5,16385,1,20.873,8,0,2,0,0.2,2,10.499,21.758,5.964,3.952,0.963,-1.0,-1.0,2.824,-0.015,-3.0,1.994,1.954,-3.0,-2.007,-1.008,-3.0,-1.025,4.983,1.993,-1.008,0.548,-3.016,2.311,-1.002,9.658,-0.024,0.23,5.306,-0.001,-3.001,2.444,-1.0,-3.0,1.8,-5.0,-1.007,-4.0,8.451,-2.0,-2.028,-2.0,-3.0,-4.0,-3.0,-1.0,-4.0,4.625,4.034,-1.002,2.998,-3.0,0.0,-1.0,0.0,3.647,3.971,-1.0,-1.0,0.0,-1.0,1.993,-1.0,0.0,0.0,0.0,0.0,0.0,-1.0,0.0,0.0,-1.0,0.0,0.0,1.999,-1.0,0.0,0.0,-1.0,-2.0,0.99,1.997,-2.0,-2.0,1.218,5.775,0.992,-1.013,0.068,2.991,1.981,-0.008,0.605,-1.022,-3.804,-2.011,-0.003,-3.002,-4.0,2.966,10.271,-2.018,-4.002,11.279,4.953,-2.001,-5.0,1.744,6.522,3.05,-2.005,-4.0,1.984,-3.006,8.384,-2.0,-5.0,0.936,-3.0,-2.004,-1.015,8.973,2.994,0.0,0.0,0.0,0.0,0.0,0.0,0.0,0.0,0.0,0.0
BtcGF,BTCUSDc,90,21.148,31.722,4,1.3405,16.25,406,43.8424,1,13,0,0.01,1.1,1.25,0.0,0.5,16385,1,26.567,1,0,2,0,0.4,3,-8.099,39.821,3.727,3.723,-0.523,3.508,-2.0,1.735,1.98,-3.0,1.247,0.483,-0.757,-0.507,-1.755,-0.755,-1.757,3.571,2.698,0.491,-1.507,-1.523,0.721,0.499,0.55,-2.758,0.483,0.483,-0.75,-3.75,0.619,-1.75,-0.754,3.473,-2.75,-1.754,0.338,-0.511,-2.0,-0.519,-2.0,-3.0,-0.211,-3.0,1.461,-1.754,0.487,3.982,-1.751,1.5,-3.0,0.0,-1.0,0.0,1.238,2.482,-1.0,-1.0,0.0,0.24,1.245,1.239,0.0,0.0,0.0,0.0,0.0,-1.0,0.0,0.0,-1.0,0.0,0.0,1.249,-1.0,0.0,0.0,1.248,-2.0,2.905,1.248,0.233,-2.0,0.25,2.484,0.245,6.453,-0.421,0.745,-1.228,7.177,1.715,-0.521,-3.733,-2.757,2.854,-0.77,0.971,1.474,5.642,4.394,-0.633,0.491,2.721,3.317,-0.508,3.717,0.182,0.73,-2.753,-1.504,0.49,-3.754,1.001,-3.756,0.137,3.138,2.859,0.169,0.24,3.978,1.496,0.0,0.0,0.0,0.0,0.0,0.0,0.0,0.0,0.0,0.0
BtcGF,BTCUSDc,57,12.23,24.46,3,0.9179,39.37,402,37.0647,1,11,0,0.01,1.1,1.5,0.0,0.5,16385,1,14.831,6,0,2,0,0.2,2,-2.84,27.3,4.472,2.97,-0.028,2.437,-1.0,1.39,2.976,-3.0,1.496,0.961,-0.508,-2.505,-1.506,-3.0,-1.522,4.196,0.995,0.989,-1.009,-1.028,2.989,-1.501,2.835,-1.018,-0.453,2.353,-0.5,-3.5,0.066,-1.5,-0.505,2.409,-5.0,-1.505,-4.0,8.91,-2.0,-1.024,-2.0,-3.0,-4.0,-3.0,-1.0,-4.0,5.348,5.018,-1.501,2.0,-3.0,0.0,-1.0,0.0,1.485,2.978,-1.0,-1.0,0.0,-1.0,1.494,-1.0,0.0,0.0,0.0,0.0,0.0,-1.0,0.0,0.0,-1.0,0.0,0.0,1.499,-1.0,0.0,0.0,1.498,-2.0,-0.008,1.498,1.943,-2.0,0.5,3.33,0.494,4.959,2.015,1.494,-0.631,9.598,2.457,-1.516,-1.924,-2.508,-0.503,-3.502,-4.0,1.971,8.469,-2.513,-4.501,5.987,3.465,-2.5,-2.507,2.723,4.186,1.916,-2.504,-2.502,0.988,-3.504,2.942,-2.0,-5.0,11.045,-1.503,-4.0,0.488,4.972,1.995,0.0,0.0,0.0,0.0,0.0,0.0,0.0,0.0,0.0,0.0
BtcGF,BTCUSDc,116,25.1908,30.229,5,1.4712,25.8,368,30.7065,1,9,0,0.01,1.1,2.0,0.0,1.0,16385,1,22.431,14,0,2,0,0.4,3,8.561,21.668,5.964,3.952,-1.027,-1.0,-1.0,1.991,-0.015,-3.0,1.994,5.221,-3.0,-2.007,-0.008,-3.0,-4.0,4.983,1.993,-1.008,-2.006,-3.016,2.311,2.449,7.792,-2.013,-1.002,5.306,1.25,-3.001,0.978,-1.0,-3.0,1.141,-1.015,-1.007,-4.0,6.987,-2.0,1.55,-2.0,-3.0,-0.05,-2.0,-1.0,-4.0,1.98,3.977,-0.045,2.998,-3.0,0.0,0.0,-1.0,-1.0,3.971,-1.0,-1.0,0.0,-1.0,1.993,-1.0,0.0,0.0,0.0,0.0,0.0,-1.0,0.0,0.0,-1.0,0.0,0.0,1.999,-1.0,0.0,0.0,-1.0,-2.0,-2.0,1.997,-2.0,-2.0,1.218,5.775,0.992,-1.013,0.068,2.991,4.157,-0.008,-4.0,-1.022,0.177,-2.011,-0.002,-3.0,-0.965,2.966,5.519,-2.018,-2.001,1.986,4.953,5.004,-5.0,0.983,10.147,3.05,-2.005,-4.0,2.984,-3.006,3.181,-6.0,-3.0,5.607,-2.0,-5.0,-1.015,12.986,2.994,0.0,0.0,0.0,0.0,0.0,0.0,0.0,0.0,0.0,0.0
BtcGF,BTCUSDc,39,6.3153,9.473,4,0.3632,102.9,363,31.405,1,15,0,0.01,1.1,2.0,0.0,1.0,16385,1,-0.275,4,0,2,0,0.0,3,-3.564,13.037,5.964,3.952,-1.027,-1.0,-1.0,1.991,-0.015,-3.0,1.994,1.954,-3.0,-2.007,-0.008,-3.0,-4.0,4.983,1.993,-1.008,-2.006,-3.016,-1.022,-1.002,8.271,-2.013,-1.002,-1.009,-0.001,-3.001,0.978,-1.0,-3.0,0.141,-1.015,-1.007,-4.0,10.743,-2.0,-1.028,-2.0,-3.0,-0.05,-2.0,-1.0,-3.999,1.98,3.977,-0.045,2.998,-3.0,0.0,0.0,-1.0,3.827,3.971,-1.0,-1.0,0.0,-1.0,1.993,-1.0,0.0,0.0,0.0,0.0,0.0,-1.0,0.0,0.0,-1.0,0.0,0.0,1.999,-1.0,0.0,0.0,-1.0,-2.0,-0.008,1.997,-2.0,-2.0,1.218,6.948,0.992,-1.013,0.068,2.991,2.429,-0.008,0.605,-1.022,0.177,-2.011,-0.003,-3.0,0.035,2.966,6.912,-2.018,-2.001,1.986,4.953,4.644,-5.0,0.983,0.974,3.179,-2.005,-4.0,2.984,-3.006,-1.033,-6.0,-3.0,4.18,-2.0,-3.0,-1.015,8.973,2.994,0.0,0.0,0.0,0.0,0.0,0.0,0.0,0.0,0.0,0.0
BtcGF,BTCUSDc,132,8.0095,16.019,3,0.6401,13.77,396,45.4545,1,9,0,0.01,1.1,1.25,0.0,1.0,16385,1,13.813,0,0,2,0,0.6,3,-5.617,21.636,3.727,3.723,-1.767,1.243,-1.0,1.735,1.98,-3.0,1.247,0.483,-0.757,-0.507,-0.755,-0.755,0.243,1.321,2.67,0.491,-2.753,-1.523,0.721,0.499,-0.263,-2.758,0.483,0.483,-0.75,-3.75,-0.271,-1.75,-0.754,3.211,0.491,-1.754,-2.753,0.49,-2.0,-0.546,-2.0,-3.0,-0.78,-2.0,1.461,0.481,2.726,3.982,-0.782,1.5,-3.0,0.0,0.0,-1.0,1.238,2.482,-1.0,-1.0,0.0,0.24,1.245,1.239,0.0,0.0,0.0,0.0,0.0,-1.0,0.0,0.0,-1.0,0.0,0.0,1.249,-1.0,0.0,0.0,1.248,-2.0,0.488,1.248,0.233,-2.0,0.25,2.484,0.245,6.206,-0.514,0.745,-0.638,5.148,1.715,-0.521,-0.498,-2.757,3.089,-0.77,0.439,1.474,2.945,-2.761,-2.751,0.491,2.721,2.425,-0.508,2.596,2.99,0.73,-2.753,-2.752,3.556,-3.754,0.291,-3.756,-2.805,2.432,2.495,-2.197,0.24,3.978,1.496,0.0,0.0,0.0,0.0,0.0,0.0,0.0,0.0,0.0,0.0
BtcGF,BTCUSDc,80,10.1965,20.393,3,1.0706,17.07,425,49.1765,1,9,0,0.01,1.1,1.0,0.0,0.5,16385,1,16.912,0,0,2,0,0.4,3,5.663,14.73,2.982,2.979,-1.019,1.104,0.236,2.985,1.977,1.381,0.997,-0.013,-1.005,-1.005,-2.004,-1.004,-0.01,1.988,2.015,-0.007,-2.006,-2.018,-0.023,-0.001,0.983,-2.011,2.969,-0.013,0.999,-4.0,-0.318,0.0,0.995,2.039,3.512,-2.004,-1.246,1.338,-1.014,0.472,-2.0,-3.0,-3.0,-3.0,1.156,-0.003,2.3,3.01,-2.001,1.0,-3.0,0.0,-1.0,0.0,0.99,1.986,0.995,-1.0,0.0,3.307,0.996,0.991,0.0,0.0,0.0,0.0,0.0,-1.0,0.0,0.0,-1.0,0.0,0.0,0.999,-1.0,0.0,0.0,0.998,-0.014,-1.005,0.998,-0.013,-2.0,0.0,1.988,-0.004,5.15,-1.011,-0.004,-2.01,4.304,1.971,-1.017,0.033,-0.585,1.994,-1.016,-1.519,-1.002,3.404,-2.012,-0.525,-0.007,1.975,1.99,3.023,-0.022,1.988,-0.017,-3.003,-3.001,-0.008,-4.003,-0.012,-5.005,-1.459,6.568,4.359,-2.003,-0.008,2.982,0.997,0.0,0.0,0.0,0.0,0.0,0.0,0.0,0.0,0.0,0.0
BtcGF,BTCUSDc,154,21.5625,25.875,5,1.4389,24.72,365,31.2329,1,13,0,0.01,1.1,2.0,0.0,0.5,16385,1,19.478,5,0,2,0,0.6,4,2.375,23.5,5.964,3.952,0.963,-1.0,-2.0,2.138,-0.015,-3.0,1.994,1.954,-3.0,-2.007,-1.008,-3.0,-2.0,7.39,1.993,-1.008,-0.013,-3.016,-1.022,-1.002,6.142,-2.013,0.105,3.857,-0.001,-3.001,2.444,-1.0,-3.0,1.8,0.94,-1.007,-4.0,6.386,-2.0,-1.027,-2.0,-3.0,1.034,-3.0,-1.0,-4.0,2.113,3.977,-3.0,2.998,-3.0,0.0,-1.0,0.0,2.4,3.971,-1.0,-1.0,0.0,-1.0,1.993,-1.0,0.0,0.0,0.0,0.0,0.0,-1.0,0.0,0.0,-1.0,0.0,0.0,1.999,-1.0,0.0,0.0,-1.0,-2.0,-2.0,1.997,-2.0,-1.0,1.218,7.518,0.992,-1.012,-0.622,2.991,1.981,2.971,0.605,-1.022,-3.804,-2.011,-0.003,-3.0,-4.0,2.966,10.831,-0.018,2.557,1.986,4.953,3.32,-5.0,1.054,2.531,3.179,-2.005,-2.003,1.984,-3.006,1.311,-6.0,-3.0,6.117,-2.0,-3.0,-1.015,8.973,2.994,0.0,0.0,0.0,0.0,0.0,0.0,0.0,0.0,0.0,0.0
BtcGF,BTCUSDc,122,10.36,20.72,3,1.0877,11.3,420,50.4762,1,13,0,0.01,1.1,1.0,0.0,0.5,16385,1,18.379,0,0,2,0,0.6,3,1.931,18.789,2.982,2.979,-1.019,1.898,-0.383,2.985,1.977,-0.029,0.997,-0.013,-1.005,-1.005,-2.004,-1.004,-0.01,1.988,2.015,-0.007,-2.006,-2.018,-0.023,-0.001,1.355,-3.006,2.969,-0.013,0.999,-4.0,-0.318,0.0,0.995,2.039,2.818,-2.004,-1.893,-1.009,-1.014,1.631,-2.0,-3.0,-0.629,-3.0,0.969,-0.003,2.794,2.986,-3.0,1.0,-3.0,0.0,-1.0,0.0,0.99,1.986,0.995,-1.0,0.0,2.634,0.996,0.991,0.0,0.0,0.0,0.0,0.0,-1.0,0.0,0.0,-1.0,0.0,0.0,0.999,-1.0,0.0,0.0,0.998,-0.014,1.01,0.998,-0.013,-2.0,0.0,1.988,-0.004,5.15,-1.011,-0.004,-2.01,3.697,0.972,-1.017,0.033,-0.585,1.994,-1.016,-0.036,0.976,2.888,1.332,-1.209,-0.007,1.975,1.99,2.268,1.973,4.389,-0.017,-3.003,-2.002,-0.008,-4.003,-1.012,-5.005,-1.881,2.189,3.238,-2.003,-0.008,2.982,0.997,0.0,0.0,0.0,0.0,0.0,0.0,0.0,0.0,0.0,0.0
BtcGF,BTCUSDc,115,15.0287,22.543,4,0.7935,40.23,373,30.8311,1,15,0,0.01,1.1,2.0,0.0,0.5,16385,1,13.475,7,0,2,0,0.4,4,-3.212,25.755,5.964,3.952,0.963,-1.0,-2.0,2.138,-0.015,-3.0,1.994,1.954,-3.0,-2.007,-0.008,-3.0,-4.0,4.983,1.993,-1.008,-0.013,-3.016,-1.022,-1.002,6.305,-2.013,0.105,-1.009,-0.001,-3.001,2.444,-1.0,-3.0,0.8,-5.0,-1.007,-4.0,9.062,-2.0,-1.028,-2.0,-3.0,1.034,-3.0,-1.0,-3.999,2.54,3.977,-1.002,2.998,-3.0,0.0,-1.0,0.0,4.762,3.971,-1.0,-1.0,0.0,-1.0,1.993,-1.0,0.0,0.0,0.0,0.0,0.0,-1.0,0.0,0.0,-1.0,0.0,0.0,1.999,-1.0,0.0,0.0,-1.0,-2.0,-1.999,1.997,-2.0,-2.0,1.218,6.948,0.992,-1.013,0.068,2.991,1.931,2.971,2.586,-1.022,-3.804,-2.011,-0.003,-4.0,-4.0,2.966,12.306,-0.018,5.141,1.986,4.953,4.644,-5.0,0.983,3.41,3.179,-2.005,-4.0,1.984,-3.006,-1.033,-6.0,-3.0,8.471,-2.0,-3.0,-1.015,8.973,2.994,0.0,0.0,0.0,0.0,0.0,0.0,0.0,0.0,0.0,0.0
BtcGF,BTCUSDc,136,9.0405,18.081,3,0.7439,26.41,394,37.5635,1,9,0,0.01,1.1,1.5,0.0,0.5,16385,1,13.305,0,0,2,0,0.6,2,-5.682,23.763,4.472,2.97,-0.028,2.045,-2.0,0.993,2.976,-3.0,1.496,0.961,-0.508,-2.505,-1.506,-3.0,1.418,2.252,0.995,0.989,-1.009,-1.028,2.482,-1.501,0.433,-2.51,-0.453,2.353,-0.5,-3.5,0.066,-1.5,-0.505,2.409,-0.128,-1.505,-4.0,6.544,-2.0,0.412,-2.0,-3.0,-3.0,-3.0,-1.0,-4.0,4.257,5.018,-3.0,2.0,-3.0,0.0,-1.0,0.0,1.485,2.978,-1.0,-1.0,0.0,-1.0,1.494,-0.999,0.0,0.0,0.0,0.0,0.0,-1.0,0.0,0.0,-1.0,0.0,0.0,1.499,-1.0,0.0,0.0,1.498,-2.0,4.274,1.498,1.584,-2.0,0.5,3.33,0.494,4.959,1.385,1.494,0.153,8.135,3.956,-1.516,-1.924,-2.508,-0.503,-3.0,0.913,-0.503,6.353,-2.513,-1.02,0.989,3.465,1.215,-2.507,1.029,1.536,1.916,-2.504,-2.502,0.988,-3.504,-1.196,-6.0,-0.174,4.772,-2.0,-0.248,0.488,4.972,1.995,0.0,0.0,0.0,0.0,0.0,0.0,0.0,0.0,0.0,0.0
BtcGF,BTCUSDc,74,6.1667,9.25,4,0.2985,168.63,384,29.1667,1,13,0,0.01,1.1,2.0,0.0,0.5,16385,1,-6.348,5,0,2,0,0.2,3,-11.036,20.286,5.964,3.952,0.963,-1.0,-3.0,2.138,-0.015,-3.0,1.994,1.954,-3.0,-2.007,-1.008,-3.0,-4.0,4.983,1.993,-1.008,-0.013,-3.016,-1.022,-1.002,-2.006,-2.013,0.105,3.857,-0.001,-3.001,2.444,-1.0,-3.0,0.8,-5.0,-1.007,-4.0,15.592,-2.0,-1.027,-2.0,-3.0,1.034,-3.0,-1.0,-4.0,-3.0,3.977,-1.002,2.998,-3.0,0.0,-1.0,0.0,2.4,3.971,-1.0,-1.0,0.0,-1.0,1.993,-1.0,0.0,0.0,0.0,0.0,0.0,-1.0,0.0,0.0,-1.0,0.0,0.0,1.999,-1.0,0.0,0.0,-1.0,-2.0,-2.0,1.997,-2.0,-2.0,1.218,8.159,0.992,-1.013,0.068,2.991,1.981,-0.008,0.605,-1.022,-3.804,-2.011,-0.003,-3.002,-4.0,2.966,14.245,-3.018,-4.002,1.986,4.953,10.481,-5.0,1.054,2.531,3.179,-2.005,-2.003,1.984,-3.006,8.384,-6.0,-4.0,-0.538,-3.0,-2.004,-1.015,8.973,2.994,0.0,0.0,0.0,0.0,0.0,0.0,0.0,0.0,0.0,0.0
BtcGF,BTCUSDc,63,9.245,18.49,3,0.6386,35.26,386,39.1192,1,15,0,0.01,1.1,1.5,0.0,1.0,16385,1,11.971,3,0,2,0,0.2,3,-9.485,27.975,4.472,2.97,-1.52,2.746,-1.0,0.993,2.976,-3.0,1.496,0.961,-0.508,-2.505,-0.506,-3.0,-1.522,3.482,0.995,0.989,-2.504,-1.028,1.464,-1.501,2.835,-2.51,-1.501,-1.507,-0.5,-3.5,-1.016,-1.5,-0.505,1.958,-1.511,-1.505,-4.0,7.508,-2.0,-0.024,-2.0,-3.0,-0.534,-2.0,-1.0,-3.999,3.471,4.978,-0.536,2.0,-3.0,0.0,0.0,-1.0,1.485,2.978,-1.0,-1.0,0.0,-1.0,1.494,-1.0,0.0,0.0,0.0,0.0,0.0,-1.0,0.0,0.0,-1.0,0.0,0.0,1.499,-1.0,0.0,0.0,1.498,-2.0,-0.506,1.498,5.519,-2.0,0.5,4.892,0.494,4.959,1.791,1.494,-0.325,6.652,2.457,-1.516,1.56,-2.508,-0.503,-3.0,0.934,1.971,3.924,-2.513,-2.501,0.989,3.465,1.772,-2.507,5.216,-0.021,1.978,-2.504,-2.502,3.459,-3.504,-2.527,-6.0,-0.045,4.493,-2.0,-1.006,0.488,4.972,1.995,0.0,0.0,0.0,0.0,0.0,0.0,0.0,0.0,0.0,0.0
BtcGF,BTCUSDc,33,51.6408,61.969,5,2.2665,57.76,384,30.2083,1,11,0,0.01,1.1,2.0,0.0,0.5,16385,1,26.173,8,0,2,0,0.0,2,10.499,51.47,5.964,3.952,0.963,-1.0,-1.0,2.824,-0.015,-3.0,1.994,1.954,-3.0,-2.007,-1.008,-3.0,-1.025,4.983,1.993,-1.008,0.548,-3.016,2.311,-1.002,9.658,-0.024,0.23,5.306,-0.001,-3.001,2.444,-1.0,-3.0,1.8,-5.0,-1.007,-4.0,8.451,-2.0,-2.028,-2.0,-3.0,-4.0,-3.0,-1.0,-4.0,4.625,4.034,-1.002,2.998,-3.0,0.0,-1.0,0.0,3.647,3.971,-1.0,-1.0,0.0,-1.0,1.993,-1.0,0.0,0.0,0.0,0.0,0.0,-1.0,0.0,0.0,-1.0,0.0,0.0,1.999,-1.0,0.0,0.0,-1.0,-2.0,0.99,1.997,-2.0,-2.0,1.218,5.775,0.992,-1.013,0.068,2.991,1.981,-0.008,0.605,-1.022,-3.804,-2.011,-0.003,-3.002,-4.0,2.966,10.271,-2.018,-4.002,35.786,4.953,-2.001,-5.0,1.744,6.522,3.05,-2.005,-4.0,1.984,-3.006,13.589,-2.0,-5.0,0.936,-3.0,-2.004,-1.015,8.973,2.994,0.0,0.0,0.0,0.0,0.0,0.0,0.0,0.0,0.0,0.0
BtcGF,BTCUSDc,138,15.2015,30.403,3,1.218,14.08,391,38.8747,1,13,0,0.01,1.1,1.5,0.0,0.5,16385,1,26.121,0,0,2,0,0.6,3,-4.285,34.688,4.472,2.97,-0.028,3.461,-2.0,0.993,2.976,-3.0,1.496,0.961,-0.508,-2.505,-1.506,-3.0,0.478,2.252,0.995,0.989,-1.009,-1.028,1.464,-1.501,0.428,-2.51,-0.453,2.154,-0.5,-3.5,0.066,-1.5,-0.505,2.409,-0.119,-1.505,-4.0,5.268,-2.0,-0.023,-2.0,-3.0,0.208,-3.0,-1.0,-4.0,4.934,4.978,-3.0,2.0,-3.0,0.0,-1.0,0.0,1.485,2.978,-1.0,-1.0,0.0,-1.0,1.494,-1.0,0.0,0.0,0.0,0.0,0.0,-1.0,0.0,0.0,-1.0,0.0,0.0,1.499,-1.0,0.0,0.0,1.498,-2.0,4.375,1.498,2.146,-2.0,0.5,4.48,0.494,4.959,1.609,1.494,-0.631,8.135,2.457,-1.516,-1.924,-2.508,-0.503,-3.0,0.617,1.971,6.353,-0.513,0.39,0.989,3.465,1.36,-2.507,4.884,0.965,1.978,-2.504,-1.004,0.988,-3.504,-1.166,-6.0,1.087,4.127,-2.0,-0.299,0.488,4.972,1.995,0.0,0.0,0.0,0.0,0.0,0.0,0.0,0.0,0.0,0.0
BtcGF,BTCUSDc,46,7.81,15.62,3,1.0186,6.4,413,52.0581,1,13,0,0.01,1.1,1.0,0.0,1.0,16385,1,14.62,0,0,2,0,0.2,3,5.373,10.247,2.982,2.979,-2.014,0.995,-0.014,2.976,1.977,-0.029,0.997,-0.013,-1.005,-1.005,-1.004,-1.004,-0.01,1.988,1.996,-0.007,-3.003,-2.018,-0.023,-0.001,0.983,-3.006,2.969,-0.013,0.999,-4.0,-1.016,0.0,0.995,1.965,1.99,-2.004,-3.002,0.989,-1.014,0.976,-2.0,-3.0,-1.025,-0.009,0.969,1.985,1.98,2.986,-1.027,1.0,-3.0,0.0,0.0,-1.0,0.99,1.986,0.995,-1.0,0.0,1.99,0.996,0.991,0.0,0.0,0.0,0.0,0.0,-1.0,0.0,0.0,-1.0,0.0,0.0,0.999,-1.0,0.0,0.0,0.998,-0.014,-0.01,0.998,-0.013,-2.0,0.0,1.988,-0.004,4.965,-1.011,-0.004,-2.01,2.969,0.972,-1.017,2.978,-1.009,1.994,-1.016,-2.046,0.976,1.951,-3.009,-2.002,-0.007,1.975,1.99,1.957,1.973,3.973,-0.017,-3.003,-3.001,1.975,-4.003,1.956,-5.005,-3.053,1.973,1.988,-2.003,-0.008,2.982,0.997,0.0,0.0,0.0,0.0,0.0,0.0,0.0,0.0,0.0,0.0
BtcGF,BTCUSDc,99,23.058,34.587,4,1.1442,17.92,394,38.0711,1,15,0,0.01,1.1,1.5,0.0,0.5,16385,1,28.39,5,0,2,0,0.4,3,-5.31,39.897,4.472,2.97,-0.028,4.391,-2.0,0.993,2.976,-3.0,1.496,0.961,-0.508,-2.505,-0.506,-3.0,-1.522,3.482,0.995,0.989,-1.009,-1.028,1.464,-1.501,1.557,-2.51,-0.453,-1.507,-0.5,-3.5,0.066,-1.5,-0.505,2.409,-5.0,-1.505,-4.0,7.183,-2.0,-0.024,-2.0,-3.0,0.208,-3.0,-1.0,-3.999,3.721,4.978,-1.501,2.0,-3.0,0.0,-1.0,0.0,3.512,2.978,-1.0,-1.0,0.0,-1.0,1.494,-1.0,0.0,0.0,0.0,0.0,0.0,-1.0,0.0,0.0,-1.0,0.0,0.0,1.499,-1.0,0.0,0.0,1.498,-2.0,5.542,1.498,2.706,-2.0,0.5,4.892,0.494,4.959,2.015,1.494,-0.668,9.374,5.141,-1.516,-1.924,-2.508,-0.503,-4.0,-4.0,1.971,7.175,-0.513,2.314,0.989,3.465,1.772,-2.507,5.216,1.637,1.978,-2.504,-2.502,0.988,-3.504,-2.527,-6.0,2.061,5.621,-2.0,1.325,0.488,4.972,1.995,0.0,0.0,0.0,0.0,0.0,0.0,0.0,0.0,0.0,0.0
BtcGF,BTCUSDc,139,12.3265,24.653,3,0.8534,17.37,389,38.5604,1,15,0,0.01,1.1,1.5,0.0,0.5,16385,1,20.371,0,0,2,0,0.6,3,-8.576,33.229,4.472,2.97,-0.028,3.145,-2.0,0.993,2.976,-3.0,1.496,0.961,-0.508,-2.505,-0.506,-3.0,0.478,0.983,0.995,0.989,-1.009,-1.028,1.464,-1.501,0.433,-2.51,-0.453,-1.507,-0.5,-3.5,0.066,-1.5,-0.505,2.409,-0.119,-1.505,-4.0,5.268,-2.0,-0.024,-2.0,-3.0,0.208,-3.0,-1.0,-4.0,3.721,4.978,-3.0,2.0,-3.0,0.0,-1.0,0.0,2.649,2.978,-1.0,-1.0,0.0,-1.0,1.494,-1.0,0.0,0.0,0.0,0.0,0.0,-1.0,0.0,0.0,-1.0,0.0,0.0,1.499,-1.0,0.0,0.0,1.498,-2.0,4.389,1.498,1.766,-2.0,0.5,4.48,0.494,4.959,1.609,1.494,-0.668,8.135,3.912,-1.516,-1.924,-2.508,-0.503,-3.0,0.81,1.971,5.693,-0.513,0.177,0.989,3.465,1.087,-2.507,5.016,1.432,1.978,-2.504,-2.502,0.988,-3.504,-2.527,-6.0,1.0,4.914,-2.0,-0.297,0.488,4.972,1.995,0.0,0.0,0.0,0.0,0.0,0.0,0.0,0.0,0.0,0.0
BtcGF,BTCUSDc,129,10.749,21.498,3,0.9039,16.73,402,43.7811,1,11,0,0.01,1.1,1.25,0.0,0.5,16385,1,17.902,0,0,2,0,0.6,3,-4.405,25.903,3.727,3.723,-0.523,1.778,-1.0,2.044,1.98,-3.0,1.247,0.483,-0.757,-0.507,-1.755,-0.755,0.243,0.867,2.698,0.491,-1.507,-1.523,0.721,0.499,0.55,-2.758,0.483,0.483,-0.75,-3.75,0.619,-1.75,-0.754,3.473,1.601,-1.754,-1.324,0.432,-2.0,-1.52,-2.0,-3.0,-3.0,-3.0,1.815,-1.754,3.845,4.014,-3.0,1.5,-3.0,0.0,-1.0,0.0,1.238,2.482,-1.0,-1.0,0.0,3.77,1.245,1.239,0.0,0.0,0.0,0.0,0.0,-1.0,0.0,0.0,-1.0,0.0,0.0,1.249,-1.0,0.0,0.0,1.248,-2.0,1.475,1.248,0.233,-2.0,0.25,2.484,0.245,6.453,-0.421,0.745,-1.228,6.253,1.715,-0.521,-3.733,-2.757,3.089,-0.77,-0.087,1.474,4.628,-2.761,-1.614,1.22,2.721,2.581,-0.508,1.597,2.861,0.73,-2.753,-2.752,0.49,-3.754,0.345,-3.756,-1.7,5.025,2.859,-1.168,0.24,3.978,1.496,0.0,0.0,0.0,0.0,0.0,0.0,0.0,0.0,0.0,0.0
BtcGF,BTCUSDc,113,29.4433,35.332,5,1.3019,22.07,375,30.9333,1,11,0,0.01,1.1,2.0,0.0,0.5,16385,1,27.534,10,0,2,0,0.4,5,9.843,25.489,5.964,3.952,0.963,-1.0,-1.0,2.824,-0.015,-3.0,1.994,1.954,-3.0,-2.007,-1.008,-3.0,-1.025,4.983,1.993,-1.008,0.548,-3.016,2.311,-1.002,7.792,-0.024,0.23,5.306,-0.001,-3.001,2.444,-1.0,-3.0,1.8,-5.0,-1.007,-4.0,7.654,-2.0,-2.028,-2.0,-3.0,-3.0,-3.0,-1.0,-4.0,4.625,4.034,-1.002,2.998,-3.0,0.0,-1.0,0.0,3.647,3.971,-1.0,-1.0,0.0,-1.0,1.993,-1.0,0.0,0.0,0.0,0.0,0.0,-1.0,0.0,0.0,-1.0,0.0,0.0,1.999,-1.0,0.0,0.0,-1.0,-2.0,0.99,1.997,-2.0,-2.0,1.218,5.775,0.992,-1.013,0.068,2.991,1.981,2.971,0.605,-1.022,-3.804,-2.011,-0.003,-3.0,-4.0,2.966,9.369,-2.018,2.04,6.085,4.953,5.111,-5.0,1.744,6.522,3.05,-2.005,-4.0,1.984,-3.006,3.079,-2.0,-5.0,0.936,-2.0,-3.0,-1.015,8.973,2.994,0.0,0.0,0.0,0.0,0.0,0.0,0.0,0.0,0.0,0.0
BtcGF,BTCUSDc,58,11.82,23.64,3,0.8539,45.99,404,36.8812,1,13,0,0.01,1.1,1.5,0.0,0.5,16385,1,12.768,6,0,2,0,0.2,2,-7.441,31.081,4.472,2.97,-0.028,4.986,-3.0,0.993,2.976,-3.0,1.496,0.961,-0.508,-2.505,-1.506,-3.0,-1.522,4.752,0.995,0.989,-1.009,-1.028,1.464,-1.501,-3.505,-2.51,-0.453,2.154,-0.5,-3.5,0.066,-1.5,-0.505,2.409,-5.0,-1.505,-4.0,11.858,-2.0,-0.023,-2.0,-3.0,0.208,-3.0,-1.0,-4.0,0.984,4.978,-1.501,2.0,-3.0,0.0,-1.0,0.0,1.485,2.978,-1.0,-1.0,0.0,-1.0,1.494,-1.0,0.0,0.0,0.0,0.0,0.0,-1.0,0.0,0.0,-1.0,0.0,0.0,1.499,-1.0,0.0,0.0,1.498,-2.0,5.95,1.498,6.309,-2.0,0.5,4.892,0.494,4.959,2.015,1.494,-0.631,9.598,2.457,-1.516,-1.924,-2.508,-0.503,-3.502,-4.0,1.971,8.469,-3.513,-4.501,0.989,3.465,5.598,-2.507,4.884,0.965,1.978,-2.504,-1.004,0.988,-3.504,2.942,-6.0,-4.0,3.834,-1.503,-4.0,0.488,4.972,1.995,0.0,0.0,0.0,0.0,0.0,0.0,0.0,0.0,0.0,0.0
BtcGF,BTCUSDc,70,11.416,17.124,4,0.499,54.25,372,33.871,1,13,0,0.01,1.1,1.75,0.0,1.0,16385,1,7.834,4,0,2,0,0.2,3,-8.404,25.528,5.219,3.465,-1.274,3.721,-1.0,1.492,-0.514,-3.0,1.745,1.457,-3.0,-2.256,-0.257,-3.0,-4.0,5.933,1.494,-1.257,-2.255,-3.264,6.318,-1.252,-3.256,-2.261,-1.251,3.006,-0.25,-3.251,-0.519,-1.25,-3.0,1.211,-1.263,-1.256,-4.0,7.381,-2.0,-2.275,-2.0,-3.0,-0.289,-2.0,-1.0,-4.0,4.215,5.974,-0.29,2.498,-3.0,0.0,0.0,-1.0,1.733,3.474,-1.0,-1.0,0.0,-1.0,1.744,-1.0,0.0,0.0,0.0,0.0,0.0,-1.0,0.0,0.0,-1.0,0.0,0.0,1.749,-1.0,0.0,0.0,-1.0,-2.0,-0.257,1.747,-2.0,-2.0,0.736,5.92,0.743,1.468,-0.813,2.244,0.45,5.419,-1.273,-1.269,2.368,-2.259,-0.253,-3.0,-0.283,2.469,5.917,-2.266,-2.251,1.487,4.208,8.04,-5.0,0.485,0.477,2.258,-0.512,-1.252,2.486,-3.255,6.163,-6.0,-3.0,9.694,-2.0,-3.0,0.737,5.968,2.494,0.0,0.0,0.0,0.0,0.0,0.0,0.0,0.0,0.0,0.0
BtcGF,BTCUSDc,159,-0.2795,-0.559,3,-0.0173,0.0,357,31.3725,1,15,0,0.01,1.1,2.0,0.0,1.0,16385,1,-5.14,0,0,2,0,0.6,2,-10.805,10.246,5.964,3.952,-1.027,-1.0,-1.0,1.991,-0.015,-3.0,1.994,1.954,-3.0,-2.007,-0.008,-3.0,-2.0,4.877,1.993,-1.008,-2.006,-3.016,-1.022,-1.002,4.575,-2.013,-1.002,-1.009,-0.001,-3.001,0.978,-1.0,-3.0,1.141,-1.015,-1.007,-4.0,5.305,-2.0,-1.028,-2.0,-3.0,-0.05,-2.0,-1.0,-4.0,1.98,3.977,-0.045,2.998,-3.0,0.0,0.0,-1.0,3.827,3.971,-1.0,-1.0,0.0,-1.0,1.993,-1.0,0.0,0.0,0.0,0.0,0.0,-1.0,0.0,0.0,-1.0,0.0,0.0,1.999,-1.0,0.0,0.0,-1.0,-2.0,-2.0,1.997,-1.0,-2.0,1.218,6.307,0.992,-1.013,-0.622,2.991,2.429,-0.008,0.605,-1.022,0.177,-2.011,-0.003,-3.0,0.035,2.966,6.912,-2.018,-2.001,1.986,4.953,3.248,-5.0,0.983,0.974,3.179,-2.005,-4.0,2.984,-3.006,-1.033,-6.0,-3.0,4.108,-2.0,-3.0,-1.015,8.973,2.994,0.0,0.0,0.0,0.0,0.0,0.0,0.0,0.0,0.0,0.0
BtcGF,BTCUSDc,91,21.8833,32.825,4,1.4119,14.16,406,44.0887,1,15,0,0.01,1.1,1.25,0.0,0.5,16385,1,28.177,0,0,2,0,0.4,3,-2.64,35.465,3.727,3.723,-0.523,3.444,-2.0,1.735,1.98,-3.0,1.247,0.483,-0.757,-0.507,-0.755,-0.755,-1.757,2.735,2.698,0.491,-1.507,-1.523,0.721,0.499,0.674,-2.758,0.483,0.483,-0.75,-3.75,0.619,-1.75,-0.754,3.473,-2.75,-1.754,0.338,-0.511,-2.0,-0.52,-2.0,-3.0,-0.211,-3.0,1.461,-1.754,2.821,3.982,-1.751,1.5,-3.0,0.0,-1.0,0.0,2.901,2.482,-1.0,-1.0,0.0,3.243,1.245,1.239,0.0,0.0,0.0,0.0,0.0,-1.0,0.0,0.0,-1.0,0.0,0.0,1.249,-1.0,0.0,0.0,1.248,-2.0,2.905,1.248,0.233,-2.0,0.25,2.484,0.245,6.206,-0.421,0.745,-1.261,7.177,3.734,-0.521,-3.733,-2.757,2.743,-1.77,-4.0,1.474,5.125,3.887,-0.633,0.491,2.721,2.583,-0.508,4.007,0.75,0.73,-2.753,-2.752,0.49,-3.754,-0.525,-3.756,1.368,3.782,2.859,0.191,0.24,3.978,1.496,0.0,0.0,0.0,0.0,0.0,0.0,0.0,0.0,0.0,0.0
BtcGF,BTCUSDc,156,17.9,21.48,5,0.9161,28.76,362,30.9392,1,9,0,0.01,1.1,2.0,0.0,1.0,16385,1,15.303,5,0,2,0,0.6,4,9.321,12.159,5.964,3.952,-1.027,-1.0,-1.0,1.991,-0.015,-3.0,1.994,3.902,-3.0,-2.007,-0.008,-3.0,3.152,6.94,1.993,-1.008,-2.006,-3.016,1.204,1.048,6.171,-2.013,-1.002,5.306,1.25,-3.001,0.978,-1.0,-3.0,1.141,-1.015,-1.007,-4.0,5.305,-2.0,0.331,-2.0,-3.0,-0.05,-2.0,-1.0,-4.0,1.98,3.977,-0.045,2.998,-3.0,0.0,0.0,-1.0,-1.0,3.971,-1.0,-1.0,0.0,-1.0,1.993,-0.999,0.0,0.0,0.0,0.0,0.0,-1.0,0.0,0.0,-1.0,0.0,0.0,1.999,-1.0,0.0,0.0,-1.0,-2.0,-2.0,1.997,-2.0,-2.0,1.218,5.775,0.992,-1.013,-0.622,2.991,4.157,-0.008,-4.0,-1.022,0.177,-2.011,-0.003,-3.0,-0.965,2.966,4.495,-2.018,-2.001,1.986,4.953,3.288,-5.0,-1.009,9.101,3.05,-2.005,-4.0,2.984,-3.006,1.553,-6.0,-3.0,3.806,-2.0,-3.0,-1.015,11.374,2.994,0.0,0.0,0.0,0.0,0.0,0.0,0.0,0.0,0.0,0.0
BtcGF,BTCUSDc,143,4.503,9.006,3,0.2597,33.19,384,39.3229,1,15,0,0.01,1.1,1.5,0.0,1.0,16385,1,6.017,0,0,2,0,0.6,3,-13.931,22.937,4.472,2.97,-1.52,2.531,-1.0,0.993,2.976,-3.0,1.496,0.961,-0.508,-2.505,-0.506,-3.0,0.478,0.983,0.995,0.989,-2.504,-1.028,1.464,-1.501,0.433,-2.51,-1.501,-1.507,-0.5,-3.5,-1.016,-1.5,-0.505,1.958,-1.511,-1.505,-4.0,4.685,-2.0,-0.024,-2.0,-3.0,-0.534,-2.0,-1.0,-4.0,3.471,4.978,-0.536,2.0,-3.0,0.0,0.0,-1.0,1.485,2.978,-1.0,-1.0,0.0,-1.0,1.494,-1.0,0.0,0.0,0.0,0.0,0.0,-1.0,0.0,0.0,-1.0,0.0,0.0,1.499,-1.0,0.0,0.0,1.498,-2.0,2.501,1.498,1.766,-2.0,0.5,4.48,0.494,4.959,1.385,1.494,-0.325,6.652,2.457,-1.516,1.56,-2.508,-0.503,-3.0,0.934,1.971,3.924,-2.513,-2.501,0.989,3.465,1.087,-2.507,5.016,-0.021,1.978,-2.504,-2.502,3.459,-3.504,-2.527,-6.0,-0.093,3.786,-2.0,-1.346,0.488,4.972,1.995,0.0,0.0,0.0,0.0,0.0,0.0,0.0,0.0,0.0,0.0
BtcGF,BTCUSDc,151,-4.1207,-6.181,4,-0.1484,0.0,366,33.8798,1,15,0,0.01,1.1,1.75,0.0,1.0,16385,1,-9.835,0,0,2,0,0.6,3,-16.401,10.22,5.219,3.465,-1.274,3.383,-1.0,1.492,-0.514,-3.0,1.745,1.457,-3.0,-2.256,-0.257,-3.0,-2.0,1.48,1.494,-1.257,-2.255,-3.264,3.186,-1.252,2.389,-2.261,-1.251,-1.258,-0.25,-3.251,-0.519,-1.25,-3.0,1.211,-1.263,-1.256,-4.0,3.25,-2.0,-1.275,-2.0,-3.0,-0.289,-2.0,-1.0,-4.0,4.891,5.974,-0.29,2.498,-3.0,0.0,0.0,-1.0,1.733,3.474,-1.0,-1.0,0.0,-1.0,1.744,-1.0,0.0,0.0,0.0,0.0,0.0,-1.0,0.0,0.0,-1.0,0.0,0.0,1.749,-1.0,0.0,0.0,-1.0,-2.0,-2.0,1.747,-1.0,-2.0,0.736,5.393,0.743,1.468,-1.361,2.244,0.35,5.419,-1.273,-1.269,2.368,-2.259,-0.253,-3.0,-0.283,2.469,5.917,-2.266,-2.251,1.487,4.208,2.168,-5.0,0.485,0.477,2.258,-0.512,-1.252,2.486,-3.255,-1.28,-6.0,-3.0,8.619,-2.0,-3.0,0.737,5.968,2.494,0.0,0.0,0.0,0.0,0.0,0.0,0.0,0.0,0.0,0.0
BtcGF,BTCUSDc,157,12.13,18.195,4,0.7685,33.95,358,31.8436,1,11,0,0.01,1.1,2.0,0.0,1.0,16385,1,12.018,3,0,2,0,0.6,4,3.807,14.388,5.964,3.952,-1.027,-1.0,-1.0,1.991,-0.015,-3.0,1.994,1.954,-3.0,-2.007,-0.008,-3.0,0.975,6.296,1.993,-1.008,-2.006,-3.016,1.204,-1.002,6.171,-2.013,-1.002,5.306,-0.001,-3.001,0.978,-1.0,-3.0,1.141,-1.015,-1.007,-4.0,5.305,-2.0,-2.028,-2.0,-3.0,-0.05,-2.0,-1.0,-4.0,1.98,3.977,-0.045,2.998,-3.0,0.0,0.0,-1.0,4.908,3.971,-1.0,-1.0,0.0,-1.0,1.993,-1.0,0.0,0.0,0.0,0.0,0.0,-1.0,0.0,0.0,-1.0,0.0,0.0,1.999,-1.0,0.0,0.0,-1.0,-2.0,-2.0,1.997,-2.0,-2.0,1.218,5.775,0.992,-1.012,-0.622,2.991,2.551,-0.008,0.605,-1.022,0.177,-2.011,-0.003,-3.0,-0.965,2.966,2.938,-2.018,-2.001,4.364,4.953,3.329,-5.0,0.983,4.086,3.05,-2.005,-4.0,2.984,-3.006,1.311,-2.0,-4.0,3.847,-2.0,-3.0,-1.015,8.973,2.994,0.0,0.0,0.0,0.0,0.0,0.0,0.0,0.0,0.0,0.0
BtcGF,BTCUSDc,112,38.191,38.191,6,1.7468,20.76,383,29.765,1,9,0,0.01,1.1,2.0,0.0,0.5,16385,1,30.261,16,0,2,0,0.4,4,21.913,16.278,5.964,3.952,0.963,-1.0,-2.0,1.991,-0.015,-3.0,1.994,5.221,-3.0,-2.007,-1.008,-3.0,-4.0,4.983,1.993,-1.008,0.548,-3.016,2.311,2.449,7.792,-0.024,0.23,5.306,1.25,-3.001,2.444,-1.0,-3.0,1.8,2.156,-1.007,-4.0,10.863,-2.0,1.551,-2.0,-3.0,-3.0,-3.0,-1.0,-4.0,3.237,4.034,-1.002,2.998,-3.0,0.0,-1.0,0.0,3.0,3.971,-1.0,-1.0,0.0,-1.0,1.993,-1.0,0.0,0.0,0.0,0.0,0.0,-1.0,0.0,0.0,-1.0,0.0,0.0,1.999,-1.0,0.0,0.0,-1.0,-2.0,0.99,1.997,-2.0,-2.0,1.218,5.775,0.992,-1.013,0.068,2.991,3.293,2.971,-2.002,-1.022,-3.804,-2.011,-0.002,-3.0,-5.0,-0.004,9.868,-2.018,2.04,1.986,4.953,5.004,-5.0,-0.319,7.169,3.05,-2.005,-4.0,1.984,-3.006,3.181,-6.0,-4.0,-2.003,-2.0,-3.0,-1.015,12.986,2.994,0.0,0.0,0.0,0.0,0.0,0.0,0.0,0.0,0.0,0.0
BtcGF,BTCUSDc,158,6.0927,9.139,4,0.3691,70.0,357,31.3725,1,13,0,0.01,1.1,2.0,0.0,1.0,16385,1,2.742,2,0,2,0,0.6,3,-4.857,13.996,5.964,3.952,-1.027,-1.0,-1.0,1.991,-0.015,-3.0,1.994,1.954,-3.0,-2.007,-0.008,-3.0,-2.0,7.39,1.993,-1.008,-2.006,-3.016,-1.022,-1.002,6.142,-2.013,-1.002,3.857,-0.001,-3.001,0.978,-1.0,-3.0,1.141,-1.015,-1.007,-4.0,5.305,-2.0,-2.028,-2.0,-3.0,-0.05,-2.0,-1.0,-4.0,-0.018,3.977,-0.045,2.998,-3.0,0.0,0.0,-1.0,3.827,3.971,-1.0,-1.0,0.0,-1.0,1.993,-1.0,0.0,0.0,0.0,0.0,0.0,-1.0,0.0,0.0,-1.0,0.0,0.0,1.999,-1.0,0.0,0.0,-1.0,-2.0,-2.0,1.997,-2.0,-1.0,1.218,7.518,0.992,-1.012,-0.622,2.991,2.551,-0.008,0.605,-1.022,0.177,-2.011,-0.003,-3.0,0.035,2.966,6.912,-2.018,-2.001,1.986,4.953,3.32,-5.0,0.983,0.974,3.179,-2.005,-4.0,2.984,-3.006,1.311,-6.0,-3.0,4.108,-2.0,-3.0,-1.015,8.973,2.994,0.0,0.0,0.0,0.0,0.0,0.0,0.0,0.0,0.0,0.0
BtcGF,BTCUSDc,119,1.8755,3.751,3,0.1179,168.25,363,31.405,1,15,0,0.01,1.1,2.0,0.0,1.0,16385,1,-2.56,4,0,2,0,0.4,3,-9.286,13.037,5.964,3.952,-1.027,-1.0,-1.0,1.991,-0.015,-3.0,1.994,1.954,-3.0,-2.007,-0.008,-3.0,-4.0,4.983,1.993,-1.008,-2.006,-3.016,-1.022,-1.002,6.305,-2.013,-1.002,-1.009,-0.001,-3.001,0.978,-1.0,-3.0,0.141,-1.015,-1.007,-4.0,6.987,-2.0,-1.028,-2.0,-3.0,-0.05,-2.0,-1.0,-3.999,1.98,3.977,-0.045,2.998,-3.0,0.0,0.0,-1.0,3.827,3.971,-1.0,-1.0,0.0,-1.0,1.993,-1.0,0.0,0.0,0.0,0.0,0.0,-1.0,0.0,0.0,-1.0,0.0,0.0,1.999,-1.0,0.0,0.0,-1.0,-2.0,-0.008,1.997,-2.0,-2.0,1.218,6.948,0.992,-1.013,0.068,2.991,2.429,-0.008,0.605,-1.022,0.177,-2.011,-0.003,-3.0,0.035,2.966,6.912,-2.018,-2.001,1.986,4.953,4.644,-5.0,0.983,0.974,3.179,-2.005,-4.0,2.984,-3.006,-1.033,-6.0,-3.0,4.18,-2.0,-3.0,-1.015,8.973,2.994,0.0,0.0,0.0,0.0,0.0,0.0,0.0,0.0,0.0,0.0
BtcGF,BTCUSDc,44,7.81,15.62,3,1.0186,6.4,413,52.0581,1,9,0,0.01,1.1,1.0,0.0,1.0,16385,1,14.62,0,0,2,0,0.2,3,5.373,10.247,2.982,2.979,-2.014,0.995,-0.014,2.976,1.977,-0.029,0.997,-0.013,-1.005,-1.005,-1.004,-1.004,-0.01,1.988,1.996,-0.007,-3.003,-2.018,-0.023,-0.001,0.983,-3.006,2.969,-0.013,0.999,-4.0,-1.016,0.0,0.995,1.965,1.99,-2.004,-3.002,0.989,-1.014,0.976,-2.0,-3.0,-1.025,-0.009,0.969,1.985,1.98,2.986,-1.027,1.0,-3.0,0.0,0.0,-1.0,0.99,1.986,0.995,-1.0,0.0,1.99,0.996,0.991,0.0,0.0,0.0,0.0,0.0,-1.0,0.0,0.0,-1.0,0.0,0.0,0.999,-1.0,0.0,0.0,0.998,-0.014,-0.01,0.998,-0.013,-2.0,0.0,1.988,-0.004,4.965,-1.011,-0.004,-2.01,2.969,0.972,-1.017,2.978,-1.009,1.994,-1.016,-2.046,0.976,1.951,-3.009,-2.002,-0.007,1.975,1.99,1.957,1.973,3.973,-0.017,-3.003,-3.001,1.975,-4.003,1.956,-5.005,-3.053,1.973,1.988,-2.003,-0.008,2.982,0.997,0.0,0.0,0.0,0.0,0.0,0.0,0.0,0.0,0.0,0.0
BtcGF,BTCUSDc,41,3.6255,7.251,3,0.294,54.59,429,48.2517,1,11,0,0.01,1.1,1.0,0.0,0.5,16385,1,3.293,0,0,2,0,0.2,3,-2.925,10.176,2.982,2.979,-1.019,1.368,1.061,3.206,1.977,-0.029,0.997,-0.013,-1.005,-1.005,-2.004,-1.004,-0.01,1.988,2.015,-0.007,-2.006,-2.018,-0.023,-0.001,1.355,-2.011,2.969,-0.013,0.999,-4.0,-0.318,0.0,0.995,2.039,-1.003,-2.004,-0.9,0.34,-1.014,-3.002,-2.0,-3.0,-4.0,-3.0,1.156,-0.003,3.089,3.01,-2.001,1.0,-3.0,0.0,-1.0,0.0,0.99,1.986,0.995,-1.0,0.0,4.721,0.996,0.991,0.0,0.0,0.0,0.0,0.0,-1.0,0.0,0.0,-1.0,0.0,0.0,0.999,-1.0,0.0,0.0,0.998,-0.014,-1.005,0.998,-0.013,-2.0,0.0,1.988,-0.004,5.15,-1.011,-0.004,-2.01,4.414,0.972,-1.017,0.033,-0.585,1.994,-2.017,-1.724,0.976,3.707,-2.012,-5.001,-0.007,1.975,1.99,3.055,-0.022,4.853,-0.017,-3.003,-3.001,-0.008,-4.003,-1.012,-5.005,-1.181,5.843,1.223,-2.003,-0.008,2.982,0.997,0.0,0.0,0.0,0.0,0.0,0.0,0.0,0.0,0.0,0.0
BtcGF,BTCUSDc,89,18.2647,27.397,4,1.1079,18.82,408,43.3824,1,11,0,0.01,1.1,1.25,0.0,0.5,16385,1,22.24,1,0,2,0,0.4,3,-6.208,33.605,3.727,3.723,-0.523,1.778,-1.0,2.044,1.98,-3.0,1.247,0.483,-0.757,-0.507,-1.755,-0.755,-1.757,3.117,2.698,0.491,-1.507,-1.523,0.721,0.499,0.55,-1.515,0.483,0.483,-0.75,-3.75,0.619,-1.75,-0.754,3.473,-2.75,-1.754,-0.207,1.229,-2.0,-1.52,-2.0,-3.0,-3.0,-3.0,1.815,-1.754,4.219,4.014,-1.751,1.5,-3.0,0.0,-1.0,0.0,1.238,2.482,-1.0,-1.0,0.0,0.24,1.245,1.239,0.0,0.0,0.0,0.0,0.0,-1.0,0.0,0.0,-1.0,0.0,0.0,1.249,-1.0,0.0,0.0,1.248,-2.0,-0.506,1.248,0.233,-2.0,0.25,2.484,0.245,6.453,-0.421,0.745,-1.228,7.177,1.715,-0.521,-3.733,-2.757,3.089,-0.77,1.464,1.474,5.642,-2.761,-0.633,1.748,2.721,3.236,-0.508,1.763,3.018,0.73,-2.753,-2.752,0.49,-3.754,1.001,-3.756,-0.669,6.814,2.859,0.111,0.24,3.978,1.496,0.0,0.0,0.0,0.0,0.0,0.0,0.0,0.0,0.0,0.0
BtcGF,BTCUSDc,26,26.0908,31.309,5,1.2065,85.61,392,31.8878,1,13,0,0.01,1.1,1.75,0.0,0.5,16385,1,4.506,6,0,2,0,0.0,2,6.554,24.755,5.219,3.465,0.467,6.546,-3.0,1.492,-0.514,-3.0,1.745,1.457,-3.0,-2.256,-1.257,-3.0,-3.999,5.933,1.494,-1.257,-0.511,-3.264,6.318,-1.252,-3.256,-2.261,-0.168,3.006,-0.25,-3.251,0.755,-1.25,-3.0,1.851,-5.0,-1.256,-4.0,25.547,-2.0,-1.274,-2.0,-3.0,0.626,-3.0,-1.0,-4.0,1.481,5.974,-1.251,2.498,-3.0,0.0,-1.0,0.0,1.733,3.474,-1.0,-1.0,0.0,-1.0,1.744,-1.0,0.0,0.0,0.0,0.0,0.0,-1.0,0.0,0.0,-1.0,0.0,0.0,1.749,-1.0,0.0,0.0,-1.0,-2.0,-2.0,1.747,-2.0,-2.0,0.736,5.92,0.743,1.468,-0.813,2.244,-0.035,5.419,-1.273,-1.269,-1.364,-2.259,-0.253,-3.252,-4.0,2.469,11.855,-3.266,-4.251,1.487,4.208,10.544,-5.0,0.485,1.749,2.258,-0.512,0.496,1.486,-3.255,10.276,-6.0,-4.0,5.528,-3.0,-2.253,0.737,5.968,2.494,0.0,0.0,0.0,0.0,0.0,0.0,0.0,0.0,0.0,0.0
BtcGF,BTCUSDc,59,5.798,17.394,2,0.6231,62.5,402,36.8159,1,15,0,0.01,1.1,1.5,0.0,0.5,16385,1,6.522,5,0,2,0,0.2,2,-0.729,18.123,4.472,2.97,-0.028,4.525,-3.0,0.993,2.976,-3.0,1.496,0.961,-0.508,-2.505,-0.506,-3.0,-1.522,3.482,0.995,0.989,-1.009,-1.028,1.464,-1.501,2.835,-2.51,-0.453,-1.507,-0.5,-3.5,0.066,-1.5,-0.505,2.409,-5.0,-1.505,-4.0,11.858,-2.0,-0.024,-2.0,-3.0,0.208,-3.0,-1.0,-3.999,3.721,4.978,-1.501,2.0,-3.0,0.0,-1.0,0.0,3.512,2.978,-1.0,-1.0,0.0,-1.0,1.494,-1.0,0.0,0.0,0.0,0.0,0.0,-1.0,0.0,0.0,-1.0,0.0,0.0,1.499,-1.0,0.0,0.0,1.498,-2.0,5.97,1.498,5.519,-2.0,0.5,4.892,0.494,4.959,2.015,1.494,-0.668,9.598,6.317,-1.516,-1.924,-2.508,-0.503,-3.502,-4.0,0.971,2.46,-3.513,-4.501,0.989,3.465,1.772,-2.507,5.216,1.637,1.978,-2.504,-2.502,0.988,-3.504,-2.527,-6.0,-4.0,4.621,-1.503,-4.0,0.488,4.972,1.995,0.0,0.0,0.0,0.0,0.0,0.0,0.0,0.0,0.0,0.0
BtcGF,BTCUSDc,134,7.7215,15.443,3,0.5939,14.08,396,45.4545,1,13,0,0.01,1.1,1.25,0.0,1.0,16385,1,13.269,0,0,2,0,0.6,3,-6.591,22.034,3.727,3.723,-1.767,1.243,-1.0,1.735,1.98,-3.0,1.247,0.483,-0.757,-0.507,-0.755,-0.755,0.243,1.321,2.67,0.491,-2.753,-1.523,0.721,0.499,-0.263,-2.758,0.483,0.483,-0.75,-3.75,-0.271,-1.75,-0.754,3.211,0.491,-1.754,-2.753,0.49,-2.0,-1.52,-2.0,-3.0,-0.78,-2.0,1.461,0.481,2.726,3.982,-0.782,1.5,-3.0,0.0,0.0,-1.0,1.238,2.482,-1.0,-1.0,0.0,3.243,1.245,1.239,0.0,0.0,0.0,0.0,0.0,-1.0,0.0,0.0,-1.0,0.0,0.0,1.249,-1.0,0.0,0.0,1.248,-2.0,0.488,1.248,0.233,-2.0,0.25,2.484,0.245,6.206,-0.514,0.745,-0.925,5.148,1.715,-0.521,-0.498,-2.757,2.854,-0.77,0.439,1.474,2.945,-2.761,-2.751,0.491,2.721,2.625,-0.508,3.717,-0.519,0.73,-2.753,-2.752,3.556,-3.754,0.345,-3.756,-2.805,2.462,2.495,-2.176,0.24,3.978,1.496,0.0,0.0,0.0,0.0,0.0,0.0,0.0,0.0,0.0,0.0
BtcGF,BTCUSDc,86,7.81,15.62,3,1.0186,6.4,413,52.0581,1,13,0,0.01,1.1,1.0,0.0,1.0,16385,1,14.62,0,0,2,0,0.4,3,5.373,10.247,2.982,2.979,-2.014,0.995,-0.014,2.976,1.977,-0.029,0.997,-0.013,-1.005,-1.005,-1.004,-1.004,-0.01,1.988,1.996,-0.007,-3.003,-2.018,-0.023,-0.001,0.983,-3.006,2.969,-0.013,0.999,-4.0,-1.016,0.0,0.995,1.965,1.99,-2.004,-3.002,0.989,-1.014,0.976,-2.0,-3.0,-1.025,-0.009,0.969,1.985,1.98,2.986,-1.027,1.0,-3.0,0.0,0.0,-1.0,0.99,1.986,0.995,-1.0,0.0,1.99,0.996,0.991,0.0,0.0,0.0,0.0,0.0,-1.0,0.0,0.0,-1.0,0.0,0.0,0.999,-1.0,0.0,0.0,0.998,-0.014,-0.01,0.998,-0.013,-2.0,0.0,1.988,-0.004,4.965,-1.011,-0.004,-2.01,2.969,0.972,-1.017,2.978,-1.009,1.994,-1.016,-2.046,0.976,1.951,-3.009,-2.002,-0.007,1.975,1.99,1.957,1.973,3.973,-0.017,-3.003,-3.001,1.975,-4.003,1.956,-5.005,-3.053,1.973,1.988,-2.003,-0.008,2.982,0.997,0.0,0.0,0.0,0.0,0.0,0.0,0.0,0.0,0.0,0.0
BtcGF,BTCUSDc,61,22.7027,34.054,4,1.4274,20.39,384,39.5833,1,11,0,0.01,1.1,1.5,0.0,1.0,16385,1,27.112,4,0,2,0,0.2,4,-2.387,36.441,4.472,2.97,-1.52,2.746,-1.0,0.993,2.976,-3.0,1.496,0.961,-0.508,-2.505,-0.506,-3.0,-1.522,4.196,0.995,0.989,-2.504,-1.028,2.989,-1.501,2.835,-2.51,-1.501,2.353,-0.5,-3.5,-1.016,-1.5,-0.505,1.958,-1.511,-1.505,-4.0,7.508,-2.0,-1.024,-2.0,-3.0,-0.534,-2.0,-1.0,-4.0,3.471,4.978,-0.536,2.0,-3.0,0.0,0.0,-1.0,1.485,2.978,-1.0,-1.0,0.0,-1.0,1.494,-1.0,0.0,0.0,0.0,0.0,0.0,-1.0,0.0,0.0,-1.0,0.0,0.0,1.499,-1.0,0.0,0.0,1.498,-2.0,-0.506,1.498,1.943,-2.0,0.5,3.33,0.494,4.959,1.791,1.494,-0.237,6.652,2.457,-1.516,1.56,-2.508,-0.503,-3.0,0.934,1.971,3.924,-2.513,-2.501,5.987,3.465,-2.5,-2.507,5.216,2.528,1.916,-2.504,-2.502,6.262,-3.504,2.942,-2.0,-0.014,4.493,-2.0,-1.006,0.488,4.972,1.995,0.0,0.0,0.0,0.0,0.0,0.0,0.0,0.0,0.0,0.0
BtcGF,BTCUSDc,102,14.6767,22.015,4,0.7791,19.1,387,39.2765,1,13,0,0.01,1.1,1.5,0.0,1.0,16385,1,17.81,0,0,2,0,0.4,4,-7.788,29.803,4.472,2.97,-1.52,2.746,-1.0,0.993,2.976,-3.0,1.496,0.961,-0.508,-2.505,-0.506,-3.0,-1.522,4.752,0.995,0.989,-2.504,-1.028,1.464,-1.501,1.552,-2.51,-1.501,2.154,-0.5,-3.5,-1.016,-1.5,-0.505,1.958,-1.511,-1.505,-4.0,5.558,-2.0,-1.024,-2.0,-3.0,-0.534,-2.0,-1.0,-4.0,3.471,4.978,-0.536,2.0,-3.0,0.0,0.0,-1.0,1.485,2.978,-1.0,-1.0,0.0,-1.0,1.494,-1.0,0.0,0.0,0.0,0.0,0.0,-1.0,0.0,0.0,-1.0,0.0,0.0,1.499,-1.0,0.0,0.0,1.498,-2.0,-0.506,1.498,3.205,-2.0,0.5,4.892,0.494,4.959,1.791,1.494,-0.237,6.652,2.457,-1.516,1.56,-2.508,-0.503,-3.0,0.934,1.971,3.924,-2.513,-2.501,0.989,3.465,2.415,-2.507,4.884,-0.021,1.978,-2.504,-2.502,5.814,-3.504,-0.139,-6.0,-0.045,4.493,-2.0,-1.006,0.488,4.972,1.995,0.0,0.0,0.0,0.0,0.0,0.0,0.0,0.0,0.0,0.0
BtcGF,BTCUSDc,40,3.337,10.011,2,0.4676,41.13,429,48.2517,1,9,0,0.01,1.1,1.0,0.0,0.5,16385,1,5.893,0,0,2,0,0.2,2,2.653,7.358,2.982,2.979,-1.019,1.104,0.236,2.985,1.977,1.507,0.997,-0.013,-1.005,-1.005,-2.004,-1.004,-0.01,1.988,2.015,-0.007,-2.006,-2.018,-0.023,-0.001,0.983,-2.011,2.969,-0.013,0.999,-4.0,-0.318,0.0,0.995,2.039,3.512,-2.004,-0.9,1.338,-1.014,-3.002,-2.0,-3.0,-3.0,-3.0,1.156,-0.003,2.3,3.01,-2.001,1.0,-3.0,0.0,-1.0,0.0,0.99,1.986,0.995,-1.0,0.0,5.11,0.996,0.991,0.0,0.0,0.0,0.0,0.0,-1.0,0.0,0.0,-1.0,0.0,0.0,0.999,-1.0,0.0,0.0,0.998,-0.014,-1.005,0.998,-0.013,-2.0,0.0,1.988,-0.004,5.15,-1.011,-0.004,-2.01,4.414,1.971,-1.017,0.033,-0.585,1.994,-2.017,-5.0,-1.002,3.707,-2.012,-5.001,-0.007,1.975,1.99,3.023,-0.022,1.988,-0.017,-3.003,-3.001,-0.008,-4.003,-0.012,-5.005,-1.181,8.788,1.223,-2.003,-0.008,2.982,0.997,0.0,0.0,0.0,0.0,0.0,0.0,0.0,0.0,0.0,0.0
BtcGF,BTCUSDc,77,40.497,40.497,6,2.2204,28.11,362,31.768,1,11,0,0.01,1.1,2.0,0.0,1.0,16385,1,29.113,9,0,2,0,0.2,4,14.087,26.41,5.964,3.952,-1.027,-1.0,-1.0,1.991,-0.015,-3.0,1.994,1.954,-3.0,-2.007,-0.008,-3.0,-1.025,4.983,1.993,-1.008,-2.006,-3.016,2.311,-1.002,9.658,-2.013,-1.002,5.306,-0.001,-3.001,0.978,-1.0,-3.0,1.141,-1.015,-1.007,-4.0,10.743,-2.0,-2.028,-2.0,-3.0,-0.05,-2.0,-1.0,-4.0,1.98,3.977,-0.045,2.998,-3.0,0.0,0.0,-1.0,7.469,3.971,-1.0,-1.0,0.0,-1.0,1.993,-1.0,0.0,0.0,0.0,0.0,0.0,-1.0,0.0,0.0,-1.0,0.0,0.0,1.999,-1.0,0.0,0.0,-1.0,-2.0,-0.008,1.997,-2.0,-2.0,1.218,5.775,0.992,-1.013,0.068,2.991,2.551,-0.008,0.605,-1.022,0.177,-2.011,-0.003,-3.0,-0.965,2.966,2.938,-2.018,-2.001,11.279,4.953,-2.001,-5.0,0.983,4.086,3.05,-2.005,-4.0,2.984,-3.006,8.384,-2.0,-4.0,5.53,-2.0,-3.0,-1.015,8.973,2.994,0.0,0.0,0.0,0.0,0.0,0.0,0.0,0.0,0.0,0.0
BtcGF,BTCUSDc,79,6.3153,9.473,4,0.3632,102.9,363,31.405,1,15,0,0.01,1.1,2.0,0.0,1.0,16385,1,-0.275,4,0,2,0,0.2,3,-3.564,13.037,5.964,3.952,-1.027,-1.0,-1.0,1.991,-0.015,-3.0,1.994,1.954,-3.0,-2.007,-0.008,-3.0,-4.0,4.983,1.993,-1.008,-2.006,-3.016,-1.022,-1.002,8.271,-2.013,-1.002,-1.009,-0.001,-3.001,0.978,-1.0,-3.0,0.141,-1.015,-1.007,-4.0,10.743,-2.0,-1.028,-2.0,-3.0,-0.05,-2.0,-1.0,-3.999,1.98,3.977,-0.045,2.998,-3.0,0.0,0.0,-1.0,3.827,3.971,-1.0,-1.0,0.0,-1.0,1.993,-1.0,0.0,0.0,0.0,0.0,0.0,-1.0,0.0,0.0,-1.0,0.0,0.0,1.999,-1.0,0.0,0.0,-1.0,-2.0,-0.008,1.997,-2.0,-2.0,1.218,6.948,0.992,-1.013,0.068,2.991,2.429,-0.008,0.605,-1.022,0.177,-2.011,-0.003,-3.0,0.035,2.966,6.912,-2.018,-2.001,1.986,4.953,4.644,-5.0,0.983,0.974,3.179,-2.005,-4.0,2.984,-3.006,-1.033,-6.0,-3.0,4.18,-2.0,-3.0,-1.015,8.973,2.994,0.0,0.0,0.0,0.0,0.0,0.0,0.0,0.0,0.0,0.0
BtcGF,BTCUSDc,128,7.0195,14.039,3,0.635,25.22,406,43.3498,1,9,0,0.01,1.1,1.25,0.0,0.5,16385,1,10.498,0,0,2,0,0.6,2,-1.433,15.472,3.727,3.723,-0.523,1.467,-2.0,1.735,1.98,0.285,1.247,0.483,-0.757,-0.507,-1.755,-0.755,0.243,1.321,2.698,0.491,-1.507,-1.523,0.721,0.499,-0.263,-2.758,0.483,0.483,-0.75,-3.75,0.619,-1.75,-0.754,3.473,1.594,-1.754,-1.324,1.699,-2.0,-0.546,-2.0,-3.0,-3.0,-3.0,1.815,-1.754,3.277,4.014,-3.0,1.5,-3.0,0.0,-1.0,0.0,1.238,2.482,-1.0,-1.0,0.0,0.241,1.245,1.239,0.0,0.0,0.0,0.0,0.0,-1.0,0.0,0.0,-1.0,0.0,0.0,1.249,-1.0,0.0,0.0,1.248,-2.0,1.475,1.248,0.233,-2.0,0.25,2.484,0.245,6.453,-0.514,0.745,-1.098,6.253,2.964,-0.521,-3.733,-2.757,3.089,-0.77,0.159,-0.752,4.628,-2.761,-1.614,0.491,2.721,2.425,-0.508,0.352,0.757,0.73,-2.753,-2.752,0.49,-3.754,0.291,-3.756,-1.7,3.037,2.859,-1.1,0.24,3.978,1.496,0.0,0.0,0.0,0.0,0.0,0.0,0.0,0.0,0.0,0.0
BtcGF,BTCUSDc,117,25.35,30.42,5,1.383,25.63,362,32.0442,1,11,0,0.01,1.1,2.0,0.0,1.0,16385,1,22.622,10,0,2,0,0.4,4,7.397,23.023,5.964,3.952,-1.027,-1.0,-1.0,1.991,-0.015,-3.0,1.994,1.954,-3.0,-2.007,-0.008,-3.0,-1.025,4.983,1.993,-1.008,-2.006,-3.016,2.311,-1.002,7.792,-2.013,-1.002,5.306,-0.001,-3.001,0.978,-1.0,-3.0,1.141,-1.015,-1.007,-4.0,6.987,-2.0,-2.028,-2.0,-3.0,-0.05,-2.0,-1.0,-4.0,1.98,3.977,-0.045,2.998,-3.0,0.0,0.0,-1.0,6.401,3.971,-1.0,-1.0,0.0,-1.0,1.993,-1.0,0.0,0.0,0.0,0.0,0.0,-1.0,0.0,0.0,-1.0,0.0,0.0,1.999,-1.0,0.0,0.0,-1.0,-2.0,-0.008,1.997,-2.0,-2.0,1.218,5.775,0.992,-1.013,0.068,2.991,2.551,-0.008,0.605,-1.022,0.177,-2.011,-0.003,-3.0,-0.965,2.966,2.938,-2.018,-2.001,6.085,4.953,5.111,-5.0,0.983,4.086,3.05,-2.005,-4.0,2.984,-3.006,3.079,-2.0,-4.0,5.53,-2.0,-3.0,-1.015,8.973,2.994,0.0,0.0,0.0,0.0,0.0,0.0,0.0,0.0,0.0,0.0
BtcGF,BTCUSDc,23,11.596,23.192,3,0.801,48.38,386,39.1192,1,15,0,0.01,1.1,1.5,0.0,1.0,16385,1,11.971,3,0,2,0,0.0,3,-9.485,32.677,4.472,2.97,-1.52,2.746,-1.0,0.993,2.976,-3.0,1.496,0.961,-0.508,-2.505,-0.506,-3.0,-1.522,3.482,0.995,0.989,-2.504,-1.028,1.464,-1.501,2.835,-2.51,-1.501,-1.507,-0.5,-3.5,-1.016,-1.5,-0.505,1.958,-1.511,-1.505,-4.0,7.508,-2.0,-0.024,-2.0,-3.0,-0.534,-2.0,-1.0,-3.999,3.471,4.978,-0.536,2.0,-3.0,0.0,0.0,-1.0,1.485,2.978,-1.0,-1.0,0.0,-1.0,1.494,-1.0,0.0,0.0,0.0,0.0,0.0,-1.0,0.0,0.0,-1.0,0.0,0.0,1.499,-1.0,0.0,0.0,1.498,-2.0,-0.506,1.498,10.221,-2.0,0.5,4.892,0.494,4.959,1.791,1.494,-0.325,6.652,2.457,-1.516,1.56,-2.508,-0.503,-3.0,0.934,1.971,3.924,-2.513,-2.501,0.989,3.465,1.772,-2.507,5.216,-0.021,1.978,-2.504,-2.502,3.459,-3.504,-2.527,-6.0,-0.045,4.493,-2.0,-1.006,0.488,4.972,1.995,0.0,0.0,0.0,0.0,0.0,0.0,0.0,0.0,0.0,0.0
BtcGF,BTCUSDc,126,7.81,15.62,3,1.0186,6.4,413,52.0581,1,13,0,0.01,1.1,1.0,0.0,1.0,16385,1,14.62,0,0,2,0,0.6,3,5.373,10.247,2.982,2.979,-2.014,0.995,-0.014,2.976,1.977,-0.029,0.997,-0.013,-1.005,-1.005,-1.004,-1.004,-0.01,1.988,1.996,-0.007,-3.003,-2.018,-0.023,-0.001,0.983,-3.006,2.969,-0.013,0.999,-4.0,-1.016,0.0,0.995,1.965,1.99,-2.004,-3.002,0.989,-1.014,0.976,-2.0,-3.0,-1.025,-0.009,0.969,1.985,1.98,2.986,-1.027,1.0,-3.0,0.0,0.0,-1.0,0.99,1.986,0.995,-1.0,0.0,1.99,0.996,0.991,0.0,0.0,0.0,0.0,0.0,-1.0,0.0,0.0,-1.0,0.0,0.0,0.999,-1.0,0.0,0.0,0.998,-0.014,-0.01,0.998,-0.013,-2.0,0.0,1.988,-0.004,4.965,-1.011,-0.004,-2.01,2.969,0.972,-1.017,2.978,-1.009,1.994,-1.016,-2.046,0.976,1.951,-3.009,-2.002,-0.007,1.975,1.99,1.957,1.973,3.973,-0.017,-3.003,-3.001,1.975,-4.003,1.956,-5.005,-3.053,1.973,1.988,-2.003,-0.008,2.982,0.997,0.0,0.0,0.0,0.0,0.0,0.0,0.0,0.0,0.0,0.0
BtcGF,BTCUSDc,103,6.2245,12.449,3,0.3868,32.63,386,39.1192,1,15,0,0.01,1.1,1.5,0.0,1.0,16385,1,8.387,0,0,2,0,0.4,3,-12.713,25.162,4.472,2.97,-1.52,2.746,-1.0,0.993,2.976,-3.0,1.496,0.961,-0.508,-2.505,-0.506,-3.0,-1.522,3.482,0.995,0.989,-2.504,-1.028,1.464,-1.501,1.557,-2.51,-1.501,-1.507,-0.5,-3.5,-1.016,-1.5,-0.505,1.958,-1.511,-1.505,-4.0,5.558,-2.0,-0.024,-2.0,-3.0,-0.534,-2.0,-1.0,-3.999,3.471,4.978,-0.536,2.0,-3.0,0.0,0.0,-1.0,1.485,2.978,-1.0,-1.0,0.0,-1.0,1.494,-1.0,0.0,0.0,0.0,0.0,0.0,-1.0,0.0,0.0,-1.0,0.0,0.0,1.499,-1.0,0.0,0.0,1.498,-2.0,-0.506,1.498,2.706,-2.0,0.5,4.892,0.494,4.959,1.791,1.494,-0.325,6.652,2.457,-1.516,1.56,-2.508,-0.503,-3.0,0.934,1.971,3.924,-2.513,-2.501,0.989,3.465,1.772,-2.507,5.216,-0.021,1.978,-2.504,-2.502,3.459,-3.504,-2.527,-6.0,-0.045,4.493,-2.0,-1.006,0.488,4.972,1.995,0.0,0.0,0.0,0.0,0.0,0.0,0.0,0.0,0.0,0.0
BtcGF,BTCUSDc,130,13.672,27.344,3,1.3271,11.12,402,44.5274,1,13,0,0.01,1.1,1.25,0.0,0.5,16385,1,24.303,0,0,2,0,0.6,3,-2.076,29.42,3.727,3.723,-0.523,2.414,-2.0,1.735,1.98,-3.0,1.247,0.483,-0.757,-0.507,-1.755,-0.755,0.243,1.321,2.698,0.491,-1.507,-1.523,0.721,0.499,0.55,-2.758,0.483,0.483,-0.75,-3.75,0.619,-1.75,-0.754,3.473,1.601,-1.754,-1.246,-0.511,-2.0,-0.519,-2.0,-3.0,-0.211,-3.0,1.461,-1.754,3.854,3.982,-3.0,1.5,-3.0,0.0,-1.0,0.0,1.238,2.482,-1.0,-1.0,0.0,3.77,1.245,1.239,0.0,0.0,0.0,0.0,0.0,-1.0,0.0,0.0,-1.0,0.0,0.0,1.249,-1.0,0.0,0.0,1.248,-2.0,2.033,1.248,0.233,-2.0,0.25,2.484,0.245,6.453,-0.421,0.745,-1.228,6.253,1.715,-0.521,-3.733,-2.757,2.854,-0.77,-0.093,1.474,4.628,2.28,-1.614,0.491,2.721,2.625,-0.508,3.717,0.182,0.73,-2.753,-1.504,0.49,-3.754,0.345,-3.756,-1.285,2.74,2.859,-1.143,0.24,3.978,1.496,0.0,0.0,0.0,0.0,0.0,0.0,0.0,0.0,0.0,0.0
BtcGF,BTCUSDc,32,28.8842,34.661,5,1.4471,31.14,391,29.156,1,9,0,0.01,1.1,2.0,0.0,0.5,16385,1,23.866,14,0,2,0,0.0,4,30.864,3.797,5.964,3.952,0.963,-1.0,-2.0,1.991,-0.015,-3.0,1.994,7.848,-3.0,-2.007,-1.008,-3.0,-4.0,4.983,1.993,-1.008,0.548,-3.016,2.311,2.526,9.658,-0.024,0.23,5.306,1.25,-3.001,2.444,-1.0,-3.0,1.8,2.156,-1.007,-4.0,16.252,-2.0,1.55,-2.0,-3.0,-3.0,-3.0,-1.0,-4.0,3.237,4.034,-1.002,2.998,-3.0,0.0,-1.0,0.0,3.0,3.971,-1.0,-1.0,0.0,-1.0,1.993,-1.0,0.0,0.0,0.0,0.0,0.0,-1.0,0.0,0.0,-1.0,0.0,0.0,1.999,-1.0,0.0,0.0,-1.0,-2.0,0.99,1.997,-2.0,-2.0,1.218,5.775,0.992,-1.013,0.068,2.991,3.293,-0.008,-2.002,-1.022,-3.804,-2.011,-0.002,-3.002,-5.0,-0.004,10.796,-2.018,-4.002,1.986,4.953,-2.001,-5.0,-0.319,7.336,3.05,-2.005,-4.0,1.984,-3.006,4.63,-6.0,-4.0,-2.003,-3.0,-2.004,-1.015,12.986,2.994,0.0,0.0,0.0,0.0,0.0,0.0,0.0,0.0,0.0,0.0
BtcGF,BTCUSDc,27,8.1847,12.277,4,0.5543,218.32,389,31.8766,1,15,0,0.01,1.1,1.75,0.0,0.5,16385,1,-14.526,4,0,2,0,0.0,3,16.609,-4.332,5.219,3.465,0.467,5.414,-3.0,1.492,-0.514,-3.0,1.745,1.457,-3.0,-2.256,-0.257,-3.0,-4.0,4.229,1.494,-1.257,-0.511,-3.264,7.461,-1.252,5.552,-2.261,-0.168,-1.258,-0.25,-3.251,0.755,-1.25,-3.0,1.851,-5.0,-1.256,-4.0,25.547,-2.0,-1.275,-2.0,-3.0,0.626,-3.0,-1.0,-3.999,5.296,5.974,-1.251,2.498,-3.0,0.0,-1.0,0.0,4.123,3.474,-1.0,-1.0,0.0,-1.0,1.744,-1.0,0.0,0.0,0.0,0.0,0.0,-1.0,0.0,0.0,-1.0,0.0,0.0,1.749,-1.0,0.0,0.0,-1.0,-2.0,-2.0,1.747,-2.0,-2.0,0.736,5.92,0.743,1.468,-0.813,2.244,-0.076,2.224,0.46,-1.269,-1.364,-2.259,-0.253,-3.252,-4.0,1.469,4.205,-3.266,-4.251,1.487,4.208,3.208,-5.0,0.485,2.524,2.258,-0.512,-1.252,1.486,-3.255,-1.28,-6.0,-4.0,6.459,-3.0,-2.253,0.737,5.968,2.494,0.0,0.0,0.0,0.0,0.0,0.0,0.0,0.0,0.0,0.0
BtcGF,BTCUSDc,141,14.646,21.969,4,0.7301,13.37,382,40.0524,1,11,0,0.01,1.1,1.5,0.0,1.0,16385,1,19.031,0,0,2,0,0.6,4,-9.834,31.803,4.472,2.97,-1.52,2.531,-1.0,0.993,2.976,-3.0,1.496,0.961,-0.508,-2.505,-0.506,-3.0,0.478,1.696,0.995,0.989,-2.504,-1.028,2.482,-1.501,0.433,-2.51,-1.501,2.353,-0.5,-3.5,-1.016,-1.5,-0.505,1.958,-1.511,-1.505,-4.0,4.685,-2.0,-1.024,-2.0,-3.0,-0.534,-2.0,-1.0,-4.0,3.471,4.978,-0.536,2.0,-3.0,0.0,0.0,-1.0,1.485,2.978,-1.0,-1.0,0.0,-1.0,1.494,-1.0,0.0,0.0,0.0,0.0,0.0,-1.0,0.0,0.0,-1.0,0.0,0.0,1.499,-1.0,0.0,0.0,1.498,-2.0,2.501,1.498,1.584,-2.0,0.5,3.33,0.494,4.959,1.385,1.494,-0.237,6.652,2.457,-1.516,1.56,-2.508,-0.503,-3.0,0.934,1.971,3.924,-2.513,-2.501,2.268,3.465,1.333,-2.507,5.016,2.528,1.916,-2.504,-2.502,4.814,-3.504,-1.166,-2.0,-1.205,3.786,-2.0,-1.346,0.488,4.972,1.995,0.0,0.0,0.0,0.0,0.0,0.0,0.0,0.0,0.0,0.0
BtcGF,BTCUSDc,145,4.817,9.634,3,0.3238,63.91,373,32.9759,1,11,0,0.01,1.1,1.75,0.0,0.5,16385,1,3.477,1,0,2,0,0.6,2,-3.608,13.242,5.219,3.465,0.467,2.993,-1.0,1.978,-0.514,-3.0,1.745,1.457,-3.0,-2.256,-1.257,-3.0,0.727,2.526,1.494,-1.257,-0.511,-3.264,4.787,-1.252,3.0,-2.261,-0.168,4.064,-0.25,-3.251,0.755,-1.25,-3.0,1.851,0.411,-1.256,-4.0,3.706,-2.0,-2.275,-2.0,-3.0,-3.0,-3.0,-1.0,-4.0,6.781,6.023,-3.0,2.498,-3.0,0.0,-1.0,0.0,1.733,3.474,-1.0,-1.0,0.0,-1.0,1.744,-1.0,0.0,0.0,0.0,0.0,0.0,-1.0,0.0,0.0,-1.0,0.0,0.0,1.749,-1.0,0.0,0.0,-1.0,-2.0,-2.0,1.747,-2.0,-2.0,0.736,4.081,0.743,1.469,-1.361,2.244,-0.035,2.224,-1.273,-1.269,-1.364,-2.259,-0.253,-3.0,-4.0,2.469,5.365,-2.266,-0.426,3.315,4.208,2.331,-5.0,0.726,5.101,2.163,-0.512,-1.252,1.486,-3.255,0.572,-2.0,-4.0,12.355,-2.0,-3.0,0.737,5.968,2.494,0.0,0.0,0.0,0.0,0.0,0.0,0.0,0.0,0.0,0.0
BtcGF,BTCUSDc,25,43.4192,52.103,5,1.6004,53.23,392,32.6531,1,11,0,0.01,1.1,1.75,0.0,0.5,16385,1,24.367,7,0,2,0,0.0,4,2.044,50.059,5.219,3.465,0.467,2.993,-1.0,1.978,-0.514,-3.0,1.745,1.457,-3.0,-2.256,-1.257,-3.0,-1.273,5.276,1.494,-1.257,-0.511,-3.264,8.651,-1.252,5.552,-0.52,-0.168,4.064,-0.25,-3.251,0.755,-1.25,-3.0,1.851,-5.0,-1.256,-4.0,5.869,-2.0,-2.275,-2.0,-3.0,-4.0,-3.0,-1.0,-4.0,7.285,6.023,-1.251,2.498,-3.0,0.0,-1.0,0.0,1.733,3.474,-1.0,-1.0,0.0,-1.0,1.744,-1.0,0.0,0.0,0.0,0.0,0.0,-1.0,0.0,0.0,-1.0,0.0,0.0,1.749,-1.0,0.0,0.0,-1.0,-2.0,0.491,1.747,-2.0,-2.0,0.736,4.081,0.743,1.468,-0.813,2.244,-0.035,5.419,-1.273,-1.269,-1.364,-2.259,-0.253,-3.252,-4.0,2.469,8.13,-2.266,-4.251,27.477,4.208,-2.25,-5.0,0.96,5.355,2.163,-0.512,-1.252,1.486,-3.255,10.276,-2.0,-5.0,14.471,-3.0,-2.253,0.737,5.968,2.494,0.0,0.0,0.0,0.0,0.0,0.0,0.0,0.0,0.0,0.0
BtcGF,BTCUSDc,28,17.9127,26.869,4,1.242,28.42,376,33.7766,1,9,0,0.01,1.1,1.75,0.0,1.0,16385,1,19.234,6,0,2,0,0.0,3,9.528,17.341,5.219,3.465,-1.274,3.721,-1.0,1.492,-0.514,-3.0,1.745,5.242,-3.0,-2.256,-0.257,-3.0,-4.0,5.933,1.494,-1.257,-2.255,-3.264,7.566,1.094,5.552,-2.261,-1.251,4.064,-0.25,-3.251,-0.519,-1.25,-3.0,1.211,-1.263,-1.256,-4.0,7.381,-2.0,0.603,-2.0,-3.0,-0.289,-2.0,-1.0,-4.0,5.024,5.974,-0.29,2.498,-3.0,0.0,0.0,-1.0,1.733,3.474,-1.0,-1.0,0.0,-1.0,1.744,-1.0,0.0,0.0,0.0,0.0,0.0,-1.0,0.0,0.0,-1.0,0.0,0.0,1.749,-1.0,0.0,0.0,-1.0,-2.0,-0.257,1.747,-2.0,-2.0,0.736,4.081,0.743,1.468,-0.813,2.244,1.954,5.419,-1.273,-1.269,2.368,-2.259,-0.252,-3.0,-1.283,2.469,2.192,-2.266,-2.251,1.487,4.208,-2.25,-5.0,0.485,8.261,2.163,-0.512,-1.252,2.486,-3.255,3.147,-6.0,-3.0,11.183,-2.0,-5.0,0.737,5.968,2.494,0.0,0.0,0.0,0.0,0.0,0.0,0.0,0.0,0.0,0.0
BtcGF,BTCUSDc,142,8.148,16.296,3,0.5299,19.31,385,39.4805,1,13,0,0.01,1.1,1.5,0.0,1.0,16385,1,13.15,0,0,2,0,0.6,3,-11.46,27.756,4.472,2.97,-1.52,2.571,-1.0,0.993,2.976,-3.0,1.496,0.961,-0.508,-2.505,-0.506,-3.0,0.478,2.252,0.995,0.989,-2.504,-1.028,1.464,-1.501,0.428,-2.51,-1.501,2.154,-0.5,-3.5,-1.016,-1.5,-0.505,1.958,-1.511,-1.505,-4.0,4.685,-2.0,-1.024,-2.0,-3.0,-0.534,-2.0,-1.0,-4.0,3.471,4.978,-0.536,2.0,-3.0,0.0,0.0,-1.0,1.485,2.978,-1.0,-1.0,0.0,-1.0,1.494,-1.0,0.0,0.0,0.0,0.0,0.0,-1.0,0.0,0.0,-1.0,0.0,0.0,1.499,-1.0,0.0,0.0,1.498,-2.0,2.501,1.498,2.146,-2.0,0.5,4.48,0.494,4.959,1.385,1.494,-0.237,6.652,2.457,-1.516,1.56,-2.508,-0.503,-3.0,0.934,1.971,3.924,-2.513,-2.501,0.989,3.465,1.36,-2.507,4.884,-0.021,1.978,-2.504,-2.502,4.814,-3.504,-1.166,-6.0,-0.093,3.786,-2.0,-1.346,0.488,4.972,1.995,0.0,0.0,0.0,0.0,0.0,0.0,0.0,0.0,0.0,0.0
BtcGF,BTCUSDc,31,6.9393,10.409,4,0.3548,74.27,370,34.0541,1,15,0,0.01,1.1,1.75,0.0,1.0,16385,1,2.678,3,0,2,0,0.0,4,-3.744,14.153,5.219,3.465,-1.274,3.721,-1.0,1.492,-0.514,-3.0,1.745,1.457,-3.0,-2.256,-0.257,-3.0,-4.0,4.229,1.494,-1.257,-2.255,-3.264,7.461,-1.252,5.552,-2.261,-1.251,-1.258,-0.25,-3.251,-0.519,-1.25,-3.0,1.211,-1.263,-1.256,-4.0,7.381,-2.0,-1.275,-2.0,-3.0,-0.289,-2.0,-1.0,-3.999,4.891,5.974,-0.29,2.498,-3.0,0.0,0.0,-1.0,1.733,3.474,-1.0,-1.0,0.0,-1.0,1.744,-1.0,0.0,0.0,0.0,0.0,0.0,-1.0,0.0,0.0,-1.0,0.0,0.0,1.749,-1.0,0.0,0.0,-1.0,-2.0,-0.257,1.747,-2.0,-2.0,0.736,5.92,0.743,1.468,-0.813,2.244,0.35,5.419,-1.273,-1.269,2.368,-2.259,-0.253,-3.0,-0.283,2.469,5.917,-2.266,-2.251,1.487,4.208,3.208,-5.0,0.485,0.477,2.258,-0.512,-1.252,2.486,-3.255,-1.28,-6.0,-3.0,9.694,-2.0,-3.0,0.737,5.968,2.494,0.0,0.0,0.0,0.0,0.0,0.0,0.0,0.0,0.0,0.0
BtcGF,BTCUSDc,146,5.3025,10.605,3,0.3665,50.33,374,33.4225,1,13,0,0.01,1.1,1.75,0.0,0.5,16385,1,5.268,1,0,2,0,0.6,3,-2.295,12.9,5.219,3.465,0.467,4.619,-2.0,1.492,-0.514,-3.0,1.745,1.457,-3.0,-2.256,-1.257,-3.0,-2.0,3.183,1.494,-1.257,-0.511,-3.264,3.186,-1.252,2.977,-2.261,-0.168,3.006,-0.25,-3.251,0.755,-1.25,-3.0,1.851,0.411,-1.256,-4.0,4.081,-2.0,-1.274,-2.0,-3.0,0.626,-3.0,-1.0,-4.0,6.013,5.974,-3.0,2.498,-3.0,0.0,-1.0,0.0,1.733,3.474,-1.0,-1.0,0.0,-1.0,1.744,-1.0,0.0,0.0,0.0,0.0,0.0,-1.0,0.0,0.0,-1.0,0.0,0.0,1.749,-1.0,0.0,0.0,-1.0,-2.0,-2.0,1.747,-2.0,-1.0,0.736,5.393,0.743,1.469,-1.361,2.244,-0.035,2.224,-1.273,-1.269,-1.364,-2.259,-0.253,-3.0,-4.0,2.469,9.09,-0.266,1.474,1.487,4.208,2.34,-5.0,0.485,1.749,2.258,-0.512,0.496,1.486,-3.255,0.572,-6.0,-3.0,10.385,-2.0,-3.0,0.737,5.968,2.494,0.0,0.0,0.0,0.0,0.0,0.0,0.0,0.0,0.0,0.0
BtcGF,BTCUSDc,152,20.4925,24.591,5,1.2289,25.12,373,29.7587,1,9,0,0.01,1.1,2.0,0.0,0.5,16385,1,18.414,6,0,2,0,0.6,5,15.6,8.991,5.964,3.952,0.963,-1.0,-2.0,1.991,-0.015,-3.0,1.994,3.902,-3.0,-2.007,-1.008,-3.0,3.152,6.94,1.993,-1.008,0.548,-3.016,1.204,1.048,6.171,-2.013,0.23,5.306,1.25,-3.001,2.444,-1.0,-3.0,1.8,0.928,-1.007,-4.0,7.324,-2.0,0.331,-2.0,-3.0,-3.0,-3.0,-1.0,-4.0,3.237,4.034,-3.0,2.998,-3.0,0.0,-1.0,0.0,3.0,3.971,-1.0,-1.0,0.0,-1.0,1.993,-0.999,0.0,0.0,0.0,0.0,0.0,-1.0,0.0,0.0,-1.0,0.0,0.0,1.999,-1.0,0.0,0.0,-1.0,-2.0,-2.0,1.997,-2.0,-2.0,1.218,5.775,0.992,-1.013,-0.622,2.991,3.293,2.971,-2.002,-1.022,-3.804,-2.011,-0.003,-3.0,-4.0,-0.004,7.525,-2.018,0.168,1.986,4.953,3.288,-5.0,-0.587,6.123,3.05,-2.005,-4.0,1.984,-3.006,1.553,-6.0,-3.0,2.875,-2.0,-3.0,-1.015,11.374,2.994,0.0,0.0,0.0,0.0,0.0,0.0,0.0,0.0,0.0,0.0
BtcGF,BTCUSDc,2,10.179,20.358,3,1.0687,63.39,454,48.6784,1,13,0,0.01,1.1,1.0,0.0,0.5,16385,1,7.453,1,0,2,0,0.0,2,15.845,4.513,2.982,2.979,-1.019,2.856,1.744,2.985,1.977,-0.029,0.997,-0.013,-1.005,-1.005,-2.004,-1.004,-0.01,1.988,2.015,-0.007,-2.006,-2.018,-0.023,-0.001,0.979,-2.011,3.961,-0.013,0.999,-4.0,-0.318,0.0,0.995,2.039,-0.008,-2.004,8.905,-2.009,-1.014,1.631,-2.0,-3.0,-0.629,-3.0,-0.024,-0.003,-0.011,2.986,-2.001,1.0,-3.0,-0.01,-1.0,0.0,-0.01,-1.041,1.99,-1.0,0.0,5.108,1.979,0.991,1.909,0.0,0.987,0.987,-1.0,-1.0,0.0,0.0,-1.0,-1.0,0.0,0.999,-2.0,0.0,0.0,0.998,-0.014,1.87,0.992,-0.013,-3.0,0.0,0.988,0.98,5.15,-2.011,-0.004,-1.01,4.414,0.972,1.477,0.033,-0.585,1.994,-2.017,-1.724,0.976,3.707,-4.009,-5.001,-1.007,0.975,1.99,2.268,1.973,5.381,-0.017,-3.003,-2.002,-0.008,-4.003,-1.012,-5.005,-0.433,2.189,1.223,-2.003,-0.008,1.982,0.997,0.0,0.0,0.0,0.0,0.0,0.0,0.0,0.0,0.0,0.0
BtcGF,BTCUSDc,6,12.2767,18.415,4,1.216,5.43,434,52.3041,1,13,0,0.01,1.1,1.0,0.0,1.0,16385,1,17.415,0,0,2,0,0.0,4,4.314,14.101,2.982,2.979,-2.014,0.995,-0.014,2.976,1.977,-0.029,0.997,-0.013,-1.005,-1.005,-1.004,-1.004,-0.01,1.988,1.996,-0.007,-3.003,-2.018,-0.023,-0.001,0.979,-2.011,3.961,-0.013,0.999,-4.0,-1.016,0.0,0.995,1.965,2.985,-2.004,-3.002,-0.011,-1.014,0.976,-2.0,-3.0,-1.025,-0.009,-0.024,1.985,1.98,2.986,-1.027,1.0,-3.0,-0.01,0.0,-1.0,-0.01,-1.041,1.99,-1.0,0.0,1.99,2.979,0.0,0.955,0.0,0.987,0.987,0.987,-1.0,0.0,0.0,-1.0,-1.0,0.0,0.999,-2.0,0.0,0.0,0.998,-0.014,-0.01,0.992,-0.013,-0.013,0.0,0.988,0.98,4.965,-2.011,-0.004,-1.01,2.969,0.972,0.953,2.978,-1.009,1.994,-1.016,-2.046,0.976,1.951,-3.009,-2.002,-1.007,0.975,1.99,1.957,1.973,4.965,-0.017,-3.003,-1.001,-0.008,-4.003,1.956,-5.005,-3.053,1.973,1.988,-2.003,-0.008,1.982,0.997,0.0,0.0,0.0,0.0,0.0,0.0,0.0,0.0,0.0,0.0
BtcGF,BTCUSDc,106,16.3633,19.636,5,0.6409,39.21,379,32.9815,1,13,0,0.01,1.1,1.75,0.0,0.5,16385,1,11.936,7,0,2,0,0.4,4,-6.784,26.42,5.219,3.465,0.467,6.305,-2.0,1.492,-0.514,-3.0,1.745,1.457,-3.0,-2.256,-1.257,-3.0,-4.0,5.933,1.494,-1.257,-0.511,-3.264,4.453,-1.252,4.157,-2.261,-0.168,3.006,-0.25,-3.251,0.755,-1.25,-3.0,1.851,-5.0,-1.256,-4.0,6.377,-2.0,-1.274,-2.0,-3.0,0.626,-3.0,-1.0,-4.0,1.481,5.974,-1.251,2.498,-3.0,0.0,-1.0,0.0,1.733,3.474,-1.0,-1.0,0.0,-1.0,1.744,-1.0,0.0,0.0,0.0,0.0,0.0,-1.0,0.0,0.0,-1.0,0.0,0.0,1.749,-1.0,0.0,0.0,-1.0,-2.0,-2.0,1.747,-2.0,-2.0,0.736,5.92,0.743,1.468,-0.813,2.244,-0.035,2.224,-1.273,-1.269,-1.364,-2.259,-0.253,-3.0,-4.0,2.469,11.104,-0.266,4.449,1.487,4.208,3.759,-5.0,0.485,1.749,2.258,-0.512,0.496,1.486,-3.255,1.97,-6.0,-3.0,12.551,-2.0,-3.0,0.737,5.968,2.494,0.0,0.0,0.0,0.0,0.0,0.0,0.0,0.0,0.0,0.0
BtcGF,BTCUSDc,155,9.4927,14.239,4,0.5938,44.89,364,31.044,1,15,0,0.01,1.1,2.0,0.0,0.5,16385,1,7.847,3,0,2,0,0.6,3,-3.787,18.026,5.964,3.952,0.963,-1.0,-2.0,2.138,-0.015,-3.0,1.994,1.954,-3.0,-2.007,-0.008,-3.0,-2.0,4.877,1.993,-1.008,-0.013,-3.016,-1.022,-1.002,4.575,-2.013,0.105,-1.009,-0.001,-3.001,2.444,-1.0,-3.0,1.8,0.94,-1.007,-4.0,6.386,-2.0,-1.028,-2.0,-3.0,1.034,-3.0,-1.0,-4.0,2.54,3.977,-3.0,2.998,-3.0,0.0,-1.0,0.0,3.758,3.971,-1.0,-1.0,0.0,-1.0,1.993,-1.0,0.0,0.0,0.0,0.0,0.0,-1.0,0.0,0.0,-1.0,0.0,0.0,1.999,-1.0,0.0,0.0,-1.0,-2.0,-2.0,1.997,-1.0,-2.0,1.218,6.307,0.992,-1.013,-0.622,2.991,1.931,2.971,0.605,-1.022,-3.804,-2.011,-0.003,-3.0,-4.0,2.966,9.842,-0.018,2.273,1.986,4.953,3.248,-5.0,0.983,3.108,3.179,-2.005,-4.0,1.984,-3.006,-1.033,-6.0,-3.0,7.084,-2.0,-2.999,-1.015,8.973,2.994,0.0,0.0,0.0,0.0,0.0,0.0,0.0,0.0,0.0,0.0
BtcGF,BTCUSDc,1,4.875,9.75,3,0.3888,42.22,454,48.2379,1,11,0,0.01,1.1,1.0,0.0,0.5,16385,1,5.634,0,0,2,0,0.0,3,-1.428,11.178,2.982,2.979,-1.019,1.368,1.061,3.206,1.977,-0.029,0.997,-0.013,-1.005,-1.005,-2.004,-1.004,-0.01,1.988,2.015,-0.007,-2.006,-2.018,-0.023,-0.001,0.979,-2.011,3.961,-0.013,0.999,-4.0,-0.318,0.0,0.995,2.039,-0.008,-2.004,-0.9,-0.66,-1.014,-4.002,-2.0,-3.0,-4.0,-3.0,-0.024,-0.003,3.089,3.01,-2.001,1.0,-3.0,-0.01,-1.0,0.0,-0.01,-1.041,1.99,-1.0,0.0,5.108,4.283,0.991,1.909,0.0,0.987,0.987,-1.0,-1.0,0.0,0.0,-1.0,-1.0,0.0,0.999,-2.0,0.0,0.0,0.998,-0.014,-1.005,0.992,-0.013,0.089,0.0,0.988,0.98,5.15,-2.011,-0.004,-1.01,4.414,0.972,1.477,0.033,-0.585,1.994,-2.017,-1.724,0.976,3.707,-2.012,-5.001,-1.007,0.975,1.99,3.055,-0.022,5.845,-0.017,-3.003,-3.001,-0.008,-4.003,-1.012,-5.005,-1.181,5.843,1.223,-2.003,-0.008,1.982,0.997,0.0,0.0,0.0,0.0,0.0,0.0,0.0,0.0,0.0,0.0
BtcGF,BTCUSDc,78,11.7667,17.65,4,0.5428,65.05,364,31.044,1,13,0,0.01,1.1,2.0,0.0,1.0,16385,1,6.168,4,0,2,0,0.2,3,-11.974,29.624,5.964,3.952,-1.027,-1.0,-1.0,1.991,-0.015,-3.0,1.994,1.954,-3.0,-2.007,-0.008,-3.0,-4.0,4.983,1.993,-1.008,-2.006,-3.016,-1.022,-1.002,-2.006,-2.013,-1.002,3.857,-0.001,-3.001,0.978,-1.0,-3.0,0.141,-1.015,-1.007,-4.0,10.743,-2.0,-2.028,-2.0,-3.0,-0.05,-2.0,-1.0,-4.0,-0.018,3.977,-0.045,2.998,-3.0,0.0,0.0,-1.0,3.827,3.971,-1.0,-1.0,0.0,-1.0,1.993,-1.0,0.0,0.0,0.0,0.0,0.0,-1.0,0.0,0.0,-1.0,0.0,0.0,1.999,-1.0,0.0,0.0,-1.0,-2.0,-0.008,1.997,-2.0,-2.0,1.218,8.159,0.992,-1.013,0.068,2.991,2.551,-0.008,0.605,-1.022,0.177,-2.011,-0.003,-3.0,0.035,2.966,6.912,-2.018,-2.001,1.986,4.953,10.481,-5.0,0.983,0.974,3.179,-2.005,-4.0,2.984,-3.006,8.384,-6.0,-3.0,4.18,-2.0,-3.0,-1.015,8.973,2.994,0.0,0.0,0.0,0.0,0.0,0.0,0.0,0.0,0.0,0.0
BtcGF,BTCUSDc,101,19.5787,29.368,4,1.0843,13.83,384,39.8438,1,11,0,0.01,1.1,1.5,0.0,1.0,16385,1,25.306,0,0,2,0,0.4,4,-5.615,34.983,4.472,2.97,-1.52,2.746,-1.0,0.993,2.976,-3.0,1.496,0.961,-0.508,-2.505,-0.506,-3.0,-1.522,4.196,0.995,0.989,-2.504,-1.028,2.989,-1.501,1.557,-2.51,-1.501,2.353,-0.5,-3.5,-1.016,-1.5,-0.505,1.958,-1.511,-1.505,-4.0,5.558,-2.0,-1.024,-2.0,-3.0,-0.534,-2.0,-1.0,-4.0,3.471,4.978,-0.536,2.0,-3.0,0.0,0.0,-1.0,1.485,2.978,-1.0,-1.0,0.0,-1.0,1.494,-1.0,0.0,0.0,0.0,0.0,0.0,-1.0,0.0,0.0,-1.0,0.0,0.0,1.499,-1.0,0.0,0.0,1.498,-2.0,-0.506,1.498,1.943,-2.0,0.5,3.33,0.494,4.959,1.791,1.494,-0.237,6.652,2.457,-1.516,1.56,-2.508,-0.503,-3.0,0.934,1.971,3.924,-2.513,-2.501,3.194,3.465,2.364,-2.507,5.216,2.528,1.916,-2.504,-2.502,5.814,-3.504,-0.139,-2.0,-0.014,4.493,-2.0,-1.006,0.488,4.972,1.995,0.0,0.0,0.0,0.0,0.0,0.0,0.0,0.0,0.0,0.0
BtcGF,BTCUSDc,11,12.853,25.706,3,1.1893,66.78,439,42.8246,1,15,0,0.01,1.1,1.25,0.0,0.5,16385,1,8.539,1,0,2,0,0.0,2,10.349,15.357,3.727,3.723,-0.523,3.565,-3.0,1.735,1.98,-3.0,1.247,0.483,-0.757,-0.507,-0.755,-0.755,-1.757,2.735,2.698,0.491,-1.507,-1.523,0.721,0.499,-0.267,-1.515,1.724,0.483,-0.75,-3.75,0.619,-1.75,-0.754,3.473,-1.506,-1.754,13.167,-1.511,-2.0,-0.52,-2.0,-3.0,-0.211,-3.0,0.22,-1.754,2.821,3.982,-1.751,1.5,-3.0,0.237,-1.0,0.0,1.901,-0.552,0.804,-1.0,0.0,3.243,0.479,1.239,2.465,0.0,1.228,1.234,-1.0,-1.0,0.0,0.0,-1.0,-1.0,0.0,1.249,-2.0,0.0,0.0,1.248,-2.0,3.233,1.24,0.233,-3.0,0.25,1.484,1.477,6.206,-1.421,0.745,-0.261,7.343,4.619,1.217,-3.733,-2.757,2.743,-1.521,-4.0,0.474,1.728,-3.761,-4.751,-0.509,1.721,2.583,-0.508,4.007,1.99,0.73,-2.753,-2.752,0.49,-3.754,-0.525,-3.756,1.861,3.782,3.107,-4.0,0.24,2.978,1.496,0.0,0.0,0.0,0.0,0.0,0.0,0.0,0.0,0.0,0.0
BtcGF,BTCUSDc,72,28.8842,34.661,5,1.4471,31.14,391,29.156,1,9,0,0.01,1.1,2.0,0.0,0.5,16385,1,23.866,14,0,2,0,0.2,4,30.864,3.797,5.964,3.952,0.963,-1.0,-2.0,1.991,-0.015,-3.0,1.994,7.848,-3.0,-2.007,-1.008,-3.0,-4.0,4.983,1.993,-1.008,0.548,-3.016,2.311,2.526,9.658,-0.024,0.23,5.306,1.25,-3.001,2.444,-1.0,-3.0,1.8,2.156,-1.007,-4.0,16.252,-2.0,1.55,-2.0,-3.0,-3.0,-3.0,-1.0,-4.0,3.237,4.034,-1.002,2.998,-3.0,0.0,-1.0,0.0,3.0,3.971,-1.0,-1.0,0.0,-1.0,1.993,-1.0,0.0,0.0,0.0,0.0,0.0,-1.0,0.0,0.0,-1.0,0.0,0.0,1.999,-1.0,0.0,0.0,-1.0,-2.0,0.99,1.997,-2.0,-2.0,1.218,5.775,0.992,-1.013,0.068,2.991,3.293,-0.008,-2.002,-1.022,-3.804,-2.011,-0.002,-3.002,-5.0,-0.004,10.796,-2.018,-4.002,1.986,4.953,-2.001,-5.0,-0.319,7.336,3.05,-2.005,-4.0,1.984,-3.006,4.63,-6.0,-4.0,-2.003,-3.0,-2.004,-1.015,12.986,2.994,0.0,0.0,0.0,0.0,0.0,0.0,0.0,0.0,0.0,0.0
BtcGF,BTCUSDc,7,12.2767,18.415,4,1.216,5.43,434,52.3041,1,15,0,0.01,1.1,1.0,0.0,1.0,16385,1,17.415,0,0,2,0,0.0,4,4.314,14.101,2.982,2.979,-2.014,0.995,-0.014,2.976,1.977,-0.029,0.997,-0.013,-1.005,-1.005,-1.004,-1.004,-0.01,1.988,1.996,-0.007,-3.003,-2.018,-0.023,-0.001,0.979,-2.011,3.961,-0.013,0.999,-4.0,-1.016,0.0,0.995,1.965,2.985,-2.004,-3.002,-0.011,-1.014,0.976,-2.0,-3.0,-1.025,-0.009,-0.024,1.985,1.98,2.986,-1.027,1.0,-3.0,-0.01,0.0,-1.0,-0.01,-1.041,1.99,-1.0,0.0,1.99,2.979,0.0,0.955,0.0,0.987,0.987,0.987,-1.0,0.0,0.0,-1.0,-1.0,0.0,0.999,-2.0,0.0,0.0,0.998,-0.014,-0.01,0.992,-0.013,-0.013,0.0,0.988,0.98,4.965,-2.011,-0.004,-1.01,2.969,0.972,0.953,2.978,-1.009,1.994,-1.016,-2.046,0.976,1.951,-3.009,-2.002,-1.007,0.975,1.99,1.957,1.973,4.965,-0.017,-3.003,-1.001,-0.008,-4.003,1.956,-5.005,-3.053,1.973,1.988,-2.003,-0.008,1.982,0.997,0.0,0.0,0.0,0.0,0.0,0.0,0.0,0.0,0.0,0.0
BtcGF,BTCUSDc,5,12.2767,18.415,4,1.216,5.43,434,52.3041,1,11,0,0.01,1.1,1.0,0.0,1.0,16385,1,17.415,0,0,2,0,0.0,4,4.314,14.101,2.982,2.979,-2.014,0.995,-0.014,2.976,1.977,-0.029,0.997,-0.013,-1.005,-1.005,-1.004,-1.004,-0.01,1.988,1.996,-0.007,-3.003,-2.018,-0.023,-0.001,0.979,-2.011,3.961,-0.013,0.999,-4.0,-1.016,0.0,0.995,1.965,2.985,-2.004,-3.002,-0.011,-1.014,0.976,-2.0,-3.0,-1.025,-0.009,-0.024,1.985,1.98,2.986,-1.027,1.0,-3.0,-0.01,0.0,-1.0,-0.01,-1.041,1.99,-1.0,0.0,1.99,2.979,0.0,0.955,0.0,0.987,0.987,0.987,-1.0,0.0,0.0,-1.0,-1.0,0.0,0.999,-2.0,0.0,0.0,0.998,-0.014,-0.01,0.992,-0.013,-0.013,0.0,0.988,0.98,4.965,-2.011,-0.004,-1.01,2.969,0.972,0.953,2.978,-1.009,1.994,-1.016,-2.046,0.976,1.951,-3.009,-2.002,-1.007,0.975,1.99,1.957,1.973,4.965,-0.017,-3.003,-1.001,-0.008,-4.003,1.956,-5.005,-3.053,1.973,1.988,-2.003,-0.008,1.982,0.997,0.0,0.0,0.0,0.0,0.0,0.0,0.0,0.0,0.0,0.0
BtcGF,BTCUSDc,4,12.2767,18.415,4,1.216,5.43,434,52.3041,1,9,0,0.01,1.1,1.0,0.0,1.0,16385,1,17.415,0,0,2,0,0.0,4,4.314,14.101,2.982,2.979,-2.014,0.995,-0.014,2.976,1.977,-0.029,0.997,-0.013,-1.005,-1.005,-1.004,-1.004,-0.01,1.988,1.996,-0.007,-3.003,-2.018,-0.023,-0.001,0.979,-2.011,3.961,-0.013,0.999,-4.0,-1.016,0.0,0.995,1.965,2.985,-2.004,-3.002,-0.011,-1.014,0.976,-2.0,-3.0,-1.025,-0.009,-0.024,1.985,1.98,2.986,-1.027,1.0,-3.0,-0.01,0.0,-1.0,-0.01,-1.041,1.99,-1.0,0.0,1.99,2.979,0.0,0.955,0.0,0.987,0.987,0.987,-1.0,0.0,0.0,-1.0,-1.0,0.0,0.999,-2.0,0.0,0.0,0.998,-0.014,-0.01,0.992,-0.013,-0.013,0.0,0.988,0.98,4.965,-2.011,-0.004,-1.01,2.969,0.972,0.953,2.978,-1.009,1.994,-1.016,-2.046,0.976,1.951,-3.009,-2.002,-1.007,0.975,1.99,1.957,1.973,4.965,-0.017,-3.003,-1.001,-0.008,-4.003,1.956,-5.005,-3.053,1.973,1.988,-2.003,-0.008,1.982,0.997,0.0,0.0,0.0,0.0,0.0,0.0,0.0,0.0,0.0,0.0
BtcGF,BTCUSDc,9,18.452,27.678,4,1.059,41.96,439,42.369,1,11,0,0.01,1.1,1.25,0.0,0.5,16385,1,16.063,3,0,2,0,0.0,2,-10.187,37.865,3.727,3.723,-0.523,1.778,-1.0,2.044,1.98,-3.0,1.247,0.483,-0.757,-0.507,-1.755,-0.755,-1.757,3.117,2.698,0.491,-1.507,-1.523,0.721,0.499,-0.267,-1.515,1.724,0.483,-0.75,-3.75,0.619,-1.75,-0.754,3.473,-1.506,-1.754,0.252,0.229,-2.0,-2.52,-2.0,-3.0,-4.0,-3.0,0.22,-1.754,4.219,4.014,-1.751,1.5,-3.0,0.237,-1.0,0.0,0.238,-0.552,0.804,-1.0,0.0,0.24,3.371,1.239,2.465,0.0,1.228,1.234,-1.0,-1.0,0.0,0.0,-1.0,-1.0,0.0,1.249,-2.0,0.0,0.0,1.248,-2.0,-0.506,1.24,0.233,0.613,0.25,1.484,1.477,6.453,-1.421,0.745,-0.228,7.343,1.715,1.217,-3.733,-2.757,3.089,-1.521,-4.0,1.474,6.095,-2.761,-4.751,9.859,1.721,-0.503,-0.508,1.763,4.258,0.73,-2.753,-2.752,0.49,-3.754,4.901,-3.756,-0.295,8.619,3.107,-4.0,0.24,2.978,1.496,0.0,0.0,0.0,0.0,0.0,0.0,0.0,0.0,0.0,0.0
BtcGF,BTCUSDc,10,24.5658,29.479,5,1.9497,58.23,440,42.5,1,13,0,0.01,1.1,1.25,0.0,0.5,16385,1,12.312,3,0,2,0,0.0,2,3.291,26.188,3.727,3.723,-0.523,3.669,-3.0,1.735,1.98,-3.0,1.247,0.483,-0.757,-0.507,-1.755,-0.755,-1.756,3.571,2.698,0.491,-1.507,-1.523,0.721,0.499,-0.267,-1.515,1.724,0.483,-0.75,-3.75,0.619,-1.75,-0.754,3.473,-1.506,-1.754,13.167,-1.511,-2.0,-0.519,-2.0,-3.0,-0.211,-3.0,0.22,-1.754,0.487,3.982,-1.751,1.5,-3.0,0.237,-1.0,0.0,0.238,-0.552,0.804,-1.0,0.0,0.24,0.479,1.239,2.465,0.0,1.228,1.234,-1.0,-1.0,0.0,0.0,-1.0,-1.0,0.0,1.249,-2.0,0.0,0.0,1.248,-2.0,3.233,1.24,0.233,-3.0,0.25,1.484,1.477,6.453,-1.421,0.745,-0.228,7.343,1.715,1.217,-3.733,-2.757,2.854,-1.521,-4.0,1.474,6.095,-3.761,-4.751,-0.509,1.721,6.623,-0.508,3.717,1.422,0.73,-2.753,-1.504,0.49,-3.754,4.901,-3.756,0.626,3.138,3.107,-4.0,0.24,2.978,1.496,0.0,0.0,0.0,0.0,0.0,0.0,0.0,0.0,0.0,0.0
BtcGF,BTCUSDc,0,8.4945,16.989,3,0.7578,48.23,455,47.9121,1,9,0,0.01,1.1,1.0,0.0,0.5,16385,1,8.795,1,0,2,0,0.0,3,8.6,8.389,2.982,2.979,-1.019,1.104,0.236,2.985,1.977,1.507,0.997,-0.013,-1.005,-1.005,-2.004,-1.004,-0.01,1.988,2.015,-0.007,-2.006,-2.018,-0.023,-0.001,0.979,-2.011,3.961,-0.013,0.999,-4.0,-0.318,0.0,0.995,2.039,4.507,-2.004,-0.9,0.338,-1.014,-4.002,-2.0,-3.0,-3.0,-3.0,-0.024,-0.003,2.3,3.01,-2.001,1.0,-3.0,-0.01,-1.0,0.0,-0.01,-1.041,1.99,-1.0,0.0,9.186,4.283,0.991,1.909,0.0,0.987,0.987,-1.0,-1.0,0.0,0.0,-1.0,-1.0,0.0,0.999,-2.0,0.0,0.0,0.998,-0.014,-1.005,0.992,-0.013,-3.0,0.0,0.988,4.038,5.15,-2.011,-0.004,-1.01,4.414,1.971,1.926,0.033,-0.585,1.994,-2.017,-5.0,-1.002,3.707,-2.012,-5.001,-1.007,0.975,1.99,3.023,-0.022,2.98,-0.017,-3.003,-3.001,-0.008,-4.003,-0.012,-5.005,-1.181,8.788,1.223,-2.003,-0.008,1.982,0.997,0.0,0.0,0.0,0.0,0.0,0.0,0.0,0.0,0.0,0.0
BtcGF,BTCUSDc,8,11.788,23.576,3,1.0368,26.82,443,42.2122,1,9,0,0.01,1.1,1.25,0.0,0.5,16385,1,17.252,2,0,2,0,0.0,2,1.817,21.759,3.727,3.723,-0.523,1.467,-2.0,1.735,1.98,1.953,1.247,0.483,-0.757,-0.507,-1.755,-0.755,-1.757,3.571,2.698,0.491,-1.507,-1.523,0.721,0.499,-0.267,-1.515,1.724,0.483,-0.75,-3.75,0.619,-1.75,-0.754,3.473,3.669,-1.754,0.252,1.496,-2.0,-1.043,-2.0,-3.0,-3.0,-3.0,0.22,-1.754,3.277,4.014,-1.751,1.5,-3.0,0.237,-1.0,0.0,0.238,-0.552,0.804,-1.0,0.0,0.24,3.371,1.239,2.465,0.0,4.283,1.234,-1.0,-1.0,0.0,0.0,-1.0,-1.0,0.0,1.249,-2.0,0.0,0.0,1.248,-2.0,-0.506,1.24,0.233,-3.0,0.25,1.484,5.638,6.453,-1.514,0.745,-0.098,7.343,2.964,3.832,-3.733,-2.757,3.089,-1.521,-5.0,-0.752,6.095,-2.761,-4.751,-0.509,1.721,-0.503,-0.508,0.518,1.997,0.73,-2.753,-2.752,0.49,-3.754,1.43,-3.756,-0.295,5.82,3.107,-4.0,0.24,2.978,1.496,0.0,0.0,0.0,0.0,0.0,0.0,0.0,0.0,0.0,0.0
BtcGF,BTCUSDc,3,10.584,21.168,3,1.1112,60.96,452,48.8938,1,15,0,0.01,1.1,1.0,0.0,0.5,16385,1,8.263,1,0,2,0,0.0,2,16.934,4.234,2.982,2.979,-1.019,2.772,1.744,2.985,1.977,-0.029,0.997,-0.013,-1.005,-1.005,-1.004,-1.004,-0.01,1.988,2.015,-0.007,-2.006,-2.018,-0.023,-0.001,0.979,-2.011,3.961,-0.013,0.999,-4.0,-0.318,0.0,0.995,2.039,-0.008,-2.004,8.905,-2.009,-1.014,1.631,-2.0,-3.0,-0.629,-3.0,-0.024,-0.003,1.98,2.986,-2.001,1.0,-3.0,-0.01,-1.0,0.0,1.29,-1.041,1.99,-1.0,0.0,1.99,1.979,0.991,1.909,0.0,0.987,0.987,-1.0,-1.0,0.0,0.0,-1.0,-1.0,0.0,0.999,-2.0,0.0,0.0,0.998,-0.014,1.87,0.992,-0.013,-3.0,0.0,0.988,0.98,4.965,-2.011,-0.004,-1.01,4.414,2.919,1.477,0.033,-0.585,1.994,-2.017,-1.724,-0.024,0.982,-4.009,-5.001,-1.007,0.975,1.99,-0.007,1.973,5.845,-0.017,-3.003,-3.001,-0.008,-4.003,1.995,-5.005,0.554,2.689,1.223,-2.003,-0.008,1.982,0.997,0.0,0.0,0.0,0.0,0.0,0.0,0.0,0.0,0.0,0.0
