leg,sym,pass,score,nbpR,segpos,rf,oneop,ops,win,sizing,smaP,slowP,mult,step,tpR,trailR,half,mgmtTF,stack,extop1R,nmonster,addtrig,lineplace,nback,buffer,w0,w1,w2,w3,w4,w5,w6,w7,w8,w9,w10,w11,w12,w13,w14,w15,w16,w17,w18,w19,w20,w21,w22,w23,w24,w25,w26,w27,w28,w29,w30,w31,w32,w33,w34,w35,w36,w37,w38,w39,w40,w41,w42,w43,w44,w45,w46,w47,w48,w49,w50,w51,w52,w53,w54,w55,w56,w57,w58,w59,w60,w61,w62,w63,w64,w65,w66,w67,w68,w69,w70,w71,w72,w73,w74,w75,w76,w77,w78,w79,w80,w81,w82,w83,w84,w85,w86,w87,w88,w89,w90,w91,w92,w93,w94,w95,w96,w97,w98,w99,w100,w101,w102,w103,w104,w105,w106,w107,w108,w109,w110,w111,w112,w113,w114,w115,w116,w117,w118,w119,w120,w121,w122,w123,w124,w125,w126,w127,w128,w129
BtcGF,BTCUSDc,41,10.93,21.86,3,0.9914,32.55,423,49.6454,1,15,0,0.015,1.4,1.0,0.0,0.5,16385,1,14.744,2,0,1,15,0.0,2.982,2.979,-1.019,3.361,-0.631,2.985,1.977,-0.029,0.997,-0.013,-1.005,-1.005,-1.004,-1.004,-0.01,1.988,2.002,-0.007,-2.006,-2.018,-0.023,-0.001,0.985,-3.006,2.969,-0.013,0.999,-4.0,-0.583,0.0,0.995,2.096,2.992,-2.004,-4.001,-1.009,-1.014,2.342,-2.0,-3.0,1.04,0.11,0.969,-0.003,1.98,2.986,-2.001,1.0,-3.0,0.0,-1.0,0.0,2.013,1.986,0.995,-1.0,0.0,1.99,0.996,0.991,0.0,0.0,0.0,0.0,0.0,-1.0,0.0,0.0,-1.0,0.0,0.0,0.999,-1.0,0.0,0.0,0.998,-0.014,0.846,0.998,-0.013,-2.0,0.0,1.988,-0.004,4.965,-1.011,-0.004,-2.01,3.069,5.593,-1.017,-2.004,0.56,1.994,-2.016,3.116,0.976,3.614,-4.009,-1.991,-0.007,1.975,1.99,3.247,1.973,3.981,-0.017,-3.003,-3.001,-0.008,-5.003,-0.012,-5.005,-4.005,2.49,1.378,-2.003,-0.008,2.982,0.997,0.0,0.0,0.0,0.0,0.0,0.0,0.0,0.0,0.0,0.0
BtcGF,BTCUSDc,60,16.7,25.05,4,1.315,47.85,420,50.0,1,15,0,0.015,1.1,1.0,0.0,0.5,16385,1,13.064,1,0,1,20,0.0,2.982,2.979,-2.014,2.778,-1.007,2.985,1.977,-0.029,0.997,-0.013,-1.005,-1.005,-1.004,-1.004,-0.01,1.988,2.002,-0.007,-3.003,-2.018,-0.023,-0.001,0.985,-3.006,2.969,-0.013,0.999,-4.0,-1.007,0.0,0.995,-0.016,-1.003,-2.004,7.986,1.007,-1.014,1.605,-2.0,-3.0,1.623,0.004,0.969,1.998,1.98,2.986,-0.914,1.0,-3.0,0.0,-1.0,0.0,1.018,1.986,0.995,-1.0,0.0,1.99,0.996,0.991,0.0,0.0,0.0,0.0,0.0,-1.0,0.0,0.0,-1.0,0.0,0.0,0.999,-1.0,0.0,0.0,0.998,-0.014,0.97,0.998,-0.013,-2.0,0.0,1.988,-0.004,4.965,-1.011,-0.004,-2.01,2.979,3.154,-1.017,0.007,1.334,1.994,-2.016,-1.862,0.976,3.192,-3.009,-1.991,-0.007,1.975,1.99,-0.007,1.973,4.032,-0.017,-3.003,-2.002,-0.008,-5.003,-0.012,-5.005,-0.061,1.984,1.0,-2.003,-0.008,2.982,0.997,0.0,0.0,0.0,0.0,0.0,0.0,0.0,0.0,0.0,0.0
BtcGF,BTCUSDc,130,38.5917,46.31,5,1.8544,66.45,380,31.0526,1,15,0,0.015,1.7,2.0,0.0,0.5,16385,1,15.539,5,0,1,15,0.25,5.964,3.952,0.963,-1.0,-1.0,2.16,0.985,-3.0,1.994,1.954,-3.0,-2.007,-0.008,-3.0,0.084,7.984,1.993,-0.008,-0.013,-3.016,-1.022,-1.002,12.861,-2.013,-1.002,-1.009,-0.001,-3.001,1.887,-1.0,-3.0,2.447,1.398,-1.007,-4.0,29.765,-2.0,-2.028,-2.0,-3.0,5.609,-2.0,-2.0,-4.0,3.121,3.977,-1.002,2.998,-3.0,0.0,-1.0,0.0,-0.999,3.971,-1.0,-1.0,0.0,-1.0,1.993,-1.0,0.0,0.0,0.0,0.0,0.0,-1.0,0.0,0.0,-1.0,0.0,0.0,1.999,-1.0,0.0,0.0,-1.0,-2.0,-0.008,1.997,-2.0,-2.0,0.992,4.274,0.992,-0.013,-1.983,2.991,5.776,-0.008,0.979,-1.022,-1.8,-2.011,1.996,-4.0,-5.0,2.966,15.548,-3.018,-1.971,1.986,4.953,3.341,-5.0,1.013,4.102,2.323,-2.005,-2.003,1.984,-4.006,-1.033,-6.0,-5.0,-0.891,-3.0,-2.004,-1.015,8.973,2.994,0.0,0.0,0.0,0.0,0.0,0.0,0.0,0.0,0.0,0.0
BtcGF,BTCUSDc,31,-2.882,-5.764,3,-0.175,0.0,385,28.8312,1,15,0,0.015,2.0,2.0,0.0,0.5,16385,1,-32.585,3,0,1,10,0.0,5.964,3.952,0.963,-1.0,-1.0,2.665,0.985,-3.0,1.994,1.954,-3.0,-2.007,-0.008,-3.0,-4.0,4.983,1.993,-1.008,-2.006,-3.016,-1.022,-1.002,-2.006,-2.013,0.334,-1.009,-0.001,-3.001,1.479,-1.0,-3.0,1.382,-5.0,-1.007,-4.0,26.816,-2.0,-2.028,-2.0,-3.0,-0.02,-2.0,-2.0,-4.0,2.752,3.977,-1.002,2.998,-3.0,0.0,-1.0,0.0,-2.0,3.971,-1.0,-1.0,0.0,-1.0,1.993,-1.0,0.0,0.0,0.0,0.0,0.0,-1.0,0.0,0.0,-1.0,0.0,0.0,1.999,-1.0,0.0,0.0,-1.0,-2.0,-0.008,1.997,-2.0,-2.0,1.337,4.531,0.992,-1.013,5.21,2.991,-3.016,-0.008,-1.002,-1.022,-7.0,-2.011,-0.003,-3.002,-0.553,1.966,4.953,-3.018,-1.971,1.986,4.953,4.725,-5.0,0.983,10.339,-0.908,-0.014,-4.0,1.984,-3.005,-1.033,-6.0,-4.0,-1.07,-3.0,-2.004,-1.015,8.973,2.994,0.0,0.0,0.0,0.0,0.0,0.0,0.0,0.0,0.0,0.0
BtcGF,BTCUSDc,47,12.583,25.166,3,0.7617,93.1,402,36.5672,1,15,0,0.015,2.0,1.5,0.0,0.5,16385,1,1.737,6,0,1,15,0.0,4.472,2.97,-0.028,7.772,-1.0,0.994,2.976,-3.0,1.496,0.961,-0.508,-2.505,-0.506,-3.0,-1.522,3.482,0.995,0.989,-1.009,-1.028,1.464,-1.501,-3.505,-2.51,-1.501,-1.507,-0.5,-3.5,-0.345,-1.5,-0.505,2.76,0.196,-1.505,-5.0,3.215,-2.0,-1.024,-2.0,-3.0,3.34,-2.0,-1.0,-3.999,3.981,4.978,-1.501,2.0,-3.0,0.0,-1.0,0.0,3.081,2.978,-1.0,-1.0,0.0,-1.0,1.494,-1.0,0.0,0.0,0.0,0.0,0.0,-1.0,0.0,0.0,-1.0,0.0,0.0,1.499,-1.0,0.0,0.0,1.498,-2.0,-0.506,1.498,22.429,-2.0,0.5,3.173,0.494,4.959,0.001,1.494,1.974,9.432,-0.034,-1.516,-1.451,-2.508,0.996,-4.0,-5.0,1.971,9.615,-3.513,-2.481,0.989,3.465,1.132,-2.507,3.979,-0.005,1.634,-2.504,-2.502,0.988,-4.504,-2.527,-6.0,-5.0,8.467,-1.503,-4.0,0.488,4.972,1.995,0.0,0.0,0.0,0.0,0.0,0.0,0.0,0.0,0.0,0.0
BtcGF,BTCUSDc,66,19.582,29.373,4,1.2207,71.91,390,38.2051,1,15,0,0.015,1.7,1.5,0.0,0.5,16385,1,8.25,5,0,1,20,0.0,4.472,2.97,-1.52,4.499,-1.0,0.994,2.976,-3.0,1.496,0.961,-0.508,-2.505,-0.506,-3.0,-1.522,3.482,0.995,0.989,-2.504,-1.028,1.464,-1.501,0.416,-2.51,-1.501,1.224,-0.5,-3.5,-1.002,-1.5,-0.505,-0.522,-4.0,0.982,-4.0,23.153,-2.0,-0.024,-2.0,-3.0,4.432,-2.0,-2.0,-1.497,3.766,4.978,-0.345,2.0,-3.0,0.0,-1.0,0.0,1.528,2.978,-1.0,-1.0,0.0,-1.0,1.494,-0.999,0.0,0.0,0.0,0.0,0.0,-1.0,0.0,0.0,-1.0,0.0,0.0,1.499,-1.0,0.0,0.0,1.498,-2.0,-0.506,1.498,3.012,-2.0,0.5,3.132,0.494,4.959,0.001,1.494,2.879,5.613,6.782,-1.516,-1.873,-2.508,-0.503,-3.0,-4.0,1.971,8.332,-2.513,-2.481,0.989,3.465,-0.033,0.0,3.979,0.09,1.484,-2.504,-1.004,0.988,-4.504,-2.527,-2.0,-5.0,2.983,-1.502,-4.0,0.488,4.972,1.995,0.0,0.0,0.0,0.0,0.0,0.0,0.0,0.0,0.0,0.0
BtcGF,BTCUSDc,125,16.4967,24.745,4,1.1298,75.11,405,36.7901,1,15,0,0.015,1.4,1.5,0.0,0.5,16385,1,6.159,8,0,1,15,0.25,4.472,2.97,-0.028,-1.0,-1.0,0.993,2.976,-3.0,1.496,0.961,-0.508,-2.505,-0.506,-3.0,-1.522,3.482,0.995,0.989,-1.009,-1.028,1.464,-1.501,3.585,-2.51,-1.501,-1.507,-0.5,-3.5,-0.345,-1.5,-0.505,2.76,0.196,-1.505,-4.0,18.572,-2.0,-1.024,-2.0,-3.0,3.34,-2.0,-2.0,-4.0,3.981,4.978,-1.501,2.0,-3.0,0.0,-1.0,0.0,3.081,2.978,-1.0,-1.0,0.0,-1.0,1.494,-1.0,0.0,0.0,0.0,0.0,0.0,-1.0,0.0,0.0,-1.0,0.0,0.0,1.499,-1.0,0.0,0.0,1.498,-2.0,-0.506,1.498,4.394,-2.0,0.5,3.173,0.494,4.959,-2.492,1.494,1.972,9.432,7.353,-1.516,-1.452,-2.508,0.996,-4.0,-5.0,1.971,8.992,-3.513,-2.481,0.989,3.465,1.132,-2.507,3.979,1.485,1.634,-2.504,-1.004,0.988,-4.504,-2.527,-6.0,-5.0,5.152,-1.503,-4.0,0.488,4.972,1.995,0.0,0.0,0.0,0.0,0.0,0.0,0.0,0.0,0.0,0.0
BtcGF,BTCUSDc,29,-2.882,-5.764,3,-0.175,0.0,385,28.8312,1,15,0,0.015,1.4,2.0,0.0,0.5,16385,1,-32.585,3,0,1,10,0.0,5.964,3.952,0.963,-1.0,-1.0,2.665,0.985,-3.0,1.994,1.954,-3.0,-2.007,-0.008,-3.0,-4.0,4.983,1.993,-1.008,-2.006,-3.016,-1.022,-1.002,-2.006,-2.013,0.334,-1.009,-0.001,-3.001,1.479,-1.0,-3.0,1.382,-5.0,-1.007,-4.0,26.816,-2.0,-2.028,-2.0,-3.0,-0.02,-2.0,-2.0,-4.0,2.753,3.977,-1.002,2.998,-3.0,0.0,-1.0,0.0,-2.0,3.971,-1.0,-1.0,0.0,-1.0,1.993,-1.0,0.0,0.0,0.0,0.0,0.0,-1.0,0.0,0.0,-1.0,0.0,0.0,1.999,-1.0,0.0,0.0,-1.0,-2.0,-0.008,1.997,-2.0,-2.0,1.337,4.531,0.992,-1.013,5.21,2.991,-3.016,-0.008,-1.002,-1.022,-7.0,-2.011,-0.003,-3.002,-0.553,1.966,4.953,-3.018,-1.971,1.986,4.953,4.725,-5.0,0.983,10.339,-0.908,-0.014,-4.0,1.984,-3.006,-1.033,-6.0,-4.0,-1.07,-3.0,-2.004,-1.015,8.973,2.994,0.0,0.0,0.0,0.0,0.0,0.0,0.0,0.0,0.0,0.0
BtcGF,BTCUSDc,87,10.076,20.152,3,0.7484,94.31,407,35.6265,1,15,0,0.015,2.0,1.5,0.0,0.5,16385,1,1.146,8,0,1,5,0.25,4.472,2.97,-0.028,-1.0,-2.0,0.993,2.976,-3.0,1.496,0.961,-0.508,-2.505,-0.506,-3.0,-1.522,3.482,0.995,0.989,-1.009,-1.028,1.464,-1.501,3.585,-2.51,-0.398,-1.507,-0.5,-3.5,2.489,-1.5,-0.505,2.83,-5.0,-1.505,-4.0,18.992,-2.0,-0.024,-2.0,-3.0,1.733,-3.0,-1.0,-4.0,3.876,4.978,-1.501,2.0,-3.0,0.0,-1.0,0.0,-2.0,2.978,-1.0,-1.0,0.0,-1.0,1.494,-1.0,0.0,0.0,0.0,0.0,0.0,-1.0,0.0,0.0,-1.0,0.0,0.0,1.499,-1.0,0.0,0.0,1.498,-2.0,-0.505,1.498,4.394,-2.0,0.5,7.827,0.494,4.959,4.068,1.494,1.414,11.359,4.43,-1.516,-1.847,-2.508,0.996,-4.0,-5.0,0.971,2.46,-3.513,-4.501,0.989,3.465,2.452,-2.507,5.948,6.458,-1.018,-2.504,-1.004,0.988,-3.504,-2.527,-6.0,-5.0,1.797,-1.503,-4.0,0.488,4.972,1.995,0.0,0.0,0.0,0.0,0.0,0.0,0.0,0.0,0.0,0.0
BtcGF,BTCUSDc,287,6.833,13.666,3,0.4808,25.22,386,38.601,1,15,0,0.015,2.0,1.5,0.0,0.5,16385,1,10.219,0,0,1,15,0.75,4.472,2.97,-1.52,3.122,-1.0,0.994,2.976,-3.0,1.496,0.961,-0.508,-2.505,-0.506,-3.0,0.478,0.982,0.995,0.989,-1.009,-1.028,1.464,-1.501,-0.01,-2.51,-1.501,-1.507,-0.5,-3.5,-0.414,-1.5,-0.505,2.76,-0.403,-1.505,-4.0,4.433,-2.0,-0.024,-2.0,-3.0,0.414,-2.0,-1.0,-2.0,4.732,4.978,-3.0,2.0,-3.0,0.0,0.0,-1.0,2.132,2.978,-1.0,-1.0,0.0,-1.0,1.494,-1.0,0.0,0.0,0.0,0.0,0.0,-1.0,0.0,0.0,-1.0,0.0,0.0,1.499,-1.0,0.0,0.0,1.498,-2.0,3.725,1.498,1.388,-2.0,0.5,3.173,0.494,4.959,-2.492,1.494,0.05,6.573,3.42,-1.516,-1.452,-2.508,-0.503,-3.0,-0.027,1.971,5.135,-0.513,-0.4,0.989,3.465,0.767,-2.507,2.485,1.485,1.634,-2.504,-2.502,4.908,-3.503,-2.527,-5.999,0.255,3.039,-2.0,-0.604,0.488,4.972,1.995,0.0,0.0,0.0,0.0,0.0,0.0,0.0,0.0,0.0,0.0
BtcGF,BTCUSDc,186,20.278,30.417,4,1.193,19.91,394,38.0711,1,15,0,0.015,1.7,1.5,0.0,0.5,16385,1,24.362,4,0,1,10,0.5,4.472,2.97,-0.028,5.429,-2.0,0.993,2.976,-3.0,1.496,0.961,-0.508,-2.505,-0.506,-3.0,-0.522,3.482,0.995,0.989,-1.009,-1.028,1.464,-1.501,0.893,-2.51,-0.336,-1.507,-0.5,-3.5,-0.646,-1.5,-0.505,2.05,0.298,-1.505,-4.0,7.041,-2.0,-1.024,-2.0,-3.0,1.403,-3.0,-1.0,-3.999,3.816,4.978,-1.501,2.0,-3.0,0.0,-1.0,0.0,3.167,2.978,-1.0,-1.0,0.0,-1.0,1.494,-1.0,0.0,0.0,0.0,0.0,0.0,-1.0,0.0,0.0,-1.0,0.0,0.0,1.499,-1.0,0.0,0.0,1.498,-2.0,-0.505,1.498,2.144,-2.0,0.5,3.338,0.494,4.959,-0.671,1.494,-3.512,7.431,4.404,-1.516,-1.744,-2.508,-0.503,-3.0,2.094,1.971,6.285,-0.513,1.221,0.989,3.465,1.412,-2.506,5.52,7.093,-1.018,-2.504,-2.502,0.988,-3.504,-2.527,-6.0,1.545,4.597,-2.0,1.851,0.488,4.972,1.995,0.0,0.0,0.0,0.0,0.0,0.0,0.0,0.0,0.0,0.0
BtcGF,BTCUSDc,42,10.9305,21.861,3,0.9915,32.55,423,49.6454,1,15,0,0.015,1.7,1.0,0.0,0.5,16385,1,14.745,2,0,1,15,0.0,2.982,2.979,-1.019,3.361,-0.631,2.985,1.977,-0.029,0.997,-0.013,-1.005,-1.005,-1.004,-1.004,-0.01,1.988,2.002,-0.007,-2.006,-2.018,-0.023,-0.001,0.985,-3.006,2.969,-0.013,0.999,-4.0,-0.583,0.0,0.995,2.096,2.992,-2.004,-4.001,-1.009,-1.014,2.342,-2.0,-3.0,1.04,0.11,0.969,-0.003,1.98,2.986,-2.001,1.0,-3.0,0.0,-1.0,0.0,2.013,1.986,0.995,-1.0,0.0,1.99,0.996,0.991,0.0,0.0,0.0,0.0,0.0,-1.0,0.0,0.0,-1.0,0.0,0.0,0.999,-1.0,0.0,0.0,0.998,-0.014,0.846,0.998,-0.013,-2.0,0.0,1.988,-0.004,4.965,-1.011,-0.004,-2.01,3.069,5.593,-1.017,-2.004,0.56,1.994,-2.016,3.116,0.976,3.614,-4.009,-1.991,-0.007,1.975,1.99,3.248,1.973,3.981,-0.017,-3.003,-3.001,-0.008,-5.003,-0.012,-5.005,-4.005,2.49,1.378,-2.003,-0.008,2.982,0.997,0.0,0.0,0.0,0.0,0.0,0.0,0.0,0.0,0.0,0.0
BtcGF,BTCUSDc,94,23.1407,34.711,4,1.091,127.2,382,20.9424,1,15,0,0.015,1.7,2.5,0.0,0.5,16385,1,-9.443,13,0,1,5,0.25,1.494,1.492,2.738,0.0,-2.0,-0.249,0.981,-3.0,2.493,0.495,-3.0,-4.0,-3.0,-3.0,-4.0,-0.512,3.041,-0.51,0.985,-6.0,1.221,-4.0,21.572,-1.516,-3.0,-0.511,0.499,-2.501,7.965,-0.515,-3.0,4.929,-5.0,-0.509,-4.0,40.154,-2.0,-0.535,-2.0,-3.0,4.811,-3.0,-1.0,-4.0,-4.0,5.47,-4.0,1.499,-3.0,0.0,-1.0,0.0,-2.0,4.963,-1.0,-1.0,0.0,-1.0,-1.0,-1.0,0.0,0.0,0.0,0.0,0.0,-1.0,0.0,0.0,-1.0,0.0,0.0,2.499,-1.0,0.0,0.0,-1.0,-2.0,0.492,2.496,-2.0,-2.0,-2.0,1.485,4.18,-0.516,7.23,1.992,0.978,11.787,4.764,-0.527,-2.877,-1.514,2.994,-4.0,-5.0,0.495,-0.519,-2.522,-3.502,0.495,16.093,-4.0,-5.0,9.666,14.347,-4.0,0.982,-1.503,1.213,-2.507,-4.0,-6.0,-5.0,-6.0,-3.0,4.091,-4.0,8.975,-3.0,0.0,0.0,0.0,0.0,0.0,0.0,0.0,0.0,0.0,0.0
BtcGF,BTCUSDc,222,16.1933,24.29,4,1.6189,10.51,417,50.8393,1,15,0,0.015,1.7,1.0,0.0,0.5,16385,1,21.738,0,0,1,20,0.5,2.982,2.979,-2.014,2.286,-1.007,2.985,1.977,-0.029,0.997,-0.013,-1.005,-1.005,-1.004,-1.004,-0.01,1.988,-0.003,-0.007,-3.003,-2.018,-0.023,-0.001,1.585,-3.006,2.969,-0.013,0.999,-4.0,-1.007,0.0,0.995,2.231,3.274,-2.004,-1.448,-1.009,-1.014,1.605,-2.0,-3.0,0.008,0.004,0.969,1.998,1.98,2.986,-0.914,1.0,-3.0,0.0,-1.0,0.0,1.018,1.986,0.995,-1.0,0.0,1.99,0.996,0.991,0.0,0.0,0.0,0.0,0.0,-1.0,0.0,0.0,-1.0,0.0,0.0,0.999,-1.0,0.0,0.0,0.998,-0.014,1.4,0.998,-0.013,-2.0,0.0,1.988,-0.004,4.965,-1.011,-0.004,-2.01,3.936,1.954,-1.017,-2.005,-0.206,1.994,-1.016,0.051,0.976,2.581,-3.009,-1.991,-0.007,1.975,1.99,3.171,1.973,4.032,-0.017,-3.003,-2.002,-0.008,-4.003,3.034,-5.005,-0.953,1.984,3.409,-2.003,-0.008,2.982,0.997,0.0,0.0,0.0,0.0,0.0,0.0,0.0,0.0,0.0,0.0
BtcGF,BTCUSDc,30,-2.8825,-5.765,3,-0.175,0.0,385,28.8312,1,15,0,0.015,1.7,2.0,0.0,0.5,16385,1,-32.586,3,0,1,10,0.0,5.964,3.952,0.963,-1.0,-1.0,2.665,0.985,-3.0,1.994,1.954,-3.0,-2.007,-0.008,-3.0,-4.0,4.983,1.993,-1.008,-2.006,-3.016,-1.022,-1.002,-2.006,-2.013,0.334,-1.009,-0.001,-3.001,1.479,-1.0,-3.0,1.382,-5.0,-1.007,-4.0,26.816,-2.0,-2.028,-2.0,-3.0,-0.02,-2.0,-2.0,-4.0,2.752,3.977,-1.002,2.998,-3.0,0.0,-1.0,0.0,-2.0,3.971,-1.0,-1.0,0.0,-1.0,1.993,-1.0,0.0,0.0,0.0,0.0,0.0,-1.0,0.0,0.0,-1.0,0.0,0.0,1.999,-1.0,0.0,0.0,-1.0,-2.0,-0.008,1.997,-2.0,-2.0,1.337,4.531,0.992,-1.013,5.21,2.991,-3.016,-0.008,-1.002,-1.022,-7.0,-2.011,-0.003,-3.002,-0.553,1.966,4.953,-3.018,-1.971,1.986,4.953,4.725,-5.0,0.983,10.339,-0.908,-0.014,-4.0,1.984,-3.006,-1.033,-6.0,-4.0,-1.07,-3.0,-2.004,-1.015,8.973,2.994,0.0,0.0,0.0,0.0,0.0,0.0,0.0,0.0,0.0,0.0
BtcGF,BTCUSDc,129,38.5867,46.304,5,1.8542,66.45,380,31.0526,1,15,0,0.015,1.4,2.0,0.0,0.5,16385,1,15.533,5,0,1,15,0.25,5.964,3.952,0.963,-1.0,-1.0,2.159,0.985,-3.0,1.994,1.954,-3.0,-2.007,-0.008,-3.0,0.084,7.984,1.993,-0.008,-0.013,-3.016,-1.022,-1.002,12.861,-2.013,-1.002,-1.009,-0.001,-3.001,1.887,-1.0,-3.0,2.446,1.398,-1.007,-4.0,29.765,-2.0,-2.028,-2.0,-3.0,5.609,-2.0,-2.0,-4.0,3.121,3.977,-1.002,2.998,-3.0,0.0,-1.0,0.0,-0.999,3.971,-1.0,-1.0,0.0,-1.0,1.993,-1.0,0.0,0.0,0.0,0.0,0.0,-1.0,0.0,0.0,-1.0,0.0,0.0,1.999,-1.0,0.0,0.0,-1.0,-2.0,-0.008,1.997,-2.0,-2.0,0.992,4.274,0.992,-0.013,-1.983,2.991,5.772,-0.008,0.979,-1.022,-1.8,-2.011,1.996,-4.0,-5.0,2.966,15.548,-3.018,-1.971,1.986,4.953,3.341,-5.0,1.013,4.102,2.323,-2.005,-2.003,1.984,-4.006,-1.033,-6.0,-5.0,-0.891,-3.0,-2.004,-1.015,8.973,2.994,0.0,0.0,0.0,0.0,0.0,0.0,0.0,0.0,0.0,0.0
BtcGF,BTCUSDc,181,15.831,31.662,3,1.9785,9.66,419,50.8353,1,15,0,0.015,1.4,1.0,0.0,0.5,16385,1,28.605,0,0,1,10,0.5,2.982,2.979,-1.019,2.286,-0.185,2.985,1.977,-0.029,0.997,-0.013,-1.005,-1.005,-1.004,-1.004,-0.01,1.988,2.088,-0.007,-2.006,-2.018,-0.023,-0.001,1.119,-3.006,2.969,-0.013,0.999,-4.0,-0.777,0.0,0.995,1.98,3.116,-2.004,-1.448,-1.009,-1.014,2.362,-2.0,-3.0,0.008,-3.0,0.969,-0.003,1.98,2.986,-2.001,1.0,-3.0,0.0,-1.0,0.0,2.068,1.986,0.995,-1.0,0.0,1.99,0.996,0.991,0.0,0.0,0.0,0.0,0.0,-1.0,0.0,0.0,-1.0,0.0,0.0,0.999,-1.0,0.0,0.0,0.998,-0.014,1.4,0.998,-0.013,-2.0,0.0,1.988,-0.004,4.965,-1.011,-0.004,-2.01,2.979,1.954,-1.017,-2.005,-0.206,1.994,-1.016,1.134,0.976,2.76,1.687,-0.938,-0.007,1.975,1.99,3.318,1.973,5.012,-0.017,-3.003,-3.001,-0.008,-4.003,3.034,-5.005,-0.849,2.872,3.632,-2.003,-0.008,2.982,0.997,0.0,0.0,0.0,0.0,0.0,0.0,0.0,0.0,0.0,0.0
BtcGF,BTCUSDc,102,10.677,21.354,3,1.4172,26.46,427,48.4778,1,15,0,0.015,1.7,1.0,0.0,0.5,16385,1,15.703,2,0,1,10,0.25,2.982,2.979,-1.019,-1.0,1.035,2.985,1.977,-0.029,0.997,-0.013,-1.005,-1.005,-1.004,-1.004,-0.01,1.988,2.088,-0.007,-2.006,-2.018,-0.023,-0.001,1.119,-3.006,2.969,-0.013,0.999,-4.0,-0.777,0.0,0.995,1.98,-1.003,-2.004,1.651,-1.008,-1.014,2.379,-2.0,-3.0,1.612,-3.0,0.969,-0.003,1.98,2.986,-2.001,1.0,-3.0,0.0,-1.0,0.0,-2.0,1.986,0.995,-1.0,0.0,1.99,0.996,0.991,0.0,0.0,0.0,0.0,0.0,-1.0,0.0,0.0,-1.0,0.0,0.0,0.999,-1.0,0.0,0.0,0.998,-0.014,4.09,0.998,-0.013,-2.0,0.0,1.988,-0.004,4.965,-1.011,-0.004,-2.01,2.979,3.442,-1.017,-2.005,0.957,1.994,-2.017,-0.1,-0.024,0.982,-4.009,-5.001,-0.007,1.975,1.99,5.965,1.973,6.621,-0.017,-3.003,-3.001,-0.008,-4.003,3.969,-5.005,1.031,2.872,1.216,-2.003,-0.008,2.982,0.997,0.0,0.0,0.0,0.0,0.0,0.0,0.0,0.0,0.0,0.0
BtcGF,BTCUSDc,26,-5.1705,-10.341,3,-0.3435,0.0,401,35.4115,1,15,0,0.015,1.7,1.5,0.0,0.5,16385,1,-26.9,4,0,1,10,0.0,4.472,2.97,-0.028,-1.0,-1.0,0.993,2.976,-3.0,1.496,0.961,-0.508,-2.505,-0.506,-3.0,-1.522,3.482,0.995,0.989,-2.504,-1.028,1.464,-1.501,-3.505,-2.51,-0.336,-1.507,-0.5,-3.5,-0.646,-1.5,-0.505,2.05,-5.0,-1.505,-4.0,17.546,-2.0,-1.024,-2.0,-3.0,-0.513,-2.0,-2.0,-4.0,3.816,4.978,-1.501,2.0,-3.0,0.0,-1.0,0.0,-2.0,2.978,-1.0,-1.0,0.0,-1.0,1.494,-1.0,0.0,0.0,0.0,0.0,0.0,-1.0,0.0,0.0,-1.0,0.0,0.0,1.499,-1.0,0.0,0.0,1.498,-2.0,-0.506,1.498,5.656,-2.0,0.5,3.338,0.494,4.959,2.331,1.494,-3.512,5.49,2.47,-1.516,-1.744,-2.508,-0.503,-3.502,-1.519,0.971,2.46,-3.513,-2.481,0.989,3.465,1.812,-2.507,9.592,5.151,-1.018,-2.504,-2.502,0.988,-3.504,-2.527,-6.0,-4.0,-0.588,-1.503,-4.0,0.488,4.972,1.995,0.0,0.0,0.0,0.0,0.0,0.0,0.0,0.0,0.0,0.0
BtcGF,BTCUSDc,40,10.93,21.86,3,0.9914,32.55,423,49.6454,1,15,0,0.015,1.1,1.0,0.0,0.5,16385,1,14.744,2,0,1,15,0.0,2.982,2.979,-1.019,3.361,-0.631,2.985,1.977,-0.029,0.997,-0.013,-1.005,-1.005,-1.004,-1.004,-0.01,1.988,2.002,-0.007,-2.006,-2.018,-0.023,-0.001,0.985,-3.006,2.969,-0.013,0.999,-4.0,-0.583,0.0,0.995,2.096,2.992,-2.004,-4.001,-1.009,-1.014,2.342,-2.0,-3.0,1.04,0.11,0.969,-0.003,1.98,2.986,-2.001,1.0,-3.0,0.0,-1.0,0.0,2.013,1.986,0.995,-1.0,0.0,1.99,0.996,0.991,0.0,0.0,0.0,0.0,0.0,-1.0,0.0,0.0,-1.0,0.0,0.0,0.999,-1.0,0.0,0.0,0.998,-0.014,0.846,0.998,-0.013,-2.0,0.0,1.988,-0.004,4.965,-1.011,-0.004,-2.01,3.069,5.593,-1.017,-2.004,0.56,1.994,-2.016,3.116,0.976,3.614,-4.009,-1.991,-0.007,1.975,1.99,3.247,1.973,3.981,-0.017,-3.003,-3.001,-0.008,-5.003,-0.012,-5.005,-4.005,2.49,1.378,-2.003,-0.008,2.982,0.997,0.0,0.0,0.0,0.0,0.0,0.0,0.0,0.0,0.0,0.0
BtcGF,BTCUSDc,122,13.9627,20.944,4,0.995,27.47,424,49.5283,1,15,0,0.015,1.7,1.0,0.0,0.5,16385,1,15.19,1,0,1,15,0.25,2.982,2.979,-1.019,-1.0,-0.631,2.985,1.977,-0.029,0.997,-0.013,-1.005,-1.005,-1.004,-1.004,-0.01,1.988,-0.003,-0.007,-2.006,-2.018,-0.023,-0.001,2.435,-3.006,2.969,-0.013,0.999,-4.0,-0.583,0.0,0.995,2.096,2.992,-2.004,1.754,-0.011,-1.014,2.342,-2.0,-3.0,1.04,0.11,0.969,-0.003,1.98,2.986,-2.001,1.0,-3.0,0.0,-1.0,0.0,2.013,1.986,0.995,-1.0,0.0,1.99,0.996,0.991,0.0,0.0,0.0,0.0,0.0,-1.0,0.0,0.0,-1.0,0.0,0.0,0.999,-1.0,0.0,0.0,0.998,-0.014,2.623,0.998,-0.013,-2.0,0.0,1.988,-0.004,4.965,-1.011,-0.004,-2.01,3.069,3.442,-1.017,-2.005,0.56,1.994,-2.016,-0.1,0.976,3.452,-4.009,-1.991,-0.007,1.975,1.99,3.248,1.973,3.981,-0.017,-3.003,-2.002,-0.008,-5.003,-0.012,-5.005,-4.005,2.49,1.378,-2.003,-0.008,2.982,0.997,0.0,0.0,0.0,0.0,0.0,0.0,0.0,0.0,0.0,0.0
BtcGF,BTCUSDc,63,16.7087,25.063,4,1.3156,47.82,420,50.0,1,15,0,0.015,2.0,1.0,0.0,0.5,16385,1,13.077,1,0,1,20,0.0,2.982,2.979,-2.014,2.778,-1.007,2.985,1.977,-0.029,0.997,-0.013,-1.005,-1.005,-1.004,-1.004,-0.01,1.988,2.002,-0.007,-3.003,-2.018,-0.023,-0.001,0.985,-3.006,2.969,-0.013,0.999,-4.0,-1.007,0.0,0.995,-0.016,-1.003,-2.004,7.986,1.014,-1.014,1.605,-2.0,-3.0,1.623,0.004,0.969,1.998,1.98,2.986,-0.914,1.0,-3.0,0.0,-1.0,0.0,1.018,1.986,0.995,-1.0,0.0,1.99,0.996,0.991,0.0,0.0,0.0,0.0,0.0,-1.0,0.0,0.0,-1.0,0.0,0.0,0.999,-1.0,0.0,0.0,0.998,-0.014,0.97,0.998,-0.013,-2.0,0.0,1.988,-0.004,4.965,-1.011,-0.004,-2.01,2.979,3.154,-1.017,0.007,1.334,1.994,-2.016,-1.862,0.976,3.192,-3.009,-1.991,-0.007,1.975,1.99,-0.007,1.973,4.032,-0.017,-3.003,-2.002,-0.008,-5.003,-0.012,-5.005,-0.055,1.984,1.0,-2.003,-0.008,2.982,0.997,0.0,0.0,0.0,0.0,0.0,0.0,0.0,0.0,0.0,0.0
BtcGF,BTCUSDc,123,13.9627,20.944,4,0.995,27.47,424,49.5283,1,15,0,0.015,2.0,1.0,0.0,0.5,16385,1,15.19,1,0,1,15,0.25,2.982,2.979,-1.019,-1.0,-0.631,2.985,1.977,-0.029,0.997,-0.013,-1.005,-1.005,-1.004,-1.004,-0.01,1.988,-0.003,-0.007,-2.006,-2.018,-0.023,-0.001,2.435,-3.006,2.969,-0.013,0.999,-4.0,-0.583,0.0,0.995,2.096,2.992,-2.004,1.754,-0.011,-1.014,2.342,-2.0,-3.0,1.04,0.11,0.969,-0.003,1.98,2.986,-2.001,1.0,-3.0,0.0,-1.0,0.0,2.013,1.986,0.995,-1.0,0.0,1.99,0.996,0.991,0.0,0.0,0.0,0.0,0.0,-1.0,0.0,0.0,-1.0,0.0,0.0,0.999,-1.0,0.0,0.0,0.998,-0.014,2.623,0.998,-0.013,-2.0,0.0,1.988,-0.004,4.965,-1.011,-0.004,-2.01,3.069,3.442,-1.017,-2.005,0.56,1.994,-2.016,-0.1,0.976,3.452,-4.009,-1.991,-0.007,1.975,1.99,3.248,1.973,3.981,-0.017,-3.003,-2.002,-0.008,-5.003,-0.012,-5.005,-4.005,2.49,1.378,-2.003,-0.008,2.982,0.997,0.0,0.0,0.0,0.0,0.0,0.0,0.0,0.0,0.0,0.0
BtcGF,BTCUSDc,43,10.9305,21.861,3,0.9915,32.55,423,49.6454,1,15,0,0.015,2.0,1.0,0.0,0.5,16385,1,14.745,2,0,1,15,0.0,2.982,2.979,-1.019,3.361,-0.631,2.985,1.977,-0.029,0.997,-0.013,-1.005,-1.005,-1.004,-1.004,-0.01,1.988,2.002,-0.007,-2.006,-2.018,-0.023,-0.001,0.985,-3.006,2.969,-0.013,0.999,-4.0,-0.583,0.0,0.995,2.096,2.992,-2.004,-4.001,-1.009,-1.014,2.342,-2.0,-3.0,1.04,0.11,0.969,-0.003,1.98,2.986,-2.001,1.0,-3.0,0.0,-1.0,0.0,2.013,1.986,0.995,-1.0,0.0,1.99,0.996,0.991,0.0,0.0,0.0,0.0,0.0,-1.0,0.0,0.0,-1.0,0.0,0.0,0.999,-1.0,0.0,0.0,0.998,-0.014,0.846,0.998,-0.013,-2.0,0.0,1.988,-0.004,4.965,-1.011,-0.004,-2.01,3.069,5.593,-1.017,-2.004,0.56,1.994,-2.016,3.116,0.976,3.614,-4.009,-1.991,-0.007,1.975,1.99,3.248,1.973,3.981,-0.017,-3.003,-3.001,-0.008,-5.003,-0.012,-5.005,-4.005,2.49,1.378,-2.003,-0.008,2.982,0.997,0.0,0.0,0.0,0.0,0.0,0.0,0.0,0.0,0.0,0.0
BtcGF,BTCUSDc,209,23.878,35.817,4,1.5594,26.29,368,32.337,1,15,0,0.015,1.4,2.0,0.0,0.5,16385,1,26.399,6,0,1,15,0.5,5.964,3.952,0.963,-1.0,-1.0,2.159,0.985,-3.0,1.994,1.954,-3.0,-2.007,-0.008,-3.0,1.084,7.623,1.993,-0.008,-0.013,-3.016,-1.022,-1.002,7.254,-2.013,-1.002,-1.009,-0.001,-3.001,1.887,-1.0,-3.0,2.446,1.398,-1.007,-4.0,9.412,-2.0,-2.028,-2.0,-3.0,2.78,-2.0,-1.0,-4.0,3.121,3.977,-1.002,2.998,-3.0,0.0,-1.0,0.0,8.01,3.971,-1.0,-1.0,0.0,-1.0,1.993,-1.0,0.0,0.0,0.0,0.0,0.0,-1.0,0.0,0.0,-1.0,0.0,0.0,1.999,-1.0,0.0,0.0,-1.0,-2.0,-0.007,1.997,-2.0,-1.0,0.992,4.274,0.992,-0.013,-1.984,2.991,4.216,-0.008,0.979,-1.022,-1.8,-2.011,1.996,-3.0,-4.0,2.966,10.772,-0.018,4.01,1.986,4.953,3.341,-5.0,1.013,4.102,2.323,-2.005,-2.003,1.984,-3.006,-1.033,-6.0,-3.0,-0.891,-2.0,-3.999,-1.015,8.973,2.994,0.0,0.0,0.0,0.0,0.0,0.0,0.0,0.0,0.0,0.0
BtcGF,BTCUSDc,111,7.377,14.754,3,0.5865,177.63,393,28.7532,1,15,0,0.015,2.0,2.0,0.0,0.5,16385,1,-11.453,6,0,1,10,0.25,5.964,3.952,0.963,-1.0,-3.0,2.665,-0.015,-3.0,1.994,1.954,-3.0,-2.007,-0.008,-3.0,-4.0,4.983,1.993,-1.008,-0.013,-3.016,-1.022,-1.002,11.901,-2.013,0.334,-1.009,-0.001,-3.001,1.479,-1.0,-3.0,0.382,-5.0,-1.007,-4.0,26.202,-2.0,-2.028,-2.0,-3.0,7.175,-3.0,-2.0,-4.0,2.752,3.977,-1.002,2.998,-3.0,0.0,-1.0,0.0,-2.0,3.971,-1.0,-1.0,0.0,-1.0,1.993,-1.0,0.0,0.0,0.0,0.0,0.0,-1.0,0.0,0.0,-1.0,0.0,0.0,1.999,-1.0,0.0,0.0,-1.0,-2.0,-0.008,1.997,-2.0,-2.0,1.337,4.531,0.992,-1.013,4.436,2.991,-3.016,-0.008,0.979,-1.022,-7.0,-2.011,-0.003,-3.002,-5.0,1.966,4.953,-3.018,-4.002,1.986,4.953,4.725,-5.0,0.983,17.647,-0.908,-0.014,-4.0,1.984,-3.005,-1.033,-6.0,-4.0,-0.07,-3.0,-2.004,-1.015,8.973,2.994,0.0,0.0,0.0,0.0,0.0,0.0,0.0,0.0,0.0,0.0
BtcGF,BTCUSDc,18,84.509,169.018,3,4.8292,71.98,377,18.5676,1,15,0,0.015,1.7,3.0,0.0,0.5,16385,1,47.357,14,0,1,5,0.0,1.993,1.991,4.161,0.0,-2.0,-3.0,1.977,-3.0,2.992,0.994,-3.0,-4.0,-3.0,-3.0,-4.0,-4.0,0.394,-0.012,-2.01,-6.0,2.826,-4.0,0.991,67.213,-3.0,-4.0,0.999,-2.001,-1.007,-0.016,-3.0,4.926,-5.0,-0.011,-5.0,-2.034,-2.0,-0.042,-2.0,-3.0,6.359,-3.0,-1.0,-3.999,-4.0,6.964,1.058,1.999,-3.0,0.0,-1.0,0.0,10.19,5.956,-1.0,-1.0,0.0,-1.0,-1.0,-1.0,0.0,0.0,0.0,0.0,0.0,-1.0,0.0,0.0,-1.0,0.0,0.0,2.998,-1.0,0.0,0.0,-1.0,-2.0,-0.011,2.995,-2.0,-2.0,-2.0,1.982,5.914,-0.019,10.567,-1.007,1.973,117.661,6.431,-1.033,-2.141,-1.016,3.993,-4.0,-5.0,0.994,8.017,-2.027,-3.002,0.994,6.928,-4.0,-5.0,14.731,20.124,-4.0,1.979,-1.004,6.178,-2.009,-4.0,-5.999,-5.0,-5.0,-3.0,-5.0,-4.0,6.976,-3.0,0.0,0.0,0.0,0.0,0.0,0.0,0.0,0.0,0.0,0.0
BtcGF,BTCUSDc,166,20.529,41.058,3,1.9569,14.75,395,38.481,1,15,0,0.015,1.7,1.5,0.0,0.5,16385,1,35.003,4,0,1,5,0.5,4.472,2.97,-0.028,5.429,-2.0,0.993,2.976,-3.0,1.496,0.961,-0.508,-2.505,-0.506,-3.0,-0.522,3.482,0.995,0.989,-1.009,-1.028,1.464,-1.501,0.893,-2.51,-0.398,-1.507,-0.5,-3.5,0.586,-1.5,-0.505,2.83,1.864,-1.505,-4.0,7.041,-2.0,-0.024,-2.0,-3.0,1.403,-3.0,-1.0,-4.0,3.876,4.978,-1.501,2.0,-3.0,0.0,-1.0,0.0,3.167,2.978,-1.0,-1.0,0.0,-1.0,1.494,-1.0,0.0,0.0,0.0,0.0,0.0,-1.0,0.0,0.0,-1.0,0.0,0.0,1.499,-1.0,0.0,0.0,1.498,-2.0,-0.505,1.498,2.144,-2.0,0.5,4.954,0.494,4.959,1.841,1.494,1.414,9.064,4.404,-1.516,-1.847,-2.508,0.996,-3.0,1.775,1.971,6.285,-0.513,0.991,0.989,3.465,1.412,-2.507,5.52,3.427,-1.018,-2.504,-1.004,0.988,-3.504,-2.527,-6.0,2.16,0.683,-2.0,1.851,0.488,4.972,1.995,0.0,0.0,0.0,0.0,0.0,0.0,0.0,0.0,0.0,0.0
BtcGF,BTCUSDc,52,-0.4515,-0.903,3,-0.021,0.0,368,22.5543,1,15,0,0.015,1.1,2.5,0.0,0.5,16385,1,-38.268,7,0,1,15,0.0,1.494,3.971,1.967,0.0,-1.0,-0.212,1.981,-3.0,2.493,0.495,-3.0,-4.0,-3.0,-3.0,-2.999,5.534,2.993,0.49,0.985,-6.0,-0.525,-4.0,-1.508,-1.516,-0.502,-0.511,0.499,-2.501,3.119,-0.515,-3.0,4.121,2.6,-0.509,-5.0,-0.123,-2.0,-1.535,-2.0,-3.0,7.909,-2.0,-1.0,-3.999,-4.0,5.47,-4.0,1.499,-3.0,0.0,-1.0,0.0,5.258,4.963,-1.0,-1.0,0.0,-1.0,-1.0,-1.0,0.0,0.0,0.0,0.0,0.0,-1.0,0.0,0.0,-1.0,0.0,0.0,2.499,-1.0,0.0,0.0,-1.0,-2.0,0.491,2.496,-2.0,-2.0,-2.0,1.485,1.483,0.484,-1.475,1.992,0.978,1.328,7.158,-0.527,-1.159,-1.514,2.994,-4.0,-5.0,1.495,51.568,-2.522,-1.463,-0.505,6.44,-4.0,-5.0,2.016,-1.494,4.5,-1.507,-4.0,-0.508,-3.507,-4.0,-6.0,-5.0,-5.0,-3.0,-1.491,-4.0,8.975,0.501,0.0,0.0,0.0,0.0,0.0,0.0,0.0,0.0,0.0,0.0
BtcGF,BTCUSDc,262,10.6175,21.235,3,1.5324,8.65,415,51.0843,1,15,0,0.015,1.7,1.0,0.0,0.5,16385,1,19.399,0,0,1,10,0.75,2.982,2.979,-2.014,1.511,-0.589,2.985,1.977,-0.029,0.997,-0.013,-1.005,-1.005,-1.004,-1.004,-0.01,1.988,2.088,-0.007,-2.006,-2.018,-0.023,-0.001,1.119,-3.006,2.969,-0.013,0.999,-4.0,-0.777,0.0,0.995,1.98,2.523,-2.004,-2.32,-1.009,-1.014,1.806,-2.0,-3.0,-0.52,0.362,0.969,-0.003,1.98,2.986,-3.0,1.0,-3.0,0.0,0.0,-1.0,1.405,1.986,0.995,-1.0,0.0,1.99,0.996,0.991,0.0,0.0,0.0,0.0,0.0,-1.0,0.0,0.0,-1.0,0.0,0.0,0.999,-1.0,0.0,0.0,0.998,-0.014,0.655,0.998,-0.013,-2.0,0.0,1.988,-0.004,4.965,-1.011,-0.004,-2.01,2.979,1.458,-1.017,-2.005,-0.594,1.994,-1.016,-0.7,0.976,2.369,0.725,-1.492,-0.007,1.975,1.99,2.542,1.973,4.476,-0.017,-3.003,-3.001,2.773,-4.003,2.398,-5.004,-2.479,2.377,2.889,-2.003,-0.008,2.982,0.997,0.0,0.0,0.0,0.0,0.0,0.0,0.0,0.0,0.0,0.0
BtcGF,BTCUSDc,253,-3.3587,-5.038,4,-0.169,0.0,346,22.8324,1,15,0,0.015,1.4,2.5,0.0,0.5,16385,1,-13.229,10,0,1,5,0.75,1.494,1.492,0.251,0.0,-1.0,-0.249,0.981,-3.0,2.493,1.495,3.542,-4.0,-3.0,-3.0,-1.0,3.784,3.041,-0.51,0.985,-6.0,1.221,-4.0,7.654,-1.516,-3.0,-0.511,0.499,-2.501,3.002,-0.515,-3.0,5.929,2.766,-0.509,-4.0,3.865,-2.0,-0.535,-2.0,-3.0,2.268,-2.0,-1.0,-2.0,-4.0,5.47,-3.0,1.499,-3.0,0.0,0.0,-1.0,6.28,4.963,-1.0,-1.0,0.0,-1.0,-1.0,-1.0,0.0,0.0,0.0,0.0,0.0,-1.0,0.0,0.0,-1.0,0.0,0.0,2.499,-1.0,0.0,0.0,-1.0,-2.0,-2.0,2.496,-1.0,-2.0,-2.0,1.485,3.838,-0.516,-0.146,1.992,0.978,3.381,2.288,-0.527,-2.877,-1.514,0.496,-3.0,-4.0,1.495,8.199,0.478,6.689,0.495,11.438,-4.0,-5.0,0.424,5.272,-4.0,0.982,-4.0,2.213,-2.507,-4.0,-5.999,-3.0,3.807,-2.0,-3.0,-4.0,8.975,-3.0,0.0,0.0,0.0,0.0,0.0,0.0,0.0,0.0,0.0,0.0
BtcGF,BTCUSDc,241,11.917,23.834,3,1.6604,7.7,415,51.3253,1,15,0,0.015,1.4,1.0,0.0,0.5,16385,1,21.998,0,0,1,5,0.75,2.982,2.979,-2.014,1.511,-0.589,2.985,1.977,-0.029,0.997,-0.013,-1.005,-1.005,-1.004,-1.004,-0.01,1.988,2.002,-0.007,-2.006,-2.018,-0.023,-0.001,1.3,-3.006,2.969,-0.013,0.999,-4.0,-0.627,0.0,0.995,2.107,2.732,-2.004,-2.32,-1.009,-1.014,1.574,-2.0,-3.0,-0.52,0.362,0.969,-0.003,1.98,2.986,-3.0,1.0,-3.0,0.0,0.0,-1.0,1.405,1.986,0.995,-1.0,0.0,1.99,0.996,0.991,0.0,0.0,0.0,0.0,0.0,-1.0,0.0,0.0,-1.0,0.0,0.0,0.999,-1.0,0.0,0.0,0.998,-0.014,0.655,0.998,-0.013,-2.0,0.0,1.988,-0.004,4.965,-1.011,-0.004,-2.01,3.457,1.458,-1.017,0.006,-0.594,1.994,-1.016,-0.7,0.976,2.369,0.725,-1.492,-0.007,1.975,1.99,2.509,1.973,4.476,-0.017,-3.003,-3.001,2.679,-4.003,1.995,-5.004,-2.389,2.377,3.09,-2.003,-0.008,2.982,0.997,0.0,0.0,0.0,0.0,0.0,0.0,0.0,0.0,0.0,0.0
BtcGF,BTCUSDc,22,9.5625,19.125,3,1.2692,59.21,424,49.0566,1,15,0,0.015,1.7,1.0,0.0,0.5,16385,1,7.801,3,0,1,10,0.0,2.982,2.979,-1.019,-1.0,-1.006,2.985,1.977,-0.029,0.997,-0.013,-1.005,-1.005,-1.004,-1.004,-0.01,1.988,2.088,-0.007,-3.003,-2.018,-0.023,-0.001,1.119,-3.006,2.969,-0.013,0.999,-4.0,-0.777,0.0,0.995,1.98,-1.003,-2.004,1.807,-1.008,-1.014,2.379,-2.0,-3.0,-1.014,0.004,0.969,-0.003,1.98,2.986,-2.001,1.0,-3.0,0.0,-1.0,0.0,-2.0,1.986,0.995,-1.0,0.0,1.99,0.996,0.991,0.0,0.0,0.0,0.0,0.0,-1.0,0.0,0.0,-1.0,0.0,0.0,0.999,-1.0,0.0,0.0,0.998,-0.014,10.32,0.998,-0.013,-2.0,0.0,1.988,-0.004,4.965,-1.011,-0.004,-2.01,2.979,0.979,-1.017,-2.005,-1.004,1.994,-2.017,-3.01,-0.024,0.982,-4.009,-1.991,-0.007,1.975,1.99,6.014,1.973,3.981,-0.017,-3.003,-3.001,-0.008,-4.003,3.969,-5.005,1.991,2.872,1.216,-2.003,-0.008,2.982,0.997,0.0,0.0,0.0,0.0,0.0,0.0,0.0,0.0,0.0,0.0
BtcGF,BTCUSDc,260,10.6015,21.203,3,1.5301,8.66,415,51.0843,1,15,0,0.015,1.1,1.0,0.0,0.5,16385,1,19.367,0,0,1,10,0.75,2.982,2.979,-2.014,1.511,-0.589,2.985,1.977,-0.029,0.997,-0.013,-1.005,-1.005,-1.004,-1.004,-0.01,1.988,2.088,-0.007,-2.006,-2.018,-0.023,-0.001,1.119,-3.006,2.969,-0.013,0.999,-4.0,-0.777,0.0,0.995,1.98,2.523,-2.004,-2.32,-1.009,-1.014,1.806,-2.0,-3.0,-0.52,0.362,0.969,-0.003,1.98,2.986,-3.0,1.0,-3.0,0.0,0.0,-1.0,1.405,1.986,0.995,-1.0,0.0,1.99,0.996,0.991,0.0,0.0,0.0,0.0,0.0,-1.0,0.0,0.0,-1.0,0.0,0.0,0.999,-1.0,0.0,0.0,0.998,-0.014,0.655,0.998,-0.013,-2.0,0.0,1.988,-0.004,4.965,-1.011,-0.004,-2.01,2.979,1.458,-1.017,-2.005,-0.594,1.994,-1.016,-0.7,0.976,2.369,0.725,-1.492,-0.007,1.975,1.99,2.542,1.973,4.476,-0.017,-3.003,-3.001,2.773,-4.003,2.398,-5.004,-2.479,2.377,2.857,-2.003,-0.008,2.982,0.997,0.0,0.0,0.0,0.0,0.0,0.0,0.0,0.0,0.0,0.0
BtcGF,BTCUSDc,17,84.509,169.018,3,4.8292,71.98,377,18.5676,1,15,0,0.015,1.4,3.0,0.0,0.5,16385,1,47.357,14,0,1,5,0.0,1.993,1.991,4.161,0.0,-2.0,-3.0,1.977,-3.0,2.992,0.994,-3.0,-4.0,-3.0,-3.0,-4.0,-4.0,0.394,-0.012,-2.01,-6.0,2.826,-4.0,0.991,67.213,-3.0,-4.0,0.999,-2.001,-1.007,-0.016,-3.0,4.926,-5.0,-0.011,-5.0,-2.034,-2.0,-0.042,-2.0,-3.0,6.359,-3.0,-1.0,-3.999,-4.0,6.964,1.058,1.999,-3.0,0.0,-1.0,0.0,10.19,5.956,-1.0,-1.0,0.0,-1.0,-1.0,-1.0,0.0,0.0,0.0,0.0,0.0,-1.0,0.0,0.0,-1.0,0.0,0.0,2.998,-1.0,0.0,0.0,-1.0,-2.0,-0.011,2.995,-2.0,-2.0,-2.0,1.982,5.914,-0.019,10.567,-1.007,1.973,117.661,6.431,-1.033,-2.141,-1.016,3.993,-4.0,-5.0,0.994,8.017,-2.027,-3.002,0.994,6.928,-4.0,-5.0,14.731,20.124,-4.0,1.979,-1.004,6.178,-2.009,-4.0,-5.999,-5.0,-5.0,-3.0,-5.0,-4.0,6.976,-3.0,0.0,0.0,0.0,0.0,0.0,0.0,0.0,0.0,0.0,0.0
BtcGF,BTCUSDc,83,10.4887,15.733,4,0.872,36.57,427,48.4778,1,15,0,0.015,2.0,1.0,0.0,0.5,16385,1,9.979,2,0,1,5,0.25,2.982,2.979,-1.019,-1.0,-0.043,2.985,1.977,-0.029,0.997,-0.013,-1.005,-1.005,-1.004,-1.004,-0.01,1.988,2.002,-0.007,-2.006,-2.018,-0.023,-0.001,1.88,-3.006,2.969,-0.013,0.999,-4.0,1.245,0.0,0.995,2.107,-1.003,-2.004,1.754,-0.011,-1.014,1.591,-2.0,-3.0,0.184,-3.0,0.969,-0.003,1.98,2.986,-2.001,1.0,-3.0,0.0,-1.0,0.0,-2.0,1.986,0.995,-1.0,0.0,1.99,0.996,0.991,0.0,0.0,0.0,0.0,0.0,-1.0,0.0,0.0,-1.0,0.0,0.0,0.999,-1.0,0.0,0.0,0.998,-0.014,4.09,0.998,-0.013,-2.0,0.0,1.988,-0.004,4.965,-1.011,-0.004,-2.01,5.062,1.967,-1.017,0.006,-0.2,1.994,-2.016,-0.353,-0.024,0.982,-4.009,-5.001,-0.007,1.975,1.99,5.421,1.973,6.621,-0.017,-3.003,-2.002,-0.008,-4.003,1.995,-5.005,-4.005,-0.026,3.208,-2.003,-0.008,2.982,0.997,0.0,0.0,0.0,0.0,0.0,0.0,0.0,0.0,0.0,0.0
BtcGF,BTCUSDc,103,10.6775,21.355,3,1.4173,26.46,427,48.4778,1,15,0,0.015,2.0,1.0,0.0,0.5,16385,1,15.704,2,0,1,10,0.25,2.982,2.979,-1.019,-1.0,1.035,2.985,1.977,-0.029,0.997,-0.013,-1.005,-1.005,-1.004,-1.004,-0.01,1.988,2.088,-0.007,-2.006,-2.018,-0.023,-0.001,1.119,-3.006,2.969,-0.013,0.999,-4.0,-0.777,0.0,0.995,1.98,-1.003,-2.004,1.651,-1.008,-1.014,2.379,-2.0,-3.0,1.612,-3.0,0.969,-0.003,1.98,2.986,-2.001,1.0,-3.0,0.0,-1.0,0.0,-2.0,1.986,0.995,-1.0,0.0,1.99,0.996,0.991,0.0,0.0,0.0,0.0,0.0,-1.0,0.0,0.0,-1.0,0.0,0.0,0.999,-1.0,0.0,0.0,0.998,-0.014,4.09,0.998,-0.013,-2.0,0.0,1.988,-0.004,4.965,-1.011,-0.004,-2.01,2.979,3.442,-1.017,-2.005,0.957,1.994,-2.017,-0.1,-0.024,0.982,-4.009,-5.001,-0.007,1.975,1.99,5.965,1.973,6.621,-0.017,-3.003,-3.001,-0.008,-4.002,3.969,-5.005,1.031,2.872,1.216,-2.003,-0.008,2.982,0.997,0.0,0.0,0.0,0.0,0.0,0.0,0.0,0.0,0.0,0.0
BtcGF,BTCUSDc,163,16.8055,33.611,3,2.0951,8.47,420,50.9524,1,15,0,0.015,2.0,1.0,0.0,0.5,16385,1,30.765,0,0,1,5,0.5,2.982,2.979,-1.019,2.286,-0.185,2.985,1.977,-0.029,0.997,-0.013,-1.005,-1.005,-1.004,-1.004,-0.01,1.988,2.002,-0.007,-2.006,-2.018,-0.023,-0.001,1.585,-3.006,2.969,-0.013,0.999,-4.0,0.018,0.0,0.995,2.107,3.663,-2.004,-1.448,-1.009,-1.014,1.591,-2.0,-3.0,0.008,-3.0,0.969,-0.003,1.98,2.986,-2.001,1.0,-3.0,0.0,-1.0,0.0,2.068,1.986,0.995,-1.0,0.0,1.99,0.996,0.991,0.0,0.0,0.0,0.0,0.0,-1.0,0.0,0.0,-1.0,0.0,0.0,0.999,-1.0,0.0,0.0,0.998,-0.014,1.4,0.998,-0.013,-2.0,0.0,1.988,-0.004,4.965,-1.011,-0.004,-2.01,3.936,1.954,-1.017,0.006,-0.206,1.994,-1.016,0.923,0.976,2.76,1.687,-0.938,-0.007,1.975,1.99,3.2,1.973,5.012,-0.017,-3.003,-2.002,-0.008,-4.003,1.995,-5.005,-0.365,-0.026,4.318,-2.003,-0.008,2.982,0.997,0.0,0.0,0.0,0.0,0.0,0.0,0.0,0.0,0.0,0.0
BtcGF,BTCUSDc,254,-3.358,-5.037,4,-0.169,0.0,346,22.8324,1,15,0,0.015,1.7,2.5,0.0,0.5,16385,1,-13.228,10,0,1,5,0.75,1.494,1.492,0.251,0.0,-1.0,-0.249,0.981,-3.0,2.493,1.495,3.542,-4.0,-3.0,-3.0,-1.0,3.784,3.041,-0.51,0.985,-6.0,1.221,-4.0,7.654,-1.516,-3.0,-0.511,0.499,-2.501,3.002,-0.515,-3.0,5.929,2.766,-0.509,-4.0,3.865,-2.0,-0.535,-2.0,-3.0,2.268,-2.0,-1.0,-2.0,-4.0,5.47,-3.0,1.499,-3.0,0.0,0.0,-1.0,6.28,4.963,-1.0,-1.0,0.0,-1.0,-1.0,-1.0,0.0,0.0,0.0,0.0,0.0,-1.0,0.0,0.0,-1.0,0.0,0.0,2.499,-1.0,0.0,0.0,-1.0,-2.0,-2.0,2.496,-1.0,-2.0,-2.0,1.485,3.838,-0.516,-0.146,1.992,0.978,3.381,2.288,-0.527,-2.877,-1.514,0.496,-3.0,-4.0,1.495,8.199,0.478,6.689,0.495,11.438,-4.0,-5.0,0.424,5.272,-4.0,0.982,-4.0,2.213,-2.507,-4.0,-5.999,-3.0,3.807,-2.0,-2.999,-4.0,8.975,-3.0,0.0,0.0,0.0,0.0,0.0,0.0,0.0,0.0,0.0,0.0
BtcGF,BTCUSDc,89,25.3667,38.05,4,1.2645,83.0,391,29.156,1,15,0,0.015,1.4,2.0,0.0,0.5,16385,1,6.47,9,0,1,5,0.25,5.964,3.952,0.963,-1.0,-2.0,2.138,-0.015,-3.0,1.994,1.954,-3.0,-2.007,-0.008,-3.0,-4.0,4.983,1.993,-1.008,-0.013,-3.016,-1.022,-1.002,12.74,-2.013,0.212,-1.009,-0.001,-3.001,5.727,-1.0,-3.0,2.04,-5.0,-1.007,-4.0,30.574,-2.0,-1.028,-2.0,-3.0,3.262,-3.0,-1.0,-4.0,2.886,3.977,-1.002,2.998,-3.0,0.0,-1.0,0.0,-2.0,3.971,-1.0,-1.0,0.0,-1.0,1.993,-1.0,0.0,0.0,0.0,0.0,0.0,-1.0,0.0,0.0,-1.0,0.0,0.0,1.999,-1.0,0.0,0.0,-1.0,-2.0,-0.007,1.997,-2.0,-2.0,1.488,11.515,0.992,-1.013,3.893,2.991,5.885,-0.008,3.116,-1.022,-3.612,-2.011,1.996,-4.0,-5.0,1.966,4.953,-3.018,-4.002,1.986,4.953,6.028,-5.0,0.983,12.476,-0.519,-0.014,-2.003,1.984,-3.006,-1.033,-6.0,-5.0,-6.0,-3.0,-2.004,-1.015,8.973,2.994,0.0,0.0,0.0,0.0,0.0,0.0,0.0,0.0,0.0,0.0
BtcGF,BTCUSDc,104,8.6753,13.013,4,0.5525,124.27,408,35.2941,1,15,0,0.015,1.1,1.5,0.0,0.5,16385,1,-3.158,10,0,1,10,0.25,4.472,2.97,-0.028,-1.0,-3.0,0.993,2.976,-3.0,1.496,0.961,-0.508,-2.505,-0.506,-3.0,-1.522,3.482,0.995,0.989,-1.009,-1.028,1.464,-1.501,3.585,-2.51,-0.336,-1.507,-0.5,-3.5,-0.646,-1.5,-0.505,2.05,-5.0,-1.505,-4.0,17.158,-2.0,-1.024,-2.0,-3.0,4.411,-3.0,-2.0,-4.0,3.816,4.978,-1.501,2.0,-3.0,0.0,-1.0,0.0,-2.0,2.978,-1.0,-1.0,0.0,-1.0,1.494,-1.0,0.0,0.0,0.0,0.0,0.0,-1.0,0.0,0.0,-1.0,0.0,0.0,1.499,-1.0,0.0,0.0,1.498,-2.0,-0.506,1.498,4.394,-2.0,0.5,3.338,0.494,4.959,1.876,1.494,-3.512,10.519,7.353,-1.516,-1.744,-2.508,-0.503,-3.502,-5.0,0.971,2.46,-3.513,-4.501,0.989,3.465,1.812,-2.507,8.546,10.124,-1.018,-2.504,-2.502,0.988,-3.504,-2.527,-6.0,-4.0,6.024,-1.503,-4.0,0.488,4.972,1.995,0.0,0.0,0.0,0.0,0.0,0.0,0.0,0.0,0.0,0.0
BtcGF,BTCUSDc,28,-2.882,-5.764,3,-0.175,0.0,385,28.8312,1,15,0,0.015,1.1,2.0,0.0,0.5,16385,1,-32.585,3,0,1,10,0.0,5.964,3.952,0.963,-1.0,-1.0,2.665,0.985,-3.0,1.994,1.954,-3.0,-2.007,-0.008,-3.0,-4.0,4.983,1.993,-1.008,-2.006,-3.016,-1.022,-1.002,-2.006,-2.013,0.334,-1.009,-0.001,-3.001,1.479,-1.0,-3.0,1.382,-5.0,-1.007,-4.0,26.816,-2.0,-2.028,-2.0,-3.0,-0.02,-2.0,-2.0,-4.0,2.753,3.977,-1.002,2.998,-3.0,0.0,-1.0,0.0,-2.0,3.971,-1.0,-1.0,0.0,-1.0,1.993,-1.0,0.0,0.0,0.0,0.0,0.0,-1.0,0.0,0.0,-1.0,0.0,0.0,1.999,-1.0,0.0,0.0,-1.0,-2.0,-0.008,1.997,-2.0,-2.0,1.337,4.531,0.992,-1.013,5.21,2.991,-3.016,-0.008,-1.002,-1.022,-7.0,-2.011,-0.003,-3.002,-0.553,1.966,4.953,-3.018,-1.971,1.986,4.953,4.725,-5.0,0.983,10.339,-0.908,-0.014,-4.0,1.984,-3.006,-1.033,-6.0,-4.0,-1.07,-3.0,-2.004,-1.015,8.973,2.994,0.0,0.0,0.0,0.0,0.0,0.0,0.0,0.0,0.0,0.0
BtcGF,BTCUSDc,295,-1.6335,-3.267,3,-0.111,0.0,342,24.269,1,15,0,0.015,2.0,2.5,0.0,0.5,16385,1,-10.429,8,0,1,15,0.75,1.494,3.971,-0.52,0.0,-1.0,-0.212,1.981,-3.0,2.493,1.495,3.542,-4.0,-3.0,-3.0,-1.0,3.014,3.239,0.49,0.985,-6.0,1.461,-4.0,7.654,-1.516,-0.502,-0.511,0.499,-2.501,3.002,-0.515,-3.0,4.132,1.657,-0.509,-4.0,3.865,-2.0,-0.535,-2.0,-3.0,2.268,-2.0,-1.0,-2.0,-4.0,5.47,-3.0,1.499,-3.0,0.0,0.0,-1.0,6.28,4.963,-1.0,-1.0,0.0,-1.0,-1.0,-1.0,0.0,0.0,0.0,0.0,0.0,-1.0,0.0,0.0,-1.0,0.0,0.0,2.499,-1.0,0.0,0.0,-1.0,-2.0,-2.0,2.496,-1.0,-2.0,-2.0,1.485,3.838,0.484,-1.476,1.992,0.978,1.328,-0.502,-0.527,-1.159,-1.514,0.496,-3.0,-4.0,1.495,8.181,0.478,5.058,0.495,11.438,-4.0,-5.0,-0.474,2.891,4.5,-1.507,-4.0,0.492,-2.506,-4.0,-5.999,-3.0,3.164,-2.0,-3.0,-4.0,8.975,0.501,0.0,0.0,0.0,0.0,0.0,0.0,0.0,0.0,0.0,0.0
BtcGF,BTCUSDc,242,11.933,23.866,3,1.6627,7.69,415,51.3253,1,15,0,0.015,1.7,1.0,0.0,0.5,16385,1,22.03,0,0,1,5,0.75,2.982,2.979,-2.014,1.511,-0.589,2.985,1.977,-0.029,0.997,-0.013,-1.005,-1.005,-1.004,-1.004,-0.01,1.988,2.002,-0.007,-2.006,-2.018,-0.023,-0.001,1.3,-3.006,2.969,-0.013,0.999,-4.0,-0.627,0.0,0.995,2.107,2.732,-2.004,-2.32,-1.009,-1.014,1.574,-2.0,-3.0,-0.52,0.362,0.969,-0.003,1.98,2.986,-3.0,1.0,-3.0,0.0,0.0,-1.0,1.405,1.986,0.995,-1.0,0.0,1.99,0.996,0.991,0.0,0.0,0.0,0.0,0.0,-1.0,0.0,0.0,-1.0,0.0,0.0,0.999,-1.0,0.0,0.0,0.998,-0.014,0.655,0.998,-0.013,-2.0,0.0,1.988,-0.004,4.965,-1.011,-0.004,-2.01,3.457,1.458,-1.017,0.006,-0.594,1.994,-1.016,-0.7,0.976,2.369,0.725,-1.492,-0.007,1.975,1.99,2.509,1.973,4.476,-0.017,-3.003,-3.001,2.679,-4.003,1.995,-5.004,-2.389,2.377,3.122,-2.003,-0.008,2.982,0.997,0.0,0.0,0.0,0.0,0.0,0.0,0.0,0.0,0.0,0.0
BtcGF,BTCUSDc,12,61.7595,123.519,3,4.0085,77.61,380,21.5789,1,15,0,0.015,1.1,2.5,0.0,0.5,16385,1,27.65,14,0,1,5,0.0,1.494,1.492,2.738,0.0,-2.0,-0.249,0.981,-3.0,2.493,0.495,-3.0,-4.0,-3.0,-3.0,-4.0,-0.512,3.041,-0.51,0.985,-6.0,1.221,-4.0,49.023,-1.516,-3.0,-0.511,0.499,-2.501,7.965,-0.515,-3.0,5.929,-5.0,-0.509,-5.0,-2.531,-2.0,-0.535,-2.0,-3.0,4.811,-3.0,-1.0,-3.999,-4.0,5.47,0.545,1.499,-3.0,0.0,-1.0,0.0,7.807,4.963,-1.0,-1.0,0.0,-1.0,-1.0,-1.0,0.0,0.0,0.0,0.0,0.0,-1.0,0.0,0.0,-1.0,0.0,0.0,2.499,-1.0,0.0,0.0,-1.0,-2.0,-0.509,2.496,-2.0,-2.0,-2.0,1.485,4.18,-0.516,7.23,1.992,0.978,94.359,4.764,-0.527,-2.877,-1.513,2.994,-4.0,-5.0,0.495,5.862,-2.522,-3.502,0.495,16.093,-4.0,-5.0,9.666,15.082,-4.0,0.982,-1.503,1.213,-2.507,-4.0,-5.999,-5.0,-5.0,-3.0,4.091,-4.0,8.975,-3.0,0.0,0.0,0.0,0.0,0.0,0.0,0.0,0.0,0.0,0.0
BtcGF,BTCUSDc,90,25.3667,38.05,4,1.2645,83.0,391,29.156,1,15,0,0.015,1.7,2.0,0.0,0.5,16385,1,6.47,9,0,1,5,0.25,5.964,3.952,0.963,-1.0,-2.0,2.138,-0.015,-3.0,1.994,1.954,-3.0,-2.007,-0.008,-3.0,-4.0,4.983,1.993,-1.008,-0.013,-3.016,-1.022,-1.002,12.74,-2.013,0.212,-1.009,-0.001,-3.001,5.727,-1.0,-3.0,2.04,-5.0,-1.007,-4.0,30.574,-2.0,-1.028,-2.0,-3.0,3.262,-3.0,-1.0,-4.0,2.886,3.977,-1.002,2.998,-3.0,0.0,-1.0,0.0,-2.0,3.971,-1.0,-1.0,0.0,-1.0,1.993,-1.0,0.0,0.0,0.0,0.0,0.0,-1.0,0.0,0.0,-1.0,0.0,0.0,1.999,-1.0,0.0,0.0,-1.0,-2.0,-0.007,1.997,-2.0,-2.0,1.488,11.515,0.992,-1.013,3.893,2.991,5.885,-0.008,3.116,-1.022,-3.612,-2.011,1.996,-4.0,-5.0,1.966,4.953,-3.018,-4.002,1.986,4.953,6.028,-5.0,0.983,12.476,-0.519,-0.014,-2.003,1.984,-3.006,-1.033,-6.0,-5.0,-6.0,-3.0,-2.004,-1.015,8.973,2.994,0.0,0.0,0.0,0.0,0.0,0.0,0.0,0.0,0.0,0.0
BtcGF,BTCUSDc,263,10.6665,21.333,3,1.5395,8.61,415,51.0843,1,15,0,0.015,2.0,1.0,0.0,0.5,16385,1,19.497,0,0,1,10,0.75,2.982,2.979,-2.014,1.511,-0.589,2.985,1.977,-0.029,0.997,-0.013,-1.005,-1.005,-1.004,-1.004,-0.01,1.988,2.088,-0.007,-2.006,-2.018,-0.023,-0.001,1.119,-3.006,2.969,-0.013,0.999,-4.0,-0.777,0.0,0.995,1.98,2.523,-2.004,-2.32,-1.009,-1.014,1.806,-2.0,-3.0,-0.52,0.362,0.969,-0.003,1.98,2.986,-3.0,1.0,-3.0,0.0,0.0,-1.0,1.405,1.986,0.995,-1.0,0.0,1.99,0.996,0.991,0.0,0.0,0.0,0.0,0.0,-1.0,0.0,0.0,-1.0,0.0,0.0,0.999,-1.0,0.0,0.0,0.998,-0.014,0.655,0.998,-0.013,-2.0,0.0,1.988,-0.004,4.965,-1.011,-0.004,-2.01,2.979,1.458,-1.017,-2.005,-0.594,1.994,-1.016,-0.7,0.976,2.369,0.725,-1.492,-0.007,1.975,1.99,2.542,1.973,4.476,-0.017,-3.003,-3.001,2.773,-4.003,2.398,-5.004,-2.479,2.377,2.987,-2.003,-0.008,2.982,0.997,0.0,0.0,0.0,0.0,0.0,0.0,0.0,0.0,0.0,0.0
BtcGF,BTCUSDc,285,6.7325,13.465,3,0.4738,25.6,386,38.601,1,15,0,0.015,1.4,1.5,0.0,0.5,16385,1,10.018,0,0,1,15,0.75,4.472,2.97,-1.52,3.122,-1.0,0.993,2.976,-3.0,1.496,0.961,-0.508,-2.505,-0.506,-3.0,0.478,0.982,0.995,0.989,-1.009,-1.028,1.464,-1.501,-0.01,-2.51,-1.501,-1.507,-0.5,-3.5,-0.414,-1.5,-0.505,2.76,-0.403,-1.505,-4.0,4.433,-2.0,-0.024,-2.0,-3.0,0.414,-2.0,-1.0,-2.0,4.732,4.978,-3.0,2.0,-3.0,0.0,0.0,-1.0,2.132,2.978,-1.0,-1.0,0.0,-1.0,1.494,-1.0,0.0,0.0,0.0,0.0,0.0,-1.0,0.0,0.0,-1.0,0.0,0.0,1.499,-1.0,0.0,0.0,1.498,-2.0,3.725,1.498,1.388,-2.0,0.5,3.173,0.494,4.959,-2.492,1.494,0.05,6.573,3.42,-1.516,-1.452,-2.508,-0.503,-3.0,-0.027,1.971,5.135,-0.513,-0.4,0.989,3.465,0.767,-2.507,2.485,1.485,1.634,-2.504,-2.502,4.908,-3.503,-2.527,-5.999,0.255,3.039,-2.0,-0.804,0.488,4.972,1.995,0.0,0.0,0.0,0.0,0.0,0.0,0.0,0.0,0.0,0.0
BtcGF,BTCUSDc,109,7.377,14.754,3,0.5865,177.63,393,28.7532,1,15,0,0.015,1.4,2.0,0.0,0.5,16385,1,-11.453,6,0,1,10,0.25,5.964,3.952,0.963,-1.0,-3.0,2.665,-0.015,-3.0,1.994,1.954,-3.0,-2.007,-0.008,-3.0,-4.0,4.983,1.993,-1.008,-0.013,-3.016,-1.022,-1.002,11.901,-2.013,0.334,-1.009,-0.001,-3.001,1.479,-1.0,-3.0,0.382,-5.0,-1.007,-4.0,26.202,-2.0,-2.028,-2.0,-3.0,7.175,-3.0,-2.0,-4.0,2.753,3.977,-1.002,2.998,-3.0,0.0,-1.0,0.0,-2.0,3.971,-1.0,-1.0,0.0,-1.0,1.993,-1.0,0.0,0.0,0.0,0.0,0.0,-1.0,0.0,0.0,-1.0,0.0,0.0,1.999,-1.0,0.0,0.0,-1.0,-2.0,-0.008,1.997,-2.0,-2.0,1.337,4.531,0.992,-1.013,4.436,2.991,-3.016,-0.008,0.979,-1.022,-7.0,-2.011,-0.003,-3.002,-5.0,1.966,4.953,-3.018,-4.002,1.986,4.953,4.725,-5.0,0.983,17.647,-0.908,-0.014,-4.0,1.984,-3.006,-1.033,-6.0,-4.0,-0.07,-3.0,-2.004,-1.015,8.973,2.994,0.0,0.0,0.0,0.0,0.0,0.0,0.0,0.0,0.0,0.0
BtcGF,BTCUSDc,193,13.9087,20.863,4,0.6883,77.29,367,22.6158,1,15,0,0.015,1.4,2.5,0.0,0.5,16385,1,4.738,16,0,1,10,0.5,1.494,3.971,2.531,0.0,-2.0,0.656,0.981,-3.0,2.493,0.495,-3.0,-4.0,-3.0,-3.0,-3.0,-0.512,3.397,-0.51,0.985,-6.0,2.848,-4.0,11.529,-1.516,-3.0,-0.511,0.499,-2.501,2.604,-0.515,-3.0,3.057,2.656,-0.509,-4.0,9.783,-2.0,-1.535,-2.0,-3.0,4.175,-3.0,-1.0,-3.999,-3.999,5.47,-4.0,1.499,-3.0,0.0,-1.0,0.0,11.447,4.963,-1.0,-1.0,0.0,-1.0,-1.0,-1.0,0.0,0.0,0.0,0.0,0.0,-1.0,0.0,0.0,-1.0,0.0,0.0,2.499,-1.0,0.0,0.0,-1.0,-2.0,0.492,2.496,-2.0,-1.0,-2.0,1.485,5.575,-0.516,1.89,1.992,-0.022,3.123,1.974,-0.527,-7.0,-1.514,0.496,-3.0,-4.0,1.495,10.199,0.478,14.623,0.495,12.933,-4.0,-4.999,5.837,15.271,-4.0,0.982,-4.0,-0.508,-2.507,-4.0,-6.0,-3.0,4.719,-2.0,-3.999,-4.0,8.975,-3.0,0.0,0.0,0.0,0.0,0.0,0.0,0.0,0.0,0.0,0.0
BtcGF,BTCUSDc,35,5.6635,11.327,3,0.2565,327.39,376,21.0106,1,15,0,0.015,2.0,2.5,0.0,0.5,16385,1,-25.756,9,0,1,10,0.0,1.494,3.971,2.531,0.0,-1.0,0.656,1.981,-3.0,2.493,0.495,-3.0,-4.0,-3.0,-3.0,-4.0,-0.512,3.786,-0.51,-1.507,-6.0,-0.525,-4.0,-1.508,-1.516,-3.0,-0.511,0.499,-2.501,2.604,-0.515,-3.0,3.057,-5.0,-0.509,-4.0,34.084,-2.0,-1.535,-2.0,-3.0,0.481,-2.0,-2.0,-4.0,-4.0,5.47,-4.0,1.499,-3.0,0.0,-1.0,0.0,-2.0,4.963,-1.0,-1.0,0.0,-1.0,-1.0,-1.0,0.0,0.0,0.0,0.0,0.0,-1.0,0.0,0.0,-1.0,0.0,0.0,2.499,-1.0,0.0,0.0,-1.0,-2.0,0.491,2.496,-2.0,-2.0,-2.0,1.485,9.918,-0.516,9.089,1.992,-0.022,3.123,-0.502,-0.527,-7.0,-1.514,0.496,-1.503,-5.0,0.495,2.277,-2.522,-1.463,0.495,12.933,-4.0,-5.0,18.778,11.506,-4.0,0.982,-4.0,-0.508,-2.506,5.449,-6.0,-4.0,-6.0,-3.0,14.512,-4.0,8.975,0.504,0.0,0.0,0.0,0.0,0.0,0.0,0.0,0.0,0.0,0.0
BtcGF,BTCUSDc,126,16.4987,24.748,4,1.1299,75.1,405,36.7901,1,15,0,0.015,1.7,1.5,0.0,0.5,16385,1,6.162,8,0,1,15,0.25,4.472,2.97,-0.028,-1.0,-1.0,0.994,2.976,-3.0,1.496,0.961,-0.508,-2.505,-0.506,-3.0,-1.522,3.482,0.995,0.989,-1.009,-1.028,1.464,-1.501,3.585,-2.51,-1.501,-1.507,-0.5,-3.5,-0.345,-1.5,-0.505,2.76,0.196,-1.505,-4.0,18.572,-2.0,-1.024,-2.0,-3.0,3.34,-2.0,-2.0,-4.0,3.981,4.978,-1.501,2.0,-3.0,0.0,-1.0,0.0,3.081,2.978,-1.0,-1.0,0.0,-1.0,1.494,-1.0,0.0,0.0,0.0,0.0,0.0,-1.0,0.0,0.0,-1.0,0.0,0.0,1.499,-1.0,0.0,0.0,1.498,-2.0,-0.506,1.498,4.394,-2.0,0.5,3.173,0.494,4.959,-2.492,1.494,1.974,9.432,7.353,-1.516,-1.452,-2.508,0.996,-4.0,-5.0,1.971,8.992,-3.513,-2.481,0.989,3.465,1.132,-2.507,3.979,1.485,1.634,-2.504,-1.004,0.988,-4.504,-2.527,-6.0,-5.0,5.152,-1.503,-4.0,0.488,4.972,1.995,0.0,0.0,0.0,0.0,0.0,0.0,0.0,0.0,0.0,0.0
BtcGF,BTCUSDc,185,20.2427,30.364,4,1.1909,19.94,394,38.0711,1,15,0,0.015,1.4,1.5,0.0,0.5,16385,1,24.309,4,0,1,10,0.5,4.472,2.97,-0.028,5.429,-2.0,0.993,2.976,-3.0,1.496,0.961,-0.508,-2.505,-0.506,-3.0,-0.522,3.482,0.995,0.989,-1.009,-1.028,1.464,-1.501,0.893,-2.51,-0.336,-1.507,-0.5,-3.5,-0.646,-1.5,-0.505,2.05,0.298,-1.505,-4.0,7.041,-2.0,-1.024,-2.0,-3.0,1.403,-3.0,-1.0,-3.999,3.816,4.978,-1.501,2.0,-3.0,0.0,-1.0,0.0,3.167,2.978,-1.0,-1.0,0.0,-1.0,1.494,-1.0,0.0,0.0,0.0,0.0,0.0,-1.0,0.0,0.0,-1.0,0.0,0.0,1.499,-1.0,0.0,0.0,1.498,-2.0,-0.505,1.498,2.144,-2.0,0.5,3.338,0.494,4.959,-0.671,1.494,-3.512,7.431,4.404,-1.516,-1.744,-2.508,-0.503,-3.0,2.094,1.971,6.285,-0.513,1.221,0.989,3.465,1.412,-2.506,5.52,7.093,-1.018,-2.504,-2.502,0.988,-3.504,-2.527,-6.0,1.492,4.597,-2.0,1.851,0.488,4.972,1.995,0.0,0.0,0.0,0.0,0.0,0.0,0.0,0.0,0.0,0.0
BtcGF,BTCUSDc,84,10.0765,20.153,3,0.7484,94.31,407,35.6265,1,15,0,0.015,1.1,1.5,0.0,0.5,16385,1,1.147,8,0,1,5,0.25,4.472,2.97,-0.028,-1.0,-2.0,0.993,2.976,-3.0,1.496,0.961,-0.508,-2.505,-0.506,-3.0,-1.522,3.482,0.995,0.989,-1.009,-1.028,1.464,-1.501,3.585,-2.51,-0.398,-1.507,-0.5,-3.5,2.489,-1.5,-0.505,2.83,-5.0,-1.505,-4.0,18.992,-2.0,-0.024,-2.0,-3.0,1.733,-3.0,-1.0,-4.0,3.876,4.978,-1.501,2.0,-3.0,0.0,-1.0,0.0,-2.0,2.978,-1.0,-1.0,0.0,-1.0,1.494,-1.0,0.0,0.0,0.0,0.0,0.0,-1.0,0.0,0.0,-1.0,0.0,0.0,1.499,-1.0,0.0,0.0,1.498,-2.0,-0.505,1.498,4.394,-2.0,0.5,7.827,0.494,4.959,4.068,1.494,1.414,11.359,4.43,-1.516,-1.847,-2.507,0.996,-4.0,-5.0,0.971,2.46,-3.513,-4.501,0.989,3.465,2.452,-2.507,5.948,6.458,-1.018,-2.504,-1.004,0.988,-3.504,-2.527,-6.0,-5.0,1.797,-1.503,-4.0,0.488,4.972,1.995,0.0,0.0,0.0,0.0,0.0,0.0,0.0,0.0,0.0,0.0
BtcGF,BTCUSDc,113,18.2727,27.409,4,0.8054,132.24,385,20.7792,1,15,0,0.015,1.4,2.5,0.0,0.5,16385,1,-8.836,12,0,1,10,0.25,1.494,3.971,2.531,0.0,-3.0,0.656,0.981,-3.0,2.493,0.495,-3.0,-4.0,-3.0,-3.0,-4.0,-0.512,3.786,-0.51,0.985,-6.0,6.995,-4.0,19.459,-1.516,-3.0,-0.511,0.499,-2.501,2.604,-0.515,-3.0,2.057,-5.0,-0.509,-4.0,33.246,-2.0,-1.535,-2.0,-3.0,9.975,-3.0,-2.0,-4.0,-3.999,5.47,-4.0,1.499,-3.0,0.0,-1.0,0.0,-2.0,4.963,-1.0,-1.0,0.0,-1.0,-1.0,-1.0,0.0,0.0,0.0,0.0,0.0,-1.0,0.0,0.0,-1.0,0.0,0.0,2.499,-1.0,0.0,0.0,-1.0,-2.0,0.491,2.496,-2.0,-2.0,-2.0,1.485,9.918,-0.516,7.997,1.992,-0.022,3.123,1.974,-0.527,-7.0,-1.514,0.496,-1.503,-6.0,0.495,2.277,-2.522,-3.502,0.495,12.933,-4.0,-5.0,10.645,21.148,-4.0,0.982,-4.0,-0.508,-2.507,-4.0,-6.0,-4.0,-5.0,-3.0,8.058,-4.0,8.975,-3.0,0.0,0.0,0.0,0.0,0.0,0.0,0.0,0.0,0.0,0.0
BtcGF,BTCUSDc,273,-3.4523,-10.357,2,-0.3151,0.0,350,22.8571,1,15,0,0.015,1.4,2.5,0.0,0.5,16385,1,-19.191,9,0,1,10,0.75,1.494,3.971,0.044,0.0,-1.0,0.656,0.981,-3.0,2.493,1.495,3.542,-4.0,-3.0,-3.0,-2.0,3.784,3.239,-0.51,0.985,-6.0,1.461,-4.0,7.654,-1.516,-3.0,-0.511,0.499,-2.501,2.604,-0.515,-3.0,3.057,1.393,-0.509,-4.0,3.865,-2.0,-0.535,-2.0,-3.0,2.268,-2.0,-1.0,-2.0,-3.999,5.47,-3.0,1.499,-3.0,0.0,0.0,-1.0,6.28,4.963,-1.0,-1.0,0.0,-1.0,-1.0,-1.0,0.0,0.0,0.0,0.0,0.0,-1.0,0.0,0.0,-1.0,0.0,0.0,2.499,-1.0,0.0,0.0,-1.0,-2.0,-2.0,2.496,-1.0,-2.0,-2.0,1.485,3.838,-0.516,-0.146,1.992,0.978,3.123,-0.502,-0.527,-7.0,-1.514,0.496,-3.0,-4.0,1.495,7.53,0.478,7.332,0.495,11.438,-4.0,-5.0,0.424,11.277,-4.0,0.982,-4.0,0.492,-2.507,-4.0,-5.999,-3.0,3.428,-2.0,-3.0,-4.0,8.975,-3.0,0.0,0.0,0.0,0.0,0.0,0.0,0.0,0.0,0.0,0.0
BtcGF,BTCUSDc,21,9.5625,19.125,3,1.2692,59.21,424,49.0566,1,15,0,0.015,1.4,1.0,0.0,0.5,16385,1,7.801,3,0,1,10,0.0,2.982,2.979,-1.019,-1.0,-1.006,2.985,1.977,-0.029,0.997,-0.013,-1.005,-1.005,-1.004,-1.004,-0.01,1.988,2.088,-0.007,-3.003,-2.018,-0.023,-0.001,1.119,-3.006,2.969,-0.013,0.999,-4.0,-0.777,0.0,0.995,1.98,-1.003,-2.004,1.807,-1.008,-1.014,2.379,-2.0,-3.0,-1.014,0.004,0.969,-0.003,1.98,2.986,-2.001,1.0,-3.0,0.0,-1.0,0.0,-2.0,1.986,0.995,-1.0,0.0,1.99,0.996,0.991,0.0,0.0,0.0,0.0,0.0,-1.0,0.0,0.0,-1.0,0.0,0.0,0.999,-1.0,0.0,0.0,0.998,-0.014,10.32,0.998,-0.013,-2.0,0.0,1.988,-0.004,4.965,-1.011,-0.004,-2.01,2.979,0.979,-1.017,-2.005,-1.004,1.994,-2.017,-3.01,-0.024,0.982,-4.009,-1.991,-0.007,1.975,1.99,6.014,1.973,3.981,-0.017,-3.003,-3.001,-0.008,-4.003,3.969,-5.005,1.991,2.872,1.216,-2.003,-0.008,2.982,0.997,0.0,0.0,0.0,0.0,0.0,0.0,0.0,0.0,0.0,0.0
BtcGF,BTCUSDc,121,13.962,20.943,4,0.9949,27.47,424,49.5283,1,15,0,0.015,1.4,1.0,0.0,0.5,16385,1,15.189,1,0,1,15,0.25,2.982,2.979,-1.019,-1.0,-0.631,2.985,1.977,-0.029,0.997,-0.013,-1.005,-1.005,-1.004,-1.004,-0.01,1.988,-0.003,-0.007,-2.006,-2.018,-0.023,-0.001,2.435,-3.006,2.969,-0.013,0.999,-4.0,-0.583,0.0,0.995,2.096,2.992,-2.004,1.754,-0.011,-1.014,2.342,-2.0,-3.0,1.04,0.11,0.969,-0.003,1.98,2.986,-2.001,1.0,-3.0,0.0,-1.0,0.0,2.013,1.986,0.995,-1.0,0.0,1.99,0.996,0.991,0.0,0.0,0.0,0.0,0.0,-1.0,0.0,0.0,-1.0,0.0,0.0,0.999,-1.0,0.0,0.0,0.998,-0.014,2.623,0.998,-0.013,-2.0,0.0,1.988,-0.004,4.965,-1.011,-0.004,-2.01,3.069,3.442,-1.017,-2.005,0.56,1.994,-2.016,-0.1,0.976,3.452,-4.009,-1.991,-0.007,1.975,1.99,3.247,1.973,3.981,-0.017,-3.003,-2.002,-0.008,-5.003,-0.012,-5.005,-4.005,2.49,1.378,-2.003,-0.008,2.982,0.997,0.0,0.0,0.0,0.0,0.0,0.0,0.0,0.0,0.0,0.0
BtcGF,BTCUSDc,202,21.0507,31.576,4,2.1045,9.61,419,51.074,1,15,0,0.015,1.7,1.0,0.0,0.5,16385,1,28.54,0,0,1,15,0.5,2.982,2.979,-1.019,2.286,-0.631,2.985,1.977,-0.029,0.997,-0.013,-1.005,-1.005,-1.004,-1.004,-0.01,1.988,-0.003,-0.007,-2.006,-2.018,-0.023,-0.001,1.585,-3.006,2.969,-0.013,0.999,-4.0,-0.583,0.0,0.995,2.096,2.992,-2.004,-1.448,-1.009,-1.014,2.314,-2.0,-3.0,0.008,0.11,0.969,-0.003,1.98,2.986,-2.001,1.0,-3.0,0.0,-1.0,0.0,2.013,1.986,0.995,-1.0,0.0,1.99,0.996,0.991,0.0,0.0,0.0,0.0,0.0,-1.0,0.0,0.0,-1.0,0.0,0.0,0.999,-1.0,0.0,0.0,0.998,-0.014,1.4,0.998,-0.013,-2.0,0.0,1.988,-0.004,4.965,-1.011,-0.004,-2.01,3.069,1.954,-1.017,-2.005,-0.206,1.994,-1.016,1.113,0.976,2.739,1.687,-1.991,-0.007,1.975,1.99,3.248,1.973,3.981,-0.017,-3.003,-2.002,-0.008,-4.003,3.034,-5.005,-0.73,2.49,3.794,-2.003,-0.008,2.982,0.997,0.0,0.0,0.0,0.0,0.0,0.0,0.0,0.0,0.0,0.0
BtcGF,BTCUSDc,79,46.3085,92.617,3,2.3885,51.93,331,21.148,1,15,0,0.015,2.0,3.0,0.0,0.5,16385,1,44.517,9,0,1,20,0.0,1.993,1.991,-0.02,0.0,-1.0,-2.0,2.977,-3.0,2.992,1.994,-2.0,-4.0,-3.0,-3.0,-3.0,-3.0,5.153,0.988,-5.0,-6.0,4.486,-4.0,0.991,8.089,-0.003,-3.0,0.999,-2.001,5.532,-0.016,-3.0,29.578,-4.0,4.347,-4.0,50.19,-2.0,-0.042,-2.0,-3.0,12.823,-2.0,-2.0,-4.0,-3.0,6.964,1.363,1.999,-3.0,0.0,-1.0,0.0,9.601,5.956,-1.0,-1.0,0.0,-1.0,-1.0,-0.999,0.0,0.0,0.0,0.0,0.0,-1.0,0.0,0.0,-1.0,0.0,0.0,2.998,-1.0,0.0,0.0,-1.0,-2.0,0.989,2.995,-2.0,-2.0,-2.0,1.982,1.987,1.982,-0.969,-0.007,1.973,9.653,26.341,-1.033,-2.291,-1.016,0.995,-3.0,-4.0,6.505,-1.0,-2.026,-0.953,0.994,7.997,-4.0,-4.0,-0.011,-0.763,5.012,-1.008,-2.0,-3.0,-3.009,-4.0,-2.0,-5.0,-5.0,-2.999,-4.999,-1.0,9.955,2.418,0.0,0.0,0.0,0.0,0.0,0.0,0.0,0.0,0.0,0.0
BtcGF,BTCUSDc,228,24.0747,36.112,4,1.8124,21.25,354,33.6158,1,15,0,0.015,1.1,2.0,0.0,0.5,16385,1,28.439,4,0,1,20,0.5,5.964,3.952,-1.027,-1.0,-1.0,2.191,0.985,-3.0,1.994,1.954,0.608,-2.007,-0.008,-3.0,0.232,8.145,1.993,-0.008,-2.006,-3.016,-1.022,-1.002,4.561,-2.013,-1.002,2.339,-0.001,-3.001,0.997,-1.0,-3.0,3.028,3.225,1.987,-4.0,7.667,-2.0,-1.028,-2.0,-3.0,2.78,-2.0,-1.0,-4.0,2.64,3.977,0.224,2.998,-3.0,0.0,-1.0,0.0,4.921,3.971,-1.0,-1.0,0.0,-1.0,1.993,-0.999,0.0,0.0,0.0,0.0,0.0,-1.0,0.0,0.0,-1.0,0.0,0.0,1.999,-1.0,0.0,0.0,-1.0,-2.0,-0.007,1.997,-2.0,-1.0,1.049,4.21,0.992,4.227,-1.984,2.991,5.133,2.971,0.979,-1.022,-3.68,-2.011,-0.003,-2.0,-4.0,2.966,10.393,-2.018,-1.971,1.986,4.953,0.969,0.765,-1.008,1.136,1.999,-2.005,0.002,1.984,-3.006,-1.033,-2.0,-4.0,-1.979,-2.0,-4.0,-1.015,8.973,2.994,0.0,0.0,0.0,0.0,0.0,0.0,0.0,0.0,0.0,0.0
BtcGF,BTCUSDc,156,13.6705,27.341,3,0.626,89.97,338,20.7101,1,15,0,0.015,1.1,3.0,0.0,0.5,16385,1,2.741,8,0,1,20,0.25,1.993,1.991,-0.02,0.0,-1.0,-2.0,2.977,-3.0,2.992,1.994,-2.0,-4.0,-3.0,-3.0,-3.0,-3.0,5.153,0.988,-5.0,-6.0,4.486,-4.0,0.991,8.089,-0.003,-3.0,0.999,-2.001,5.522,-0.016,-3.0,9.481,-4.0,4.311,-4.0,27.132,-2.0,-0.042,-2.0,-3.0,12.773,-2.0,-2.0,-4.0,2.065,6.964,1.363,1.999,-3.0,0.0,-1.0,0.0,9.601,5.956,-1.0,-1.0,0.0,-1.0,-1.0,-0.999,0.0,0.0,0.0,0.0,0.0,-1.0,0.0,0.0,-1.0,0.0,0.0,2.998,-1.0,0.0,0.0,-1.0,-2.0,0.989,2.995,-2.0,-2.0,-2.0,1.982,15.513,1.981,-0.969,-0.007,1.973,0.444,2.985,-1.033,-2.292,-1.016,0.995,-3.0,-4.0,6.505,-3.0,-1.027,-0.953,0.994,6.928,-4.0,-3.999,-0.011,-0.763,5.012,-1.008,-2.0,-3.0,-3.009,-4.0,-2.0,-5.0,-5.0,-2.999,-4.999,-4.0,6.975,2.418,0.0,0.0,0.0,0.0,0.0,0.0,0.0,0.0,0.0,0.0
BtcGF,BTCUSDc,182,15.831,31.662,3,1.9785,9.66,419,50.8353,1,15,0,0.015,1.7,1.0,0.0,0.5,16385,1,28.605,0,0,1,10,0.5,2.982,2.979,-1.019,2.286,-0.185,2.985,1.977,-0.029,0.997,-0.013,-1.005,-1.005,-1.004,-1.004,-0.01,1.988,2.088,-0.007,-2.006,-2.018,-0.023,-0.001,1.119,-3.006,2.969,-0.013,0.999,-4.0,-0.777,0.0,0.995,1.98,3.116,-2.004,-1.448,-1.009,-1.014,2.362,-2.0,-3.0,0.008,-3.0,0.969,-0.003,1.98,2.986,-2.001,1.0,-3.0,0.0,-1.0,0.0,2.068,1.986,0.995,-1.0,0.0,1.99,0.996,0.991,0.0,0.0,0.0,0.0,0.0,-1.0,0.0,0.0,-1.0,0.0,0.0,0.999,-1.0,0.0,0.0,0.998,-0.014,1.4,0.998,-0.013,-2.0,0.0,1.988,-0.004,4.965,-1.011,-0.004,-2.01,2.979,1.954,-1.017,-2.005,-0.206,1.994,-1.016,1.134,0.976,2.76,1.687,-0.938,-0.007,1.975,1.99,3.318,1.973,5.012,-0.017,-3.003,-3.001,-0.008,-4.003,3.034,-5.005,-0.849,2.872,3.632,-2.003,-0.008,2.982,0.997,0.0,0.0,0.0,0.0,0.0,0.0,0.0,0.0,0.0,0.0
BtcGF,BTCUSDc,138,32.7415,65.483,3,1.7109,83.84,363,19.8347,1,15,0,0.015,1.7,3.0,0.0,0.5,16385,1,10.583,9,0,1,15,0.25,1.993,0.991,2.965,0.0,-1.0,-3.0,2.977,-3.0,2.992,0.994,-3.0,-4.0,-3.0,-3.0,-3.0,-3.0,7.222,0.988,-2.01,-6.0,12.273,-4.0,0.991,29.885,-0.003,-4.0,0.999,-2.001,6.865,-0.016,-3.0,18.348,-4.0,-0.011,-4.0,50.9,-2.0,-1.042,-2.0,-3.0,10.207,-2.0,-2.0,-4.0,-4.0,6.964,-4.0,1.999,-3.0,0.0,-1.0,0.0,-0.999,5.956,-1.0,-1.0,0.0,-1.0,-1.0,-1.0,0.0,0.0,0.0,0.0,0.0,-1.0,0.0,0.0,-1.0,0.0,0.0,2.998,-1.0,0.0,0.0,-1.0,-2.0,0.989,2.995,-2.0,-2.0,-2.0,1.982,15.513,0.981,-0.968,-1.007,1.973,-0.57,2.985,-1.033,-0.529,-1.016,3.993,-4.0,-5.0,1.994,-3.0,-2.027,-0.953,-0.006,7.928,-4.0,-5.0,3.021,4.674,5.711,-1.008,-1.004,-0.01,-3.009,-4.0,-6.0,-5.0,-5.0,-3.0,-5.0,-4.0,6.975,1.484,0.0,0.0,0.0,0.0,0.0,0.0,0.0,0.0,0.0,0.0
BtcGF,BTCUSDc,36,16.742,33.484,3,0.6984,140.8,372,18.2796,1,15,0,0.015,1.1,3.0,0.0,0.5,16385,1,-13.661,11,0,1,10,0.0,1.993,0.991,3.841,0.0,-1.0,-3.0,2.977,-3.0,2.992,0.994,-3.0,-4.0,-3.0,-3.0,-4.0,-4.0,6.529,-0.012,-5.0,-6.0,-0.031,-4.0,-1.009,-1.019,-3.0,-4.0,0.999,-2.001,-1.007,-0.016,-3.0,6.637,-5.0,-0.011,-4.0,44.146,-2.0,-1.042,-2.0,-3.0,0.98,-2.0,-2.0,-4.0,-3.999,6.964,-4.0,1.999,-3.0,0.0,-1.0,0.0,-2.0,5.956,-1.0,-1.0,0.0,-1.0,-1.0,-1.0,0.0,0.0,0.0,0.0,0.0,-1.0,0.0,0.0,-1.0,0.0,0.0,2.998,-1.0,0.0,0.0,-1.0,-2.0,0.989,2.995,-2.0,-2.0,-2.0,1.982,14.268,-0.019,12.967,-1.007,0.973,1.661,2.985,-0.033,-7.0,-1.016,0.995,-1.003,-5.0,0.994,3.325,-2.027,-0.953,0.994,13.774,-4.0,-5.0,28.666,15.667,-4.0,1.979,-4.0,-0.01,-2.009,7.962,-6.0,-4.0,-6.0,-3.0,-4.999,-4.0,6.976,1.559,0.0,0.0,0.0,0.0,0.0,0.0,0.0,0.0,0.0,0.0
BtcGF,BTCUSDc,32,5.6545,11.309,3,0.256,327.91,376,21.0106,1,15,0,0.015,1.1,2.5,0.0,0.5,16385,1,-25.774,9,0,1,10,0.0,1.494,3.971,2.531,0.0,-1.0,0.656,1.981,-3.0,2.493,0.495,-3.0,-4.0,-3.0,-3.0,-4.0,-0.512,3.786,-0.51,-1.507,-6.0,-0.525,-4.0,-1.508,-1.516,-3.0,-0.511,0.499,-2.501,2.604,-0.515,-3.0,3.057,-5.0,-0.509,-4.0,34.084,-2.0,-1.535,-2.0,-3.0,0.481,-2.0,-2.0,-4.0,-3.999,5.47,-4.0,1.499,-3.0,0.0,-1.0,0.0,-2.0,4.963,-1.0,-1.0,0.0,-1.0,-1.0,-1.0,0.0,0.0,0.0,0.0,0.0,-1.0,0.0,0.0,-1.0,0.0,0.0,2.499,-1.0,0.0,0.0,-1.0,-2.0,0.491,2.496,-2.0,-2.0,-2.0,1.485,9.918,-0.516,9.089,1.992,-0.022,3.123,-0.502,-0.527,-7.0,-1.514,0.496,-1.503,-5.0,0.495,2.277,-2.522,-1.463,0.495,12.933,-4.0,-5.0,18.778,11.506,-4.0,0.982,-4.0,-0.508,-2.507,5.431,-6.0,-4.0,-6.0,-3.0,14.512,-4.0,8.975,0.504,0.0,0.0,0.0,0.0,0.0,0.0,0.0,0.0,0.0,0.0
BtcGF,BTCUSDc,124,16.4967,24.745,4,1.1298,75.11,405,36.7901,1,15,0,0.015,1.1,1.5,0.0,0.5,16385,1,6.159,8,0,1,15,0.25,4.472,2.97,-0.028,-1.0,-1.0,0.993,2.976,-3.0,1.496,0.961,-0.508,-2.505,-0.506,-3.0,-1.522,3.482,0.995,0.989,-1.009,-1.028,1.464,-1.501,3.585,-2.51,-1.501,-1.507,-0.5,-3.5,-0.345,-1.5,-0.505,2.76,0.196,-1.505,-4.0,18.572,-2.0,-1.024,-2.0,-3.0,3.34,-2.0,-2.0,-4.0,3.981,4.978,-1.501,2.0,-3.0,0.0,-1.0,0.0,3.081,2.978,-1.0,-1.0,0.0,-1.0,1.494,-1.0,0.0,0.0,0.0,0.0,0.0,-1.0,0.0,0.0,-1.0,0.0,0.0,1.499,-1.0,0.0,0.0,1.498,-2.0,-0.506,1.498,4.394,-2.0,0.5,3.173,0.494,4.959,-2.492,1.494,1.972,9.432,7.353,-1.516,-1.452,-2.508,0.996,-4.0,-5.0,1.971,8.992,-3.513,-2.481,0.989,3.465,1.132,-2.507,3.979,1.485,1.634,-2.504,-1.004,0.988,-4.504,-2.527,-6.0,-5.0,5.152,-1.503,-4.0,0.488,4.972,1.995,0.0,0.0,0.0,0.0,0.0,0.0,0.0,0.0,0.0,0.0
BtcGF,BTCUSDc,305,16.3158,19.579,5,0.8809,17.61,378,39.6825,1,15,0,0.015,1.4,1.5,0.0,0.5,16385,1,16.132,0,0,1,20,0.75,4.472,2.97,-1.52,2.594,-1.0,0.993,2.976,-3.0,1.496,0.961,-0.508,-2.505,-0.506,-3.0,0.478,0.982,0.995,0.989,-2.504,-1.028,1.464,-1.501,-0.01,-2.51,-1.501,1.216,-0.5,-3.5,-1.002,-1.5,-0.505,2.847,0.849,0.975,-4.0,6.169,-2.0,-0.024,-2.0,-3.0,0.414,-2.0,-1.0,-2.0,4.721,4.978,-0.345,2.0,-3.0,0.0,0.0,-1.0,1.528,2.978,-1.0,-1.0,0.0,-1.0,1.494,-0.999,0.0,0.0,0.0,0.0,0.0,-1.0,0.0,0.0,-1.0,0.0,0.0,1.499,-1.0,0.0,0.0,1.498,-2.0,3.725,1.498,1.388,-2.0,0.5,3.132,0.494,4.959,-2.492,1.494,-0.099,6.588,3.42,-1.516,-1.874,-2.508,-0.503,-2.0,-0.533,1.971,5.114,-2.513,-2.481,0.989,3.465,-0.033,0.0,2.485,0.09,1.484,-2.504,-2.502,4.908,-3.504,-2.527,-2.0,-0.884,2.42,-2.0,-0.595,0.488,4.972,1.995,0.0,0.0,0.0,0.0,0.0,0.0,0.0,0.0,0.0,0.0
BtcGF,BTCUSDc,39,16.772,33.544,3,0.7002,140.55,372,18.2796,1,15,0,0.015,2.0,3.0,0.0,0.5,16385,1,-13.601,11,0,1,10,0.0,1.993,0.991,3.841,0.0,-1.0,-3.0,2.977,-3.0,2.992,0.994,-3.0,-4.0,-3.0,-3.0,-4.0,-4.0,6.529,-0.012,-5.0,-6.0,-0.031,-4.0,-1.009,-1.019,-3.0,-4.0,0.999,-2.001,-1.007,-0.016,-3.0,6.673,-5.0,-0.011,-4.0,44.146,-2.0,-1.042,-2.0,-3.0,0.98,-2.0,-2.0,-4.0,-4.0,6.964,-4.0,1.999,-3.0,0.0,-1.0,0.0,-2.0,5.956,-1.0,-1.0,0.0,-1.0,-1.0,-1.0,0.0,0.0,0.0,0.0,0.0,-1.0,0.0,0.0,-1.0,0.0,0.0,2.998,-1.0,0.0,0.0,-1.0,-2.0,0.989,2.995,-2.0,-2.0,-2.0,1.982,14.268,-0.019,12.967,-1.007,0.973,1.661,2.985,-0.033,-7.0,-1.016,0.995,-1.003,-5.0,0.994,3.325,-2.027,-0.953,0.994,13.774,-4.0,-5.0,28.666,15.667,-4.0,1.979,-4.0,-0.01,-2.008,7.986,-6.0,-4.0,-6.0,-3.0,-4.999,-4.0,6.976,1.559,0.0,0.0,0.0,0.0,0.0,0.0,0.0,0.0,0.0,0.0
BtcGF,BTCUSDc,167,20.589,41.178,3,1.9626,14.7,395,38.481,1,15,0,0.015,2.0,1.5,0.0,0.5,16385,1,35.123,4,0,1,5,0.5,4.472,2.97,-0.028,5.429,-2.0,0.993,2.976,-3.0,1.496,0.961,-0.508,-2.505,-0.506,-3.0,-0.522,3.482,0.995,0.989,-1.009,-1.028,1.464,-1.501,0.893,-2.51,-0.398,-1.507,-0.5,-3.5,0.586,-1.5,-0.505,2.83,1.864,-1.505,-4.0,7.041,-2.0,-0.024,-2.0,-3.0,1.403,-3.0,-1.0,-4.0,3.876,4.978,-1.501,2.0,-3.0,0.0,-1.0,0.0,3.167,2.978,-1.0,-1.0,0.0,-1.0,1.494,-1.0,0.0,0.0,0.0,0.0,0.0,-1.0,0.0,0.0,-1.0,0.0,0.0,1.499,-1.0,0.0,0.0,1.498,-2.0,-0.505,1.498,2.144,-2.0,0.5,4.954,0.494,4.959,1.841,1.494,1.414,9.064,4.404,-1.516,-1.847,-2.508,0.996,-3.0,1.775,1.971,6.285,-0.513,0.991,0.989,3.465,1.412,-2.507,5.52,3.427,-1.018,-2.504,-1.004,0.988,-3.504,-2.527,-6.0,2.26,0.683,-2.0,1.871,0.488,4.972,1.995,0.0,0.0,0.0,0.0,0.0,0.0,0.0,0.0,0.0,0.0
BtcGF,BTCUSDc,55,-0.4465,-0.893,3,-0.0208,0.0,368,22.5543,1,15,0,0.015,2.0,2.5,0.0,0.5,16385,1,-38.258,7,0,1,15,0.0,1.494,3.971,1.967,0.0,-1.0,-0.212,1.981,-3.0,2.493,0.495,-3.0,-4.0,-3.0,-3.0,-3.0,5.534,2.993,0.49,0.985,-6.0,-0.525,-4.0,-1.508,-1.516,-0.502,-0.511,0.499,-2.501,3.119,-0.515,-3.0,4.132,2.6,-0.509,-5.0,-0.123,-2.0,-1.535,-2.0,-3.0,7.909,-2.0,-1.0,-3.999,-4.0,5.47,-4.0,1.499,-3.0,0.0,-1.0,0.0,5.258,4.963,-1.0,-1.0,0.0,-1.0,-1.0,-1.0,0.0,0.0,0.0,0.0,0.0,-1.0,0.0,0.0,-1.0,0.0,0.0,2.499,-1.0,0.0,0.0,-1.0,-2.0,0.491,2.496,-2.0,-2.0,-2.0,1.485,1.483,0.484,-1.475,1.992,0.978,1.328,7.158,-0.527,-1.159,-1.514,2.994,-4.0,-5.0,1.495,51.568,-2.522,-1.463,-0.505,6.44,-4.0,-5.0,2.016,-1.494,4.5,-1.507,-4.0,-0.508,-3.507,-4.0,-6.0,-5.0,-5.0,-3.0,-1.491,-4.0,8.975,0.501,0.0,0.0,0.0,0.0,0.0,0.0,0.0,0.0,0.0,0.0
BtcGF,BTCUSDc,80,10.4887,15.733,4,0.872,36.57,427,48.4778,1,15,0,0.015,1.1,1.0,0.0,0.5,16385,1,9.979,2,0,1,5,0.25,2.982,2.979,-1.019,-1.0,-0.043,2.985,1.977,-0.029,0.997,-0.013,-1.005,-1.005,-1.004,-1.004,-0.01,1.988,2.002,-0.007,-2.006,-2.018,-0.023,-0.001,1.88,-3.006,2.969,-0.013,0.999,-4.0,1.245,0.0,0.995,2.107,-1.003,-2.004,1.754,-0.011,-1.014,1.591,-2.0,-3.0,0.184,-3.0,0.969,-0.003,1.98,2.986,-2.001,1.0,-3.0,0.0,-1.0,0.0,-2.0,1.986,0.995,-1.0,0.0,1.99,0.996,0.991,0.0,0.0,0.0,0.0,0.0,-1.0,0.0,0.0,-1.0,0.0,0.0,0.999,-1.0,0.0,0.0,0.998,-0.014,4.09,0.998,-0.013,-2.0,0.0,1.988,-0.004,4.965,-1.011,-0.004,-2.01,5.062,1.967,-1.017,0.006,-0.2,1.994,-2.016,-0.353,-0.024,0.982,-4.009,-5.001,-0.007,1.975,1.99,5.421,1.973,6.621,-0.017,-3.003,-2.002,-0.008,-4.003,1.995,-5.005,-4.005,-0.026,3.208,-2.003,-0.008,2.982,0.997,0.0,0.0,0.0,0.0,0.0,0.0,0.0,0.0,0.0,0.0
BtcGF,BTCUSDc,306,16.385,19.662,5,0.8858,17.57,378,39.6825,1,15,0,0.015,1.7,1.5,0.0,0.5,16385,1,16.207,0,0,1,20,0.75,4.472,2.97,-1.52,2.594,-1.0,0.994,2.976,-3.0,1.496,0.961,-0.508,-2.505,-0.506,-3.0,0.478,0.982,0.995,0.989,-2.504,-1.028,1.464,-1.501,-0.01,-2.51,-1.501,1.224,-0.5,-3.5,-1.002,-1.5,-0.505,2.847,0.849,0.982,-4.0,6.183,-2.0,-0.024,-2.0,-3.0,0.414,-2.0,-1.0,-2.0,4.721,4.978,-0.345,2.0,-3.0,0.0,0.0,-1.0,1.528,2.978,-1.0,-1.0,0.0,-1.0,1.494,-0.999,0.0,0.0,0.0,0.0,0.0,-1.0,0.0,0.0,-1.0,0.0,0.0,1.499,-1.0,0.0,0.0,1.498,-2.0,3.725,1.498,1.388,-2.0,0.5,3.132,0.494,4.959,-2.492,1.494,-0.097,6.588,3.42,-1.516,-1.874,-2.508,-0.503,-2.0,-0.533,1.971,5.114,-2.513,-2.481,0.989,3.465,-0.033,0.0,2.485,0.09,1.484,-2.504,-2.502,4.908,-3.504,-2.527,-2.0,-0.883,2.42,-2.0,-0.545,0.488,4.972,1.995,0.0,0.0,0.0,0.0,0.0,0.0,0.0,0.0,0.0,0.0
BtcGF,BTCUSDc,161,16.7995,33.599,3,2.0943,8.47,420,50.9524,1,15,0,0.015,1.4,1.0,0.0,0.5,16385,1,30.753,0,0,1,5,0.5,2.982,2.979,-1.019,2.286,-0.185,2.985,1.977,-0.029,0.997,-0.013,-1.005,-1.005,-1.004,-1.004,-0.01,1.988,2.002,-0.007,-2.006,-2.018,-0.023,-0.001,1.585,-3.006,2.969,-0.013,0.999,-4.0,0.018,0.0,0.995,2.107,3.663,-2.004,-1.448,-1.009,-1.014,1.591,-2.0,-3.0,0.008,-3.0,0.969,-0.003,1.98,2.986,-2.001,1.0,-3.0,0.0,-1.0,0.0,2.068,1.986,0.995,-1.0,0.0,1.99,0.996,0.991,0.0,0.0,0.0,0.0,0.0,-1.0,0.0,0.0,-1.0,0.0,0.0,0.999,-1.0,0.0,0.0,0.998,-0.014,1.4,0.998,-0.013,-2.0,0.0,1.988,-0.004,4.965,-1.011,-0.004,-2.01,3.936,1.954,-1.017,0.006,-0.206,1.994,-1.016,0.923,0.976,2.76,1.687,-0.938,-0.007,1.975,1.99,3.2,1.973,5.012,-0.017,-3.003,-2.002,-0.008,-4.003,1.995,-5.005,-0.365,-0.026,4.306,-2.003,-0.008,2.982,0.997,0.0,0.0,0.0,0.0,0.0,0.0,0.0,0.0,0.0,0.0
BtcGF,BTCUSDc,303,13.6713,20.507,4,1.4799,8.68,415,51.3253,1,15,0,0.015,2.0,1.0,0.0,0.5,16385,1,18.726,0,0,1,20,0.75,2.982,2.979,-2.014,1.511,-1.007,2.985,1.977,-0.029,0.997,-0.013,-1.005,-1.005,-1.004,-1.004,-0.01,1.988,2.401,-0.007,-3.003,-2.018,-0.023,-0.001,1.3,-3.006,2.969,-0.013,0.999,-4.0,-1.007,0.0,0.995,2.11,2.652,-2.004,-2.32,1.458,-1.014,1.32,-2.0,-3.0,-0.52,0.004,0.969,1.998,1.98,2.986,-0.914,1.0,-3.0,0.0,0.0,-1.0,1.018,1.986,0.995,-1.0,0.0,1.99,0.996,0.991,0.0,0.0,0.0,0.0,0.0,-1.0,0.0,0.0,-1.0,0.0,0.0,0.999,-1.0,0.0,0.0,0.998,-0.014,0.655,0.998,-0.013,-2.0,0.0,1.988,-0.004,4.965,-1.011,-0.004,-2.01,3.457,1.458,-1.017,-2.005,-0.594,1.994,-1.016,-1.058,0.976,2.356,-3.009,-1.991,-0.007,1.975,1.99,2.542,1.973,4.032,-0.017,-3.003,-3.001,2.773,-4.003,2.398,-5.004,-2.556,1.984,2.77,-2.003,-0.008,2.982,0.997,0.0,0.0,0.0,0.0,0.0,0.0,0.0,0.0,0.0,0.0
BtcGF,BTCUSDc,48,7.248,10.872,4,0.3934,107.42,378,30.9524,1,15,0,0.015,1.1,2.0,0.0,0.5,16385,1,-0.807,3,0,1,15,0.0,5.964,3.952,0.963,-1.0,-1.0,2.159,0.985,-3.0,1.994,1.954,-3.0,-2.007,-0.008,-3.0,0.085,7.984,1.993,-0.008,-0.013,-3.016,-1.022,-1.002,-2.006,-2.013,-1.002,-1.009,-0.001,-3.001,1.887,-1.0,-3.0,2.446,1.398,-1.007,-5.0,5.034,-2.0,-2.028,-2.0,-3.0,5.609,-2.0,-1.0,-3.999,3.121,3.977,-1.002,2.998,-3.0,0.0,-1.0,0.0,4.176,3.971,-1.0,-1.0,0.0,-1.0,1.993,-1.0,0.0,0.0,0.0,0.0,0.0,-1.0,0.0,0.0,-1.0,0.0,0.0,1.999,-1.0,0.0,0.0,-1.0,-2.0,-0.008,1.997,-2.0,-2.0,0.992,4.274,0.992,-0.013,-1.983,2.991,5.772,-0.008,3.986,-1.022,-1.8,-2.011,1.996,-4.0,-5.0,2.966,16.632,-3.018,-1.971,1.986,4.953,3.341,-5.0,1.013,0.997,2.323,-2.005,-4.0,1.984,-4.006,-1.033,-6.0,-5.0,-0.891,-3.0,-2.004,-1.015,8.973,2.994,0.0,0.0,0.0,0.0,0.0,0.0,0.0,0.0,0.0,0.0
BtcGF,BTCUSDc,115,18.2727,27.409,4,0.8054,132.24,385,20.7792,1,15,0,0.015,2.0,2.5,0.0,0.5,16385,1,-8.836,12,0,1,10,0.25,1.494,3.971,2.531,0.0,-3.0,0.656,0.981,-3.0,2.493,0.495,-3.0,-4.0,-3.0,-3.0,-4.0,-0.512,3.786,-0.51,0.985,-6.0,6.995,-4.0,19.459,-1.516,-3.0,-0.511,0.499,-2.501,2.604,-0.515,-3.0,2.057,-5.0,-0.509,-4.0,33.246,-2.0,-1.535,-2.0,-3.0,9.975,-3.0,-2.0,-4.0,-4.0,5.47,-4.0,1.499,-3.0,0.0,-1.0,0.0,-2.0,4.963,-1.0,-1.0,0.0,-1.0,-1.0,-1.0,0.0,0.0,0.0,0.0,0.0,-1.0,0.0,0.0,-1.0,0.0,0.0,2.499,-1.0,0.0,0.0,-1.0,-2.0,0.491,2.496,-2.0,-2.0,-2.0,1.485,9.918,-0.516,7.997,1.992,-0.022,3.123,1.974,-0.527,-7.0,-1.514,0.496,-1.503,-6.0,0.495,2.277,-2.522,-3.502,0.495,12.933,-4.0,-5.0,10.645,21.148,-4.0,0.982,-4.0,-0.508,-2.506,-4.0,-6.0,-4.0,-5.0,-3.0,8.058,-4.0,8.975,-3.0,0.0,0.0,0.0,0.0,0.0,0.0,0.0,0.0,0.0,0.0
BtcGF,BTCUSDc,149,28.9173,43.376,4,2.0726,35.16,365,32.6027,1,15,0,0.015,1.4,2.0,0.0,0.5,16385,1,28.125,6,0,1,20,0.25,5.964,3.952,-1.027,-1.0,-1.0,2.191,0.985,-3.0,1.994,1.954,0.608,-2.007,-0.008,-3.0,-0.768,8.7,1.993,-0.008,-2.006,-3.016,-1.022,-1.002,4.561,-2.013,-1.002,2.352,-0.001,-3.001,0.997,-1.0,-3.0,3.358,-4.0,1.987,-4.0,14.245,-2.0,-1.028,-2.0,-3.0,7.175,-2.0,-2.0,-4.0,2.64,3.977,0.224,2.998,-3.0,0.0,-1.0,0.0,5.145,3.971,-1.0,-1.0,0.0,-1.0,1.993,-0.999,0.0,0.0,0.0,0.0,0.0,-1.0,0.0,0.0,-1.0,0.0,0.0,1.999,-1.0,0.0,0.0,-1.0,-2.0,-0.008,1.997,-2.0,-2.0,1.049,4.21,0.992,4.227,-1.984,2.991,8.438,2.971,0.979,-1.022,-3.68,-2.011,-0.003,-3.0,-4.0,2.966,14.486,-2.018,-1.971,1.986,4.953,0.969,0.765,-1.008,1.136,1.999,-2.005,0.002,1.984,-4.006,-1.033,-2.0,-5.0,-1.979,-2.999,-2.004,-1.015,8.973,2.994,0.0,0.0,0.0,0.0,0.0,0.0,0.0,0.0,0.0,0.0
BtcGF,BTCUSDc,67,19.5913,29.387,4,1.222,71.88,390,38.2051,1,15,0,0.015,2.0,1.5,0.0,0.5,16385,1,8.264,5,0,1,20,0.0,4.472,2.97,-1.52,4.499,-1.0,0.994,2.976,-3.0,1.496,0.961,-0.508,-2.505,-0.506,-3.0,-1.522,3.482,0.995,0.989,-2.504,-1.028,1.464,-1.501,0.416,-2.51,-1.501,1.231,-0.5,-3.5,-1.002,-1.5,-0.505,-0.522,-4.0,0.989,-4.0,23.153,-2.0,-0.024,-2.0,-3.0,4.432,-2.0,-2.0,-1.497,3.766,4.978,-0.345,2.0,-3.0,0.0,-1.0,0.0,1.528,2.978,-1.0,-1.0,0.0,-1.0,1.494,-0.999,0.0,0.0,0.0,0.0,0.0,-1.0,0.0,0.0,-1.0,0.0,0.0,1.499,-1.0,0.0,0.0,1.498,-2.0,-0.506,1.498,3.012,-2.0,0.5,3.132,0.494,4.959,0.001,1.494,2.879,5.613,6.782,-1.516,-1.873,-2.508,-0.503,-3.0,-4.0,1.971,8.332,-2.513,-2.481,0.989,3.465,-0.033,0.0,3.979,0.09,1.484,-2.504,-1.004,0.988,-4.504,-2.527,-2.0,-5.0,2.983,-1.502,-4.0,0.488,4.972,1.995,0.0,0.0,0.0,0.0,0.0,0.0,0.0,0.0,0.0,0.0
BtcGF,BTCUSDc,46,12.583,25.166,3,0.7617,93.1,402,36.5672,1,15,0,0.015,1.7,1.5,0.0,0.5,16385,1,1.737,6,0,1,15,0.0,4.472,2.97,-0.028,7.772,-1.0,0.994,2.976,-3.0,1.496,0.961,-0.508,-2.505,-0.506,-3.0,-1.522,3.482,0.995,0.989,-1.009,-1.028,1.464,-1.501,-3.505,-2.51,-1.501,-1.507,-0.5,-3.5,-0.345,-1.5,-0.505,2.76,0.196,-1.505,-5.0,3.215,-2.0,-1.024,-2.0,-3.0,3.34,-2.0,-1.0,-3.999,3.981,4.978,-1.501,2.0,-3.0,0.0,-1.0,0.0,3.081,2.978,-1.0,-1.0,0.0,-1.0,1.494,-1.0,0.0,0.0,0.0,0.0,0.0,-1.0,0.0,0.0,-1.0,0.0,0.0,1.499,-1.0,0.0,0.0,1.498,-2.0,-0.506,1.498,22.429,-2.0,0.5,3.173,0.494,4.959,0.001,1.494,1.974,9.432,-0.034,-1.516,-1.451,-2.508,0.996,-4.0,-5.0,1.971,9.615,-3.513,-2.481,0.989,3.465,1.132,-2.507,3.979,-0.005,1.634,-2.504,-2.502,0.988,-4.504,-2.527,-6.0,-5.0,8.467,-1.503,-4.0,0.488,4.972,1.995,0.0,0.0,0.0,0.0,0.0,0.0,0.0,0.0,0.0,0.0
BtcGF,BTCUSDc,37,16.745,33.49,3,0.6987,140.77,372,18.2796,1,15,0,0.015,1.4,3.0,0.0,0.5,16385,1,-13.655,11,0,1,10,0.0,1.993,0.991,3.841,0.0,-1.0,-3.0,2.977,-3.0,2.992,0.994,-3.0,-4.0,-3.0,-3.0,-4.0,-4.0,6.529,-0.012,-5.0,-6.0,-0.031,-4.0,-1.009,-1.019,-3.0,-4.0,0.999,-2.001,-1.007,-0.016,-3.0,6.643,-5.0,-0.011,-4.0,44.146,-2.0,-1.042,-2.0,-3.0,0.98,-2.0,-2.0,-4.0,-3.999,6.964,-4.0,1.999,-3.0,0.0,-1.0,0.0,-2.0,5.956,-1.0,-1.0,0.0,-1.0,-1.0,-1.0,0.0,0.0,0.0,0.0,0.0,-1.0,0.0,0.0,-1.0,0.0,0.0,2.998,-1.0,0.0,0.0,-1.0,-2.0,0.989,2.995,-2.0,-2.0,-2.0,1.982,14.268,-0.019,12.967,-1.007,0.973,1.661,2.985,-0.033,-7.0,-1.016,0.995,-1.003,-5.0,0.994,3.325,-2.027,-0.953,0.994,13.774,-4.0,-5.0,28.666,15.667,-4.0,1.979,-4.0,-0.01,-2.009,7.962,-6.0,-4.0,-6.0,-3.0,-4.999,-4.0,6.976,1.559,0.0,0.0,0.0,0.0,0.0,0.0,0.0,0.0,0.0,0.0
BtcGF,BTCUSDc,212,18.3067,21.968,5,0.6346,58.19,357,24.3697,1,15,0,0.015,1.1,2.5,0.0,0.5,16385,1,9.185,12,0,1,15,0.5,1.494,3.971,1.967,0.0,-1.0,-0.212,1.981,-3.0,2.493,0.495,-3.0,-4.0,-3.0,-3.0,-2.0,4.553,3.397,0.49,0.985,-6.0,2.848,-4.0,12.729,-1.516,-0.502,-0.511,0.499,-2.501,3.119,-0.515,-3.0,4.121,2.6,-0.509,-4.0,9.783,-2.0,-1.535,-2.0,-3.0,4.175,-2.0,-1.0,-4.0,-4.0,5.47,-4.0,1.499,-3.0,0.0,-1.0,0.0,11.212,4.963,-1.0,-1.0,0.0,-1.0,-1.0,-1.0,0.0,0.0,0.0,0.0,0.0,-1.0,0.0,0.0,-1.0,0.0,0.0,2.499,-1.0,0.0,0.0,-1.0,-2.0,0.492,2.496,-2.0,-1.0,-2.0,1.485,5.575,0.484,-1.476,1.992,0.978,1.328,1.974,-0.527,-1.159,-1.514,2.994,-3.0,-4.0,1.495,12.811,0.478,7.809,0.495,13.357,-4.0,-5.0,2.016,2.891,4.5,-1.507,-1.503,-0.508,-2.507,-4.0,-6.0,-3.0,-5.0,-2.0,-3.999,-4.0,8.975,0.501,0.0,0.0,0.0,0.0,0.0,0.0,0.0,0.0,0.0,0.0
BtcGF,BTCUSDc,177,18.1765,36.353,3,1.1788,59.26,360,19.1667,1,15,0,0.015,1.4,3.0,0.0,0.5,16385,1,14.812,16,0,1,5,0.5,1.993,1.991,4.161,0.0,-2.0,-3.0,1.977,-3.0,2.992,0.994,-3.0,-4.0,-3.0,-3.0,-3.0,-4.0,0.394,-0.012,-2.009,-6.0,2.826,-4.0,0.991,17.196,-3.0,-4.0,0.999,-2.001,-1.007,-0.016,-3.0,4.77,-4.0,-0.011,-4.0,13.08,-2.0,-0.042,-2.0,-3.0,5.57,-3.0,-1.0,-4.0,-4.0,6.964,-4.0,1.999,-3.0,0.0,-1.0,0.0,14.711,5.956,-1.0,-1.0,0.0,-1.0,-1.0,-1.0,0.0,0.0,0.0,0.0,0.0,-1.0,0.0,0.0,-1.0,0.0,0.0,2.998,-1.0,0.0,0.0,-1.0,-2.0,0.99,2.995,-2.0,-1.0,-2.0,1.982,5.914,-0.019,3.67,-1.007,1.973,4.708,6.431,-1.033,-2.141,-1.016,3.993,-3.0,-4.0,1.994,-3.0,0.973,17.541,0.994,6.928,-4.0,-5.0,8.875,11.912,-4.0,1.979,-1.004,6.178,-2.009,-4.0,-6.0,-3.0,8.112,-2.0,-3.999,-4.0,6.975,-3.0,0.0,0.0,0.0,0.0,0.0,0.0,0.0,0.0,0.0,0.0
BtcGF,BTCUSDc,275,-3.4527,-10.358,2,-0.3151,0.0,350,22.8571,1,15,0,0.015,2.0,2.5,0.0,0.5,16385,1,-19.192,9,0,1,10,0.75,1.494,3.971,0.044,0.0,-1.0,0.656,0.981,-3.0,2.493,1.495,3.542,-4.0,-3.0,-3.0,-2.0,3.784,3.239,-0.51,0.985,-6.0,1.461,-4.0,7.654,-1.516,-3.0,-0.511,0.499,-2.501,2.604,-0.515,-3.0,3.057,1.393,-0.509,-4.0,3.865,-2.0,-0.535,-2.0,-3.0,2.268,-2.0,-1.0,-2.0,-4.0,5.47,-3.0,1.499,-3.0,0.0,0.0,-1.0,6.28,4.963,-1.0,-1.0,0.0,-1.0,-1.0,-1.0,0.0,0.0,0.0,0.0,0.0,-1.0,0.0,0.0,-1.0,0.0,0.0,2.499,-1.0,0.0,0.0,-1.0,-2.0,-2.0,2.496,-1.0,-2.0,-2.0,1.485,3.838,-0.516,-0.146,1.992,0.978,3.123,-0.502,-0.527,-7.0,-1.514,0.496,-3.0,-4.0,1.495,7.53,0.478,7.332,0.495,11.438,-4.0,-5.0,0.424,11.277,-4.0,0.982,-4.0,0.492,-2.507,-4.0,-5.999,-3.0,3.428,-2.0,-3.0,-4.0,8.975,-3.0,0.0,0.0,0.0,0.0,0.0,0.0,0.0,0.0,0.0,0.0
BtcGF,BTCUSDc,148,28.9087,43.363,4,2.072,35.17,365,32.6027,1,15,0,0.015,1.1,2.0,0.0,0.5,16385,1,28.112,6,0,1,20,0.25,5.964,3.952,-1.027,-1.0,-1.0,2.191,0.985,-3.0,1.994,1.954,0.608,-2.007,-0.008,-3.0,-0.768,8.7,1.993,-0.008,-2.006,-3.016,-1.022,-1.002,4.561,-2.013,-1.002,2.339,-0.001,-3.001,0.997,-1.0,-3.0,3.358,-4.0,1.987,-4.0,14.245,-2.0,-1.028,-2.0,-3.0,7.175,-2.0,-2.0,-4.0,2.64,3.977,0.224,2.998,-3.0,0.0,-1.0,0.0,5.145,3.971,-1.0,-1.0,0.0,-1.0,1.993,-0.999,0.0,0.0,0.0,0.0,0.0,-1.0,0.0,0.0,-1.0,0.0,0.0,1.999,-1.0,0.0,0.0,-1.0,-2.0,-0.008,1.997,-2.0,-2.0,1.049,4.21,0.992,4.227,-1.984,2.991,8.438,2.971,0.979,-1.022,-3.68,-2.011,-0.003,-3.0,-4.0,2.966,14.486,-2.018,-1.971,1.986,4.953,0.969,0.765,-1.008,1.136,1.999,-2.005,0.002,1.984,-4.006,-1.033,-2.0,-5.0,-1.979,-2.999,-2.004,-1.015,8.973,2.994,0.0,0.0,0.0,0.0,0.0,0.0,0.0,0.0,0.0,0.0
BtcGF,BTCUSDc,112,18.2727,27.409,4,0.8054,132.24,385,20.7792,1,15,0,0.015,1.1,2.5,0.0,0.5,16385,1,-8.836,12,0,1,10,0.25,1.494,3.971,2.531,0.0,-3.0,0.656,0.981,-3.0,2.493,0.495,-3.0,-4.0,-3.0,-3.0,-4.0,-0.512,3.786,-0.51,0.985,-6.0,6.995,-4.0,19.459,-1.516,-3.0,-0.511,0.499,-2.501,2.604,-0.515,-3.0,2.057,-5.0,-0.509,-4.0,33.246,-2.0,-1.535,-2.0,-3.0,9.975,-3.0,-2.0,-4.0,-3.999,5.47,-4.0,1.499,-3.0,0.0,-1.0,0.0,-2.0,4.963,-1.0,-1.0,0.0,-1.0,-1.0,-1.0,0.0,0.0,0.0,0.0,0.0,-1.0,0.0,0.0,-1.0,0.0,0.0,2.499,-1.0,0.0,0.0,-1.0,-2.0,0.491,2.496,-2.0,-2.0,-2.0,1.485,9.918,-0.516,7.997,1.992,-0.022,3.123,1.974,-0.527,-7.0,-1.514,0.496,-1.503,-6.0,0.495,2.277,-2.522,-3.502,0.495,12.933,-4.0,-5.0,10.645,21.148,-4.0,0.982,-4.0,-0.508,-2.507,-4.0,-6.0,-4.0,-5.0,-3.0,8.058,-4.0,8.975,-3.0,0.0,0.0,0.0,0.0,0.0,0.0,0.0,0.0,0.0,0.0
BtcGF,BTCUSDc,243,11.982,23.964,3,1.6695,7.66,415,51.3253,1,15,0,0.015,2.0,1.0,0.0,0.5,16385,1,22.128,0,0,1,5,0.75,2.982,2.979,-2.014,1.511,-0.589,2.985,1.977,-0.029,0.997,-0.013,-1.005,-1.005,-1.004,-1.004,-0.01,1.988,2.002,-0.007,-2.006,-2.018,-0.023,-0.001,1.3,-3.006,2.969,-0.013,0.999,-4.0,-0.627,0.0,0.995,2.107,2.732,-2.004,-2.32,-1.009,-1.014,1.574,-2.0,-3.0,-0.52,0.362,0.969,-0.003,1.98,2.986,-3.0,1.0,-3.0,0.0,0.0,-1.0,1.405,1.986,0.995,-1.0,0.0,1.99,0.996,0.991,0.0,0.0,0.0,0.0,0.0,-1.0,0.0,0.0,-1.0,0.0,0.0,0.999,-1.0,0.0,0.0,0.998,-0.014,0.655,0.998,-0.013,-2.0,0.0,1.988,-0.004,4.965,-1.011,-0.004,-2.01,3.457,1.458,-1.017,0.006,-0.594,1.994,-1.016,-0.7,0.976,2.369,0.725,-1.492,-0.007,1.975,1.99,2.509,1.973,4.476,-0.017,-3.003,-3.001,2.679,-4.003,1.995,-5.004,-2.389,2.377,3.22,-2.003,-0.008,2.982,0.997,0.0,0.0,0.0,0.0,0.0,0.0,0.0,0.0,0.0,0.0
BtcGF,BTCUSDc,225,18.0627,27.094,4,1.3751,19.39,384,39.3229,1,15,0,0.015,1.4,1.5,0.0,0.5,16385,1,21.84,2,0,1,20,0.5,4.472,2.97,-1.52,3.747,-1.0,0.993,2.976,-3.0,1.496,0.961,-0.508,-2.505,-0.506,-3.0,-0.522,3.482,0.995,0.989,-2.504,-1.028,1.464,-1.501,0.416,-2.51,-1.501,1.216,-0.5,-3.5,-1.002,-1.5,-0.505,3.587,1.751,0.975,-4.0,6.135,-2.0,-0.024,-2.0,-3.0,1.403,-2.0,-1.0,-4.0,3.766,4.978,-0.345,2.0,-3.0,0.0,-1.0,0.0,1.528,2.978,-1.0,-1.0,0.0,-1.0,1.494,-0.999,0.0,0.0,0.0,0.0,0.0,-1.0,0.0,0.0,-1.0,0.0,0.0,1.499,-1.0,0.0,0.0,1.498,-2.0,-0.505,1.498,2.144,-2.0,0.5,3.132,0.494,4.959,-2.492,1.494,0.896,7.564,4.404,-1.516,-1.874,-2.508,-0.503,-2.0,0.458,1.971,5.979,-2.513,-2.481,0.989,3.465,-0.033,0.0,3.979,0.09,1.484,-2.504,-1.004,0.988,-3.504,-2.527,-2.0,1.254,3.125,-2.0,0.947,0.488,4.972,1.995,0.0,0.0,0.0,0.0,0.0,0.0,0.0,0.0,0.0,0.0
BtcGF,BTCUSDc,51,7.2527,10.879,4,0.3936,107.35,378,30.9524,1,15,0,0.015,2.0,2.0,0.0,0.5,16385,1,-0.8,3,0,1,15,0.0,5.964,3.952,0.963,-1.0,-1.0,2.16,0.985,-3.0,1.994,1.954,-3.0,-2.007,-0.008,-3.0,0.084,7.984,1.993,-0.008,-0.013,-3.016,-1.022,-1.002,-2.006,-2.013,-1.002,-1.009,-0.001,-3.001,1.887,-1.0,-3.0,2.449,1.398,-1.007,-5.0,5.034,-2.0,-2.028,-2.0,-3.0,5.609,-2.0,-1.0,-3.999,3.121,3.977,-1.002,2.998,-3.0,0.0,-1.0,0.0,4.176,3.971,-1.0,-1.0,0.0,-1.0,1.993,-1.0,0.0,0.0,0.0,0.0,0.0,-1.0,0.0,0.0,-1.0,0.0,0.0,1.999,-1.0,0.0,0.0,-1.0,-2.0,-0.008,1.997,-2.0,-2.0,0.992,4.274,0.992,-0.013,-1.983,2.991,5.776,-0.008,3.986,-1.022,-1.8,-2.011,1.996,-4.0,-5.0,2.966,16.632,-3.018,-1.971,1.986,4.953,3.341,-5.0,1.013,0.997,2.323,-2.005,-4.0,1.984,-4.006,-1.033,-6.0,-5.0,-0.891,-3.0,-2.004,-1.015,8.973,2.994,0.0,0.0,0.0,0.0,0.0,0.0,0.0,0.0,0.0,0.0
BtcGF,BTCUSDc,258,7.897,15.794,3,0.6289,88.72,336,19.6429,1,15,0,0.015,1.7,3.0,0.0,0.5,16385,1,1.782,18,0,1,5,0.75,1.993,1.991,1.176,0.0,-1.0,-3.0,1.977,-3.0,2.992,1.994,-2.0,-4.0,-3.0,-3.0,-1.0,-2.0,0.394,-0.012,-2.01,-6.0,2.826,-4.0,0.991,9.724,-3.0,-4.0,0.999,-2.001,-0.007,-0.016,-3.0,15.856,11.012,-0.011,-4.0,5.54,-2.0,-0.042,-2.0,-3.0,3.2,-2.0,-1.0,-2.0,-4.0,6.964,-3.0,1.999,-3.0,0.0,0.0,-1.0,7.966,5.956,-1.0,-1.0,0.0,-1.0,-1.0,-1.0,0.0,0.0,0.0,0.0,0.0,-1.0,0.0,0.0,-1.0,0.0,0.0,2.998,-1.0,0.0,0.0,-1.0,-2.0,-2.0,2.995,-1.0,-2.0,-2.0,1.982,5.416,-0.019,1.041,-1.007,1.973,2.026,6.431,-0.033,-2.141,-1.016,0.995,-3.0,-4.0,1.994,-3.0,0.973,7.304,0.994,12.74,-4.0,-5.0,1.112,7.729,-4.0,1.979,-4.0,5.91,-2.009,-4.0,-5.999,-3.0,5.999,-2.0,-2.999,-4.0,6.975,-3.0,0.0,0.0,0.0,0.0,0.0,0.0,0.0,0.0,0.0,0.0
BtcGF,BTCUSDc,184,20.2427,30.364,4,1.1909,19.94,394,38.0711,1,15,0,0.015,1.1,1.5,0.0,0.5,16385,1,24.309,4,0,1,10,0.5,4.472,2.97,-0.028,5.429,-2.0,0.993,2.976,-3.0,1.496,0.961,-0.508,-2.505,-0.506,-3.0,-0.522,3.482,0.995,0.989,-1.009,-1.028,1.464,-1.501,0.893,-2.51,-0.336,-1.507,-0.5,-3.5,-0.646,-1.5,-0.505,2.05,0.298,-1.505,-4.0,7.041,-2.0,-1.024,-2.0,-3.0,1.403,-3.0,-1.0,-3.999,3.816,4.978,-1.501,2.0,-3.0,0.0,-1.0,0.0,3.167,2.978,-1.0,-1.0,0.0,-1.0,1.494,-1.0,0.0,0.0,0.0,0.0,0.0,-1.0,0.0,0.0,-1.0,0.0,0.0,1.499,-1.0,0.0,0.0,1.498,-2.0,-0.505,1.498,2.144,-2.0,0.5,3.338,0.494,4.959,-0.671,1.494,-3.512,7.431,4.404,-1.516,-1.744,-2.508,-0.503,-3.0,2.094,1.971,6.285,-0.513,1.221,0.989,3.465,1.412,-2.506,5.52,7.093,-1.018,-2.504,-2.502,0.988,-3.504,-2.527,-6.0,1.492,4.597,-2.0,1.851,0.488,4.972,1.995,0.0,0.0,0.0,0.0,0.0,0.0,0.0,0.0,0.0,0.0
BtcGF,BTCUSDc,223,16.1933,24.29,4,1.6189,10.51,417,50.8393,1,15,0,0.015,2.0,1.0,0.0,0.5,16385,1,21.738,0,0,1,20,0.5,2.982,2.979,-2.014,2.286,-1.007,2.985,1.977,-0.029,0.997,-0.013,-1.005,-1.005,-1.004,-1.004,-0.01,1.988,-0.003,-0.007,-3.003,-2.018,-0.023,-0.001,1.585,-3.006,2.969,-0.013,0.999,-4.0,-1.007,0.0,0.995,2.231,3.274,-2.004,-1.448,-1.009,-1.014,1.605,-2.0,-3.0,0.008,0.004,0.969,1.998,1.98,2.986,-0.914,1.0,-3.0,0.0,-1.0,0.0,1.018,1.986,0.995,-1.0,0.0,1.99,0.996,0.991,0.0,0.0,0.0,0.0,0.0,-1.0,0.0,0.0,-1.0,0.0,0.0,0.999,-1.0,0.0,0.0,0.998,-0.014,1.4,0.998,-0.013,-2.0,0.0,1.988,-0.004,4.965,-1.011,-0.004,-2.01,3.936,1.954,-1.017,-2.005,-0.206,1.994,-1.016,0.051,0.976,2.581,-3.009,-1.991,-0.007,1.975,1.99,3.171,1.973,4.032,-0.017,-3.003,-2.002,-0.008,-4.003,3.034,-5.005,-0.953,1.984,3.409,-2.003,-0.008,2.982,0.997,0.0,0.0,0.0,0.0,0.0,0.0,0.0,0.0,0.0,0.0
BtcGF,BTCUSDc,211,23.88,35.82,4,1.5595,26.29,368,32.337,1,15,0,0.015,2.0,2.0,0.0,0.5,16385,1,26.402,6,0,1,15,0.5,5.964,3.952,0.963,-1.0,-1.0,2.16,0.985,-3.0,1.994,1.954,-3.0,-2.007,-0.008,-3.0,1.084,7.623,1.993,-0.008,-0.013,-3.016,-1.022,-1.002,7.254,-2.013,-1.002,-1.009,-0.001,-3.001,1.887,-1.0,-3.0,2.449,1.398,-1.007,-4.0,9.412,-2.0,-2.028,-2.0,-3.0,2.78,-2.0,-1.0,-4.0,3.121,3.977,-1.002,2.998,-3.0,0.0,-1.0,0.0,8.01,3.971,-1.0,-1.0,0.0,-1.0,1.993,-1.0,0.0,0.0,0.0,0.0,0.0,-1.0,0.0,0.0,-1.0,0.0,0.0,1.999,-1.0,0.0,0.0,-1.0,-2.0,-0.007,1.997,-2.0,-1.0,0.992,4.274,0.992,-0.013,-1.984,2.991,4.216,-0.008,0.979,-1.022,-1.8,-2.011,1.996,-3.0,-4.0,2.966,10.772,-0.018,4.01,1.986,4.953,3.341,-5.0,1.013,4.102,2.323,-2.005,-2.003,1.984,-3.006,-1.033,-6.0,-3.0,-0.891,-2.0,-4.0,-1.015,8.973,2.994,0.0,0.0,0.0,0.0,0.0,0.0,0.0,0.0,0.0,0.0
BtcGF,BTCUSDc,219,15.746,23.619,4,0.7152,72.89,349,20.9169,1,15,0,0.015,2.0,3.0,0.0,0.5,16385,1,6.404,11,0,1,15,0.5,1.993,0.991,2.965,0.0,-1.0,-3.0,2.977,-3.0,2.992,0.994,-3.0,-4.0,-3.0,-3.0,-2.0,-2.999,3.322,0.988,-2.01,-6.0,5.487,-4.0,0.991,17.196,-0.003,-4.0,0.999,-2.001,6.865,-0.016,-3.0,12.64,-4.0,-0.011,-4.0,13.08,-2.0,-1.042,-2.0,-3.0,5.57,-2.0,-1.0,-4.0,-4.0,6.964,-4.0,1.999,-3.0,0.0,-1.0,0.0,14.415,5.956,-1.0,-1.0,0.0,-1.0,-1.0,-1.0,0.0,0.0,0.0,0.0,0.0,-1.0,0.0,0.0,-1.0,0.0,0.0,2.998,-1.0,0.0,0.0,-1.0,-2.0,0.99,2.995,-2.0,-1.0,-2.0,1.982,7.945,0.981,-0.969,-1.007,1.973,-0.57,2.985,-1.033,-0.529,-1.016,3.993,-3.0,-4.0,1.994,-3.0,0.973,7.876,0.994,6.928,-4.0,-5.0,3.021,4.674,5.711,-1.008,-1.004,-0.01,-2.009,-4.0,-6.0,-3.0,-5.0,-2.0,-4.0,-4.0,6.975,1.484,0.0,0.0,0.0,0.0,0.0,0.0,0.0,0.0,0.0,0.0
BtcGF,BTCUSDc,194,13.9833,20.975,4,0.6945,76.88,367,22.6158,1,15,0,0.015,1.7,2.5,0.0,0.5,16385,1,4.85,16,0,1,10,0.5,1.494,3.971,2.531,0.0,-2.0,0.656,0.981,-3.0,2.493,0.495,-3.0,-4.0,-3.0,-3.0,-3.0,-0.512,3.397,-0.51,0.985,-6.0,2.848,-4.0,11.529,-1.516,-3.0,-0.511,0.499,-2.501,2.604,-0.515,-3.0,3.057,2.656,-0.509,-4.0,9.783,-2.0,-1.535,-2.0,-3.0,4.175,-3.0,-1.0,-3.999,-4.0,5.47,-4.0,1.499,-3.0,0.0,-1.0,0.0,11.447,4.963,-1.0,-1.0,0.0,-1.0,-1.0,-1.0,0.0,0.0,0.0,0.0,0.0,-1.0,0.0,0.0,-1.0,0.0,0.0,2.499,-1.0,0.0,0.0,-1.0,-2.0,0.492,2.496,-2.0,-1.0,-2.0,1.485,5.575,-0.516,1.89,1.992,-0.022,3.123,1.974,-0.527,-7.0,-1.514,0.496,-3.0,-4.0,1.495,10.199,0.478,14.623,0.495,12.933,-4.0,-4.999,5.837,15.271,-4.0,0.982,-4.0,-0.508,-2.507,-4.0,-6.0,-3.0,4.832,-2.0,-3.999,-4.0,8.975,-3.0,0.0,0.0,0.0,0.0,0.0,0.0,0.0,0.0,0.0,0.0
BtcGF,BTCUSDc,245,9.528,19.056,3,0.7119,18.09,385,38.7013,1,15,0,0.015,1.4,1.5,0.0,0.5,16385,1,15.609,0,0,1,5,0.75,4.472,2.97,-1.52,3.122,-1.0,0.993,2.976,-3.0,1.496,0.961,-0.508,-2.505,-0.506,-3.0,0.478,0.982,0.995,0.989,-1.009,-1.028,1.464,-1.501,-0.01,-2.51,-0.398,-1.507,-0.5,-3.5,-0.414,-1.5,-0.505,2.83,0.079,-1.505,-4.0,4.433,-2.0,-0.024,-2.0,-3.0,0.414,-2.0,-1.0,-2.0,4.732,4.978,-3.0,2.0,-3.0,0.0,0.0,-1.0,2.132,2.978,-1.0,-1.0,0.0,-1.0,1.494,-1.0,0.0,0.0,0.0,0.0,0.0,-1.0,0.0,0.0,-1.0,0.0,0.0,1.499,-1.0,0.0,0.0,1.498,-2.0,3.725,1.498,1.388,-2.0,0.5,3.998,0.494,4.959,0.992,1.494,0.506,7.365,3.42,-1.516,-1.847,-2.508,-0.503,-3.0,-0.027,1.971,5.135,-0.513,-0.568,0.989,3.465,0.767,-2.507,3.018,2.416,-1.018,-2.504,-2.502,4.71,-3.504,-2.527,-5.999,0.375,3.039,-2.0,-0.595,0.488,4.972,1.995,0.0,0.0,0.0,0.0,0.0,0.0,0.0,0.0,0.0,0.0
BtcGF,BTCUSDc,195,14.126,21.189,4,0.7066,76.1,367,22.6158,1,15,0,0.015,2.0,2.5,0.0,0.5,16385,1,5.064,16,0,1,10,0.5,1.494,3.971,2.531,0.0,-2.0,0.656,0.981,-3.0,2.493,0.495,-3.0,-4.0,-3.0,-3.0,-3.0,-0.512,3.397,-0.51,0.985,-6.0,2.848,-4.0,11.529,-1.516,-3.0,-0.511,0.499,-2.501,2.604,-0.515,-3.0,3.057,2.656,-0.509,-4.0,9.783,-2.0,-1.535,-2.0,-3.0,4.175,-3.0,-1.0,-3.999,-4.0,5.47,-4.0,1.499,-3.0,0.0,-1.0,0.0,11.447,4.963,-1.0,-1.0,0.0,-1.0,-1.0,-1.0,0.0,0.0,0.0,0.0,0.0,-1.0,0.0,0.0,-1.0,0.0,0.0,2.499,-1.0,0.0,0.0,-1.0,-2.0,0.492,2.496,-2.0,-1.0,-2.0,1.485,5.575,-0.516,1.89,1.992,-0.022,3.123,1.974,-0.527,-7.0,-1.514,0.496,-3.0,-4.0,1.495,10.199,0.478,14.623,0.495,12.933,-4.0,-4.999,5.837,15.271,-4.0,0.982,-4.0,-0.508,-2.507,-4.0,-6.0,-3.0,5.047,-2.0,-4.0,-4.0,8.975,-3.0,0.0,0.0,0.0,0.0,0.0,0.0,0.0,0.0,0.0,0.0
BtcGF,BTCUSDc,189,17.8007,26.701,4,1.3307,35.27,376,30.8511,1,15,0,0.015,1.4,2.0,0.0,0.5,16385,1,17.283,7,0,1,10,0.5,5.964,3.952,0.963,-1.0,-2.0,2.665,-0.015,-3.0,1.994,1.954,-3.0,-2.007,-0.008,-3.0,-3.0,4.983,1.993,-1.008,-0.013,-3.016,-1.022,-1.002,6.777,-2.013,0.334,-1.009,-0.001,-3.001,1.479,-1.0,-3.0,1.382,1.477,-1.007,-4.0,9.412,-2.0,-2.028,-2.0,-3.0,2.78,-3.0,-1.0,-3.999,2.753,3.977,-1.002,2.998,-3.0,0.0,-1.0,0.0,8.183,3.971,-1.0,-1.0,0.0,-1.0,1.993,-1.0,0.0,0.0,0.0,0.0,0.0,-1.0,0.0,0.0,-1.0,0.0,0.0,1.999,-1.0,0.0,0.0,-1.0,-2.0,-0.007,1.997,-2.0,-1.0,1.337,4.531,0.992,-1.013,0.11,2.991,-3.016,-0.008,0.979,-1.022,-7.0,-2.011,-0.003,-3.0,-4.0,2.966,10.827,-0.018,4.01,1.986,4.953,3.911,-4.999,0.983,13.193,-0.908,-0.014,-4.0,1.984,-3.006,-1.033,-6.0,-3.0,7.224,-2.0,-3.999,-1.015,8.973,2.994,0.0,0.0,0.0,0.0,0.0,0.0,0.0,0.0,0.0,0.0
BtcGF,BTCUSDc,152,25.24,37.86,4,1.0919,52.75,348,25.0,1,15,0,0.015,1.1,2.5,0.0,0.5,16385,1,17.889,10,0,1,20,0.25,1.494,1.492,-0.52,0.0,-1.0,-0.158,1.981,-3.0,2.493,1.495,15.207,-4.0,-3.0,-3.0,-3.0,6.915,3.619,0.49,-1.507,-6.0,2.236,-4.0,6.829,-1.516,-0.502,3.467,0.499,-2.501,1.995,-0.515,-3.0,-2.509,-4.0,3.0,-4.0,21.463,-2.0,-0.535,-2.0,-3.0,9.975,-2.0,-2.0,-4.0,1.176,5.47,0.794,1.499,-3.0,0.0,-1.0,0.0,7.372,4.963,-1.0,-1.0,0.0,-1.0,-1.0,-0.999,0.0,0.0,0.0,0.0,0.0,-1.0,0.0,0.0,-1.0,0.0,0.0,2.499,-1.0,0.0,0.0,-1.0,-2.0,0.491,2.496,-2.0,-2.0,-2.0,1.485,10.773,1.484,-1.476,1.992,0.978,2.126,1.974,-0.527,-2.986,-1.514,0.496,-3.0,-4.0,5.369,14.274,-1.522,-1.463,0.495,8.955,-4.0,-3.999,-0.51,-1.311,3.992,-1.507,0.508,0.872,-3.507,-4.0,-2.0,-5.0,-5.0,-2.999,-1.214,-4.0,8.975,1.499,0.0,0.0,0.0,0.0,0.0,0.0,0.0,0.0,0.0,0.0
BtcGF,BTCUSDc,151,28.9613,43.442,4,2.0758,35.11,365,32.6027,1,15,0,0.015,2.0,2.0,0.0,0.5,16385,1,28.191,6,0,1,20,0.25,5.964,3.952,-1.027,-1.0,-1.0,2.192,0.985,-3.0,1.994,1.954,0.608,-2.007,-0.008,-3.0,-0.768,8.7,1.993,-0.008,-2.006,-3.016,-1.022,-1.002,4.561,-2.013,-1.002,2.38,-0.001,-3.001,0.997,-1.0,-3.0,3.369,-4.0,2.009,-4.0,14.245,-2.0,-1.028,-2.0,-3.0,7.175,-2.0,-2.0,-4.0,2.64,3.977,0.224,2.998,-3.0,0.0,-1.0,0.0,5.145,3.971,-1.0,-1.0,0.0,-1.0,1.993,-0.999,0.0,0.0,0.0,0.0,0.0,-1.0,0.0,0.0,-1.0,0.0,0.0,1.999,-1.0,0.0,0.0,-1.0,-2.0,-0.008,1.997,-2.0,-2.0,1.049,4.21,0.992,4.227,-1.984,2.991,8.442,2.971,0.979,-1.022,-3.68,-2.011,-0.003,-3.0,-4.0,2.966,14.486,-2.018,-1.971,1.986,4.953,0.969,0.765,-1.008,1.136,1.999,-2.005,0.002,1.984,-4.006,-1.033,-2.0,-5.0,-1.979,-2.999,-2.004,-1.015,8.973,2.994,0.0,0.0,0.0,0.0,0.0,0.0,0.0,0.0,0.0,0.0
BtcGF,BTCUSDc,143,13.4333,20.15,4,1.0577,28.56,421,49.4062,1,15,0,0.015,2.0,1.0,0.0,0.5,16385,1,14.396,1,0,1,20,0.25,2.982,2.979,-2.014,-1.0,-1.007,2.985,1.977,-0.029,0.997,-0.013,-1.005,-1.005,-1.004,-1.004,-0.01,1.988,-0.003,-0.007,-3.003,-2.018,-0.023,-0.001,2.435,-3.006,2.969,-0.013,0.999,-4.0,-1.007,0.0,0.995,-0.016,-1.003,-2.004,1.754,-0.011,-1.014,1.605,-2.0,-3.0,1.612,0.004,0.969,1.998,1.98,2.986,-0.914,1.0,-3.0,0.0,-1.0,0.0,1.018,1.986,0.995,-1.0,0.0,1.99,0.996,0.991,0.0,0.0,0.0,0.0,0.0,-1.0,0.0,0.0,-1.0,0.0,0.0,0.999,-1.0,0.0,0.0,0.998,-0.014,2.623,0.998,-0.013,-2.0,0.0,1.988,-0.004,4.965,-1.011,-0.004,-2.01,5.391,3.154,-1.017,-2.005,0.957,1.994,-2.016,-1.862,0.976,3.192,-3.009,-1.991,-0.007,1.975,1.99,5.005,1.973,4.032,-0.017,-3.003,-2.002,-0.008,-5.003,-0.012,-5.005,-0.055,1.984,1.0,-2.003,-0.008,2.982,0.997,0.0,0.0,0.0,0.0,0.0,0.0,0.0,0.0,0.0,0.0
BtcGF,BTCUSDc,108,7.377,14.754,3,0.5865,177.63,393,28.7532,1,15,0,0.015,1.1,2.0,0.0,0.5,16385,1,-11.453,6,0,1,10,0.25,5.964,3.952,0.963,-1.0,-3.0,2.665,-0.015,-3.0,1.994,1.954,-3.0,-2.007,-0.008,-3.0,-4.0,4.983,1.993,-1.008,-0.013,-3.016,-1.022,-1.002,11.901,-2.013,0.334,-1.009,-0.001,-3.001,1.479,-1.0,-3.0,0.382,-5.0,-1.007,-4.0,26.202,-2.0,-2.028,-2.0,-3.0,7.175,-3.0,-2.0,-4.0,2.753,3.977,-1.002,2.998,-3.0,0.0,-1.0,0.0,-2.0,3.971,-1.0,-1.0,0.0,-1.0,1.993,-1.0,0.0,0.0,0.0,0.0,0.0,-1.0,0.0,0.0,-1.0,0.0,0.0,1.999,-1.0,0.0,0.0,-1.0,-2.0,-0.008,1.997,-2.0,-2.0,1.337,4.531,0.992,-1.013,4.436,2.991,-3.016,-0.008,0.979,-1.022,-7.0,-2.011,-0.003,-3.002,-5.0,1.966,4.953,-3.018,-4.002,1.986,4.953,4.725,-5.0,0.983,17.647,-0.908,-0.014,-4.0,1.984,-3.006,-1.033,-6.0,-4.0,-0.07,-3.0,-2.004,-1.015,8.973,2.994,0.0,0.0,0.0,0.0,0.0,0.0,0.0,0.0,0.0,0.0
BtcGF,BTCUSDc,220,16.1933,24.29,4,1.6189,10.51,417,50.8393,1,15,0,0.015,1.1,1.0,0.0,0.5,16385,1,21.738,0,0,1,20,0.5,2.982,2.979,-2.014,2.286,-1.007,2.985,1.977,-0.029,0.997,-0.013,-1.005,-1.005,-1.004,-1.004,-0.01,1.988,-0.003,-0.007,-3.003,-2.018,-0.023,-0.001,1.585,-3.006,2.969,-0.013,0.999,-4.0,-1.007,0.0,0.995,2.231,3.274,-2.004,-1.448,-1.009,-1.014,1.605,-2.0,-3.0,0.008,0.004,0.969,1.998,1.98,2.986,-0.914,1.0,-3.0,0.0,-1.0,0.0,1.018,1.986,0.995,-1.0,0.0,1.99,0.996,0.991,0.0,0.0,0.0,0.0,0.0,-1.0,0.0,0.0,-1.0,0.0,0.0,0.999,-1.0,0.0,0.0,0.998,-0.014,1.4,0.998,-0.013,-2.0,0.0,1.988,-0.004,4.965,-1.011,-0.004,-2.01,3.936,1.954,-1.017,-2.005,-0.206,1.994,-1.016,0.051,0.976,2.581,-3.009,-1.991,-0.007,1.975,1.99,3.171,1.973,4.032,-0.017,-3.003,-2.002,-0.008,-4.003,3.034,-5.005,-0.953,1.984,3.409,-2.003,-0.008,2.982,0.997,0.0,0.0,0.0,0.0,0.0,0.0,0.0,0.0,0.0,0.0
BtcGF,BTCUSDc,93,23.1407,34.711,4,1.091,127.2,382,20.9424,1,15,0,0.015,1.4,2.5,0.0,0.5,16385,1,-9.443,13,0,1,5,0.25,1.494,1.492,2.738,0.0,-2.0,-0.249,0.981,-3.0,2.493,0.495,-3.0,-4.0,-3.0,-3.0,-4.0,-0.512,3.041,-0.51,0.985,-6.0,1.221,-4.0,21.572,-1.516,-3.0,-0.511,0.499,-2.501,7.965,-0.515,-3.0,4.929,-5.0,-0.509,-4.0,40.154,-2.0,-0.535,-2.0,-3.0,4.811,-3.0,-1.0,-4.0,-4.0,5.47,-4.0,1.499,-3.0,0.0,-1.0,0.0,-2.0,4.963,-1.0,-1.0,0.0,-1.0,-1.0,-1.0,0.0,0.0,0.0,0.0,0.0,-1.0,0.0,0.0,-1.0,0.0,0.0,2.499,-1.0,0.0,0.0,-1.0,-2.0,0.492,2.496,-2.0,-2.0,-2.0,1.485,4.18,-0.516,7.23,1.992,0.978,11.787,4.764,-0.527,-2.877,-1.514,2.994,-4.0,-5.0,0.495,-0.519,-2.522,-3.502,0.495,16.093,-4.0,-5.0,9.666,14.347,-4.0,0.982,-1.503,1.213,-2.507,-4.0,-6.0,-5.0,-6.0,-3.0,4.091,-4.0,8.975,-3.0,0.0,0.0,0.0,0.0,0.0,0.0,0.0,0.0,0.0,0.0
BtcGF,BTCUSDc,226,18.0753,27.113,4,1.3771,19.38,384,39.3229,1,15,0,0.015,1.7,1.5,0.0,0.5,16385,1,21.858,2,0,1,20,0.5,4.472,2.97,-1.52,3.747,-1.0,0.994,2.976,-3.0,1.496,0.961,-0.508,-2.505,-0.506,-3.0,-0.522,3.482,0.995,0.989,-2.504,-1.028,1.464,-1.501,0.416,-2.51,-1.501,1.224,-0.5,-3.5,-1.002,-1.5,-0.505,3.587,1.751,0.982,-4.0,6.135,-2.0,-0.024,-2.0,-3.0,1.403,-2.0,-1.0,-4.0,3.766,4.978,-0.345,2.0,-3.0,0.0,-1.0,0.0,1.528,2.978,-1.0,-1.0,0.0,-1.0,1.494,-0.999,0.0,0.0,0.0,0.0,0.0,-1.0,0.0,0.0,-1.0,0.0,0.0,1.499,-1.0,0.0,0.0,1.498,-2.0,-0.505,1.498,2.144,-2.0,0.5,3.132,0.494,4.959,-2.492,1.494,0.898,7.564,4.404,-1.516,-1.874,-2.508,-0.503,-2.0,0.458,1.971,5.979,-2.513,-2.481,0.989,3.465,-0.033,0.0,3.979,0.09,1.484,-2.504,-1.004,0.988,-3.504,-2.527,-2.0,1.255,3.125,-2.0,0.947,0.488,4.972,1.995,0.0,0.0,0.0,0.0,0.0,0.0,0.0,0.0,0.0,0.0
BtcGF,BTCUSDc,137,32.7375,65.475,3,1.7107,83.85,363,19.8347,1,15,0,0.015,1.4,3.0,0.0,0.5,16385,1,10.575,9,0,1,15,0.25,1.993,0.991,2.965,0.0,-1.0,-3.0,2.977,-3.0,2.992,0.994,-3.0,-4.0,-3.0,-3.0,-3.0,-3.0,7.222,0.988,-2.01,-6.0,12.273,-4.0,0.991,29.885,-0.003,-4.0,0.999,-2.001,6.865,-0.016,-3.0,18.34,-4.0,-0.011,-4.0,50.9,-2.0,-1.042,-2.0,-3.0,10.207,-2.0,-2.0,-4.0,-4.0,6.964,-4.0,1.999,-3.0,0.0,-1.0,0.0,-0.999,5.956,-1.0,-1.0,0.0,-1.0,-1.0,-1.0,0.0,0.0,0.0,0.0,0.0,-1.0,0.0,0.0,-1.0,0.0,0.0,2.998,-1.0,0.0,0.0,-1.0,-2.0,0.989,2.995,-2.0,-2.0,-2.0,1.982,15.513,0.981,-0.968,-1.007,1.973,-0.57,2.985,-1.033,-0.529,-1.016,3.993,-4.0,-5.0,1.994,-3.0,-2.027,-0.953,-0.006,7.928,-4.0,-5.0,3.021,4.674,5.711,-1.008,-1.004,-0.01,-3.009,-4.0,-6.0,-5.0,-5.0,-3.0,-5.0,-4.0,6.975,1.484,0.0,0.0,0.0,0.0,0.0,0.0,0.0,0.0,0.0,0.0
BtcGF,BTCUSDc,116,43.9607,65.941,4,1.6067,69.89,381,17.5853,1,15,0,0.015,1.1,3.0,0.0,0.5,16385,1,19.857,15,0,1,10,0.25,1.993,0.991,3.841,0.0,-3.0,-3.0,1.977,-3.0,2.992,0.994,-3.0,-4.0,-3.0,-3.0,-4.0,-4.0,6.529,-0.012,-2.01,-6.0,12.273,-4.0,0.991,26.009,-3.0,-4.0,0.999,-2.001,-1.007,-0.016,-3.0,9.481,-5.0,-0.011,-4.0,43.085,-2.0,-1.042,-2.0,-3.0,12.773,-3.0,-2.0,-4.0,-3.999,6.964,-4.0,1.999,-3.0,0.0,-1.0,0.0,-2.0,5.956,-1.0,-1.0,0.0,-1.0,-1.0,-1.0,0.0,0.0,0.0,0.0,0.0,-1.0,0.0,0.0,-1.0,0.0,0.0,2.998,-1.0,0.0,0.0,-1.0,-2.0,0.989,2.995,-2.0,-2.0,-2.0,1.982,14.268,-0.019,11.558,-1.007,0.973,1.661,2.985,-1.033,-7.0,-1.016,0.995,-1.003,-6.0,0.994,3.325,-2.027,-3.002,0.994,13.774,-4.0,-5.0,16.228,27.644,-4.0,1.979,-4.0,-0.01,-2.009,-4.0,-6.0,-4.0,-5.0,-3.0,-5.0,-4.0,6.976,-3.0,0.0,0.0,0.0,0.0,0.0,0.0,0.0,0.0,0.0,0.0
BtcGF,BTCUSDc,168,36.7008,44.041,5,2.0913,21.38,376,31.383,1,15,0,0.015,1.1,2.0,0.0,0.5,16385,1,34.623,10,0,1,5,0.5,5.964,3.952,0.963,-1.0,-2.0,2.138,-0.015,-3.0,1.994,1.954,-3.0,-2.007,-0.008,-3.0,-3.0,4.983,1.993,-1.008,-0.013,-3.016,-1.022,-1.002,7.254,-2.013,0.212,-1.009,-0.001,-3.001,3.149,-1.0,-3.0,3.04,4.061,-1.007,-4.0,9.412,-2.0,-1.028,-2.0,-3.0,2.78,-3.0,-1.0,-4.0,2.886,3.977,-1.002,2.998,-3.0,0.0,-1.0,0.0,8.183,3.971,-1.0,-1.0,0.0,-1.0,1.993,-1.0,0.0,0.0,0.0,0.0,0.0,-1.0,0.0,0.0,-1.0,0.0,0.0,1.999,-1.0,0.0,0.0,-1.0,-2.0,-0.007,1.997,-2.0,-1.0,1.488,7.045,0.992,-1.013,0.11,2.991,5.885,-0.008,3.116,-1.022,-3.612,-2.011,1.996,-3.0,-4.0,2.966,10.827,-0.018,3.371,1.986,4.953,3.911,-5.0,0.983,8.022,-0.519,-0.014,-2.003,1.984,-3.006,-1.033,-6.0,-3.0,2.027,-2.0,-3.999,-1.015,8.973,2.994,0.0,0.0,0.0,0.0,0.0,0.0,0.0,0.0,0.0,0.0
BtcGF,BTCUSDc,264,8.02,16.04,3,0.5665,21.49,385,38.7013,1,15,0,0.015,1.1,1.5,0.0,0.5,16385,1,12.593,0,0,1,10,0.75,4.472,2.97,-1.52,3.122,-1.0,0.993,2.976,-3.0,1.496,0.961,-0.508,-2.505,-0.506,-3.0,0.478,0.982,0.995,0.989,-1.009,-1.028,1.464,-1.501,-0.01,-2.51,-0.336,-1.507,-0.5,-3.5,-0.646,-1.5,-0.505,2.05,-0.518,-1.505,-4.0,4.433,-2.0,-0.024,-2.0,-3.0,0.414,-2.0,-1.0,-2.0,4.732,4.978,-3.0,2.0,-3.0,0.0,0.0,-1.0,2.132,2.978,-1.0,-1.0,0.0,-1.0,1.494,-1.0,0.0,0.0,0.0,0.0,0.0,-1.0,0.0,0.0,-1.0,0.0,0.0,1.499,-1.0,0.0,0.0,1.498,-2.0,3.725,1.498,1.388,-2.0,0.5,3.338,0.494,4.959,-1.52,1.494,-0.39,6.39,3.42,-1.516,-1.744,-2.508,-0.503,-3.0,-0.027,1.971,5.135,-0.513,-0.404,0.989,3.465,0.767,-2.507,3.018,5.645,-1.018,-2.504,-2.502,4.908,-3.504,-2.527,-5.999,0.255,3.039,-2.0,-0.595,0.488,4.972,1.995,0.0,0.0,0.0,0.0,0.0,0.0,0.0,0.0,0.0,0.0
BtcGF,BTCUSDc,267,8.1285,16.257,3,0.5742,22.28,385,38.7013,1,15,0,0.015,2.0,1.5,0.0,0.5,16385,1,12.635,0,0,1,10,0.75,4.472,2.97,-1.52,3.122,-1.0,0.993,2.976,-3.0,1.496,0.961,-0.508,-2.505,-0.506,-3.0,0.478,0.982,0.995,0.989,-1.009,-1.028,1.464,-1.501,-0.01,-2.51,-0.336,-1.507,-0.5,-3.5,-0.646,-1.5,-0.505,2.05,-0.518,-1.505,-4.0,4.433,-2.0,-0.024,-2.0,-3.0,0.414,-2.0,-1.0,-2.0,4.732,4.978,-3.0,2.0,-3.0,0.0,0.0,-1.0,2.132,2.978,-1.0,-1.0,0.0,-1.0,1.494,-1.0,0.0,0.0,0.0,0.0,0.0,-1.0,0.0,0.0,-1.0,0.0,0.0,1.499,-1.0,0.0,0.0,1.498,-2.0,3.725,1.498,1.388,-2.0,0.5,3.338,0.494,4.959,-1.52,1.494,-0.39,6.39,3.42,-1.516,-1.744,-2.508,-0.503,-3.0,-0.027,1.971,5.135,-0.513,-0.404,0.989,3.465,0.767,-2.507,3.018,5.645,-1.018,-2.504,-2.502,4.908,-3.504,-2.527,-5.999,0.255,3.039,-2.0,-0.378,0.488,4.972,1.995,0.0,0.0,0.0,0.0,0.0,0.0,0.0,0.0,0.0,0.0
BtcGF,BTCUSDc,144,9.0767,13.615,4,0.5653,77.35,392,37.5,1,15,0,0.015,1.1,1.5,0.0,0.5,16385,1,3.084,6,0,1,20,0.25,4.472,2.97,-1.52,-1.0,-1.0,0.993,2.976,-3.0,1.496,0.961,-0.508,-2.505,-0.506,-3.0,-1.522,3.482,0.995,0.989,-2.504,-1.028,1.464,-1.501,0.416,-2.51,-1.501,1.209,-0.5,-3.5,-1.002,-1.5,-0.505,-0.522,-4.0,0.975,-4.0,10.517,-2.0,-0.024,-2.0,-3.0,4.411,-2.0,-2.0,-1.497,3.766,4.978,-0.345,2.0,-3.0,0.0,-1.0,0.0,1.528,2.978,-1.0,-1.0,0.0,-1.0,1.494,-0.999,0.0,0.0,0.0,0.0,0.0,-1.0,0.0,0.0,-1.0,0.0,0.0,1.499,-1.0,0.0,0.0,1.498,-2.0,-0.506,1.498,3.012,-2.0,0.5,3.132,0.494,4.959,-2.492,1.494,2.877,10.53,6.782,-1.516,-1.874,-2.508,-0.503,-3.0,-4.0,1.971,8.332,-2.513,-2.481,0.989,3.465,-0.033,0.0,3.979,0.09,1.484,-2.504,-1.004,0.988,-4.504,-2.527,-2.0,-5.0,2.983,-1.502,-4.0,0.488,4.972,1.995,0.0,0.0,0.0,0.0,0.0,0.0,0.0,0.0,0.0,0.0
BtcGF,BTCUSDc,74,47.2813,70.922,4,2.239,55.31,344,25.2907,1,15,0,0.015,1.7,2.5,0.0,0.5,16385,1,31.694,11,0,1,20,0.0,1.494,1.492,-0.52,0.0,-1.0,-0.158,1.981,-3.0,2.493,1.495,15.207,-4.0,-3.0,-3.0,-3.0,6.915,3.619,0.49,-1.507,-6.0,2.236,-4.0,6.829,-1.516,-0.502,3.507,0.499,-2.501,1.995,-0.515,-3.0,-2.509,-4.0,3.014,-4.0,40.801,-2.0,-0.535,-2.0,-3.0,10.014,-2.0,-2.0,-4.0,-3.0,5.47,0.794,1.499,-3.0,0.0,-1.0,0.0,7.372,4.963,-1.0,-1.0,0.0,-1.0,-1.0,-0.999,0.0,0.0,0.0,0.0,0.0,-1.0,0.0,0.0,-1.0,0.0,0.0,2.499,-1.0,0.0,0.0,-1.0,-2.0,0.491,2.496,-2.0,-2.0,-2.0,1.485,1.483,1.484,-1.476,1.992,0.978,7.059,19.65,-0.527,-2.985,-1.514,0.496,-3.0,-4.0,5.369,14.274,-1.522,-1.463,0.495,8.955,-4.0,-4.0,-0.51,-1.311,3.992,-1.507,0.508,0.872,-3.507,-4.0,-2.0,-5.0,-5.0,-2.999,-1.214,0.488,8.975,1.499,0.0,0.0,0.0,0.0,0.0,0.0,0.0,0.0,0.0,0.0
BtcGF,BTCUSDc,266,8.045,16.09,3,0.5683,21.47,385,38.7013,1,15,0,0.015,1.7,1.5,0.0,0.5,16385,1,12.635,0,0,1,10,0.75,4.472,2.97,-1.52,3.122,-1.0,0.993,2.976,-3.0,1.496,0.961,-0.508,-2.505,-0.506,-3.0,0.478,0.982,0.995,0.989,-1.009,-1.028,1.464,-1.501,-0.01,-2.51,-0.336,-1.507,-0.5,-3.5,-0.646,-1.5,-0.505,2.05,-0.518,-1.505,-4.0,4.433,-2.0,-0.024,-2.0,-3.0,0.414,-2.0,-1.0,-2.0,4.732,4.978,-3.0,2.0,-3.0,0.0,0.0,-1.0,2.132,2.978,-1.0,-1.0,0.0,-1.0,1.494,-1.0,0.0,0.0,0.0,0.0,0.0,-1.0,0.0,0.0,-1.0,0.0,0.0,1.499,-1.0,0.0,0.0,1.498,-2.0,3.725,1.498,1.388,-2.0,0.5,3.338,0.494,4.959,-1.52,1.494,-0.39,6.39,3.42,-1.516,-1.744,-2.508,-0.503,-3.0,-0.027,1.971,5.135,-0.513,-0.404,0.989,3.465,0.767,-2.507,3.018,5.645,-1.018,-2.504,-2.502,4.908,-3.504,-2.527,-5.999,0.255,3.039,-2.0,-0.545,0.488,4.972,1.995,0.0,0.0,0.0,0.0,0.0,0.0,0.0,0.0,0.0,0.0
BtcGF,BTCUSDc,38,16.7625,33.525,3,0.6996,140.63,372,18.2796,1,15,0,0.015,1.7,3.0,0.0,0.5,16385,1,-13.62,11,0,1,10,0.0,1.993,0.991,3.841,0.0,-1.0,-3.0,2.977,-3.0,2.992,0.994,-3.0,-4.0,-3.0,-3.0,-4.0,-4.0,6.529,-0.012,-5.0,-6.0,-0.031,-4.0,-1.009,-1.019,-3.0,-4.0,0.999,-2.001,-1.007,-0.016,-3.0,6.655,-5.0,-0.011,-4.0,44.146,-2.0,-1.042,-2.0,-3.0,0.98,-2.0,-2.0,-4.0,-4.0,6.964,-4.0,1.999,-3.0,0.0,-1.0,0.0,-2.0,5.956,-1.0,-1.0,0.0,-1.0,-1.0,-1.0,0.0,0.0,0.0,0.0,0.0,-1.0,0.0,0.0,-1.0,0.0,0.0,2.998,-1.0,0.0,0.0,-1.0,-2.0,0.989,2.995,-2.0,-2.0,-2.0,1.982,14.268,-0.019,12.967,-1.007,0.973,1.661,2.985,-0.033,-7.0,-1.016,0.995,-1.003,-5.0,0.994,3.325,-2.027,-0.953,0.994,13.774,-4.0,-5.0,28.666,15.667,-4.0,1.979,-4.0,-0.01,-2.009,7.986,-6.0,-4.0,-6.0,-3.0,-4.999,-4.0,6.976,1.559,0.0,0.0,0.0,0.0,0.0,0.0,0.0,0.0,0.0,0.0
BtcGF,BTCUSDc,139,32.743,65.486,3,1.711,83.83,363,19.8347,1,15,0,0.015,2.0,3.0,0.0,0.5,16385,1,10.586,9,0,1,15,0.25,1.993,0.991,2.965,0.0,-1.0,-3.0,2.977,-3.0,2.992,0.994,-3.0,-4.0,-3.0,-3.0,-3.0,-3.0,7.222,0.988,-2.01,-6.0,12.273,-4.0,0.991,29.885,-0.003,-4.0,0.999,-2.001,6.865,-0.016,-3.0,18.351,-4.0,-0.011,-4.0,50.9,-2.0,-1.042,-2.0,-3.0,10.207,-2.0,-2.0,-4.0,-4.0,6.964,-4.0,1.999,-3.0,0.0,-1.0,0.0,-0.999,5.956,-1.0,-1.0,0.0,-1.0,-1.0,-1.0,0.0,0.0,0.0,0.0,0.0,-1.0,0.0,0.0,-1.0,0.0,0.0,2.998,-1.0,0.0,0.0,-1.0,-2.0,0.989,2.995,-2.0,-2.0,-2.0,1.982,15.513,0.981,-0.968,-1.007,1.973,-0.57,2.985,-1.033,-0.529,-1.016,3.993,-4.0,-5.0,1.994,-3.0,-2.027,-0.953,-0.006,7.928,-4.0,-5.0,3.021,4.674,5.711,-1.008,-1.004,-0.01,-3.009,-4.0,-6.0,-5.0,-5.0,-3.0,-5.0,-4.0,6.975,1.484,0.0,0.0,0.0,0.0,0.0,0.0,0.0,0.0,0.0,0.0
BtcGF,BTCUSDc,20,9.5625,19.125,3,1.2692,59.21,424,49.0566,1,15,0,0.015,1.1,1.0,0.0,0.5,16385,1,7.801,3,0,1,10,0.0,2.982,2.979,-1.019,-1.0,-1.006,2.985,1.977,-0.029,0.997,-0.013,-1.005,-1.005,-1.004,-1.004,-0.01,1.988,2.088,-0.007,-3.003,-2.018,-0.023,-0.001,1.119,-3.006,2.969,-0.013,0.999,-4.0,-0.777,0.0,0.995,1.98,-1.003,-2.004,1.807,-1.008,-1.014,2.379,-2.0,-3.0,-1.014,0.004,0.969,-0.003,1.98,2.986,-2.001,1.0,-3.0,0.0,-1.0,0.0,-2.0,1.986,0.995,-1.0,0.0,1.99,0.996,0.991,0.0,0.0,0.0,0.0,0.0,-1.0,0.0,0.0,-1.0,0.0,0.0,0.999,-1.0,0.0,0.0,0.998,-0.014,10.32,0.998,-0.013,-2.0,0.0,1.988,-0.004,4.965,-1.011,-0.004,-2.01,2.979,0.979,-1.017,-2.005,-1.004,1.994,-2.017,-3.01,-0.024,0.982,-4.009,-1.991,-0.007,1.975,1.99,6.014,1.973,3.981,-0.017,-3.003,-3.001,-0.008,-4.003,3.969,-5.005,1.991,2.872,1.216,-2.003,-0.008,2.982,0.997,0.0,0.0,0.0,0.0,0.0,0.0,0.0,0.0,0.0,0.0
BtcGF,BTCUSDc,118,43.96,65.94,4,1.6067,69.89,381,17.5853,1,15,0,0.015,1.7,3.0,0.0,0.5,16385,1,19.856,15,0,1,10,0.25,1.993,0.991,3.841,0.0,-3.0,-3.0,1.977,-3.0,2.992,0.994,-3.0,-4.0,-3.0,-3.0,-4.0,-4.0,6.529,-0.012,-2.01,-6.0,12.273,-4.0,0.991,26.009,-3.0,-4.0,0.999,-2.001,-1.007,-0.016,-3.0,9.481,-5.0,-0.011,-4.0,43.085,-2.0,-1.042,-2.0,-3.0,12.773,-3.0,-2.0,-4.0,-4.0,6.964,-4.0,1.999,-3.0,0.0,-1.0,0.0,-2.0,5.956,-1.0,-1.0,0.0,-1.0,-1.0,-1.0,0.0,0.0,0.0,0.0,0.0,-1.0,0.0,0.0,-1.0,0.0,0.0,2.998,-1.0,0.0,0.0,-1.0,-2.0,0.989,2.995,-2.0,-2.0,-2.0,1.982,14.268,-0.019,11.558,-1.007,0.973,1.661,2.985,-1.033,-7.0,-1.016,0.995,-1.003,-6.0,0.994,3.325,-2.027,-3.002,0.994,13.774,-4.0,-5.0,16.228,27.644,-4.0,1.979,-4.0,-0.01,-2.009,-4.0,-6.0,-4.0,-5.0,-3.0,-5.0,-4.0,6.976,-3.0,0.0,0.0,0.0,0.0,0.0,0.0,0.0,0.0,0.0,0.0
BtcGF,BTCUSDc,288,3.8925,7.785,3,0.3212,66.2,354,31.3559,1,15,0,0.015,1.1,2.0,0.0,0.5,16385,1,2.631,1,0,1,15,0.75,5.964,3.952,-1.027,-1.0,-1.0,2.159,0.985,-3.0,1.994,1.954,-3.0,-2.007,-0.008,-3.0,2.084,4.056,1.993,-0.008,-0.013,-3.016,-1.022,-1.002,4.576,-2.013,-1.002,-1.009,-0.001,-3.001,1.794,-1.0,-3.0,2.446,0.626,-1.007,-4.0,5.148,-2.0,-1.028,-2.0,-3.0,1.334,-2.0,-1.0,-2.0,-1.002,3.977,-3.0,2.998,-3.0,0.0,0.0,-1.0,4.594,3.971,-1.0,-1.0,0.0,-1.0,1.993,-1.0,0.0,0.0,0.0,0.0,0.0,-1.0,0.0,0.0,-1.0,0.0,0.0,1.999,-1.0,0.0,0.0,-1.0,-2.0,-2.0,1.997,-1.0,-2.0,0.992,4.274,0.992,-0.013,-1.984,2.991,3.018,-0.008,-1.002,-1.022,-1.8,-2.011,-0.003,-3.0,-4.0,2.966,8.917,-0.018,1.744,1.986,4.953,2.597,-5.0,-0.979,4.102,2.323,-2.005,-4.0,2.984,-3.005,-1.033,-5.999,-3.0,5.448,-2.0,-3.0,-1.015,8.973,2.994,0.0,0.0,0.0,0.0,0.0,0.0,0.0,0.0,0.0,0.0
BtcGF,BTCUSDc,180,15.831,31.662,3,1.9785,9.66,419,50.8353,1,15,0,0.015,1.1,1.0,0.0,0.5,16385,1,28.605,0,0,1,10,0.5,2.982,2.979,-1.019,2.286,-0.185,2.985,1.977,-0.029,0.997,-0.013,-1.005,-1.005,-1.004,-1.004,-0.01,1.988,2.088,-0.007,-2.006,-2.018,-0.023,-0.001,1.119,-3.006,2.969,-0.013,0.999,-4.0,-0.777,0.0,0.995,1.98,3.116,-2.004,-1.448,-1.009,-1.014,2.362,-2.0,-3.0,0.008,-3.0,0.969,-0.003,1.98,2.986,-2.001,1.0,-3.0,0.0,-1.0,0.0,2.068,1.986,0.995,-1.0,0.0,1.99,0.996,0.991,0.0,0.0,0.0,0.0,0.0,-1.0,0.0,0.0,-1.0,0.0,0.0,0.999,-1.0,0.0,0.0,0.998,-0.014,1.4,0.998,-0.013,-2.0,0.0,1.988,-0.004,4.965,-1.011,-0.004,-2.01,2.979,1.954,-1.017,-2.005,-0.206,1.994,-1.016,1.134,0.976,2.76,1.687,-0.938,-0.007,1.975,1.99,3.318,1.973,5.012,-0.017,-3.003,-3.001,-0.008,-4.003,3.034,-5.005,-0.849,2.872,3.632,-2.003,-0.008,2.982,0.997,0.0,0.0,0.0,0.0,0.0,0.0,0.0,0.0,0.0,0.0
BtcGF,BTCUSDc,145,9.0813,13.622,4,0.5658,77.31,392,37.5,1,15,0,0.015,1.4,1.5,0.0,0.5,16385,1,3.091,6,0,1,20,0.25,4.472,2.97,-1.52,-1.0,-1.0,0.993,2.976,-3.0,1.496,0.961,-0.508,-2.505,-0.506,-3.0,-1.522,3.482,0.995,0.989,-2.504,-1.028,1.464,-1.501,0.416,-2.51,-1.501,1.216,-0.5,-3.5,-1.002,-1.5,-0.505,-0.522,-4.0,0.975,-4.0,10.517,-2.0,-0.024,-2.0,-3.0,4.411,-2.0,-2.0,-1.497,3.766,4.978,-0.345,2.0,-3.0,0.0,-1.0,0.0,1.528,2.978,-1.0,-1.0,0.0,-1.0,1.494,-0.999,0.0,0.0,0.0,0.0,0.0,-1.0,0.0,0.0,-1.0,0.0,0.0,1.499,-1.0,0.0,0.0,1.498,-2.0,-0.506,1.498,3.012,-2.0,0.5,3.132,0.494,4.959,-2.492,1.494,2.877,10.53,6.782,-1.516,-1.874,-2.508,-0.503,-3.0,-4.0,1.971,8.332,-2.513,-2.481,0.989,3.465,-0.033,0.0,3.979,0.09,1.484,-2.504,-1.004,0.988,-4.504,-2.527,-2.0,-5.0,2.983,-1.502,-4.0,0.488,4.972,1.995,0.0,0.0,0.0,0.0,0.0,0.0,0.0,0.0,0.0,0.0
BtcGF,BTCUSDc,92,23.1413,34.712,4,1.0911,127.2,382,20.9424,1,15,0,0.015,1.1,2.5,0.0,0.5,16385,1,-9.442,13,0,1,5,0.25,1.494,1.492,2.738,0.0,-2.0,-0.249,0.981,-3.0,2.493,0.495,-3.0,-4.0,-3.0,-3.0,-4.0,-0.512,3.041,-0.51,0.985,-6.0,1.221,-4.0,21.572,-1.516,-3.0,-0.511,0.499,-2.501,7.965,-0.515,-3.0,4.929,-5.0,-0.509,-4.0,40.154,-2.0,-0.535,-2.0,-3.0,4.811,-3.0,-1.0,-4.0,-4.0,5.47,-4.0,1.499,-3.0,0.0,-1.0,0.0,-2.0,4.963,-1.0,-1.0,0.0,-1.0,-1.0,-1.0,0.0,0.0,0.0,0.0,0.0,-1.0,0.0,0.0,-1.0,0.0,0.0,2.499,-1.0,0.0,0.0,-1.0,-2.0,0.492,2.496,-2.0,-2.0,-2.0,1.485,4.18,-0.516,7.23,1.992,0.978,11.787,4.764,-0.527,-2.877,-1.513,2.994,-4.0,-5.0,0.495,-0.519,-2.522,-3.502,0.495,16.093,-4.0,-5.0,9.666,14.347,-4.0,0.982,-1.503,1.213,-2.507,-4.0,-6.0,-5.0,-6.0,-3.0,4.091,-4.0,8.975,-3.0,0.0,0.0,0.0,0.0,0.0,0.0,0.0,0.0,0.0,0.0
BtcGF,BTCUSDc,292,-1.719,-3.438,3,-0.1168,0.0,342,24.269,1,15,0,0.015,1.1,2.5,0.0,0.5,16385,1,-10.6,8,0,1,15,0.75,1.494,3.971,-0.52,0.0,-1.0,-0.212,1.981,-3.0,2.493,1.495,3.542,-4.0,-3.0,-3.0,-1.0,3.014,3.239,0.49,0.985,-6.0,1.461,-4.0,7.654,-1.516,-0.502,-0.511,0.499,-2.501,3.002,-0.515,-3.0,4.121,1.657,-0.509,-4.0,3.865,-2.0,-0.535,-2.0,-3.0,2.268,-2.0,-1.0,-2.0,-4.0,5.47,-3.0,1.499,-3.0,0.0,0.0,-1.0,6.28,4.963,-1.0,-1.0,0.0,-1.0,-1.0,-1.0,0.0,0.0,0.0,0.0,0.0,-1.0,0.0,0.0,-1.0,0.0,0.0,2.499,-1.0,0.0,0.0,-1.0,-2.0,-2.0,2.496,-1.0,-2.0,-2.0,1.485,3.838,0.484,-1.476,1.992,0.978,1.328,-0.502,-0.527,-1.159,-1.514,0.496,-3.0,-4.0,1.495,8.181,0.478,4.898,0.495,11.438,-4.0,-5.0,-0.474,2.891,4.5,-1.507,-4.0,0.492,-2.506,-4.0,-5.999,-3.0,3.164,-2.0,-3.0,-4.0,8.975,0.501,0.0,0.0,0.0,0.0,0.0,0.0,0.0,0.0,0.0,0.0
BtcGF,BTCUSDc,155,25.2993,37.949,4,1.0944,52.63,348,25.0,1,15,0,0.015,2.0,2.5,0.0,0.5,16385,1,17.978,10,0,1,20,0.25,1.494,1.492,-0.52,0.0,-1.0,-0.158,1.981,-3.0,2.493,1.495,15.207,-4.0,-3.0,-3.0,-3.0,6.915,3.619,0.49,-1.507,-6.0,2.236,-4.0,6.829,-1.516,-0.502,3.527,0.499,-2.501,1.995,-0.515,-3.0,-2.509,-4.0,3.028,-4.0,21.463,-2.0,-0.535,-2.0,-3.0,9.975,-2.0,-2.0,-4.0,1.176,5.47,0.794,1.499,-3.0,0.0,-1.0,0.0,7.372,4.963,-1.0,-1.0,0.0,-1.0,-1.0,-0.999,0.0,0.0,0.0,0.0,0.0,-1.0,0.0,0.0,-1.0,0.0,0.0,2.499,-1.0,0.0,0.0,-1.0,-2.0,0.491,2.496,-2.0,-2.0,-2.0,1.485,10.773,1.485,-1.476,1.992,0.978,2.126,1.974,-0.527,-2.986,-1.514,0.496,-3.0,-4.0,5.369,14.274,-1.522,-1.463,0.495,8.955,-4.0,-3.999,-0.51,-1.311,3.992,-1.507,0.508,0.872,-3.507,-4.0,-2.0,-5.0,-5.0,-2.999,-1.214,-4.0,8.975,1.499,0.0,0.0,0.0,0.0,0.0,0.0,0.0,0.0,0.0,0.0
BtcGF,BTCUSDc,218,15.642,23.463,4,0.7105,73.37,349,20.9169,1,15,0,0.015,1.7,3.0,0.0,0.5,16385,1,6.248,11,0,1,15,0.5,1.993,0.991,2.965,0.0,-1.0,-3.0,2.977,-3.0,2.992,0.994,-3.0,-4.0,-3.0,-3.0,-2.0,-2.999,3.322,0.988,-2.01,-6.0,5.487,-4.0,0.991,17.196,-0.003,-4.0,0.999,-2.001,6.865,-0.016,-3.0,12.637,-4.0,-0.011,-4.0,13.08,-2.0,-1.042,-2.0,-3.0,5.57,-2.0,-1.0,-4.0,-4.0,6.964,-4.0,1.999,-3.0,0.0,-1.0,0.0,14.415,5.956,-1.0,-1.0,0.0,-1.0,-1.0,-1.0,0.0,0.0,0.0,0.0,0.0,-1.0,0.0,0.0,-1.0,0.0,0.0,2.998,-1.0,0.0,0.0,-1.0,-2.0,0.99,2.995,-2.0,-1.0,-2.0,1.982,7.945,0.981,-0.969,-1.007,1.973,-0.57,2.985,-1.033,-0.529,-1.016,3.993,-3.0,-4.0,1.994,-3.0,0.973,7.722,0.994,6.928,-4.0,-5.0,3.021,4.674,5.711,-1.008,-1.004,-0.01,-2.009,-4.0,-6.0,-3.0,-5.0,-2.0,-3.999,-4.0,6.975,1.484,0.0,0.0,0.0,0.0,0.0,0.0,0.0,0.0,0.0,0.0
BtcGF,BTCUSDc,23,9.563,19.126,3,1.2694,59.21,424,49.0566,1,15,0,0.015,2.0,1.0,0.0,0.5,16385,1,7.802,3,0,1,10,0.0,2.982,2.979,-1.019,-1.0,-1.006,2.985,1.977,-0.029,0.997,-0.013,-1.005,-1.005,-1.004,-1.004,-0.01,1.988,2.088,-0.007,-3.003,-2.018,-0.023,-0.001,1.119,-3.006,2.969,-0.013,0.999,-4.0,-0.777,0.0,0.995,1.98,-1.003,-2.004,1.807,-1.008,-1.014,2.379,-2.0,-3.0,-1.014,0.004,0.969,-0.003,1.98,2.986,-2.001,1.0,-3.0,0.0,-1.0,0.0,-2.0,1.986,0.995,-1.0,0.0,1.99,0.996,0.991,0.0,0.0,0.0,0.0,0.0,-1.0,0.0,0.0,-1.0,0.0,0.0,0.999,-1.0,0.0,0.0,0.998,-0.014,10.32,0.998,-0.013,-2.0,0.0,1.988,-0.004,4.965,-1.011,-0.004,-2.01,2.979,0.979,-1.017,-2.005,-1.004,1.994,-2.017,-3.01,-0.024,0.982,-4.009,-1.991,-0.007,1.975,1.99,6.014,1.973,3.981,-0.017,-3.003,-3.001,-0.008,-4.002,3.969,-5.005,1.991,2.872,1.216,-2.003,-0.008,2.982,0.997,0.0,0.0,0.0,0.0,0.0,0.0,0.0,0.0,0.0,0.0
BtcGF,BTCUSDc,64,19.556,29.334,4,1.218,72.01,390,38.2051,1,15,0,0.015,1.1,1.5,0.0,0.5,16385,1,8.211,5,0,1,20,0.0,4.472,2.97,-1.52,4.499,-1.0,0.993,2.976,-3.0,1.496,0.961,-0.508,-2.505,-0.506,-3.0,-1.522,3.482,0.995,0.989,-2.504,-1.028,1.464,-1.501,0.416,-2.51,-1.501,1.209,-0.5,-3.5,-1.002,-1.5,-0.505,-0.522,-4.0,0.975,-4.0,23.139,-2.0,-0.024,-2.0,-3.0,4.432,-2.0,-2.0,-1.497,3.766,4.978,-0.345,2.0,-3.0,0.0,-1.0,0.0,1.528,2.978,-1.0,-1.0,0.0,-1.0,1.494,-0.999,0.0,0.0,0.0,0.0,0.0,-1.0,0.0,0.0,-1.0,0.0,0.0,1.499,-1.0,0.0,0.0,1.498,-2.0,-0.506,1.498,3.012,-2.0,0.5,3.132,0.494,4.959,0.001,1.494,2.877,5.613,6.782,-1.516,-1.873,-2.508,-0.503,-3.0,-4.0,1.971,8.332,-2.513,-2.481,0.989,3.465,-0.033,0.0,3.979,0.09,1.484,-2.504,-1.004,0.988,-4.504,-2.527,-2.0,-5.0,2.983,-1.502,-4.0,0.488,4.972,1.995,0.0,0.0,0.0,0.0,0.0,0.0,0.0,0.0,0.0,0.0
BtcGF,BTCUSDc,120,13.962,20.943,4,0.9949,27.47,424,49.5283,1,15,0,0.015,1.1,1.0,0.0,0.5,16385,1,15.189,1,0,1,15,0.25,2.982,2.979,-1.019,-1.0,-0.631,2.985,1.977,-0.029,0.997,-0.013,-1.005,-1.005,-1.004,-1.004,-0.01,1.988,-0.003,-0.007,-2.006,-2.018,-0.023,-0.001,2.435,-3.006,2.969,-0.013,0.999,-4.0,-0.583,0.0,0.995,2.096,2.992,-2.004,1.754,-0.011,-1.014,2.342,-2.0,-3.0,1.04,0.11,0.969,-0.003,1.98,2.986,-2.001,1.0,-3.0,0.0,-1.0,0.0,2.013,1.986,0.995,-1.0,0.0,1.99,0.996,0.991,0.0,0.0,0.0,0.0,0.0,-1.0,0.0,0.0,-1.0,0.0,0.0,0.999,-1.0,0.0,0.0,0.998,-0.014,2.623,0.998,-0.013,-2.0,0.0,1.988,-0.004,4.965,-1.011,-0.004,-2.01,3.069,3.442,-1.017,-2.005,0.56,1.994,-2.016,-0.1,0.976,3.452,-4.009,-1.991,-0.007,1.975,1.99,3.247,1.973,3.981,-0.017,-3.003,-2.002,-0.008,-5.003,-0.012,-5.005,-4.005,2.49,1.378,-2.003,-0.008,2.982,0.997,0.0,0.0,0.0,0.0,0.0,0.0,0.0,0.0,0.0,0.0
BtcGF,BTCUSDc,147,9.1027,13.654,4,0.5678,77.13,392,37.5,1,15,0,0.015,2.0,1.5,0.0,0.5,16385,1,3.123,6,0,1,20,0.25,4.472,2.97,-1.52,-1.0,-1.0,0.994,2.976,-3.0,1.496,0.961,-0.508,-2.505,-0.506,-3.0,-1.522,3.482,0.995,0.989,-2.504,-1.028,1.464,-1.501,0.416,-2.51,-1.501,1.231,-0.5,-3.5,-1.002,-1.5,-0.505,-0.522,-4.0,0.989,-4.0,10.517,-2.0,-0.024,-2.0,-3.0,4.411,-2.0,-2.0,-1.497,3.766,4.978,-0.345,2.0,-3.0,0.0,-1.0,0.0,1.528,2.978,-1.0,-1.0,0.0,-1.0,1.494,-0.999,0.0,0.0,0.0,0.0,0.0,-1.0,0.0,0.0,-1.0,0.0,0.0,1.499,-1.0,0.0,0.0,1.498,-2.0,-0.506,1.498,3.012,-2.0,0.5,3.132,0.494,4.959,-2.492,1.494,2.879,10.53,6.782,-1.516,-1.874,-2.508,-0.503,-3.0,-4.0,1.971,8.332,-2.513,-2.481,0.989,3.465,-0.033,0.0,3.979,0.09,1.484,-2.504,-1.004,0.988,-4.504,-2.527,-2.0,-5.0,2.983,-1.502,-4.0,0.488,4.972,1.995,0.0,0.0,0.0,0.0,0.0,0.0,0.0,0.0,0.0,0.0
BtcGF,BTCUSDc,105,8.6753,13.013,4,0.5525,124.27,408,35.2941,1,15,0,0.015,1.4,1.5,0.0,0.5,16385,1,-3.158,10,0,1,10,0.25,4.472,2.97,-0.028,-1.0,-3.0,0.993,2.976,-3.0,1.496,0.961,-0.508,-2.505,-0.506,-3.0,-1.522,3.482,0.995,0.989,-1.009,-1.028,1.464,-1.501,3.585,-2.51,-0.336,-1.507,-0.5,-3.5,-0.646,-1.5,-0.505,2.05,-5.0,-1.505,-4.0,17.158,-2.0,-1.024,-2.0,-3.0,4.411,-3.0,-2.0,-4.0,3.816,4.978,-1.501,2.0,-3.0,0.0,-1.0,0.0,-2.0,2.978,-1.0,-1.0,0.0,-1.0,1.494,-1.0,0.0,0.0,0.0,0.0,0.0,-1.0,0.0,0.0,-1.0,0.0,0.0,1.499,-1.0,0.0,0.0,1.498,-2.0,-0.506,1.498,4.394,-2.0,0.5,3.338,0.494,4.959,1.876,1.494,-3.512,10.519,7.353,-1.516,-1.744,-2.508,-0.503,-3.502,-5.0,0.971,2.46,-3.513,-4.501,0.989,3.465,1.812,-2.507,8.546,10.124,-1.018,-2.504,-2.502,0.988,-3.504,-2.527,-6.0,-4.0,6.024,-1.503,-4.0,0.488,4.972,1.995,0.0,0.0,0.0,0.0,0.0,0.0,0.0,0.0,0.0,0.0
BtcGF,BTCUSDc,19,84.509,169.018,3,4.8292,71.98,377,18.5676,1,15,0,0.015,2.0,3.0,0.0,0.5,16385,1,47.357,14,0,1,5,0.0,1.993,1.991,4.161,0.0,-2.0,-3.0,1.977,-3.0,2.992,0.994,-3.0,-4.0,-3.0,-3.0,-4.0,-4.0,0.394,-0.012,-2.01,-6.0,2.826,-4.0,0.991,67.213,-3.0,-4.0,0.999,-2.001,-1.007,-0.016,-3.0,4.926,-5.0,-0.011,-5.0,-2.034,-2.0,-0.042,-2.0,-3.0,6.359,-3.0,-1.0,-3.999,-4.0,6.964,1.058,1.999,-3.0,0.0,-1.0,0.0,10.19,5.956,-1.0,-1.0,0.0,-1.0,-1.0,-1.0,0.0,0.0,0.0,0.0,0.0,-1.0,0.0,0.0,-1.0,0.0,0.0,2.998,-1.0,0.0,0.0,-1.0,-2.0,-0.011,2.995,-2.0,-2.0,-2.0,1.982,5.914,-0.019,10.567,-1.007,1.973,117.661,6.431,-1.033,-2.141,-1.016,3.993,-4.0,-5.0,0.994,8.017,-2.027,-3.002,0.994,6.928,-4.0,-5.0,14.731,20.124,-4.0,1.979,-1.004,6.178,-2.009,-4.0,-5.999,-5.0,-5.0,-3.0,-5.0,-4.0,6.976,-3.0,0.0,0.0,0.0,0.0,0.0,0.0,0.0,0.0,0.0,0.0
BtcGF,BTCUSDc,178,18.2535,36.507,3,1.1838,59.01,360,19.1667,1,15,0,0.015,1.7,3.0,0.0,0.5,16385,1,14.966,16,0,1,5,0.5,1.993,1.991,4.161,0.0,-2.0,-3.0,1.977,-3.0,2.992,0.994,-3.0,-4.0,-3.0,-3.0,-3.0,-4.0,0.394,-0.012,-2.009,-6.0,2.826,-4.0,0.991,17.196,-3.0,-4.0,0.999,-2.001,-1.007,-0.016,-3.0,4.77,-4.0,-0.011,-4.0,13.08,-2.0,-0.042,-2.0,-3.0,5.57,-3.0,-1.0,-4.0,-4.0,6.964,-4.0,1.999,-3.0,0.0,-1.0,0.0,14.711,5.956,-1.0,-1.0,0.0,-1.0,-1.0,-1.0,0.0,0.0,0.0,0.0,0.0,-1.0,0.0,0.0,-1.0,0.0,0.0,2.998,-1.0,0.0,0.0,-1.0,-2.0,0.99,2.995,-2.0,-1.0,-2.0,1.982,5.914,-0.019,3.67,-1.007,1.973,4.708,6.431,-1.033,-2.141,-1.016,3.993,-3.0,-4.0,1.994,-3.0,0.973,17.541,0.994,6.928,-4.0,-5.0,8.875,11.912,-4.0,1.979,-1.004,6.178,-2.009,-4.0,-6.0,-3.0,8.266,-2.0,-3.999,-4.0,6.975,-3.0,0.0,0.0,0.0,0.0,0.0,0.0,0.0,0.0,0.0,0.0
BtcGF,BTCUSDc,246,9.553,19.106,3,0.7138,18.08,385,38.7013,1,15,0,0.015,1.7,1.5,0.0,0.5,16385,1,15.651,0,0,1,5,0.75,4.472,2.97,-1.52,3.122,-1.0,0.993,2.976,-3.0,1.496,0.961,-0.508,-2.505,-0.506,-3.0,0.478,0.982,0.995,0.989,-1.009,-1.028,1.464,-1.501,-0.01,-2.51,-0.398,-1.507,-0.5,-3.5,-0.414,-1.5,-0.505,2.83,0.079,-1.505,-4.0,4.433,-2.0,-0.024,-2.0,-3.0,0.414,-2.0,-1.0,-2.0,4.732,4.978,-3.0,2.0,-3.0,0.0,0.0,-1.0,2.132,2.978,-1.0,-1.0,0.0,-1.0,1.494,-1.0,0.0,0.0,0.0,0.0,0.0,-1.0,0.0,0.0,-1.0,0.0,0.0,1.499,-1.0,0.0,0.0,1.498,-2.0,3.725,1.498,1.388,-2.0,0.5,3.998,0.494,4.959,0.992,1.494,0.506,7.365,3.42,-1.516,-1.847,-2.508,-0.503,-3.0,-0.027,1.971,5.135,-0.513,-0.568,0.989,3.465,0.767,-2.507,3.018,2.416,-1.018,-2.504,-2.502,4.71,-3.504,-2.527,-5.999,0.375,3.039,-2.0,-0.545,0.488,4.972,1.995,0.0,0.0,0.0,0.0,0.0,0.0,0.0,0.0,0.0,0.0
BtcGF,BTCUSDc,302,13.606,20.409,4,1.4728,8.73,415,51.3253,1,15,0,0.015,1.7,1.0,0.0,0.5,16385,1,18.628,0,0,1,20,0.75,2.982,2.979,-2.014,1.511,-1.007,2.985,1.977,-0.029,0.997,-0.013,-1.005,-1.005,-1.004,-1.004,-0.01,1.988,2.401,-0.007,-3.003,-2.018,-0.023,-0.001,1.3,-3.006,2.969,-0.013,0.999,-4.0,-1.007,0.0,0.995,2.11,2.652,-2.004,-2.32,1.458,-1.014,1.32,-2.0,-3.0,-0.52,0.004,0.969,1.998,1.98,2.986,-0.914,1.0,-3.0,0.0,0.0,-1.0,1.018,1.986,0.995,-1.0,0.0,1.99,0.996,0.991,0.0,0.0,0.0,0.0,0.0,-1.0,0.0,0.0,-1.0,0.0,0.0,0.999,-1.0,0.0,0.0,0.998,-0.014,0.655,0.998,-0.013,-2.0,0.0,1.988,-0.004,4.965,-1.011,-0.004,-2.01,3.457,1.458,-1.017,-2.005,-0.594,1.994,-1.016,-1.058,0.976,2.356,-3.009,-1.991,-0.007,1.975,1.99,2.542,1.973,4.032,-0.017,-3.003,-3.001,2.773,-4.003,2.398,-5.004,-2.556,1.984,2.672,-2.003,-0.008,2.982,0.997,0.0,0.0,0.0,0.0,0.0,0.0,0.0,0.0,0.0,0.0
BtcGF,BTCUSDc,153,25.2533,37.88,4,1.0924,52.72,348,25.0,1,15,0,0.015,1.4,2.5,0.0,0.5,16385,1,17.909,10,0,1,20,0.25,1.494,1.492,-0.52,0.0,-1.0,-0.158,1.981,-3.0,2.493,1.495,15.207,-4.0,-3.0,-3.0,-3.0,6.915,3.619,0.49,-1.507,-6.0,2.236,-4.0,6.829,-1.516,-0.502,3.487,0.499,-2.501,1.995,-0.515,-3.0,-2.509,-4.0,3.0,-4.0,21.463,-2.0,-0.535,-2.0,-3.0,9.975,-2.0,-2.0,-4.0,1.176,5.47,0.794,1.499,-3.0,0.0,-1.0,0.0,7.372,4.963,-1.0,-1.0,0.0,-1.0,-1.0,-0.999,0.0,0.0,0.0,0.0,0.0,-1.0,0.0,0.0,-1.0,0.0,0.0,2.499,-1.0,0.0,0.0,-1.0,-2.0,0.491,2.496,-2.0,-2.0,-2.0,1.485,10.773,1.484,-1.476,1.992,0.978,2.126,1.974,-0.527,-2.986,-1.514,0.496,-3.0,-4.0,5.369,14.274,-1.522,-1.463,0.495,8.955,-4.0,-3.999,-0.51,-1.311,3.992,-1.507,0.508,0.872,-3.507,-4.0,-2.0,-5.0,-5.0,-2.999,-1.214,-4.0,8.975,1.499,0.0,0.0,0.0,0.0,0.0,0.0,0.0,0.0,0.0,0.0
BtcGF,BTCUSDc,280,10.4825,20.965,3,1.5131,8.76,415,51.0843,1,15,0,0.015,1.1,1.0,0.0,0.5,16385,1,19.129,0,0,1,15,0.75,2.982,2.979,-2.014,1.511,-0.631,2.985,1.977,-0.029,0.997,-0.013,-1.005,-1.005,-1.004,-1.004,-0.01,1.988,2.401,-0.007,-2.006,-2.018,-0.023,-0.001,1.3,-3.006,2.969,-0.013,0.999,-4.0,-0.627,0.0,0.995,2.096,2.563,-2.004,-2.32,-1.009,-1.014,1.806,-2.0,-3.0,-0.52,0.11,0.969,-0.003,1.98,2.986,-3.0,1.0,-3.0,0.0,0.0,-1.0,1.405,1.986,0.995,-1.0,0.0,1.99,0.996,0.991,0.0,0.0,0.0,0.0,0.0,-1.0,0.0,0.0,-1.0,0.0,0.0,0.999,-1.0,0.0,0.0,0.998,-0.014,0.655,0.998,-0.013,-2.0,0.0,1.988,-0.004,4.965,-1.011,-0.004,-2.01,3.069,1.458,-1.017,-2.005,-0.594,1.994,-1.016,-0.7,0.976,2.369,0.725,-1.991,-0.007,1.975,1.99,2.539,1.973,3.981,-0.017,-3.003,-3.001,2.773,-4.002,2.398,-5.004,-2.479,2.377,3.019,-2.003,-0.008,2.982,0.997,0.0,0.0,0.0,0.0,0.0,0.0,0.0,0.0,0.0,0.0
BtcGF,BTCUSDc,301,13.58,20.37,4,1.47,8.74,415,51.3253,1,15,0,0.015,1.4,1.0,0.0,0.5,16385,1,18.589,0,0,1,20,0.75,2.982,2.979,-2.014,1.511,-1.007,2.985,1.977,-0.029,0.997,-0.013,-1.005,-1.005,-1.004,-1.004,-0.01,1.988,2.401,-0.007,-3.003,-2.018,-0.023,-0.001,1.3,-3.006,2.969,-0.013,0.999,-4.0,-1.007,0.0,0.995,2.11,2.652,-2.004,-2.32,1.451,-1.014,1.32,-2.0,-3.0,-0.52,0.004,0.969,1.998,1.98,2.986,-0.914,1.0,-3.0,0.0,0.0,-1.0,1.018,1.986,0.995,-1.0,0.0,1.99,0.996,0.991,0.0,0.0,0.0,0.0,0.0,-1.0,0.0,0.0,-1.0,0.0,0.0,0.999,-1.0,0.0,0.0,0.998,-0.014,0.655,0.998,-0.013,-2.0,0.0,1.988,-0.004,4.965,-1.011,-0.004,-2.01,3.457,1.458,-1.017,-2.005,-0.594,1.994,-1.016,-1.058,0.976,2.356,-3.009,-1.991,-0.007,1.975,1.99,2.542,1.973,4.032,-0.017,-3.003,-3.001,2.773,-4.003,2.398,-5.004,-2.556,1.984,2.64,-2.003,-0.008,2.982,0.997,0.0,0.0,0.0,0.0,0.0,0.0,0.0,0.0,0.0,0.0
BtcGF,BTCUSDc,131,38.5933,46.312,5,1.8545,66.44,380,31.0526,1,15,0,0.015,2.0,2.0,0.0,0.5,16385,1,15.541,5,0,1,15,0.25,5.964,3.952,0.963,-1.0,-1.0,2.16,0.985,-3.0,1.994,1.954,-3.0,-2.007,-0.008,-3.0,0.084,7.984,1.993,-0.008,-0.013,-3.016,-1.022,-1.002,12.861,-2.013,-1.002,-1.009,-0.001,-3.001,1.887,-1.0,-3.0,2.449,1.398,-1.007,-4.0,29.765,-2.0,-2.028,-2.0,-3.0,5.609,-2.0,-2.0,-4.0,3.121,3.977,-1.002,2.998,-3.0,0.0,-1.0,0.0,-0.999,3.971,-1.0,-1.0,0.0,-1.0,1.993,-1.0,0.0,0.0,0.0,0.0,0.0,-1.0,0.0,0.0,-1.0,0.0,0.0,1.999,-1.0,0.0,0.0,-1.0,-2.0,-0.008,1.997,-2.0,-2.0,0.992,4.274,0.992,-0.013,-1.983,2.991,5.776,-0.008,0.979,-1.022,-1.8,-2.011,1.996,-4.0,-5.0,2.966,15.548,-3.018,-1.971,1.986,4.953,3.341,-5.0,1.013,4.102,2.323,-2.005,-2.003,1.984,-4.006,-1.033,-6.0,-5.0,-0.891,-3.0,-2.004,-1.015,8.973,2.994,0.0,0.0,0.0,0.0,0.0,0.0,0.0,0.0,0.0,0.0
BtcGF,BTCUSDc,127,16.4987,24.748,4,1.1299,75.1,405,36.7901,1,15,0,0.015,2.0,1.5,0.0,0.5,16385,1,6.162,8,0,1,15,0.25,4.472,2.97,-0.028,-1.0,-1.0,0.994,2.976,-3.0,1.496,0.961,-0.508,-2.505,-0.506,-3.0,-1.522,3.482,0.995,0.989,-1.009,-1.028,1.464,-1.501,3.585,-2.51,-1.501,-1.507,-0.5,-3.5,-0.345,-1.5,-0.505,2.76,0.196,-1.505,-4.0,18.572,-2.0,-1.024,-2.0,-3.0,3.34,-2.0,-2.0,-4.0,3.981,4.978,-1.501,2.0,-3.0,0.0,-1.0,0.0,3.081,2.978,-1.0,-1.0,0.0,-1.0,1.494,-1.0,0.0,0.0,0.0,0.0,0.0,-1.0,0.0,0.0,-1.0,0.0,0.0,1.499,-1.0,0.0,0.0,1.498,-2.0,-0.506,1.498,4.394,-2.0,0.5,3.173,0.494,4.959,-2.492,1.494,1.974,9.432,7.353,-1.516,-1.452,-2.508,0.996,-4.0,-5.0,1.971,8.992,-3.513,-2.481,0.989,3.465,1.132,-2.507,3.979,1.485,1.634,-2.504,-1.004,0.988,-4.504,-2.527,-6.0,-5.0,5.152,-1.503,-4.0,0.488,4.972,1.995,0.0,0.0,0.0,0.0,0.0,0.0,0.0,0.0,0.0,0.0
BtcGF,BTCUSDc,213,18.3258,21.991,5,0.6353,58.13,357,24.3697,1,15,0,0.015,1.4,2.5,0.0,0.5,16385,1,9.208,12,0,1,15,0.5,1.494,3.971,1.967,0.0,-1.0,-0.212,1.981,-3.0,2.493,0.495,-3.0,-4.0,-3.0,-3.0,-2.0,4.553,3.397,0.49,0.985,-6.0,2.848,-4.0,12.729,-1.516,-0.502,-0.511,0.499,-2.501,3.119,-0.515,-3.0,4.121,2.6,-0.509,-4.0,9.783,-2.0,-1.535,-2.0,-3.0,4.175,-2.0,-1.0,-4.0,-4.0,5.47,-4.0,1.499,-3.0,0.0,-1.0,0.0,11.212,4.963,-1.0,-1.0,0.0,-1.0,-1.0,-1.0,0.0,0.0,0.0,0.0,0.0,-1.0,0.0,0.0,-1.0,0.0,0.0,2.499,-1.0,0.0,0.0,-1.0,-2.0,0.492,2.496,-2.0,-1.0,-2.0,1.485,5.575,0.484,-1.476,1.992,0.978,1.328,1.974,-0.527,-1.159,-1.514,2.994,-3.0,-4.0,1.495,12.811,0.478,7.832,0.495,13.357,-4.0,-5.0,2.016,2.891,4.5,-1.507,-1.503,-0.508,-2.507,-4.0,-6.0,-3.0,-5.0,-2.0,-3.999,-4.0,8.975,0.501,0.0,0.0,0.0,0.0,0.0,0.0,0.0,0.0,0.0,0.0
BtcGF,BTCUSDc,272,-3.4523,-10.357,2,-0.3151,0.0,350,22.8571,1,15,0,0.015,1.1,2.5,0.0,0.5,16385,1,-19.191,9,0,1,10,0.75,1.494,3.971,0.044,0.0,-1.0,0.656,0.981,-3.0,2.493,1.495,3.542,-4.0,-3.0,-3.0,-2.0,3.784,3.239,-0.51,0.985,-6.0,1.461,-4.0,7.654,-1.516,-3.0,-0.511,0.499,-2.501,2.604,-0.515,-3.0,3.057,1.393,-0.509,-4.0,3.865,-2.0,-0.535,-2.0,-3.0,2.268,-2.0,-1.0,-2.0,-3.999,5.47,-3.0,1.499,-3.0,0.0,0.0,-1.0,6.28,4.963,-1.0,-1.0,0.0,-1.0,-1.0,-1.0,0.0,0.0,0.0,0.0,0.0,-1.0,0.0,0.0,-1.0,0.0,0.0,2.499,-1.0,0.0,0.0,-1.0,-2.0,-2.0,2.496,-1.0,-2.0,-2.0,1.485,3.838,-0.516,-0.146,1.992,0.978,3.123,-0.502,-0.527,-7.0,-1.514,0.496,-3.0,-4.0,1.495,7.53,0.478,7.332,0.495,11.438,-4.0,-5.0,0.424,11.277,-4.0,0.982,-4.0,0.492,-2.507,-4.0,-5.999,-3.0,3.428,-2.0,-3.0,-4.0,8.975,-3.0,0.0,0.0,0.0,0.0,0.0,0.0,0.0,0.0,0.0,0.0
BtcGF,BTCUSDc,204,21.6253,32.438,4,1.3105,18.67,395,38.7342,1,15,0,0.015,1.1,1.5,0.0,0.5,16385,1,26.383,4,0,1,15,0.5,4.472,2.97,-0.028,5.429,-1.0,0.993,2.976,-3.0,1.496,0.961,-0.508,-2.505,-0.506,-3.0,-0.522,3.482,0.995,0.989,-1.009,-1.028,1.464,-1.501,0.893,-2.51,-1.501,-1.507,-0.5,-3.5,-0.345,-1.5,-0.505,2.76,0.196,-1.505,-4.0,7.041,-2.0,-1.024,-2.0,-3.0,1.403,-2.0,-1.0,-4.0,3.981,4.978,-1.501,2.0,-3.0,0.0,-1.0,0.0,3.081,2.978,-1.0,-1.0,0.0,-1.0,1.494,-1.0,0.0,0.0,0.0,0.0,0.0,-1.0,0.0,0.0,-1.0,0.0,0.0,1.499,-1.0,0.0,0.0,1.498,-2.0,-0.505,1.498,2.144,-2.0,0.5,3.173,0.494,4.959,-2.492,1.494,0.901,7.614,4.404,-1.516,-1.452,-2.508,0.996,-3.0,2.063,1.971,6.248,-0.513,1.221,0.989,3.465,1.132,-2.507,3.979,1.485,1.634,-2.504,-1.004,0.988,-3.504,-2.527,-6.0,2.738,3.978,-2.0,0.423,0.488,4.972,1.995,0.0,0.0,0.0,0.0,0.0,0.0,0.0,0.0,0.0,0.0
BtcGF,BTCUSDc,307,16.5358,19.843,5,0.8945,18.25,378,39.6825,1,15,0,0.015,2.0,1.5,0.0,0.5,16385,1,16.221,0,0,1,20,0.75,4.472,2.97,-1.52,2.594,-1.0,0.994,2.976,-3.0,1.496,0.961,-0.508,-2.505,-0.506,-3.0,0.478,0.982,0.995,0.989,-2.504,-1.028,1.464,-1.501,-0.01,-2.51,-1.501,1.231,-0.5,-3.5,-1.002,-1.5,-0.505,2.847,0.849,0.989,-4.0,6.183,-2.0,-0.024,-2.0,-3.0,0.414,-2.0,-1.0,-2.0,4.721,4.978,-0.345,2.0,-3.0,0.0,0.0,-1.0,1.528,2.978,-1.0,-1.0,0.0,-1.0,1.494,-0.999,0.0,0.0,0.0,0.0,0.0,-1.0,0.0,0.0,-1.0,0.0,0.0,1.499,-1.0,0.0,0.0,1.498,-2.0,3.725,1.498,1.388,-2.0,0.5,3.132,0.494,4.959,-2.492,1.494,-0.097,6.588,3.42,-1.516,-1.874,-2.508,-0.503,-2.0,-0.533,1.971,5.114,-2.513,-2.481,0.989,3.465,-0.033,0.0,2.485,0.09,1.484,-2.504,-2.502,4.908,-3.504,-2.527,-2.0,-0.883,2.42,-2.0,-0.378,0.488,4.972,1.995,0.0,0.0,0.0,0.0,0.0,0.0,0.0,0.0,0.0,0.0
BtcGF,BTCUSDc,135,40.7008,48.841,5,1.3526,87.95,370,22.973,1,15,0,0.015,2.0,2.5,0.0,0.5,16385,1,5.886,9,0,1,15,0.25,1.494,3.971,1.967,0.0,-1.0,-0.212,1.981,-3.0,2.493,0.495,-3.0,-4.0,-3.0,-3.0,-3.0,5.534,3.871,0.49,0.985,-6.0,6.995,-4.0,21.877,-1.516,-0.502,-0.511,0.499,-2.501,3.119,-0.515,-3.0,4.132,2.6,-0.509,-4.0,38.955,-2.0,-1.535,-2.0,-3.0,7.909,-2.0,-2.0,-4.0,-4.0,5.47,-4.0,1.499,-3.0,0.0,-1.0,0.0,-0.999,4.963,-1.0,-1.0,0.0,-1.0,-1.0,-1.0,0.0,0.0,0.0,0.0,0.0,-1.0,0.0,0.0,-1.0,0.0,0.0,2.499,-1.0,0.0,0.0,-1.0,-2.0,0.491,2.496,-2.0,-2.0,-2.0,1.485,10.773,0.484,-1.475,1.992,0.978,1.328,1.974,-0.527,-1.159,-1.514,2.994,-4.0,-5.0,1.495,25.711,-2.522,-1.463,-0.505,6.44,-4.0,-5.0,2.016,2.891,4.5,-1.507,-1.503,-0.508,-3.507,-4.0,-6.0,-5.0,-5.0,-3.0,-1.491,-4.0,8.975,0.501,0.0,0.0,0.0,0.0,0.0,0.0,0.0,0.0,0.0,0.0
BtcGF,BTCUSDc,294,-1.682,-3.364,3,-0.1143,0.0,342,24.269,1,15,0,0.015,1.7,2.5,0.0,0.5,16385,1,-10.526,8,0,1,15,0.75,1.494,3.971,-0.52,0.0,-1.0,-0.212,1.981,-3.0,2.493,1.495,3.542,-4.0,-3.0,-3.0,-1.0,3.014,3.239,0.49,0.985,-6.0,1.461,-4.0,7.654,-1.516,-0.502,-0.511,0.499,-2.501,3.002,-0.515,-3.0,4.126,1.657,-0.509,-4.0,3.865,-2.0,-0.535,-2.0,-3.0,2.268,-2.0,-1.0,-2.0,-4.0,5.47,-3.0,1.499,-3.0,0.0,0.0,-1.0,6.28,4.963,-1.0,-1.0,0.0,-1.0,-1.0,-1.0,0.0,0.0,0.0,0.0,0.0,-1.0,0.0,0.0,-1.0,0.0,0.0,2.499,-1.0,0.0,0.0,-1.0,-2.0,-2.0,2.496,-1.0,-2.0,-2.0,1.485,3.838,0.484,-1.476,1.992,0.978,1.328,-0.502,-0.527,-1.159,-1.514,0.496,-3.0,-4.0,1.495,8.181,0.478,4.967,0.495,11.438,-4.0,-5.0,-0.474,2.891,4.5,-1.507,-4.0,0.492,-2.506,-4.0,-5.999,-3.0,3.164,-2.0,-3.0,-4.0,8.975,0.501,0.0,0.0,0.0,0.0,0.0,0.0,0.0,0.0,0.0,0.0
BtcGF,BTCUSDc,250,8.9427,13.414,4,0.6516,40.0,359,30.9192,1,15,0,0.015,1.7,2.0,0.0,0.5,16385,1,8.048,2,0,1,5,0.75,5.964,3.952,-1.027,-1.0,-1.0,2.138,-0.015,-3.0,1.994,1.954,-3.0,-2.007,-0.008,-3.0,2.391,4.578,1.993,-1.008,-0.013,-3.016,-1.022,-1.002,4.576,-2.013,0.212,-1.009,-0.001,-3.001,1.794,-1.0,-3.0,3.04,1.422,-1.007,-4.0,5.148,-2.0,-1.028,-2.0,-3.0,1.334,-2.0,-1.0,-2.0,-1.002,3.977,-3.0,2.998,-3.0,0.0,0.0,-1.0,4.594,3.971,-1.0,-1.0,0.0,-1.0,1.993,-1.0,0.0,0.0,0.0,0.0,0.0,-1.0,0.0,0.0,-1.0,0.0,0.0,1.999,-1.0,0.0,0.0,-1.0,-2.0,-2.0,1.997,-1.0,-2.0,1.405,5.558,0.992,-1.013,-1.333,2.991,4.35,-0.008,1.135,-1.022,-3.612,-2.011,-0.003,-3.0,-4.0,2.966,8.917,-0.018,1.277,1.986,4.953,2.597,-5.0,-0.264,5.809,-0.563,-0.014,-4.0,2.984,-3.006,-1.033,-5.999,-3.0,5.6,-2.0,-2.999,-1.015,8.973,2.994,0.0,0.0,0.0,0.0,0.0,0.0,0.0,0.0,0.0,0.0
BtcGF,BTCUSDc,96,34.3913,51.587,4,1.433,109.48,378,17.7249,1,15,0,0.015,1.1,3.0,0.0,0.5,16385,1,-4.893,13,0,1,5,0.25,1.993,1.991,4.161,0.0,-2.0,-3.0,1.977,-3.0,2.992,0.994,-3.0,-4.0,-3.0,-3.0,-4.0,-4.0,0.394,-0.012,-2.01,-6.0,2.826,-4.0,0.991,29.397,-3.0,-4.0,0.999,-2.001,-1.007,-0.016,-3.0,3.926,-5.0,-0.011,-4.0,52.48,-2.0,-0.042,-2.0,-3.0,6.359,-3.0,-1.0,-4.0,-4.0,6.964,-4.0,1.999,-3.0,0.0,-1.0,0.0,-2.0,5.956,-1.0,-1.0,0.0,-1.0,-1.0,-1.0,0.0,0.0,0.0,0.0,0.0,-1.0,0.0,0.0,-1.0,0.0,0.0,2.998,-1.0,0.0,0.0,-1.0,-2.0,0.99,2.995,-2.0,-2.0,-2.0,1.982,5.914,-0.019,10.567,-1.007,1.973,12.71,6.431,-1.033,-2.141,-1.015,3.993,-4.0,-5.0,0.994,-3.0,-2.027,-3.002,0.994,6.928,-4.0,-5.0,14.731,19.212,-4.0,1.979,-1.004,6.178,-2.009,-4.0,-6.0,-5.0,-6.0,-3.0,-5.0,-4.0,6.975,-3.0,0.0,0.0,0.0,0.0,0.0,0.0,0.0,0.0,0.0,0.0
BtcGF,BTCUSDc,146,9.0933,13.64,4,0.5669,77.21,392,37.5,1,15,0,0.015,1.7,1.5,0.0,0.5,16385,1,3.109,6,0,1,20,0.25,4.472,2.97,-1.52,-1.0,-1.0,0.994,2.976,-3.0,1.496,0.961,-0.508,-2.505,-0.506,-3.0,-1.522,3.482,0.995,0.989,-2.504,-1.028,1.464,-1.501,0.416,-2.51,-1.501,1.224,-0.5,-3.5,-1.002,-1.5,-0.505,-0.522,-4.0,0.982,-4.0,10.517,-2.0,-0.024,-2.0,-3.0,4.411,-2.0,-2.0,-1.497,3.766,4.978,-0.345,2.0,-3.0,0.0,-1.0,0.0,1.528,2.978,-1.0,-1.0,0.0,-1.0,1.494,-0.999,0.0,0.0,0.0,0.0,0.0,-1.0,0.0,0.0,-1.0,0.0,0.0,1.499,-1.0,0.0,0.0,1.498,-2.0,-0.506,1.498,3.012,-2.0,0.5,3.132,0.494,4.959,-2.492,1.494,2.879,10.53,6.782,-1.516,-1.874,-2.508,-0.503,-3.0,-4.0,1.971,8.332,-2.513,-2.481,0.989,3.465,-0.033,0.0,3.979,0.09,1.484,-2.504,-1.004,0.988,-4.504,-2.527,-2.0,-5.0,2.983,-1.502,-4.0,0.488,4.972,1.995,0.0,0.0,0.0,0.0,0.0,0.0,0.0,0.0,0.0,0.0
BtcGF,BTCUSDc,61,16.7,25.05,4,1.315,47.85,420,50.0,1,15,0,0.015,1.4,1.0,0.0,0.5,16385,1,13.064,1,0,1,20,0.0,2.982,2.979,-2.014,2.778,-1.007,2.985,1.977,-0.029,0.997,-0.013,-1.005,-1.005,-1.004,-1.004,-0.01,1.988,2.002,-0.007,-3.003,-2.018,-0.023,-0.001,0.985,-3.006,2.969,-0.013,0.999,-4.0,-1.007,0.0,0.995,-0.016,-1.003,-2.004,7.986,1.007,-1.014,1.605,-2.0,-3.0,1.623,0.004,0.969,1.998,1.98,2.986,-0.914,1.0,-3.0,0.0,-1.0,0.0,1.018,1.986,0.995,-1.0,0.0,1.99,0.996,0.991,0.0,0.0,0.0,0.0,0.0,-1.0,0.0,0.0,-1.0,0.0,0.0,0.999,-1.0,0.0,0.0,0.998,-0.014,0.97,0.998,-0.013,-2.0,0.0,1.988,-0.004,4.965,-1.011,-0.004,-2.01,2.979,3.154,-1.017,0.007,1.334,1.994,-2.016,-1.862,0.976,3.192,-3.009,-1.991,-0.007,1.975,1.99,-0.007,1.973,4.032,-0.017,-3.003,-2.002,-0.008,-5.003,-0.012,-5.005,-0.061,1.984,1.0,-2.003,-0.008,2.982,0.997,0.0,0.0,0.0,0.0,0.0,0.0,0.0,0.0,0.0,0.0
BtcGF,BTCUSDc,251,8.942,13.413,4,0.6516,40.01,359,30.9192,1,15,0,0.015,2.0,2.0,0.0,0.5,16385,1,8.047,2,0,1,5,0.75,5.964,3.952,-1.027,-1.0,-1.0,2.138,-0.015,-3.0,1.994,1.954,-3.0,-2.007,-0.008,-3.0,2.391,4.578,1.993,-1.008,-0.013,-3.016,-1.022,-1.002,4.576,-2.013,0.212,-1.009,-0.001,-3.001,1.794,-1.0,-3.0,3.04,1.422,-1.007,-4.0,5.148,-2.0,-1.028,-2.0,-3.0,1.334,-2.0,-1.0,-2.0,-1.002,3.977,-3.0,2.998,-3.0,0.0,0.0,-1.0,4.594,3.971,-1.0,-1.0,0.0,-1.0,1.993,-1.0,0.0,0.0,0.0,0.0,0.0,-1.0,0.0,0.0,-1.0,0.0,0.0,1.999,-1.0,0.0,0.0,-1.0,-2.0,-2.0,1.997,-1.0,-2.0,1.405,5.558,0.992,-1.013,-1.333,2.991,4.35,-0.008,1.135,-1.022,-3.612,-2.011,-0.003,-3.0,-4.0,2.966,8.917,-0.018,1.277,1.986,4.953,2.597,-5.0,-0.264,5.809,-0.563,-0.014,-4.0,2.984,-3.006,-1.033,-5.999,-3.0,5.6,-2.0,-3.0,-1.015,8.973,2.994,0.0,0.0,0.0,0.0,0.0,0.0,0.0,0.0,0.0,0.0
BtcGF,BTCUSDc,316,10.797,21.594,3,0.8718,39.55,315,22.5397,1,15,0,0.015,1.1,3.0,0.0,0.5,16385,1,13.054,13,0,1,20,0.75,1.993,1.991,-0.02,0.0,-1.0,-2.0,2.977,-3.0,2.992,1.994,-2.0,-4.0,-3.0,-3.0,-1.0,-2.0,2.023,0.988,-5.0,-6.0,3.219,-4.0,0.991,6.997,-0.003,-3.0,0.999,-2.001,5.522,-0.016,-3.0,2.867,5.401,4.311,-4.0,12.087,-2.0,-0.042,-2.0,-3.0,3.2,-2.0,-1.0,-2.0,2.065,6.964,1.363,1.999,-3.0,0.0,0.0,-1.0,6.478,5.956,-1.0,-1.0,0.0,-1.0,-1.0,-0.999,0.0,0.0,0.0,0.0,0.0,-1.0,0.0,0.0,-1.0,0.0,0.0,2.998,-1.0,0.0,0.0,-1.0,-2.0,-2.0,2.995,-1.0,-2.0,-2.0,1.982,5.416,1.981,-0.969,-0.007,1.973,8.032,-0.003,-0.033,-2.292,-1.016,0.995,-2.0,-4.0,6.505,-3.0,-1.027,-0.953,0.994,11.439,-4.0,-3.0,-3.0,-0.763,5.012,-1.008,-2.0,4.59,-2.009,-4.0,-2.0,-4.0,4.073,-2.0,-3.0,-4.0,6.975,2.418,0.0,0.0,0.0,0.0,0.0,0.0,0.0,0.0,0.0,0.0
BtcGF,BTCUSDc,291,3.8945,7.789,3,0.3214,66.17,354,31.3559,1,15,0,0.015,2.0,2.0,0.0,0.5,16385,1,2.635,1,0,1,15,0.75,5.964,3.952,-1.027,-1.0,-1.0,2.16,0.985,-3.0,1.994,1.954,-3.0,-2.007,-0.008,-3.0,2.084,4.056,1.993,-0.008,-0.013,-3.016,-1.022,-1.002,4.576,-2.013,-1.002,-1.009,-0.001,-3.001,1.794,-1.0,-3.0,2.449,0.626,-1.007,-4.0,5.148,-2.0,-1.028,-2.0,-3.0,1.334,-2.0,-1.0,-2.0,-1.002,3.977,-3.0,2.998,-3.0,0.0,0.0,-1.0,4.594,3.971,-1.0,-1.0,0.0,-1.0,1.993,-1.0,0.0,0.0,0.0,0.0,0.0,-1.0,0.0,0.0,-1.0,0.0,0.0,1.999,-1.0,0.0,0.0,-1.0,-2.0,-2.0,1.997,-1.0,-2.0,0.992,4.274,0.992,-0.013,-1.984,2.991,3.018,-0.008,-1.002,-1.022,-1.8,-2.011,-0.003,-3.0,-4.0,2.966,8.917,-0.018,1.744,1.986,4.953,2.597,-5.0,-0.979,4.102,2.323,-2.005,-4.0,2.984,-3.005,-1.033,-5.999,-3.0,5.448,-2.0,-3.0,-1.015,8.973,2.994,0.0,0.0,0.0,0.0,0.0,0.0,0.0,0.0,0.0,0.0
BtcGF,BTCUSDc,315,6.956,13.912,3,0.5336,49.35,326,26.0736,1,15,0,0.015,2.0,2.5,0.0,0.5,16385,1,7.047,9,0,1,20,0.75,1.494,1.492,-0.52,0.0,-1.0,-0.158,1.981,-3.0,2.493,1.495,10.538,-4.0,-3.0,-3.0,-1.0,3.682,3.239,0.49,-1.507,-6.0,1.461,-4.0,5.953,-1.516,-0.502,3.527,0.499,-2.501,1.995,-0.515,-3.0,-1.509,3.238,3.028,-4.0,9.666,-2.0,-0.535,-2.0,-3.0,2.268,-2.0,-1.0,-2.0,1.176,5.47,0.794,1.499,-3.0,0.0,0.0,-1.0,5.069,4.963,-1.0,-1.0,0.0,-1.0,-1.0,-0.999,0.0,0.0,0.0,0.0,0.0,-1.0,0.0,0.0,-1.0,0.0,0.0,2.499,-1.0,0.0,0.0,-1.0,-2.0,-2.0,2.496,-1.0,-2.0,-2.0,1.485,3.838,1.484,-1.476,1.992,0.978,5.869,-0.502,-0.527,-2.986,-1.514,0.496,-2.0,-4.0,5.369,6.294,-1.522,-1.463,0.495,8.955,-4.0,-3.0,-3.0,-1.311,3.992,-1.507,0.508,1.872,-2.507,-4.0,-2.0,-4.0,2.883,-2.0,-3.0,-4.0,8.975,1.499,0.0,0.0,0.0,0.0,0.0,0.0,0.0,0.0,0.0,0.0
BtcGF,BTCUSDc,174,25.152,37.728,4,1.4692,39.78,365,23.0137,1,15,0,0.015,1.7,2.5,0.0,0.5,16385,1,22.72,18,0,1,5,0.5,1.494,1.492,2.738,0.0,-2.0,-0.249,0.981,-3.0,2.493,0.495,-3.0,-4.0,-3.0,-3.0,-3.0,-0.512,3.041,-0.51,0.985,-6.0,1.221,-4.0,12.729,-1.516,-3.0,-0.511,0.499,-2.501,4.711,-0.515,-3.0,5.929,6.26,-0.509,-4.0,9.783,-2.0,-0.535,-2.0,-3.0,4.175,-3.0,-1.0,-4.0,-4.0,5.47,-4.0,1.499,-3.0,0.0,-1.0,0.0,11.447,4.963,-1.0,-1.0,0.0,-1.0,-1.0,-1.0,0.0,0.0,0.0,0.0,0.0,-1.0,0.0,0.0,-1.0,0.0,0.0,2.499,-1.0,0.0,0.0,-1.0,-2.0,0.492,2.496,-2.0,-1.0,-2.0,1.485,4.18,-0.516,1.89,1.992,0.978,5.491,4.764,-0.527,-2.877,-1.514,2.994,-3.0,-4.0,1.495,12.92,0.478,13.506,0.495,13.357,-4.0,-5.0,5.837,8.47,-4.0,0.982,-1.503,1.213,-2.507,-4.0,-6.0,-3.0,5.135,-2.0,-3.999,-4.0,8.975,-3.0,0.0,0.0,0.0,0.0,0.0,0.0,0.0,0.0,0.0,0.0
BtcGF,BTCUSDc,249,8.942,13.413,4,0.6516,40.01,359,30.9192,1,15,0,0.015,1.4,2.0,0.0,0.5,16385,1,8.047,2,0,1,5,0.75,5.964,3.952,-1.027,-1.0,-1.0,2.138,-0.015,-3.0,1.994,1.954,-3.0,-2.007,-0.008,-3.0,2.391,4.578,1.993,-1.008,-0.013,-3.016,-1.022,-1.002,4.576,-2.013,0.212,-1.009,-0.001,-3.001,1.794,-1.0,-3.0,3.04,1.422,-1.007,-4.0,5.148,-2.0,-1.028,-2.0,-3.0,1.334,-2.0,-1.0,-2.0,-1.002,3.977,-3.0,2.998,-3.0,0.0,0.0,-1.0,4.594,3.971,-1.0,-1.0,0.0,-1.0,1.993,-1.0,0.0,0.0,0.0,0.0,0.0,-1.0,0.0,0.0,-1.0,0.0,0.0,1.999,-1.0,0.0,0.0,-1.0,-2.0,-2.0,1.997,-1.0,-2.0,1.405,5.558,0.992,-1.013,-1.333,2.991,4.35,-0.008,1.135,-1.022,-3.612,-2.011,-0.003,-3.0,-4.0,2.966,8.917,-0.018,1.277,1.986,4.953,2.597,-5.0,-0.264,5.809,-0.563,-0.014,-4.0,2.984,-3.006,-1.033,-5.999,-3.0,5.6,-2.0,-3.0,-1.015,8.973,2.994,0.0,0.0,0.0,0.0,0.0,0.0,0.0,0.0,0.0,0.0
BtcGF,BTCUSDc,274,-3.4523,-10.357,2,-0.3151,0.0,350,22.8571,1,15,0,0.015,1.7,2.5,0.0,0.5,16385,1,-19.191,9,0,1,10,0.75,1.494,3.971,0.044,0.0,-1.0,0.656,0.981,-3.0,2.493,1.495,3.542,-4.0,-3.0,-3.0,-2.0,3.784,3.239,-0.51,0.985,-6.0,1.461,-4.0,7.654,-1.516,-3.0,-0.511,0.499,-2.501,2.604,-0.515,-3.0,3.057,1.393,-0.509,-4.0,3.865,-2.0,-0.535,-2.0,-3.0,2.268,-2.0,-1.0,-2.0,-4.0,5.47,-3.0,1.499,-3.0,0.0,0.0,-1.0,6.28,4.963,-1.0,-1.0,0.0,-1.0,-1.0,-1.0,0.0,0.0,0.0,0.0,0.0,-1.0,0.0,0.0,-1.0,0.0,0.0,2.499,-1.0,0.0,0.0,-1.0,-2.0,-2.0,2.496,-1.0,-2.0,-2.0,1.485,3.838,-0.516,-0.146,1.992,0.978,3.123,-0.502,-0.527,-7.0,-1.514,0.496,-3.0,-4.0,1.495,7.53,0.478,7.332,0.495,11.438,-4.0,-5.0,0.424,11.277,-4.0,0.982,-4.0,0.492,-2.507,-4.0,-5.999,-3.0,3.428,-2.0,-2.999,-4.0,8.975,-3.0,0.0,0.0,0.0,0.0,0.0,0.0,0.0,0.0,0.0,0.0
BtcGF,BTCUSDc,214,18.3683,22.042,5,0.6367,57.99,357,24.3697,1,15,0,0.015,1.7,2.5,0.0,0.5,16385,1,9.259,12,0,1,15,0.5,1.494,3.971,1.967,0.0,-1.0,-0.212,1.981,-3.0,2.493,0.495,-3.0,-4.0,-3.0,-3.0,-2.0,4.553,3.397,0.49,0.985,-6.0,2.848,-4.0,12.729,-1.516,-0.502,-0.511,0.499,-2.501,3.119,-0.515,-3.0,4.126,2.6,-0.509,-4.0,9.783,-2.0,-1.535,-2.0,-3.0,4.175,-2.0,-1.0,-4.0,-4.0,5.47,-4.0,1.499,-3.0,0.0,-1.0,0.0,11.212,4.963,-1.0,-1.0,0.0,-1.0,-1.0,-1.0,0.0,0.0,0.0,0.0,0.0,-1.0,0.0,0.0,-1.0,0.0,0.0,2.499,-1.0,0.0,0.0,-1.0,-2.0,0.492,2.496,-2.0,-1.0,-2.0,1.485,5.575,0.484,-1.476,1.992,0.978,1.328,1.974,-0.527,-1.159,-1.514,2.994,-3.0,-4.0,1.495,12.811,0.478,7.878,0.495,13.357,-4.0,-5.0,2.016,2.891,4.5,-1.507,-1.503,-0.508,-2.507,-4.0,-6.0,-3.0,-5.0,-2.0,-3.999,-4.0,8.975,0.501,0.0,0.0,0.0,0.0,0.0,0.0,0.0,0.0,0.0,0.0
BtcGF,BTCUSDc,132,40.6917,48.83,5,1.3523,87.97,370,22.973,1,15,0,0.015,1.1,2.5,0.0,0.5,16385,1,5.875,9,0,1,15,0.25,1.494,3.971,1.967,0.0,-1.0,-0.212,1.981,-3.0,2.493,0.495,-3.0,-4.0,-3.0,-3.0,-3.0,5.534,3.871,0.49,0.985,-6.0,6.995,-4.0,21.877,-1.516,-0.502,-0.511,0.499,-2.501,3.119,-0.515,-3.0,4.121,2.6,-0.509,-4.0,38.955,-2.0,-1.535,-2.0,-3.0,7.909,-2.0,-2.0,-4.0,-4.0,5.47,-4.0,1.499,-3.0,0.0,-1.0,0.0,-0.999,4.963,-1.0,-1.0,0.0,-1.0,-1.0,-1.0,0.0,0.0,0.0,0.0,0.0,-1.0,0.0,0.0,-1.0,0.0,0.0,2.499,-1.0,0.0,0.0,-1.0,-2.0,0.491,2.496,-2.0,-2.0,-2.0,1.485,10.773,0.484,-1.475,1.992,0.978,1.328,1.974,-0.527,-1.159,-1.514,2.994,-4.0,-5.0,1.495,25.711,-2.522,-1.463,-0.505,6.44,-4.0,-5.0,2.016,2.891,4.5,-1.507,-1.503,-0.508,-3.507,-4.0,-6.0,-5.0,-5.0,-3.0,-1.491,-4.0,8.975,0.501,0.0,0.0,0.0,0.0,0.0,0.0,0.0,0.0,0.0,0.0
BtcGF,BTCUSDc,173,25.072,37.608,4,1.4577,39.91,365,23.0137,1,15,0,0.015,1.4,2.5,0.0,0.5,16385,1,22.6,18,0,1,5,0.5,1.494,1.492,2.738,0.0,-2.0,-0.249,0.981,-3.0,2.493,0.495,-3.0,-4.0,-3.0,-3.0,-3.0,-0.512,3.041,-0.51,0.985,-6.0,1.221,-4.0,12.729,-1.516,-3.0,-0.511,0.499,-2.501,4.711,-0.515,-3.0,5.929,6.26,-0.509,-4.0,9.783,-2.0,-0.535,-2.0,-3.0,4.175,-3.0,-1.0,-4.0,-4.0,5.47,-4.0,1.499,-3.0,0.0,-1.0,0.0,11.447,4.963,-1.0,-1.0,0.0,-1.0,-1.0,-1.0,0.0,0.0,0.0,0.0,0.0,-1.0,0.0,0.0,-1.0,0.0,0.0,2.499,-1.0,0.0,0.0,-1.0,-2.0,0.492,2.496,-2.0,-1.0,-2.0,1.485,4.18,-0.516,1.89,1.992,0.978,5.491,4.764,-0.527,-2.877,-1.514,2.994,-3.0,-4.0,1.495,12.92,0.478,13.506,0.495,13.357,-4.0,-5.0,5.837,8.47,-4.0,0.982,-1.503,1.213,-2.507,-4.0,-6.0,-3.0,5.015,-2.0,-3.999,-4.0,8.975,-3.0,0.0,0.0,0.0,0.0,0.0,0.0,0.0,0.0,0.0,0.0
BtcGF,BTCUSDc,169,36.745,44.094,5,2.0991,21.36,376,31.383,1,15,0,0.015,1.4,2.0,0.0,0.5,16385,1,34.676,10,0,1,5,0.5,5.964,3.952,0.963,-1.0,-2.0,2.138,-0.015,-3.0,1.994,1.954,-3.0,-2.007,-0.008,-3.0,-3.0,4.983,1.993,-1.008,-0.013,-3.016,-1.022,-1.002,7.254,-2.013,0.212,-1.009,-0.001,-3.001,3.149,-1.0,-3.0,3.04,4.061,-1.007,-4.0,9.412,-2.0,-1.028,-2.0,-3.0,2.78,-3.0,-1.0,-4.0,2.886,3.977,-1.002,2.998,-3.0,0.0,-1.0,0.0,8.183,3.971,-1.0,-1.0,0.0,-1.0,1.993,-1.0,0.0,0.0,0.0,0.0,0.0,-1.0,0.0,0.0,-1.0,0.0,0.0,1.999,-1.0,0.0,0.0,-1.0,-2.0,-0.007,1.997,-2.0,-1.0,1.488,7.045,0.992,-1.013,0.11,2.991,5.885,-0.008,3.116,-1.022,-3.612,-2.011,1.996,-3.0,-4.0,2.966,10.827,-0.018,3.371,1.986,4.953,3.911,-5.0,0.983,8.022,-0.519,-0.014,-2.003,1.984,-3.006,-1.033,-6.0,-3.0,2.08,-2.0,-3.999,-1.015,8.973,2.994,0.0,0.0,0.0,0.0,0.0,0.0,0.0,0.0,0.0,0.0
BtcGF,BTCUSDc,227,18.0847,27.127,4,1.3788,19.37,384,39.3229,1,15,0,0.015,2.0,1.5,0.0,0.5,16385,1,21.872,2,0,1,20,0.5,4.472,2.97,-1.52,3.747,-1.0,0.994,2.976,-3.0,1.496,0.961,-0.508,-2.505,-0.506,-3.0,-0.522,3.482,0.995,0.989,-2.504,-1.028,1.464,-1.501,0.416,-2.51,-1.501,1.231,-0.5,-3.5,-1.002,-1.5,-0.505,3.587,1.751,0.989,-4.0,6.135,-2.0,-0.024,-2.0,-3.0,1.403,-2.0,-1.0,-4.0,3.766,4.978,-0.345,2.0,-3.0,0.0,-1.0,0.0,1.528,2.978,-1.0,-1.0,0.0,-1.0,1.494,-0.999,0.0,0.0,0.0,0.0,0.0,-1.0,0.0,0.0,-1.0,0.0,0.0,1.499,-1.0,0.0,0.0,1.498,-2.0,-0.505,1.498,2.144,-2.0,0.5,3.132,0.494,4.959,-2.492,1.494,0.898,7.564,4.404,-1.516,-1.874,-2.508,-0.503,-2.0,0.458,1.971,5.979,-2.513,-2.481,0.989,3.465,-0.033,0.0,3.979,0.09,1.484,-2.504,-1.004,0.988,-3.504,-2.527,-2.0,1.255,3.125,-2.0,0.947,0.488,4.972,1.995,0.0,0.0,0.0,0.0,0.0,0.0,0.0,0.0,0.0,0.0
BtcGF,BTCUSDc,314,6.884,13.768,3,0.5259,49.86,326,26.0736,1,15,0,0.015,1.7,2.5,0.0,0.5,16385,1,6.903,9,0,1,20,0.75,1.494,1.492,-0.52,0.0,-1.0,-0.158,1.981,-3.0,2.493,1.495,10.538,-4.0,-3.0,-3.0,-1.0,3.682,3.239,0.49,-1.507,-6.0,1.461,-4.0,5.953,-1.516,-0.502,3.507,0.499,-2.501,1.995,-0.515,-3.0,-1.509,3.238,3.014,-4.0,9.666,-2.0,-0.535,-2.0,-3.0,2.268,-2.0,-1.0,-2.0,1.176,5.47,0.794,1.499,-3.0,0.0,0.0,-1.0,5.069,4.963,-1.0,-1.0,0.0,-1.0,-1.0,-0.999,0.0,0.0,0.0,0.0,0.0,-1.0,0.0,0.0,-1.0,0.0,0.0,2.499,-1.0,0.0,0.0,-1.0,-2.0,-2.0,2.496,-1.0,-2.0,-2.0,1.485,3.838,1.484,-1.476,1.992,0.978,5.869,-0.502,-0.527,-2.986,-1.514,0.496,-2.0,-4.0,5.369,6.294,-1.522,-1.463,0.495,8.955,-4.0,-3.0,-3.0,-1.311,3.992,-1.507,0.508,1.872,-2.507,-4.0,-2.0,-4.0,2.772,-2.0,-2.999,-4.0,8.975,1.499,0.0,0.0,0.0,0.0,0.0,0.0,0.0,0.0,0.0,0.0
BtcGF,BTCUSDc,224,18.058,27.087,4,1.3743,19.4,384,39.3229,1,15,0,0.015,1.1,1.5,0.0,0.5,16385,1,21.833,2,0,1,20,0.5,4.472,2.97,-1.52,3.747,-1.0,0.993,2.976,-3.0,1.496,0.961,-0.508,-2.505,-0.506,-3.0,-0.522,3.482,0.995,0.989,-2.504,-1.028,1.464,-1.501,0.416,-2.51,-1.501,1.209,-0.5,-3.5,-1.002,-1.5,-0.505,3.587,1.751,0.975,-4.0,6.135,-2.0,-0.024,-2.0,-3.0,1.403,-2.0,-1.0,-4.0,3.766,4.978,-0.345,2.0,-3.0,0.0,-1.0,0.0,1.528,2.978,-1.0,-1.0,0.0,-1.0,1.494,-0.999,0.0,0.0,0.0,0.0,0.0,-1.0,0.0,0.0,-1.0,0.0,0.0,1.499,-1.0,0.0,0.0,1.498,-2.0,-0.505,1.498,2.144,-2.0,0.5,3.132,0.494,4.959,-2.492,1.494,0.896,7.564,4.404,-1.516,-1.874,-2.508,-0.503,-2.0,0.458,1.971,5.979,-2.513,-2.481,0.989,3.465,-0.033,0.0,3.979,0.09,1.484,-2.504,-1.004,0.988,-3.504,-2.527,-2.0,1.254,3.125,-2.0,0.947,0.488,4.972,1.995,0.0,0.0,0.0,0.0,0.0,0.0,0.0,0.0,0.0,0.0
BtcGF,BTCUSDc,207,21.6393,32.459,4,1.3113,18.65,395,38.7342,1,15,0,0.015,2.0,1.5,0.0,0.5,16385,1,26.404,4,0,1,15,0.5,4.472,2.97,-0.028,5.429,-1.0,0.994,2.976,-3.0,1.496,0.961,-0.508,-2.505,-0.506,-3.0,-0.522,3.482,0.995,0.989,-1.009,-1.028,1.464,-1.501,0.893,-2.51,-1.501,-1.507,-0.5,-3.5,-0.345,-1.5,-0.505,2.76,0.196,-1.505,-4.0,7.041,-2.0,-1.024,-2.0,-3.0,1.403,-2.0,-1.0,-4.0,3.981,4.978,-1.501,2.0,-3.0,0.0,-1.0,0.0,3.081,2.978,-1.0,-1.0,0.0,-1.0,1.494,-1.0,0.0,0.0,0.0,0.0,0.0,-1.0,0.0,0.0,-1.0,0.0,0.0,1.499,-1.0,0.0,0.0,1.498,-2.0,-0.505,1.498,2.144,-2.0,0.5,3.173,0.494,4.959,-2.492,1.494,0.901,7.614,4.404,-1.516,-1.452,-2.508,0.996,-3.0,2.063,1.971,6.248,-0.513,1.221,0.989,3.465,1.132,-2.507,3.979,1.485,1.634,-2.504,-1.004,0.988,-3.504,-2.527,-6.0,2.738,3.978,-2.0,0.443,0.488,4.972,1.995,0.0,0.0,0.0,0.0,0.0,0.0,0.0,0.0,0.0,0.0
BtcGF,BTCUSDc,269,2.633,7.899,2,0.2612,65.25,360,30.8333,1,15,0,0.015,1.4,2.0,0.0,0.5,16385,1,2.745,1,0,1,10,0.75,5.964,3.952,-1.027,-1.0,-1.0,2.665,-0.015,-3.0,1.994,1.954,-3.0,-2.007,-0.008,-3.0,2.391,4.578,1.993,-1.008,-0.013,-3.016,-1.022,-1.002,4.576,-2.013,0.334,-1.009,-0.001,-3.001,1.479,-1.0,-3.0,1.382,0.437,-1.007,-4.0,5.148,-2.0,-1.028,-2.0,-3.0,1.334,-2.0,-1.0,-2.0,-1.001,3.977,-3.0,2.998,-3.0,0.0,0.0,-1.0,4.594,3.971,-1.0,-1.0,0.0,-1.0,1.993,-1.0,0.0,0.0,0.0,0.0,0.0,-1.0,0.0,0.0,-1.0,0.0,0.0,1.999,-1.0,0.0,0.0,-1.0,-2.0,-2.0,1.997,-1.0,-2.0,1.337,4.531,0.992,-1.013,-1.333,2.991,3.189,-0.008,-1.002,-1.022,-7.0,-2.011,-0.003,-3.0,-4.0,2.966,8.917,-0.018,1.732,1.986,4.953,2.597,-5.0,-0.264,10.426,-0.908,-0.014,-4.0,2.984,-3.006,-1.033,-5.999,-3.0,5.448,-2.0,-3.0,-1.015,8.973,2.994,0.0,0.0,0.0,0.0,0.0,0.0,0.0,0.0,0.0,0.0
BtcGF,BTCUSDc,236,12.4865,24.973,3,0.8919,50.74,326,22.0859,1,15,0,0.015,1.1,3.0,0.0,0.5,16385,1,12.301,10,0,1,20,0.5,1.993,1.991,-0.02,0.0,-1.0,-2.0,2.977,-3.0,2.992,1.994,-2.0,-4.0,-3.0,-3.0,-2.0,-3.0,3.322,0.988,-5.0,-6.0,4.486,-4.0,0.991,8.089,-0.003,-3.0,0.999,-2.001,5.522,-0.016,-3.0,4.77,7.378,4.311,-4.0,16.204,-2.0,-0.042,-2.0,-3.0,5.57,-2.0,-1.0,-4.0,2.065,6.964,1.363,1.999,-3.0,0.0,-1.0,0.0,9.129,5.956,-1.0,-1.0,0.0,-1.0,-1.0,-0.999,0.0,0.0,0.0,0.0,0.0,-1.0,0.0,0.0,-1.0,0.0,0.0,2.998,-1.0,0.0,0.0,-1.0,-2.0,0.99,2.995,-2.0,-1.0,-2.0,1.982,7.945,1.981,-0.969,-0.007,1.973,0.444,2.985,-1.033,-2.292,-1.016,0.995,-2.0,-4.0,6.505,-3.0,-1.027,-0.953,0.994,6.928,-4.0,-3.0,-0.011,-0.763,5.012,-1.008,-2.0,6.969,-2.009,-4.0,-2.0,-4.0,-5.0,-2.0,-4.0,-4.0,6.975,2.418,0.0,0.0,0.0,0.0,0.0,0.0,0.0,0.0,0.0,0.0
BtcGF,BTCUSDc,162,16.7995,33.599,3,2.0943,8.47,420,50.9524,1,15,0,0.015,1.7,1.0,0.0,0.5,16385,1,30.753,0,0,1,5,0.5,2.982,2.979,-1.019,2.286,-0.185,2.985,1.977,-0.029,0.997,-0.013,-1.005,-1.005,-1.004,-1.004,-0.01,1.988,2.002,-0.007,-2.006,-2.018,-0.023,-0.001,1.585,-3.006,2.969,-0.013,0.999,-4.0,0.018,0.0,0.995,2.107,3.663,-2.004,-1.448,-1.009,-1.014,1.591,-2.0,-3.0,0.008,-3.0,0.969,-0.003,1.98,2.986,-2.001,1.0,-3.0,0.0,-1.0,0.0,2.068,1.986,0.995,-1.0,0.0,1.99,0.996,0.991,0.0,0.0,0.0,0.0,0.0,-1.0,0.0,0.0,-1.0,0.0,0.0,0.999,-1.0,0.0,0.0,0.998,-0.014,1.4,0.998,-0.013,-2.0,0.0,1.988,-0.004,4.965,-1.011,-0.004,-2.01,3.936,1.954,-1.017,0.006,-0.206,1.994,-1.016,0.923,0.976,2.76,1.687,-0.938,-0.007,1.975,1.99,3.2,1.973,5.012,-0.017,-3.003,-2.002,-0.008,-4.003,1.995,-5.005,-0.365,-0.026,4.306,-2.003,-0.008,2.982,0.997,0.0,0.0,0.0,0.0,0.0,0.0,0.0,0.0,0.0,0.0
BtcGF,BTCUSDc,216,15.5587,23.338,4,0.7067,73.76,349,20.9169,1,15,0,0.015,1.1,3.0,0.0,0.5,16385,1,6.123,11,0,1,15,0.5,1.993,0.991,2.965,0.0,-1.0,-3.0,2.977,-3.0,2.992,0.994,-3.0,-4.0,-3.0,-3.0,-2.0,-3.0,3.322,0.988,-2.01,-6.0,5.487,-4.0,0.991,17.196,-0.003,-4.0,0.999,-2.001,6.865,-0.016,-3.0,12.629,-4.0,-0.011,-4.0,13.08,-2.0,-1.042,-2.0,-3.0,5.57,-2.0,-1.0,-4.0,-4.0,6.964,-4.0,1.999,-3.0,0.0,-1.0,0.0,14.415,5.956,-1.0,-1.0,0.0,-1.0,-1.0,-1.0,0.0,0.0,0.0,0.0,0.0,-1.0,0.0,0.0,-1.0,0.0,0.0,2.998,-1.0,0.0,0.0,-1.0,-2.0,0.99,2.995,-2.0,-1.0,-2.0,1.982,7.945,0.981,-0.969,-1.007,1.973,-0.57,2.985,-1.033,-0.529,-1.016,3.993,-3.0,-4.0,1.994,-3.0,0.973,7.606,0.994,6.928,-4.0,-5.0,3.021,4.674,5.711,-1.008,-1.004,-0.01,-2.009,-4.0,-6.0,-3.0,-5.0,-2.0,-3.999,-4.0,6.975,1.484,0.0,0.0,0.0,0.0,0.0,0.0,0.0,0.0,0.0,0.0
BtcGF,BTCUSDc,221,16.1933,24.29,4,1.6189,10.51,417,50.8393,1,15,0,0.015,1.4,1.0,0.0,0.5,16385,1,21.738,0,0,1,20,0.5,2.982,2.979,-2.014,2.286,-1.007,2.985,1.977,-0.029,0.997,-0.013,-1.005,-1.005,-1.004,-1.004,-0.01,1.988,-0.003,-0.007,-3.003,-2.018,-0.023,-0.001,1.585,-3.006,2.969,-0.013,0.999,-4.0,-1.007,0.0,0.995,2.231,3.274,-2.004,-1.448,-1.009,-1.014,1.605,-2.0,-3.0,0.008,0.004,0.969,1.998,1.98,2.986,-0.914,1.0,-3.0,0.0,-1.0,0.0,1.018,1.986,0.995,-1.0,0.0,1.99,0.996,0.991,0.0,0.0,0.0,0.0,0.0,-1.0,0.0,0.0,-1.0,0.0,0.0,0.999,-1.0,0.0,0.0,0.998,-0.014,1.4,0.998,-0.013,-2.0,0.0,1.988,-0.004,4.965,-1.011,-0.004,-2.01,3.936,1.954,-1.017,-2.005,-0.206,1.994,-1.016,0.051,0.976,2.581,-3.009,-1.991,-0.007,1.975,1.99,3.171,1.973,4.032,-0.017,-3.003,-2.002,-0.008,-4.003,3.034,-5.005,-0.953,1.984,3.409,-2.003,-0.008,2.982,0.997,0.0,0.0,0.0,0.0,0.0,0.0,0.0,0.0,0.0,0.0
BtcGF,BTCUSDc,247,9.6365,19.273,3,0.7201,18.79,385,38.7013,1,15,0,0.015,2.0,1.5,0.0,0.5,16385,1,15.651,0,0,1,5,0.75,4.472,2.97,-1.52,3.122,-1.0,0.993,2.976,-3.0,1.496,0.961,-0.508,-2.505,-0.506,-3.0,0.478,0.982,0.995,0.989,-1.009,-1.028,1.464,-1.501,-0.01,-2.51,-0.398,-1.507,-0.5,-3.5,-0.414,-1.5,-0.505,2.83,0.079,-1.505,-4.0,4.433,-2.0,-0.024,-2.0,-3.0,0.414,-2.0,-1.0,-2.0,4.732,4.978,-3.0,2.0,-3.0,0.0,0.0,-1.0,2.132,2.978,-1.0,-1.0,0.0,-1.0,1.494,-1.0,0.0,0.0,0.0,0.0,0.0,-1.0,0.0,0.0,-1.0,0.0,0.0,1.499,-1.0,0.0,0.0,1.498,-2.0,3.725,1.498,1.388,-2.0,0.5,3.998,0.494,4.959,0.992,1.494,0.506,7.365,3.42,-1.516,-1.847,-2.508,-0.503,-3.0,-0.027,1.971,5.135,-0.513,-0.568,0.989,3.465,0.767,-2.507,3.018,2.416,-1.018,-2.504,-2.502,4.71,-3.504,-2.527,-5.999,0.375,3.039,-2.0,-0.378,0.488,4.972,1.995,0.0,0.0,0.0,0.0,0.0,0.0,0.0,0.0,0.0,0.0
BtcGF,BTCUSDc,76,46.2695,92.539,3,2.3864,51.98,331,21.148,1,15,0,0.015,1.1,3.0,0.0,0.5,16385,1,44.439,9,0,1,20,0.0,1.993,1.991,-0.02,0.0,-1.0,-2.0,2.977,-3.0,2.992,1.994,-2.0,-4.0,-3.0,-3.0,-3.0,-3.0,5.153,0.988,-4.999,-6.0,4.486,-4.0,0.991,8.089,-0.003,-3.0,0.999,-2.001,5.522,-0.016,-3.0,29.578,-4.0,4.311,-4.0,50.158,-2.0,-0.042,-2.0,-3.0,12.823,-2.0,-2.0,-4.0,-3.0,6.964,1.363,1.999,-3.0,0.0,-1.0,0.0,9.601,5.956,-1.0,-1.0,0.0,-1.0,-1.0,-0.999,0.0,0.0,0.0,0.0,0.0,-1.0,0.0,0.0,-1.0,0.0,0.0,2.998,-1.0,0.0,0.0,-1.0,-2.0,0.989,2.995,-2.0,-2.0,-2.0,1.982,1.987,1.981,-0.969,-0.007,1.973,9.653,26.341,-1.033,-2.291,-1.016,0.995,-3.0,-4.0,6.505,-1.0,-2.026,-0.953,0.994,7.997,-4.0,-4.0,-0.011,-0.763,5.012,-1.008,-2.0,-3.0,-3.009,-4.0,-2.0,-5.0,-5.0,-2.999,-4.999,-1.0,9.955,2.418,0.0,0.0,0.0,0.0,0.0,0.0,0.0,0.0,0.0,0.0
BtcGF,BTCUSDc,114,18.272,27.408,4,0.8053,132.24,385,20.7792,1,15,0,0.015,1.7,2.5,0.0,0.5,16385,1,-8.837,12,0,1,10,0.25,1.494,3.971,2.531,0.0,-3.0,0.656,0.981,-3.0,2.493,0.495,-3.0,-4.0,-3.0,-3.0,-4.0,-0.512,3.786,-0.51,0.985,-6.0,6.995,-4.0,19.459,-1.516,-3.0,-0.511,0.499,-2.501,2.604,-0.515,-3.0,2.057,-5.0,-0.509,-4.0,33.246,-2.0,-1.535,-2.0,-3.0,9.975,-3.0,-2.0,-4.0,-4.0,5.47,-4.0,1.499,-3.0,0.0,-1.0,0.0,-2.0,4.963,-1.0,-1.0,0.0,-1.0,-1.0,-1.0,0.0,0.0,0.0,0.0,0.0,-1.0,0.0,0.0,-1.0,0.0,0.0,2.499,-1.0,0.0,0.0,-1.0,-2.0,0.491,2.496,-2.0,-2.0,-2.0,1.485,9.918,-0.516,7.997,1.992,-0.022,3.123,1.974,-0.527,-7.0,-1.514,0.496,-1.503,-6.0,0.495,2.277,-2.522,-3.502,0.495,12.933,-4.0,-5.0,10.645,21.148,-4.0,0.982,-4.0,-0.508,-2.507,-4.0,-6.0,-4.0,-5.0,-3.0,8.058,-4.0,8.975,-3.0,0.0,0.0,0.0,0.0,0.0,0.0,0.0,0.0,0.0,0.0
BtcGF,BTCUSDc,45,12.582,25.164,3,0.7617,93.11,402,36.5672,1,15,0,0.015,1.4,1.5,0.0,0.5,16385,1,1.735,6,0,1,15,0.0,4.472,2.97,-0.028,7.772,-1.0,0.993,2.976,-3.0,1.496,0.961,-0.508,-2.505,-0.506,-3.0,-1.521,3.482,0.995,0.989,-1.009,-1.028,1.464,-1.501,-3.505,-2.51,-1.501,-1.507,-0.5,-3.5,-0.345,-1.5,-0.505,2.76,0.196,-1.505,-5.0,3.215,-2.0,-1.024,-2.0,-3.0,3.34,-2.0,-1.0,-3.999,3.981,4.978,-1.501,2.0,-3.0,0.0,-1.0,0.0,3.081,2.978,-1.0,-1.0,0.0,-1.0,1.494,-1.0,0.0,0.0,0.0,0.0,0.0,-1.0,0.0,0.0,-1.0,0.0,0.0,1.499,-1.0,0.0,0.0,1.498,-2.0,-0.506,1.498,22.429,-2.0,0.5,3.173,0.494,4.959,0.001,1.494,1.972,9.432,-0.034,-1.516,-1.451,-2.508,0.996,-4.0,-5.0,1.971,9.615,-3.513,-2.481,0.989,3.465,1.132,-2.507,3.979,-0.005,1.634,-2.504,-2.502,0.988,-4.504,-2.527,-6.0,-5.0,8.467,-1.503,-4.0,0.488,4.972,1.995,0.0,0.0,0.0,0.0,0.0,0.0,0.0,0.0,0.0,0.0
BtcGF,BTCUSDc,198,15.6625,31.325,3,1.1716,73.79,361,18.5596,1,15,0,0.015,1.7,3.0,0.0,0.5,16385,1,8.211,17,0,1,10,0.5,1.993,0.991,3.841,0.0,-2.0,-3.0,1.977,-3.0,2.992,0.994,-3.0,-4.0,-3.0,-3.0,-3.0,-4.0,3.322,-0.012,-2.01,-6.0,5.487,-4.0,0.991,15.272,-3.0,-4.0,0.999,-2.001,-1.007,-0.016,-3.0,4.77,-3.999,-0.011,-4.0,13.08,-2.0,-1.042,-2.0,-3.0,5.57,-3.0,-1.0,-3.999,-4.0,6.964,-4.0,1.999,-3.0,0.0,-1.0,0.0,14.711,5.956,-1.0,-1.0,0.0,-1.0,-1.0,-1.0,0.0,0.0,0.0,0.0,0.0,-1.0,0.0,0.0,-1.0,0.0,0.0,2.998,-1.0,0.0,0.0,-1.0,-2.0,0.99,2.995,-2.0,-1.0,-2.0,1.982,7.945,-0.019,3.67,-1.007,0.973,1.661,2.985,-1.033,-7.0,-1.016,0.995,-3.0,-4.0,1.994,-3.0,0.973,19.114,0.994,13.774,-4.0,-4.999,8.875,20.344,-4.0,1.979,-4.0,-0.01,-2.009,-4.0,-6.0,-3.0,7.388,-2.0,-3.999,-4.0,6.976,-3.0,0.0,0.0,0.0,0.0,0.0,0.0,0.0,0.0,0.0,0.0
BtcGF,BTCUSDc,304,16.31,19.572,5,0.8803,17.61,378,39.6825,1,15,0,0.015,1.1,1.5,0.0,0.5,16385,1,16.125,0,0,1,20,0.75,4.472,2.97,-1.52,2.594,-1.0,0.993,2.976,-3.0,1.496,0.961,-0.508,-2.505,-0.506,-3.0,0.478,0.982,0.995,0.989,-2.504,-1.028,1.464,-1.501,-0.01,-2.51,-1.501,1.209,-0.5,-3.5,-1.002,-1.5,-0.505,2.847,0.849,0.975,-4.0,6.169,-2.0,-0.024,-2.0,-3.0,0.414,-2.0,-1.0,-2.0,4.721,4.978,-0.345,2.0,-3.0,0.0,0.0,-1.0,1.528,2.978,-1.0,-1.0,0.0,-1.0,1.494,-0.999,0.0,0.0,0.0,0.0,0.0,-1.0,0.0,0.0,-1.0,0.0,0.0,1.499,-1.0,0.0,0.0,1.498,-2.0,3.725,1.498,1.388,-2.0,0.5,3.132,0.494,4.959,-2.492,1.494,-0.099,6.588,3.42,-1.516,-1.874,-2.508,-0.503,-2.0,-0.533,1.971,5.114,-2.513,-2.481,0.989,3.465,-0.033,0.0,2.485,0.09,1.484,-2.504,-2.502,4.908,-3.504,-2.527,-2.0,-0.884,2.42,-2.0,-0.595,0.488,4.972,1.995,0.0,0.0,0.0,0.0,0.0,0.0,0.0,0.0,0.0,0.0
BtcGF,BTCUSDc,191,17.962,26.943,4,1.3428,34.96,376,30.8511,1,15,0,0.015,2.0,2.0,0.0,0.5,16385,1,17.525,7,0,1,10,0.5,5.964,3.952,0.963,-1.0,-2.0,2.665,-0.015,-3.0,1.994,1.954,-3.0,-2.007,-0.008,-3.0,-3.0,4.983,1.993,-1.008,-0.013,-3.016,-1.022,-1.002,6.777,-2.013,0.334,-1.009,-0.001,-3.001,1.479,-1.0,-3.0,1.382,1.477,-1.007,-4.0,9.412,-2.0,-2.028,-2.0,-3.0,2.78,-3.0,-1.0,-3.999,2.752,3.977,-1.002,2.998,-3.0,0.0,-1.0,0.0,8.183,3.971,-1.0,-1.0,0.0,-1.0,1.993,-1.0,0.0,0.0,0.0,0.0,0.0,-1.0,0.0,0.0,-1.0,0.0,0.0,1.999,-1.0,0.0,0.0,-1.0,-2.0,-0.007,1.997,-2.0,-1.0,1.337,4.531,0.992,-1.013,0.11,2.991,-3.016,-0.008,0.979,-1.022,-7.0,-2.011,-0.003,-3.0,-4.0,2.966,10.827,-0.018,4.01,1.986,4.953,3.911,-4.999,0.983,13.193,-0.908,-0.014,-4.0,1.984,-3.006,-1.033,-6.0,-3.0,7.468,-2.0,-4.0,-1.015,8.973,2.994,0.0,0.0,0.0,0.0,0.0,0.0,0.0,0.0,0.0,0.0
BtcGF,BTCUSDc,128,38.5867,46.304,5,1.8542,66.45,380,31.0526,1,15,0,0.015,1.1,2.0,0.0,0.5,16385,1,15.533,5,0,1,15,0.25,5.964,3.952,0.963,-1.0,-1.0,2.159,0.985,-3.0,1.994,1.954,-3.0,-2.007,-0.008,-3.0,0.084,7.984,1.993,-0.008,-0.013,-3.016,-1.022,-1.002,12.861,-2.013,-1.002,-1.009,-0.001,-3.001,1.887,-1.0,-3.0,2.446,1.398,-1.007,-4.0,29.765,-2.0,-2.028,-2.0,-3.0,5.609,-2.0,-2.0,-4.0,3.121,3.977,-1.002,2.998,-3.0,0.0,-1.0,0.0,-0.999,3.971,-1.0,-1.0,0.0,-1.0,1.993,-1.0,0.0,0.0,0.0,0.0,0.0,-1.0,0.0,0.0,-1.0,0.0,0.0,1.999,-1.0,0.0,0.0,-1.0,-2.0,-0.008,1.997,-2.0,-2.0,0.992,4.274,0.992,-0.013,-1.983,2.991,5.772,-0.008,0.979,-1.022,-1.8,-2.011,1.996,-4.0,-5.0,2.966,15.548,-3.018,-1.971,1.986,4.953,3.341,-5.0,1.013,4.102,2.323,-2.005,-2.003,1.984,-4.006,-1.033,-6.0,-5.0,-0.891,-3.0,-2.004,-1.015,8.973,2.994,0.0,0.0,0.0,0.0,0.0,0.0,0.0,0.0,0.0,0.0
BtcGF,BTCUSDc,170,36.8158,44.179,5,2.1117,21.32,376,31.383,1,15,0,0.015,1.7,2.0,0.0,0.5,16385,1,34.761,10,0,1,5,0.5,5.964,3.952,0.963,-1.0,-2.0,2.138,-0.015,-3.0,1.994,1.954,-3.0,-2.007,-0.008,-3.0,-3.0,4.983,1.993,-1.008,-0.013,-3.016,-1.022,-1.002,7.254,-2.013,0.212,-1.009,-0.001,-3.001,3.149,-1.0,-3.0,3.04,4.061,-1.007,-4.0,9.412,-2.0,-1.028,-2.0,-3.0,2.78,-3.0,-1.0,-4.0,2.886,3.977,-1.002,2.998,-3.0,0.0,-1.0,0.0,8.183,3.971,-1.0,-1.0,0.0,-1.0,1.993,-1.0,0.0,0.0,0.0,0.0,0.0,-1.0,0.0,0.0,-1.0,0.0,0.0,1.999,-1.0,0.0,0.0,-1.0,-2.0,-0.007,1.997,-2.0,-1.0,1.488,7.045,0.992,-1.013,0.11,2.991,5.885,-0.008,3.116,-1.022,-3.612,-2.011,1.996,-3.0,-4.0,2.966,10.827,-0.018,3.371,1.986,4.953,3.911,-5.0,0.983,8.022,-0.519,-0.014,-2.003,1.984,-3.006,-1.033,-6.0,-3.0,2.165,-2.0,-3.999,-1.015,8.973,2.994,0.0,0.0,0.0,0.0,0.0,0.0,0.0,0.0,0.0,0.0
BtcGF,BTCUSDc,160,16.7995,33.599,3,2.0943,8.47,420,50.9524,1,15,0,0.015,1.1,1.0,0.0,0.5,16385,1,30.753,0,0,1,5,0.5,2.982,2.979,-1.019,2.286,-0.185,2.985,1.977,-0.029,0.997,-0.013,-1.005,-1.005,-1.004,-1.004,-0.01,1.988,2.002,-0.007,-2.006,-2.018,-0.023,-0.001,1.585,-3.006,2.969,-0.013,0.999,-4.0,0.018,0.0,0.995,2.107,3.663,-2.004,-1.448,-1.009,-1.014,1.591,-2.0,-3.0,0.008,-3.0,0.969,-0.003,1.98,2.986,-2.001,1.0,-3.0,0.0,-1.0,0.0,2.068,1.986,0.995,-1.0,0.0,1.99,0.996,0.991,0.0,0.0,0.0,0.0,0.0,-1.0,0.0,0.0,-1.0,0.0,0.0,0.999,-1.0,0.0,0.0,0.998,-0.014,1.4,0.998,-0.013,-2.0,0.0,1.988,-0.004,4.965,-1.011,-0.004,-2.01,3.936,1.954,-1.017,0.006,-0.206,1.994,-1.016,0.923,0.976,2.76,1.687,-0.938,-0.007,1.975,1.99,3.2,1.973,5.012,-0.017,-3.003,-2.002,-0.008,-4.003,1.995,-5.005,-0.365,-0.026,4.306,-2.003,-0.008,2.982,0.997,0.0,0.0,0.0,0.0,0.0,0.0,0.0,0.0,0.0,0.0
BtcGF,BTCUSDc,77,46.2695,92.539,3,2.3864,51.98,331,21.148,1,15,0,0.015,1.4,3.0,0.0,0.5,16385,1,44.439,9,0,1,20,0.0,1.993,1.991,-0.02,0.0,-1.0,-2.0,2.977,-3.0,2.992,1.994,-2.0,-4.0,-3.0,-3.0,-3.0,-3.0,5.153,0.988,-4.999,-6.0,4.486,-4.0,0.991,8.089,-0.003,-3.0,0.999,-2.001,5.522,-0.016,-3.0,29.578,-4.0,4.311,-4.0,50.158,-2.0,-0.042,-2.0,-3.0,12.823,-2.0,-2.0,-4.0,-3.0,6.964,1.363,1.999,-3.0,0.0,-1.0,0.0,9.601,5.956,-1.0,-1.0,0.0,-1.0,-1.0,-0.999,0.0,0.0,0.0,0.0,0.0,-1.0,0.0,0.0,-1.0,0.0,0.0,2.998,-1.0,0.0,0.0,-1.0,-2.0,0.989,2.995,-2.0,-2.0,-2.0,1.982,1.987,1.981,-0.969,-0.007,1.973,9.653,26.341,-1.033,-2.291,-1.016,0.995,-3.0,-4.0,6.505,-1.0,-2.026,-0.953,0.994,7.997,-4.0,-4.0,-0.011,-0.763,5.012,-1.008,-2.0,-3.0,-3.009,-4.0,-2.0,-5.0,-5.0,-2.999,-4.999,-1.0,9.955,2.418,0.0,0.0,0.0,0.0,0.0,0.0,0.0,0.0,0.0,0.0
BtcGF,BTCUSDc,99,34.3907,51.586,4,1.4329,109.49,378,17.7249,1,15,0,0.015,2.0,3.0,0.0,0.5,16385,1,-4.894,13,0,1,5,0.25,1.993,1.991,4.161,0.0,-2.0,-3.0,1.977,-3.0,2.992,0.994,-3.0,-4.0,-3.0,-3.0,-4.0,-4.0,0.394,-0.012,-2.01,-6.0,2.826,-4.0,0.991,29.397,-3.0,-4.0,0.999,-2.001,-1.007,-0.016,-3.0,3.926,-5.0,-0.011,-4.0,52.48,-2.0,-0.042,-2.0,-3.0,6.359,-3.0,-1.0,-4.0,-4.0,6.964,-4.0,1.999,-3.0,0.0,-1.0,0.0,-2.0,5.956,-1.0,-1.0,0.0,-1.0,-1.0,-1.0,0.0,0.0,0.0,0.0,0.0,-1.0,0.0,0.0,-1.0,0.0,0.0,2.998,-1.0,0.0,0.0,-1.0,-2.0,0.99,2.995,-2.0,-2.0,-2.0,1.982,5.914,-0.019,10.567,-1.007,1.973,12.71,6.431,-1.033,-2.141,-1.016,3.993,-4.0,-5.0,0.994,-3.0,-2.027,-3.002,0.994,6.928,-4.0,-5.0,14.731,19.212,-4.0,1.979,-1.004,6.178,-2.009,-4.0,-6.0,-5.0,-6.0,-3.0,-5.0,-4.0,6.975,-3.0,0.0,0.0,0.0,0.0,0.0,0.0,0.0,0.0,0.0,0.0
BtcGF,BTCUSDc,24,-5.1705,-10.341,3,-0.3435,0.0,401,35.4115,1,15,0,0.015,1.1,1.5,0.0,0.5,16385,1,-26.9,4,0,1,10,0.0,4.472,2.97,-0.028,-1.0,-1.0,0.993,2.976,-3.0,1.496,0.961,-0.508,-2.505,-0.506,-3.0,-1.522,3.482,0.995,0.989,-2.504,-1.028,1.464,-1.501,-3.505,-2.51,-0.336,-1.507,-0.5,-3.5,-0.646,-1.5,-0.505,2.05,-5.0,-1.505,-4.0,17.546,-2.0,-1.024,-2.0,-3.0,-0.513,-2.0,-2.0,-4.0,3.816,4.978,-1.501,2.0,-3.0,0.0,-1.0,0.0,-2.0,2.978,-1.0,-1.0,0.0,-1.0,1.494,-1.0,0.0,0.0,0.0,0.0,0.0,-1.0,0.0,0.0,-1.0,0.0,0.0,1.499,-1.0,0.0,0.0,1.498,-2.0,-0.506,1.498,5.656,-2.0,0.5,3.338,0.494,4.959,2.331,1.494,-3.512,5.49,2.47,-1.516,-1.744,-2.508,-0.503,-3.502,-1.519,0.971,2.46,-3.513,-2.481,0.989,3.465,1.812,-2.507,9.592,5.151,-1.018,-2.504,-2.502,0.988,-3.504,-2.527,-6.0,-4.0,-0.588,-1.503,-4.0,0.488,4.972,1.995,0.0,0.0,0.0,0.0,0.0,0.0,0.0,0.0,0.0,0.0
BtcGF,BTCUSDc,133,40.6917,48.83,5,1.3523,87.97,370,22.973,1,15,0,0.015,1.4,2.5,0.0,0.5,16385,1,5.875,9,0,1,15,0.25,1.494,3.971,1.967,0.0,-1.0,-0.212,1.981,-3.0,2.493,0.495,-3.0,-4.0,-3.0,-3.0,-3.0,5.534,3.871,0.49,0.985,-6.0,6.995,-4.0,21.877,-1.516,-0.502,-0.511,0.499,-2.501,3.119,-0.515,-3.0,4.121,2.6,-0.509,-4.0,38.955,-2.0,-1.535,-2.0,-3.0,7.909,-2.0,-2.0,-4.0,-4.0,5.47,-4.0,1.499,-3.0,0.0,-1.0,0.0,-0.999,4.963,-1.0,-1.0,0.0,-1.0,-1.0,-1.0,0.0,0.0,0.0,0.0,0.0,-1.0,0.0,0.0,-1.0,0.0,0.0,2.499,-1.0,0.0,0.0,-1.0,-2.0,0.491,2.496,-2.0,-2.0,-2.0,1.485,10.773,0.484,-1.475,1.992,0.978,1.328,1.974,-0.527,-1.159,-1.514,2.994,-4.0,-5.0,1.495,25.711,-2.522,-1.463,-0.505,6.44,-4.0,-5.0,2.016,2.891,4.5,-1.507,-1.503,-0.508,-3.507,-4.0,-6.0,-5.0,-5.0,-3.0,-1.491,-4.0,8.975,0.501,0.0,0.0,0.0,0.0,0.0,0.0,0.0,0.0,0.0,0.0
BtcGF,BTCUSDc,230,24.1107,36.166,4,1.8151,21.22,354,33.6158,1,15,0,0.015,1.7,2.0,0.0,0.5,16385,1,28.493,4,0,1,20,0.5,5.964,3.952,-1.027,-1.0,-1.0,2.192,0.985,-3.0,1.994,1.954,0.608,-2.007,-0.008,-3.0,0.232,8.145,1.993,-0.008,-2.006,-3.016,-1.022,-1.002,4.561,-2.013,-1.002,2.366,-0.001,-3.001,0.997,-1.0,-3.0,3.039,3.225,1.998,-4.0,7.667,-2.0,-1.028,-2.0,-3.0,2.78,-2.0,-1.0,-4.0,2.64,3.977,0.224,2.998,-3.0,0.0,-1.0,0.0,4.921,3.971,-1.0,-1.0,0.0,-1.0,1.993,-0.999,0.0,0.0,0.0,0.0,0.0,-1.0,0.0,0.0,-1.0,0.0,0.0,1.999,-1.0,0.0,0.0,-1.0,-2.0,-0.007,1.997,-2.0,-1.0,1.049,4.21,0.992,4.227,-1.984,2.991,5.137,2.971,0.979,-1.022,-3.68,-2.011,-0.003,-2.0,-4.0,2.966,10.393,-2.018,-1.971,1.986,4.953,0.969,0.765,-1.008,1.136,1.999,-2.005,0.002,1.984,-3.006,-1.033,-2.0,-4.0,-1.979,-2.0,-4.0,-1.015,8.973,2.994,0.0,0.0,0.0,0.0,0.0,0.0,0.0,0.0,0.0,0.0
BtcGF,BTCUSDc,270,2.633,7.899,2,0.2611,65.25,360,30.8333,1,15,0,0.015,1.7,2.0,0.0,0.5,16385,1,2.745,1,0,1,10,0.75,5.964,3.952,-1.027,-1.0,-1.0,2.665,-0.015,-3.0,1.994,1.954,-3.0,-2.007,-0.008,-3.0,2.391,4.578,1.993,-1.008,-0.013,-3.016,-1.022,-1.002,4.576,-2.013,0.334,-1.009,-0.001,-3.001,1.479,-1.0,-3.0,1.382,0.437,-1.007,-4.0,5.148,-2.0,-1.028,-2.0,-3.0,1.334,-2.0,-1.0,-2.0,-1.002,3.977,-3.0,2.998,-3.0,0.0,0.0,-1.0,4.594,3.971,-1.0,-1.0,0.0,-1.0,1.993,-1.0,0.0,0.0,0.0,0.0,0.0,-1.0,0.0,0.0,-1.0,0.0,0.0,1.999,-1.0,0.0,0.0,-1.0,-2.0,-2.0,1.997,-1.0,-2.0,1.337,4.531,0.992,-1.013,-1.333,2.991,3.189,-0.008,-1.002,-1.022,-7.0,-2.011,-0.003,-3.0,-4.0,2.966,8.917,-0.018,1.732,1.986,4.953,2.597,-5.0,-0.264,10.426,-0.908,-0.014,-4.0,2.984,-3.006,-1.033,-5.999,-3.0,5.448,-2.0,-2.999,-1.015,8.973,2.994,0.0,0.0,0.0,0.0,0.0,0.0,0.0,0.0,0.0,0.0
BtcGF,BTCUSDc,106,8.6753,13.013,4,0.5525,124.27,408,35.2941,1,15,0,0.015,1.7,1.5,0.0,0.5,16385,1,-3.158,10,0,1,10,0.25,4.472,2.97,-0.028,-1.0,-3.0,0.993,2.976,-3.0,1.496,0.961,-0.508,-2.505,-0.506,-3.0,-1.522,3.482,0.995,0.989,-1.009,-1.028,1.464,-1.501,3.585,-2.51,-0.336,-1.507,-0.5,-3.5,-0.646,-1.5,-0.505,2.05,-5.0,-1.505,-4.0,17.158,-2.0,-1.024,-2.0,-3.0,4.411,-3.0,-2.0,-4.0,3.816,4.978,-1.501,2.0,-3.0,0.0,-1.0,0.0,-2.0,2.978,-1.0,-1.0,0.0,-1.0,1.494,-1.0,0.0,0.0,0.0,0.0,0.0,-1.0,0.0,0.0,-1.0,0.0,0.0,1.499,-1.0,0.0,0.0,1.498,-2.0,-0.506,1.498,4.394,-2.0,0.5,3.338,0.494,4.959,1.876,1.494,-3.512,10.519,7.353,-1.516,-1.744,-2.508,-0.503,-3.502,-5.0,0.971,2.46,-3.513,-4.501,0.989,3.465,1.812,-2.507,8.546,10.124,-1.018,-2.504,-2.502,0.988,-3.504,-2.527,-6.0,-4.0,6.024,-1.503,-4.0,0.488,4.972,1.995,0.0,0.0,0.0,0.0,0.0,0.0,0.0,0.0,0.0,0.0
BtcGF,BTCUSDc,188,17.8007,26.701,4,1.3307,35.27,376,30.8511,1,15,0,0.015,1.1,2.0,0.0,0.5,16385,1,17.283,7,0,1,10,0.5,5.964,3.952,0.963,-1.0,-2.0,2.665,-0.015,-3.0,1.994,1.954,-3.0,-2.007,-0.008,-3.0,-3.0,4.983,1.993,-1.008,-0.013,-3.016,-1.022,-1.002,6.777,-2.013,0.334,-1.009,-0.001,-3.001,1.479,-1.0,-3.0,1.382,1.477,-1.007,-4.0,9.412,-2.0,-2.028,-2.0,-3.0,2.78,-3.0,-1.0,-3.999,2.753,3.977,-1.002,2.998,-3.0,0.0,-1.0,0.0,8.183,3.971,-1.0,-1.0,0.0,-1.0,1.993,-1.0,0.0,0.0,0.0,0.0,0.0,-1.0,0.0,0.0,-1.0,0.0,0.0,1.999,-1.0,0.0,0.0,-1.0,-2.0,-0.007,1.997,-2.0,-1.0,1.337,4.531,0.992,-1.013,0.11,2.991,-3.016,-0.008,0.979,-1.022,-7.0,-2.011,-0.003,-3.0,-4.0,2.966,10.827,-0.018,4.01,1.986,4.953,3.911,-4.999,0.983,13.193,-0.908,-0.014,-4.0,1.984,-3.006,-1.033,-6.0,-3.0,7.224,-2.0,-3.999,-1.015,8.973,2.994,0.0,0.0,0.0,0.0,0.0,0.0,0.0,0.0,0.0,0.0
BtcGF,BTCUSDc,233,18.8683,22.642,5,0.6766,45.04,336,25.8929,1,15,0,0.015,1.4,2.5,0.0,0.5,16385,1,12.444,11,0,1,20,0.5,1.494,1.492,-0.52,0.0,-1.0,-0.158,1.981,-3.0,2.493,1.495,12.74,-4.0,-3.0,-3.0,-2.0,5.407,3.397,0.49,-1.507,-6.0,2.236,-4.0,6.829,-1.516,-0.502,3.487,0.499,-2.501,1.995,-0.515,-3.0,-1.509,4.699,3.0,-4.0,12.69,-2.0,-0.535,-2.0,-3.0,4.175,-2.0,-1.0,-4.0,1.176,5.47,0.794,1.499,-3.0,0.0,-1.0,0.0,7.025,4.963,-1.0,-1.0,0.0,-1.0,-1.0,-0.999,0.0,0.0,0.0,0.0,0.0,-1.0,0.0,0.0,-1.0,0.0,0.0,2.499,-1.0,0.0,0.0,-1.0,-2.0,0.492,2.496,-2.0,-1.0,-2.0,1.485,5.575,1.484,-1.476,1.992,0.978,2.126,1.974,-0.527,-2.986,-1.514,0.496,-2.0,-4.0,5.369,8.439,-1.522,-1.463,0.495,8.955,-4.0,-3.0,-0.51,-1.311,3.992,-1.507,0.508,0.872,-2.507,-4.0,-2.0,-4.0,-5.0,-2.0,-4.0,-4.0,8.975,1.499,0.0,0.0,0.0,0.0,0.0,0.0,0.0,0.0,0.0,0.0
BtcGF,BTCUSDc,234,18.8967,22.676,5,0.6776,44.97,336,25.8929,1,15,0,0.015,1.7,2.5,0.0,0.5,16385,1,12.478,11,0,1,20,0.5,1.494,1.492,-0.52,0.0,-1.0,-0.158,1.981,-3.0,2.493,1.495,12.74,-4.0,-3.0,-3.0,-2.0,5.407,3.397,0.49,-1.507,-6.0,2.236,-4.0,6.829,-1.516,-0.502,3.507,0.499,-2.501,1.995,-0.515,-3.0,-1.509,4.699,3.014,-4.0,12.69,-2.0,-0.535,-2.0,-3.0,4.175,-2.0,-1.0,-4.0,1.176,5.47,0.794,1.499,-3.0,0.0,-1.0,0.0,7.025,4.963,-1.0,-1.0,0.0,-1.0,-1.0,-0.999,0.0,0.0,0.0,0.0,0.0,-1.0,0.0,0.0,-1.0,0.0,0.0,2.499,-1.0,0.0,0.0,-1.0,-2.0,0.492,2.496,-2.0,-1.0,-2.0,1.485,5.575,1.484,-1.476,1.992,0.978,2.126,1.974,-0.527,-2.986,-1.514,0.496,-2.0,-4.0,5.369,8.439,-1.522,-1.463,0.495,8.955,-4.0,-3.0,-0.51,-1.311,3.992,-1.507,0.508,0.872,-2.507,-4.0,-2.0,-4.0,-5.0,-2.0,-4.0,-4.0,8.975,1.499,0.0,0.0,0.0,0.0,0.0,0.0,0.0,0.0,0.0,0.0
BtcGF,BTCUSDc,252,-3.3587,-5.038,4,-0.169,0.0,346,22.8324,1,15,0,0.015,1.1,2.5,0.0,0.5,16385,1,-13.229,10,0,1,5,0.75,1.494,1.492,0.251,0.0,-1.0,-0.249,0.981,-3.0,2.493,1.495,3.542,-4.0,-3.0,-3.0,-1.0,3.784,3.041,-0.51,0.985,-6.0,1.221,-4.0,7.654,-1.516,-3.0,-0.511,0.499,-2.501,3.002,-0.515,-3.0,5.929,2.766,-0.509,-4.0,3.865,-2.0,-0.535,-2.0,-3.0,2.268,-2.0,-1.0,-2.0,-4.0,5.47,-3.0,1.499,-3.0,0.0,0.0,-1.0,6.28,4.963,-1.0,-1.0,0.0,-1.0,-1.0,-1.0,0.0,0.0,0.0,0.0,0.0,-1.0,0.0,0.0,-1.0,0.0,0.0,2.499,-1.0,0.0,0.0,-1.0,-2.0,-2.0,2.496,-1.0,-2.0,-2.0,1.485,3.838,-0.516,-0.146,1.992,0.978,3.381,2.288,-0.527,-2.877,-1.514,0.496,-3.0,-4.0,1.495,8.199,0.478,6.689,0.495,11.438,-4.0,-5.0,0.424,5.272,-4.0,0.982,-4.0,2.213,-2.507,-4.0,-5.999,-3.0,3.807,-2.0,-3.0,-4.0,8.975,-3.0,0.0,0.0,0.0,0.0,0.0,0.0,0.0,0.0,0.0,0.0
BtcGF,BTCUSDc,240,11.917,23.834,3,1.6604,7.7,415,51.3253,1,15,0,0.015,1.1,1.0,0.0,0.5,16385,1,21.998,0,0,1,5,0.75,2.982,2.979,-2.014,1.511,-0.589,2.985,1.977,-0.029,0.997,-0.013,-1.005,-1.005,-1.004,-1.004,-0.01,1.988,2.002,-0.007,-2.006,-2.018,-0.023,-0.001,1.3,-3.006,2.969,-0.013,0.999,-4.0,-0.627,0.0,0.995,2.107,2.732,-2.004,-2.32,-1.009,-1.014,1.574,-2.0,-3.0,-0.52,0.362,0.969,-0.003,1.98,2.986,-3.0,1.0,-3.0,0.0,0.0,-1.0,1.405,1.986,0.995,-1.0,0.0,1.99,0.996,0.991,0.0,0.0,0.0,0.0,0.0,-1.0,0.0,0.0,-1.0,0.0,0.0,0.999,-1.0,0.0,0.0,0.998,-0.014,0.655,0.998,-0.013,-2.0,0.0,1.988,-0.004,4.965,-1.011,-0.004,-2.01,3.457,1.458,-1.017,0.006,-0.594,1.994,-1.016,-0.7,0.976,2.369,0.725,-1.492,-0.007,1.975,1.99,2.509,1.973,4.476,-0.017,-3.003,-3.001,2.679,-4.003,1.995,-5.004,-2.389,2.377,3.09,-2.003,-0.008,2.982,0.997,0.0,0.0,0.0,0.0,0.0,0.0,0.0,0.0,0.0,0.0
BtcGF,BTCUSDc,244,9.528,19.056,3,0.7119,18.09,385,38.7013,1,15,0,0.015,1.1,1.5,0.0,0.5,16385,1,15.609,0,0,1,5,0.75,4.472,2.97,-1.52,3.122,-1.0,0.993,2.976,-3.0,1.496,0.961,-0.508,-2.505,-0.506,-3.0,0.478,0.982,0.995,0.989,-1.009,-1.028,1.464,-1.501,-0.01,-2.51,-0.398,-1.507,-0.5,-3.5,-0.414,-1.5,-0.505,2.83,0.079,-1.505,-4.0,4.433,-2.0,-0.024,-2.0,-3.0,0.414,-2.0,-1.0,-2.0,4.732,4.978,-3.0,2.0,-3.0,0.0,0.0,-1.0,2.132,2.978,-1.0,-1.0,0.0,-1.0,1.494,-1.0,0.0,0.0,0.0,0.0,0.0,-1.0,0.0,0.0,-1.0,0.0,0.0,1.499,-1.0,0.0,0.0,1.498,-2.0,3.725,1.498,1.388,-2.0,0.5,3.998,0.494,4.959,0.992,1.494,0.506,7.365,3.42,-1.516,-1.847,-2.508,-0.503,-3.0,-0.027,1.971,5.135,-0.513,-0.568,0.989,3.465,0.767,-2.507,3.018,2.416,-1.018,-2.504,-2.502,4.71,-3.504,-2.527,-5.999,0.375,3.039,-2.0,-0.595,0.488,4.972,1.995,0.0,0.0,0.0,0.0,0.0,0.0,0.0,0.0,0.0,0.0
BtcGF,BTCUSDc,13,61.759,123.518,3,4.0085,77.62,380,21.5789,1,15,0,0.015,1.4,2.5,0.0,0.5,16385,1,27.649,14,0,1,5,0.0,1.494,1.492,2.738,0.0,-2.0,-0.249,0.981,-3.0,2.493,0.495,-3.0,-4.0,-3.0,-3.0,-4.0,-0.512,3.041,-0.51,0.985,-6.0,1.221,-4.0,49.023,-1.516,-3.0,-0.511,0.499,-2.501,7.965,-0.515,-3.0,5.929,-5.0,-0.509,-5.0,-2.531,-2.0,-0.535,-2.0,-3.0,4.811,-3.0,-1.0,-3.999,-4.0,5.47,0.545,1.499,-3.0,0.0,-1.0,0.0,7.807,4.963,-1.0,-1.0,0.0,-1.0,-1.0,-1.0,0.0,0.0,0.0,0.0,0.0,-1.0,0.0,0.0,-1.0,0.0,0.0,2.499,-1.0,0.0,0.0,-1.0,-2.0,-0.509,2.496,-2.0,-2.0,-2.0,1.485,4.18,-0.516,7.23,1.992,0.978,94.359,4.764,-0.527,-2.877,-1.514,2.994,-4.0,-5.0,0.495,5.862,-2.522,-3.502,0.495,16.093,-4.0,-5.0,9.666,15.082,-4.0,0.982,-1.503,1.213,-2.507,-4.0,-5.999,-5.0,-5.0,-3.0,4.091,-4.0,8.975,-3.0,0.0,0.0,0.0,0.0,0.0,0.0,0.0,0.0,0.0,0.0
BtcGF,BTCUSDc,141,13.414,20.121,4,1.0562,28.6,421,49.4062,1,15,0,0.015,1.4,1.0,0.0,0.5,16385,1,14.367,1,0,1,20,0.25,2.982,2.979,-2.014,-1.0,-1.007,2.985,1.977,-0.029,0.997,-0.013,-1.005,-1.005,-1.004,-1.004,-0.01,1.988,-0.003,-0.007,-3.003,-2.018,-0.023,-0.001,2.435,-3.006,2.969,-0.013,0.999,-4.0,-1.007,0.0,0.995,-0.016,-1.003,-2.004,1.754,-0.011,-1.014,1.605,-2.0,-3.0,1.612,0.004,0.969,1.998,1.98,2.986,-0.914,1.0,-3.0,0.0,-1.0,0.0,1.018,1.986,0.995,-1.0,0.0,1.99,0.996,0.991,0.0,0.0,0.0,0.0,0.0,-1.0,0.0,0.0,-1.0,0.0,0.0,0.999,-1.0,0.0,0.0,0.998,-0.014,2.623,0.998,-0.013,-2.0,0.0,1.988,-0.004,4.965,-1.011,-0.004,-2.01,5.391,3.154,-1.017,-2.005,0.957,1.994,-2.016,-1.862,0.976,3.192,-3.009,-1.991,-0.007,1.975,1.99,4.982,1.973,4.032,-0.017,-3.003,-2.002,-0.008,-5.003,-0.012,-5.005,-0.061,1.984,1.0,-2.003,-0.008,2.982,0.997,0.0,0.0,0.0,0.0,0.0,0.0,0.0,0.0,0.0,0.0
BtcGF,BTCUSDc,14,61.759,123.518,3,4.0085,77.62,380,21.5789,1,15,0,0.015,1.7,2.5,0.0,0.5,16385,1,27.649,14,0,1,5,0.0,1.494,1.492,2.738,0.0,-2.0,-0.249,0.981,-3.0,2.493,0.495,-3.0,-4.0,-3.0,-3.0,-4.0,-0.512,3.041,-0.51,0.985,-6.0,1.221,-4.0,49.023,-1.516,-3.0,-0.511,0.499,-2.501,7.965,-0.515,-3.0,5.929,-5.0,-0.509,-5.0,-2.531,-2.0,-0.535,-2.0,-3.0,4.811,-3.0,-1.0,-3.999,-4.0,5.47,0.545,1.499,-3.0,0.0,-1.0,0.0,7.807,4.963,-1.0,-1.0,0.0,-1.0,-1.0,-1.0,0.0,0.0,0.0,0.0,0.0,-1.0,0.0,0.0,-1.0,0.0,0.0,2.499,-1.0,0.0,0.0,-1.0,-2.0,-0.509,2.496,-2.0,-2.0,-2.0,1.485,4.18,-0.516,7.23,1.992,0.978,94.359,4.764,-0.527,-2.877,-1.514,2.994,-4.0,-5.0,0.495,5.862,-2.522,-3.502,0.495,16.093,-4.0,-5.0,9.666,15.082,-4.0,0.982,-1.503,1.213,-2.507,-4.0,-5.999,-5.0,-5.0,-3.0,4.091,-4.0,8.975,-3.0,0.0,0.0,0.0,0.0,0.0,0.0,0.0,0.0,0.0,0.0
BtcGF,BTCUSDc,281,10.4825,20.965,3,1.5131,8.76,415,51.0843,1,15,0,0.015,1.4,1.0,0.0,0.5,16385,1,19.129,0,0,1,15,0.75,2.982,2.979,-2.014,1.511,-0.631,2.985,1.977,-0.029,0.997,-0.013,-1.005,-1.005,-1.004,-1.004,-0.01,1.988,2.401,-0.007,-2.006,-2.018,-0.023,-0.001,1.3,-3.006,2.969,-0.013,0.999,-4.0,-0.627,0.0,0.995,2.096,2.563,-2.004,-2.32,-1.009,-1.014,1.806,-2.0,-3.0,-0.52,0.11,0.969,-0.003,1.98,2.986,-3.0,1.0,-3.0,0.0,0.0,-1.0,1.405,1.986,0.995,-1.0,0.0,1.99,0.996,0.991,0.0,0.0,0.0,0.0,0.0,-1.0,0.0,0.0,-1.0,0.0,0.0,0.999,-1.0,0.0,0.0,0.998,-0.014,0.655,0.998,-0.013,-2.0,0.0,1.988,-0.004,4.965,-1.011,-0.004,-2.01,3.069,1.458,-1.017,-2.005,-0.594,1.994,-1.016,-0.7,0.976,2.369,0.725,-1.991,-0.007,1.975,1.99,2.539,1.973,3.981,-0.017,-3.003,-3.001,2.773,-4.002,2.398,-5.004,-2.479,2.377,3.019,-2.003,-0.008,2.982,0.997,0.0,0.0,0.0,0.0,0.0,0.0,0.0,0.0,0.0,0.0
BtcGF,BTCUSDc,237,12.4865,24.973,3,0.8919,50.74,326,22.0859,1,15,0,0.015,1.4,3.0,0.0,0.5,16385,1,12.301,10,0,1,20,0.5,1.993,1.991,-0.02,0.0,-1.0,-2.0,2.977,-3.0,2.992,1.994,-2.0,-4.0,-3.0,-3.0,-2.0,-3.0,3.322,0.988,-5.0,-6.0,4.486,-4.0,0.991,8.089,-0.003,-3.0,0.999,-2.001,5.522,-0.016,-3.0,4.77,7.378,4.311,-4.0,16.204,-2.0,-0.042,-2.0,-3.0,5.57,-2.0,-1.0,-4.0,2.065,6.964,1.363,1.999,-3.0,0.0,-1.0,0.0,9.129,5.956,-1.0,-1.0,0.0,-1.0,-1.0,-0.999,0.0,0.0,0.0,0.0,0.0,-1.0,0.0,0.0,-1.0,0.0,0.0,2.998,-1.0,0.0,0.0,-1.0,-2.0,0.99,2.995,-2.0,-1.0,-2.0,1.982,7.945,1.981,-0.969,-0.007,1.973,0.444,2.985,-1.033,-2.292,-1.016,0.995,-2.0,-4.0,6.505,-3.0,-1.027,-0.953,0.994,6.928,-4.0,-3.0,-0.011,-0.763,5.012,-1.008,-2.0,6.969,-2.009,-4.0,-2.0,-4.0,-5.0,-2.0,-4.0,-4.0,6.975,2.418,0.0,0.0,0.0,0.0,0.0,0.0,0.0,0.0,0.0,0.0
BtcGF,BTCUSDc,15,61.759,123.518,3,4.0085,77.62,380,21.5789,1,15,0,0.015,2.0,2.5,0.0,0.5,16385,1,27.649,14,0,1,5,0.0,1.494,1.492,2.738,0.0,-2.0,-0.249,0.981,-3.0,2.493,0.495,-3.0,-4.0,-3.0,-3.0,-4.0,-0.512,3.041,-0.51,0.985,-6.0,1.221,-4.0,49.023,-1.516,-3.0,-0.511,0.499,-2.501,7.965,-0.515,-3.0,5.929,-5.0,-0.509,-5.0,-2.531,-2.0,-0.535,-2.0,-3.0,4.811,-3.0,-1.0,-3.999,-4.0,5.47,0.545,1.499,-3.0,0.0,-1.0,0.0,7.807,4.963,-1.0,-1.0,0.0,-1.0,-1.0,-1.0,0.0,0.0,0.0,0.0,0.0,-1.0,0.0,0.0,-1.0,0.0,0.0,2.499,-1.0,0.0,0.0,-1.0,-2.0,-0.509,2.496,-2.0,-2.0,-2.0,1.485,4.18,-0.516,7.23,1.992,0.978,94.359,4.764,-0.527,-2.877,-1.514,2.994,-4.0,-5.0,0.495,5.862,-2.522,-3.502,0.495,16.093,-4.0,-5.0,9.666,15.082,-4.0,0.982,-1.503,1.213,-2.507,-4.0,-5.999,-5.0,-5.0,-3.0,4.091,-4.0,8.975,-3.0,0.0,0.0,0.0,0.0,0.0,0.0,0.0,0.0,0.0,0.0
BtcGF,BTCUSDc,317,10.797,21.594,3,0.8718,39.55,315,22.5397,1,15,0,0.015,1.4,3.0,0.0,0.5,16385,1,13.054,13,0,1,20,0.75,1.993,1.991,-0.02,0.0,-1.0,-2.0,2.977,-3.0,2.992,1.994,-2.0,-4.0,-3.0,-3.0,-1.0,-2.0,2.023,0.988,-5.0,-6.0,3.219,-4.0,0.991,6.997,-0.003,-3.0,0.999,-2.001,5.522,-0.016,-3.0,2.867,5.401,4.311,-4.0,12.087,-2.0,-0.042,-2.0,-3.0,3.2,-2.0,-1.0,-2.0,2.065,6.964,1.363,1.999,-3.0,0.0,0.0,-1.0,6.478,5.956,-1.0,-1.0,0.0,-1.0,-1.0,-0.999,0.0,0.0,0.0,0.0,0.0,-1.0,0.0,0.0,-1.0,0.0,0.0,2.998,-1.0,0.0,0.0,-1.0,-2.0,-2.0,2.995,-1.0,-2.0,-2.0,1.982,5.416,1.981,-0.969,-0.007,1.973,8.032,-0.003,-0.033,-2.292,-1.016,0.995,-2.0,-4.0,6.505,-3.0,-1.027,-0.953,0.994,11.439,-4.0,-3.0,-3.0,-0.763,5.012,-1.008,-2.0,4.59,-2.009,-4.0,-2.0,-4.0,4.073,-2.0,-3.0,-4.0,6.975,2.418,0.0,0.0,0.0,0.0,0.0,0.0,0.0,0.0,0.0,0.0
BtcGF,BTCUSDc,165,20.5025,41.005,3,1.9544,14.77,395,38.481,1,15,0,0.015,1.4,1.5,0.0,0.5,16385,1,34.95,4,0,1,5,0.5,4.472,2.97,-0.028,5.429,-2.0,0.993,2.976,-3.0,1.496,0.961,-0.508,-2.505,-0.506,-3.0,-0.522,3.482,0.995,0.989,-1.009,-1.028,1.464,-1.501,0.893,-2.51,-0.398,-1.507,-0.5,-3.5,0.586,-1.5,-0.505,2.83,1.864,-1.505,-4.0,7.041,-2.0,-0.024,-2.0,-3.0,1.403,-3.0,-1.0,-4.0,3.876,4.978,-1.501,2.0,-3.0,0.0,-1.0,0.0,3.167,2.978,-1.0,-1.0,0.0,-1.0,1.494,-1.0,0.0,0.0,0.0,0.0,0.0,-1.0,0.0,0.0,-1.0,0.0,0.0,1.499,-1.0,0.0,0.0,1.498,-2.0,-0.505,1.498,2.144,-2.0,0.5,4.954,0.494,4.959,1.841,1.494,1.414,9.064,4.404,-1.516,-1.847,-2.508,0.996,-3.0,1.775,1.971,6.285,-0.513,0.991,0.989,3.465,1.412,-2.507,5.52,3.427,-1.018,-2.504,-1.004,0.988,-3.504,-2.527,-6.0,2.107,0.683,-2.0,1.851,0.488,4.972,1.995,0.0,0.0,0.0,0.0,0.0,0.0,0.0,0.0,0.0,0.0
BtcGF,BTCUSDc,298,4.838,9.676,3,0.3994,100.69,331,21.148,1,15,0,0.015,1.7,3.0,0.0,0.5,16385,1,-0.067,14,0,1,15,0.75,1.993,0.991,-0.02,0.0,-1.0,-3.0,2.977,-3.0,2.992,1.994,-2.0,-4.0,-3.0,-3.0,-1.0,-2.0,2.022,0.988,-2.01,-6.0,3.219,-4.0,0.991,9.724,-0.003,-4.0,0.999,-2.001,6.73,-0.016,-3.0,10.733,6.092,-0.011,-4.0,5.54,-2.0,-0.042,-2.0,-3.0,3.2,-2.0,-1.0,-2.0,-4.0,6.964,-3.0,1.999,-3.0,0.0,0.0,-1.0,7.966,5.956,-1.0,-1.0,0.0,-1.0,-1.0,-1.0,0.0,0.0,0.0,0.0,0.0,-1.0,0.0,0.0,-1.0,0.0,0.0,2.998,-1.0,0.0,0.0,-1.0,-2.0,-2.0,2.995,-1.0,-2.0,-2.0,1.982,5.416,0.981,-0.969,-1.007,1.973,-0.57,2.985,-0.033,-0.529,-1.016,0.995,-3.0,-4.0,1.994,-3.0,0.973,4.166,0.994,12.74,-4.0,-5.0,0.032,4.674,5.711,-1.008,-4.0,0.99,-2.008,-4.0,-5.999,-3.0,4.79,-2.0,-3.0,-4.0,6.975,1.484,0.0,0.0,0.0,0.0,0.0,0.0,0.0,0.0,0.0,0.0
BtcGF,BTCUSDc,299,4.9165,9.833,3,0.4059,99.08,331,21.148,1,15,0,0.015,2.0,3.0,0.0,0.5,16385,1,0.09,14,0,1,15,0.75,1.993,0.991,-0.02,0.0,-1.0,-3.0,2.977,-3.0,2.992,1.994,-2.0,-4.0,-3.0,-3.0,-1.0,-2.0,2.022,0.988,-2.01,-6.0,3.219,-4.0,0.991,9.724,-0.003,-4.0,0.999,-2.001,6.73,-0.016,-3.0,10.736,6.092,-0.011,-4.0,5.54,-2.0,-0.042,-2.0,-3.0,3.2,-2.0,-1.0,-2.0,-4.0,6.964,-3.0,1.999,-3.0,0.0,0.0,-1.0,7.966,5.956,-1.0,-1.0,0.0,-1.0,-1.0,-1.0,0.0,0.0,0.0,0.0,0.0,-1.0,0.0,0.0,-1.0,0.0,0.0,2.998,-1.0,0.0,0.0,-1.0,-2.0,-2.0,2.995,-1.0,-2.0,-2.0,1.982,5.416,0.981,-0.969,-1.007,1.973,-0.57,2.985,-0.033,-0.529,-1.016,0.995,-3.0,-4.0,1.994,-3.0,0.973,4.32,0.994,12.74,-4.0,-5.0,0.032,4.674,5.711,-1.008,-4.0,0.99,-2.008,-4.0,-5.999,-3.0,4.79,-2.0,-3.0,-4.0,6.975,1.484,0.0,0.0,0.0,0.0,0.0,0.0,0.0,0.0,0.0,0.0
BtcGF,BTCUSDc,119,43.9607,65.941,4,1.6068,69.89,381,17.5853,1,15,0,0.015,2.0,3.0,0.0,0.5,16385,1,19.857,15,0,1,10,0.25,1.993,0.991,3.841,0.0,-3.0,-3.0,1.977,-3.0,2.992,0.994,-3.0,-4.0,-3.0,-3.0,-4.0,-4.0,6.529,-0.012,-2.01,-6.0,12.273,-4.0,0.991,26.009,-3.0,-4.0,0.999,-2.001,-1.007,-0.016,-3.0,9.481,-5.0,-0.011,-4.0,43.085,-2.0,-1.042,-2.0,-3.0,12.773,-3.0,-2.0,-4.0,-4.0,6.964,-4.0,1.999,-3.0,0.0,-1.0,0.0,-2.0,5.956,-1.0,-1.0,0.0,-1.0,-1.0,-1.0,0.0,0.0,0.0,0.0,0.0,-1.0,0.0,0.0,-1.0,0.0,0.0,2.998,-1.0,0.0,0.0,-1.0,-2.0,0.989,2.995,-2.0,-2.0,-2.0,1.982,14.268,-0.019,11.558,-1.007,0.973,1.661,2.985,-1.033,-7.0,-1.016,0.995,-1.003,-6.0,0.994,3.325,-2.027,-3.002,0.994,13.774,-4.0,-5.0,16.228,27.644,-4.0,1.979,-4.0,-0.01,-2.008,-4.0,-6.0,-4.0,-5.0,-3.0,-5.0,-4.0,6.976,-3.0,0.0,0.0,0.0,0.0,0.0,0.0,0.0,0.0,0.0,0.0
BtcGF,BTCUSDc,136,32.7375,65.475,3,1.7107,83.85,363,19.8347,1,15,0,0.015,1.1,3.0,0.0,0.5,16385,1,10.575,9,0,1,15,0.25,1.993,0.991,2.965,0.0,-1.0,-3.0,2.977,-3.0,2.992,0.994,-3.0,-4.0,-3.0,-3.0,-3.0,-3.0,7.222,0.988,-2.01,-6.0,12.273,-4.0,0.991,29.885,-0.003,-4.0,0.999,-2.001,6.865,-0.016,-3.0,18.34,-4.0,-0.011,-4.0,50.9,-2.0,-1.042,-2.0,-3.0,10.207,-2.0,-2.0,-4.0,-4.0,6.964,-4.0,1.999,-3.0,0.0,-1.0,0.0,-0.999,5.956,-1.0,-1.0,0.0,-1.0,-1.0,-1.0,0.0,0.0,0.0,0.0,0.0,-1.0,0.0,0.0,-1.0,0.0,0.0,2.998,-1.0,0.0,0.0,-1.0,-2.0,0.989,2.995,-2.0,-2.0,-2.0,1.982,15.513,0.981,-0.968,-1.007,1.973,-0.57,2.985,-1.033,-0.529,-1.016,3.993,-4.0,-5.0,1.994,-3.0,-2.027,-0.953,-0.006,7.928,-4.0,-5.0,3.021,4.674,5.711,-1.008,-1.004,-0.01,-3.009,-4.0,-6.0,-5.0,-5.0,-3.0,-5.0,-4.0,6.975,1.484,0.0,0.0,0.0,0.0,0.0,0.0,0.0,0.0,0.0,0.0
BtcGF,BTCUSDc,319,10.999,21.998,3,0.8881,38.82,315,22.5397,1,15,0,0.015,2.0,3.0,0.0,0.5,16385,1,13.458,13,0,1,20,0.75,1.993,1.991,-0.02,0.0,-1.0,-2.0,2.977,-3.0,2.992,1.994,-2.0,-4.0,-3.0,-3.0,-1.0,-2.0,2.023,0.988,-5.0,-6.0,3.219,-4.0,0.991,6.997,-0.003,-3.0,0.999,-2.001,5.532,-0.016,-3.0,2.866,5.401,4.347,-4.0,12.119,-2.0,-0.042,-2.0,-3.0,3.2,-2.0,-1.0,-2.0,2.065,6.964,1.363,1.999,-3.0,0.0,0.0,-1.0,6.478,5.956,-1.0,-1.0,0.0,-1.0,-1.0,-0.999,0.0,0.0,0.0,0.0,0.0,-1.0,0.0,0.0,-1.0,0.0,0.0,2.998,-1.0,0.0,0.0,-1.0,-2.0,-2.0,2.995,-1.0,-2.0,-2.0,1.982,5.416,1.981,-0.969,-0.007,1.973,8.032,-0.003,-0.033,-2.292,-1.016,0.995,-2.0,-4.0,6.505,-3.0,-1.027,-0.953,0.994,11.439,-4.0,-3.0,-3.0,-0.763,5.012,-1.008,-2.0,4.59,-2.009,-4.0,-2.0,-4.0,4.4,-2.0,-3.0,-4.0,6.975,2.418,0.0,0.0,0.0,0.0,0.0,0.0,0.0,0.0,0.0,0.0
BtcGF,BTCUSDc,259,7.8965,15.793,3,0.6289,88.72,336,19.6429,1,15,0,0.015,2.0,3.0,0.0,0.5,16385,1,1.781,18,0,1,5,0.75,1.993,1.991,1.176,0.0,-1.0,-3.0,1.977,-3.0,2.992,1.994,-2.0,-4.0,-3.0,-3.0,-1.0,-2.0,0.394,-0.012,-2.01,-6.0,2.826,-4.0,0.991,9.724,-3.0,-4.0,0.999,-2.001,-0.007,-0.016,-3.0,15.856,11.012,-0.011,-4.0,5.54,-2.0,-0.042,-2.0,-3.0,3.2,-2.0,-1.0,-2.0,-4.0,6.964,-3.0,1.999,-3.0,0.0,0.0,-1.0,7.966,5.956,-1.0,-1.0,0.0,-1.0,-1.0,-1.0,0.0,0.0,0.0,0.0,0.0,-1.0,0.0,0.0,-1.0,0.0,0.0,2.998,-1.0,0.0,0.0,-1.0,-2.0,-2.0,2.995,-1.0,-2.0,-2.0,1.982,5.416,-0.019,1.041,-1.007,1.973,2.026,6.431,-0.033,-2.141,-1.016,0.995,-3.0,-4.0,1.994,-3.0,0.973,7.304,0.994,12.74,-4.0,-5.0,1.112,7.729,-4.0,1.979,-4.0,5.91,-2.009,-4.0,-5.999,-3.0,5.999,-2.0,-3.0,-4.0,6.975,-3.0,0.0,0.0,0.0,0.0,0.0,0.0,0.0,0.0,0.0,0.0
BtcGF,BTCUSDc,283,10.548,21.096,3,1.5225,8.7,415,51.0843,1,15,0,0.015,2.0,1.0,0.0,0.5,16385,1,19.26,0,0,1,15,0.75,2.982,2.979,-2.014,1.511,-0.631,2.985,1.977,-0.029,0.997,-0.013,-1.005,-1.005,-1.004,-1.004,-0.01,1.988,2.401,-0.007,-2.006,-2.018,-0.023,-0.001,1.3,-3.006,2.969,-0.013,0.999,-4.0,-0.627,0.0,0.995,2.096,2.563,-2.004,-2.32,-1.009,-1.014,1.806,-2.0,-3.0,-0.52,0.11,0.969,-0.003,1.98,2.986,-3.0,1.0,-3.0,0.0,0.0,-1.0,1.405,1.986,0.995,-1.0,0.0,1.99,0.996,0.991,0.0,0.0,0.0,0.0,0.0,-1.0,0.0,0.0,-1.0,0.0,0.0,0.999,-1.0,0.0,0.0,0.998,-0.014,0.655,0.998,-0.013,-2.0,0.0,1.988,-0.004,4.965,-1.011,-0.004,-2.01,3.069,1.458,-1.017,-2.005,-0.594,1.994,-1.016,-0.7,0.976,2.369,0.725,-1.991,-0.007,1.975,1.99,2.54,1.973,3.981,-0.017,-3.003,-3.001,2.773,-4.002,2.398,-5.004,-2.479,2.377,3.149,-2.003,-0.008,2.982,0.997,0.0,0.0,0.0,0.0,0.0,0.0,0.0,0.0,0.0,0.0
BtcGF,BTCUSDc,179,18.391,36.782,3,1.1927,58.56,360,19.1667,1,15,0,0.015,2.0,3.0,0.0,0.5,16385,1,15.241,16,0,1,5,0.5,1.993,1.991,4.161,0.0,-2.0,-3.0,1.977,-3.0,2.992,0.994,-3.0,-4.0,-3.0,-3.0,-3.0,-4.0,0.394,-0.012,-2.009,-6.0,2.826,-4.0,0.991,17.196,-3.0,-4.0,0.999,-2.001,-1.007,-0.016,-3.0,4.77,-4.0,-0.011,-4.0,13.08,-2.0,-0.042,-2.0,-3.0,5.57,-3.0,-1.0,-4.0,-4.0,6.964,-4.0,1.999,-3.0,0.0,-1.0,0.0,14.711,5.956,-1.0,-1.0,0.0,-1.0,-1.0,-1.0,0.0,0.0,0.0,0.0,0.0,-1.0,0.0,0.0,-1.0,0.0,0.0,2.998,-1.0,0.0,0.0,-1.0,-2.0,0.99,2.995,-2.0,-1.0,-2.0,1.982,5.914,-0.019,3.67,-1.007,1.973,4.708,6.431,-1.033,-2.141,-1.016,3.993,-3.0,-4.0,1.994,-3.0,0.973,17.541,0.994,6.928,-4.0,-5.0,8.875,11.912,-4.0,1.979,-1.004,6.178,-2.009,-4.0,-6.0,-3.0,8.542,-2.0,-4.0,-4.0,6.975,-3.0,0.0,0.0,0.0,0.0,0.0,0.0,0.0,0.0,0.0,0.0
BtcGF,BTCUSDc,33,5.6545,11.309,3,0.256,327.91,376,21.0106,1,15,0,0.015,1.4,2.5,0.0,0.5,16385,1,-25.774,9,0,1,10,0.0,1.494,3.971,2.531,0.0,-1.0,0.656,1.981,-3.0,2.493,0.495,-3.0,-4.0,-3.0,-3.0,-4.0,-0.512,3.786,-0.51,-1.507,-6.0,-0.525,-4.0,-1.508,-1.516,-3.0,-0.511,0.499,-2.501,2.604,-0.515,-3.0,3.057,-5.0,-0.509,-4.0,34.084,-2.0,-1.535,-2.0,-3.0,0.481,-2.0,-2.0,-4.0,-3.999,5.47,-4.0,1.499,-3.0,0.0,-1.0,0.0,-2.0,4.963,-1.0,-1.0,0.0,-1.0,-1.0,-1.0,0.0,0.0,0.0,0.0,0.0,-1.0,0.0,0.0,-1.0,0.0,0.0,2.499,-1.0,0.0,0.0,-1.0,-2.0,0.491,2.496,-2.0,-2.0,-2.0,1.485,9.918,-0.516,9.089,1.992,-0.022,3.123,-0.502,-0.527,-7.0,-1.514,0.496,-1.503,-5.0,0.495,2.277,-2.522,-1.463,0.495,12.933,-4.0,-5.0,18.778,11.506,-4.0,0.982,-4.0,-0.508,-2.507,5.431,-6.0,-4.0,-6.0,-3.0,14.512,-4.0,8.975,0.504,0.0,0.0,0.0,0.0,0.0,0.0,0.0,0.0,0.0,0.0
BtcGF,BTCUSDc,16,84.5095,169.019,3,4.8293,71.98,377,18.5676,1,15,0,0.015,1.1,3.0,0.0,0.5,16385,1,47.358,14,0,1,5,0.0,1.993,1.991,4.161,0.0,-2.0,-3.0,1.977,-3.0,2.992,0.994,-3.0,-4.0,-3.0,-3.0,-4.0,-4.0,0.394,-0.012,-2.01,-6.0,2.826,-4.0,0.991,67.213,-3.0,-4.0,0.999,-2.001,-1.007,-0.016,-3.0,4.926,-5.0,-0.011,-5.0,-2.034,-2.0,-0.042,-2.0,-3.0,6.359,-3.0,-1.0,-3.999,-4.0,6.964,1.058,1.999,-3.0,0.0,-1.0,0.0,10.19,5.956,-1.0,-1.0,0.0,-1.0,-1.0,-1.0,0.0,0.0,0.0,0.0,0.0,-1.0,0.0,0.0,-1.0,0.0,0.0,2.998,-1.0,0.0,0.0,-1.0,-2.0,-0.011,2.995,-2.0,-2.0,-2.0,1.982,5.914,-0.019,10.567,-1.007,1.973,117.661,6.431,-1.033,-2.141,-1.015,3.993,-4.0,-5.0,0.994,8.017,-2.027,-3.002,0.994,6.928,-4.0,-5.0,14.731,20.124,-4.0,1.979,-1.004,6.178,-2.009,-4.0,-5.999,-5.0,-5.0,-3.0,-5.0,-4.0,6.976,-3.0,0.0,0.0,0.0,0.0,0.0,0.0,0.0,0.0,0.0,0.0
BtcGF,BTCUSDc,206,21.626,32.439,4,1.3105,18.67,395,38.7342,1,15,0,0.015,1.7,1.5,0.0,0.5,16385,1,26.384,4,0,1,15,0.5,4.472,2.97,-0.028,5.429,-1.0,0.994,2.976,-3.0,1.496,0.961,-0.508,-2.505,-0.506,-3.0,-0.522,3.482,0.995,0.989,-1.009,-1.028,1.464,-1.501,0.893,-2.51,-1.501,-1.507,-0.5,-3.5,-0.345,-1.5,-0.505,2.76,0.196,-1.505,-4.0,7.041,-2.0,-1.024,-2.0,-3.0,1.403,-2.0,-1.0,-4.0,3.981,4.978,-1.501,2.0,-3.0,0.0,-1.0,0.0,3.081,2.978,-1.0,-1.0,0.0,-1.0,1.494,-1.0,0.0,0.0,0.0,0.0,0.0,-1.0,0.0,0.0,-1.0,0.0,0.0,1.499,-1.0,0.0,0.0,1.498,-2.0,-0.505,1.498,2.144,-2.0,0.5,3.173,0.494,4.959,-2.492,1.494,0.901,7.614,4.404,-1.516,-1.452,-2.508,0.996,-3.0,2.063,1.971,6.248,-0.513,1.221,0.989,3.465,1.132,-2.507,3.979,1.485,1.634,-2.504,-1.004,0.988,-3.504,-2.527,-6.0,2.738,3.978,-2.0,0.423,0.488,4.972,1.995,0.0,0.0,0.0,0.0,0.0,0.0,0.0,0.0,0.0,0.0
BtcGF,BTCUSDc,210,23.8793,35.819,4,1.5595,26.29,368,32.337,1,15,0,0.015,1.7,2.0,0.0,0.5,16385,1,26.401,6,0,1,15,0.5,5.964,3.952,0.963,-1.0,-1.0,2.16,0.985,-3.0,1.994,1.954,-3.0,-2.007,-0.008,-3.0,1.084,7.623,1.993,-0.008,-0.013,-3.016,-1.022,-1.002,7.254,-2.013,-1.002,-1.009,-0.001,-3.001,1.887,-1.0,-3.0,2.447,1.398,-1.007,-4.0,9.412,-2.0,-2.028,-2.0,-3.0,2.78,-2.0,-1.0,-4.0,3.121,3.977,-1.002,2.998,-3.0,0.0,-1.0,0.0,8.01,3.971,-1.0,-1.0,0.0,-1.0,1.993,-1.0,0.0,0.0,0.0,0.0,0.0,-1.0,0.0,0.0,-1.0,0.0,0.0,1.999,-1.0,0.0,0.0,-1.0,-2.0,-0.007,1.997,-2.0,-1.0,0.992,4.274,0.992,-0.013,-1.984,2.991,4.216,-0.008,0.979,-1.022,-1.8,-2.011,1.996,-3.0,-4.0,2.966,10.772,-0.018,4.01,1.986,4.953,3.341,-5.0,1.013,4.102,2.323,-2.005,-2.003,1.984,-3.006,-1.033,-6.0,-3.0,-0.891,-2.0,-3.999,-1.015,8.973,2.994,0.0,0.0,0.0,0.0,0.0,0.0,0.0,0.0,0.0,0.0
BtcGF,BTCUSDc,297,4.7955,9.591,3,0.3959,101.58,331,21.148,1,15,0,0.015,1.4,3.0,0.0,0.5,16385,1,-0.152,14,0,1,15,0.75,1.993,0.991,-0.02,0.0,-1.0,-3.0,2.977,-3.0,2.992,1.994,-2.0,-4.0,-3.0,-3.0,-1.0,-2.0,2.022,0.988,-2.01,-6.0,3.219,-4.0,0.991,9.724,-0.003,-4.0,0.999,-2.001,6.73,-0.016,-3.0,10.725,6.092,-0.011,-4.0,5.54,-2.0,-0.042,-2.0,-3.0,3.2,-2.0,-1.0,-2.0,-4.0,6.964,-3.0,1.999,-3.0,0.0,0.0,-1.0,7.966,5.956,-1.0,-1.0,0.0,-1.0,-1.0,-1.0,0.0,0.0,0.0,0.0,0.0,-1.0,0.0,0.0,-1.0,0.0,0.0,2.998,-1.0,0.0,0.0,-1.0,-2.0,-2.0,2.995,-1.0,-2.0,-2.0,1.982,5.416,0.981,-0.969,-1.007,1.973,-0.57,2.985,-0.033,-0.529,-1.016,0.995,-3.0,-4.0,1.994,-3.0,0.973,4.089,0.994,12.74,-4.0,-5.0,0.032,4.674,5.711,-1.008,-4.0,0.99,-2.008,-4.0,-5.999,-3.0,4.79,-2.0,-3.0,-4.0,6.975,1.484,0.0,0.0,0.0,0.0,0.0,0.0,0.0,0.0,0.0,0.0
BtcGF,BTCUSDc,164,20.4855,40.971,3,1.9528,14.78,395,38.481,1,15,0,0.015,1.1,1.5,0.0,0.5,16385,1,34.916,4,0,1,5,0.5,4.472,2.97,-0.028,5.429,-2.0,0.993,2.976,-3.0,1.496,0.961,-0.508,-2.505,-0.506,-3.0,-0.522,3.482,0.995,0.989,-1.009,-1.028,1.464,-1.501,0.893,-2.51,-0.398,-1.507,-0.5,-3.5,0.586,-1.5,-0.505,2.83,1.864,-1.505,-4.0,7.041,-2.0,-0.024,-2.0,-3.0,1.403,-3.0,-1.0,-4.0,3.876,4.978,-1.501,2.0,-3.0,0.0,-1.0,0.0,3.167,2.978,-1.0,-1.0,0.0,-1.0,1.494,-1.0,0.0,0.0,0.0,0.0,0.0,-1.0,0.0,0.0,-1.0,0.0,0.0,1.499,-1.0,0.0,0.0,1.498,-2.0,-0.505,1.498,2.144,-2.0,0.5,4.954,0.494,4.959,1.841,1.494,1.414,9.064,4.404,-1.516,-1.847,-2.508,0.996,-3.0,1.775,1.971,6.285,-0.513,0.991,0.989,3.465,1.412,-2.507,5.52,3.427,-1.018,-2.504,-1.004,0.988,-3.504,-2.527,-6.0,2.073,0.683,-2.0,1.851,0.488,4.972,1.995,0.0,0.0,0.0,0.0,0.0,0.0,0.0,0.0,0.0,0.0
BtcGF,BTCUSDc,293,-1.7075,-3.415,3,-0.116,0.0,342,24.269,1,15,0,0.015,1.4,2.5,0.0,0.5,16385,1,-10.577,8,0,1,15,0.75,1.494,3.971,-0.52,0.0,-1.0,-0.212,1.981,-3.0,2.493,1.495,3.542,-4.0,-3.0,-3.0,-1.0,3.014,3.239,0.49,0.985,-6.0,1.461,-4.0,7.654,-1.516,-0.502,-0.511,0.499,-2.501,3.002,-0.515,-3.0,4.121,1.657,-0.509,-4.0,3.865,-2.0,-0.535,-2.0,-3.0,2.268,-2.0,-1.0,-2.0,-4.0,5.47,-3.0,1.499,-3.0,0.0,0.0,-1.0,6.28,4.963,-1.0,-1.0,0.0,-1.0,-1.0,-1.0,0.0,0.0,0.0,0.0,0.0,-1.0,0.0,0.0,-1.0,0.0,0.0,2.499,-1.0,0.0,0.0,-1.0,-2.0,-2.0,2.496,-1.0,-2.0,-2.0,1.485,3.838,0.484,-1.476,1.992,0.978,1.328,-0.502,-0.527,-1.159,-1.514,0.496,-3.0,-4.0,1.495,8.181,0.478,4.921,0.495,11.438,-4.0,-5.0,-0.474,2.891,4.5,-1.507,-4.0,0.492,-2.506,-4.0,-5.999,-3.0,3.164,-2.0,-3.0,-4.0,8.975,0.501,0.0,0.0,0.0,0.0,0.0,0.0,0.0,0.0,0.0,0.0
BtcGF,BTCUSDc,282,10.499,20.998,3,1.5154,8.74,415,51.0843,1,15,0,0.015,1.7,1.0,0.0,0.5,16385,1,19.162,0,0,1,15,0.75,2.982,2.979,-2.014,1.511,-0.631,2.985,1.977,-0.029,0.997,-0.013,-1.005,-1.005,-1.004,-1.004,-0.01,1.988,2.401,-0.007,-2.006,-2.018,-0.023,-0.001,1.3,-3.006,2.969,-0.013,0.999,-4.0,-0.627,0.0,0.995,2.096,2.563,-2.004,-2.32,-1.009,-1.014,1.806,-2.0,-3.0,-0.52,0.11,0.969,-0.003,1.98,2.986,-3.0,1.0,-3.0,0.0,0.0,-1.0,1.405,1.986,0.995,-1.0,0.0,1.99,0.996,0.991,0.0,0.0,0.0,0.0,0.0,-1.0,0.0,0.0,-1.0,0.0,0.0,0.999,-1.0,0.0,0.0,0.998,-0.014,0.655,0.998,-0.013,-2.0,0.0,1.988,-0.004,4.965,-1.011,-0.004,-2.01,3.069,1.458,-1.017,-2.005,-0.594,1.994,-1.016,-0.7,0.976,2.369,0.725,-1.991,-0.007,1.975,1.99,2.54,1.973,3.981,-0.017,-3.003,-3.001,2.773,-4.002,2.398,-5.004,-2.479,2.377,3.051,-2.003,-0.008,2.982,0.997,0.0,0.0,0.0,0.0,0.0,0.0,0.0,0.0,0.0,0.0
BtcGF,BTCUSDc,268,2.633,7.899,2,0.2612,65.25,360,30.8333,1,15,0,0.015,1.1,2.0,0.0,0.5,16385,1,2.745,1,0,1,10,0.75,5.964,3.952,-1.027,-1.0,-1.0,2.665,-0.015,-3.0,1.994,1.954,-3.0,-2.007,-0.008,-3.0,2.391,4.578,1.993,-1.008,-0.013,-3.016,-1.022,-1.002,4.576,-2.013,0.334,-1.009,-0.001,-3.001,1.479,-1.0,-3.0,1.382,0.437,-1.007,-4.0,5.148,-2.0,-1.028,-2.0,-3.0,1.334,-2.0,-1.0,-2.0,-1.001,3.977,-3.0,2.998,-3.0,0.0,0.0,-1.0,4.594,3.971,-1.0,-1.0,0.0,-1.0,1.993,-1.0,0.0,0.0,0.0,0.0,0.0,-1.0,0.0,0.0,-1.0,0.0,0.0,1.999,-1.0,0.0,0.0,-1.0,-2.0,-2.0,1.997,-1.0,-2.0,1.337,4.531,0.992,-1.013,-1.333,2.991,3.189,-0.008,-1.002,-1.022,-7.0,-2.011,-0.003,-3.0,-4.0,2.966,8.917,-0.018,1.732,1.986,4.953,2.597,-5.0,-0.264,10.426,-0.908,-0.014,-4.0,2.984,-3.006,-1.033,-5.999,-3.0,5.448,-2.0,-3.0,-1.015,8.973,2.994,0.0,0.0,0.0,0.0,0.0,0.0,0.0,0.0,0.0,0.0
BtcGF,BTCUSDc,62,16.7087,25.063,4,1.3156,47.82,420,50.0,1,15,0,0.015,1.7,1.0,0.0,0.5,16385,1,13.077,1,0,1,20,0.0,2.982,2.979,-2.014,2.778,-1.007,2.985,1.977,-0.029,0.997,-0.013,-1.005,-1.005,-1.004,-1.004,-0.01,1.988,2.002,-0.007,-3.003,-2.018,-0.023,-0.001,0.985,-3.006,2.969,-0.013,0.999,-4.0,-1.007,0.0,0.995,-0.016,-1.003,-2.004,7.986,1.014,-1.014,1.605,-2.0,-3.0,1.623,0.004,0.969,1.998,1.98,2.986,-0.914,1.0,-3.0,0.0,-1.0,0.0,1.018,1.986,0.995,-1.0,0.0,1.99,0.996,0.991,0.0,0.0,0.0,0.0,0.0,-1.0,0.0,0.0,-1.0,0.0,0.0,0.999,-1.0,0.0,0.0,0.998,-0.014,0.97,0.998,-0.013,-2.0,0.0,1.988,-0.004,4.965,-1.011,-0.004,-2.01,2.979,3.154,-1.017,0.007,1.334,1.994,-2.016,-1.862,0.976,3.192,-3.009,-1.991,-0.007,1.975,1.99,-0.007,1.973,4.032,-0.017,-3.003,-2.002,-0.008,-5.003,-0.012,-5.005,-0.055,1.984,1.0,-2.003,-0.008,2.982,0.997,0.0,0.0,0.0,0.0,0.0,0.0,0.0,0.0,0.0,0.0
BtcGF,BTCUSDc,140,13.4087,20.113,4,1.0558,28.61,421,49.4062,1,15,0,0.015,1.1,1.0,0.0,0.5,16385,1,14.359,1,0,1,20,0.25,2.982,2.979,-2.014,-1.0,-1.007,2.985,1.977,-0.029,0.997,-0.013,-1.005,-1.005,-1.004,-1.004,-0.01,1.988,-0.003,-0.007,-3.003,-2.018,-0.023,-0.001,2.435,-3.006,2.969,-0.013,0.999,-4.0,-1.007,0.0,0.995,-0.016,-1.003,-2.004,1.754,-0.011,-1.014,1.605,-2.0,-3.0,1.612,0.004,0.969,1.998,1.98,2.986,-0.914,1.0,-3.0,0.0,-1.0,0.0,1.018,1.986,0.995,-1.0,0.0,1.99,0.996,0.991,0.0,0.0,0.0,0.0,0.0,-1.0,0.0,0.0,-1.0,0.0,0.0,0.999,-1.0,0.0,0.0,0.998,-0.014,2.623,0.998,-0.013,-2.0,0.0,1.988,-0.004,4.965,-1.011,-0.004,-2.01,5.391,3.154,-1.017,-2.005,0.957,1.994,-2.016,-1.862,0.976,3.192,-3.009,-1.991,-0.007,1.975,1.99,4.974,1.973,4.032,-0.017,-3.003,-2.002,-0.008,-5.003,-0.012,-5.005,-0.061,1.984,1.0,-2.003,-0.008,2.982,0.997,0.0,0.0,0.0,0.0,0.0,0.0,0.0,0.0,0.0,0.0
BtcGF,BTCUSDc,73,47.2413,70.862,4,2.2371,55.36,344,25.2907,1,15,0,0.015,1.4,2.5,0.0,0.5,16385,1,31.634,11,0,1,20,0.0,1.494,1.492,-0.52,0.0,-1.0,-0.158,1.981,-3.0,2.493,1.495,15.207,-4.0,-3.0,-3.0,-3.0,6.915,3.619,0.49,-1.507,-6.0,2.236,-4.0,6.829,-1.516,-0.502,3.487,0.499,-2.501,1.995,-0.515,-3.0,-2.509,-4.0,3.0,-4.0,40.775,-2.0,-0.535,-2.0,-3.0,10.014,-2.0,-2.0,-4.0,-3.0,5.47,0.794,1.499,-3.0,0.0,-1.0,0.0,7.372,4.963,-1.0,-1.0,0.0,-1.0,-1.0,-0.999,0.0,0.0,0.0,0.0,0.0,-1.0,0.0,0.0,-1.0,0.0,0.0,2.499,-1.0,0.0,0.0,-1.0,-2.0,0.491,2.496,-2.0,-2.0,-2.0,1.485,1.483,1.484,-1.476,1.992,0.978,7.059,19.65,-0.527,-2.985,-1.514,0.496,-3.0,-4.0,5.369,14.274,-1.522,-1.463,0.495,8.955,-4.0,-4.0,-0.51,-1.311,3.992,-1.507,0.508,0.872,-3.507,-4.0,-2.0,-5.0,-5.0,-2.999,-1.214,0.488,8.975,1.499,0.0,0.0,0.0,0.0,0.0,0.0,0.0,0.0,0.0,0.0
BtcGF,BTCUSDc,85,10.076,20.152,3,0.7484,94.31,407,35.6265,1,15,0,0.015,1.4,1.5,0.0,0.5,16385,1,1.146,8,0,1,5,0.25,4.472,2.97,-0.028,-1.0,-2.0,0.993,2.976,-3.0,1.496,0.961,-0.508,-2.505,-0.506,-3.0,-1.522,3.482,0.995,0.989,-1.009,-1.028,1.464,-1.501,3.585,-2.51,-0.398,-1.507,-0.5,-3.5,2.489,-1.5,-0.505,2.83,-5.0,-1.505,-4.0,18.992,-2.0,-0.024,-2.0,-3.0,1.733,-3.0,-1.0,-4.0,3.876,4.978,-1.501,2.0,-3.0,0.0,-1.0,0.0,-2.0,2.978,-1.0,-1.0,0.0,-1.0,1.494,-1.0,0.0,0.0,0.0,0.0,0.0,-1.0,0.0,0.0,-1.0,0.0,0.0,1.499,-1.0,0.0,0.0,1.498,-2.0,-0.505,1.498,4.394,-2.0,0.5,7.827,0.494,4.959,4.068,1.494,1.414,11.359,4.43,-1.516,-1.847,-2.508,0.996,-4.0,-5.0,0.971,2.46,-3.513,-4.501,0.989,3.465,2.452,-2.507,5.948,6.458,-1.018,-2.504,-1.004,0.988,-3.504,-2.527,-6.0,-5.0,1.797,-1.503,-4.0,0.488,4.972,1.995,0.0,0.0,0.0,0.0,0.0,0.0,0.0,0.0,0.0,0.0
BtcGF,BTCUSDc,175,25.2967,37.945,4,1.4903,39.55,365,23.0137,1,15,0,0.015,2.0,2.5,0.0,0.5,16385,1,22.937,18,0,1,5,0.5,1.494,1.492,2.738,0.0,-2.0,-0.249,0.981,-3.0,2.493,0.495,-3.0,-4.0,-3.0,-3.0,-3.0,-0.512,3.041,-0.51,0.985,-6.0,1.221,-4.0,12.729,-1.516,-3.0,-0.511,0.499,-2.501,4.711,-0.515,-3.0,5.929,6.26,-0.509,-4.0,9.783,-2.0,-0.535,-2.0,-3.0,4.175,-3.0,-1.0,-4.0,-4.0,5.47,-4.0,1.499,-3.0,0.0,-1.0,0.0,11.447,4.963,-1.0,-1.0,0.0,-1.0,-1.0,-1.0,0.0,0.0,0.0,0.0,0.0,-1.0,0.0,0.0,-1.0,0.0,0.0,2.499,-1.0,0.0,0.0,-1.0,-2.0,0.492,2.496,-2.0,-1.0,-2.0,1.485,4.18,-0.516,1.89,1.992,0.978,5.491,4.764,-0.527,-2.877,-1.514,2.994,-3.0,-4.0,1.495,12.92,0.478,13.506,0.495,13.357,-4.0,-5.0,5.837,8.47,-4.0,0.982,-1.503,1.213,-2.507,-4.0,-6.0,-3.0,5.353,-2.0,-4.0,-4.0,8.975,-3.0,0.0,0.0,0.0,0.0,0.0,0.0,0.0,0.0,0.0,0.0
BtcGF,BTCUSDc,25,-5.1705,-10.341,3,-0.3435,0.0,401,35.4115,1,15,0,0.015,1.4,1.5,0.0,0.5,16385,1,-26.9,4,0,1,10,0.0,4.472,2.97,-0.028,-1.0,-1.0,0.993,2.976,-3.0,1.496,0.961,-0.508,-2.505,-0.506,-3.0,-1.522,3.482,0.995,0.989,-2.504,-1.028,1.464,-1.501,-3.505,-2.51,-0.336,-1.507,-0.5,-3.5,-0.646,-1.5,-0.505,2.05,-5.0,-1.505,-4.0,17.546,-2.0,-1.024,-2.0,-3.0,-0.513,-2.0,-2.0,-4.0,3.816,4.978,-1.501,2.0,-3.0,0.0,-1.0,0.0,-2.0,2.978,-1.0,-1.0,0.0,-1.0,1.494,-1.0,0.0,0.0,0.0,0.0,0.0,-1.0,0.0,0.0,-1.0,0.0,0.0,1.499,-1.0,0.0,0.0,1.498,-2.0,-0.506,1.498,5.656,-2.0,0.5,3.338,0.494,4.959,2.331,1.494,-3.512,5.49,2.47,-1.516,-1.744,-2.508,-0.503,-3.502,-1.519,0.971,2.46,-3.513,-2.481,0.989,3.465,1.812,-2.507,9.592,5.151,-1.018,-2.504,-2.502,0.988,-3.504,-2.527,-6.0,-4.0,-0.588,-1.503,-4.0,0.488,4.972,1.995,0.0,0.0,0.0,0.0,0.0,0.0,0.0,0.0,0.0,0.0
BtcGF,BTCUSDc,57,-13.4677,-40.403,2,-0.7116,0.0,362,19.337,1,15,0,0.015,1.4,3.0,0.0,0.5,16385,1,-58.117,5,0,1,15,0.0,1.993,0.991,2.965,0.0,-1.0,-3.0,2.977,-3.0,2.992,0.994,-3.0,-4.0,-3.0,-3.0,-2.999,-3.0,-0.002,0.988,-2.009,-6.0,-0.031,-4.0,-1.009,-1.019,-0.003,-4.0,0.999,-2.001,6.865,-0.016,-3.0,22.573,-4.0,-0.011,-5.0,0.7,-2.0,-1.042,-2.0,-3.0,10.207,-2.0,-1.0,-3.999,-4.0,6.964,-4.0,1.999,-3.0,0.0,-1.0,0.0,6.342,5.956,-1.0,-1.0,0.0,-1.0,-1.0,-1.0,0.0,0.0,0.0,0.0,0.0,-1.0,0.0,0.0,-1.0,0.0,0.0,2.998,-1.0,0.0,0.0,-1.0,-2.0,0.989,2.995,-2.0,-2.0,-2.0,1.982,1.987,0.981,-0.968,-1.007,1.973,-0.57,10.349,-1.033,-0.529,-1.016,3.993,-4.0,-5.0,1.994,-3.0,-2.027,-0.953,-0.006,7.928,-4.0,-5.0,3.021,-0.991,5.711,-1.008,-4.0,-0.01,-3.009,-4.0,-6.0,-5.0,-5.0,-3.0,-5.0,-4.0,6.975,1.484,0.0,0.0,0.0,0.0,0.0,0.0,0.0,0.0,0.0,0.0
BtcGF,BTCUSDc,311,24.8542,29.825,5,2.0267,17.28,344,33.7209,1,15,0,0.015,2.0,2.0,0.0,0.5,16385,1,24.671,1,0,1,20,0.75,5.964,3.952,-1.027,-1.0,-1.0,2.192,0.985,-3.0,1.994,1.954,0.608,-2.007,-0.008,-3.0,1.232,4.51,1.993,-0.008,-2.006,-3.016,-1.022,-1.002,3.9,-2.013,-1.002,2.38,-0.001,-3.001,0.997,-1.0,-3.0,6.804,2.043,2.009,-4.0,7.177,-2.0,-1.028,-2.0,-3.0,1.334,-2.0,-1.0,-2.0,-1.002,3.977,0.224,2.998,-3.0,0.0,0.0,-1.0,3.662,3.971,-1.0,-1.0,0.0,-1.0,1.993,-0.999,0.0,0.0,0.0,0.0,0.0,-1.0,0.0,0.0,-1.0,0.0,0.0,1.999,-1.0,0.0,0.0,-1.0,-2.0,-2.0,1.997,-1.0,-2.0,1.049,4.21,0.992,4.227,-1.984,2.991,3.477,2.971,-1.002,-1.022,-3.68,-2.011,-0.003,-2.0,-4.0,2.966,8.888,-2.018,-1.971,1.986,4.953,0.969,0.68,-3.0,1.136,1.999,-2.005,0.002,2.984,-3.006,-1.033,-2.0,-4.0,4.421,-2.0,-3.0,-1.015,8.973,2.994,0.0,0.0,0.0,0.0,0.0,0.0,0.0,0.0,0.0,0.0
BtcGF,BTCUSDc,197,15.5935,31.187,3,1.1664,74.11,361,18.5596,1,15,0,0.015,1.4,3.0,0.0,0.5,16385,1,8.073,17,0,1,10,0.5,1.993,0.991,3.841,0.0,-2.0,-3.0,1.977,-3.0,2.992,0.994,-3.0,-4.0,-3.0,-3.0,-3.0,-4.0,3.322,-0.012,-2.01,-6.0,5.487,-4.0,0.991,15.272,-3.0,-4.0,0.999,-2.001,-1.007,-0.016,-3.0,4.77,-3.999,-0.011,-4.0,13.08,-2.0,-1.042,-2.0,-3.0,5.57,-3.0,-1.0,-3.999,-3.999,6.964,-4.0,1.999,-3.0,0.0,-1.0,0.0,14.711,5.956,-1.0,-1.0,0.0,-1.0,-1.0,-1.0,0.0,0.0,0.0,0.0,0.0,-1.0,0.0,0.0,-1.0,0.0,0.0,2.998,-1.0,0.0,0.0,-1.0,-2.0,0.99,2.995,-2.0,-1.0,-2.0,1.982,7.945,-0.019,3.67,-1.007,0.973,1.661,2.985,-1.033,-7.0,-1.016,0.995,-3.0,-4.0,1.994,-3.0,0.973,19.114,0.994,13.774,-4.0,-4.999,8.875,20.344,-4.0,1.979,-4.0,-0.01,-2.009,-4.0,-6.0,-3.0,7.249,-2.0,-3.999,-4.0,6.976,-3.0,0.0,0.0,0.0,0.0,0.0,0.0,0.0,0.0,0.0,0.0
BtcGF,BTCUSDc,200,21.05,31.575,4,2.1044,9.62,419,51.074,1,15,0,0.015,1.1,1.0,0.0,0.5,16385,1,28.539,0,0,1,15,0.5,2.982,2.979,-1.019,2.286,-0.631,2.985,1.977,-0.029,0.997,-0.013,-1.005,-1.005,-1.004,-1.004,-0.01,1.988,-0.003,-0.007,-2.006,-2.018,-0.023,-0.001,1.585,-3.006,2.969,-0.013,0.999,-4.0,-0.583,0.0,0.995,2.096,2.992,-2.004,-1.448,-1.009,-1.014,2.314,-2.0,-3.0,0.008,0.11,0.969,-0.003,1.98,2.986,-2.001,1.0,-3.0,0.0,-1.0,0.0,2.013,1.986,0.995,-1.0,0.0,1.99,0.996,0.991,0.0,0.0,0.0,0.0,0.0,-1.0,0.0,0.0,-1.0,0.0,0.0,0.999,-1.0,0.0,0.0,0.998,-0.014,1.4,0.998,-0.013,-2.0,0.0,1.988,-0.004,4.965,-1.011,-0.004,-2.01,3.069,1.954,-1.017,-2.005,-0.206,1.994,-1.016,1.113,0.976,2.739,1.687,-1.991,-0.007,1.975,1.99,3.247,1.973,3.981,-0.017,-3.003,-2.002,-0.008,-4.003,3.034,-5.005,-0.73,2.49,3.794,-2.003,-0.008,2.982,0.997,0.0,0.0,0.0,0.0,0.0,0.0,0.0,0.0,0.0,0.0
BtcGF,BTCUSDc,248,8.942,13.413,4,0.6516,40.01,359,30.9192,1,15,0,0.015,1.1,2.0,0.0,0.5,16385,1,8.047,2,0,1,5,0.75,5.964,3.952,-1.027,-1.0,-1.0,2.138,-0.015,-3.0,1.994,1.954,-3.0,-2.007,-0.008,-3.0,2.391,4.578,1.993,-1.008,-0.013,-3.016,-1.022,-1.002,4.576,-2.013,0.212,-1.009,-0.001,-3.001,1.794,-1.0,-3.0,3.04,1.422,-1.007,-4.0,5.148,-2.0,-1.028,-2.0,-3.0,1.334,-2.0,-1.0,-2.0,-1.002,3.977,-3.0,2.998,-3.0,0.0,0.0,-1.0,4.594,3.971,-1.0,-1.0,0.0,-1.0,1.993,-1.0,0.0,0.0,0.0,0.0,0.0,-1.0,0.0,0.0,-1.0,0.0,0.0,1.999,-1.0,0.0,0.0,-1.0,-2.0,-2.0,1.997,-1.0,-2.0,1.405,5.558,0.992,-1.013,-1.333,2.991,4.35,-0.008,1.135,-1.022,-3.612,-2.011,-0.003,-3.0,-4.0,2.966,8.917,-0.018,1.277,1.986,4.953,2.597,-5.0,-0.264,5.809,-0.563,-0.014,-4.0,2.984,-3.006,-1.033,-5.999,-3.0,5.6,-2.0,-3.0,-1.015,8.973,2.994,0.0,0.0,0.0,0.0,0.0,0.0,0.0,0.0,0.0,0.0
BtcGF,BTCUSDc,101,10.6725,21.345,3,1.4166,26.47,427,48.4778,1,15,0,0.015,1.4,1.0,0.0,0.5,16385,1,15.694,2,0,1,10,0.25,2.982,2.979,-1.019,-1.0,1.035,2.985,1.977,-0.029,0.997,-0.013,-1.005,-1.005,-1.004,-1.004,-0.01,1.988,2.088,-0.007,-2.006,-2.018,-0.023,-0.001,1.119,-3.006,2.969,-0.013,0.999,-4.0,-0.777,0.0,0.995,1.98,-1.003,-2.004,1.651,-1.008,-1.014,2.379,-2.0,-3.0,1.612,-3.0,0.969,-0.003,1.98,2.986,-2.001,1.0,-3.0,0.0,-1.0,0.0,-2.0,1.986,0.995,-1.0,0.0,1.99,0.996,0.991,0.0,0.0,0.0,0.0,0.0,-1.0,0.0,0.0,-1.0,0.0,0.0,0.999,-1.0,0.0,0.0,0.998,-0.014,4.09,0.998,-0.013,-2.0,0.0,1.988,-0.004,4.965,-1.011,-0.004,-2.01,2.979,3.442,-1.017,-2.005,0.957,1.994,-2.017,-0.1,-0.024,0.982,-4.009,-5.001,-0.007,1.975,1.99,5.956,1.973,6.621,-0.017,-3.003,-3.001,-0.008,-4.003,3.969,-5.005,1.031,2.872,1.216,-2.003,-0.008,2.982,0.997,0.0,0.0,0.0,0.0,0.0,0.0,0.0,0.0,0.0,0.0
BtcGF,BTCUSDc,68,44.9153,67.373,4,3.2193,44.79,361,32.687,1,15,0,0.015,1.1,2.0,0.0,0.5,16385,1,37.199,7,0,1,20,0.0,5.964,3.952,-1.027,-1.0,-1.0,2.191,0.985,-3.0,1.994,1.954,0.608,-2.007,-0.008,-3.0,-0.768,8.7,1.993,-0.008,-2.006,-3.016,-1.022,-1.002,4.561,-2.013,-1.002,2.339,-0.001,-3.001,0.997,-1.0,-3.0,3.358,-4.0,1.987,-4.0,31.21,-2.0,-1.028,-2.0,-3.0,7.205,-2.0,-2.0,-4.0,0.642,3.977,0.224,2.998,-3.0,0.0,-1.0,0.0,5.145,3.971,-1.0,-1.0,0.0,-1.0,1.993,-0.999,0.0,0.0,0.0,0.0,0.0,-1.0,0.0,0.0,-1.0,0.0,0.0,1.999,-1.0,0.0,0.0,-1.0,-2.0,-0.008,1.997,-2.0,-2.0,1.049,4.21,0.992,4.227,-1.984,2.991,8.438,2.971,9.991,-1.022,-3.679,-2.011,-0.003,-3.0,-4.0,2.966,14.486,-2.018,-1.971,1.986,4.953,0.969,0.765,-1.008,1.136,1.999,-2.005,0.002,1.984,-4.006,-1.033,-2.0,-5.0,-1.979,-2.999,-2.004,-1.015,8.973,2.994,0.0,0.0,0.0,0.0,0.0,0.0,0.0,0.0,0.0,0.0
BtcGF,BTCUSDc,56,-13.4677,-40.403,2,-0.7116,0.0,362,19.337,1,15,0,0.015,1.1,3.0,0.0,0.5,16385,1,-58.117,5,0,1,15,0.0,1.993,0.991,2.965,0.0,-1.0,-3.0,2.977,-3.0,2.992,0.994,-3.0,-4.0,-3.0,-3.0,-2.999,-3.0,-0.002,0.988,-2.009,-6.0,-0.031,-4.0,-1.009,-1.019,-0.003,-4.0,0.999,-2.001,6.865,-0.016,-3.0,22.573,-4.0,-0.011,-5.0,0.7,-2.0,-1.042,-2.0,-3.0,10.207,-2.0,-1.0,-3.999,-4.0,6.964,-4.0,1.999,-3.0,0.0,-1.0,0.0,6.342,5.956,-1.0,-1.0,0.0,-1.0,-1.0,-1.0,0.0,0.0,0.0,0.0,0.0,-1.0,0.0,0.0,-1.0,0.0,0.0,2.998,-1.0,0.0,0.0,-1.0,-2.0,0.989,2.995,-2.0,-2.0,-2.0,1.982,1.987,0.981,-0.968,-1.007,1.973,-0.57,10.349,-1.033,-0.529,-1.016,3.993,-4.0,-5.0,1.994,-3.0,-2.027,-0.953,-0.006,7.928,-4.0,-5.0,3.021,-0.991,5.711,-1.008,-4.0,-0.01,-3.009,-4.0,-6.0,-5.0,-5.0,-3.0,-5.0,-4.0,6.975,1.484,0.0,0.0,0.0,0.0,0.0,0.0,0.0,0.0,0.0,0.0
BtcGF,BTCUSDc,91,25.3667,38.05,4,1.2645,83.0,391,29.156,1,15,0,0.015,2.0,2.0,0.0,0.5,16385,1,6.47,9,0,1,5,0.25,5.964,3.952,0.963,-1.0,-2.0,2.138,-0.015,-3.0,1.994,1.954,-3.0,-2.007,-0.008,-3.0,-4.0,4.983,1.993,-1.008,-0.013,-3.016,-1.022,-1.002,12.74,-2.013,0.212,-1.009,-0.001,-3.001,5.727,-1.0,-3.0,2.04,-5.0,-1.007,-4.0,30.574,-2.0,-1.028,-2.0,-3.0,3.262,-3.0,-1.0,-4.0,2.886,3.977,-1.002,2.998,-3.0,0.0,-1.0,0.0,-2.0,3.971,-1.0,-1.0,0.0,-1.0,1.993,-1.0,0.0,0.0,0.0,0.0,0.0,-1.0,0.0,0.0,-1.0,0.0,0.0,1.999,-1.0,0.0,0.0,-1.0,-2.0,-0.007,1.997,-2.0,-2.0,1.488,11.515,0.992,-1.013,3.893,2.991,5.885,-0.008,3.116,-1.022,-3.612,-2.011,1.996,-4.0,-5.0,1.966,4.953,-3.018,-4.002,1.986,4.953,6.028,-5.0,0.983,12.476,-0.519,-0.014,-2.003,1.984,-3.006,-1.033,-6.0,-5.0,-6.0,-3.0,-2.004,-1.015,8.973,2.994,0.0,0.0,0.0,0.0,0.0,0.0,0.0,0.0,0.0,0.0
BtcGF,BTCUSDc,232,18.8517,22.622,5,0.676,45.08,336,25.8929,1,15,0,0.015,1.1,2.5,0.0,0.5,16385,1,12.424,11,0,1,20,0.5,1.494,1.492,-0.52,0.0,-1.0,-0.158,1.981,-3.0,2.493,1.495,12.74,-4.0,-3.0,-3.0,-2.0,5.407,3.397,0.49,-1.507,-6.0,2.236,-4.0,6.829,-1.516,-0.502,3.467,0.499,-2.501,1.995,-0.515,-3.0,-1.509,4.699,3.0,-4.0,12.69,-2.0,-0.535,-2.0,-3.0,4.175,-2.0,-1.0,-4.0,1.176,5.47,0.794,1.499,-3.0,0.0,-1.0,0.0,7.025,4.963,-1.0,-1.0,0.0,-1.0,-1.0,-0.999,0.0,0.0,0.0,0.0,0.0,-1.0,0.0,0.0,-1.0,0.0,0.0,2.499,-1.0,0.0,0.0,-1.0,-2.0,0.492,2.496,-2.0,-1.0,-2.0,1.485,5.575,1.484,-1.476,1.992,0.978,2.126,1.974,-0.527,-2.986,-1.514,0.496,-2.0,-4.0,5.369,8.439,-1.522,-1.463,0.495,8.955,-4.0,-3.0,-0.51,-1.311,3.992,-1.507,0.508,0.872,-2.507,-4.0,-2.0,-4.0,-5.0,-2.0,-4.0,-4.0,8.975,1.499,0.0,0.0,0.0,0.0,0.0,0.0,0.0,0.0,0.0,0.0
BtcGF,BTCUSDc,70,44.9647,67.447,4,3.2228,44.74,361,32.687,1,15,0,0.015,1.7,2.0,0.0,0.5,16385,1,37.273,7,0,1,20,0.0,5.964,3.952,-1.027,-1.0,-1.0,2.192,0.985,-3.0,1.994,1.954,0.608,-2.007,-0.008,-3.0,-0.768,8.7,1.993,-0.008,-2.006,-3.016,-1.022,-1.002,4.561,-2.013,-1.002,2.366,-0.001,-3.001,0.997,-1.0,-3.0,3.369,-4.0,1.998,-4.0,31.23,-2.0,-1.028,-2.0,-3.0,7.205,-2.0,-2.0,-4.0,0.642,3.977,0.224,2.998,-3.0,0.0,-1.0,0.0,5.145,3.971,-1.0,-1.0,0.0,-1.0,1.993,-0.999,0.0,0.0,0.0,0.0,0.0,-1.0,0.0,0.0,-1.0,0.0,0.0,1.999,-1.0,0.0,0.0,-1.0,-2.0,-0.008,1.997,-2.0,-2.0,1.049,4.21,0.992,4.227,-1.984,2.991,8.442,2.971,9.991,-1.022,-3.679,-2.011,-0.003,-3.0,-4.0,2.966,14.486,-2.018,-1.971,1.986,4.953,0.969,0.765,-1.008,1.136,1.999,-2.005,0.002,1.984,-4.006,-1.033,-2.0,-5.0,-1.979,-2.999,-2.004,-1.015,8.973,2.994,0.0,0.0,0.0,0.0,0.0,0.0,0.0,0.0,0.0,0.0
BtcGF,BTCUSDc,201,21.05,31.575,4,2.1044,9.62,419,51.074,1,15,0,0.015,1.4,1.0,0.0,0.5,16385,1,28.539,0,0,1,15,0.5,2.982,2.979,-1.019,2.286,-0.631,2.985,1.977,-0.029,0.997,-0.013,-1.005,-1.005,-1.004,-1.004,-0.01,1.988,-0.003,-0.007,-2.006,-2.018,-0.023,-0.001,1.585,-3.006,2.969,-0.013,0.999,-4.0,-0.583,0.0,0.995,2.096,2.992,-2.004,-1.448,-1.009,-1.014,2.314,-2.0,-3.0,0.008,0.11,0.969,-0.003,1.98,2.986,-2.001,1.0,-3.0,0.0,-1.0,0.0,2.013,1.986,0.995,-1.0,0.0,1.99,0.996,0.991,0.0,0.0,0.0,0.0,0.0,-1.0,0.0,0.0,-1.0,0.0,0.0,0.999,-1.0,0.0,0.0,0.998,-0.014,1.4,0.998,-0.013,-2.0,0.0,1.988,-0.004,4.965,-1.011,-0.004,-2.01,3.069,1.954,-1.017,-2.005,-0.206,1.994,-1.016,1.113,0.976,2.739,1.687,-1.991,-0.007,1.975,1.99,3.247,1.973,3.981,-0.017,-3.003,-2.002,-0.008,-4.003,3.034,-5.005,-0.73,2.49,3.794,-2.003,-0.008,2.982,0.997,0.0,0.0,0.0,0.0,0.0,0.0,0.0,0.0,0.0,0.0
BtcGF,BTCUSDc,261,10.6015,21.203,3,1.5301,8.66,415,51.0843,1,15,0,0.015,1.4,1.0,0.0,0.5,16385,1,19.367,0,0,1,10,0.75,2.982,2.979,-2.014,1.511,-0.589,2.985,1.977,-0.029,0.997,-0.013,-1.005,-1.005,-1.004,-1.004,-0.01,1.988,2.088,-0.007,-2.006,-2.018,-0.023,-0.001,1.119,-3.006,2.969,-0.013,0.999,-4.0,-0.777,0.0,0.995,1.98,2.523,-2.004,-2.32,-1.009,-1.014,1.806,-2.0,-3.0,-0.52,0.362,0.969,-0.003,1.98,2.986,-3.0,1.0,-3.0,0.0,0.0,-1.0,1.405,1.986,0.995,-1.0,0.0,1.99,0.996,0.991,0.0,0.0,0.0,0.0,0.0,-1.0,0.0,0.0,-1.0,0.0,0.0,0.999,-1.0,0.0,0.0,0.998,-0.014,0.655,0.998,-0.013,-2.0,0.0,1.988,-0.004,4.965,-1.011,-0.004,-2.01,2.979,1.458,-1.017,-2.005,-0.594,1.994,-1.016,-0.7,0.976,2.369,0.725,-1.492,-0.007,1.975,1.99,2.542,1.973,4.476,-0.017,-3.003,-3.001,2.773,-4.003,2.398,-5.004,-2.479,2.377,2.857,-2.003,-0.008,2.982,0.997,0.0,0.0,0.0,0.0,0.0,0.0,0.0,0.0,0.0,0.0
BtcGF,BTCUSDc,308,24.7683,29.722,5,2.0197,17.34,344,33.7209,1,15,0,0.015,1.1,2.0,0.0,0.5,16385,1,24.568,1,0,1,20,0.75,5.964,3.952,-1.027,-1.0,-1.0,2.191,0.985,-3.0,1.994,1.954,0.608,-2.007,-0.008,-3.0,1.232,4.51,1.993,-0.008,-2.006,-3.016,-1.022,-1.002,3.9,-2.013,-1.002,2.339,-0.001,-3.001,0.997,-1.0,-3.0,6.79,2.043,1.987,-4.0,7.157,-2.0,-1.028,-2.0,-3.0,1.334,-2.0,-1.0,-2.0,-1.002,3.977,0.224,2.998,-3.0,0.0,0.0,-1.0,3.662,3.971,-1.0,-1.0,0.0,-1.0,1.993,-0.999,0.0,0.0,0.0,0.0,0.0,-1.0,0.0,0.0,-1.0,0.0,0.0,1.999,-1.0,0.0,0.0,-1.0,-2.0,-2.0,1.997,-1.0,-2.0,1.049,4.21,0.992,4.227,-1.984,2.991,3.473,2.971,-1.002,-1.022,-3.68,-2.011,-0.003,-2.0,-4.0,2.966,8.888,-2.018,-1.971,1.986,4.953,0.969,0.68,-3.0,1.136,1.999,-2.005,0.002,2.984,-3.006,-1.033,-2.0,-4.0,4.42,-2.0,-3.0,-1.015,8.973,2.994,0.0,0.0,0.0,0.0,0.0,0.0,0.0,0.0,0.0,0.0
BtcGF,BTCUSDc,231,24.1273,36.191,4,1.8164,21.2,354,33.6158,1,15,0,0.015,2.0,2.0,0.0,0.5,16385,1,28.518,4,0,1,20,0.5,5.964,3.952,-1.027,-1.0,-1.0,2.192,0.985,-3.0,1.994,1.954,0.608,-2.007,-0.008,-3.0,0.232,8.145,1.993,-0.008,-2.006,-3.016,-1.022,-1.002,4.561,-2.013,-1.002,2.38,-0.001,-3.001,0.997,-1.0,-3.0,3.039,3.225,2.009,-4.0,7.667,-2.0,-1.028,-2.0,-3.0,2.78,-2.0,-1.0,-4.0,2.64,3.977,0.224,2.998,-3.0,0.0,-1.0,0.0,4.921,3.971,-1.0,-1.0,0.0,-1.0,1.993,-0.999,0.0,0.0,0.0,0.0,0.0,-1.0,0.0,0.0,-1.0,0.0,0.0,1.999,-1.0,0.0,0.0,-1.0,-2.0,-0.007,1.997,-2.0,-1.0,1.049,4.21,0.992,4.227,-1.984,2.991,5.137,2.971,0.979,-1.022,-3.68,-2.011,-0.003,-2.0,-4.0,2.966,10.393,-2.018,-1.971,1.986,4.953,0.969,0.765,-1.008,1.136,1.999,-2.005,0.002,1.984,-3.006,-1.033,-2.0,-4.0,-1.979,-2.0,-4.0,-1.015,8.973,2.994,0.0,0.0,0.0,0.0,0.0,0.0,0.0,0.0,0.0,0.0
BtcGF,BTCUSDc,309,24.7792,29.735,5,2.0206,17.33,344,33.7209,1,15,0,0.015,1.4,2.0,0.0,0.5,16385,1,24.581,1,0,1,20,0.75,5.964,3.952,-1.027,-1.0,-1.0,2.191,0.985,-3.0,1.994,1.954,0.608,-2.007,-0.008,-3.0,1.232,4.51,1.993,-0.008,-2.006,-3.016,-1.022,-1.002,3.9,-2.013,-1.002,2.352,-0.001,-3.001,0.997,-1.0,-3.0,6.79,2.043,1.987,-4.0,7.157,-2.0,-1.028,-2.0,-3.0,1.334,-2.0,-1.0,-2.0,-1.002,3.977,0.224,2.998,-3.0,0.0,0.0,-1.0,3.662,3.971,-1.0,-1.0,0.0,-1.0,1.993,-0.999,0.0,0.0,0.0,0.0,0.0,-1.0,0.0,0.0,-1.0,0.0,0.0,1.999,-1.0,0.0,0.0,-1.0,-2.0,-2.0,1.997,-1.0,-2.0,1.049,4.21,0.992,4.227,-1.984,2.991,3.473,2.971,-1.002,-1.022,-3.68,-2.011,-0.003,-2.0,-4.0,2.966,8.888,-2.018,-1.971,1.986,4.953,0.969,0.68,-3.0,1.136,1.999,-2.005,0.002,2.984,-3.006,-1.033,-2.0,-4.0,4.42,-2.0,-3.0,-1.015,8.973,2.994,0.0,0.0,0.0,0.0,0.0,0.0,0.0,0.0,0.0,0.0
BtcGF,BTCUSDc,289,3.8925,7.785,3,0.3212,66.2,354,31.3559,1,15,0,0.015,1.4,2.0,0.0,0.5,16385,1,2.631,1,0,1,15,0.75,5.964,3.952,-1.027,-1.0,-1.0,2.159,0.985,-3.0,1.994,1.954,-3.0,-2.007,-0.008,-3.0,2.084,4.056,1.993,-0.008,-0.013,-3.016,-1.022,-1.002,4.576,-2.013,-1.002,-1.009,-0.001,-3.001,1.794,-1.0,-3.0,2.446,0.626,-1.007,-4.0,5.148,-2.0,-1.028,-2.0,-3.0,1.334,-2.0,-1.0,-2.0,-1.002,3.977,-3.0,2.998,-3.0,0.0,0.0,-1.0,4.594,3.971,-1.0,-1.0,0.0,-1.0,1.993,-1.0,0.0,0.0,0.0,0.0,0.0,-1.0,0.0,0.0,-1.0,0.0,0.0,1.999,-1.0,0.0,0.0,-1.0,-2.0,-2.0,1.997,-1.0,-2.0,0.992,4.274,0.992,-0.013,-1.984,2.991,3.018,-0.008,-1.002,-1.022,-1.8,-2.011,-0.003,-3.0,-4.0,2.966,8.917,-0.018,1.744,1.986,4.953,2.597,-5.0,-0.979,4.102,2.323,-2.005,-4.0,2.984,-3.005,-1.033,-5.999,-3.0,5.448,-2.0,-3.0,-1.015,8.973,2.994,0.0,0.0,0.0,0.0,0.0,0.0,0.0,0.0,0.0,0.0
BtcGF,BTCUSDc,158,13.6795,27.359,3,0.6264,89.92,338,20.7101,1,15,0,0.015,1.7,3.0,0.0,0.5,16385,1,2.759,8,0,1,20,0.25,1.993,1.991,-0.02,0.0,-1.0,-2.0,2.977,-3.0,2.992,1.994,-2.0,-4.0,-3.0,-3.0,-3.0,-3.0,5.153,0.988,-5.0,-6.0,4.486,-4.0,0.991,8.089,-0.003,-3.0,0.999,-2.001,5.522,-0.016,-3.0,9.481,-4.0,4.329,-4.0,27.132,-2.0,-0.042,-2.0,-3.0,12.773,-2.0,-2.0,-4.0,2.065,6.964,1.363,1.999,-3.0,0.0,-1.0,0.0,9.601,5.956,-1.0,-1.0,0.0,-1.0,-1.0,-0.999,0.0,0.0,0.0,0.0,0.0,-1.0,0.0,0.0,-1.0,0.0,0.0,2.998,-1.0,0.0,0.0,-1.0,-2.0,0.989,2.995,-2.0,-2.0,-2.0,1.982,15.513,1.981,-0.969,-0.007,1.973,0.444,2.985,-1.033,-2.292,-1.016,0.995,-3.0,-4.0,6.505,-3.0,-1.027,-0.953,0.994,6.928,-4.0,-3.999,-0.011,-0.763,5.012,-1.008,-2.0,-3.0,-3.009,-4.0,-2.0,-5.0,-5.0,-2.999,-4.999,-4.0,6.975,2.418,0.0,0.0,0.0,0.0,0.0,0.0,0.0,0.0,0.0,0.0
BtcGF,BTCUSDc,49,7.248,10.872,4,0.3934,107.42,378,30.9524,1,15,0,0.015,1.4,2.0,0.0,0.5,16385,1,-0.807,3,0,1,15,0.0,5.964,3.952,0.963,-1.0,-1.0,2.159,0.985,-3.0,1.994,1.954,-3.0,-2.007,-0.008,-3.0,0.085,7.984,1.993,-0.008,-0.013,-3.016,-1.022,-1.002,-2.006,-2.013,-1.002,-1.009,-0.001,-3.001,1.887,-1.0,-3.0,2.446,1.398,-1.007,-5.0,5.034,-2.0,-2.028,-2.0,-3.0,5.609,-2.0,-1.0,-3.999,3.121,3.977,-1.002,2.998,-3.0,0.0,-1.0,0.0,4.176,3.971,-1.0,-1.0,0.0,-1.0,1.993,-1.0,0.0,0.0,0.0,0.0,0.0,-1.0,0.0,0.0,-1.0,0.0,0.0,1.999,-1.0,0.0,0.0,-1.0,-2.0,-0.008,1.997,-2.0,-2.0,0.992,4.274,0.992,-0.013,-1.983,2.991,5.772,-0.008,3.986,-1.022,-1.8,-2.011,1.996,-4.0,-5.0,2.966,16.632,-3.018,-1.971,1.986,4.953,3.341,-5.0,1.013,0.997,2.323,-2.005,-4.0,1.984,-4.006,-1.033,-6.0,-5.0,-0.891,-3.0,-2.004,-1.015,8.973,2.994,0.0,0.0,0.0,0.0,0.0,0.0,0.0,0.0,0.0,0.0
BtcGF,BTCUSDc,310,24.8325,29.799,5,2.0249,17.3,344,33.7209,1,15,0,0.015,1.7,2.0,0.0,0.5,16385,1,24.645,1,0,1,20,0.75,5.964,3.952,-1.027,-1.0,-1.0,2.192,0.985,-3.0,1.994,1.954,0.608,-2.007,-0.008,-3.0,1.232,4.51,1.993,-0.008,-2.006,-3.016,-1.022,-1.002,3.9,-2.013,-1.002,2.366,-0.001,-3.001,0.997,-1.0,-3.0,6.802,2.043,1.998,-4.0,7.177,-2.0,-1.028,-2.0,-3.0,1.334,-2.0,-1.0,-2.0,-1.002,3.977,0.224,2.998,-3.0,0.0,0.0,-1.0,3.662,3.971,-1.0,-1.0,0.0,-1.0,1.993,-0.999,0.0,0.0,0.0,0.0,0.0,-1.0,0.0,0.0,-1.0,0.0,0.0,1.999,-1.0,0.0,0.0,-1.0,-2.0,-2.0,1.997,-1.0,-2.0,1.049,4.21,0.992,4.227,-1.984,2.991,3.477,2.971,-1.002,-1.022,-3.68,-2.011,-0.003,-2.0,-4.0,2.966,8.888,-2.018,-1.971,1.986,4.953,0.969,0.68,-3.0,1.136,1.999,-2.005,0.002,2.984,-3.006,-1.033,-2.0,-4.0,4.421,-2.0,-2.999,-1.015,8.973,2.994,0.0,0.0,0.0,0.0,0.0,0.0,0.0,0.0,0.0,0.0
BtcGF,BTCUSDc,58,-13.4657,-40.397,2,-0.7116,0.0,362,19.337,1,15,0,0.015,1.7,3.0,0.0,0.5,16385,1,-58.111,5,0,1,15,0.0,1.993,0.991,2.965,0.0,-1.0,-3.0,2.977,-3.0,2.992,0.994,-3.0,-4.0,-3.0,-3.0,-3.0,-3.0,-0.002,0.988,-2.01,-6.0,-0.031,-4.0,-1.009,-1.019,-0.003,-4.0,0.999,-2.001,6.865,-0.016,-3.0,22.581,-4.0,-0.011,-5.0,0.7,-2.0,-1.042,-2.0,-3.0,10.207,-2.0,-1.0,-3.999,-4.0,6.964,-4.0,1.999,-3.0,0.0,-1.0,0.0,6.342,5.956,-1.0,-1.0,0.0,-1.0,-1.0,-1.0,0.0,0.0,0.0,0.0,0.0,-1.0,0.0,0.0,-1.0,0.0,0.0,2.998,-1.0,0.0,0.0,-1.0,-2.0,0.989,2.995,-2.0,-2.0,-2.0,1.982,1.987,0.981,-0.968,-1.007,1.973,-0.57,10.349,-1.033,-0.529,-1.016,3.993,-4.0,-5.0,1.994,-3.0,-2.027,-0.953,-0.006,7.928,-4.0,-5.0,3.021,-0.991,5.711,-1.008,-4.0,-0.01,-3.009,-4.0,-6.0,-5.0,-5.0,-3.0,-5.0,-4.0,6.975,1.484,0.0,0.0,0.0,0.0,0.0,0.0,0.0,0.0,0.0,0.0
BtcGF,BTCUSDc,142,13.4227,20.134,4,1.0569,28.58,421,49.4062,1,15,0,0.015,1.7,1.0,0.0,0.5,16385,1,14.38,1,0,1,20,0.25,2.982,2.979,-2.014,-1.0,-1.007,2.985,1.977,-0.029,0.997,-0.013,-1.005,-1.005,-1.004,-1.004,-0.01,1.988,-0.003,-0.007,-3.003,-2.018,-0.023,-0.001,2.435,-3.006,2.969,-0.013,0.999,-4.0,-1.007,0.0,0.995,-0.016,-1.003,-2.004,1.754,-0.011,-1.014,1.605,-2.0,-3.0,1.612,0.004,0.969,1.998,1.98,2.986,-0.914,1.0,-3.0,0.0,-1.0,0.0,1.018,1.986,0.995,-1.0,0.0,1.99,0.996,0.991,0.0,0.0,0.0,0.0,0.0,-1.0,0.0,0.0,-1.0,0.0,0.0,0.999,-1.0,0.0,0.0,0.998,-0.014,2.623,0.998,-0.013,-2.0,0.0,1.988,-0.004,4.965,-1.011,-0.004,-2.01,5.391,3.154,-1.017,-2.005,0.957,1.994,-2.016,-1.862,0.976,3.192,-3.009,-1.991,-0.007,1.975,1.99,4.989,1.973,4.032,-0.017,-3.003,-2.002,-0.008,-5.003,-0.012,-5.005,-0.055,1.984,1.0,-2.003,-0.008,2.982,0.997,0.0,0.0,0.0,0.0,0.0,0.0,0.0,0.0,0.0,0.0
BtcGF,BTCUSDc,217,15.5847,23.377,4,0.7079,73.64,349,20.9169,1,15,0,0.015,1.4,3.0,0.0,0.5,16385,1,6.162,11,0,1,15,0.5,1.993,0.991,2.965,0.0,-1.0,-3.0,2.977,-3.0,2.992,0.994,-3.0,-4.0,-3.0,-3.0,-2.0,-3.0,3.322,0.988,-2.01,-6.0,5.487,-4.0,0.991,17.196,-0.003,-4.0,0.999,-2.001,6.865,-0.016,-3.0,12.629,-4.0,-0.011,-4.0,13.08,-2.0,-1.042,-2.0,-3.0,5.57,-2.0,-1.0,-4.0,-4.0,6.964,-4.0,1.999,-3.0,0.0,-1.0,0.0,14.415,5.956,-1.0,-1.0,0.0,-1.0,-1.0,-1.0,0.0,0.0,0.0,0.0,0.0,-1.0,0.0,0.0,-1.0,0.0,0.0,2.998,-1.0,0.0,0.0,-1.0,-2.0,0.99,2.995,-2.0,-1.0,-2.0,1.982,7.945,0.981,-0.969,-1.007,1.973,-0.57,2.985,-1.033,-0.529,-1.016,3.993,-3.0,-4.0,1.994,-3.0,0.973,7.645,0.994,6.928,-4.0,-5.0,3.021,4.674,5.711,-1.008,-1.004,-0.01,-2.009,-4.0,-6.0,-3.0,-5.0,-2.0,-3.999,-4.0,6.975,1.484,0.0,0.0,0.0,0.0,0.0,0.0,0.0,0.0,0.0,0.0
BtcGF,BTCUSDc,296,4.776,9.552,3,0.3943,102.0,331,21.148,1,15,0,0.015,1.1,3.0,0.0,0.5,16385,1,-0.191,14,0,1,15,0.75,1.993,0.991,-0.02,0.0,-1.0,-3.0,2.977,-3.0,2.992,1.994,-2.0,-4.0,-3.0,-3.0,-1.0,-2.0,2.022,0.988,-2.01,-6.0,3.219,-4.0,0.991,9.724,-0.003,-4.0,0.999,-2.001,6.73,-0.016,-3.0,10.725,6.092,-0.011,-4.0,5.54,-2.0,-0.042,-2.0,-3.0,3.2,-2.0,-1.0,-2.0,-4.0,6.964,-3.0,1.999,-3.0,0.0,0.0,-1.0,7.966,5.956,-1.0,-1.0,0.0,-1.0,-1.0,-1.0,0.0,0.0,0.0,0.0,0.0,-1.0,0.0,0.0,-1.0,0.0,0.0,2.998,-1.0,0.0,0.0,-1.0,-2.0,-2.0,2.995,-1.0,-2.0,-2.0,1.982,5.416,0.981,-0.969,-1.007,1.973,-0.57,2.985,-0.033,-0.529,-1.016,0.995,-3.0,-4.0,1.994,-3.0,0.973,4.05,0.994,12.74,-4.0,-5.0,0.032,4.674,5.711,-1.008,-4.0,0.99,-2.008,-4.0,-5.999,-3.0,4.79,-2.0,-3.0,-4.0,6.975,1.484,0.0,0.0,0.0,0.0,0.0,0.0,0.0,0.0,0.0,0.0
BtcGF,BTCUSDc,235,18.9258,22.711,5,0.6787,44.9,336,25.8929,1,15,0,0.015,2.0,2.5,0.0,0.5,16385,1,12.513,11,0,1,20,0.5,1.494,1.492,-0.52,0.0,-1.0,-0.158,1.981,-3.0,2.493,1.495,12.74,-4.0,-3.0,-3.0,-2.0,5.407,3.397,0.49,-1.507,-6.0,2.236,-4.0,6.829,-1.516,-0.502,3.527,0.499,-2.501,1.995,-0.515,-3.0,-1.509,4.699,3.028,-4.0,12.69,-2.0,-0.535,-2.0,-3.0,4.175,-2.0,-1.0,-4.0,1.176,5.47,0.794,1.499,-3.0,0.0,-1.0,0.0,7.025,4.963,-1.0,-1.0,0.0,-1.0,-1.0,-0.999,0.0,0.0,0.0,0.0,0.0,-1.0,0.0,0.0,-1.0,0.0,0.0,2.499,-1.0,0.0,0.0,-1.0,-2.0,0.492,2.496,-2.0,-1.0,-2.0,1.485,5.575,1.485,-1.476,1.992,0.978,2.126,1.974,-0.527,-2.986,-1.514,0.496,-2.0,-4.0,5.369,8.439,-1.522,-1.463,0.495,8.955,-4.0,-3.0,-0.51,-1.311,3.992,-1.507,0.508,0.872,-2.507,-4.0,-2.0,-4.0,-5.0,-2.0,-4.0,-4.0,8.975,1.499,0.0,0.0,0.0,0.0,0.0,0.0,0.0,0.0,0.0,0.0
BtcGF,BTCUSDc,190,17.8567,26.785,4,1.3349,35.16,376,30.8511,1,15,0,0.015,1.7,2.0,0.0,0.5,16385,1,17.367,7,0,1,10,0.5,5.964,3.952,0.963,-1.0,-2.0,2.665,-0.015,-3.0,1.994,1.954,-3.0,-2.007,-0.008,-3.0,-3.0,4.983,1.993,-1.008,-0.013,-3.016,-1.022,-1.002,6.777,-2.013,0.334,-1.009,-0.001,-3.001,1.479,-1.0,-3.0,1.382,1.477,-1.007,-4.0,9.412,-2.0,-2.028,-2.0,-3.0,2.78,-3.0,-1.0,-3.999,2.752,3.977,-1.002,2.998,-3.0,0.0,-1.0,0.0,8.183,3.971,-1.0,-1.0,0.0,-1.0,1.993,-1.0,0.0,0.0,0.0,0.0,0.0,-1.0,0.0,0.0,-1.0,0.0,0.0,1.999,-1.0,0.0,0.0,-1.0,-2.0,-0.007,1.997,-2.0,-1.0,1.337,4.531,0.992,-1.013,0.11,2.991,-3.016,-0.008,0.979,-1.022,-7.0,-2.011,-0.003,-3.0,-4.0,2.966,10.827,-0.018,4.01,1.986,4.953,3.911,-4.999,0.983,13.193,-0.908,-0.014,-4.0,1.984,-3.006,-1.033,-6.0,-3.0,7.309,-2.0,-3.999,-1.015,8.973,2.994,0.0,0.0,0.0,0.0,0.0,0.0,0.0,0.0,0.0,0.0
BtcGF,BTCUSDc,65,19.5607,29.341,4,1.2186,71.99,390,38.2051,1,15,0,0.015,1.4,1.5,0.0,0.5,16385,1,8.218,5,0,1,20,0.0,4.472,2.97,-1.52,4.499,-1.0,0.993,2.976,-3.0,1.496,0.961,-0.508,-2.505,-0.506,-3.0,-1.522,3.482,0.995,0.989,-2.504,-1.028,1.464,-1.501,0.416,-2.51,-1.501,1.216,-0.5,-3.5,-1.002,-1.5,-0.505,-0.522,-4.0,0.975,-4.0,23.139,-2.0,-0.024,-2.0,-3.0,4.432,-2.0,-2.0,-1.497,3.766,4.978,-0.345,2.0,-3.0,0.0,-1.0,0.0,1.528,2.978,-1.0,-1.0,0.0,-1.0,1.494,-0.999,0.0,0.0,0.0,0.0,0.0,-1.0,0.0,0.0,-1.0,0.0,0.0,1.499,-1.0,0.0,0.0,1.498,-2.0,-0.506,1.498,3.012,-2.0,0.5,3.132,0.494,4.959,0.001,1.494,2.877,5.613,6.782,-1.516,-1.873,-2.508,-0.503,-3.0,-4.0,1.971,8.332,-2.513,-2.481,0.989,3.465,-0.033,0.0,3.979,0.09,1.484,-2.504,-1.004,0.988,-4.504,-2.527,-2.0,-5.0,2.983,-1.502,-4.0,0.488,4.972,1.995,0.0,0.0,0.0,0.0,0.0,0.0,0.0,0.0,0.0,0.0
BtcGF,BTCUSDc,203,21.0587,31.588,4,2.1053,9.61,419,51.074,1,15,0,0.015,2.0,1.0,0.0,0.5,16385,1,28.552,0,0,1,15,0.5,2.982,2.979,-1.019,2.286,-0.631,2.985,1.977,-0.029,0.997,-0.013,-1.005,-1.005,-1.004,-1.004,-0.01,1.988,-0.003,-0.007,-2.006,-2.018,-0.023,-0.001,1.585,-3.006,2.969,-0.013,0.999,-4.0,-0.583,0.0,0.995,2.096,2.992,-2.004,-1.448,-1.009,-1.014,2.314,-2.0,-3.0,0.008,0.11,0.969,-0.003,1.98,2.986,-2.001,1.0,-3.0,0.0,-1.0,0.0,2.013,1.986,0.995,-1.0,0.0,1.99,0.996,0.991,0.0,0.0,0.0,0.0,0.0,-1.0,0.0,0.0,-1.0,0.0,0.0,0.999,-1.0,0.0,0.0,0.998,-0.014,1.4,0.998,-0.013,-2.0,0.0,1.988,-0.004,4.965,-1.011,-0.004,-2.01,3.069,1.954,-1.017,-2.005,-0.206,1.994,-1.016,1.113,0.976,2.739,1.687,-1.991,-0.007,1.975,1.99,3.248,1.973,3.981,-0.017,-3.003,-2.002,-0.008,-4.003,3.034,-5.005,-0.73,2.49,3.806,-2.003,-0.008,2.982,0.997,0.0,0.0,0.0,0.0,0.0,0.0,0.0,0.0,0.0,0.0
BtcGF,BTCUSDc,117,43.9607,65.941,4,1.6067,69.89,381,17.5853,1,15,0,0.015,1.4,3.0,0.0,0.5,16385,1,19.857,15,0,1,10,0.25,1.993,0.991,3.841,0.0,-3.0,-3.0,1.977,-3.0,2.992,0.994,-3.0,-4.0,-3.0,-3.0,-4.0,-4.0,6.529,-0.012,-2.01,-6.0,12.273,-4.0,0.991,26.009,-3.0,-4.0,0.999,-2.001,-1.007,-0.016,-3.0,9.481,-5.0,-0.011,-4.0,43.085,-2.0,-1.042,-2.0,-3.0,12.773,-3.0,-2.0,-4.0,-3.999,6.964,-4.0,1.999,-3.0,0.0,-1.0,0.0,-2.0,5.956,-1.0,-1.0,0.0,-1.0,-1.0,-1.0,0.0,0.0,0.0,0.0,0.0,-1.0,0.0,0.0,-1.0,0.0,0.0,2.998,-1.0,0.0,0.0,-1.0,-2.0,0.989,2.995,-2.0,-2.0,-2.0,1.982,14.268,-0.019,11.558,-1.007,0.973,1.661,2.985,-1.033,-7.0,-1.016,0.995,-1.003,-6.0,0.994,3.325,-2.027,-3.002,0.994,13.774,-4.0,-5.0,16.228,27.644,-4.0,1.979,-4.0,-0.01,-2.009,-4.0,-6.0,-4.0,-5.0,-3.0,-5.0,-4.0,6.976,-3.0,0.0,0.0,0.0,0.0,0.0,0.0,0.0,0.0,0.0,0.0
BtcGF,BTCUSDc,265,8.02,16.04,3,0.5665,21.49,385,38.7013,1,15,0,0.015,1.4,1.5,0.0,0.5,16385,1,12.593,0,0,1,10,0.75,4.472,2.97,-1.52,3.122,-1.0,0.993,2.976,-3.0,1.496,0.961,-0.508,-2.505,-0.506,-3.0,0.478,0.982,0.995,0.989,-1.009,-1.028,1.464,-1.501,-0.01,-2.51,-0.336,-1.507,-0.5,-3.5,-0.646,-1.5,-0.505,2.05,-0.518,-1.505,-4.0,4.433,-2.0,-0.024,-2.0,-3.0,0.414,-2.0,-1.0,-2.0,4.732,4.978,-3.0,2.0,-3.0,0.0,0.0,-1.0,2.132,2.978,-1.0,-1.0,0.0,-1.0,1.494,-1.0,0.0,0.0,0.0,0.0,0.0,-1.0,0.0,0.0,-1.0,0.0,0.0,1.499,-1.0,0.0,0.0,1.498,-2.0,3.725,1.498,1.388,-2.0,0.5,3.338,0.494,4.959,-1.52,1.494,-0.39,6.39,3.42,-1.516,-1.744,-2.508,-0.503,-3.0,-0.027,1.971,5.135,-0.513,-0.404,0.989,3.465,0.767,-2.507,3.018,5.645,-1.018,-2.504,-2.502,4.908,-3.504,-2.527,-5.999,0.255,3.039,-2.0,-0.595,0.488,4.972,1.995,0.0,0.0,0.0,0.0,0.0,0.0,0.0,0.0,0.0,0.0
BtcGF,BTCUSDc,276,1.754,2.631,4,0.1025,462.45,340,19.4118,1,15,0,0.015,1.1,3.0,0.0,0.5,16385,1,-9.536,18,0,1,10,0.75,1.993,0.991,0.856,0.0,-1.0,-3.0,1.977,-3.0,2.992,1.994,-2.0,-4.0,-3.0,-3.0,-2.0,-2.0,2.022,-0.012,-2.01,-6.0,3.219,-4.0,0.991,9.724,-3.0,-4.0,0.999,-2.001,-0.007,-0.016,-3.0,11.664,8.308,-0.011,-4.0,5.54,-2.0,-0.042,-2.0,-3.0,3.2,-2.0,-1.0,-2.0,-3.999,6.964,-3.0,1.999,-3.0,0.0,0.0,-1.0,7.966,5.956,-1.0,-1.0,0.0,-1.0,-1.0,-1.0,0.0,0.0,0.0,0.0,0.0,-1.0,0.0,0.0,-1.0,0.0,0.0,2.998,-1.0,0.0,0.0,-1.0,-2.0,-2.0,2.995,-1.0,-2.0,-2.0,1.982,5.416,-0.019,1.041,-1.007,1.973,1.661,2.985,-0.033,-7.0,-1.016,0.995,-3.0,-4.0,1.994,-3.0,0.973,8.167,0.994,12.74,-4.0,-5.0,1.112,15.123,-4.0,1.979,-4.0,0.99,-2.009,-4.0,-5.999,-3.0,5.363,-2.0,-3.0,-4.0,6.976,-3.0,0.0,0.0,0.0,0.0,0.0,0.0,0.0,0.0,0.0,0.0
BtcGF,BTCUSDc,50,7.2513,10.877,4,0.3936,107.37,378,30.9524,1,15,0,0.015,1.7,2.0,0.0,0.5,16385,1,-0.802,3,0,1,15,0.0,5.964,3.952,0.963,-1.0,-1.0,2.16,0.985,-3.0,1.994,1.954,-3.0,-2.007,-0.008,-3.0,0.084,7.984,1.993,-0.008,-0.013,-3.016,-1.022,-1.002,-2.006,-2.013,-1.002,-1.009,-0.001,-3.001,1.887,-1.0,-3.0,2.447,1.398,-1.007,-5.0,5.034,-2.0,-2.028,-2.0,-3.0,5.609,-2.0,-1.0,-3.999,3.121,3.977,-1.002,2.998,-3.0,0.0,-1.0,0.0,4.176,3.971,-1.0,-1.0,0.0,-1.0,1.993,-1.0,0.0,0.0,0.0,0.0,0.0,-1.0,0.0,0.0,-1.0,0.0,0.0,1.999,-1.0,0.0,0.0,-1.0,-2.0,-0.008,1.997,-2.0,-2.0,0.992,4.274,0.992,-0.013,-1.983,2.991,5.776,-0.008,3.986,-1.022,-1.8,-2.011,1.996,-4.0,-5.0,2.966,16.632,-3.018,-1.971,1.986,4.953,3.341,-5.0,1.013,0.997,2.323,-2.005,-4.0,1.984,-4.006,-1.033,-6.0,-5.0,-0.891,-3.0,-2.004,-1.015,8.973,2.994,0.0,0.0,0.0,0.0,0.0,0.0,0.0,0.0,0.0,0.0
BtcGF,BTCUSDc,150,28.9447,43.417,4,2.0746,35.13,365,32.6027,1,15,0,0.015,1.7,2.0,0.0,0.5,16385,1,28.166,6,0,1,20,0.25,5.964,3.952,-1.027,-1.0,-1.0,2.192,0.985,-3.0,1.994,1.954,0.608,-2.007,-0.008,-3.0,-0.768,8.7,1.993,-0.008,-2.006,-3.016,-1.022,-1.002,4.561,-2.013,-1.002,2.366,-0.001,-3.001,0.997,-1.0,-3.0,3.369,-4.0,1.998,-4.0,14.245,-2.0,-1.028,-2.0,-3.0,7.175,-2.0,-2.0,-4.0,2.64,3.977,0.224,2.998,-3.0,0.0,-1.0,0.0,5.145,3.971,-1.0,-1.0,0.0,-1.0,1.993,-0.999,0.0,0.0,0.0,0.0,0.0,-1.0,0.0,0.0,-1.0,0.0,0.0,1.999,-1.0,0.0,0.0,-1.0,-2.0,-0.008,1.997,-2.0,-2.0,1.049,4.21,0.992,4.227,-1.984,2.991,8.442,2.971,0.979,-1.022,-3.68,-2.011,-0.003,-3.0,-4.0,2.966,14.486,-2.018,-1.971,1.986,4.953,0.969,0.765,-1.008,1.136,1.999,-2.005,0.002,1.984,-4.006,-1.033,-2.0,-5.0,-1.979,-2.999,-2.004,-1.015,8.973,2.994,0.0,0.0,0.0,0.0,0.0,0.0,0.0,0.0,0.0,0.0
BtcGF,BTCUSDc,215,18.4483,22.138,5,0.6395,57.74,357,24.3697,1,15,0,0.015,2.0,2.5,0.0,0.5,16385,1,9.355,12,0,1,15,0.5,1.494,3.971,1.967,0.0,-1.0,-0.212,1.981,-3.0,2.493,0.495,-3.0,-4.0,-3.0,-3.0,-2.0,4.553,3.397,0.49,0.985,-6.0,2.848,-4.0,12.729,-1.516,-0.502,-0.511,0.499,-2.501,3.119,-0.515,-3.0,4.132,2.6,-0.509,-4.0,9.783,-2.0,-1.535,-2.0,-3.0,4.175,-2.0,-1.0,-4.0,-4.0,5.47,-4.0,1.499,-3.0,0.0,-1.0,0.0,11.212,4.963,-1.0,-1.0,0.0,-1.0,-1.0,-1.0,0.0,0.0,0.0,0.0,0.0,-1.0,0.0,0.0,-1.0,0.0,0.0,2.499,-1.0,0.0,0.0,-1.0,-2.0,0.492,2.496,-2.0,-1.0,-2.0,1.485,5.575,0.484,-1.476,1.992,0.978,1.328,1.974,-0.527,-1.159,-1.514,2.994,-3.0,-4.0,1.495,12.811,0.478,7.969,0.495,13.357,-4.0,-5.0,2.016,2.891,4.5,-1.507,-1.503,-0.508,-2.507,-4.0,-6.0,-3.0,-5.0,-2.0,-4.0,-4.0,8.975,0.501,0.0,0.0,0.0,0.0,0.0,0.0,0.0,0.0,0.0,0.0
BtcGF,BTCUSDc,290,3.8935,7.787,3,0.3213,66.19,354,31.3559,1,15,0,0.015,1.7,2.0,0.0,0.5,16385,1,2.633,1,0,1,15,0.75,5.964,3.952,-1.027,-1.0,-1.0,2.16,0.985,-3.0,1.994,1.954,-3.0,-2.007,-0.008,-3.0,2.084,4.056,1.993,-0.008,-0.013,-3.016,-1.022,-1.002,4.576,-2.013,-1.002,-1.009,-0.001,-3.001,1.794,-1.0,-3.0,2.447,0.626,-1.007,-4.0,5.148,-2.0,-1.028,-2.0,-3.0,1.334,-2.0,-1.0,-2.0,-1.002,3.977,-3.0,2.998,-3.0,0.0,0.0,-1.0,4.594,3.971,-1.0,-1.0,0.0,-1.0,1.993,-1.0,0.0,0.0,0.0,0.0,0.0,-1.0,0.0,0.0,-1.0,0.0,0.0,1.999,-1.0,0.0,0.0,-1.0,-2.0,-2.0,1.997,-1.0,-2.0,0.992,4.274,0.992,-0.013,-1.984,2.991,3.018,-0.008,-1.002,-1.022,-1.8,-2.011,-0.003,-3.0,-4.0,2.966,8.917,-0.018,1.744,1.986,4.953,2.597,-5.0,-0.979,4.102,2.323,-2.005,-4.0,2.984,-3.005,-1.033,-5.999,-3.0,5.448,-2.0,-3.0,-1.015,8.973,2.994,0.0,0.0,0.0,0.0,0.0,0.0,0.0,0.0,0.0,0.0
BtcGF,BTCUSDc,176,18.1305,36.261,3,1.1759,59.41,360,19.1667,1,15,0,0.015,1.1,3.0,0.0,0.5,16385,1,14.72,16,0,1,5,0.5,1.993,1.991,4.161,0.0,-2.0,-3.0,1.977,-3.0,2.992,0.994,-3.0,-4.0,-3.0,-3.0,-3.0,-4.0,0.394,-0.012,-2.009,-6.0,2.826,-4.0,0.991,17.196,-3.0,-4.0,0.999,-2.001,-1.007,-0.016,-3.0,4.77,-4.0,-0.011,-4.0,13.08,-2.0,-0.042,-2.0,-3.0,5.57,-3.0,-1.0,-4.0,-4.0,6.964,-4.0,1.999,-3.0,0.0,-1.0,0.0,14.711,5.956,-1.0,-1.0,0.0,-1.0,-1.0,-1.0,0.0,0.0,0.0,0.0,0.0,-1.0,0.0,0.0,-1.0,0.0,0.0,2.998,-1.0,0.0,0.0,-1.0,-2.0,0.99,2.995,-2.0,-1.0,-2.0,1.982,5.914,-0.019,3.67,-1.007,1.973,4.708,6.431,-1.033,-2.141,-1.016,3.993,-3.0,-4.0,1.994,-3.0,0.973,17.541,0.994,6.928,-4.0,-5.0,8.875,11.912,-4.0,1.979,-1.004,6.178,-2.009,-4.0,-6.0,-3.0,8.02,-2.0,-3.999,-4.0,6.975,-3.0,0.0,0.0,0.0,0.0,0.0,0.0,0.0,0.0,0.0,0.0
BtcGF,BTCUSDc,97,34.3907,51.586,4,1.4329,109.49,378,17.7249,1,15,0,0.015,1.4,3.0,0.0,0.5,16385,1,-4.894,13,0,1,5,0.25,1.993,1.991,4.161,0.0,-2.0,-3.0,1.977,-3.0,2.992,0.994,-3.0,-4.0,-3.0,-3.0,-4.0,-4.0,0.394,-0.012,-2.01,-6.0,2.826,-4.0,0.991,29.397,-3.0,-4.0,0.999,-2.001,-1.007,-0.016,-3.0,3.926,-5.0,-0.011,-4.0,52.48,-2.0,-0.042,-2.0,-3.0,6.359,-3.0,-1.0,-4.0,-4.0,6.964,-4.0,1.999,-3.0,0.0,-1.0,0.0,-2.0,5.956,-1.0,-1.0,0.0,-1.0,-1.0,-1.0,0.0,0.0,0.0,0.0,0.0,-1.0,0.0,0.0,-1.0,0.0,0.0,2.998,-1.0,0.0,0.0,-1.0,-2.0,0.99,2.995,-2.0,-2.0,-2.0,1.982,5.914,-0.019,10.567,-1.007,1.973,12.71,6.431,-1.033,-2.141,-1.016,3.993,-4.0,-5.0,0.994,-3.0,-2.027,-3.002,0.994,6.928,-4.0,-5.0,14.731,19.212,-4.0,1.979,-1.004,6.178,-2.009,-4.0,-6.0,-5.0,-6.0,-3.0,-5.0,-4.0,6.975,-3.0,0.0,0.0,0.0,0.0,0.0,0.0,0.0,0.0,0.0,0.0
BtcGF,BTCUSDc,286,6.758,13.516,3,0.4756,25.5,386,38.601,1,15,0,0.015,1.7,1.5,0.0,0.5,16385,1,10.069,0,0,1,15,0.75,4.472,2.97,-1.52,3.122,-1.0,0.994,2.976,-3.0,1.496,0.961,-0.508,-2.505,-0.506,-3.0,0.478,0.982,0.995,0.989,-1.009,-1.028,1.464,-1.501,-0.01,-2.51,-1.501,-1.507,-0.5,-3.5,-0.414,-1.5,-0.505,2.76,-0.403,-1.505,-4.0,4.433,-2.0,-0.024,-2.0,-3.0,0.414,-2.0,-1.0,-2.0,4.732,4.978,-3.0,2.0,-3.0,0.0,0.0,-1.0,2.132,2.978,-1.0,-1.0,0.0,-1.0,1.494,-1.0,0.0,0.0,0.0,0.0,0.0,-1.0,0.0,0.0,-1.0,0.0,0.0,1.499,-1.0,0.0,0.0,1.498,-2.0,3.725,1.498,1.388,-2.0,0.5,3.173,0.494,4.959,-2.492,1.494,0.05,6.573,3.42,-1.516,-1.452,-2.508,-0.503,-3.0,-0.027,1.971,5.135,-0.513,-0.4,0.989,3.465,0.767,-2.507,2.485,1.485,1.634,-2.504,-2.502,4.908,-3.503,-2.527,-5.999,0.255,3.039,-2.0,-0.754,0.488,4.972,1.995,0.0,0.0,0.0,0.0,0.0,0.0,0.0,0.0,0.0,0.0
BtcGF,BTCUSDc,238,12.4955,24.991,3,0.8925,50.71,326,22.0859,1,15,0,0.015,1.7,3.0,0.0,0.5,16385,1,12.319,10,0,1,20,0.5,1.993,1.991,-0.02,0.0,-1.0,-2.0,2.977,-3.0,2.992,1.994,-2.0,-4.0,-3.0,-3.0,-2.0,-3.0,3.322,0.988,-5.0,-6.0,4.486,-4.0,0.991,8.089,-0.003,-3.0,0.999,-2.001,5.522,-0.016,-3.0,4.77,7.378,4.329,-4.0,16.204,-2.0,-0.042,-2.0,-3.0,5.57,-2.0,-1.0,-4.0,2.065,6.964,1.363,1.999,-3.0,0.0,-1.0,0.0,9.129,5.956,-1.0,-1.0,0.0,-1.0,-1.0,-0.999,0.0,0.0,0.0,0.0,0.0,-1.0,0.0,0.0,-1.0,0.0,0.0,2.998,-1.0,0.0,0.0,-1.0,-2.0,0.99,2.995,-2.0,-1.0,-2.0,1.982,7.945,1.981,-0.969,-0.007,1.973,0.444,2.985,-1.033,-2.292,-1.016,0.995,-2.0,-4.0,6.505,-3.0,-1.027,-0.953,0.994,6.928,-4.0,-3.0,-0.011,-0.763,5.012,-1.008,-2.0,6.969,-2.009,-4.0,-2.0,-4.0,-5.0,-2.0,-4.0,-4.0,6.975,2.418,0.0,0.0,0.0,0.0,0.0,0.0,0.0,0.0,0.0,0.0
BtcGF,BTCUSDc,134,40.6958,48.835,5,1.3524,87.96,370,22.973,1,15,0,0.015,1.7,2.5,0.0,0.5,16385,1,5.88,9,0,1,15,0.25,1.494,3.971,1.967,0.0,-1.0,-0.212,1.981,-3.0,2.493,0.495,-3.0,-4.0,-3.0,-3.0,-3.0,5.534,3.871,0.49,0.985,-6.0,6.995,-4.0,21.877,-1.516,-0.502,-0.511,0.499,-2.501,3.119,-0.515,-3.0,4.126,2.6,-0.509,-4.0,38.955,-2.0,-1.535,-2.0,-3.0,7.909,-2.0,-2.0,-4.0,-4.0,5.47,-4.0,1.499,-3.0,0.0,-1.0,0.0,-0.999,4.963,-1.0,-1.0,0.0,-1.0,-1.0,-1.0,0.0,0.0,0.0,0.0,0.0,-1.0,0.0,0.0,-1.0,0.0,0.0,2.499,-1.0,0.0,0.0,-1.0,-2.0,0.491,2.496,-2.0,-2.0,-2.0,1.485,10.773,0.484,-1.475,1.992,0.978,1.328,1.974,-0.527,-1.159,-1.514,2.994,-4.0,-5.0,1.495,25.711,-2.522,-1.463,-0.505,6.44,-4.0,-5.0,2.016,2.891,4.5,-1.507,-1.503,-0.508,-3.507,-4.0,-6.0,-5.0,-5.0,-3.0,-1.491,-4.0,8.975,0.501,0.0,0.0,0.0,0.0,0.0,0.0,0.0,0.0,0.0,0.0
BtcGF,BTCUSDc,98,34.3907,51.586,4,1.4329,109.49,378,17.7249,1,15,0,0.015,1.7,3.0,0.0,0.5,16385,1,-4.894,13,0,1,5,0.25,1.993,1.991,4.161,0.0,-2.0,-3.0,1.977,-3.0,2.992,0.994,-3.0,-4.0,-3.0,-3.0,-4.0,-4.0,0.394,-0.012,-2.01,-6.0,2.826,-4.0,0.991,29.397,-3.0,-4.0,0.999,-2.001,-1.007,-0.016,-3.0,3.926,-5.0,-0.011,-4.0,52.48,-2.0,-0.042,-2.0,-3.0,6.359,-3.0,-1.0,-4.0,-4.0,6.964,-4.0,1.999,-3.0,0.0,-1.0,0.0,-2.0,5.956,-1.0,-1.0,0.0,-1.0,-1.0,-1.0,0.0,0.0,0.0,0.0,0.0,-1.0,0.0,0.0,-1.0,0.0,0.0,2.998,-1.0,0.0,0.0,-1.0,-2.0,0.99,2.995,-2.0,-2.0,-2.0,1.982,5.914,-0.019,10.567,-1.007,1.973,12.71,6.431,-1.033,-2.141,-1.016,3.993,-4.0,-5.0,0.994,-3.0,-2.027,-3.002,0.994,6.928,-4.0,-5.0,14.731,19.212,-4.0,1.979,-1.004,6.178,-2.009,-4.0,-6.0,-5.0,-6.0,-3.0,-5.0,-4.0,6.975,-3.0,0.0,0.0,0.0,0.0,0.0,0.0,0.0,0.0,0.0,0.0
BtcGF,BTCUSDc,312,6.8235,13.647,3,0.5204,50.3,326,26.0736,1,15,0,0.015,1.1,2.5,0.0,0.5,16385,1,6.782,9,0,1,20,0.75,1.494,1.492,-0.52,0.0,-1.0,-0.158,1.981,-3.0,2.493,1.495,10.538,-4.0,-3.0,-3.0,-1.0,3.682,3.239,0.49,-1.507,-6.0,1.461,-4.0,5.953,-1.516,-0.502,3.467,0.499,-2.501,1.995,-0.515,-3.0,-1.508,3.238,3.0,-4.0,9.64,-2.0,-0.535,-2.0,-3.0,2.268,-2.0,-1.0,-2.0,1.176,5.47,0.794,1.499,-3.0,0.0,0.0,-1.0,5.069,4.963,-1.0,-1.0,0.0,-1.0,-1.0,-0.999,0.0,0.0,0.0,0.0,0.0,-1.0,0.0,0.0,-1.0,0.0,0.0,2.499,-1.0,0.0,0.0,-1.0,-2.0,-2.0,2.496,-1.0,-2.0,-2.0,1.485,3.838,1.484,-1.476,1.992,0.978,5.869,-0.502,-0.527,-2.986,-1.514,0.496,-2.0,-4.0,5.369,6.294,-1.522,-1.463,0.495,8.955,-4.0,-3.0,-3.0,-1.311,3.992,-1.507,0.508,1.872,-2.507,-4.0,-2.0,-4.0,2.731,-2.0,-3.0,-4.0,8.975,1.499,0.0,0.0,0.0,0.0,0.0,0.0,0.0,0.0,0.0,0.0
BtcGF,BTCUSDc,72,47.228,70.842,4,2.2365,55.37,344,25.2907,1,15,0,0.015,1.1,2.5,0.0,0.5,16385,1,31.614,11,0,1,20,0.0,1.494,1.492,-0.52,0.0,-1.0,-0.158,1.981,-3.0,2.493,1.495,15.207,-4.0,-3.0,-3.0,-3.0,6.915,3.619,0.49,-1.507,-6.0,2.236,-4.0,6.829,-1.516,-0.502,3.467,0.499,-2.501,1.995,-0.515,-3.0,-2.509,-4.0,3.0,-4.0,40.775,-2.0,-0.535,-2.0,-3.0,10.014,-2.0,-2.0,-4.0,-3.0,5.47,0.794,1.499,-3.0,0.0,-1.0,0.0,7.372,4.963,-1.0,-1.0,0.0,-1.0,-1.0,-0.999,0.0,0.0,0.0,0.0,0.0,-1.0,0.0,0.0,-1.0,0.0,0.0,2.499,-1.0,0.0,0.0,-1.0,-2.0,0.491,2.496,-2.0,-2.0,-2.0,1.485,1.483,1.484,-1.476,1.992,0.978,7.059,19.65,-0.527,-2.985,-1.514,0.496,-3.0,-4.0,5.369,14.274,-1.522,-1.463,0.495,8.955,-4.0,-4.0,-0.51,-1.311,3.992,-1.507,0.508,0.872,-3.507,-4.0,-2.0,-5.0,-5.0,-2.999,-1.214,0.488,8.975,1.499,0.0,0.0,0.0,0.0,0.0,0.0,0.0,0.0,0.0,0.0
BtcGF,BTCUSDc,229,24.0833,36.125,4,1.813,21.24,354,33.6158,1,15,0,0.015,1.4,2.0,0.0,0.5,16385,1,28.452,4,0,1,20,0.5,5.964,3.952,-1.027,-1.0,-1.0,2.191,0.985,-3.0,1.994,1.954,0.608,-2.007,-0.008,-3.0,0.232,8.145,1.993,-0.008,-2.006,-3.016,-1.022,-1.002,4.561,-2.013,-1.002,2.352,-0.001,-3.001,0.997,-1.0,-3.0,3.028,3.225,1.987,-4.0,7.667,-2.0,-1.028,-2.0,-3.0,2.78,-2.0,-1.0,-4.0,2.64,3.977,0.224,2.998,-3.0,0.0,-1.0,0.0,4.921,3.971,-1.0,-1.0,0.0,-1.0,1.993,-0.999,0.0,0.0,0.0,0.0,0.0,-1.0,0.0,0.0,-1.0,0.0,0.0,1.999,-1.0,0.0,0.0,-1.0,-2.0,-0.007,1.997,-2.0,-1.0,1.049,4.21,0.992,4.227,-1.984,2.991,5.133,2.971,0.979,-1.022,-3.68,-2.011,-0.003,-2.0,-4.0,2.966,10.393,-2.018,-1.971,1.986,4.953,0.969,0.765,-1.008,1.136,1.999,-2.005,0.002,1.984,-3.006,-1.033,-2.0,-4.0,-1.979,-2.0,-4.0,-1.015,8.973,2.994,0.0,0.0,0.0,0.0,0.0,0.0,0.0,0.0,0.0,0.0
BtcGF,BTCUSDc,95,23.1407,34.711,4,1.091,127.2,382,20.9424,1,15,0,0.015,2.0,2.5,0.0,0.5,16385,1,-9.443,13,0,1,5,0.25,1.494,1.492,2.738,0.0,-2.0,-0.249,0.981,-3.0,2.493,0.495,-3.0,-4.0,-3.0,-3.0,-4.0,-0.512,3.041,-0.51,0.985,-6.0,1.221,-4.0,21.572,-1.516,-3.0,-0.511,0.499,-2.501,7.965,-0.515,-3.0,4.929,-5.0,-0.509,-4.0,40.154,-2.0,-0.535,-2.0,-3.0,4.811,-3.0,-1.0,-4.0,-4.0,5.47,-4.0,1.499,-3.0,0.0,-1.0,0.0,-2.0,4.963,-1.0,-1.0,0.0,-1.0,-1.0,-1.0,0.0,0.0,0.0,0.0,0.0,-1.0,0.0,0.0,-1.0,0.0,0.0,2.499,-1.0,0.0,0.0,-1.0,-2.0,0.492,2.496,-2.0,-2.0,-2.0,1.485,4.18,-0.516,7.23,1.992,0.978,11.787,4.764,-0.527,-2.877,-1.514,2.994,-4.0,-5.0,0.495,-0.519,-2.522,-3.502,0.495,16.093,-4.0,-5.0,9.666,14.347,-4.0,0.982,-1.503,1.213,-2.507,-4.0,-6.0,-5.0,-6.0,-3.0,4.091,-4.0,8.975,-3.0,0.0,0.0,0.0,0.0,0.0,0.0,0.0,0.0,0.0,0.0
BtcGF,BTCUSDc,157,13.6705,27.341,3,0.626,89.97,338,20.7101,1,15,0,0.015,1.4,3.0,0.0,0.5,16385,1,2.741,8,0,1,20,0.25,1.993,1.991,-0.02,0.0,-1.0,-2.0,2.977,-3.0,2.992,1.994,-2.0,-4.0,-3.0,-3.0,-3.0,-3.0,5.153,0.988,-5.0,-6.0,4.486,-4.0,0.991,8.089,-0.003,-3.0,0.999,-2.001,5.522,-0.016,-3.0,9.481,-4.0,4.311,-4.0,27.132,-2.0,-0.042,-2.0,-3.0,12.773,-2.0,-2.0,-4.0,2.065,6.964,1.363,1.999,-3.0,0.0,-1.0,0.0,9.601,5.956,-1.0,-1.0,0.0,-1.0,-1.0,-0.999,0.0,0.0,0.0,0.0,0.0,-1.0,0.0,0.0,-1.0,0.0,0.0,2.998,-1.0,0.0,0.0,-1.0,-2.0,0.989,2.995,-2.0,-2.0,-2.0,1.982,15.513,1.981,-0.969,-0.007,1.973,0.444,2.985,-1.033,-2.292,-1.016,0.995,-3.0,-4.0,6.505,-3.0,-1.027,-0.953,0.994,6.928,-4.0,-3.999,-0.011,-0.763,5.012,-1.008,-2.0,-3.0,-3.009,-4.0,-2.0,-5.0,-5.0,-2.999,-4.999,-4.0,6.975,2.418,0.0,0.0,0.0,0.0,0.0,0.0,0.0,0.0,0.0,0.0
BtcGF,BTCUSDc,256,7.8965,15.793,3,0.6289,88.72,336,19.6429,1,15,0,0.015,1.1,3.0,0.0,0.5,16385,1,1.781,18,0,1,5,0.75,1.993,1.991,1.176,0.0,-1.0,-3.0,1.977,-3.0,2.992,1.994,-2.0,-4.0,-3.0,-3.0,-1.0,-2.0,0.394,-0.012,-2.01,-6.0,2.826,-4.0,0.991,9.724,-3.0,-4.0,0.999,-2.001,-0.007,-0.016,-3.0,15.856,11.012,-0.011,-4.0,5.54,-2.0,-0.042,-2.0,-3.0,3.2,-2.0,-1.0,-2.0,-4.0,6.964,-3.0,1.999,-3.0,0.0,0.0,-1.0,7.966,5.956,-1.0,-1.0,0.0,-1.0,-1.0,-1.0,0.0,0.0,0.0,0.0,0.0,-1.0,0.0,0.0,-1.0,0.0,0.0,2.998,-1.0,0.0,0.0,-1.0,-2.0,-2.0,2.995,-1.0,-2.0,-2.0,1.982,5.416,-0.019,1.041,-1.007,1.973,2.026,6.431,-0.033,-2.141,-1.016,0.995,-3.0,-4.0,1.994,-3.0,0.973,7.304,0.994,12.74,-4.0,-5.0,1.112,7.729,-4.0,1.979,-4.0,5.91,-2.009,-4.0,-5.999,-3.0,5.999,-2.0,-3.0,-4.0,6.975,-3.0,0.0,0.0,0.0,0.0,0.0,0.0,0.0,0.0,0.0,0.0
BtcGF,BTCUSDc,199,15.7965,31.593,3,1.1816,73.16,361,18.5596,1,15,0,0.015,2.0,3.0,0.0,0.5,16385,1,8.479,17,0,1,10,0.5,1.993,0.991,3.841,0.0,-2.0,-3.0,1.977,-3.0,2.992,0.994,-3.0,-4.0,-3.0,-3.0,-3.0,-4.0,3.322,-0.012,-2.01,-6.0,5.487,-4.0,0.991,15.272,-3.0,-4.0,0.999,-2.001,-1.007,-0.016,-3.0,4.77,-3.999,-0.011,-4.0,13.08,-2.0,-1.042,-2.0,-3.0,5.57,-3.0,-1.0,-3.999,-4.0,6.964,-4.0,1.999,-3.0,0.0,-1.0,0.0,14.711,5.956,-1.0,-1.0,0.0,-1.0,-1.0,-1.0,0.0,0.0,0.0,0.0,0.0,-1.0,0.0,0.0,-1.0,0.0,0.0,2.998,-1.0,0.0,0.0,-1.0,-2.0,0.99,2.995,-2.0,-1.0,-2.0,1.982,7.945,-0.019,3.67,-1.007,0.973,1.661,2.985,-1.033,-7.0,-1.016,0.995,-3.0,-4.0,1.994,-3.0,0.973,19.114,0.994,13.774,-4.0,-4.999,8.875,20.344,-4.0,1.979,-4.0,-0.01,-2.009,-4.0,-6.0,-3.0,7.657,-2.0,-4.0,-4.0,6.976,-3.0,0.0,0.0,0.0,0.0,0.0,0.0,0.0,0.0,0.0,0.0
BtcGF,BTCUSDc,239,12.51,25.02,3,0.8936,50.65,326,22.0859,1,15,0,0.015,2.0,3.0,0.0,0.5,16385,1,12.348,10,0,1,20,0.5,1.993,1.991,-0.02,0.0,-1.0,-2.0,2.977,-3.0,2.992,1.994,-2.0,-4.0,-3.0,-3.0,-2.0,-3.0,3.322,0.988,-5.0,-6.0,4.486,-4.0,0.991,8.089,-0.003,-3.0,0.999,-2.001,5.532,-0.016,-3.0,4.77,7.378,4.347,-4.0,16.204,-2.0,-0.042,-2.0,-3.0,5.57,-2.0,-1.0,-4.0,2.065,6.964,1.363,1.999,-3.0,0.0,-1.0,0.0,9.129,5.956,-1.0,-1.0,0.0,-1.0,-1.0,-0.999,0.0,0.0,0.0,0.0,0.0,-1.0,0.0,0.0,-1.0,0.0,0.0,2.998,-1.0,0.0,0.0,-1.0,-2.0,0.99,2.995,-2.0,-1.0,-2.0,1.982,7.945,1.982,-0.969,-0.007,1.973,0.444,2.985,-1.033,-2.292,-1.016,0.995,-2.0,-4.0,6.505,-3.0,-1.027,-0.953,0.994,6.928,-4.0,-3.0,-0.011,-0.763,5.012,-1.008,-2.0,6.969,-2.009,-4.0,-2.0,-4.0,-5.0,-2.0,-4.0,-4.0,6.975,2.418,0.0,0.0,0.0,0.0,0.0,0.0,0.0,0.0,0.0,0.0
BtcGF,BTCUSDc,208,23.878,35.817,4,1.5594,26.29,368,32.337,1,15,0,0.015,1.1,2.0,0.0,0.5,16385,1,26.399,6,0,1,15,0.5,5.964,3.952,0.963,-1.0,-1.0,2.159,0.985,-3.0,1.994,1.954,-3.0,-2.007,-0.008,-3.0,1.084,7.623,1.993,-0.008,-0.013,-3.016,-1.022,-1.002,7.254,-2.013,-1.002,-1.009,-0.001,-3.001,1.887,-1.0,-3.0,2.446,1.398,-1.007,-4.0,9.412,-2.0,-2.028,-2.0,-3.0,2.78,-2.0,-1.0,-4.0,3.121,3.977,-1.002,2.998,-3.0,0.0,-1.0,0.0,8.01,3.971,-1.0,-1.0,0.0,-1.0,1.993,-1.0,0.0,0.0,0.0,0.0,0.0,-1.0,0.0,0.0,-1.0,0.0,0.0,1.999,-1.0,0.0,0.0,-1.0,-2.0,-0.007,1.997,-2.0,-1.0,0.992,4.274,0.992,-0.013,-1.984,2.991,4.216,-0.008,0.979,-1.022,-1.8,-2.011,1.996,-3.0,-4.0,2.966,10.772,-0.018,4.01,1.986,4.953,3.341,-5.0,1.013,4.102,2.323,-2.005,-2.003,1.984,-3.006,-1.033,-6.0,-3.0,-0.891,-2.0,-3.999,-1.015,8.973,2.994,0.0,0.0,0.0,0.0,0.0,0.0,0.0,0.0,0.0,0.0
BtcGF,BTCUSDc,78,46.294,92.588,3,2.3877,51.95,331,21.148,1,15,0,0.015,1.7,3.0,0.0,0.5,16385,1,44.488,9,0,1,20,0.0,1.993,1.991,-0.02,0.0,-1.0,-2.0,2.977,-3.0,2.992,1.994,-2.0,-4.0,-3.0,-3.0,-3.0,-3.0,5.153,0.988,-5.0,-6.0,4.486,-4.0,0.991,8.089,-0.003,-3.0,0.999,-2.001,5.522,-0.016,-3.0,29.578,-4.0,4.329,-4.0,50.19,-2.0,-0.042,-2.0,-3.0,12.823,-2.0,-2.0,-4.0,-3.0,6.964,1.363,1.999,-3.0,0.0,-1.0,0.0,9.601,5.956,-1.0,-1.0,0.0,-1.0,-1.0,-0.999,0.0,0.0,0.0,0.0,0.0,-1.0,0.0,0.0,-1.0,0.0,0.0,2.998,-1.0,0.0,0.0,-1.0,-2.0,0.989,2.995,-2.0,-2.0,-2.0,1.982,1.987,1.981,-0.969,-0.007,1.973,9.653,26.341,-1.033,-2.291,-1.016,0.995,-3.0,-4.0,6.505,-1.0,-2.026,-0.953,0.994,7.997,-4.0,-4.0,-0.011,-0.763,5.012,-1.008,-2.0,-3.0,-3.009,-4.0,-2.0,-5.0,-5.0,-2.999,-4.999,-1.0,9.955,2.418,0.0,0.0,0.0,0.0,0.0,0.0,0.0,0.0,0.0,0.0
BtcGF,BTCUSDc,172,25.024,37.536,4,1.4509,39.98,365,23.0137,1,15,0,0.015,1.1,2.5,0.0,0.5,16385,1,22.528,18,0,1,5,0.5,1.494,1.492,2.738,0.0,-2.0,-0.249,0.981,-3.0,2.493,0.495,-3.0,-4.0,-3.0,-3.0,-3.0,-0.512,3.041,-0.51,0.985,-6.0,1.221,-4.0,12.729,-1.516,-3.0,-0.511,0.499,-2.501,4.711,-0.515,-3.0,5.929,6.26,-0.509,-4.0,9.783,-2.0,-0.535,-2.0,-3.0,4.175,-3.0,-1.0,-4.0,-4.0,5.47,-4.0,1.499,-3.0,0.0,-1.0,0.0,11.447,4.963,-1.0,-1.0,0.0,-1.0,-1.0,-1.0,0.0,0.0,0.0,0.0,0.0,-1.0,0.0,0.0,-1.0,0.0,0.0,2.499,-1.0,0.0,0.0,-1.0,-2.0,0.492,2.496,-2.0,-1.0,-2.0,1.485,4.18,-0.516,1.89,1.992,0.978,5.491,4.764,-0.527,-2.877,-1.514,2.994,-3.0,-4.0,1.495,12.92,0.478,13.506,0.495,13.357,-4.0,-5.0,5.837,8.47,-4.0,0.982,-1.503,1.213,-2.507,-4.0,-6.0,-3.0,4.943,-2.0,-3.999,-4.0,8.975,-3.0,0.0,0.0,0.0,0.0,0.0,0.0,0.0,0.0,0.0,0.0
BtcGF,BTCUSDc,277,1.754,2.631,4,0.1025,462.45,340,19.4118,1,15,0,0.015,1.4,3.0,0.0,0.5,16385,1,-9.536,18,0,1,10,0.75,1.993,0.991,0.856,0.0,-1.0,-3.0,1.977,-3.0,2.992,1.994,-2.0,-4.0,-3.0,-3.0,-2.0,-2.0,2.022,-0.012,-2.01,-6.0,3.219,-4.0,0.991,9.724,-3.0,-4.0,0.999,-2.001,-0.007,-0.016,-3.0,11.664,8.308,-0.011,-4.0,5.54,-2.0,-0.042,-2.0,-3.0,3.2,-2.0,-1.0,-2.0,-3.999,6.964,-3.0,1.999,-3.0,0.0,0.0,-1.0,7.966,5.956,-1.0,-1.0,0.0,-1.0,-1.0,-1.0,0.0,0.0,0.0,0.0,0.0,-1.0,0.0,0.0,-1.0,0.0,0.0,2.998,-1.0,0.0,0.0,-1.0,-2.0,-2.0,2.995,-1.0,-2.0,-2.0,1.982,5.416,-0.019,1.041,-1.007,1.973,1.661,2.985,-0.033,-7.0,-1.016,0.995,-3.0,-4.0,1.994,-3.0,0.973,8.167,0.994,12.74,-4.0,-5.0,1.112,15.123,-4.0,1.979,-4.0,0.99,-2.009,-4.0,-5.999,-3.0,5.363,-2.0,-3.0,-4.0,6.976,-3.0,0.0,0.0,0.0,0.0,0.0,0.0,0.0,0.0,0.0,0.0
BtcGF,BTCUSDc,278,1.754,2.631,4,0.1025,462.45,340,19.4118,1,15,0,0.015,1.7,3.0,0.0,0.5,16385,1,-9.536,18,0,1,10,0.75,1.993,0.991,0.856,0.0,-1.0,-3.0,1.977,-3.0,2.992,1.994,-2.0,-4.0,-3.0,-3.0,-2.0,-2.0,2.022,-0.012,-2.01,-6.0,3.219,-4.0,0.991,9.724,-3.0,-4.0,0.999,-2.001,-0.007,-0.016,-3.0,11.664,8.308,-0.011,-4.0,5.54,-2.0,-0.042,-2.0,-3.0,3.2,-2.0,-1.0,-2.0,-4.0,6.964,-3.0,1.999,-3.0,0.0,0.0,-1.0,7.966,5.956,-1.0,-1.0,0.0,-1.0,-1.0,-1.0,0.0,0.0,0.0,0.0,0.0,-1.0,0.0,0.0,-1.0,0.0,0.0,2.998,-1.0,0.0,0.0,-1.0,-2.0,-2.0,2.995,-1.0,-2.0,-2.0,1.982,5.416,-0.019,1.041,-1.007,1.973,1.661,2.985,-0.033,-7.0,-1.016,0.995,-3.0,-4.0,1.994,-3.0,0.973,8.167,0.994,12.74,-4.0,-5.0,1.112,15.123,-4.0,1.979,-4.0,0.99,-2.009,-4.0,-5.999,-3.0,5.363,-2.0,-2.999,-4.0,6.976,-3.0,0.0,0.0,0.0,0.0,0.0,0.0,0.0,0.0,0.0,0.0
BtcGF,BTCUSDc,171,36.9475,44.337,5,2.1354,21.24,376,31.383,1,15,0,0.015,2.0,2.0,0.0,0.5,16385,1,34.919,10,0,1,5,0.5,5.964,3.952,0.963,-1.0,-2.0,2.138,-0.015,-3.0,1.994,1.954,-3.0,-2.007,-0.008,-3.0,-3.0,4.983,1.993,-1.008,-0.013,-3.016,-1.022,-1.002,7.254,-2.013,0.212,-1.009,-0.001,-3.001,3.149,-1.0,-3.0,3.04,4.061,-1.007,-4.0,9.412,-2.0,-1.028,-2.0,-3.0,2.78,-3.0,-1.0,-4.0,2.886,3.977,-1.002,2.998,-3.0,0.0,-1.0,0.0,8.183,3.971,-1.0,-1.0,0.0,-1.0,1.993,-1.0,0.0,0.0,0.0,0.0,0.0,-1.0,0.0,0.0,-1.0,0.0,0.0,1.999,-1.0,0.0,0.0,-1.0,-2.0,-0.007,1.997,-2.0,-1.0,1.488,7.045,0.992,-1.013,0.11,2.991,5.885,-0.008,3.116,-1.022,-3.612,-2.011,1.996,-3.0,-4.0,2.966,10.827,-0.018,3.371,1.986,4.953,3.911,-5.0,0.983,8.022,-0.519,-0.014,-2.003,1.984,-3.006,-1.033,-6.0,-3.0,2.324,-2.0,-4.0,-1.015,8.973,2.994,0.0,0.0,0.0,0.0,0.0,0.0,0.0,0.0,0.0,0.0
BtcGF,BTCUSDc,205,21.6253,32.438,4,1.3105,18.67,395,38.7342,1,15,0,0.015,1.4,1.5,0.0,0.5,16385,1,26.383,4,0,1,15,0.5,4.472,2.97,-0.028,5.429,-1.0,0.993,2.976,-3.0,1.496,0.961,-0.508,-2.505,-0.506,-3.0,-0.522,3.482,0.995,0.989,-1.009,-1.028,1.464,-1.501,0.893,-2.51,-1.501,-1.507,-0.5,-3.5,-0.345,-1.5,-0.505,2.76,0.196,-1.505,-4.0,7.041,-2.0,-1.024,-2.0,-3.0,1.403,-2.0,-1.0,-4.0,3.981,4.978,-1.501,2.0,-3.0,0.0,-1.0,0.0,3.081,2.978,-1.0,-1.0,0.0,-1.0,1.494,-1.0,0.0,0.0,0.0,0.0,0.0,-1.0,0.0,0.0,-1.0,0.0,0.0,1.499,-1.0,0.0,0.0,1.498,-2.0,-0.505,1.498,2.144,-2.0,0.5,3.173,0.494,4.959,-2.492,1.494,0.901,7.614,4.404,-1.516,-1.452,-2.508,0.996,-3.0,2.063,1.971,6.248,-0.513,1.221,0.989,3.465,1.132,-2.507,3.979,1.485,1.634,-2.504,-1.004,0.988,-3.504,-2.527,-6.0,2.738,3.978,-2.0,0.423,0.488,4.972,1.995,0.0,0.0,0.0,0.0,0.0,0.0,0.0,0.0,0.0,0.0
BtcGF,BTCUSDc,255,-3.3487,-5.023,4,-0.1685,0.0,346,22.8324,1,15,0,0.015,2.0,2.5,0.0,0.5,16385,1,-13.214,10,0,1,5,0.75,1.494,1.492,0.251,0.0,-1.0,-0.249,0.981,-3.0,2.493,1.495,3.542,-4.0,-3.0,-3.0,-1.0,3.784,3.041,-0.51,0.985,-6.0,1.221,-4.0,7.654,-1.516,-3.0,-0.511,0.499,-2.501,3.002,-0.515,-3.0,5.929,2.766,-0.509,-4.0,3.865,-2.0,-0.535,-2.0,-3.0,2.268,-2.0,-1.0,-2.0,-4.0,5.47,-3.0,1.499,-3.0,0.0,0.0,-1.0,6.28,4.963,-1.0,-1.0,0.0,-1.0,-1.0,-1.0,0.0,0.0,0.0,0.0,0.0,-1.0,0.0,0.0,-1.0,0.0,0.0,2.499,-1.0,0.0,0.0,-1.0,-2.0,-2.0,2.496,-1.0,-2.0,-2.0,1.485,3.838,-0.516,-0.146,1.992,0.978,3.381,2.288,-0.527,-2.877,-1.514,0.496,-3.0,-4.0,1.495,8.214,0.478,6.689,0.495,11.438,-4.0,-5.0,0.424,5.272,-4.0,0.982,-4.0,2.213,-2.507,-4.0,-5.999,-3.0,3.807,-2.0,-3.0,-4.0,8.975,-3.0,0.0,0.0,0.0,0.0,0.0,0.0,0.0,0.0,0.0,0.0
BtcGF,BTCUSDc,196,15.5935,31.187,3,1.1664,74.11,361,18.5596,1,15,0,0.015,1.1,3.0,0.0,0.5,16385,1,8.073,17,0,1,10,0.5,1.993,0.991,3.841,0.0,-2.0,-3.0,1.977,-3.0,2.992,0.994,-3.0,-4.0,-3.0,-3.0,-3.0,-4.0,3.322,-0.012,-2.01,-6.0,5.487,-4.0,0.991,15.272,-3.0,-4.0,0.999,-2.001,-1.007,-0.016,-3.0,4.77,-3.999,-0.011,-4.0,13.08,-2.0,-1.042,-2.0,-3.0,5.57,-3.0,-1.0,-3.999,-3.999,6.964,-4.0,1.999,-3.0,0.0,-1.0,0.0,14.711,5.956,-1.0,-1.0,0.0,-1.0,-1.0,-1.0,0.0,0.0,0.0,0.0,0.0,-1.0,0.0,0.0,-1.0,0.0,0.0,2.998,-1.0,0.0,0.0,-1.0,-2.0,0.99,2.995,-2.0,-1.0,-2.0,1.982,7.945,-0.019,3.67,-1.007,0.973,1.661,2.985,-1.033,-7.0,-1.016,0.995,-3.0,-4.0,1.994,-3.0,0.973,19.114,0.994,13.774,-4.0,-4.999,8.875,20.344,-4.0,1.979,-4.0,-0.01,-2.009,-4.0,-6.0,-3.0,7.249,-2.0,-3.999,-4.0,6.976,-3.0,0.0,0.0,0.0,0.0,0.0,0.0,0.0,0.0,0.0,0.0
BtcGF,BTCUSDc,318,10.8665,21.733,3,0.8774,39.3,315,22.5397,1,15,0,0.015,1.7,3.0,0.0,0.5,16385,1,13.193,13,0,1,20,0.75,1.993,1.991,-0.02,0.0,-1.0,-2.0,2.977,-3.0,2.992,1.994,-2.0,-4.0,-3.0,-3.0,-1.0,-2.0,2.024,0.988,-5.0,-6.0,3.219,-4.0,0.991,6.997,-0.003,-3.0,0.999,-2.001,5.522,-0.016,-3.0,2.866,5.401,4.329,-4.0,12.119,-2.0,-0.042,-2.0,-3.0,3.2,-2.0,-1.0,-2.0,2.065,6.964,1.363,1.999,-3.0,0.0,0.0,-1.0,6.478,5.956,-1.0,-1.0,0.0,-1.0,-1.0,-0.999,0.0,0.0,0.0,0.0,0.0,-1.0,0.0,0.0,-1.0,0.0,0.0,2.998,-1.0,0.0,0.0,-1.0,-2.0,-2.0,2.995,-1.0,-2.0,-2.0,1.982,5.416,1.981,-0.969,-0.007,1.973,8.032,-0.003,-0.033,-2.292,-1.016,0.995,-2.0,-4.0,6.505,-3.0,-1.027,-0.953,0.994,11.439,-4.0,-3.0,-3.0,-0.763,5.012,-1.008,-2.0,4.59,-2.009,-4.0,-2.0,-4.0,4.161,-2.0,-2.999,-4.0,6.975,2.418,0.0,0.0,0.0,0.0,0.0,0.0,0.0,0.0,0.0,0.0
BtcGF,BTCUSDc,257,7.8965,15.793,3,0.6289,88.72,336,19.6429,1,15,0,0.015,1.4,3.0,0.0,0.5,16385,1,1.781,18,0,1,5,0.75,1.993,1.991,1.176,0.0,-1.0,-3.0,1.977,-3.0,2.992,1.994,-2.0,-4.0,-3.0,-3.0,-1.0,-2.0,0.394,-0.012,-2.01,-6.0,2.826,-4.0,0.991,9.724,-3.0,-4.0,0.999,-2.001,-0.007,-0.016,-3.0,15.856,11.012,-0.011,-4.0,5.54,-2.0,-0.042,-2.0,-3.0,3.2,-2.0,-1.0,-2.0,-4.0,6.964,-3.0,1.999,-3.0,0.0,0.0,-1.0,7.966,5.956,-1.0,-1.0,0.0,-1.0,-1.0,-1.0,0.0,0.0,0.0,0.0,0.0,-1.0,0.0,0.0,-1.0,0.0,0.0,2.998,-1.0,0.0,0.0,-1.0,-2.0,-2.0,2.995,-1.0,-2.0,-2.0,1.982,5.416,-0.019,1.041,-1.007,1.973,2.026,6.431,-0.033,-2.141,-1.016,0.995,-3.0,-4.0,1.994,-3.0,0.973,7.304,0.994,12.74,-4.0,-5.0,1.112,7.729,-4.0,1.979,-4.0,5.91,-2.009,-4.0,-5.999,-3.0,5.999,-2.0,-3.0,-4.0,6.975,-3.0,0.0,0.0,0.0,0.0,0.0,0.0,0.0,0.0,0.0,0.0
BtcGF,BTCUSDc,271,2.6327,7.898,2,0.2611,65.26,360,30.8333,1,15,0,0.015,2.0,2.0,0.0,0.5,16385,1,2.744,1,0,1,10,0.75,5.964,3.952,-1.027,-1.0,-1.0,2.665,-0.015,-3.0,1.994,1.954,-3.0,-2.007,-0.008,-3.0,2.391,4.578,1.993,-1.008,-0.013,-3.016,-1.022,-1.002,4.576,-2.013,0.334,-1.009,-0.001,-3.001,1.479,-1.0,-3.0,1.382,0.437,-1.007,-4.0,5.148,-2.0,-1.028,-2.0,-3.0,1.334,-2.0,-1.0,-2.0,-1.002,3.977,-3.0,2.998,-3.0,0.0,0.0,-1.0,4.594,3.971,-1.0,-1.0,0.0,-1.0,1.993,-1.0,0.0,0.0,0.0,0.0,0.0,-1.0,0.0,0.0,-1.0,0.0,0.0,1.999,-1.0,0.0,0.0,-1.0,-2.0,-2.0,1.997,-1.0,-2.0,1.337,4.531,0.992,-1.013,-1.333,2.991,3.189,-0.008,-1.002,-1.022,-7.0,-2.011,-0.003,-3.0,-4.0,2.966,8.917,-0.018,1.732,1.986,4.953,2.597,-5.0,-0.264,10.426,-0.908,-0.014,-4.0,2.984,-3.006,-1.033,-5.999,-3.0,5.448,-2.0,-3.0,-1.015,8.973,2.994,0.0,0.0,0.0,0.0,0.0,0.0,0.0,0.0,0.0,0.0
BtcGF,BTCUSDc,27,-5.17,-10.34,3,-0.3434,0.0,401,35.4115,1,15,0,0.015,2.0,1.5,0.0,0.5,16385,1,-26.899,4,0,1,10,0.0,4.472,2.97,-0.028,-1.0,-1.0,0.993,2.976,-3.0,1.496,0.961,-0.508,-2.505,-0.506,-3.0,-1.522,3.482,0.995,0.989,-2.504,-1.028,1.464,-1.501,-3.505,-2.51,-0.336,-1.507,-0.5,-3.5,-0.646,-1.5,-0.505,2.05,-5.0,-1.505,-4.0,17.546,-2.0,-1.024,-2.0,-3.0,-0.513,-2.0,-2.0,-4.0,3.816,4.978,-1.501,2.0,-3.0,0.0,-1.0,0.0,-2.0,2.978,-1.0,-1.0,0.0,-1.0,1.494,-1.0,0.0,0.0,0.0,0.0,0.0,-1.0,0.0,0.0,-1.0,0.0,0.0,1.499,-1.0,0.0,0.0,1.498,-2.0,-0.506,1.498,5.656,-2.0,0.5,3.338,0.494,4.959,2.331,1.494,-3.512,5.49,2.47,-1.516,-1.744,-2.508,-0.503,-3.502,-1.519,0.971,2.46,-3.513,-2.481,0.989,3.465,1.812,-2.507,9.592,5.151,-1.018,-2.504,-2.502,0.988,-3.503,-2.527,-6.0,-4.0,-0.588,-1.503,-4.0,0.488,4.972,1.995,0.0,0.0,0.0,0.0,0.0,0.0,0.0,0.0,0.0,0.0
BtcGF,BTCUSDc,75,47.3047,70.957,4,2.2401,55.28,344,25.2907,1,15,0,0.015,2.0,2.5,0.0,0.5,16385,1,31.729,11,0,1,20,0.0,1.494,1.492,-0.52,0.0,-1.0,-0.158,1.981,-3.0,2.493,1.495,15.207,-4.0,-3.0,-3.0,-3.0,6.915,3.619,0.49,-1.507,-6.0,2.236,-4.0,6.829,-1.516,-0.502,3.527,0.499,-2.501,1.995,-0.515,-3.0,-2.509,-4.0,3.028,-4.0,40.801,-2.0,-0.535,-2.0,-3.0,10.014,-2.0,-2.0,-4.0,-3.0,5.47,0.794,1.499,-3.0,0.0,-1.0,0.0,7.372,4.963,-1.0,-1.0,0.0,-1.0,-1.0,-0.999,0.0,0.0,0.0,0.0,0.0,-1.0,0.0,0.0,-1.0,0.0,0.0,2.499,-1.0,0.0,0.0,-1.0,-2.0,0.491,2.496,-2.0,-2.0,-2.0,1.485,1.483,1.485,-1.476,1.992,0.978,7.059,19.65,-0.527,-2.985,-1.514,0.496,-3.0,-4.0,5.369,14.274,-1.522,-1.463,0.495,8.955,-4.0,-4.0,-0.51,-1.311,3.992,-1.507,0.508,0.872,-3.507,-4.0,-2.0,-5.0,-5.0,-2.999,-1.214,0.488,8.975,1.499,0.0,0.0,0.0,0.0,0.0,0.0,0.0,0.0,0.0,0.0
BtcGF,BTCUSDc,284,6.7325,13.465,3,0.4738,25.6,386,38.601,1,15,0,0.015,1.1,1.5,0.0,0.5,16385,1,10.018,0,0,1,15,0.75,4.472,2.97,-1.52,3.122,-1.0,0.993,2.976,-3.0,1.496,0.961,-0.508,-2.505,-0.506,-3.0,0.478,0.982,0.995,0.989,-1.009,-1.028,1.464,-1.501,-0.01,-2.51,-1.501,-1.507,-0.5,-3.5,-0.414,-1.5,-0.505,2.76,-0.403,-1.505,-4.0,4.433,-2.0,-0.024,-2.0,-3.0,0.414,-2.0,-1.0,-2.0,4.732,4.978,-3.0,2.0,-3.0,0.0,0.0,-1.0,2.132,2.978,-1.0,-1.0,0.0,-1.0,1.494,-1.0,0.0,0.0,0.0,0.0,0.0,-1.0,0.0,0.0,-1.0,0.0,0.0,1.499,-1.0,0.0,0.0,1.498,-2.0,3.725,1.498,1.388,-2.0,0.5,3.173,0.494,4.959,-2.492,1.494,0.05,6.573,3.42,-1.516,-1.452,-2.508,-0.503,-3.0,-0.027,1.971,5.135,-0.513,-0.4,0.989,3.465,0.767,-2.507,2.485,1.485,1.634,-2.504,-2.502,4.908,-3.503,-2.527,-5.999,0.255,3.039,-2.0,-0.804,0.488,4.972,1.995,0.0,0.0,0.0,0.0,0.0,0.0,0.0,0.0,0.0,0.0
BtcGF,BTCUSDc,53,-0.4515,-0.903,3,-0.021,0.0,368,22.5543,1,15,0,0.015,1.4,2.5,0.0,0.5,16385,1,-38.268,7,0,1,15,0.0,1.494,3.971,1.967,0.0,-1.0,-0.212,1.981,-3.0,2.493,0.495,-3.0,-4.0,-3.0,-3.0,-2.999,5.534,2.993,0.49,0.985,-6.0,-0.525,-4.0,-1.508,-1.516,-0.502,-0.511,0.499,-2.501,3.119,-0.515,-3.0,4.121,2.6,-0.509,-5.0,-0.123,-2.0,-1.535,-2.0,-3.0,7.909,-2.0,-1.0,-3.999,-4.0,5.47,-4.0,1.499,-3.0,0.0,-1.0,0.0,5.258,4.963,-1.0,-1.0,0.0,-1.0,-1.0,-1.0,0.0,0.0,0.0,0.0,0.0,-1.0,0.0,0.0,-1.0,0.0,0.0,2.499,-1.0,0.0,0.0,-1.0,-2.0,0.491,2.496,-2.0,-2.0,-2.0,1.485,1.483,0.484,-1.475,1.992,0.978,1.328,7.158,-0.527,-1.159,-1.514,2.994,-4.0,-5.0,1.495,51.568,-2.522,-1.463,-0.505,6.44,-4.0,-5.0,2.016,-1.494,4.5,-1.507,-4.0,-0.508,-3.507,-4.0,-6.0,-5.0,-5.0,-3.0,-1.491,-4.0,8.975,0.501,0.0,0.0,0.0,0.0,0.0,0.0,0.0,0.0,0.0,0.0
BtcGF,BTCUSDc,192,13.9087,20.863,4,0.6883,77.29,367,22.6158,1,15,0,0.015,1.1,2.5,0.0,0.5,16385,1,4.738,16,0,1,10,0.5,1.494,3.971,2.531,0.0,-2.0,0.656,0.981,-3.0,2.493,0.495,-3.0,-4.0,-3.0,-3.0,-3.0,-0.512,3.397,-0.51,0.985,-6.0,2.848,-4.0,11.529,-1.516,-3.0,-0.511,0.499,-2.501,2.604,-0.515,-3.0,3.057,2.656,-0.509,-4.0,9.783,-2.0,-1.535,-2.0,-3.0,4.175,-3.0,-1.0,-3.999,-3.999,5.47,-4.0,1.499,-3.0,0.0,-1.0,0.0,11.447,4.963,-1.0,-1.0,0.0,-1.0,-1.0,-1.0,0.0,0.0,0.0,0.0,0.0,-1.0,0.0,0.0,-1.0,0.0,0.0,2.499,-1.0,0.0,0.0,-1.0,-2.0,0.492,2.496,-2.0,-1.0,-2.0,1.485,5.575,-0.516,1.89,1.992,-0.022,3.123,1.974,-0.527,-7.0,-1.514,0.496,-3.0,-4.0,1.495,10.199,0.478,14.623,0.495,12.933,-4.0,-4.999,5.837,15.271,-4.0,0.982,-4.0,-0.508,-2.507,-4.0,-6.0,-3.0,4.719,-2.0,-3.999,-4.0,8.975,-3.0,0.0,0.0,0.0,0.0,0.0,0.0,0.0,0.0,0.0,0.0
BtcGF,BTCUSDc,100,10.6725,21.345,3,1.4166,26.47,427,48.4778,1,15,0,0.015,1.1,1.0,0.0,0.5,16385,1,15.694,2,0,1,10,0.25,2.982,2.979,-1.019,-1.0,1.035,2.985,1.977,-0.029,0.997,-0.013,-1.005,-1.005,-1.004,-1.004,-0.01,1.988,2.088,-0.007,-2.006,-2.018,-0.023,-0.001,1.119,-3.006,2.969,-0.013,0.999,-4.0,-0.777,0.0,0.995,1.98,-1.003,-2.004,1.651,-1.008,-1.014,2.379,-2.0,-3.0,1.612,-3.0,0.969,-0.003,1.98,2.986,-2.001,1.0,-3.0,0.0,-1.0,0.0,-2.0,1.986,0.995,-1.0,0.0,1.99,0.996,0.991,0.0,0.0,0.0,0.0,0.0,-1.0,0.0,0.0,-1.0,0.0,0.0,0.999,-1.0,0.0,0.0,0.998,-0.014,4.09,0.998,-0.013,-2.0,0.0,1.988,-0.004,4.965,-1.011,-0.004,-2.01,2.979,3.442,-1.017,-2.005,0.957,1.994,-2.017,-0.1,-0.024,0.982,-4.009,-5.001,-0.007,1.975,1.99,5.956,1.973,6.621,-0.017,-3.003,-3.001,-0.008,-4.003,3.969,-5.005,1.031,2.872,1.216,-2.003,-0.008,2.982,0.997,0.0,0.0,0.0,0.0,0.0,0.0,0.0,0.0,0.0,0.0
BtcGF,BTCUSDc,279,1.7533,2.63,4,0.1024,462.62,340,19.4118,1,15,0,0.015,2.0,3.0,0.0,0.5,16385,1,-9.537,18,0,1,10,0.75,1.993,0.991,0.856,0.0,-1.0,-3.0,1.977,-3.0,2.992,1.994,-2.0,-4.0,-3.0,-3.0,-2.0,-2.0,2.022,-0.012,-2.01,-6.0,3.219,-4.0,0.991,9.724,-3.0,-4.0,0.999,-2.001,-0.007,-0.016,-3.0,11.664,8.308,-0.011,-4.0,5.54,-2.0,-0.042,-2.0,-3.0,3.2,-2.0,-1.0,-2.0,-4.0,6.964,-3.0,1.999,-3.0,0.0,0.0,-1.0,7.966,5.956,-1.0,-1.0,0.0,-1.0,-1.0,-1.0,0.0,0.0,0.0,0.0,0.0,-1.0,0.0,0.0,-1.0,0.0,0.0,2.998,-1.0,0.0,0.0,-1.0,-2.0,-2.0,2.995,-1.0,-2.0,-2.0,1.982,5.416,-0.019,1.041,-1.007,1.973,1.661,2.985,-0.033,-7.0,-1.016,0.995,-3.0,-4.0,1.994,-3.0,0.973,8.167,0.994,12.74,-4.0,-5.0,1.112,15.123,-4.0,1.979,-4.0,0.99,-2.009,-4.0,-5.999,-3.0,5.363,-2.0,-3.0,-4.0,6.976,-3.0,0.0,0.0,0.0,0.0,0.0,0.0,0.0,0.0,0.0,0.0
BtcGF,BTCUSDc,300,13.58,20.37,4,1.47,8.74,415,51.3253,1,15,0,0.015,1.1,1.0,0.0,0.5,16385,1,18.589,0,0,1,20,0.75,2.982,2.979,-2.014,1.511,-1.007,2.985,1.977,-0.029,0.997,-0.013,-1.005,-1.005,-1.004,-1.004,-0.01,1.988,2.401,-0.007,-3.003,-2.018,-0.023,-0.001,1.3,-3.006,2.969,-0.013,0.999,-4.0,-1.007,0.0,0.995,2.11,2.652,-2.004,-2.32,1.451,-1.014,1.32,-2.0,-3.0,-0.52,0.004,0.969,1.998,1.98,2.986,-0.914,1.0,-3.0,0.0,0.0,-1.0,1.018,1.986,0.995,-1.0,0.0,1.99,0.996,0.991,0.0,0.0,0.0,0.0,0.0,-1.0,0.0,0.0,-1.0,0.0,0.0,0.999,-1.0,0.0,0.0,0.998,-0.014,0.655,0.998,-0.013,-2.0,0.0,1.988,-0.004,4.965,-1.011,-0.004,-2.01,3.457,1.458,-1.017,-2.005,-0.594,1.994,-1.016,-1.058,0.976,2.356,-3.009,-1.991,-0.007,1.975,1.99,2.542,1.973,4.032,-0.017,-3.003,-3.001,2.773,-4.003,2.398,-5.004,-2.556,1.984,2.64,-2.003,-0.008,2.982,0.997,0.0,0.0,0.0,0.0,0.0,0.0,0.0,0.0,0.0,0.0
BtcGF,BTCUSDc,313,6.8335,13.667,3,0.5212,50.23,326,26.0736,1,15,0,0.015,1.4,2.5,0.0,0.5,16385,1,6.802,9,0,1,20,0.75,1.494,1.492,-0.52,0.0,-1.0,-0.158,1.981,-3.0,2.493,1.495,10.538,-4.0,-3.0,-3.0,-1.0,3.682,3.239,0.49,-1.507,-6.0,1.461,-4.0,5.953,-1.516,-0.502,3.487,0.499,-2.501,1.995,-0.515,-3.0,-1.508,3.238,3.0,-4.0,9.64,-2.0,-0.535,-2.0,-3.0,2.268,-2.0,-1.0,-2.0,1.176,5.47,0.794,1.499,-3.0,0.0,0.0,-1.0,5.069,4.963,-1.0,-1.0,0.0,-1.0,-1.0,-0.999,0.0,0.0,0.0,0.0,0.0,-1.0,0.0,0.0,-1.0,0.0,0.0,2.499,-1.0,0.0,0.0,-1.0,-2.0,-2.0,2.496,-1.0,-2.0,-2.0,1.485,3.838,1.484,-1.476,1.992,0.978,5.869,-0.502,-0.527,-2.986,-1.514,0.496,-2.0,-4.0,5.369,6.294,-1.522,-1.463,0.495,8.955,-4.0,-3.0,-3.0,-1.311,3.992,-1.507,0.508,1.872,-2.507,-4.0,-2.0,-4.0,2.731,-2.0,-3.0,-4.0,8.975,1.499,0.0,0.0,0.0,0.0,0.0,0.0,0.0,0.0,0.0,0.0
BtcGF,BTCUSDc,44,12.582,25.164,3,0.7617,93.11,402,36.5672,1,15,0,0.015,1.1,1.5,0.0,0.5,16385,1,1.735,6,0,1,15,0.0,4.472,2.97,-0.028,7.772,-1.0,0.993,2.976,-3.0,1.496,0.961,-0.508,-2.505,-0.506,-3.0,-1.521,3.482,0.995,0.989,-1.009,-1.028,1.464,-1.501,-3.505,-2.51,-1.501,-1.507,-0.5,-3.5,-0.345,-1.5,-0.505,2.76,0.196,-1.505,-5.0,3.215,-2.0,-1.024,-2.0,-3.0,3.34,-2.0,-1.0,-3.999,3.981,4.978,-1.501,2.0,-3.0,0.0,-1.0,0.0,3.081,2.978,-1.0,-1.0,0.0,-1.0,1.494,-1.0,0.0,0.0,0.0,0.0,0.0,-1.0,0.0,0.0,-1.0,0.0,0.0,1.499,-1.0,0.0,0.0,1.498,-2.0,-0.506,1.498,22.429,-2.0,0.5,3.173,0.494,4.959,0.001,1.494,1.972,9.432,-0.034,-1.516,-1.451,-2.508,0.996,-4.0,-5.0,1.971,9.615,-3.513,-2.481,0.989,3.465,1.132,-2.507,3.979,-0.005,1.634,-2.504,-2.502,0.988,-4.504,-2.527,-6.0,-5.0,8.467,-1.503,-4.0,0.488,4.972,1.995,0.0,0.0,0.0,0.0,0.0,0.0,0.0,0.0,0.0,0.0
BtcGF,BTCUSDc,81,10.4887,15.733,4,0.872,36.57,427,48.4778,1,15,0,0.015,1.4,1.0,0.0,0.5,16385,1,9.979,2,0,1,5,0.25,2.982,2.979,-1.019,-1.0,-0.043,2.985,1.977,-0.029,0.997,-0.013,-1.005,-1.005,-1.004,-1.004,-0.01,1.988,2.002,-0.007,-2.006,-2.018,-0.023,-0.001,1.88,-3.006,2.969,-0.013,0.999,-4.0,1.245,0.0,0.995,2.107,-1.003,-2.004,1.754,-0.011,-1.014,1.591,-2.0,-3.0,0.184,-3.0,0.969,-0.003,1.98,2.986,-2.001,1.0,-3.0,0.0,-1.0,0.0,-2.0,1.986,0.995,-1.0,0.0,1.99,0.996,0.991,0.0,0.0,0.0,0.0,0.0,-1.0,0.0,0.0,-1.0,0.0,0.0,0.999,-1.0,0.0,0.0,0.998,-0.014,4.09,0.998,-0.013,-2.0,0.0,1.988,-0.004,4.965,-1.011,-0.004,-2.01,5.062,1.967,-1.017,0.006,-0.2,1.994,-2.016,-0.353,-0.024,0.982,-4.009,-5.001,-0.007,1.975,1.99,5.421,1.973,6.621,-0.017,-3.003,-2.002,-0.008,-4.003,1.995,-5.005,-4.005,-0.026,3.208,-2.003,-0.008,2.982,0.997,0.0,0.0,0.0,0.0,0.0,0.0,0.0,0.0,0.0,0.0
BtcGF,BTCUSDc,86,10.076,20.152,3,0.7484,94.31,407,35.6265,1,15,0,0.015,1.7,1.5,0.0,0.5,16385,1,1.146,8,0,1,5,0.25,4.472,2.97,-0.028,-1.0,-2.0,0.993,2.976,-3.0,1.496,0.961,-0.508,-2.505,-0.506,-3.0,-1.522,3.482,0.995,0.989,-1.009,-1.028,1.464,-1.501,3.585,-2.51,-0.398,-1.507,-0.5,-3.5,2.489,-1.5,-0.505,2.83,-5.0,-1.505,-4.0,18.992,-2.0,-0.024,-2.0,-3.0,1.733,-3.0,-1.0,-4.0,3.876,4.978,-1.501,2.0,-3.0,0.0,-1.0,0.0,-2.0,2.978,-1.0,-1.0,0.0,-1.0,1.494,-1.0,0.0,0.0,0.0,0.0,0.0,-1.0,0.0,0.0,-1.0,0.0,0.0,1.499,-1.0,0.0,0.0,1.498,-2.0,-0.505,1.498,4.394,-2.0,0.5,7.827,0.494,4.959,4.068,1.494,1.414,11.359,4.43,-1.516,-1.847,-2.508,0.996,-4.0,-5.0,0.971,2.46,-3.513,-4.501,0.989,3.465,2.452,-2.507,5.948,6.458,-1.018,-2.504,-1.004,0.988,-3.504,-2.527,-6.0,-5.0,1.797,-1.503,-4.0,0.488,4.972,1.995,0.0,0.0,0.0,0.0,0.0,0.0,0.0,0.0,0.0,0.0
BtcGF,BTCUSDc,183,15.837,31.674,3,1.9793,9.65,419,50.8353,1,15,0,0.015,2.0,1.0,0.0,0.5,16385,1,28.617,0,0,1,10,0.5,2.982,2.979,-1.019,2.286,-0.185,2.985,1.977,-0.029,0.997,-0.013,-1.005,-1.005,-1.004,-1.004,-0.01,1.988,2.088,-0.007,-2.006,-2.018,-0.023,-0.001,1.119,-3.006,2.969,-0.013,0.999,-4.0,-0.777,0.0,0.995,1.98,3.116,-2.004,-1.448,-1.009,-1.014,2.362,-2.0,-3.0,0.008,-3.0,0.969,-0.003,1.98,2.986,-2.001,1.0,-3.0,0.0,-1.0,0.0,2.068,1.986,0.995,-1.0,0.0,1.99,0.996,0.991,0.0,0.0,0.0,0.0,0.0,-1.0,0.0,0.0,-1.0,0.0,0.0,0.999,-1.0,0.0,0.0,0.998,-0.014,1.4,0.998,-0.013,-2.0,0.0,1.988,-0.004,4.965,-1.011,-0.004,-2.01,2.979,1.954,-1.017,-2.005,-0.206,1.994,-1.016,1.134,0.976,2.76,1.687,-0.938,-0.007,1.975,1.99,3.318,1.973,5.012,-0.017,-3.003,-3.001,-0.008,-4.003,3.034,-5.005,-0.849,2.872,3.644,-2.003,-0.008,2.982,0.997,0.0,0.0,0.0,0.0,0.0,0.0,0.0,0.0,0.0,0.0
BtcGF,BTCUSDc,82,10.4887,15.733,4,0.872,36.57,427,48.4778,1,15,0,0.015,1.7,1.0,0.0,0.5,16385,1,9.979,2,0,1,5,0.25,2.982,2.979,-1.019,-1.0,-0.043,2.985,1.977,-0.029,0.997,-0.013,-1.005,-1.005,-1.004,-1.004,-0.01,1.988,2.002,-0.007,-2.006,-2.018,-0.023,-0.001,1.88,-3.006,2.969,-0.013,0.999,-4.0,1.245,0.0,0.995,2.107,-1.003,-2.004,1.754,-0.011,-1.014,1.591,-2.0,-3.0,0.184,-3.0,0.969,-0.003,1.98,2.986,-2.001,1.0,-3.0,0.0,-1.0,0.0,-2.0,1.986,0.995,-1.0,0.0,1.99,0.996,0.991,0.0,0.0,0.0,0.0,0.0,-1.0,0.0,0.0,-1.0,0.0,0.0,0.999,-1.0,0.0,0.0,0.998,-0.014,4.09,0.998,-0.013,-2.0,0.0,1.988,-0.004,4.965,-1.011,-0.004,-2.01,5.062,1.967,-1.017,0.006,-0.2,1.994,-2.016,-0.353,-0.024,0.982,-4.009,-5.001,-0.007,1.975,1.99,5.421,1.973,6.621,-0.017,-3.003,-2.002,-0.008,-4.003,1.995,-5.005,-4.005,-0.026,3.208,-2.003,-0.008,2.982,0.997,0.0,0.0,0.0,0.0,0.0,0.0,0.0,0.0,0.0,0.0
BtcGF,BTCUSDc,187,20.358,30.537,4,1.1977,19.83,394,38.0711,1,15,0,0.015,2.0,1.5,0.0,0.5,16385,1,24.482,4,0,1,10,0.5,4.472,2.97,-0.028,5.429,-2.0,0.993,2.976,-3.0,1.496,0.961,-0.508,-2.505,-0.506,-3.0,-0.522,3.482,0.995,0.989,-1.009,-1.028,1.464,-1.501,0.893,-2.51,-0.336,-1.507,-0.5,-3.5,-0.646,-1.5,-0.505,2.05,0.298,-1.505,-4.0,7.041,-2.0,-1.024,-2.0,-3.0,1.403,-3.0,-1.0,-3.999,3.816,4.978,-1.501,2.0,-3.0,0.0,-1.0,0.0,3.167,2.978,-1.0,-1.0,0.0,-1.0,1.494,-1.0,0.0,0.0,0.0,0.0,0.0,-1.0,0.0,0.0,-1.0,0.0,0.0,1.499,-1.0,0.0,0.0,1.498,-2.0,-0.505,1.498,2.144,-2.0,0.5,3.338,0.494,4.959,-0.671,1.494,-3.512,7.431,4.404,-1.516,-1.744,-2.508,-0.503,-3.0,2.094,1.971,6.285,-0.513,1.221,0.989,3.465,1.412,-2.506,5.52,7.093,-1.018,-2.504,-2.502,0.988,-3.504,-2.527,-6.0,1.645,4.597,-2.0,1.871,0.488,4.972,1.995,0.0,0.0,0.0,0.0,0.0,0.0,0.0,0.0,0.0,0.0
BtcGF,BTCUSDc,34,5.663,11.326,3,0.2564,327.41,376,21.0106,1,15,0,0.015,1.7,2.5,0.0,0.5,16385,1,-25.757,9,0,1,10,0.0,1.494,3.971,2.531,0.0,-1.0,0.656,1.981,-3.0,2.493,0.495,-3.0,-4.0,-3.0,-3.0,-4.0,-0.512,3.786,-0.51,-1.507,-6.0,-0.525,-4.0,-1.508,-1.516,-3.0,-0.511,0.499,-2.501,2.604,-0.515,-3.0,3.057,-5.0,-0.509,-4.0,34.084,-2.0,-1.535,-2.0,-3.0,0.481,-2.0,-2.0,-4.0,-4.0,5.47,-4.0,1.499,-3.0,0.0,-1.0,0.0,-2.0,4.963,-1.0,-1.0,0.0,-1.0,-1.0,-1.0,0.0,0.0,0.0,0.0,0.0,-1.0,0.0,0.0,-1.0,0.0,0.0,2.499,-1.0,0.0,0.0,-1.0,-2.0,0.491,2.496,-2.0,-2.0,-2.0,1.485,9.918,-0.516,9.089,1.992,-0.022,3.123,-0.502,-0.527,-7.0,-1.514,0.496,-1.503,-5.0,0.495,2.277,-2.522,-1.463,0.495,12.933,-4.0,-5.0,18.778,11.506,-4.0,0.982,-4.0,-0.508,-2.507,5.449,-6.0,-4.0,-6.0,-3.0,14.512,-4.0,8.975,0.504,0.0,0.0,0.0,0.0,0.0,0.0,0.0,0.0,0.0,0.0
BtcGF,BTCUSDc,107,8.676,13.014,4,0.5525,124.26,408,35.2941,1,15,0,0.015,2.0,1.5,0.0,0.5,16385,1,-3.157,10,0,1,10,0.25,4.472,2.97,-0.028,-1.0,-3.0,0.993,2.976,-3.0,1.496,0.961,-0.508,-2.505,-0.506,-3.0,-1.522,3.482,0.995,0.989,-1.009,-1.028,1.464,-1.501,3.585,-2.51,-0.336,-1.507,-0.5,-3.5,-0.646,-1.5,-0.505,2.05,-5.0,-1.505,-4.0,17.158,-2.0,-1.024,-2.0,-3.0,4.411,-3.0,-2.0,-4.0,3.816,4.978,-1.501,2.0,-3.0,0.0,-1.0,0.0,-2.0,2.978,-1.0,-1.0,0.0,-1.0,1.494,-1.0,0.0,0.0,0.0,0.0,0.0,-1.0,0.0,0.0,-1.0,0.0,0.0,1.499,-1.0,0.0,0.0,1.498,-2.0,-0.506,1.498,4.394,-2.0,0.5,3.338,0.494,4.959,1.876,1.494,-3.512,10.519,7.353,-1.516,-1.744,-2.508,-0.503,-3.502,-5.0,0.971,2.46,-3.513,-4.501,0.989,3.465,1.812,-2.507,8.546,10.124,-1.018,-2.504,-2.502,0.988,-3.503,-2.527,-6.0,-4.0,6.024,-1.503,-4.0,0.488,4.972,1.995,0.0,0.0,0.0,0.0,0.0,0.0,0.0,0.0,0.0,0.0
BtcGF,BTCUSDc,110,7.3765,14.753,3,0.5864,177.64,393,28.7532,1,15,0,0.015,1.7,2.0,0.0,0.5,16385,1,-11.454,6,0,1,10,0.25,5.964,3.952,0.963,-1.0,-3.0,2.665,-0.015,-3.0,1.994,1.954,-3.0,-2.007,-0.008,-3.0,-4.0,4.983,1.993,-1.008,-0.013,-3.016,-1.022,-1.002,11.901,-2.013,0.334,-1.009,-0.001,-3.001,1.479,-1.0,-3.0,0.382,-5.0,-1.007,-4.0,26.202,-2.0,-2.028,-2.0,-3.0,7.175,-3.0,-2.0,-4.0,2.752,3.977,-1.002,2.998,-3.0,0.0,-1.0,0.0,-2.0,3.971,-1.0,-1.0,0.0,-1.0,1.993,-1.0,0.0,0.0,0.0,0.0,0.0,-1.0,0.0,0.0,-1.0,0.0,0.0,1.999,-1.0,0.0,0.0,-1.0,-2.0,-0.008,1.997,-2.0,-2.0,1.337,4.531,0.992,-1.013,4.436,2.991,-3.016,-0.008,0.979,-1.022,-7.0,-2.011,-0.003,-3.002,-5.0,1.966,4.953,-3.018,-4.002,1.986,4.953,4.725,-5.0,0.983,17.647,-0.908,-0.014,-4.0,1.984,-3.006,-1.033,-6.0,-4.0,-0.07,-3.0,-2.004,-1.015,8.973,2.994,0.0,0.0,0.0,0.0,0.0,0.0,0.0,0.0,0.0,0.0
BtcGF,BTCUSDc,59,-13.4647,-40.394,2,-0.7116,0.0,362,19.337,1,15,0,0.015,2.0,3.0,0.0,0.5,16385,1,-58.108,5,0,1,15,0.0,1.993,0.991,2.965,0.0,-1.0,-3.0,2.977,-3.0,2.992,0.994,-3.0,-4.0,-3.0,-3.0,-3.0,-3.0,-0.002,0.988,-2.01,-6.0,-0.031,-4.0,-1.009,-1.019,-0.003,-4.0,0.999,-2.001,6.865,-0.016,-3.0,22.584,-4.0,-0.011,-5.0,0.7,-2.0,-1.042,-2.0,-3.0,10.207,-2.0,-1.0,-3.999,-4.0,6.964,-4.0,1.999,-3.0,0.0,-1.0,0.0,6.342,5.956,-1.0,-1.0,0.0,-1.0,-1.0,-1.0,0.0,0.0,0.0,0.0,0.0,-1.0,0.0,0.0,-1.0,0.0,0.0,2.998,-1.0,0.0,0.0,-1.0,-2.0,0.989,2.995,-2.0,-2.0,-2.0,1.982,1.987,0.981,-0.968,-1.007,1.973,-0.57,10.349,-1.033,-0.529,-1.016,3.993,-4.0,-5.0,1.994,-3.0,-2.027,-0.953,-0.006,7.928,-4.0,-5.0,3.021,-0.991,5.711,-1.008,-4.0,-0.01,-3.009,-4.0,-6.0,-5.0,-5.0,-3.0,-5.0,-4.0,6.975,1.484,0.0,0.0,0.0,0.0,0.0,0.0,0.0,0.0,0.0,0.0
BtcGF,BTCUSDc,71,44.9813,67.472,4,3.224,44.72,361,32.687,1,15,0,0.015,2.0,2.0,0.0,0.5,16385,1,37.298,7,0,1,20,0.0,5.964,3.952,-1.027,-1.0,-1.0,2.192,0.985,-3.0,1.994,1.954,0.608,-2.007,-0.008,-3.0,-0.768,8.7,1.993,-0.008,-2.006,-3.016,-1.022,-1.002,4.561,-2.013,-1.002,2.38,-0.001,-3.001,0.997,-1.0,-3.0,3.369,-4.0,2.009,-4.0,31.23,-2.0,-1.028,-2.0,-3.0,7.205,-2.0,-2.0,-4.0,0.642,3.977,0.224,2.998,-3.0,0.0,-1.0,0.0,5.145,3.971,-1.0,-1.0,0.0,-1.0,1.993,-0.999,0.0,0.0,0.0,0.0,0.0,-1.0,0.0,0.0,-1.0,0.0,0.0,1.999,-1.0,0.0,0.0,-1.0,-2.0,-0.008,1.997,-2.0,-2.0,1.049,4.21,0.992,4.227,-1.984,2.991,8.442,2.971,9.991,-1.022,-3.679,-2.011,-0.003,-3.0,-4.0,2.966,14.486,-2.018,-1.971,1.986,4.953,0.969,0.765,-1.008,1.136,1.999,-2.005,0.002,1.984,-4.006,-1.033,-2.0,-5.0,-1.979,-2.999,-2.004,-1.015,8.973,2.994,0.0,0.0,0.0,0.0,0.0,0.0,0.0,0.0,0.0,0.0
BtcGF,BTCUSDc,54,-0.4495,-0.899,3,-0.0209,0.0,368,22.5543,1,15,0,0.015,1.7,2.5,0.0,0.5,16385,1,-38.264,7,0,1,15,0.0,1.494,3.971,1.967,0.0,-1.0,-0.212,1.981,-3.0,2.493,0.495,-3.0,-4.0,-3.0,-3.0,-3.0,5.534,2.993,0.49,0.985,-6.0,-0.525,-4.0,-1.508,-1.516,-0.502,-0.511,0.499,-2.501,3.119,-0.515,-3.0,4.126,2.6,-0.509,-5.0,-0.123,-2.0,-1.535,-2.0,-3.0,7.909,-2.0,-1.0,-3.999,-4.0,5.47,-4.0,1.499,-3.0,0.0,-1.0,0.0,5.258,4.963,-1.0,-1.0,0.0,-1.0,-1.0,-1.0,0.0,0.0,0.0,0.0,0.0,-1.0,0.0,0.0,-1.0,0.0,0.0,2.499,-1.0,0.0,0.0,-1.0,-2.0,0.491,2.496,-2.0,-2.0,-2.0,1.485,1.483,0.484,-1.475,1.992,0.978,1.328,7.158,-0.527,-1.159,-1.514,2.994,-4.0,-5.0,1.495,51.568,-2.522,-1.463,-0.505,6.44,-4.0,-5.0,2.016,-1.494,4.5,-1.507,-4.0,-0.508,-3.507,-4.0,-6.0,-5.0,-5.0,-3.0,-1.491,-4.0,8.975,0.501,0.0,0.0,0.0,0.0,0.0,0.0,0.0,0.0,0.0,0.0
BtcGF,BTCUSDc,88,25.3673,38.051,4,1.2645,82.99,391,29.156,1,15,0,0.015,1.1,2.0,0.0,0.5,16385,1,6.471,9,0,1,5,0.25,5.964,3.952,0.963,-1.0,-2.0,2.138,-0.015,-3.0,1.994,1.954,-3.0,-2.007,-0.008,-3.0,-4.0,4.983,1.993,-1.008,-0.013,-3.016,-1.022,-1.002,12.74,-2.013,0.212,-1.009,-0.001,-3.001,5.727,-1.0,-3.0,2.04,-5.0,-1.007,-4.0,30.574,-2.0,-1.028,-2.0,-3.0,3.262,-3.0,-1.0,-4.0,2.886,3.977,-1.002,2.998,-3.0,0.0,-1.0,0.0,-2.0,3.971,-1.0,-1.0,0.0,-1.0,1.993,-1.0,0.0,0.0,0.0,0.0,0.0,-1.0,0.0,0.0,-1.0,0.0,0.0,1.999,-1.0,0.0,0.0,-1.0,-2.0,-0.007,1.997,-2.0,-2.0,1.488,11.515,0.992,-1.013,3.893,2.991,5.885,-0.008,3.116,-1.022,-3.612,-2.01,1.996,-4.0,-5.0,1.966,4.953,-3.018,-4.002,1.986,4.953,6.028,-5.0,0.983,12.476,-0.519,-0.014,-2.003,1.984,-3.006,-1.033,-6.0,-5.0,-6.0,-3.0,-2.004,-1.015,8.973,2.994,0.0,0.0,0.0,0.0,0.0,0.0,0.0,0.0,0.0,0.0
BtcGF,BTCUSDc,154,25.276,37.914,4,1.0934,52.67,348,25.0,1,15,0,0.015,1.7,2.5,0.0,0.5,16385,1,17.943,10,0,1,20,0.25,1.494,1.492,-0.52,0.0,-1.0,-0.158,1.981,-3.0,2.493,1.495,15.207,-4.0,-3.0,-3.0,-3.0,6.915,3.619,0.49,-1.507,-6.0,2.236,-4.0,6.829,-1.516,-0.502,3.507,0.499,-2.501,1.995,-0.515,-3.0,-2.509,-4.0,3.014,-4.0,21.463,-2.0,-0.535,-2.0,-3.0,9.975,-2.0,-2.0,-4.0,1.176,5.47,0.794,1.499,-3.0,0.0,-1.0,0.0,7.372,4.963,-1.0,-1.0,0.0,-1.0,-1.0,-0.999,0.0,0.0,0.0,0.0,0.0,-1.0,0.0,0.0,-1.0,0.0,0.0,2.499,-1.0,0.0,0.0,-1.0,-2.0,0.491,2.496,-2.0,-2.0,-2.0,1.485,10.773,1.484,-1.476,1.992,0.978,2.126,1.974,-0.527,-2.986,-1.514,0.496,-3.0,-4.0,5.369,14.274,-1.522,-1.463,0.495,8.955,-4.0,-3.999,-0.51,-1.311,3.992,-1.507,0.508,0.872,-3.507,-4.0,-2.0,-5.0,-5.0,-2.999,-1.214,-4.0,8.975,1.499,0.0,0.0,0.0,0.0,0.0,0.0,0.0,0.0,0.0,0.0
BtcGF,BTCUSDc,159,13.694,27.388,3,0.6271,89.82,338,20.7101,1,15,0,0.015,2.0,3.0,0.0,0.5,16385,1,2.788,8,0,1,20,0.25,1.993,1.991,-0.02,0.0,-1.0,-2.0,2.977,-3.0,2.992,1.994,-2.0,-4.0,-3.0,-3.0,-3.0,-3.0,5.153,0.988,-5.0,-6.0,4.486,-4.0,0.991,8.089,-0.003,-3.0,0.999,-2.001,5.532,-0.016,-3.0,9.481,-4.0,4.347,-4.0,27.132,-2.0,-0.042,-2.0,-3.0,12.773,-2.0,-2.0,-4.0,2.065,6.964,1.363,1.999,-3.0,0.0,-1.0,0.0,9.601,5.956,-1.0,-1.0,0.0,-1.0,-1.0,-0.999,0.0,0.0,0.0,0.0,0.0,-1.0,0.0,0.0,-1.0,0.0,0.0,2.998,-1.0,0.0,0.0,-1.0,-2.0,0.989,2.995,-2.0,-2.0,-2.0,1.982,15.513,1.982,-0.969,-0.007,1.973,0.444,2.985,-1.033,-2.292,-1.016,0.995,-3.0,-4.0,6.505,-3.0,-1.027,-0.953,0.994,6.928,-4.0,-3.999,-0.011,-0.763,5.012,-1.008,-2.0,-3.0,-3.009,-4.0,-2.0,-5.0,-5.0,-2.999,-4.999,-4.0,6.975,2.418,0.0,0.0,0.0,0.0,0.0,0.0,0.0,0.0,0.0,0.0
BtcGF,BTCUSDc,69,44.924,67.386,4,3.2199,44.78,361,32.687,1,15,0,0.015,1.4,2.0,0.0,0.5,16385,1,37.212,7,0,1,20,0.0,5.964,3.952,-1.027,-1.0,-1.0,2.191,0.985,-3.0,1.994,1.954,0.608,-2.007,-0.008,-3.0,-0.768,8.7,1.993,-0.008,-2.006,-3.016,-1.022,-1.002,4.561,-2.013,-1.002,2.352,-0.001,-3.001,0.997,-1.0,-3.0,3.358,-4.0,1.987,-4.0,31.21,-2.0,-1.028,-2.0,-3.0,7.205,-2.0,-2.0,-4.0,0.642,3.977,0.224,2.998,-3.0,0.0,-1.0,0.0,5.145,3.971,-1.0,-1.0,0.0,-1.0,1.993,-0.999,0.0,0.0,0.0,0.0,0.0,-1.0,0.0,0.0,-1.0,0.0,0.0,1.999,-1.0,0.0,0.0,-1.0,-2.0,-0.008,1.997,-2.0,-2.0,1.049,4.21,0.992,4.227,-1.984,2.991,8.438,2.971,9.991,-1.022,-3.679,-2.011,-0.003,-3.0,-4.0,2.966,14.486,-2.018,-1.971,1.986,4.953,0.969,0.765,-1.008,1.136,1.999,-2.005,0.002,1.984,-4.006,-1.033,-2.0,-5.0,-1.979,-2.999,-2.004,-1.015,8.973,2.994,0.0,0.0,0.0,0.0,0.0,0.0,0.0,0.0,0.0,0.0
BtcGF,BTCUSDc,0,2.2667,3.4,4,0.1882,135.12,451,48.337,1,15,0,0.015,1.1,1.0,0.0,0.5,16385,1,-1.194,0,0,1,5,0.0,2.982,2.979,-1.019,-1.0,-0.043,2.985,1.977,-0.029,0.997,-0.013,-1.005,-1.005,-1.004,-1.004,-0.01,1.988,2.002,-0.007,-2.006,-2.018,-0.023,-0.001,0.979,-2.011,3.961,-0.013,0.999,-4.0,1.245,0.0,0.995,2.107,-0.008,-2.004,-4.001,-1.011,-1.014,1.591,-2.0,-3.0,0.184,-3.0,-0.024,-0.003,1.98,2.986,-0.996,1.0,-3.0,-0.01,-1.0,0.0,0.018,-1.041,1.99,-1.0,0.0,1.99,1.979,0.991,-1.0,0.0,0.987,0.987,2.05,-1.0,0.0,0.0,-1.0,-1.0,0.0,0.999,-2.0,0.0,0.0,0.998,-0.014,-2.004,0.992,-0.013,-3.0,0.0,0.988,0.98,4.965,-2.011,-0.004,-1.01,5.062,1.967,1.255,0.006,-0.2,1.994,-2.016,-0.353,-0.024,0.982,-4.009,-5.001,-1.007,0.975,1.99,2.032,1.973,7.814,-0.017,-3.003,-2.002,-0.008,-4.003,1.995,-5.004,-5.0,-0.026,4.588,-2.003,-0.008,1.982,0.997,0.0,0.0,0.0,0.0,0.0,0.0,0.0,0.0,0.0,0.0
BtcGF,BTCUSDc,2,2.2827,3.424,4,0.1895,134.17,451,48.337,1,15,0,0.015,1.7,1.0,0.0,0.5,16385,1,-1.17,0,0,1,5,0.0,2.982,2.979,-1.019,-1.0,-0.043,2.985,1.977,-0.029,0.997,-0.013,-1.005,-1.005,-1.004,-1.004,-0.01,1.988,2.002,-0.007,-2.006,-2.018,-0.023,-0.001,0.979,-2.011,3.961,-0.013,0.999,-4.0,1.245,0.0,0.995,2.107,-0.008,-2.004,-4.001,-1.011,-1.014,1.591,-2.0,-3.0,0.184,-3.0,-0.024,-0.003,1.98,2.986,-0.996,1.0,-3.0,-0.01,-1.0,0.0,0.018,-1.041,1.99,-1.0,0.0,1.99,1.979,0.991,-1.0,0.0,0.987,0.987,2.05,-1.0,0.0,0.0,-1.0,-1.0,0.0,0.999,-2.0,0.0,0.0,0.998,-0.014,-2.004,0.992,-0.013,-3.0,0.0,0.988,0.98,4.965,-2.011,-0.004,-1.01,5.062,1.967,1.255,0.006,-0.2,1.994,-2.016,-0.353,-0.024,0.982,-4.009,-5.001,-1.007,0.975,1.99,2.056,1.973,7.814,-0.017,-3.003,-2.002,-0.008,-4.003,1.995,-5.004,-5.0,-0.026,4.588,-2.003,-0.008,1.982,0.997,0.0,0.0,0.0,0.0,0.0,0.0,0.0,0.0,0.0,0.0
BtcGF,BTCUSDc,3,2.2933,3.44,4,0.1904,133.55,451,48.337,1,15,0,0.015,2.0,1.0,0.0,0.5,16385,1,-1.154,0,0,1,5,0.0,2.982,2.979,-1.019,-1.0,-0.043,2.985,1.977,-0.029,0.997,-0.013,-1.005,-1.005,-1.004,-1.004,-0.01,1.988,2.002,-0.007,-2.006,-2.018,-0.023,-0.001,0.979,-2.011,3.961,-0.013,0.999,-4.0,1.245,0.0,0.995,2.107,-0.008,-2.004,-4.001,-1.011,-1.014,1.591,-2.0,-3.0,0.184,-3.0,-0.024,-0.003,1.98,2.986,-0.996,1.0,-3.0,-0.01,-1.0,0.0,0.018,-1.041,1.99,-1.0,0.0,1.99,1.979,0.991,-1.0,0.0,0.987,0.987,2.05,-1.0,0.0,0.0,-1.0,-1.0,0.0,0.999,-2.0,0.0,0.0,0.998,-0.014,-2.004,0.992,-0.013,-3.0,0.0,0.988,0.98,4.965,-2.011,-0.004,-1.01,5.062,1.967,1.255,0.006,-0.2,1.994,-2.016,-0.353,-0.024,0.982,-4.009,-5.001,-1.007,0.975,1.99,2.072,1.973,7.814,-0.017,-3.003,-2.002,-0.008,-4.003,1.995,-5.004,-5.0,-0.026,4.588,-2.003,-0.008,1.982,0.997,0.0,0.0,0.0,0.0,0.0,0.0,0.0,0.0,0.0,0.0
BtcGF,BTCUSDc,1,2.272,3.408,4,0.1886,134.8,451,48.337,1,15,0,0.015,1.4,1.0,0.0,0.5,16385,1,-1.186,0,0,1,5,0.0,2.982,2.979,-1.019,-1.0,-0.043,2.985,1.977,-0.029,0.997,-0.013,-1.005,-1.005,-1.004,-1.004,-0.01,1.988,2.002,-0.007,-2.006,-2.018,-0.023,-0.001,0.979,-2.011,3.961,-0.013,0.999,-4.0,1.245,0.0,0.995,2.107,-0.008,-2.004,-4.001,-1.011,-1.014,1.591,-2.0,-3.0,0.184,-3.0,-0.024,-0.003,1.98,2.986,-0.996,1.0,-3.0,-0.01,-1.0,0.0,0.018,-1.041,1.99,-1.0,0.0,1.99,1.979,0.991,-1.0,0.0,0.987,0.987,2.05,-1.0,0.0,0.0,-1.0,-1.0,0.0,0.999,-2.0,0.0,0.0,0.998,-0.014,-2.004,0.992,-0.013,-3.0,0.0,0.988,0.98,4.965,-2.011,-0.004,-1.01,5.062,1.967,1.255,0.006,-0.2,1.994,-2.016,-0.353,-0.024,0.982,-4.009,-5.001,-1.007,0.975,1.99,2.04,1.973,7.814,-0.017,-3.003,-2.002,-0.008,-4.003,1.995,-5.004,-5.0,-0.026,4.588,-2.003,-0.008,1.982,0.997,0.0,0.0,0.0,0.0,0.0,0.0,0.0,0.0,0.0,0.0
BtcGF,BTCUSDc,7,5.506,11.012,3,0.3644,131.87,430,35.5814,1,15,0,0.015,2.0,1.5,0.0,0.5,16385,1,-3.51,5,0,1,5,0.0,4.472,2.97,-0.028,-1.0,-2.0,0.993,2.976,-3.0,1.496,0.961,-0.508,-2.505,-0.506,-3.0,-1.522,3.482,0.995,0.989,-1.009,-1.028,1.464,-1.501,12.017,-1.018,1.091,-1.507,-0.5,-3.5,2.489,-1.5,-0.505,2.83,-3.507,-1.505,-5.0,-2.014,-2.0,-0.024,-2.0,-3.0,1.733,-3.0,-1.0,-3.999,3.876,4.978,-0.482,2.0,-3.0,0.485,-1.0,0.0,0.528,0.938,0.512,-1.0,0.0,-1.0,0.975,-1.0,-1.0,0.0,-1.0,1.48,-1.0,-1.0,0.0,0.0,-1.0,-1.0,0.0,1.499,-2.0,0.0,0.0,1.498,-2.0,-1.506,1.488,12.142,-3.0,0.5,0.491,1.973,4.959,3.068,1.494,2.414,11.359,4.43,1.525,-3.347,-2.508,0.996,-4.0,-5.0,0.971,2.46,-3.513,-4.501,-0.011,2.465,2.452,-2.507,5.948,8.325,-1.018,-2.504,-1.004,0.988,-3.504,-2.527,-5.999,-5.0,2.002,-1.503,-4.0,0.488,3.972,1.995,0.0,0.0,0.0,0.0,0.0,0.0,0.0,0.0,0.0,0.0
BtcGF,BTCUSDc,4,5.5065,11.013,3,0.3644,131.86,430,35.5814,1,15,0,0.015,1.1,1.5,0.0,0.5,16385,1,-3.509,5,0,1,5,0.0,4.472,2.97,-0.028,-1.0,-2.0,0.993,2.976,-3.0,1.496,0.961,-0.508,-2.505,-0.506,-3.0,-1.522,3.482,0.995,0.989,-1.009,-1.028,1.464,-1.501,12.017,-1.018,1.091,-1.507,-0.5,-3.5,2.489,-1.5,-0.505,2.83,-3.507,-1.505,-5.0,-2.014,-2.0,-0.024,-2.0,-3.0,1.733,-3.0,-1.0,-3.999,3.876,4.978,-0.482,2.0,-3.0,0.485,-1.0,0.0,0.528,0.938,0.512,-1.0,0.0,-1.0,0.975,-1.0,-1.0,0.0,-1.0,1.48,-1.0,-1.0,0.0,0.0,-1.0,-1.0,0.0,1.499,-2.0,0.0,0.0,1.498,-2.0,-1.506,1.488,12.142,-3.0,0.5,0.491,1.973,4.959,3.068,1.494,2.414,11.359,4.43,1.525,-3.347,-2.507,0.996,-4.0,-5.0,0.971,2.46,-3.513,-4.501,-0.011,2.465,2.452,-2.507,5.948,8.325,-1.018,-2.504,-1.004,0.988,-3.504,-2.527,-5.999,-5.0,2.002,-1.503,-4.0,0.488,3.972,1.995,0.0,0.0,0.0,0.0,0.0,0.0,0.0,0.0,0.0,0.0
BtcGF,BTCUSDc,6,5.506,11.012,3,0.3644,131.87,430,35.5814,1,15,0,0.015,1.7,1.5,0.0,0.5,16385,1,-3.51,5,0,1,5,0.0,4.472,2.97,-0.028,-1.0,-2.0,0.993,2.976,-3.0,1.496,0.961,-0.508,-2.505,-0.506,-3.0,-1.522,3.482,0.995,0.989,-1.009,-1.028,1.464,-1.501,12.017,-1.018,1.091,-1.507,-0.5,-3.5,2.489,-1.5,-0.505,2.83,-3.507,-1.505,-5.0,-2.014,-2.0,-0.024,-2.0,-3.0,1.733,-3.0,-1.0,-3.999,3.876,4.978,-0.482,2.0,-3.0,0.485,-1.0,0.0,0.528,0.938,0.512,-1.0,0.0,-1.0,0.975,-1.0,-1.0,0.0,-1.0,1.48,-1.0,-1.0,0.0,0.0,-1.0,-1.0,0.0,1.499,-2.0,0.0,0.0,1.498,-2.0,-1.506,1.488,12.142,-3.0,0.5,0.491,1.973,4.959,3.068,1.494,2.414,11.359,4.43,1.525,-3.347,-2.508,0.996,-4.0,-5.0,0.971,2.46,-3.513,-4.501,-0.011,2.465,2.452,-2.507,5.948,8.325,-1.018,-2.504,-1.004,0.988,-3.504,-2.527,-5.999,-5.0,2.002,-1.503,-4.0,0.488,3.972,1.995,0.0,0.0,0.0,0.0,0.0,0.0,0.0,0.0,0.0,0.0
BtcGF,BTCUSDc,5,5.506,11.012,3,0.3644,131.87,430,35.5814,1,15,0,0.015,1.4,1.5,0.0,0.5,16385,1,-3.51,5,0,1,5,0.0,4.472,2.97,-0.028,-1.0,-2.0,0.993,2.976,-3.0,1.496,0.961,-0.508,-2.505,-0.506,-3.0,-1.522,3.482,0.995,0.989,-1.009,-1.028,1.464,-1.501,12.017,-1.018,1.091,-1.507,-0.5,-3.5,2.489,-1.5,-0.505,2.83,-3.507,-1.505,-5.0,-2.014,-2.0,-0.024,-2.0,-3.0,1.733,-3.0,-1.0,-3.999,3.876,4.978,-0.482,2.0,-3.0,0.485,-1.0,0.0,0.528,0.938,0.512,-1.0,0.0,-1.0,0.975,-1.0,-1.0,0.0,-1.0,1.48,-1.0,-1.0,0.0,0.0,-1.0,-1.0,0.0,1.499,-2.0,0.0,0.0,1.498,-2.0,-1.506,1.488,12.142,-3.0,0.5,0.491,1.973,4.959,3.068,1.494,2.414,11.359,4.43,1.525,-3.347,-2.508,0.996,-4.0,-5.0,0.971,2.46,-3.513,-4.501,-0.011,2.465,2.452,-2.507,5.948,8.325,-1.018,-2.504,-1.004,0.988,-3.504,-2.527,-5.999,-5.0,2.002,-1.503,-4.0,0.488,3.972,1.995,0.0,0.0,0.0,0.0,0.0,0.0,0.0,0.0,0.0,0.0
BtcGF,BTCUSDc,11,15.41,23.115,4,0.7108,129.05,410,28.7805,1,15,0,0.015,2.0,2.0,0.0,0.5,16385,1,-6.716,9,0,1,5,0.0,5.964,3.952,0.963,-1.0,-2.0,2.138,-0.015,-3.0,1.994,1.954,-3.0,-2.007,-0.008,-3.0,-4.0,4.983,1.993,-1.008,-0.013,-3.016,-1.022,-1.002,29.825,-0.024,2.197,-1.009,-0.001,-3.001,5.727,-1.0,-3.0,3.04,-3.01,-1.007,-5.0,-1.018,-2.0,-1.028,-2.0,-3.0,3.262,-3.0,-1.0,-3.999,2.886,3.977,0.031,2.998,-3.0,0.98,-1.0,0.0,4.425,0.989,-2.0,-1.0,0.0,-1.0,1.968,-1.0,-1.0,0.0,-1.0,-0.999,-1.0,-1.0,0.0,0.0,-1.0,-1.0,0.0,1.999,-2.0,0.0,0.0,-1.0,-2.0,-1.008,-1.0,-2.0,-3.0,1.488,0.988,2.966,-1.013,3.893,2.991,6.885,-0.008,3.116,-0.022,-3.612,-2.011,1.996,-4.0,-5.0,1.966,4.953,-3.018,-4.002,0.986,3.953,6.028,-5.0,0.983,21.201,-0.519,-0.014,-2.003,1.984,-3.006,-1.033,-5.999,-5.0,-5.0,-3.0,-2.004,-1.015,7.973,2.994,0.0,0.0,0.0,0.0,0.0,0.0,0.0,0.0,0.0,0.0
BtcGF,BTCUSDc,8,15.4107,23.116,4,0.7108,129.05,410,28.7805,1,15,0,0.015,1.1,2.0,0.0,0.5,16385,1,-6.715,9,0,1,5,0.0,5.964,3.952,0.963,-1.0,-2.0,2.138,-0.015,-3.0,1.994,1.954,-3.0,-2.007,-0.008,-3.0,-4.0,4.983,1.993,-1.008,-0.013,-3.016,-1.022,-1.002,29.825,-0.024,2.197,-1.009,-0.001,-3.001,5.727,-1.0,-3.0,3.04,-3.01,-1.007,-5.0,-1.018,-2.0,-1.028,-2.0,-3.0,3.262,-3.0,-1.0,-3.999,2.886,3.977,0.031,2.998,-3.0,0.98,-1.0,0.0,4.425,0.989,-2.0,-1.0,0.0,-1.0,1.968,-1.0,-1.0,0.0,-1.0,-0.999,-1.0,-1.0,0.0,0.0,-1.0,-1.0,0.0,1.999,-2.0,0.0,0.0,-1.0,-2.0,-1.008,-1.0,-2.0,-3.0,1.488,0.988,2.966,-1.013,3.893,2.991,6.885,-0.008,3.116,-0.022,-3.612,-2.01,1.996,-4.0,-5.0,1.966,4.953,-3.018,-4.002,0.986,3.953,6.028,-5.0,0.983,21.201,-0.519,-0.014,-2.003,1.984,-3.006,-1.033,-5.999,-5.0,-5.0,-3.0,-2.004,-1.015,7.973,2.994,0.0,0.0,0.0,0.0,0.0,0.0,0.0,0.0,0.0,0.0
BtcGF,BTCUSDc,10,15.41,23.115,4,0.7108,129.05,410,28.7805,1,15,0,0.015,1.7,2.0,0.0,0.5,16385,1,-6.716,9,0,1,5,0.0,5.964,3.952,0.963,-1.0,-2.0,2.138,-0.015,-3.0,1.994,1.954,-3.0,-2.007,-0.008,-3.0,-4.0,4.983,1.993,-1.008,-0.013,-3.016,-1.022,-1.002,29.825,-0.024,2.197,-1.009,-0.001,-3.001,5.727,-1.0,-3.0,3.04,-3.01,-1.007,-5.0,-1.018,-2.0,-1.028,-2.0,-3.0,3.262,-3.0,-1.0,-3.999,2.886,3.977,0.031,2.998,-3.0,0.98,-1.0,0.0,4.425,0.989,-2.0,-1.0,0.0,-1.0,1.968,-1.0,-1.0,0.0,-1.0,-0.999,-1.0,-1.0,0.0,0.0,-1.0,-1.0,0.0,1.999,-2.0,0.0,0.0,-1.0,-2.0,-1.008,-1.0,-2.0,-3.0,1.488,0.988,2.966,-1.013,3.893,2.991,6.885,-0.008,3.116,-0.022,-3.612,-2.011,1.996,-4.0,-5.0,1.966,4.953,-3.018,-4.002,0.986,3.953,6.028,-5.0,0.983,21.201,-0.519,-0.014,-2.003,1.984,-3.006,-1.033,-5.999,-5.0,-5.0,-3.0,-2.004,-1.015,7.973,2.994,0.0,0.0,0.0,0.0,0.0,0.0,0.0,0.0,0.0,0.0
BtcGF,BTCUSDc,9,15.41,23.115,4,0.7108,129.05,410,28.7805,1,15,0,0.015,1.4,2.0,0.0,0.5,16385,1,-6.716,9,0,1,5,0.0,5.964,3.952,0.963,-1.0,-2.0,2.138,-0.015,-3.0,1.994,1.954,-3.0,-2.007,-0.008,-3.0,-4.0,4.983,1.993,-1.008,-0.013,-3.016,-1.022,-1.002,29.825,-0.024,2.197,-1.009,-0.001,-3.001,5.727,-1.0,-3.0,3.04,-3.01,-1.007,-5.0,-1.018,-2.0,-1.028,-2.0,-3.0,3.262,-3.0,-1.0,-3.999,2.886,3.977,0.031,2.998,-3.0,0.98,-1.0,0.0,4.425,0.989,-2.0,-1.0,0.0,-1.0,1.968,-1.0,-1.0,0.0,-1.0,-0.999,-1.0,-1.0,0.0,0.0,-1.0,-1.0,0.0,1.999,-2.0,0.0,0.0,-1.0,-2.0,-1.008,-1.0,-2.0,-3.0,1.488,0.988,2.966,-1.013,3.893,2.991,6.885,-0.008,3.116,-0.022,-3.612,-2.011,1.996,-4.0,-5.0,1.966,4.953,-3.018,-4.002,0.986,3.953,6.028,-5.0,0.983,21.201,-0.519,-0.014,-2.003,1.984,-3.006,-1.033,-5.999,-5.0,-5.0,-3.0,-2.004,-1.015,7.973,2.994,0.0,0.0,0.0,0.0,0.0,0.0,0.0,0.0,0.0,0.0
