leg,sym,pass,score,nbpR,segpos,rf,oneop,ops,win,sizing,smaP,slowP,mult,step,tpR,trailR,half,mgmtTF,stack,extop1R,nmonster,addtrig,lineplace,nback,buffer,w0,w1,w2,w3,w4,w5,w6,w7,w8,w9,w10,w11,w12,w13,w14,w15,w16,w17,w18,w19,w20,w21,w22,w23,w24,w25,w26,w27,w28,w29,w30,w31,w32,w33,w34,w35,w36,w37,w38,w39,w40,w41,w42,w43,w44,w45,w46,w47,w48,w49,w50,w51,w52,w53,w54,w55,w56,w57,w58,w59,w60,w61,w62,w63,w64,w65,w66,w67,w68,w69,w70,w71,w72,w73,w74,w75,w76,w77,w78,w79,w80,w81,w82,w83,w84,w85,w86,w87,w88,w89,w90,w91,w92,w93,w94,w95,w96,w97,w98,w99,w100,w101,w102,w103,w104,w105,w106,w107,w108,w109,w110,w111,w112,w113,w114,w115,w116,w117,w118,w119,w120,w121,w122,w123,w124,w125,w126,w127,w128,w129
BtcGF,BTCUSDc,121,-2.2765,-4.553,3,-0.1624,0.0,430,45.1163,1,15,210,0.015,1.1,1.0,0.0,0.5,16385,1,-7.594,0,1,0,0,0.5,2.801,4.103,-1.945,0.0,-0.999,2.191,1.092,-2.005,0.997,0.316,-2.0,-2.968,-2.003,-1.004,-0.008,2.0,0.273,0.228,-3.003,-1.399,-0.017,-0.001,1.635,-1.948,1.628,0.159,2.559,-4.0,-5.005,0.888,0.995,1.58,-0.993,-2.004,-1.072,1.44,-1.014,-0.999,-2.0,-3.0,-4.0,0.011,2.295,3.631,3.205,3.936,-1.003,1.0,-3.0,0.0,-1.0,0.0,1.048,1.993,1.003,-1.0,0.0,2.597,1.031,2.365,0.0,0.0,0.0,0.0,0.0,-1.0,0.0,0.0,-1.0,0.0,0.0,0.999,-1.0,0.0,0.0,0.999,0.003,0.395,0.998,-0.013,-2.0,0.003,1.991,-0.004,5.981,0.027,-0.995,-1.006,4.197,0.021,1.036,1.086,-0.06,1.994,-2.998,-5.0,-3.0,-2.016,-2.008,-1.165,0.983,1.981,3.14,-0.007,1.034,6.171,-0.002,-3.003,-1.988,-0.008,-4.998,1.97,-3.949,-2.044,-1.929,0.016,-2.003,0.014,2.997,0.997,0.0,0.0,0.0,0.0,0.0,0.0,0.0,0.0,0.0,0.0
BtcGF,BTCUSDc,120,-0.433,-1.299,2,-0.0437,0.0,430,45.3488,1,15,150,0.015,1.1,1.0,0.0,0.5,16385,1,-4.34,0,1,0,0,0.5,2.861,4.103,-0.945,1.358,-0.999,4.295,1.818,-2.005,0.997,0.14,-2.0,-2.968,-2.003,-1.004,-0.008,2.0,1.13,0.228,-3.003,-1.399,-0.017,-0.001,1.635,-1.948,-0.378,0.108,2.041,-4.0,-5.005,0.888,0.995,1.556,-0.938,-2.004,-1.072,1.44,-1.014,-0.999,-2.0,-3.0,-4.0,0.011,2.295,3.141,2.017,3.936,-1.003,1.0,-3.0,0.0,-1.0,0.0,1.048,1.993,1.003,-1.0,0.0,2.749,1.031,2.365,0.0,0.0,0.0,0.0,0.0,-1.0,0.0,0.0,-1.0,0.0,0.0,0.999,-1.0,0.0,0.0,0.999,0.003,0.378,0.998,-0.013,-2.0,0.238,1.991,-0.004,7.072,0.027,-0.995,-1.006,4.197,-0.017,1.036,1.108,-0.06,1.994,-2.998,-5.0,-0.796,-1.997,-2.008,-1.846,0.983,1.981,3.14,-1.007,-0.015,6.498,-0.002,-3.003,-1.988,-0.008,-4.998,1.986,-3.949,-2.044,-1.723,0.046,-2.003,0.014,3.027,0.997,0.0,0.0,0.0,0.0,0.0,0.0,0.0,0.0,0.0,0.0
BtcGF,BTCUSDc,70,-4.6727,-14.018,2,-0.3867,0.0,433,42.2633,1,15,210,0.015,2.0,1.0,0.0,0.5,16385,1,-19.993,3,1,0,0,0.25,2.709,5.888,-5.0,0.0,-0.992,-0.993,1.092,-2.005,0.997,2.916,-2.0,-2.942,0.464,-1.004,-0.008,2.006,0.286,0.55,-3.003,-4.01,-0.015,-0.001,-0.992,-4.005,2.516,0.159,4.967,-4.0,-5.005,-2.0,0.995,4.999,-0.993,-2.004,-3.287,-1.962,-1.014,-0.994,-2.0,-3.0,-4.0,0.033,4.725,6.765,3.367,0.996,-1.003,1.0,-3.0,0.0,-1.0,0.0,1.063,1.998,1.003,-1.0,0.0,2.597,1.121,5.218,0.0,0.0,0.0,0.0,0.0,-1.0,0.0,0.0,-1.0,0.0,0.0,0.999,-1.0,0.0,0.0,0.999,0.003,-1.004,0.998,-0.013,-2.0,0.003,1.992,-0.004,2.977,-2.997,-0.992,-4.008,0.976,0.021,-3.005,2.782,1.531,1.994,-2.998,-5.0,-3.0,-1.963,-2.008,-0.698,1.436,1.981,4.392,-0.007,1.907,9.536,0.009,-3.003,-1.987,-0.007,-4.998,1.97,-3.655,-2.044,-1.439,0.032,-2.003,0.081,3.001,0.997,0.0,0.0,0.0,0.0,0.0,0.0,0.0,0.0,0.0,0.0
BtcGF,BTCUSDc,80,-7.1057,-21.317,2,-0.3999,0.0,407,30.7125,1,15,270,0.015,1.7,1.5,0.0,0.5,16385,1,-34.894,8,1,0,0,0.25,7.502,15.175,-5.0,0.0,0.0,-4.0,6.967,-2.999,1.496,-2.473,-2.0,-5.0,-0.504,-0.605,-1.511,4.059,1.075,4.695,-3.497,-0.443,1.657,-0.092,-0.859,-3.488,1.719,2.192,-3.0,-3.5,-6.0,-1.5,-0.505,-5.37,-0.109,1.116,-5.0,-3.442,-2.0,-0.902,-2.0,-3.0,-4.0,-2.0,-0.999,-1.0,6.593,2.497,-0.474,2.0,-3.0,0.0,-1.0,0.0,1.628,3.085,-1.0,-1.0,0.0,-1.0,1.72,-0.999,0.0,0.0,0.0,0.0,0.0,-1.0,0.0,0.0,-1.0,0.0,0.0,1.499,-1.0,0.0,0.0,1.505,-2.0,0.01,1.498,-2.0,-2.0,0.508,3.044,3.008,8.281,-2.384,2.589,-1.473,5.37,1.565,-2.503,-3.465,-2.508,0.996,-2.009,-5.0,0.17,6.682,-2.491,-4.479,1.367,3.516,-3.5,-1.507,8.022,0.436,1.641,-2.504,-0.906,-1.504,-4.495,-2.508,-7.0,-1.479,2.736,-1.0,-1.605,0.609,5.051,1.995,0.0,0.0,0.0,0.0,0.0,0.0,0.0,0.0,0.0,0.0
BtcGF,BTCUSDc,137,15.966,31.932,3,1.3028,23.4,398,34.6734,1,15,270,0.015,1.4,1.5,0.0,0.5,16385,1,24.461,8,1,0,0,0.5,5.779,6.73,1.101,0.0,0.0,0.563,4.542,-0.357,1.496,4.221,-2.0,-1.2,-1.503,-3.0,-1.511,3.939,1.061,2.553,-3.497,-0.449,1.578,-0.092,-0.929,0.829,1.719,1.768,1.319,-3.5,-6.0,-1.5,-0.505,2.015,-0.178,1.097,-4.0,5.01,-2.0,-0.951,-2.0,-3.0,-4.0,-2.0,-0.999,0.0,5.837,6.862,-0.48,2.0,-3.0,0.0,-1.0,0.0,1.606,3.085,-1.0,-1.0,0.0,-1.0,1.615,-1.0,0.0,0.0,0.0,0.0,0.0,-1.0,0.0,0.0,-1.0,0.0,0.0,1.499,-1.0,0.0,0.0,1.505,-2.0,-0.506,1.498,-2.0,-2.0,0.508,3.03,1.917,14.218,-2.434,1.421,-2.621,9.967,1.565,-2.502,-3.47,-2.508,0.996,-2.009,-5.0,0.17,4.251,-2.496,0.584,1.356,3.507,2.918,-1.507,5.164,0.418,1.578,-2.504,-0.929,2.431,-4.495,-2.514,-6.0,-1.479,4.32,-1.0,-2.195,0.576,5.035,1.995,0.0,0.0,0.0,0.0,0.0,0.0,0.0,0.0,0.0,0.0
BtcGF,BTCUSDc,185,4.9865,9.973,3,0.4413,20.82,423,47.9905,1,15,270,0.015,1.4,1.0,0.0,0.5,16385,1,7.897,0,1,0,0,0.75,2.882,3.523,-2.497,0.0,-0.999,1.541,3.055,0.506,0.997,-0.365,0.739,-0.257,-2.003,-1.004,-0.008,2.061,0.026,0.12,-2.006,-1.847,-0.017,-0.001,1.337,-2.488,1.576,0.223,1.756,-4.0,-2.742,0.457,0.995,0.718,2.194,-2.004,-2.13,-0.302,-1.014,-0.996,-2.0,-2.999,-4.0,0.016,1.63,2.738,2.714,3.453,-1.003,1.0,-3.0,0.0,-1.0,0.0,1.048,1.995,1.003,-1.0,0.0,2.582,1.051,1.657,0.0,0.0,0.0,0.0,0.0,-1.0,0.0,0.0,-1.0,0.0,0.0,0.999,-1.0,0.0,0.0,0.999,0.003,0.652,0.998,-0.013,-2.0,0.003,1.992,-0.004,5.48,-0.625,-0.995,-1.655,3.575,2.323,-0.115,0.517,-0.528,1.994,-0.997,-0.664,-0.693,0.368,-2.008,-1.198,0.133,1.981,2.562,-0.007,0.689,5.213,-0.0,-3.003,-1.988,-0.008,-4.998,1.97,-4.909,-3.051,4.029,0.016,-2.003,0.034,2.997,0.997,0.0,0.0,0.0,0.0,0.0,0.0,0.0,0.0,0.0,0.0
BtcGF,BTCUSDc,82,-11.8725,-23.745,3,-0.3836,0.0,404,29.4554,1,15,210,0.015,2.0,1.5,0.0,0.5,16385,1,-37.322,10,1,0,0,0.25,6.44,15.237,-5.0,0.0,0.0,-4.0,4.516,-3.0,1.496,9.408,-2.0,-5.0,-1.504,-3.0,-1.508,4.018,1.521,4.695,-2.497,-3.51,1.801,-1.421,-0.721,-3.488,-1.488,2.07,-3.0,-3.5,-6.0,-1.5,-0.505,-2.626,-5.0,-1.505,-5.0,-3.418,-2.0,-0.821,-2.0,-3.0,-4.0,-2.0,-0.999,-1.0,7.492,2.497,-0.46,2.0,-3.0,0.0,-1.0,0.0,1.651,3.768,-1.0,-1.0,0.0,-1.0,1.829,-0.999,0.0,0.0,0.0,0.0,0.0,-1.0,0.0,0.0,-1.0,0.0,0.0,1.499,-1.0,0.0,0.0,1.505,-2.0,0.012,1.498,-2.0,-2.0,0.508,3.066,0.833,7.615,-2.319,2.603,-1.473,5.377,2.321,-2.503,-3.458,-2.508,0.996,-3.502,-5.0,-3.0,3.348,-2.488,1.282,4.133,3.524,5.189,-1.507,5.386,0.197,1.993,-2.504,-0.886,-1.504,-4.495,-2.508,-7.0,-1.506,2.803,-1.0,-5.0,0.677,5.087,1.995,0.0,0.0,0.0,0.0,0.0,0.0,0.0,0.0,0.0,0.0
BtcGF,BTCUSDc,74,-2.366,-7.098,2,-0.1525,0.0,399,32.0802,1,15,270,0.015,1.1,1.5,0.0,0.5,16385,1,-20.675,8,1,0,0,0.25,7.495,15.112,-5.0,0.0,0.0,-3.999,6.962,-0.428,1.496,-2.486,-2.0,-1.414,-0.504,-0.606,-1.513,3.866,1.047,4.691,-3.497,-0.451,1.531,-0.094,-0.947,-3.493,1.719,2.192,-3.0,-3.5,-6.0,-1.5,-0.505,-5.458,-0.179,1.084,-5.0,-3.464,-2.0,-0.971,-2.0,-3.0,-4.0,-2.0,-0.999,0.0,6.209,2.497,-0.48,2.0,-3.0,0.0,-1.0,0.0,1.606,3.078,-1.0,-1.0,0.0,-1.0,1.559,-0.999,0.0,0.0,0.0,0.0,0.0,-1.0,0.0,0.0,-1.0,0.0,0.0,1.499,-1.0,0.0,0.0,1.505,-2.0,3.265,1.498,-2.0,-2.0,0.508,3.014,3.008,8.281,-2.454,2.566,-1.473,5.364,1.565,-2.503,-3.478,-2.508,0.996,-2.009,-5.0,0.167,6.533,-2.496,-4.484,1.356,3.507,-3.5,-1.507,8.017,0.415,1.547,-2.504,-0.944,-1.504,-4.495,-2.514,-2.0,-2.479,5.316,-1.0,-2.378,0.533,5.02,1.995,0.0,0.0,0.0,0.0,0.0,0.0,0.0,0.0,0.0,0.0
BtcGF,BTCUSDc,61,-4.773,-14.319,2,-0.3938,0.0,432,42.3611,1,15,210,0.015,1.1,1.0,0.0,0.5,16385,1,-20.294,3,1,0,0,0.25,2.709,5.879,-5.0,0.0,-0.999,-0.997,1.092,-2.005,0.997,2.912,-2.0,-2.968,0.461,-1.004,-0.008,2.0,0.273,0.55,-3.003,-4.01,-0.017,-0.001,-0.997,-4.005,2.516,0.159,4.967,-4.0,-5.005,-2.0,0.995,4.999,-0.993,-2.004,-3.287,-1.98,-1.014,-0.999,-2.0,-3.0,-4.0,0.011,4.725,6.749,3.35,0.996,-1.003,1.0,-3.0,0.0,-1.0,0.0,1.048,1.993,1.003,-1.0,0.0,2.597,1.031,5.218,0.0,0.0,0.0,0.0,0.0,-1.0,0.0,0.0,-1.0,0.0,0.0,0.999,-1.0,0.0,0.0,0.999,0.003,0.395,0.998,-0.013,-2.0,0.003,1.991,-0.004,2.977,-2.997,-0.995,-4.008,0.976,0.021,-3.005,2.777,1.531,1.994,-2.998,-5.0,-3.0,-2.015,-2.008,-1.165,1.436,1.981,4.392,-0.007,1.907,9.513,-0.002,-3.003,-1.988,-0.007,-4.998,1.97,-3.949,-2.044,-1.928,0.016,-2.003,0.014,2.997,0.997,0.0,0.0,0.0,0.0,0.0,0.0,0.0,0.0,0.0,0.0
BtcGF,BTCUSDc,189,3.6615,7.323,3,0.2899,28.44,423,47.5177,1,15,150,0.015,2.0,1.0,0.0,0.5,16385,1,5.24,0,1,0,0,0.75,2.882,3.532,-2.495,0.0,-0.992,3.649,3.062,0.506,0.997,-0.363,0.739,-0.233,-2.004,-1.004,-0.008,2.006,0.537,0.12,-3.003,-1.688,-0.015,-0.001,1.339,-2.488,1.805,0.108,1.478,-4.0,-2.742,0.457,0.995,0.633,0.062,-2.004,-2.087,-0.287,-1.014,-0.994,-2.0,-3.0,-4.0,0.033,1.63,2.96,2.034,3.453,-1.003,1.0,-3.0,0.0,-1.0,0.0,1.063,1.998,1.003,-1.0,0.0,2.393,1.121,1.657,0.0,0.0,0.0,0.0,0.0,-1.0,0.0,0.0,-1.0,0.0,0.0,0.999,-1.0,0.0,0.0,0.999,0.003,-1.005,0.998,-0.013,-2.0,0.238,1.992,-0.004,5.959,-0.625,-0.992,-1.655,3.575,2.323,-0.115,0.539,-0.528,1.994,-0.997,-0.594,-0.793,0.491,-2.008,-1.379,0.485,1.981,2.562,-1.007,-0.472,5.408,0.009,-3.003,-1.987,-0.007,-4.998,1.986,-4.659,-3.051,4.679,0.062,-2.003,0.081,3.031,0.997,0.0,0.0,0.0,0.0,0.0,0.0,0.0,0.0,0.0,0.0
BtcGF,BTCUSDc,134,18.27,36.54,3,1.4865,20.45,395,35.1899,1,15,270,0.015,1.1,1.5,0.0,0.5,16385,1,29.069,8,1,0,0,0.5,5.775,6.715,1.101,0.0,0.0,0.564,4.542,-0.428,1.496,4.214,-2.0,-1.414,-1.503,-3.0,-1.513,3.866,1.047,2.551,-3.497,-0.451,1.531,-0.094,-0.947,0.829,1.719,1.768,1.319,-3.5,-6.0,-1.5,-0.505,1.983,-0.179,1.084,-4.0,5.005,-2.0,-0.971,-2.0,-3.0,-4.0,-2.0,-0.999,0.0,5.826,6.862,-0.48,2.0,-3.0,0.0,-1.0,0.0,1.606,3.078,-1.0,-1.0,0.0,-1.0,1.559,-1.0,0.0,0.0,0.0,0.0,0.0,-1.0,0.0,0.0,-1.0,0.0,0.0,1.499,-1.0,0.0,0.0,1.505,-2.0,3.265,1.498,-2.0,-2.0,0.508,3.014,1.917,14.218,-2.454,1.413,-2.621,9.967,1.565,-2.502,-3.478,-2.508,0.996,-2.009,-5.0,0.167,4.203,-2.496,0.487,1.356,3.507,2.918,-1.507,5.164,0.415,1.547,-2.504,-0.944,2.431,-4.495,-2.514,-2.0,-2.479,3.262,-1.0,-2.378,0.533,5.02,1.995,0.0,0.0,0.0,0.0,0.0,0.0,0.0,0.0,0.0,0.0
BtcGF,BTCUSDc,227,38.1865,76.373,3,2.3828,122.93,364,20.0549,1,15,270,0.015,2.0,2.5,0.0,0.5,16385,1,-17.509,14,1,0,0,0.75,3.817,7.757,-4.999,0.0,0.0,-3.999,6.628,-3.0,6.01,1.582,8.564,-5.0,-0.43,-3.0,-1.0,1.393,3.425,-0.308,-2.464,-6.0,-4.0,-4.0,12.007,2.878,-0.191,6.423,-2.999,-2.501,-5.0,-0.453,-3.0,5.552,1.727,-0.509,-4.0,-3.999,-2.0,2.395,-2.0,-2.999,-4.0,-2.0,-0.999,-1.0,5.372,8.261,2.418,1.499,-3.0,0.0,-1.0,0.0,5.034,5.383,-1.0,-1.0,0.0,-1.0,-1.0,-1.0,0.0,0.0,0.0,0.0,0.0,-1.0,0.0,0.0,-1.0,0.0,0.0,2.507,-1.0,0.0,0.0,-1.0,-2.0,-0.509,2.503,-2.0,-2.0,-2.0,2.428,-2.0,1.384,-1.463,6.262,-2.979,-2.493,3.644,-1.491,-2.246,-1.513,2.994,-2.0,-5.0,1.91,-6.0,-1.403,89.882,1.573,6.666,-4.0,-5.0,1.513,-0.41,0.606,-5.0,0.847,-0.507,-3.46,0.645,-6.0,-3.0,8.692,-1.0,-5.0,-4.0,9.516,-2.0,0.0,0.0,0.0,0.0,0.0,0.0,0.0,0.0,0.0,0.0
BtcGF,BTCUSDc,47,3.614,5.421,4,0.1674,278.66,349,22.6361,1,15,270,0.015,2.0,2.5,0.0,0.5,16385,1,-9.685,8,1,0,0,0.0,-2.0,4.226,-0.331,0.0,0.0,-3.999,5.449,-3.0,2.515,-0.416,-3.0,-4.0,-3.0,-3.0,-1.0,13.021,3.425,0.692,-2.464,-6.0,-4.0,-3.999,12.007,5.779,-0.191,16.637,0.609,-2.501,-1.389,-0.453,-3.0,-1.243,1.727,-0.509,-4.999,-0.429,-2.0,5.395,-2.999,-3.0,-4.0,-2.0,-0.999,-1.0,7.207,5.541,2.418,1.499,-3.0,0.0,-1.0,0.0,5.034,5.383,-1.0,-1.0,0.0,-1.0,-1.0,-0.999,0.0,0.0,0.0,0.0,0.0,-1.0,0.0,0.0,-1.0,0.0,0.0,2.507,-1.0,0.0,0.0,-1.0,-2.0,-0.509,2.503,-2.0,-2.0,-2.0,2.428,-2.0,2.803,-0.464,2.093,1.536,1.361,0.852,-0.491,4.749,-1.514,2.994,-2.0,-5.0,1.909,-1.48,-1.403,-3.264,1.573,6.666,-5.0,-4.0,1.513,-0.41,0.606,-4.999,0.847,0.743,-2.459,0.645,-6.0,-3.0,3.135,-1.0,-5.0,-4.0,9.516,1.791,0.0,0.0,0.0,0.0,0.0,0.0,0.0,0.0,0.0,0.0
BtcGF,BTCUSDc,68,-5.5747,-8.362,4,-0.2737,0.0,435,43.2184,1,15,270,0.015,1.7,1.0,0.0,0.5,16385,1,-14.337,3,1,0,0,0.25,2.559,5.884,-5.0,0.0,-0.995,-0.993,1.34,-2.005,0.997,2.916,-2.0,-2.954,0.051,-1.004,-0.008,2.067,0.031,0.55,-2.006,-1.847,-0.017,-0.001,-0.994,-4.005,1.8,0.223,4.967,-4.0,-5.005,-2.0,0.995,5.06,2.215,-2.004,-2.967,-1.97,-1.014,-0.996,-2.0,-3.0,-4.0,0.02,4.725,6.631,3.391,0.996,-1.003,1.0,-3.0,0.0,-1.0,0.0,1.055,1.995,1.003,-1.0,0.0,2.597,1.09,5.218,0.0,0.0,0.0,0.0,0.0,-1.0,0.0,0.0,-1.0,0.0,0.0,0.999,-1.0,0.0,0.0,0.999,0.003,-1.005,0.998,-0.013,-2.0,0.003,1.992,-0.004,2.977,-2.997,-0.992,-4.008,0.976,-0.017,-3.005,2.777,1.531,1.994,-2.002,-5.0,-0.694,0.391,-2.008,-4.997,0.133,1.981,4.161,-0.007,2.753,9.672,0.003,-3.003,-1.988,-0.007,-4.998,1.97,-3.819,-2.044,-1.719,0.024,-2.003,0.049,2.997,0.997,0.0,0.0,0.0,0.0,0.0,0.0,0.0,0.0,0.0,0.0
BtcGF,BTCUSDc,67,-4.3133,-12.94,2,-0.3565,0.0,432,42.3611,1,15,210,0.015,1.7,1.0,0.0,0.5,16385,1,-18.915,3,1,0,0,0.25,2.709,5.884,-5.0,0.0,-0.995,-0.993,1.092,-2.005,0.997,2.916,-2.0,-2.954,0.462,-1.004,-0.008,2.006,0.283,0.55,-3.003,-4.01,-0.017,-0.001,-0.994,-4.005,2.516,0.159,4.967,-4.0,-5.005,-2.0,0.995,4.999,-0.993,-2.004,-3.287,-1.97,-1.014,-0.996,-2.0,-3.0,-4.0,0.02,4.725,6.757,3.365,0.996,-1.003,1.0,-3.0,0.0,-1.0,0.0,1.055,1.995,1.003,-1.0,0.0,2.597,1.09,5.218,0.0,0.0,0.0,0.0,0.0,-1.0,0.0,0.0,-1.0,0.0,0.0,0.999,-1.0,0.0,0.0,0.999,0.003,0.995,0.998,-0.013,-2.0,0.003,1.992,-0.004,2.977,-2.997,-0.992,-4.008,0.976,0.021,-3.005,2.777,1.531,1.994,-2.998,-5.0,-3.0,-1.987,-2.008,-0.973,1.436,1.981,4.392,-0.007,1.907,9.517,0.003,-3.003,-1.988,-0.007,-4.998,1.97,-3.819,-2.044,-1.719,0.024,-2.003,0.049,2.997,0.997,0.0,0.0,0.0,0.0,0.0,0.0,0.0,0.0,0.0,0.0
BtcGF,BTCUSDc,187,2.765,5.53,3,0.2147,37.58,422,47.3934,1,15,210,0.015,1.7,1.0,0.0,0.5,16385,1,3.452,0,1,0,0,0.75,2.882,3.528,-2.497,0.0,-0.995,1.545,3.057,0.506,0.997,-0.363,0.739,-0.245,-2.003,-1.004,-0.008,2.006,0.283,0.12,-3.003,-1.688,-0.017,-0.001,1.337,-2.488,1.33,0.159,1.756,-4.0,-2.742,0.457,0.995,0.657,0.007,-2.004,-2.119,-0.294,-1.014,-0.996,-2.0,-3.0,-4.0,0.02,1.63,2.872,2.728,3.453,-1.003,1.0,-3.0,0.0,-1.0,0.0,1.055,1.995,1.003,-1.0,0.0,2.555,1.09,1.657,0.0,0.0,0.0,0.0,0.0,-1.0,0.0,0.0,-1.0,0.0,0.0,0.999,-1.0,0.0,0.0,0.999,0.003,0.995,0.998,-0.013,-2.0,0.003,1.992,-0.004,5.48,-0.625,-0.992,-1.655,3.575,2.361,-0.115,0.517,-0.528,1.994,-0.997,-0.656,-2.999,0.448,-2.008,-1.182,0.485,1.981,2.562,-0.007,0.561,5.062,0.003,-3.003,-1.988,-0.008,-4.998,1.97,-4.823,-3.051,4.195,0.024,-2.003,0.049,2.997,0.997,0.0,0.0,0.0,0.0,0.0,0.0,0.0,0.0,0.0,0.0
BtcGF,BTCUSDc,44,20.7942,24.953,5,0.8861,60.54,340,24.7059,1,15,270,0.015,1.7,2.5,0.0,0.5,16385,1,9.847,8,1,0,0,0.0,-2.0,4.19,-0.389,0.0,0.0,-4.0,5.449,-3.0,2.513,-0.424,5.637,-4.0,-2.999,-3.0,-1.0,10.745,3.29,-2.0,-2.464,-6.0,-3.0,-5.0,5.751,5.779,-0.191,16.624,0.59,-2.501,-1.412,-0.456,-3.0,-5.0,1.792,3.396,-4.999,0.033,-2.0,2.985,-2.0,-3.0,-4.0,-2.0,-0.999,-1.0,6.031,5.538,1.291,1.499,-3.0,0.0,-1.0,0.0,3.617,5.331,-1.0,-1.0,0.0,-1.0,-1.0,-0.999,0.0,0.0,0.0,0.0,0.0,-1.0,0.0,0.0,-1.0,0.0,0.0,2.507,-1.0,0.0,0.0,-1.0,-2.0,3.308,2.503,-2.0,-2.0,-2.0,1.974,-2.0,2.703,0.062,2.074,1.313,2.094,0.822,-0.491,4.59,-1.514,2.994,-2.0,-5.0,1.9,8.418,-1.43,-3.331,1.429,11.064,-5.0,-4.0,1.509,-0.581,5.154,-4.999,0.726,0.614,-2.46,0.588,-6.0,-3.0,2.679,-1.0,-5.0,1.383,9.374,1.729,0.0,0.0,0.0,0.0,0.0,0.0,0.0,0.0,0.0,0.0
BtcGF,BTCUSDc,59,6.8863,20.659,2,0.406,136.97,346,18.7861,1,15,270,0.015,2.0,3.0,0.0,0.5,16385,1,-7.638,10,1,0,0,0.0,-2.0,1.247,0.253,0.0,0.0,-3.999,7.296,-3.0,3.033,0.128,-3.0,-4.0,-3.0,-3.0,-1.0,-1.0,0.039,1.371,-6.0,-6.0,-4.0,-3.999,0.012,10.048,0.383,1.621,1.157,-1.99,-0.726,0.09,-3.0,-4.999,-3.999,-0.011,-4.999,1.009,-2.0,9.106,-2.999,-3.0,-4.0,-2.0,-0.999,-1.0,12.216,7.183,6.005,1.999,-3.0,0.0,-1.0,0.0,28.297,6.532,-1.0,-1.0,0.0,-1.0,-1.0,-0.999,0.0,0.0,0.0,0.0,0.0,-1.0,0.0,0.0,-1.0,0.0,0.0,3.013,-1.0,0.0,0.0,-1.0,-2.0,-0.011,3.013,-2.0,-2.0,-2.0,3.385,-2.0,4.963,0.947,-1.007,3.478,-0.988,5.186,0.021,13.38,-1.016,3.993,-2.0,-5.0,2.819,-0.642,-0.862,-2.223,2.445,10.5,-5.0,-4.0,2.647,0.65,1.572,-4.999,-1.999,-3.0,-1.946,1.349,-6.0,-3.0,0.072,-1.0,-5.0,-4.0,7.944,6.669,0.0,0.0,0.0,0.0,0.0,0.0,0.0,0.0,0.0,0.0
BtcGF,BTCUSDc,135,2.218,6.654,2,0.1694,99.97,397,33.2494,1,15,150,0.015,1.4,1.5,0.0,0.5,16385,1,0.002,7,1,0,0,0.5,5.353,6.73,2.101,-0.998,0.0,0.563,4.269,-0.357,1.496,2.4,-2.0,-1.2,-1.503,-3.0,-1.511,3.939,2.963,2.553,-2.497,-3.51,1.578,-1.49,-0.929,0.829,-4.0,1.541,-0.492,-3.5,-6.0,-1.5,-0.505,4.523,-5.0,-1.505,-4.0,3.889,-2.0,-0.951,-2.0,-3.0,-4.0,-2.0,-0.999,0.0,3.808,6.862,-0.48,2.0,-3.0,0.0,-1.0,0.0,1.606,4.609,-1.0,-1.0,0.0,-1.0,1.615,-1.0,0.0,0.0,0.0,0.0,0.0,-1.0,0.0,0.0,-1.0,0.0,0.0,1.499,-1.0,0.0,0.0,1.505,-2.0,-0.506,1.498,-2.0,-2.0,1.04,3.03,0.511,11.49,-2.434,1.204,-3.26,14.675,2.215,-2.502,-3.471,-2.508,0.996,-3.502,-5.0,-0.048,0.828,-2.496,-1.973,3.827,3.507,2.707,-2.507,2.076,0.738,2.405,-2.504,-0.929,2.431,-4.495,-2.514,-6.0,-1.528,4.715,-1.0,-2.028,0.576,5.091,1.995,0.0,0.0,0.0,0.0,0.0,0.0,0.0,0.0,0.0,0.0
BtcGF,BTCUSDc,79,-12.698,-25.396,3,-0.4059,0.0,403,29.5285,1,15,210,0.015,1.7,1.5,0.0,0.5,16385,1,-38.973,9,1,0,0,0.25,6.437,15.175,-5.0,0.0,0.0,-4.0,4.516,-2.999,1.496,9.386,-2.0,-5.0,-1.504,-3.0,-1.511,3.83,1.507,4.695,-2.497,-3.51,1.657,-1.424,-0.859,-3.488,-1.488,2.066,-3.0,-3.5,-6.0,-1.5,-0.505,-2.693,-5.0,-1.505,-5.0,-3.442,-2.0,-0.902,-2.0,-3.0,-4.0,-2.0,-0.999,-1.0,6.947,2.497,-0.474,2.0,-3.0,0.0,-1.0,0.0,1.628,3.762,-1.0,-1.0,0.0,-1.0,1.72,-0.999,0.0,0.0,0.0,0.0,0.0,-1.0,0.0,0.0,-1.0,0.0,0.0,1.499,-1.0,0.0,0.0,1.505,-2.0,-1.505,1.498,-2.0,-2.0,0.508,3.044,0.833,7.615,-2.384,2.589,-1.473,5.37,2.321,-2.503,-3.465,-2.508,0.996,-3.502,-5.0,-3.0,3.207,-2.491,-0.069,4.116,3.516,5.094,-1.507,5.373,0.148,1.904,-2.504,-0.906,-1.504,-4.495,-2.508,-7.0,-1.514,2.736,-1.0,-1.605,0.609,5.051,1.995,0.0,0.0,0.0,0.0,0.0,0.0,0.0,0.0,0.0,0.0
BtcGF,BTCUSDc,73,-5.524,-11.048,3,-0.1885,0.0,396,31.0606,1,15,210,0.015,1.1,1.5,0.0,0.5,16385,1,-24.625,9,1,0,0,0.25,6.43,15.112,-5.0,0.0,0.0,-3.999,4.511,-0.428,1.496,9.358,-2.0,-1.414,-1.504,-3.0,-1.513,3.637,1.479,4.691,-2.497,-3.51,1.531,-1.426,-0.947,-3.493,-1.488,2.066,-3.0,-3.5,-6.0,-1.5,-0.505,-2.786,-5.0,-1.505,-5.0,-3.465,-2.0,-0.971,-2.0,-3.0,-4.0,-2.0,-0.999,0.0,6.213,2.497,-0.48,2.0,-3.0,0.0,-1.0,0.0,1.606,3.755,-1.0,-1.0,0.0,-1.0,1.559,-0.999,0.0,0.0,0.0,0.0,0.0,-1.0,0.0,0.0,-1.0,0.0,0.0,1.499,-1.0,0.0,0.0,1.505,-2.0,2.977,1.498,-2.0,-2.0,0.508,3.014,0.833,7.615,-2.454,2.566,-1.473,5.364,2.321,-2.503,-3.478,-2.508,0.996,-3.502,-5.0,-3.0,3.066,-2.496,-0.85,4.116,3.507,4.999,-1.507,5.368,0.133,1.816,-2.504,-0.944,-1.504,-4.495,-2.514,-2.0,-2.532,5.316,-1.0,-2.361,0.533,5.02,1.995,0.0,0.0,0.0,0.0,0.0,0.0,0.0,0.0,0.0,0.0
BtcGF,BTCUSDc,127,-1.59,-3.18,3,-0.1136,0.0,430,45.1163,1,15,210,0.015,1.7,1.0,0.0,0.5,16385,1,-6.221,0,1,0,0,0.5,2.801,4.108,-1.945,0.0,-0.995,2.195,1.092,-2.005,0.997,0.32,-2.0,-2.954,-2.003,-1.004,-0.008,2.006,0.283,0.228,-3.003,-1.399,-0.017,-0.001,1.638,-1.948,1.628,0.159,2.559,-4.0,-5.005,0.888,0.995,1.58,-0.993,-2.004,-1.072,1.45,-1.014,-0.996,-2.0,-3.0,-4.0,0.02,2.295,3.639,3.215,3.936,-1.003,1.0,-3.0,0.0,-1.0,0.0,1.055,1.995,1.003,-1.0,0.0,2.597,1.09,2.365,0.0,0.0,0.0,0.0,0.0,-1.0,0.0,0.0,-1.0,0.0,0.0,0.999,-1.0,0.0,0.0,0.999,0.003,0.995,0.998,-0.013,-2.0,0.003,1.992,-0.004,5.981,0.027,-0.992,-1.006,4.197,0.021,1.036,1.086,-0.06,1.994,-2.998,-5.0,-3.0,-1.988,-2.008,-0.973,0.983,1.981,3.14,-0.007,1.034,6.175,0.003,-3.003,-1.988,-0.008,-4.998,1.97,-3.819,-2.044,-1.72,0.024,-2.003,0.049,2.997,0.997,0.0,0.0,0.0,0.0,0.0,0.0,0.0,0.0,0.0,0.0
BtcGF,BTCUSDc,104,-6.189,-18.567,2,-0.2619,0.0,377,19.8939,1,15,270,0.015,1.7,2.5,0.0,0.5,16385,1,-48.182,8,1,0,0,0.25,11.346,31.218,-5.0,0.0,0.0,-4.0,5.449,-2.999,-1.0,-1.425,-2.0,-5.0,0.546,-4.0,-3.0,1.215,3.29,-0.361,-2.464,-6.0,-3.0,-5.0,5.751,-2.424,-0.191,13.395,-3.0,-2.501,-6.0,-0.456,-3.0,-6.0,1.792,3.396,-5.0,-1.966,-2.0,-0.015,-2.0,-3.0,-4.0,-2.0,-0.999,-1.0,6.031,2.019,1.291,1.499,-3.0,0.0,-1.0,0.0,3.617,5.331,-1.0,-1.0,0.0,-1.0,-1.0,-0.999,0.0,0.0,0.0,0.0,0.0,-1.0,0.0,0.0,-1.0,0.0,0.0,2.507,-1.0,0.0,0.0,-1.0,-2.0,3.308,2.503,-2.0,-2.0,-2.0,1.974,-2.0,0.35,-0.938,-2.506,-3.195,-2.492,3.492,-1.491,-2.321,-1.514,2.994,7.873,-6.0,1.9,3.903,-1.43,-3.332,1.429,11.064,-5.0,-4.0,1.509,-0.581,5.154,-5.0,0.726,-0.507,-3.46,0.588,-7.0,-3.0,-2.217,-1.0,-5.0,1.383,9.374,-2.0,0.0,0.0,0.0,0.0,0.0,0.0,0.0,0.0,0.0,0.0
BtcGF,BTCUSDc,124,-2.102,-4.204,3,-0.15,0.0,430,45.1163,1,15,210,0.015,1.4,1.0,0.0,0.5,16385,1,-7.245,0,1,0,0,0.5,2.801,4.103,-1.945,0.0,-0.999,2.191,1.092,-2.005,0.997,0.318,-2.0,-2.966,-2.003,-1.004,-0.008,2.0,0.278,0.228,-3.003,-1.399,-0.017,-0.001,1.638,-1.948,1.628,0.159,2.559,-4.0,-5.005,0.888,0.995,1.58,-0.993,-2.004,-1.072,1.442,-1.014,-0.996,-2.0,-3.0,-4.0,0.016,2.295,3.631,3.207,3.936,-1.003,1.0,-3.0,0.0,-1.0,0.0,1.048,1.995,1.003,-1.0,0.0,2.597,1.051,2.365,0.0,0.0,0.0,0.0,0.0,-1.0,0.0,0.0,-1.0,0.0,0.0,0.999,-1.0,0.0,0.0,0.999,0.003,0.502,0.998,-0.013,-2.0,0.003,1.992,-0.004,5.981,0.027,-0.995,-1.006,4.197,0.021,1.036,1.086,-0.06,1.994,-2.998,-5.0,-3.0,-2.008,-2.008,-1.107,0.983,1.981,3.14,-0.007,1.034,6.171,0.0,-3.003,-1.988,-0.008,-4.998,1.97,-3.905,-2.044,-1.866,0.016,-2.003,0.034,2.997,0.997,0.0,0.0,0.0,0.0,0.0,0.0,0.0,0.0,0.0,0.0
BtcGF,BTCUSDc,186,4.1325,8.265,3,0.3263,25.14,422,47.6303,1,15,150,0.015,1.7,1.0,0.0,0.5,16385,1,6.187,0,1,0,0,0.75,2.882,3.528,-2.497,0.0,-0.995,3.649,3.057,0.506,0.997,-0.363,0.739,-0.245,-2.004,-1.004,-0.008,2.006,0.534,0.12,-3.003,-1.688,-0.017,-0.001,1.337,-2.488,1.805,0.108,1.478,-4.0,-2.742,0.457,0.995,0.633,0.062,-2.004,-2.119,-0.294,-1.014,-0.996,-2.0,-3.0,-4.0,0.02,1.63,2.949,2.032,3.453,-1.003,1.0,-3.0,0.0,-1.0,0.0,1.055,1.995,1.003,-1.0,0.0,2.393,1.09,1.657,0.0,0.0,0.0,0.0,0.0,-1.0,0.0,0.0,-1.0,0.0,0.0,0.999,-1.0,0.0,0.0,0.999,0.003,0.978,0.998,-0.013,-2.0,0.238,1.992,-0.004,5.959,-0.625,-0.992,-1.655,3.575,2.323,-0.115,0.539,-0.528,1.994,-0.997,-0.662,-0.794,0.467,-2.008,-1.654,0.485,1.981,2.562,-1.007,-0.472,5.389,0.003,-3.003,-1.988,-0.008,-4.998,1.986,-4.823,-3.051,4.383,0.054,-2.003,0.049,3.027,0.997,0.0,0.0,0.0,0.0,0.0,0.0,0.0,0.0,0.0,0.0
BtcGF,BTCUSDc,22,-2.8453,-8.536,2,-0.1944,0.0,392,35.2041,1,15,210,0.015,2.0,1.5,0.0,0.5,16385,1,-20.564,3,1,0,0,0.0,6.44,3.2,-2.494,0.0,0.0,-1.466,7.556,-3.0,1.496,-1.472,-0.345,-2.437,-1.504,-3.0,-1.508,4.018,1.521,1.013,-2.497,-3.51,1.801,-1.421,-0.721,-2.488,-1.488,1.312,-0.492,-3.5,-0.985,-1.5,-0.505,2.464,-5.0,-1.505,-5.0,0.188,-2.0,2.179,-2.999,-3.0,-4.0,-2.0,-0.999,-1.0,7.492,5.006,-0.46,2.0,-3.0,0.0,-1.0,0.0,1.651,3.768,-1.0,-1.0,0.0,-1.0,1.829,-0.999,0.0,0.0,0.0,0.0,0.0,-1.0,0.0,0.0,-1.0,0.0,0.0,1.499,-1.0,0.0,0.0,1.505,-2.0,0.012,1.498,0.494,-2.0,0.508,3.066,0.833,2.566,0.201,1.562,9.738,5.755,4.871,-1.503,1.59,-2.508,0.996,-2.502,-5.0,-3.0,1.874,-2.488,1.282,4.133,3.524,-3.499,-1.507,5.386,0.197,1.993,-2.504,-2.496,0.994,-3.494,-2.508,-6.0,-1.506,-1.496,-1.0,-5.0,0.677,5.087,1.995,0.0,0.0,0.0,0.0,0.0,0.0,0.0,0.0,0.0,0.0
BtcGF,BTCUSDc,20,11.548,23.096,3,0.8605,113.4,383,36.8146,1,15,270,0.015,1.7,1.5,0.0,0.5,16385,1,-3.094,2,1,0,0,0.0,2.004,3.138,-2.494,0.0,0.0,-1.476,5.593,-3.0,1.496,-1.472,-0.404,-2.453,-0.503,-3.0,0.489,3.765,1.075,-0.496,-3.497,-0.443,1.657,-0.092,-0.859,-0.759,1.719,2.453,-0.492,-3.5,-0.989,-1.5,-0.505,-0.313,-0.109,1.116,-4.999,1.699,-2.0,2.098,-2.0,-3.0,-4.0,-2.0,-0.999,-1.0,6.593,5.006,-0.474,2.0,-3.0,0.0,-1.0,0.0,1.628,3.085,-1.0,-1.0,0.0,-1.0,1.72,-0.999,0.0,0.0,0.0,0.0,0.0,-1.0,0.0,0.0,-1.0,0.0,0.0,1.499,-1.0,0.0,0.0,1.505,-2.0,0.01,1.498,-2.0,-2.0,0.508,3.044,3.008,5.725,0.13,1.548,-0.905,5.668,2.582,-1.503,1.578,-2.508,0.996,-2.0,2.743,0.17,5.196,-2.491,-4.478,1.367,3.516,-0.897,-1.507,26.445,0.436,1.641,-2.504,-2.497,0.994,-3.495,-2.508,-6.0,-1.479,-1.496,-1.0,-1.605,0.609,5.051,1.995,0.0,0.0,0.0,0.0,0.0,0.0,0.0,0.0,0.0,0.0
BtcGF,BTCUSDc,141,-0.288,-0.864,2,-0.0206,0.0,402,32.0896,1,15,150,0.015,2.0,1.5,0.0,0.5,16385,1,-8.194,7,1,0,0,0.5,5.359,6.84,1.103,0.0,0.0,0.563,4.269,-3.0,1.496,2.457,-2.0,-5.0,-1.503,-3.0,-1.508,4.247,2.991,2.555,-2.497,-3.51,1.801,-1.487,-0.721,0.829,-4.0,1.545,-0.492,-3.5,-6.0,-1.5,-0.505,4.648,-5.0,-1.505,-4.0,4.911,-2.0,-0.821,-2.0,-3.0,-4.0,-2.0,-0.999,-1.0,5.4,6.862,-0.46,2.0,-3.0,0.0,-1.0,0.0,1.651,4.615,-1.0,-1.0,0.0,-1.0,1.829,-1.0,0.0,0.0,0.0,0.0,0.0,-1.0,0.0,0.0,-1.0,0.0,0.0,1.499,-1.0,0.0,0.0,1.505,-2.0,0.011,1.498,-2.0,-2.0,1.04,3.066,0.511,11.499,-2.319,1.233,-3.26,14.704,2.215,-2.502,-3.458,-2.508,0.996,-3.502,-5.0,-0.044,1.069,-2.488,-0.05,3.827,3.524,2.707,-2.507,2.094,0.805,2.551,-2.504,-0.886,2.431,-4.495,-2.508,-7.0,-1.506,1.11,-1.0,-5.0,0.677,5.143,1.995,0.0,0.0,0.0,0.0,0.0,0.0,0.0,0.0,0.0,0.0
BtcGF,BTCUSDc,102,18.059,36.118,3,0.694,82.0,375,20.8,1,15,150,0.015,1.7,2.5,0.0,0.5,16385,1,6.503,12,1,0,0,0.25,4.304,31.218,-5.0,0.0,0.0,-4.0,1.871,-2.999,14.078,1.575,7.517,-5.0,-0.453,-3.0,-3.0,1.81,12.612,-0.361,-1.464,-6.0,-3.0,-5.0,5.751,-2.424,-4.0,13.419,0.59,-2.501,-6.0,-0.25,-3.0,-1.333,-5.0,-0.509,-5.0,-2.25,-2.0,-0.015,-2.0,-3.0,-4.0,-2.0,-0.999,-1.0,1.432,2.019,1.291,1.499,-3.0,0.0,-1.0,0.0,3.617,1.585,-1.0,-1.0,0.0,-1.0,-1.0,-1.0,0.0,0.0,0.0,0.0,0.0,-1.0,0.0,0.0,-1.0,0.0,0.0,2.507,-1.0,0.0,0.0,-1.0,-2.0,-0.509,2.503,-2.0,-2.0,-2.0,1.974,1.872,0.356,-0.938,4.341,1.535,10.09,2.279,-1.491,-2.322,-1.514,2.994,-2.486,-5.0,1.446,4.025,-1.43,14.316,12.287,11.064,-5.0,-5.0,-0.481,0.036,0.09,-0.64,0.726,-0.507,-3.46,0.786,-7.0,-3.0,-2.313,-1.0,-4.999,1.383,9.374,0.594,0.0,0.0,0.0,0.0,0.0,0.0,0.0,0.0,0.0,0.0
BtcGF,BTCUSDc,18,2.631,5.262,3,0.1575,286.13,390,34.8718,1,15,150,0.015,1.7,1.5,0.0,0.5,16385,1,-9.794,3,1,0,0,0.0,5.356,3.138,-0.403,0.0,0.0,-1.476,2.634,-3.0,1.496,4.063,-0.404,-2.453,-1.503,-3.0,-1.511,4.059,1.075,-0.496,-2.497,-3.509,1.657,-1.49,-0.859,-2.49,-4.0,1.207,-0.492,-3.5,-0.346,-1.5,-0.505,-0.344,-3.999,-1.505,-4.0,17.755,-2.0,2.098,-2.0,-3.0,-4.0,-2.0,-0.999,-1.0,4.855,5.006,-0.474,2.0,-3.0,0.0,-1.0,0.0,1.628,3.012,-1.0,-1.0,0.0,-1.0,1.72,-0.999,0.0,0.0,0.0,0.0,0.0,-1.0,0.0,0.0,-1.0,0.0,0.0,1.499,-1.0,0.0,0.0,1.505,-2.0,-1.506,1.498,-2.0,-2.0,1.04,3.044,0.511,15.667,0.13,2.219,-0.655,3.128,4.75,-1.503,-0.938,-2.508,0.996,-3.502,-5.0,-0.048,1.722,-2.491,-1.401,7.802,3.516,-3.5,-2.507,6.322,0.756,2.462,-2.504,-2.497,0.994,-3.495,-2.508,-6.0,-1.514,-0.472,-1.0,-1.466,0.609,5.107,1.995,0.0,0.0,0.0,0.0,0.0,0.0,0.0,0.0,0.0,0.0
BtcGF,BTCUSDc,107,-5.9817,-35.89,1,-0.4173,0.0,381,18.1102,1,15,270,0.015,2.0,2.5,0.0,0.5,16385,1,-65.505,9,1,0,0,0.25,11.346,31.254,-5.0,0.0,0.0,-4.0,5.449,-3.0,-1.0,-1.418,-2.0,-5.0,0.569,-4.0,-3.0,1.393,3.425,-0.308,-2.464,-6.0,-4.0,-3.999,12.007,-2.409,-0.191,13.408,-3.0,-2.501,-6.0,-0.453,-3.0,-6.999,1.727,-0.509,-5.0,-1.429,-2.0,2.395,-2.0,-3.0,-4.0,-2.0,-0.999,-1.0,7.207,2.021,2.418,1.499,-3.0,0.0,-1.0,0.0,5.034,5.383,-1.0,-1.0,0.0,-1.0,-1.0,-0.999,0.0,0.0,0.0,0.0,0.0,-1.0,0.0,0.0,-1.0,0.0,0.0,2.507,-1.0,0.0,0.0,-1.0,-2.0,-0.509,2.503,-2.0,-2.0,-2.0,2.428,-2.0,0.384,-0.464,-2.506,-2.98,-2.492,3.644,-1.491,-2.246,-1.514,2.994,7.873,-6.0,1.909,-5.999,-1.403,-3.264,1.573,6.666,-5.0,-4.0,1.513,-0.41,0.606,-5.0,0.847,-0.507,-3.46,0.645,-7.0,-3.0,-2.11,-1.0,-5.0,-4.0,9.516,-2.0,0.0,0.0,0.0,0.0,0.0,0.0,0.0,0.0,0.0,0.0
BtcGF,BTCUSDc,188,4.4075,8.815,3,0.3912,23.57,424,47.8774,1,15,270,0.015,1.7,1.0,0.0,0.5,16385,1,6.737,0,1,0,0,0.75,2.882,3.528,-2.497,0.0,-0.995,1.545,3.057,0.506,0.997,-0.363,0.739,-0.245,-2.003,-1.004,-0.008,2.067,0.031,0.12,-2.006,-1.847,-0.017,-0.001,1.337,-2.488,1.576,0.223,1.756,-4.0,-2.742,0.457,0.995,0.718,2.215,-2.004,-2.119,-0.294,-1.014,-0.996,-2.0,-2.999,-4.0,0.02,1.63,2.746,2.718,3.453,-1.003,1.0,-3.0,0.0,-1.0,0.0,1.055,1.995,1.003,-1.0,0.0,2.582,1.09,1.657,0.0,0.0,0.0,0.0,0.0,-1.0,0.0,0.0,-1.0,0.0,0.0,0.999,-1.0,0.0,0.0,0.999,0.003,-1.005,0.998,-0.013,-2.0,0.003,1.992,-0.004,5.48,-0.625,-0.992,-1.655,3.575,2.323,-0.115,0.517,-0.528,1.994,-0.997,-0.656,-0.693,0.388,-2.008,-1.154,0.133,1.981,2.562,-0.007,0.689,5.217,0.003,-3.003,-1.988,-0.008,-4.998,1.97,-4.823,-3.051,4.195,0.024,-2.003,0.049,2.997,0.997,0.0,0.0,0.0,0.0,0.0,0.0,0.0,0.0,0.0,0.0
BtcGF,BTCUSDc,154,33.183,66.366,3,2.4961,71.78,384,25.7812,1,15,210,0.015,2.0,2.0,0.0,0.5,16385,1,18.727,16,1,0,0,0.5,8.782,11.221,-5.0,0.0,0.0,4.612,6.532,-3.0,4.844,7.827,-2.0,-5.0,-0.974,-3.0,-0.906,10.79,2.788,-0.908,-1.98,-6.0,2.366,-0.749,4.267,4.41,-0.983,4.792,-3.0,-3.001,-6.0,-0.966,-3.0,7.319,-5.0,-1.007,-4.0,43.639,-2.0,0.045,-2.0,-3.0,-4.0,-2.0,-0.999,-1.0,2.486,4.003,0.493,3.022,-3.0,0.0,-1.0,0.0,3.025,5.53,-1.0,-1.0,0.0,-1.0,2.538,-1.0,0.0,0.0,0.0,0.0,0.0,-1.0,0.0,0.0,-1.0,0.0,0.0,1.999,-1.0,0.0,0.0,-1.0,-2.0,1.077,1.997,-2.0,-2.0,1.131,4.531,1.711,-0.975,-2.493,5.751,-5.999,-2.997,1.272,-2.002,-2.853,-2.011,1.996,-3.002,-5.0,-3.0,0.081,-1.945,9.204,5.886,5.201,6.04,-4.0,1.034,1.372,3.274,-5.0,0.129,6.693,-3.973,-0.982,-7.0,-3.0,0.464,-1.0,-5.0,-0.661,9.513,3.045,0.0,0.0,0.0,0.0,0.0,0.0,0.0,0.0,0.0,0.0
BtcGF,BTCUSDc,84,12.9335,25.867,3,0.5094,83.49,367,27.248,1,15,150,0.015,1.1,2.0,0.0,0.5,16385,1,4.271,9,1,0,0,0.25,7.841,23.674,-4.0,-0.996,0.0,-3.999,0.589,1.136,8.599,5.636,-2.0,-2.0,-0.496,-2.999,-0.987,6.871,9.188,-0.972,-1.987,-5.999,2.203,-0.963,2.145,-2.977,-4.0,7.741,0.033,-3.001,-6.0,-0.821,-3.0,0.119,-5.0,-1.007,-5.0,0.128,-2.0,-1.911,-2.0,-3.0,-4.0,-2.0,-0.999,0.0,-0.903,4.003,0.078,3.018,-3.0,0.0,-1.0,0.0,2.213,1.024,-1.0,-1.0,0.0,-1.0,2.088,-1.0,0.0,0.0,0.0,0.0,0.0,-1.0,0.0,0.0,-1.0,0.0,0.0,1.999,-1.0,0.0,0.0,-1.0,-2.0,-1.999,1.997,-2.0,-2.0,1.915,4.07,1.034,-0.404,-1.908,4.02,-2.27,6.99,1.047,-2.003,-2.95,-2.011,1.996,-3.002,-5.0,0.694,7.534,-1.985,-1.495,10.646,5.053,11.418,-5.0,-0.987,2.101,-0.9,-1.648,0.027,-1.005,-3.98,-1.004,-2.0,-4.0,1.995,-3.0,3.326,-0.942,9.168,3.02,0.0,0.0,0.0,0.0,0.0,0.0,0.0,0.0,0.0,0.0
BtcGF,BTCUSDc,23,10.7485,21.497,3,0.6991,121.89,387,36.1757,1,15,270,0.015,2.0,1.5,0.0,0.5,16385,1,-4.706,2,1,0,0,0.0,2.007,3.2,-2.494,0.0,0.0,-1.466,5.826,-3.0,1.496,-1.471,-0.345,-2.437,-0.504,-3.0,0.492,3.78,1.089,1.013,-3.497,-0.418,1.801,-0.089,-0.721,-0.759,1.719,2.457,-0.492,-3.5,-0.985,-1.5,-0.505,-0.216,-0.999,-1.505,-4.999,0.188,-2.0,2.179,-2.999,-3.0,-4.0,-2.0,-0.999,-1.0,7.138,5.006,-0.46,2.0,-3.0,0.0,-1.0,0.0,1.651,3.091,-1.0,-1.0,0.0,-1.0,1.829,-0.999,0.0,0.0,0.0,0.0,0.0,-1.0,0.0,0.0,-1.0,0.0,0.0,1.499,-1.0,0.0,0.0,1.505,-2.0,0.011,1.498,-2.0,-2.0,0.508,3.066,3.008,5.744,0.201,1.562,-0.8,5.755,2.597,-1.503,1.59,-2.508,0.996,-2.0,6.554,0.174,5.356,-2.488,-4.479,1.384,3.524,-0.802,-1.507,26.458,0.485,1.73,-2.504,-2.496,0.994,-3.494,-2.508,-6.0,-1.479,-1.496,-1.0,-5.0,0.677,5.087,1.995,0.0,0.0,0.0,0.0,0.0,0.0,0.0,0.0,0.0,0.0
BtcGF,BTCUSDc,66,-7.4217,-22.265,2,-0.524,0.0,432,41.8981,1,15,150,0.015,1.7,1.0,0.0,0.5,16385,1,-28.24,2,1,0,0,0.25,2.861,5.884,-5.0,0.0,-0.995,1.111,-1.021,-2.005,0.997,0.488,-2.0,-2.954,-2.003,-1.004,-0.008,2.006,2.956,0.55,-3.003,-4.01,-0.017,-0.001,-0.994,-4.005,0.51,0.108,3.728,-4.0,-5.005,-2.0,0.995,4.975,-0.938,-2.004,-3.991,-1.97,-1.014,-0.996,-2.0,-3.0,-4.0,0.02,4.725,3.151,2.032,0.996,-1.003,1.0,-3.0,0.0,-1.0,0.0,1.055,1.995,1.003,-1.0,0.0,2.988,1.09,5.218,0.0,0.0,0.0,0.0,0.0,-1.0,0.0,0.0,-1.0,0.0,0.0,0.999,-1.0,0.0,0.0,0.999,0.003,0.978,0.998,-0.013,-2.0,0.238,1.992,-0.004,4.287,-2.997,-0.992,-4.008,0.976,-0.017,-3.005,2.799,1.531,1.994,-2.998,-5.0,-0.795,-1.968,-2.008,-1.654,2.466,1.981,5.222,-1.007,0.146,8.368,0.003,-3.003,-1.988,-0.007,-4.998,1.986,-3.819,-2.044,-1.531,0.054,-2.003,0.049,3.027,0.997,0.0,0.0,0.0,0.0,0.0,0.0,0.0,0.0,0.0,0.0
BtcGF,BTCUSDc,62,-4.9487,-7.423,4,-0.2422,0.0,434,43.318,1,15,270,0.015,1.1,1.0,0.0,0.5,16385,1,-13.398,3,1,0,0,0.25,2.559,5.879,-5.0,0.0,-0.999,-0.997,1.34,-2.005,0.997,2.912,-2.0,-2.968,0.05,-1.004,-0.008,2.061,0.021,0.55,-2.006,-1.847,-0.017,-0.001,-0.997,-4.005,1.8,0.223,4.967,-4.0,-5.005,-2.0,0.995,5.06,2.193,-2.004,-2.967,-1.98,-1.014,-0.999,-2.0,-3.0,-4.0,0.011,4.725,6.623,3.376,0.996,-1.003,1.0,-3.0,0.0,-1.0,0.0,1.048,1.993,1.003,-1.0,0.0,2.597,1.031,5.218,0.0,0.0,0.0,0.0,0.0,-1.0,0.0,0.0,-1.0,0.0,0.0,0.999,-1.0,0.0,0.0,0.999,0.003,0.545,0.998,-0.013,-2.0,0.003,1.991,-0.004,2.977,-2.997,-0.995,-4.008,0.976,-0.017,-3.005,2.777,1.531,1.994,-2.002,-5.0,-0.695,0.362,-2.008,-4.997,0.133,1.981,4.161,-0.007,2.753,9.668,-0.002,-3.003,-1.988,-0.007,-4.998,1.97,-3.949,-2.044,-1.928,0.016,-2.003,0.014,2.997,0.997,0.0,0.0,0.0,0.0,0.0,0.0,0.0,0.0,0.0,0.0
BtcGF,BTCUSDc,34,56.032,84.048,4,3.3139,56.2,367,28.8828,1,15,210,0.015,2.0,2.0,0.0,0.5,16385,1,36.81,9,1,0,0,0.0,10.184,5.442,-4.999,0.0,0.0,27.821,7.427,-3.0,2.004,-0.957,2.559,-1.89,-0.975,-3.0,-0.906,10.79,2.788,0.092,-1.98,-6.0,2.366,-0.749,4.267,-1.97,-0.983,2.557,-2.999,-3.001,-1.939,-0.966,-3.0,46.331,-5.0,-1.007,-5.0,1.595,-2.0,3.045,-2.999,-3.0,-4.0,-2.0,-0.999,-1.0,2.803,4.004,0.493,3.022,-3.0,0.0,-1.0,0.0,3.025,5.53,-1.0,-1.0,0.0,-1.0,2.538,-0.999,0.0,0.0,0.0,0.0,0.0,-1.0,0.0,0.0,-1.0,0.0,0.0,1.999,-1.0,0.0,0.0,-1.0,-2.0,1.077,1.997,-1.0,-1.999,1.131,4.531,1.711,4.141,-1.494,3.122,-0.968,0.142,-0.82,-1.003,1.229,-2.011,1.996,-2.002,-5.0,-3.0,0.416,-1.945,9.204,6.922,5.201,-3.0,-4.0,1.034,1.372,3.274,-5.0,0.129,2.012,-2.972,-0.982,-6.0,-3.0,1.342,-1.0,-5.0,-0.661,9.513,3.045,0.0,0.0,0.0,0.0,0.0,0.0,0.0,0.0,0.0,0.0
BtcGF,BTCUSDc,146,32.43,48.645,4,1.524,27.26,364,28.2967,1,15,270,0.015,1.1,2.0,0.0,0.5,16385,1,35.383,13,1,0,0,0.5,8.753,9.921,-5.0,0.0,0.0,4.613,7.308,1.136,4.844,11.28,-2.0,-2.0,-0.778,-3.0,-0.987,6.658,2.077,-0.972,-2.987,-2.0,2.111,1.521,2.145,4.41,-0.766,4.961,-3.0,-3.001,-6.0,-0.974,-3.0,10.411,0.505,2.18,-4.0,9.262,-2.0,-1.911,-2.0,-3.0,-4.0,-2.0,-0.999,0.0,-3.0,4.003,0.078,3.018,-3.0,0.0,-1.0,0.0,2.213,4.178,-1.0,-1.0,0.0,-1.0,2.088,-1.0,0.0,0.0,0.0,0.0,0.0,-1.0,0.0,0.0,-1.0,0.0,0.0,1.999,-1.0,0.0,0.0,-1.0,-2.0,-1.999,1.997,-2.0,-2.0,1.025,4.07,4.116,0.238,-2.907,5.686,-5.999,-2.997,2.151,-2.002,-2.949,-2.011,1.996,-3.002,-6.0,1.03,3.178,-1.984,2.53,2.597,5.053,9.887,-4.0,0.375,1.632,2.132,-5.0,0.027,6.693,-3.98,-1.004,-2.0,-4.0,2.094,-3.0,2.434,-0.942,9.168,0.014,0.0,0.0,0.0,0.0,0.0,0.0,0.0,0.0,0.0,0.0
BtcGF,BTCUSDc,138,-1.031,-3.093,2,-0.0711,0.0,401,32.1696,1,15,150,0.015,1.7,1.5,0.0,0.5,16385,1,-9.745,7,1,0,0,0.5,5.356,6.778,1.101,0.0,0.0,0.563,4.269,-2.999,1.496,2.425,-2.0,-5.0,-1.503,-3.0,-1.511,4.059,2.977,2.555,-2.497,-3.51,1.657,-1.49,-0.859,0.829,-4.0,1.541,-0.492,-3.5,-6.0,-1.5,-0.505,4.581,-5.0,-1.505,-4.0,4.075,-2.0,-0.902,-2.0,-3.0,-4.0,-2.0,-0.999,-1.0,4.855,6.862,-0.474,2.0,-3.0,0.0,-1.0,0.0,1.628,4.609,-1.0,-1.0,0.0,-1.0,1.72,-1.0,0.0,0.0,0.0,0.0,0.0,-1.0,0.0,0.0,-1.0,0.0,0.0,1.499,-1.0,0.0,0.0,1.505,-2.0,-1.506,1.498,-2.0,-2.0,1.04,3.044,0.511,11.49,-2.384,1.219,-3.26,14.687,2.215,-2.502,-3.466,-2.508,0.996,-3.502,-5.0,-0.048,0.928,-2.491,-1.401,3.827,3.516,2.707,-2.507,2.081,0.756,2.462,-2.504,-0.906,2.431,-4.495,-2.508,-7.0,-1.514,1.062,-1.0,-1.466,0.609,5.107,1.995,0.0,0.0,0.0,0.0,0.0,0.0,0.0,0.0,0.0,0.0
BtcGF,BTCUSDc,98,-8.6317,-51.79,1,-0.674,0.0,353,20.6799,1,15,270,0.015,1.1,2.5,0.0,0.5,16385,1,-64.136,4,1,0,0,0.25,11.346,1.551,-5.0,0.0,0.0,-3.999,5.449,-2.0,-1.0,-1.464,-2.0,-2.0,0.981,-4.0,-2.0,1.061,3.125,-0.446,-2.476,-5.999,0.676,-3.0,3.252,-2.459,-0.191,13.382,-3.0,-2.501,-6.0,-0.474,-3.0,-3.0,0.208,3.275,-5.0,-2.393,-2.0,-1.354,-2.0,-3.0,-4.0,-2.0,-0.999,0.0,-3.0,2.017,0.653,1.499,-3.0,0.0,-1.0,0.0,2.826,5.284,-1.0,-1.0,0.0,-1.0,-1.0,-0.999,0.0,0.0,0.0,0.0,0.0,-1.0,0.0,0.0,-1.0,0.0,0.0,2.507,-1.0,0.0,0.0,-1.0,-2.0,-1.999,2.503,-2.0,-2.0,-2.0,1.586,-2.0,0.317,-1.355,-2.506,-3.419,-2.492,3.36,-1.497,-2.418,-1.514,2.994,7.873,-6.0,1.892,-2.285,-1.472,-3.43,1.326,9.289,-5.0,-4.0,1.502,-0.679,4.405,-5.0,0.558,-0.507,-3.47,0.489,-2.0,-4.0,2.673,-3.0,3.35,0.619,9.179,-2.0,0.0,0.0,0.0,0.0,0.0,0.0,0.0,0.0,0.0,0.0
BtcGF,BTCUSDc,196,5.533,16.599,2,0.5952,25.22,388,35.567,1,15,210,0.015,1.4,1.5,0.0,0.5,16385,1,12.412,0,1,0,0,0.75,5.205,4.722,-0.838,0.0,0.0,-0.563,6.632,-0.357,1.496,1.892,2.821,3.104,-1.503,-3.0,0.489,1.21,1.493,1.841,-2.497,0.591,1.578,-1.424,-0.929,-0.938,-1.488,1.501,0.479,-3.5,-2.53,-1.5,-0.505,1.75,-4.0,-1.505,-4.0,7.139,-2.0,-0.951,-2.0,-3.0,-4.0,-2.0,-0.999,0.0,5.276,5.904,-0.48,2.0,-3.0,0.0,-1.0,0.0,1.606,3.762,-1.0,-1.0,0.0,-1.0,1.615,-1.0,0.0,0.0,0.0,0.0,0.0,-1.0,0.0,0.0,-1.0,0.0,0.0,1.499,-1.0,0.0,0.0,1.505,-2.0,-0.506,1.498,-2.0,-2.0,0.508,3.03,0.833,9.22,-2.433,1.037,-3.003,10.415,6.13,-2.503,-3.47,-2.507,0.996,-2.0,-0.038,-2.999,-0.003,-2.496,-1.021,2.544,3.507,1.777,-2.507,3.13,0.133,1.847,-2.504,-0.929,1.788,-4.495,-2.514,-6.0,-1.528,3.634,-1.0,-2.181,0.576,5.035,1.995,0.0,0.0,0.0,0.0,0.0,0.0,0.0,0.0,0.0,0.0
BtcGF,BTCUSDc,201,6.254,12.508,3,0.4491,69.52,392,34.4388,1,15,150,0.015,2.0,1.5,0.0,0.5,16385,1,3.813,1,1,0,0,0.75,5.211,4.832,-0.836,0.0,0.0,-0.563,6.026,-3.0,1.496,1.518,2.847,-0.696,-1.504,-3.0,0.492,1.747,1.952,1.843,-2.497,0.594,1.801,-1.487,-0.721,-0.938,-0.605,1.404,-0.492,-3.5,-2.53,-1.5,-0.505,1.708,-4.0,-1.505,-4.0,8.111,-2.0,-0.821,-2.0,-3.0,-4.0,-2.0,-0.999,-1.0,5.4,5.904,-0.46,2.0,-3.0,0.0,-1.0,0.0,1.651,3.889,-1.0,-1.0,0.0,-1.0,1.829,-1.0,0.0,0.0,0.0,0.0,0.0,-1.0,0.0,0.0,-1.0,0.0,0.0,1.499,-1.0,0.0,0.0,1.505,-2.0,0.011,1.498,-2.0,-2.0,1.04,3.066,0.511,8.361,-2.318,1.066,-3.26,10.008,6.024,-2.503,-3.458,-2.507,0.996,-2.0,4.695,-0.043,0.29,-2.488,-0.05,2.791,3.524,1.777,-3.507,1.397,0.807,2.551,-2.504,-0.886,1.789,-4.495,-2.508,-6.0,-1.506,0.424,-1.0,-5.0,0.677,5.143,1.995,0.0,0.0,0.0,0.0,0.0,0.0,0.0,0.0,0.0,0.0
BtcGF,BTCUSDc,25,53.138,79.707,4,3.2308,58.85,346,31.2139,1,15,210,0.015,1.1,2.0,0.0,0.5,16385,1,32.799,6,1,0,0,0.0,10.155,4.142,-4.999,0.0,0.0,27.579,7.384,-3.0,2.004,-0.979,0.098,-2.0,-0.715,-3.0,-0.987,6.362,2.689,-2.0,-1.987,-5.999,2.111,-0.845,2.145,-1.981,-0.983,2.556,-2.999,-3.001,-1.969,-0.974,-3.0,49.029,-5.0,-1.007,-5.0,2.246,-2.0,1.089,-2.0,-3.0,-4.0,-2.0,-0.999,0.0,2.563,4.003,0.078,3.018,-3.0,0.0,-1.0,0.0,2.213,5.476,-1.0,-1.0,0.0,-1.0,2.088,0.0,-1.0,0.0,0.0,0.0,0.0,-1.0,0.0,0.0,-1.0,0.0,0.0,1.999,-1.0,0.0,0.0,-1.0,-2.0,-2.0,1.997,-1.0,-2.0,1.025,4.07,1.698,4.065,-0.908,3.051,-1.945,3.049,-0.821,-1.003,4.163,-2.011,1.996,-2.002,-5.0,-3.0,3.451,-1.984,0.487,6.836,5.053,-3.0,-4.0,1.03,1.232,2.611,-5.0,0.027,2.002,-2.98,-1.004,-2.0,-4.0,1.995,1.029,2.628,-0.942,9.168,3.041,0.0,0.0,0.0,0.0,0.0,0.0,0.0,0.0,0.0,0.0
BtcGF,BTCUSDc,182,4.8345,9.669,3,0.4275,21.46,423,47.9905,1,15,270,0.015,1.1,1.0,0.0,0.5,16385,1,7.594,0,1,0,0,0.75,2.882,3.523,-2.497,0.0,-0.999,1.541,3.054,0.506,0.997,-0.367,0.739,-0.259,-2.003,-1.004,-0.008,2.061,0.021,0.12,-2.006,-1.847,-0.017,-0.001,1.334,-2.488,1.576,0.223,1.756,-4.0,-2.742,0.457,0.995,0.718,2.193,-2.004,-2.13,-0.304,-1.014,-0.999,-2.0,-2.999,-4.0,0.011,1.63,2.738,2.714,3.453,-1.003,1.0,-3.0,0.0,-1.0,0.0,1.048,1.993,1.003,-1.0,0.0,2.582,1.031,1.657,0.0,0.0,0.0,0.0,0.0,-1.0,0.0,0.0,-1.0,0.0,0.0,0.999,-1.0,0.0,0.0,0.999,0.003,0.545,0.998,-0.013,-2.0,0.003,1.991,-0.004,5.48,-0.625,-0.995,-1.655,3.575,2.323,-0.115,0.517,-0.528,1.994,-0.997,-0.664,-0.694,0.36,-2.008,-1.2,0.133,1.981,2.562,-0.007,0.689,5.213,-0.002,-3.003,-1.988,-0.008,-4.998,1.97,-4.953,-3.051,3.956,0.016,-2.003,0.014,2.997,0.997,0.0,0.0,0.0,0.0,0.0,0.0,0.0,0.0,0.0,0.0
BtcGF,BTCUSDc,179,66.3287,198.986,2,2.8727,110.98,369,15.7182,1,15,270,0.015,2.0,3.0,0.0,0.5,16385,1,-21.85,12,1,0,0,0.5,7.664,1.247,-5.0,0.0,0.0,-3.999,7.296,-3.0,-1.0,2.126,-2.0,-5.0,0.112,-3.0,-3.0,-1.999,0.039,0.371,-6.0,-6.0,-4.0,-3.999,0.012,12.57,0.383,1.621,-3.0,-1.99,-6.0,0.09,-3.0,-5.999,-3.999,-0.011,-4.0,-4.999,-2.0,6.106,-2.0,-3.0,-4.0,-2.0,-0.999,-1.0,11.337,23.804,6.005,1.999,-3.0,0.0,-1.0,0.0,28.297,6.532,-1.0,-1.0,0.0,-1.0,-1.0,-1.0,0.0,0.0,0.0,0.0,0.0,-1.0,0.0,0.0,-1.0,0.0,0.0,3.013,-1.0,0.0,0.0,-1.0,-2.0,-0.011,3.013,-2.0,-2.0,-2.0,3.385,-2.0,2.67,-0.052,-2.007,-1.552,-1.988,1.615,-1.978,-1.639,-1.016,3.993,4.897,-6.0,2.819,-6.0,-0.862,216.836,2.445,10.5,-5.0,-4.0,2.647,0.65,1.572,-5.0,-1.999,-4.0,-2.947,1.349,-7.0,-3.0,-0.928,-1.0,-5.0,-4.0,7.944,-2.0,0.0,0.0,0.0,0.0,0.0,0.0,0.0,0.0,0.0,0.0
BtcGF,BTCUSDc,143,9.587,19.174,3,0.6186,39.18,404,33.1683,1,15,270,0.015,2.0,1.5,0.0,0.5,16385,1,11.662,9,1,0,0,0.5,5.785,6.84,1.101,0.0,0.0,0.563,4.547,-3.0,1.496,4.227,-2.0,-5.0,-1.503,-3.0,-1.508,4.255,1.089,2.555,-3.497,-0.418,1.801,-0.089,-0.721,0.829,1.719,1.772,1.319,-3.5,-6.0,-1.5,-0.505,2.135,-0.999,-1.505,-4.0,5.093,-2.0,-0.821,-2.0,-3.0,-4.0,-2.0,-0.999,-1.0,6.744,6.862,-0.46,2.0,-3.0,0.0,-1.0,0.0,1.651,3.091,-1.0,-1.0,0.0,-1.0,1.829,-1.0,0.0,0.0,0.0,0.0,0.0,-1.0,0.0,0.0,-1.0,0.0,0.0,1.499,-1.0,0.0,0.0,1.505,-2.0,0.011,1.498,-2.0,-2.0,0.508,3.066,1.917,14.218,-2.319,1.45,-2.621,9.98,1.565,-2.502,-3.458,-2.508,0.996,-2.009,-5.0,0.174,4.499,-2.488,2.141,1.384,3.524,2.918,-1.507,5.173,0.485,1.73,-2.504,-0.886,2.431,-4.495,-2.508,-7.0,-1.479,0.749,-1.0,-5.0,0.677,5.087,1.995,0.0,0.0,0.0,0.0,0.0,0.0,0.0,0.0,0.0,0.0
BtcGF,BTCUSDc,21,4.8313,7.247,4,0.2319,222.38,394,34.7716,1,15,150,0.015,2.0,1.5,0.0,0.5,16385,1,-8.869,3,1,0,0,0.0,5.359,3.2,-0.401,0.0,0.0,-1.466,2.867,-3.0,1.496,4.109,-0.345,-2.437,-1.503,-3.0,-1.508,4.247,1.089,1.013,-2.497,-3.509,1.801,-1.487,-0.721,-2.488,-4.0,1.211,-0.492,-3.5,-0.346,-1.5,-0.505,-0.265,-4.0,-1.505,-4.0,17.304,-2.0,2.179,-2.999,-3.0,-4.0,-2.0,-0.999,-1.0,5.4,5.006,-0.46,2.0,-3.0,0.0,-1.0,0.0,1.651,3.018,-1.0,-1.0,0.0,-1.0,1.829,-0.999,0.0,0.0,0.0,0.0,0.0,-1.0,0.0,0.0,-1.0,0.0,0.0,1.499,-1.0,0.0,0.0,1.505,-2.0,0.011,1.498,-2.0,-2.0,1.04,3.066,0.511,15.686,0.201,2.233,-0.55,3.199,4.765,-1.503,-0.93,-2.508,0.996,-3.502,-5.0,-0.044,1.869,-2.488,-0.05,7.802,3.524,-3.5,-2.507,6.344,0.805,2.551,-2.504,-2.496,0.994,-3.494,-2.508,-6.0,-1.506,-0.424,-1.0,-5.0,0.677,5.143,1.995,0.0,0.0,0.0,0.0,0.0,0.0,0.0,0.0,0.0,0.0
BtcGF,BTCUSDc,177,159.5013,239.252,4,5.9495,90.03,369,16.8022,1,15,150,0.015,2.0,3.0,0.0,0.5,16385,1,23.859,14,1,0,0,0.5,5.779,1.247,-4.998,0.0,0.0,-4.0,4.156,-3.0,-1.0,2.126,-2.0,-5.0,0.112,-3.0,-3.0,-2.0,5.007,0.371,-5.0,-6.0,-4.0,-4.0,0.012,12.57,-4.0,1.722,1.157,-1.342,-6.0,0.359,-3.0,23.634,-5.0,-0.011,-4.0,-5.0,-2.0,6.106,-2.0,-3.0,-4.0,-2.0,-0.999,-1.0,-3.999,17.028,6.005,1.999,-3.0,0.0,-1.0,0.0,28.297,2.167,-1.0,-1.0,0.0,-1.0,-1.0,-1.0,0.0,0.0,0.0,0.0,0.0,-1.0,0.0,0.0,-1.0,0.0,0.0,3.013,-1.0,0.0,0.0,-1.0,-2.0,-0.011,3.013,-2.0,-2.0,-2.0,3.385,3.681,2.244,-0.052,-2.007,4.186,-0.988,9.436,-1.978,-1.639,-1.016,3.993,-1.979,-5.0,2.248,-6.0,-0.862,211.393,9.763,10.5,-5.0,-5.0,0.024,1.415,1.572,0.812,-1.999,10.585,-2.947,1.657,-7.0,-3.0,-1.024,-1.0,-5.0,-4.0,7.944,1.385,0.0,0.0,0.0,0.0,0.0,0.0,0.0,0.0,0.0,0.0
BtcGF,BTCUSDc,183,4.7835,9.567,3,0.377,21.7,422,47.8673,1,15,150,0.015,1.4,1.0,0.0,0.5,16385,1,7.491,0,1,0,0,0.75,2.882,3.523,-1.497,1.361,-0.999,3.645,3.055,0.506,0.997,-0.365,0.739,-0.257,-2.004,-1.004,-0.008,2.0,0.529,0.12,-3.003,-1.688,-0.017,-0.001,1.337,-2.488,1.805,0.108,1.478,-4.0,-2.742,0.457,0.995,0.633,0.062,-2.004,-2.13,-0.302,-1.014,-0.996,-2.0,-3.0,-4.0,0.016,1.63,2.939,2.019,3.453,-1.003,1.0,-3.0,0.0,-1.0,0.0,1.048,1.995,1.003,-1.0,0.0,2.393,1.051,1.657,0.0,0.0,0.0,0.0,0.0,-1.0,0.0,0.0,-1.0,0.0,0.0,0.999,-1.0,0.0,0.0,0.999,0.003,0.485,0.998,-0.013,-2.0,0.238,1.992,-0.004,5.959,-0.625,-0.995,-1.655,3.575,2.323,-0.115,0.539,-0.528,1.994,-0.997,-0.664,-0.794,0.447,-2.008,-1.788,0.485,1.981,2.562,-1.007,-0.472,5.385,0.0,-3.003,-1.988,-0.008,-4.998,1.986,-4.909,-3.051,4.224,0.046,-2.003,0.034,3.027,0.997,0.0,0.0,0.0,0.0,0.0,0.0,0.0,0.0,0.0,0.0
BtcGF,BTCUSDc,222,5.928,11.856,3,0.3037,154.49,361,21.8837,1,15,150,0.015,1.7,2.5,0.0,0.5,16385,1,-6.46,13,1,0,0,0.75,3.817,7.721,-5.0,0.0,0.0,-3.999,2.871,-2.999,5.821,1.575,4.603,-5.0,-0.454,-3.0,-1.0,1.81,4.945,-0.361,-1.464,-6.0,-3.0,-5.0,5.751,2.878,1.22,6.434,0.59,-2.501,-5.0,-0.25,-3.0,4.883,-4.0,-0.509,-4.0,-3.997,-2.0,-0.015,-2.0,-3.0,-4.0,-2.0,-0.999,-1.0,1.432,8.259,1.291,1.499,-3.0,0.0,-1.0,0.0,3.617,1.585,-1.0,-1.0,0.0,-1.0,-1.0,-1.0,0.0,0.0,0.0,0.0,0.0,-1.0,0.0,0.0,-1.0,0.0,0.0,2.507,-1.0,0.0,0.0,-1.0,-2.0,-0.509,2.503,-2.0,-2.0,-2.0,1.974,1.872,1.355,-1.937,3.843,1.535,3.866,2.279,-1.491,-2.322,-1.513,2.994,-2.0,-5.0,1.447,4.023,-1.43,14.316,5.131,11.064,-4.0,-6.0,-0.481,0.037,0.09,-0.64,0.726,-0.508,-3.46,0.786,-6.0,-3.0,8.393,-1.0,-4.999,1.383,9.374,0.594,0.0,0.0,0.0,0.0,0.0,0.0,0.0,0.0,0.0,0.0
BtcGF,BTCUSDc,131,3.5667,5.35,4,0.2227,56.84,432,46.0648,1,15,270,0.015,2.0,1.0,0.0,0.5,16385,1,2.309,0,1,0,0,0.5,2.801,4.112,-1.945,0.0,-0.992,2.195,1.34,-2.005,0.997,0.32,-2.0,-2.942,-2.003,-1.004,-0.008,2.067,0.034,0.228,-2.006,-1.847,-0.015,-0.001,1.64,-1.948,1.8,0.223,2.559,-4.0,-5.005,0.888,0.995,1.641,2.246,-2.004,-1.05,1.458,-1.014,-0.994,-2.0,-3.0,-4.0,0.033,2.295,3.521,3.161,3.936,-1.003,1.0,-3.0,0.0,-1.0,0.0,1.063,1.998,1.003,-1.0,0.0,2.597,1.121,2.365,0.0,0.0,0.0,0.0,0.0,-1.0,0.0,0.0,-1.0,0.0,0.0,0.999,-1.0,0.0,0.0,0.999,0.003,-1.005,0.998,-0.013,-2.0,0.003,1.992,-0.004,5.981,0.027,-0.992,-1.006,4.197,-0.017,1.036,1.091,-0.06,1.994,-2.002,-5.0,-0.693,0.416,-2.008,-0.274,0.133,1.981,3.14,-0.007,1.289,6.349,0.009,-3.003,-1.987,-0.008,-4.998,1.97,-3.655,-2.044,-1.44,0.032,-2.003,0.081,3.001,0.997,0.0,0.0,0.0,0.0,0.0,0.0,0.0,0.0,0.0,0.0
BtcGF,BTCUSDc,43,38.1235,76.247,3,2.4805,107.43,349,22.3496,1,15,210,0.015,1.7,2.5,0.0,0.5,16385,1,-5.666,9,1,0,0,0.0,7.852,4.19,-4.999,0.0,0.0,-4.0,2.695,-3.0,2.513,-0.424,5.637,-4.0,-4.0,-3.0,-3.0,0.979,4.082,-2.0,-1.464,-6.0,-3.0,-5.0,5.751,-1.463,-0.477,3.799,-2.999,-2.501,-1.412,-0.456,-3.0,77.913,-5.0,-0.509,-4.999,0.033,-2.0,2.985,-2.0,-3.0,-4.0,-2.0,-0.999,-1.0,5.941,5.538,1.291,1.499,-3.0,0.0,-1.0,0.0,3.617,7.265,-1.0,-1.0,0.0,-1.0,-1.0,-0.999,0.0,0.0,0.0,0.0,0.0,-1.0,0.0,0.0,-1.0,0.0,0.0,2.507,-1.0,0.0,0.0,-1.0,-2.0,-0.508,2.503,-1.0,-2.0,-2.0,1.974,2.864,1.579,0.062,5.015,-2.195,2.094,-0.196,-0.491,2.575,-1.514,2.994,-0.741,-5.0,-3.0,8.418,-1.43,16.948,7.09,11.064,-4.999,-4.0,2.056,-1.135,0.09,-5.0,0.726,-0.508,-2.46,0.647,-6.0,-3.0,2.582,-1.0,-5.0,1.383,9.374,-2.0,0.0,0.0,0.0,0.0,0.0,0.0,0.0,0.0,0.0,0.0
BtcGF,BTCUSDc,111,-11.549,-23.098,3,-0.3687,0.0,358,17.8771,1,15,150,0.015,1.4,3.0,0.0,0.5,16385,1,-41.039,6,1,0,0,0.25,5.779,1.112,-4.0,-0.998,0.0,-4.0,3.142,-2.0,-1.0,2.078,-1.0,-2.0,9.439,-3.0,-2.0,-1.999,12.31,0.155,-5.0,-5.999,-3.0,-4.999,1.012,-0.554,-4.0,1.456,1.098,-1.342,-6.0,0.336,-3.0,-1.779,-5.0,-0.011,-5.0,-1.658,-2.0,-0.202,-2.0,-3.0,-4.0,-2.0,-0.999,0.0,1.691,3.051,1.555,1.999,-3.0,0.0,-1.0,0.0,4.274,2.088,-1.0,-1.0,0.0,-1.0,-0.999,-1.0,0.0,0.0,0.0,0.0,0.0,-1.0,0.0,0.0,-1.0,0.0,0.0,3.013,-1.0,0.0,0.0,-1.0,-2.0,0.989,3.012,-2.0,-2.0,-2.0,2.349,2.329,1.111,-0.581,-2.007,3.046,-0.987,14.217,2.184,-1.825,-1.016,3.993,-1.979,-5.0,2.214,-4.999,-0.941,3.853,15.941,7.538,-5.0,-5.0,0.024,0.868,0.404,0.163,-2.0,-3.999,-2.961,1.496,-6.0,-3.0,-0.788,-1.0,-3.0,-1.0,12.08,1.125,0.0,0.0,0.0,0.0,0.0,0.0,0.0,0.0,0.0,0.0
BtcGF,BTCUSDc,90,9.511,19.022,3,0.4092,113.53,385,25.974,1,15,150,0.015,1.7,2.0,0.0,0.5,16385,1,-2.574,10,1,0,0,0.25,7.86,24.18,-5.0,0.0,0.0,-4.0,0.589,-2.999,8.599,5.873,-2.0,-5.0,-0.983,-3.0,-0.945,8.314,9.25,-0.932,-1.98,-6.0,3.42,-0.906,2.861,-2.957,-4.0,7.741,0.051,-3.001,-6.0,-0.821,-3.0,0.599,-5.0,-1.007,-5.0,0.29,-2.0,-1.195,-2.0,-3.0,-4.0,-2.0,-0.999,-1.0,-0.764,4.003,0.244,3.018,-3.0,0.0,-1.0,0.0,2.527,1.054,-1.0,-1.0,0.0,-1.0,2.351,-1.0,0.0,0.0,0.0,0.0,0.0,-1.0,0.0,0.0,-1.0,0.0,0.0,1.999,-1.0,0.0,0.0,-1.0,-2.0,-1.008,1.997,-2.0,-2.0,1.915,4.291,1.044,-0.396,-1.701,4.065,-2.266,7.036,1.091,-2.003,-2.895,-2.011,1.996,-3.002,-5.0,0.7,8.751,-1.96,1.093,10.646,5.128,11.704,-5.0,-0.987,2.157,-0.648,-1.637,0.091,-1.005,-3.973,-0.985,-7.0,-3.0,0.87,-1.0,-4.999,-0.796,9.363,3.022,0.0,0.0,0.0,0.0,0.0,0.0,0.0,0.0,0.0,0.0
BtcGF,BTCUSDc,190,2.2825,4.565,3,0.1777,45.63,423,47.2813,1,15,210,0.015,2.0,1.0,0.0,0.5,16385,1,2.482,0,1,0,0,0.75,2.882,3.532,-2.497,0.0,-0.992,1.545,3.062,0.506,0.997,-0.363,0.739,-0.233,-2.003,-1.004,-0.008,2.006,0.286,0.12,-3.003,-1.688,-0.015,-0.001,1.339,-2.488,1.33,0.159,1.756,-4.0,-2.742,0.457,0.995,0.657,0.007,-2.004,-2.087,-0.287,-1.014,-0.994,-2.0,-3.0,-4.0,0.033,1.63,2.88,2.728,3.453,-1.003,1.0,-3.0,0.0,-1.0,0.0,1.063,1.998,1.003,-1.0,0.0,2.555,1.121,1.657,0.0,0.0,0.0,0.0,0.0,-1.0,0.0,0.0,-1.0,0.0,0.0,0.999,-1.0,0.0,0.0,0.999,0.003,-1.004,0.998,-0.013,-2.0,0.003,1.992,-0.004,5.48,-0.625,-0.992,-1.655,3.575,2.361,-0.115,0.522,-0.528,1.994,-0.997,-0.594,-2.999,0.472,-2.008,-0.915,0.485,1.981,2.562,-0.007,0.561,5.081,0.009,-3.003,-1.987,-0.007,-4.998,1.97,-4.659,-3.051,4.501,0.032,-2.003,0.081,3.001,0.997,0.0,0.0,0.0,0.0,0.0,0.0,0.0,0.0,0.0,0.0
BtcGF,BTCUSDc,125,2.82,5.64,3,0.2333,53.92,431,46.1717,1,15,270,0.015,1.4,1.0,0.0,0.5,16385,1,2.599,0,1,0,0,0.5,2.801,4.103,-1.945,0.0,-0.999,2.191,1.34,-2.005,0.997,0.318,-2.0,-2.966,-2.003,-1.004,-0.008,2.061,0.026,0.228,-2.006,-1.847,-0.017,-0.001,1.638,-1.948,1.8,0.223,2.559,-4.0,-5.005,0.888,0.995,1.641,2.194,-2.004,-1.072,1.442,-1.014,-0.996,-2.0,-3.0,-4.0,0.016,2.295,3.505,3.151,3.936,-1.003,1.0,-3.0,0.0,-1.0,0.0,1.048,1.995,1.003,-1.0,0.0,2.597,1.051,2.365,0.0,0.0,0.0,0.0,0.0,-1.0,0.0,0.0,-1.0,0.0,0.0,0.999,-1.0,0.0,0.0,0.999,0.003,0.652,0.998,-0.013,-2.0,0.003,1.992,-0.004,5.981,0.027,-0.995,-1.006,4.197,-0.017,1.036,1.086,-0.06,1.994,-2.002,-5.0,-0.694,0.371,-2.008,-0.524,0.133,1.981,3.14,-0.007,1.289,6.326,-0.0,-3.003,-1.988,-0.008,-4.998,1.97,-3.905,-2.044,-1.866,0.016,-2.003,0.034,2.997,0.997,0.0,0.0,0.0,0.0,0.0,0.0,0.0,0.0,0.0,0.0
BtcGF,BTCUSDc,136,3.361,10.083,2,0.2865,74.1,397,33.2494,1,15,210,0.015,1.4,1.5,0.0,0.5,16385,1,2.612,7,1,0,0,0.5,5.779,6.73,1.101,0.0,0.0,0.563,4.004,-0.357,1.496,3.543,-2.0,-1.2,-1.503,-3.0,-1.511,3.71,1.493,2.553,-2.497,-3.51,1.578,-1.424,-0.929,0.829,-1.488,1.642,1.319,-3.5,-6.0,-1.5,-0.505,4.69,-5.0,-1.505,-4.0,5.01,-2.0,-0.951,-2.0,-3.0,-4.0,-2.0,-0.999,0.0,6.001,6.862,-0.48,2.0,-3.0,0.0,-1.0,0.0,1.606,3.762,-1.0,-1.0,0.0,-1.0,1.615,-1.0,0.0,0.0,0.0,0.0,0.0,-1.0,0.0,0.0,-1.0,0.0,0.0,1.499,-1.0,0.0,0.0,1.505,-2.0,-0.506,1.498,-2.0,-2.0,0.508,3.03,0.833,13.552,-2.434,1.421,-2.621,9.967,2.321,-2.502,-3.47,-2.508,0.996,-3.502,-5.0,-3.0,0.776,-2.496,-0.641,3.369,3.507,2.349,-1.507,3.926,0.133,1.847,-2.504,-0.929,2.431,-4.495,-2.514,-6.0,-1.528,4.32,-1.0,-2.181,0.576,5.035,1.995,0.0,0.0,0.0,0.0,0.0,0.0,0.0,0.0,0.0,0.0
BtcGF,BTCUSDc,117,94.8495,189.699,3,2.6385,113.54,374,16.0428,1,15,150,0.015,2.0,3.0,0.0,0.5,16385,1,-25.694,10,1,0,0,0.25,5.779,1.247,-4.998,0.0,0.0,-4.0,3.156,-3.0,-1.0,2.126,-2.0,-5.0,0.112,-3.0,-3.0,-2.0,12.311,0.371,-5.0,-6.0,-4.0,-4.0,0.012,-5.0,-4.0,1.722,1.157,-1.342,-6.0,0.359,-3.0,-1.315,-5.0,-0.011,-5.0,-0.665,-2.0,6.106,-2.0,-3.0,-4.0,-2.0,-0.999,-1.0,-3.999,3.063,6.005,1.999,-3.0,0.0,-1.0,0.0,28.297,2.167,-1.0,-1.0,0.0,-1.0,-1.0,-1.0,0.0,0.0,0.0,0.0,0.0,-1.0,0.0,0.0,-1.0,0.0,0.0,3.013,-1.0,0.0,0.0,-1.0,-2.0,-0.011,3.013,-2.0,-2.0,-2.0,3.385,3.681,1.244,0.947,-2.007,4.186,-0.987,15.027,-1.979,-1.639,-1.016,3.993,-1.979,-5.0,2.248,-5.998,-0.862,211.393,16.047,10.5,-5.0,-5.0,0.024,1.415,1.572,0.812,-1.999,-4.0,-2.947,1.657,-7.0,-3.0,-1.023,-1.0,-5.0,-4.0,7.944,1.385,0.0,0.0,0.0,0.0,0.0,0.0,0.0,0.0,0.0,0.0
BtcGF,BTCUSDc,115,-11.4397,-34.319,2,-0.419,0.0,371,16.1725,1,15,210,0.015,1.7,3.0,0.0,0.5,16385,1,-74.48,9,1,0,0,0.25,10.561,1.175,-5.0,0.0,0.0,-4.0,3.87,-2.999,-1.0,2.111,-2.0,-5.0,0.076,-3.0,-3.0,-2.0,6.012,0.249,-5.0,-6.0,-3.0,-5.0,0.012,-4.999,0.029,1.171,-3.0,-1.99,-6.0,0.078,-3.0,-1.005,-5.0,-0.011,-5.0,-1.052,-2.0,1.536,-2.0,-3.0,-4.0,-2.0,-0.999,-1.0,8.652,3.051,2.816,1.999,-3.0,0.0,-1.0,0.0,8.916,9.026,-1.0,-1.0,0.0,-1.0,-1.0,-0.999,0.0,0.0,0.0,0.0,0.0,-1.0,0.0,0.0,-1.0,0.0,0.0,3.013,-1.0,0.0,0.0,-1.0,-2.0,-0.01,3.013,-2.0,-2.0,-2.0,2.702,4.13,-0.791,-0.034,-2.007,-2.29,-1.987,0.644,-1.979,-1.746,-1.016,3.993,-0.91,-5.0,-3.0,-5.998,-0.9,36.161,9.342,8.448,-5.0,-4.0,3.079,-0.41,0.829,-5.0,-2.0,3.639,-2.947,1.321,-7.0,-3.0,-1.507,-1.0,-5.0,-3.0,7.613,-2.0,0.0,0.0,0.0,0.0,0.0,0.0,0.0,0.0,0.0,0.0
BtcGF,BTCUSDc,191,4.927,9.854,3,0.4394,21.14,424,47.8774,1,15,270,0.015,2.0,1.0,0.0,0.5,16385,1,7.771,0,1,0,0,0.75,2.882,3.532,-2.497,0.0,-0.992,1.545,3.062,0.506,0.997,-0.363,0.739,-0.233,-2.003,-1.004,-0.008,2.067,0.034,0.12,-2.006,-1.847,-0.015,-0.001,1.339,-2.488,1.576,0.223,1.756,-4.0,-2.742,0.457,0.995,0.718,2.246,-2.004,-2.087,-0.287,-1.014,-0.994,-2.0,-2.999,-4.0,0.033,1.63,2.754,2.718,3.453,-1.003,1.0,-3.0,0.0,-1.0,0.0,1.063,1.998,1.003,-1.0,0.0,2.582,1.121,1.657,0.0,0.0,0.0,0.0,0.0,-1.0,0.0,0.0,-1.0,0.0,0.0,0.999,-1.0,0.0,0.0,0.999,0.003,-1.005,0.998,-0.013,-2.0,0.003,1.992,-0.004,5.48,-0.625,-0.992,-1.655,3.575,2.323,-0.115,0.522,-0.528,1.994,-0.997,-0.594,-0.692,0.413,-2.008,-0.915,0.133,1.981,2.562,-0.007,0.689,5.236,0.009,-3.003,-1.987,-0.007,-4.998,1.97,-4.659,-3.051,4.501,0.032,-2.003,0.081,3.001,0.997,0.0,0.0,0.0,0.0,0.0,0.0,0.0,0.0,0.0,0.0
BtcGF,BTCUSDc,19,-3.185,-9.555,2,-0.2188,0.0,388,35.3093,1,15,210,0.015,1.7,1.5,0.0,0.5,16385,1,-21.583,2,1,0,0,0.0,6.437,3.138,-2.494,0.0,0.0,-1.476,7.323,-3.0,1.496,-1.472,-0.404,-2.453,-1.504,-3.0,-1.511,3.83,1.507,-0.496,-2.497,-3.51,1.657,-1.424,-0.859,-2.49,-1.488,1.308,-0.492,-3.5,-0.989,-1.5,-0.505,2.364,-5.0,-1.505,-4.999,1.699,-2.0,2.098,-2.0,-3.0,-4.0,-2.0,-0.999,-1.0,6.947,5.006,-0.474,2.0,-3.0,0.0,-1.0,0.0,1.628,3.762,-1.0,-1.0,0.0,-1.0,1.72,-0.999,0.0,0.0,0.0,0.0,0.0,-1.0,0.0,0.0,-1.0,0.0,0.0,1.499,-1.0,0.0,0.0,1.505,-2.0,-1.505,1.498,0.49,-2.0,0.508,3.044,0.833,2.556,0.13,1.548,9.633,5.668,4.856,-1.503,1.578,-2.508,0.996,-2.502,-5.0,-3.0,1.72,-2.491,-0.069,4.116,3.516,-3.499,-1.507,5.373,0.148,1.904,-2.504,-2.497,0.994,-3.495,-2.508,-6.0,-1.514,-1.496,-1.0,-1.605,0.609,5.051,1.995,0.0,0.0,0.0,0.0,0.0,0.0,0.0,0.0,0.0,0.0
BtcGF,BTCUSDc,105,50.0345,100.069,3,1.9953,92.0,378,19.5767,1,15,150,0.015,2.0,2.5,0.0,0.5,16385,1,8.008,13,1,0,0,0.25,4.304,31.254,-4.998,0.0,0.0,-4.0,1.88,-3.0,14.078,1.582,8.802,-5.0,-0.43,-3.0,-3.0,1.818,12.747,-0.308,-1.464,-6.0,-4.0,-4.0,12.007,-2.409,-4.0,13.433,0.609,-2.501,-6.0,-0.247,-3.0,-2.254,-5.0,-0.509,-5.0,-2.132,-2.0,2.395,-2.0,-3.0,-4.0,-2.0,-0.999,-1.0,-3.999,2.021,2.418,1.499,-3.0,0.0,-1.0,0.0,5.034,1.621,-1.0,-1.0,0.0,-1.0,-1.0,-1.0,0.0,0.0,0.0,0.0,0.0,-1.0,0.0,0.0,-1.0,0.0,0.0,2.507,-1.0,0.0,0.0,-1.0,-2.0,-0.509,2.503,-2.0,-2.0,-2.0,2.428,2.253,0.388,-0.464,4.36,1.758,10.214,2.429,-1.491,-2.246,-1.514,2.994,-2.486,-5.0,1.455,-5.998,-1.403,88.061,12.352,6.666,-5.0,-5.0,-0.481,0.207,0.606,-0.455,0.847,-0.507,-3.46,0.814,-7.0,-3.0,-2.184,-1.0,-5.0,-4.0,9.516,0.657,0.0,0.0,0.0,0.0,0.0,0.0,0.0,0.0,0.0,0.0
BtcGF,BTCUSDc,184,2.239,4.478,3,0.1735,46.36,422,47.3934,1,15,210,0.015,1.4,1.0,0.0,0.5,16385,1,2.402,0,1,0,0,0.75,2.882,3.523,-2.497,0.0,-0.999,1.541,3.055,0.506,0.997,-0.365,0.739,-0.257,-2.003,-1.004,-0.008,2.0,0.278,0.12,-3.003,-1.688,-0.017,-0.001,1.337,-2.488,1.33,0.159,1.756,-4.0,-2.742,0.457,0.995,0.657,0.007,-2.004,-2.13,-0.302,-1.014,-0.996,-2.0,-3.0,-4.0,0.016,1.63,2.864,2.724,3.453,-1.003,1.0,-3.0,0.0,-1.0,0.0,1.048,1.995,1.003,-1.0,0.0,2.555,1.051,1.657,0.0,0.0,0.0,0.0,0.0,-1.0,0.0,0.0,-1.0,0.0,0.0,0.999,-1.0,0.0,0.0,0.999,0.003,0.502,0.998,-0.013,-2.0,0.003,1.992,-0.004,5.48,-0.625,-0.995,-1.655,3.575,2.361,-0.115,0.517,-0.528,1.994,-0.997,-0.664,-2.999,0.428,-2.008,-1.307,0.485,1.981,2.562,-0.007,0.561,5.058,-0.0,-3.003,-1.988,-0.008,-4.998,1.97,-4.909,-3.051,4.029,0.016,-2.003,0.034,2.997,0.997,0.0,0.0,0.0,0.0,0.0,0.0,0.0,0.0,0.0,0.0
BtcGF,BTCUSDc,16,17.6885,35.377,3,0.8905,107.58,385,36.3636,1,15,210,0.015,1.4,1.5,0.0,0.5,16385,1,-2.681,3,1,0,0,0.0,6.434,3.09,-2.494,0.0,0.0,-1.476,7.173,-3.0,1.496,-1.478,-0.452,1.336,-1.504,-3.0,-1.511,3.71,1.493,-0.496,-2.497,-3.51,1.578,-1.424,-0.929,-2.49,-1.488,1.308,-0.492,-3.5,-0.989,-1.5,-0.505,2.291,-5.0,-1.505,-5.0,1.299,-2.0,2.049,-2.0,-3.0,-4.0,-2.0,-0.999,0.0,6.224,5.006,-0.48,2.0,-3.0,0.0,-1.0,0.0,1.606,3.762,-1.0,-1.0,0.0,-1.0,1.615,0.0,-1.0,0.0,0.0,0.0,0.0,-1.0,0.0,0.0,-1.0,0.0,0.0,1.499,-1.0,0.0,0.0,1.505,-2.0,-0.506,1.498,0.49,-2.0,0.508,3.03,0.833,2.546,0.08,1.533,9.564,5.599,4.849,-1.503,1.562,-2.508,0.996,-2.502,-5.0,-3.0,1.6,-2.496,-0.641,4.116,3.507,-3.499,-1.507,5.368,0.133,1.847,-2.504,-2.497,40.052,-3.495,-2.514,-6.0,-1.528,2.186,-1.0,-2.181,0.576,5.035,1.995,0.0,0.0,0.0,0.0,0.0,0.0,0.0,0.0,0.0,0.0
BtcGF,BTCUSDc,198,2.059,6.177,2,0.2124,76.27,391,34.5269,1,15,150,0.015,1.7,1.5,0.0,0.5,16385,1,1.466,0,1,0,0,0.75,5.208,4.77,-0.838,0.0,0.0,-0.563,6.018,-2.999,1.496,1.496,2.821,-0.696,-1.504,-3.0,0.489,1.559,1.938,1.843,-2.497,0.591,1.657,-1.49,-0.859,-0.938,-0.605,1.4,-0.492,-3.5,-2.53,-1.5,-0.505,1.641,-4.0,-1.505,-4.0,7.186,-2.0,-0.902,-2.0,-3.0,-4.0,-2.0,-0.999,-1.0,4.855,5.904,-0.474,2.0,-3.0,0.0,-1.0,0.0,1.628,3.883,-1.0,-1.0,0.0,-1.0,1.72,-1.0,0.0,0.0,0.0,0.0,0.0,-1.0,0.0,0.0,-1.0,0.0,0.0,1.499,-1.0,0.0,0.0,1.505,-2.0,-1.506,1.498,-2.0,-2.0,1.04,3.044,0.511,8.352,-2.383,1.052,-3.26,9.991,6.024,-2.503,-3.466,-2.507,0.996,-2.0,0.711,-0.047,0.149,-2.491,-1.401,2.791,3.516,1.777,-3.507,1.384,0.757,2.462,-2.504,-0.906,1.788,-4.495,-2.508,-6.0,-1.514,0.376,-1.0,-1.466,0.609,5.107,1.995,0.0,0.0,0.0,0.0,0.0,0.0,0.0,0.0,0.0,0.0
BtcGF,BTCUSDc,215,44.3427,66.514,4,3.3372,65.27,374,27.2727,1,15,270,0.015,2.0,2.0,0.0,0.5,16385,1,23.103,10,1,0,0,0.75,7.553,8.024,-4.999,0.0,0.0,1.503,2.677,-3.0,3.593,5.282,-2.0,0.902,-0.974,-3.0,1.094,8.166,2.176,-0.908,-2.98,-1.846,2.366,1.091,4.267,0.97,-0.766,4.02,-2.999,-3.001,-5.0,-0.966,-3.0,1.036,0.006,-1.007,-4.0,48.067,-2.0,0.045,-2.0,-2.999,-4.0,-2.0,-0.999,-1.0,1.416,4.004,0.493,3.022,-3.0,0.0,-1.0,0.0,3.025,4.237,-1.0,-1.0,0.0,-1.0,2.538,-1.0,0.0,0.0,0.0,0.0,0.0,-1.0,0.0,0.0,-1.0,0.0,0.0,1.999,-1.0,0.0,0.0,-1.0,-2.0,1.076,1.997,-2.0,-2.0,1.131,4.531,2.96,0.244,-2.493,4.05,-5.999,3.85,2.253,-2.003,-2.853,-2.01,1.996,-2.0,-5.0,1.043,-1.324,-1.945,8.591,2.718,5.201,5.146,-5.0,0.379,1.793,2.815,-5.0,0.129,4.408,-3.973,-0.982,-6.0,-3.0,6.787,-1.0,-5.0,-0.661,9.513,0.018,0.0,0.0,0.0,0.0,0.0,0.0,0.0,0.0,0.0,0.0
BtcGF,BTCUSDc,199,2.7353,8.206,2,0.2863,58.59,391,34.5269,1,15,210,0.015,1.7,1.5,0.0,0.5,16385,1,3.398,0,1,0,0,0.75,5.208,4.77,-0.838,0.0,0.0,-0.563,6.636,-2.999,1.496,1.898,2.821,-0.696,-1.503,-3.0,0.489,1.33,1.507,1.843,-2.497,0.591,1.657,-1.424,-0.859,-0.938,-1.488,1.501,0.479,-3.5,-2.53,-1.5,-0.505,1.808,-4.0,-1.505,-4.0,7.186,-2.0,-0.902,-2.0,-3.0,-4.0,-2.0,-0.999,-1.0,5.974,5.904,-0.474,2.0,-3.0,0.0,-1.0,0.0,1.628,3.762,-1.0,-1.0,0.0,-1.0,1.72,-1.0,0.0,0.0,0.0,0.0,0.0,-1.0,0.0,0.0,-1.0,0.0,0.0,1.499,-1.0,0.0,0.0,1.505,-2.0,-1.505,1.498,-2.0,-2.0,0.508,3.044,0.833,9.22,-2.383,1.052,-3.003,10.421,6.13,-2.503,-3.465,-2.507,0.996,-2.0,0.808,-2.999,0.097,-2.491,-0.467,2.55,3.516,1.777,-2.507,3.135,0.148,1.904,-2.504,-0.906,1.788,-4.495,-2.508,-6.0,-1.514,-0.004,-1.0,-1.605,0.609,5.051,1.995,0.0,0.0,0.0,0.0,0.0,0.0,0.0,0.0,0.0,0.0
BtcGF,BTCUSDc,57,92.762,185.524,3,2.5497,116.1,353,16.7139,1,15,150,0.015,2.0,3.0,0.0,0.5,16385,1,-29.869,8,1,0,0,0.0,5.779,1.247,-4.998,0.0,0.0,-4.0,3.156,-3.0,-1.0,2.126,-2.0,-4.0,-3.999,-3.0,-3.0,-2.0,0.55,1.371,-5.0,-5.999,-4.0,-4.0,0.012,0.063,-4.0,1.723,1.157,-1.342,0.274,0.359,-3.0,-0.315,-4.0,-0.011,-4.0,-3.998,-2.0,9.106,-2.999,-3.0,-4.0,-2.0,-0.999,-1.0,-3.999,3.065,6.005,1.999,-3.0,0.0,-1.0,0.0,28.297,2.167,-1.0,-1.0,0.0,-1.0,-1.0,-0.999,0.0,0.0,0.0,0.0,0.0,-1.0,0.0,0.0,-1.0,0.0,0.0,3.013,-1.0,0.0,0.0,-1.0,-2.0,-0.011,3.013,-2.0,-2.0,-2.0,3.385,3.681,2.245,0.947,-1.007,5.186,-1.988,0.684,0.021,-2.639,-1.016,3.993,-0.979,-6.0,2.248,-2.0,-1.862,211.393,19.077,10.5,-5.0,-5.0,0.024,1.415,1.572,0.812,-1.999,-3.999,-1.946,1.657,-6.0,-3.0,-1.023,-1.0,-5.0,-4.0,7.944,1.385,0.0,0.0,0.0,0.0,0.0,0.0,0.0,0.0,0.0,0.0
BtcGF,BTCUSDc,17,15.6785,31.357,3,1.3281,83.51,379,37.7309,1,15,270,0.015,1.4,1.5,0.0,0.5,16385,1,5.172,2,1,0,0,0.0,2.001,3.09,-2.494,0.0,0.0,-1.476,5.443,-3.0,1.496,-1.478,-0.452,1.336,-0.504,-3.0,0.489,3.759,1.061,-0.496,-3.497,-0.449,1.578,-0.092,-0.929,-0.759,1.719,2.453,-0.492,-3.5,-0.989,-1.5,-0.505,-0.384,-0.178,1.097,-5.0,1.299,-2.0,2.049,-2.0,-3.0,-4.0,-2.0,-0.999,0.0,6.22,5.006,-0.48,2.0,-3.0,0.0,-1.0,0.0,1.606,3.085,-1.0,-1.0,0.0,-1.0,1.615,0.0,-1.0,0.0,0.0,0.0,0.0,-1.0,0.0,0.0,-1.0,0.0,0.0,1.499,-1.0,0.0,0.0,1.505,-2.0,-0.506,1.498,-2.0,-2.0,0.508,3.03,3.008,5.715,0.08,1.533,-0.974,5.599,2.574,-1.503,1.562,-2.508,0.996,-2.0,1.587,0.17,5.075,-2.496,-4.484,1.356,3.507,-0.964,-1.507,26.44,0.419,1.578,-2.504,-2.497,5.203,-3.495,-2.514,-6.0,-1.479,2.186,-1.0,-2.195,0.576,5.035,1.995,0.0,0.0,0.0,0.0,0.0,0.0,0.0,0.0,0.0,0.0
BtcGF,BTCUSDc,130,-2.119,-4.238,3,-0.1518,0.0,431,45.0116,1,15,210,0.015,2.0,1.0,0.0,0.5,16385,1,-7.279,0,1,0,0,0.5,2.801,4.112,-1.945,0.0,-0.992,2.195,1.092,-2.005,0.997,0.32,-2.0,-2.942,-2.003,-1.004,-0.008,2.006,0.286,0.228,-3.003,-1.399,-0.015,-0.001,1.64,-1.948,1.628,0.159,2.559,-4.0,-5.005,0.888,0.995,1.58,-0.993,-2.004,-1.05,1.458,-1.014,-0.994,-2.0,-3.0,-4.0,0.033,2.295,3.647,3.217,3.936,-1.003,1.0,-3.0,0.0,-1.0,0.0,1.063,1.998,1.003,-1.0,0.0,2.597,1.121,2.365,0.0,0.0,0.0,0.0,0.0,-1.0,0.0,0.0,-1.0,0.0,0.0,0.999,-1.0,0.0,0.0,0.999,0.003,-1.004,0.998,-0.013,-2.0,0.003,1.992,-0.004,5.981,0.027,-0.992,-1.006,4.197,0.021,1.036,1.091,-0.06,1.994,-2.998,-5.0,-3.0,-1.964,-2.008,-0.698,0.983,1.981,3.14,-0.007,1.034,6.194,0.009,-3.003,-1.987,-0.008,-4.998,1.97,-3.655,-2.044,-1.44,0.032,-2.003,0.081,3.001,0.997,0.0,0.0,0.0,0.0,0.0,0.0,0.0,0.0,0.0,0.0
BtcGF,BTCUSDc,211,11.416,22.832,3,0.9709,55.94,372,27.6882,1,15,210,0.015,1.7,2.0,0.0,0.5,16385,1,10.059,9,1,0,0,0.75,7.543,7.23,-4.999,0.0,0.0,1.503,2.677,-2.999,3.593,4.881,-2.0,0.902,-0.983,-3.0,1.055,4.816,2.751,-0.932,-1.98,0.539,3.42,-0.788,2.861,0.97,-0.983,3.848,-2.999,-3.001,-5.0,-0.966,-3.0,4.584,-4.0,-1.007,-4.0,17.43,-2.0,-1.195,-2.0,-3.0,-4.0,-2.0,-0.999,-1.0,1.395,4.004,0.244,3.018,-3.0,0.0,-1.0,0.0,2.527,5.506,-1.0,-1.0,0.0,-1.0,2.351,-1.0,0.0,0.0,0.0,0.0,0.0,-1.0,0.0,0.0,-1.0,0.0,0.0,1.999,-1.0,0.0,0.0,-1.0,-2.0,-1.007,1.997,-2.0,-2.0,1.083,4.291,1.708,-0.979,-2.7,4.024,-5.999,3.85,1.234,-2.003,-2.894,-2.01,1.996,-2.0,-5.0,-2.999,3.053,-1.96,2.49,4.679,5.128,4.139,-5.0,1.033,1.267,2.922,-5.0,0.091,4.407,-3.973,-0.985,-6.0,-3.0,6.521,-1.0,-5.0,-0.796,9.363,3.045,0.0,0.0,0.0,0.0,0.0,0.0,0.0,0.0,0.0,0.0
BtcGF,BTCUSDc,116,-17.0837,-51.251,2,-0.6805,0.0,374,16.5775,1,15,270,0.015,1.7,3.0,0.0,0.5,16385,1,-67.697,8,1,0,0,0.25,15.27,1.175,-5.0,0.0,0.0,-4.0,7.296,-2.999,-1.0,-0.889,-2.0,-5.0,1.076,-4.0,-3.0,-2.0,5.233,0.249,-6.0,-6.0,-3.0,-5.0,0.012,-4.999,0.383,1.446,-3.0,-1.99,-6.0,0.078,-3.0,-6.0,3.297,4.597,-5.0,-1.052,-2.0,1.536,-2.0,-3.0,-4.0,-2.0,-0.999,-1.0,8.763,3.051,2.816,1.999,-3.0,0.0,-1.0,0.0,8.916,6.457,-1.0,-1.0,0.0,-1.0,-1.0,-0.999,0.0,0.0,0.0,0.0,0.0,-1.0,0.0,0.0,-1.0,0.0,0.0,3.013,-1.0,0.0,0.0,-1.0,-2.0,4.953,3.013,-2.0,-2.0,-2.0,2.702,-2.0,1.533,-0.034,-2.007,-2.29,-1.987,1.549,-1.979,-1.746,-1.016,3.993,12.446,-6.0,2.797,-5.999,-0.9,-2.557,2.226,8.448,-5.0,-4.0,2.641,0.279,7.446,-5.0,-2.0,-3.999,-2.947,1.214,-7.0,-3.0,-1.379,-1.0,-5.0,-3.0,7.613,-2.0,0.0,0.0,0.0,0.0,0.0,0.0,0.0,0.0,0.0,0.0
BtcGF,BTCUSDc,234,2.7213,8.164,2,0.1518,451.7,356,17.6966,1,15,150,0.015,1.7,3.0,0.0,0.5,16385,1,-28.713,14,1,0,0,0.75,5.124,1.175,-5.0,0.0,0.0,-3.999,4.142,-2.999,-1.0,2.111,-2.0,-5.0,0.076,-3.0,-1.0,-2.0,2.573,0.249,-5.0,-6.0,-3.0,-5.0,0.012,5.787,2.142,1.548,1.128,-1.342,-5.0,0.347,-3.0,9.906,-4.0,-0.011,-4.0,-3.997,-2.0,1.536,-2.0,-3.0,-4.0,-2.0,-0.999,-1.0,3.076,13.449,2.816,1.999,-3.0,0.0,-1.0,0.0,8.916,2.118,-1.0,-1.0,0.0,-1.0,-1.0,-1.0,0.0,0.0,0.0,0.0,0.0,-1.0,0.0,0.0,-1.0,0.0,0.0,3.013,-1.0,0.0,0.0,-1.0,-2.0,-0.011,3.013,-2.0,-2.0,-2.0,2.702,2.796,2.16,-1.033,-2.007,3.436,-0.988,7.083,-1.979,-1.747,-1.015,3.993,-2.0,-5.0,2.227,-6.0,-0.9,32.877,7.073,8.448,-4.0,-6.0,0.024,1.045,0.829,0.394,-2.0,5.885,-2.947,1.575,-6.0,-3.0,-1.507,-1.0,-4.999,-3.0,7.613,1.228,0.0,0.0,0.0,0.0,0.0,0.0,0.0,0.0,0.0,0.0
BtcGF,BTCUSDc,76,-7.6195,-15.239,3,-0.2619,0.0,399,30.5764,1,15,210,0.015,1.4,1.5,0.0,0.5,16385,1,-28.816,9,1,0,0,0.25,6.434,15.127,-5.0,0.0,0.0,-4.0,4.511,-0.357,1.496,9.371,-2.0,-1.2,-1.504,-3.0,-1.511,3.71,1.493,4.693,-2.497,-3.51,1.578,-1.424,-0.929,-3.493,-1.488,2.066,-3.0,-3.5,-6.0,-1.5,-0.505,-2.751,-5.0,-1.505,-5.0,-3.459,-2.0,-0.951,-2.0,-3.0,-4.0,-2.0,-0.999,0.0,6.224,2.497,-0.48,2.0,-3.0,0.0,-1.0,0.0,1.606,3.762,-1.0,-1.0,0.0,-1.0,1.615,-0.999,0.0,0.0,0.0,0.0,0.0,-1.0,0.0,0.0,-1.0,0.0,0.0,1.499,-1.0,0.0,0.0,1.505,-2.0,-0.506,1.498,-2.0,-2.0,0.508,3.03,0.833,7.615,-2.434,2.574,-1.473,5.364,2.321,-2.503,-3.47,-2.508,0.996,-3.502,-5.0,-3.0,3.107,-2.496,-0.641,4.116,3.507,5.034,-1.507,5.368,0.133,1.847,-2.504,-0.929,-1.504,-4.495,-2.514,-6.0,-1.528,6.374,-1.0,-2.181,0.576,5.035,1.995,0.0,0.0,0.0,0.0,0.0,0.0,0.0,0.0,0.0,0.0
BtcGF,BTCUSDc,6,1.1133,3.34,2,0.177,215.57,446,47.9821,1,15,150,0.015,1.7,1.0,0.0,0.5,16385,1,-3.86,1,1,0,0,0.0,2.861,3.024,-3.005,0.0,-0.995,3.123,1.083,-0.01,0.997,1.489,-0.993,-0.942,-2.003,-1.004,-0.008,2.006,2.034,-0.005,-3.003,-2.016,-0.017,-0.001,1.002,-2.003,-0.013,0.108,1.01,-4.0,-1.007,0.006,0.995,1.995,1.06,-2.004,3.2,0.272,-1.014,1.016,-2.0,-3.0,-4.0,0.02,0.007,3.151,2.032,3.0,-1.003,1.0,-3.0,-0.01,-1.0,0.0,0.056,-2.996,2.019,-1.0,0.0,2.988,3.093,-1.0,0.982,0.0,0.999,0.994,1.968,-1.0,0.0,0.0,-1.0,-1.0,0.0,0.999,-2.0,0.0,0.0,0.999,0.003,0.978,0.997,-0.013,0.005,0.238,0.992,1.019,6.294,-1.992,-0.992,-1.002,2.982,1.981,1.06,0.049,-1.002,1.994,-2.998,-5.0,-0.795,0.029,-2.008,-1.654,2.177,0.981,-0.009,-1.007,2.153,4.526,0.003,-3.003,-1.001,-0.008,-3.998,1.986,-4.823,-3.051,0.577,2.066,-2.003,0.049,2.027,0.997,0.0,0.0,0.0,0.0,0.0,0.0,0.0,0.0,0.0,0.0
BtcGF,BTCUSDc,24,20.0975,24.117,5,1.1271,90.35,346,30.3468,1,15,150,0.015,1.1,2.0,0.0,0.5,16385,1,2.328,3,1,0,0,0.0,7.841,4.142,-4.0,-0.996,0.0,0.368,0.589,-3.0,2.004,6.636,0.098,-2.0,-0.496,-2.999,-0.987,6.871,2.077,-2.0,-1.987,-5.998,2.203,-0.963,2.145,-1.981,-4.0,2.674,0.033,-3.001,2.661,-0.821,-3.0,4.147,-4.0,-1.007,-4.0,22.968,-2.0,1.089,-2.0,-3.0,-4.0,-2.0,-0.999,0.0,-0.903,4.003,0.078,3.018,-3.0,0.0,-1.0,0.0,2.213,1.024,-1.0,-1.0,0.0,-1.0,2.088,-1.0,0.0,0.0,0.0,0.0,0.0,-1.0,0.0,0.0,-1.0,0.0,0.0,1.999,-1.0,0.0,0.0,-1.0,-2.0,-1.999,1.997,-2.0,-2.0,1.915,4.07,1.034,0.596,-0.908,5.02,1.785,0.012,-0.964,-1.003,1.503,-2.011,1.996,-3.002,-5.0,0.694,4.259,-1.985,-1.495,12.52,5.053,-3.001,-5.0,-0.987,2.101,-0.9,-1.648,0.027,-1.005,-2.98,-1.004,-2.0,-4.0,1.995,1.029,3.326,-0.942,9.168,3.02,0.0,0.0,0.0,0.0,0.0,0.0,0.0,0.0,0.0,0.0
BtcGF,BTCUSDc,237,100.049,200.098,3,3.0446,107.64,359,16.9916,1,15,150,0.015,2.0,3.0,0.0,0.5,16385,1,-15.295,14,1,0,0,0.75,5.124,1.247,-4.998,0.0,0.0,-3.999,4.156,-3.0,-1.0,2.126,-2.0,-5.0,0.111,-3.0,-1.0,-2.0,2.574,0.371,-5.0,-6.0,-4.0,-4.0,0.012,5.787,2.142,1.723,1.157,-1.342,-5.0,0.359,-3.0,-4.999,-4.0,-0.011,-4.0,-3.999,-2.0,6.106,-2.0,-3.0,-4.0,-2.0,-0.999,-1.0,-3.999,13.461,6.005,1.999,-3.0,0.0,-1.0,0.0,28.297,2.167,-1.0,-1.0,0.0,-1.0,-1.0,-1.0,0.0,0.0,0.0,0.0,0.0,-1.0,0.0,0.0,-1.0,0.0,0.0,3.013,-1.0,0.0,0.0,-1.0,-2.0,-0.011,3.013,-2.0,-2.0,-2.0,3.385,3.681,2.244,-0.052,-2.007,4.186,-0.988,7.582,-1.979,-1.639,-1.015,3.993,-2.0,-5.0,2.249,-6.0,-0.862,211.393,7.109,10.5,-4.0,-6.0,0.024,1.417,1.572,0.812,-1.999,5.884,-2.947,1.657,-6.0,-3.0,-1.024,-1.0,-5.0,-4.0,7.944,1.385,0.0,0.0,0.0,0.0,0.0,0.0,0.0,0.0,0.0,0.0
BtcGF,BTCUSDc,164,31.743,63.486,3,2.0619,85.99,369,20.8672,1,15,270,0.015,1.7,2.5,0.0,0.5,16385,1,8.896,13,1,0,0,0.5,5.702,12.109,-5.0,0.0,0.0,-3.999,5.449,-2.999,-1.0,1.575,17.193,-5.0,-0.453,-3.0,-3.0,1.215,3.29,-0.361,-2.464,-6.0,-3.0,-5.0,5.751,7.99,-0.191,8.156,-3.0,-2.501,-6.0,-0.456,-3.0,-5.0,1.792,3.396,-4.0,50.59,-2.0,-0.015,-2.0,-3.0,-4.0,-2.0,-0.999,-1.0,5.314,10.482,1.291,1.499,-3.0,0.0,-1.0,0.0,3.617,5.331,-1.0,-1.0,0.0,-1.0,-1.0,-1.0,0.0,0.0,0.0,0.0,0.0,-1.0,0.0,0.0,-1.0,0.0,0.0,2.507,-1.0,0.0,0.0,-1.0,-2.0,3.308,2.503,-2.0,-2.0,-2.0,1.974,-2.0,1.351,-1.937,-2.506,-3.194,-2.493,3.492,-1.49,-2.321,-1.514,2.994,2.61,-6.0,1.9,3.902,-1.43,19.066,1.429,11.064,-5.0,-4.0,1.509,-0.581,5.154,-5.0,0.726,-0.508,-3.46,0.588,-7.0,-3.0,-2.218,-1.0,-5.0,1.383,9.374,-2.0,0.0,0.0,0.0,0.0,0.0,0.0,0.0,0.0,0.0,0.0
BtcGF,BTCUSDc,145,14.4905,28.981,3,0.8017,43.82,365,27.6712,1,15,210,0.015,1.1,2.0,0.0,0.5,16385,1,16.282,13,1,0,0,0.5,8.753,9.921,-5.0,0.0,0.0,4.613,6.489,1.136,4.844,7.427,-2.0,-2.0,-0.714,-3.0,-0.987,6.362,2.689,-0.972,-1.987,-5.999,2.111,-0.845,2.145,4.41,-0.983,4.791,-3.0,-3.001,-6.0,-0.974,-3.0,10.411,-5.0,-1.007,-4.0,8.699,-2.0,-1.911,-2.0,-3.0,-4.0,-2.0,-0.999,0.0,2.261,4.003,0.078,3.018,-3.0,0.0,-1.0,0.0,2.213,5.476,-1.0,-1.0,0.0,-1.0,2.088,-1.0,0.0,0.0,0.0,0.0,0.0,-1.0,0.0,0.0,-1.0,0.0,0.0,1.999,-1.0,0.0,0.0,-1.0,-2.0,-2.0,1.997,-2.0,-2.0,1.025,4.07,1.698,-0.982,-2.907,5.686,-5.999,-2.997,1.19,-2.002,-2.949,-2.011,1.996,-3.002,-5.0,-3.0,3.182,-1.984,0.487,5.796,5.053,5.577,-4.0,1.03,1.232,2.611,-5.0,0.027,6.693,-3.98,-1.004,-2.0,-4.0,1.995,-3.0,2.628,-0.942,9.168,3.041,0.0,0.0,0.0,0.0,0.0,0.0,0.0,0.0,0.0,0.0
BtcGF,BTCUSDc,238,60.7693,182.308,2,2.6096,119.4,358,15.9218,1,15,210,0.015,2.0,3.0,0.0,0.5,16385,1,-35.36,13,1,0,0,0.75,5.124,1.247,-4.999,0.0,0.0,-3.999,7.141,-3.0,-1.0,2.126,-2.0,-5.0,0.112,-3.0,-1.0,-2.0,1.011,0.371,-5.0,-6.0,-4.0,-4.0,0.012,5.787,0.029,1.347,-2.999,-1.99,-5.0,0.09,-3.0,-4.999,-4.0,-0.011,-4.0,-3.999,-2.0,6.106,-2.0,-3.0,-4.0,-2.0,-0.999,-1.0,10.111,14.76,6.005,1.999,-3.0,0.0,-1.0,0.0,28.297,9.075,-1.0,-1.0,0.0,-1.0,-1.0,-1.0,0.0,0.0,0.0,0.0,0.0,-1.0,0.0,0.0,-1.0,0.0,0.0,3.013,-1.0,0.0,0.0,-1.0,-2.0,-0.01,3.013,-2.0,-2.0,-2.0,3.385,-2.0,0.345,-0.052,-2.007,-1.552,-1.988,0.932,-1.979,-1.639,-1.015,3.993,-2.0,-5.0,-2.999,-6.0,-0.862,213.668,6.175,10.5,-4.0,-5.0,3.085,-0.039,1.572,-5.0,-1.999,3.637,-2.947,1.403,-6.0,-3.0,-1.024,-1.0,-5.0,-4.0,7.944,-2.0,0.0,0.0,0.0,0.0,0.0,0.0,0.0,0.0,0.0,0.0
BtcGF,BTCUSDc,92,1.5953,4.786,2,0.0901,451.23,390,25.641,1,15,270,0.015,1.7,2.0,0.0,0.5,16385,1,-16.81,9,1,0,0,0.25,12.454,24.18,-5.0,0.0,0.0,-4.0,11.605,-2.999,8.599,-1.958,-2.0,-5.0,0.016,-4.0,-0.945,8.159,2.139,-0.932,-2.98,-1.95,3.42,1.578,2.861,-2.957,-0.766,7.793,-3.0,-3.001,-6.0,-0.966,-3.0,-3.451,0.705,2.257,-5.0,-2.813,-2.0,-1.195,-2.0,-3.0,-4.0,-2.0,-0.999,-1.0,2.772,4.003,0.244,3.018,-3.0,0.0,-1.0,0.0,2.527,4.208,-1.0,-1.0,0.0,-1.0,2.351,-0.999,0.0,0.0,0.0,0.0,0.0,-1.0,0.0,0.0,-1.0,0.0,0.0,1.999,-1.0,0.0,0.0,-1.0,-2.0,1.061,1.997,-2.0,-2.0,1.083,4.291,6.193,-0.76,-1.701,12.181,-6.0,-2.996,2.195,-2.003,-2.894,-2.011,1.996,-3.002,-6.0,1.036,8.663,-1.96,-3.94,2.647,5.128,-3.001,-4.0,0.378,1.688,2.463,-5.0,0.091,-1.005,-3.973,-0.985,-7.0,-3.0,0.364,-1.0,-5.0,-0.796,9.363,0.018,0.0,0.0,0.0,0.0,0.0,0.0,0.0,0.0,0.0,0.0
BtcGF,BTCUSDc,163,45.1173,67.676,4,1.8852,79.97,371,20.2156,1,15,210,0.015,1.7,2.5,0.0,0.5,16385,1,13.556,14,1,0,0,0.5,5.702,12.109,-5.0,0.0,0.0,-3.999,2.695,-2.999,-1.0,1.575,10.477,-5.0,-0.453,-3.0,-3.0,0.979,4.082,-0.361,-1.464,-6.0,-3.0,-5.0,5.751,7.99,-0.477,7.934,-3.0,-2.501,-6.0,-0.456,-3.0,16.105,-5.0,-0.509,-4.0,50.12,-2.0,-0.015,-2.0,-3.0,-4.0,-2.0,-0.999,-1.0,5.54,10.482,1.291,1.499,-3.0,0.0,-1.0,0.0,3.617,7.265,-1.0,-1.0,0.0,-1.0,-1.0,-1.0,0.0,0.0,0.0,0.0,0.0,-1.0,0.0,0.0,-1.0,0.0,0.0,2.507,-1.0,0.0,0.0,-1.0,-2.0,-0.508,2.503,-2.0,-2.0,-2.0,1.974,2.864,-0.421,-1.937,10.892,-3.194,-2.493,2.474,-1.49,-2.321,-1.514,2.994,-1.741,-5.0,-3.0,3.902,-1.43,16.948,5.765,11.064,-5.0,-4.0,2.056,-1.135,0.09,-5.0,0.726,-0.508,-3.46,0.647,-7.0,-3.0,-2.315,-1.0,-5.0,1.383,9.374,-2.0,0.0,0.0,0.0,0.0,0.0,0.0,0.0,0.0,0.0,0.0
BtcGF,BTCUSDc,14,17.9085,35.817,3,1.4991,73.11,375,38.4,1,15,270,0.015,1.1,1.5,0.0,0.5,16385,1,9.632,2,1,0,0,0.0,1.997,3.075,-2.494,0.0,0.0,-1.484,5.361,-3.0,1.496,-1.486,-0.472,1.111,-0.504,-3.0,0.487,3.752,1.047,-0.496,-3.497,-0.451,1.531,-0.094,-0.947,-0.759,1.719,2.453,-0.492,-3.5,-0.992,-1.5,-0.505,-0.432,-0.179,1.084,-5.0,1.135,-2.0,2.029,-2.0,-3.0,-4.0,-2.0,-0.999,0.0,6.209,5.006,-0.48,2.0,-3.0,0.0,-1.0,0.0,1.606,3.078,-1.0,-1.0,0.0,-1.0,1.559,0.0,-1.0,0.0,0.0,0.0,0.0,-1.0,0.0,0.0,-1.0,0.0,0.0,1.499,-1.0,0.0,0.0,1.505,-2.0,3.265,1.498,-2.0,-2.0,0.508,3.014,3.008,5.715,0.06,1.525,-1.009,5.576,2.562,-1.503,2.579,-2.508,0.996,-2.0,1.29,0.167,5.02,-2.496,-4.484,1.356,3.507,-0.999,-1.507,26.44,0.415,1.547,-2.504,-2.497,4.455,-3.495,-2.514,-2.0,-2.479,1.163,-1.0,-2.378,0.533,5.02,1.995,0.0,0.0,0.0,0.0,0.0,0.0,0.0,0.0,0.0,0.0
BtcGF,BTCUSDc,42,36.3515,72.703,3,2.1259,93.37,351,22.792,1,15,150,0.015,1.7,2.5,0.0,0.5,16385,1,4.818,9,1,0,0,0.0,4.304,4.19,-5.0,0.0,0.0,-4.0,1.871,-3.0,3.2,1.575,7.517,-4.0,-3.999,-3.0,-3.0,1.81,3.352,-2.0,-1.464,-5.999,-3.0,-5.0,5.751,-1.463,-4.0,4.045,0.59,-2.501,4.771,-0.25,-3.0,-1.333,-3.999,-0.509,-4.0,65.885,-2.0,2.985,-2.0,-3.0,-4.0,-2.0,-0.999,-1.0,1.432,2.02,1.291,1.499,-3.0,0.0,-1.0,0.0,3.617,1.585,-1.0,-1.0,0.0,-1.0,-1.0,-0.999,0.0,0.0,0.0,0.0,0.0,-1.0,0.0,0.0,-1.0,0.0,0.0,2.507,-1.0,0.0,0.0,-1.0,-2.0,-0.509,2.503,-2.0,-2.0,-2.0,1.974,1.872,1.356,0.062,5.341,2.535,2.094,-0.391,-0.491,-3.322,-1.514,2.994,-1.486,-6.0,1.446,11.539,1.804,14.316,14.748,11.064,-5.0,-5.0,-0.481,0.036,0.09,-0.64,0.726,-0.507,-2.46,0.786,-6.0,-3.0,1.584,-1.0,-4.999,1.383,9.374,0.594,0.0,0.0,0.0,0.0,0.0,0.0,0.0,0.0,0.0,0.0
BtcGF,BTCUSDc,202,7.266,14.532,3,0.5297,59.83,392,34.4388,1,15,210,0.015,2.0,1.5,0.0,0.5,16385,1,5.837,1,1,0,0,0.75,5.211,4.832,-0.838,0.0,0.0,-0.563,6.644,-3.0,1.496,1.898,2.847,-0.696,-1.503,-3.0,0.492,1.518,1.521,1.843,-2.497,0.594,1.801,-1.421,-0.721,-0.938,-1.488,1.505,0.479,-3.5,-2.53,-1.5,-0.505,1.875,-4.0,-1.505,-4.0,8.111,-2.0,-0.821,-2.0,-3.0,-4.0,-2.0,-0.999,-1.0,6.511,5.904,-0.46,2.0,-3.0,0.0,-1.0,0.0,1.651,3.768,-1.0,-1.0,0.0,-1.0,1.829,-1.0,0.0,0.0,0.0,0.0,0.0,-1.0,0.0,0.0,-1.0,0.0,0.0,1.499,-1.0,0.0,0.0,1.505,-2.0,0.012,1.498,-2.0,-2.0,0.508,3.066,0.833,9.22,-2.318,1.066,-3.003,10.428,6.13,-2.503,-3.458,-2.507,0.996,-2.0,4.695,-2.999,0.238,-2.488,0.867,2.567,3.524,1.777,-2.507,3.139,0.197,1.993,-2.504,-0.886,1.789,-4.495,-2.508,-6.0,-1.506,0.063,-1.0,-5.0,0.677,5.087,1.995,0.0,0.0,0.0,0.0,0.0,0.0,0.0,0.0,0.0,0.0
BtcGF,BTCUSDc,175,113.6885,227.377,3,5.7321,88.96,366,16.9399,1,15,210,0.015,1.7,3.0,0.0,0.5,16385,1,25.107,13,1,0,0,0.5,7.664,1.175,-5.0,0.0,0.0,-3.999,3.87,-2.999,-1.0,2.111,-2.0,-5.0,0.077,-3.0,-3.0,-2.0,6.012,0.249,-5.0,-6.0,-3.0,-5.0,0.012,12.57,0.029,1.171,-3.0,-1.99,-6.0,0.078,-3.0,27.055,-5.0,-0.011,-4.0,198.27,-2.0,1.536,-2.0,-3.0,-4.0,-2.0,-0.999,-1.0,8.168,23.792,2.816,1.999,-3.0,0.0,-1.0,0.0,8.916,9.026,-1.0,-1.0,0.0,-1.0,-1.0,-1.0,0.0,0.0,0.0,0.0,0.0,-1.0,0.0,0.0,-1.0,0.0,0.0,3.013,-1.0,0.0,0.0,-1.0,-2.0,-0.01,3.013,-2.0,-2.0,-2.0,2.702,4.13,0.209,-1.033,-2.007,-2.289,-1.988,0.644,-1.978,-1.746,-1.016,3.993,-0.91,-5.0,-3.0,-6.0,-0.9,36.161,7.727,8.448,-5.0,-4.0,3.079,-0.41,0.829,-5.0,-2.0,3.639,-2.947,1.321,-7.0,-3.0,-1.508,-1.0,-5.0,-3.0,7.613,-2.0,0.0,0.0,0.0,0.0,0.0,0.0,0.0,0.0,0.0,0.0
BtcGF,BTCUSDc,207,7.5727,11.359,4,0.3461,62.05,362,28.453,1,15,150,0.015,1.4,2.0,0.0,0.5,16385,1,4.311,6,1,0,0,0.75,7.532,6.863,-4.0,-0.998,0.0,1.503,1.589,1.358,3.593,3.521,-2.0,-2.0,0.474,-3.0,1.033,4.231,3.33,-0.954,-1.987,0.54,2.497,-0.939,2.308,0.97,0.307,3.966,0.041,-3.001,-5.0,-0.821,-3.0,4.265,-4.0,-1.007,-4.0,11.705,-2.0,-1.715,-2.0,-3.0,-4.0,-2.0,-0.999,0.0,-0.863,4.004,0.111,3.018,-3.0,0.0,-1.0,0.0,2.256,1.042,-1.0,-1.0,0.0,-1.0,2.18,-1.0,0.0,0.0,0.0,0.0,0.0,-1.0,0.0,0.0,-1.0,0.0,0.0,1.999,-1.0,0.0,0.0,-1.0,-2.0,-0.008,1.997,-2.0,-2.0,1.915,4.155,1.038,0.599,-2.848,3.712,-2.266,2.014,1.072,-2.003,-2.924,-2.01,1.996,-2.0,-5.0,0.701,2.132,-1.978,-0.923,5.202,5.07,4.451,-6.0,-0.987,2.115,-0.815,-1.645,0.053,4.407,-3.98,-1.001,-6.0,-3.0,1.768,-1.0,-3.0,-0.865,9.243,3.02,0.0,0.0,0.0,0.0,0.0,0.0,0.0,0.0,0.0,0.0
BtcGF,BTCUSDc,99,12.497,24.994,3,0.4718,118.49,362,21.547,1,15,150,0.015,1.4,2.5,0.0,0.5,16385,1,-4.621,11,1,0,0,0.25,4.304,31.185,-4.0,-0.998,0.0,-4.0,1.871,-2.0,14.078,1.553,6.963,-2.0,3.33,-3.0,-2.0,1.791,12.517,-0.409,-1.476,-5.999,-3.0,-4.999,3.76,-2.451,-4.0,13.413,0.57,-2.501,-6.0,-0.254,-3.0,0.609,-5.0,-0.509,-5.0,-2.336,-2.0,-0.993,-2.0,-3.0,-4.0,-2.0,-0.999,0.0,0.863,2.019,0.784,1.499,-3.0,0.0,-1.0,0.0,2.956,1.564,-1.0,-1.0,0.0,-1.0,-0.999,-1.0,0.0,0.0,0.0,0.0,0.0,-1.0,0.0,0.0,-1.0,0.0,0.0,2.507,-1.0,0.0,0.0,-1.0,-2.0,0.491,2.503,-2.0,-2.0,-2.0,1.738,1.663,0.344,-1.236,4.312,1.392,10.02,2.18,-1.497,-2.373,-1.514,2.994,-2.486,-5.0,1.446,-1.146,-1.459,1.243,12.287,9.686,-5.0,-5.0,-0.481,-0.039,-0.206,-0.745,0.619,-0.507,-3.47,0.749,-6.0,-3.0,-1.416,-1.0,-3.0,0.869,9.27,0.55,0.0,0.0,0.0,0.0,0.0,0.0,0.0,0.0,0.0,0.0
BtcGF,BTCUSDc,226,32.9475,65.895,3,1.6691,142.47,363,19.5592,1,15,210,0.015,2.0,2.5,0.0,0.5,16385,1,-27.987,15,1,0,0,0.75,3.817,7.757,-4.999,0.0,0.0,-3.999,5.058,-3.0,6.01,1.582,7.756,-5.0,-0.43,-3.0,-1.0,1.083,4.217,-0.308,-1.464,-6.0,-4.0,-4.0,12.007,2.878,-0.477,6.202,-2.999,-2.501,-5.0,-0.453,-3.0,5.065,-4.0,-0.509,-4.0,-3.999,-2.0,2.395,-2.0,-3.0,-4.0,-2.0,-0.999,-1.0,5.463,8.261,2.418,1.499,-3.0,0.0,-1.0,0.0,5.034,7.301,-1.0,-1.0,0.0,-1.0,-1.0,-1.0,0.0,0.0,0.0,0.0,0.0,-1.0,0.0,0.0,-1.0,0.0,0.0,2.507,-1.0,0.0,0.0,-1.0,-2.0,-0.508,2.503,-2.0,-2.0,-2.0,2.428,-2.0,-0.387,-1.463,6.262,-2.979,-2.493,2.624,-1.491,-2.246,-1.513,2.994,-2.0,-5.0,-2.999,-6.0,-1.403,89.882,4.455,6.666,-4.0,-5.0,2.06,-0.964,0.606,-5.0,0.847,-0.507,-3.46,0.674,-6.0,-3.0,8.618,-1.0,-5.0,-4.0,9.516,-2.0,0.0,0.0,0.0,0.0,0.0,0.0,0.0,0.0,0.0,0.0
BtcGF,BTCUSDc,15,5.1755,10.351,3,0.3297,140.96,387,35.6589,1,15,150,0.015,1.4,1.5,0.0,0.5,16385,1,-4.24,3,1,0,0,0.0,5.353,3.09,0.597,-0.998,0.0,-1.476,2.489,-3.0,1.496,4.026,-0.452,1.336,-1.503,-3.0,-1.511,3.939,1.061,-0.496,-2.497,-3.509,1.578,-1.49,-0.929,-2.49,-4.0,1.207,-0.492,-3.5,-0.346,-1.5,-0.505,-0.41,-4.0,-1.505,-4.0,16.89,-2.0,2.049,-2.0,-3.0,-4.0,-2.0,-0.999,0.0,3.808,5.006,-0.48,2.0,-3.0,0.0,-1.0,0.0,1.606,3.012,-1.0,-1.0,0.0,-1.0,1.615,-0.999,0.0,0.0,0.0,0.0,0.0,-1.0,0.0,0.0,-1.0,0.0,0.0,1.499,-1.0,0.0,0.0,1.505,-2.0,-0.506,1.498,-2.0,-2.0,1.04,3.03,0.511,15.657,0.08,2.204,-0.724,3.065,4.743,-1.503,-0.942,-2.508,0.996,-3.502,-5.0,-0.048,1.621,-2.496,-1.973,7.802,3.507,-3.5,-2.507,6.317,0.738,2.405,-2.504,-2.497,0.994,-3.495,-2.514,-6.0,-1.528,3.181,-1.0,-2.028,0.576,5.091,1.995,0.0,0.0,0.0,0.0,0.0,0.0,0.0,0.0,0.0,0.0
BtcGF,BTCUSDc,235,-1.6143,-4.843,2,-0.0928,0.0,356,16.8539,1,15,210,0.015,1.7,3.0,0.0,0.5,16385,1,-44.041,13,1,0,0,0.75,5.124,1.175,-4.999,0.0,0.0,-3.999,7.141,-2.999,-1.0,2.111,-2.0,-5.0,0.077,-3.0,-1.0,-2.0,6.012,0.249,-5.0,-6.0,-3.0,-5.0,0.012,5.787,0.029,1.172,-2.999,-1.99,-5.0,0.078,-3.0,12.581,-4.0,-0.011,-4.0,-3.997,-2.0,1.536,-2.0,-3.0,-4.0,-2.0,-0.999,-1.0,6.677,14.748,2.816,1.999,-3.0,0.0,-1.0,0.0,8.916,9.026,-1.0,-1.0,0.0,-1.0,-1.0,-1.0,0.0,0.0,0.0,0.0,0.0,-1.0,0.0,0.0,-1.0,0.0,0.0,3.013,-1.0,0.0,0.0,-1.0,-2.0,-0.01,3.013,-2.0,-2.0,-2.0,2.702,4.13,0.209,-1.033,-2.007,-2.289,-1.988,0.644,-1.979,-1.746,-1.015,3.993,-2.0,-5.0,-2.999,-6.0,-0.9,35.198,5.957,8.448,-4.0,-5.0,3.079,-0.41,0.829,-5.0,-2.0,3.566,-2.947,1.321,-6.0,-3.0,-1.508,-1.0,-5.0,-3.0,7.613,-2.0,0.0,0.0,0.0,0.0,0.0,0.0,0.0,0.0,0.0,0.0
BtcGF,BTCUSDc,220,0.064,0.192,2,0.0053,6958.33,350,22.0,1,15,210,0.015,1.4,2.5,0.0,0.5,16385,1,-13.168,13,1,0,0,0.75,3.817,7.688,-4.999,0.0,0.0,-3.999,5.058,-2.0,6.01,1.553,6.281,-2.0,3.33,-3.0,-2.0,0.958,3.986,-0.409,-1.476,-5.999,-3.0,-4.999,3.76,2.878,-0.477,6.182,-2.999,-2.501,-5.0,-0.472,-3.0,7.861,-4.0,-0.509,-4.0,10.361,-2.0,-0.993,-2.0,-3.0,-4.0,-2.0,-0.999,0.0,3.789,8.259,0.784,1.499,-3.0,0.0,-1.0,0.0,2.956,7.244,-1.0,-1.0,0.0,-1.0,-0.999,-1.0,0.0,0.0,0.0,0.0,0.0,-1.0,0.0,0.0,-1.0,0.0,0.0,2.507,-1.0,0.0,0.0,-1.0,-2.0,0.491,2.503,-2.0,-2.0,-2.0,1.738,2.655,-0.446,-2.235,6.262,-3.337,-2.493,2.375,-1.497,-2.372,-1.513,2.994,-2.0,-5.0,-2.999,-1.269,-1.459,3.137,4.238,9.686,-4.0,-5.0,2.053,-1.192,5.371,-5.0,0.619,-0.508,-3.47,0.616,-6.0,-3.0,-1.417,-1.0,-3.0,0.869,9.27,1.591,0.0,0.0,0.0,0.0,0.0,0.0,0.0,0.0,0.0,0.0
BtcGF,BTCUSDc,12,8.8305,17.661,3,0.5592,81.63,383,36.5535,1,15,150,0.015,1.1,1.5,0.0,0.5,16385,1,3.245,3,1,0,0,0.0,5.349,3.075,0.597,2.297,0.0,-1.484,2.407,-3.0,1.496,4.008,-0.472,1.111,-1.503,-2.999,-1.513,3.873,1.047,-0.496,-2.497,-3.509,1.531,-1.492,-0.947,-2.492,-4.0,1.207,-0.492,-3.5,-0.346,-1.5,-0.505,-0.447,-4.0,-1.505,-4.0,16.551,-2.0,2.029,-2.0,-3.0,-4.0,-2.0,-0.999,0.0,3.797,5.006,-0.48,2.0,-3.0,0.0,-1.0,0.0,1.606,3.005,-1.0,-1.0,0.0,-1.0,1.559,-1.0,0.0,0.0,0.0,0.0,0.0,-1.0,0.0,0.0,-1.0,0.0,0.0,1.499,-1.0,0.0,0.0,1.505,-2.0,3.116,1.498,-2.0,-2.0,1.04,3.014,0.511,15.657,0.06,2.196,-0.759,3.058,4.731,-1.503,-0.932,-2.508,0.996,-3.502,-5.0,-0.051,1.583,-2.497,-2.182,7.802,3.507,-3.5,-2.507,6.308,0.735,2.374,-2.504,-2.497,0.994,-3.495,-2.514,-2.0,-2.532,2.146,-1.0,-2.163,0.533,5.076,1.995,0.0,0.0,0.0,0.0,0.0,0.0,0.0,0.0,0.0,0.0
BtcGF,BTCUSDc,65,-4.7527,-7.129,4,-0.2328,0.0,434,43.318,1,15,270,0.015,1.4,1.0,0.0,0.5,16385,1,-13.104,3,1,0,0,0.25,2.559,5.879,-5.0,0.0,-0.999,-0.997,1.34,-2.005,0.997,2.914,-2.0,-2.966,0.05,-1.004,-0.008,2.061,0.026,0.55,-2.006,-1.847,-0.017,-0.001,-0.994,-4.005,1.8,0.223,4.967,-4.0,-5.005,-2.0,0.995,5.06,2.194,-2.004,-2.967,-1.978,-1.014,-0.996,-2.0,-3.0,-4.0,0.016,4.725,6.623,3.378,0.996,-1.003,1.0,-3.0,0.0,-1.0,0.0,1.048,1.995,1.003,-1.0,0.0,2.597,1.051,5.218,0.0,0.0,0.0,0.0,0.0,-1.0,0.0,0.0,-1.0,0.0,0.0,0.999,-1.0,0.0,0.0,0.999,0.003,0.652,0.998,-0.013,-2.0,0.003,1.992,-0.004,2.977,-2.997,-0.995,-4.008,0.976,-0.017,-3.005,2.777,1.531,1.994,-2.002,-5.0,-0.694,0.371,-2.008,-4.997,0.133,1.981,4.161,-0.007,2.753,9.668,0.0,-3.003,-1.988,-0.007,-4.998,1.97,-3.905,-2.044,-1.865,0.016,-2.003,0.034,2.997,0.997,0.0,0.0,0.0,0.0,0.0,0.0,0.0,0.0,0.0,0.0
BtcGF,BTCUSDc,203,10.944,21.888,3,0.8737,39.72,394,35.0254,1,15,270,0.015,2.0,1.5,0.0,0.5,16385,1,13.193,1,1,0,0,0.75,5.211,4.832,-0.838,0.0,0.0,-0.563,6.644,-3.0,1.496,1.898,2.847,-0.696,-1.503,-3.0,0.492,1.755,1.089,1.843,-3.497,-0.418,1.801,-0.438,-0.721,-0.938,1.368,1.631,0.479,-3.5,-2.53,-1.5,-0.505,-0.805,-0.999,-1.505,-4.0,8.111,-2.0,-0.821,-2.0,-2.999,-4.0,-2.0,-0.999,-1.0,6.073,5.904,-0.46,2.0,-3.0,0.0,-1.0,0.0,1.651,3.091,-1.0,-1.0,0.0,-1.0,1.829,-1.0,0.0,0.0,0.0,0.0,0.0,-1.0,0.0,0.0,-1.0,0.0,0.0,1.499,-1.0,0.0,0.0,1.505,-2.0,0.011,1.498,-2.0,-2.0,0.508,3.066,1.285,9.886,-2.318,1.066,-3.003,10.428,5.374,-2.503,-3.458,-2.507,0.996,-2.0,4.695,0.175,3.714,-2.488,0.867,1.384,3.524,1.777,-2.507,3.65,0.485,1.73,-2.504,-0.886,1.789,-4.495,-2.508,-6.0,-1.479,0.063,-1.0,-5.0,0.677,5.087,1.995,0.0,0.0,0.0,0.0,0.0,0.0,0.0,0.0,0.0,0.0
BtcGF,BTCUSDc,150,14.2825,28.565,3,1.1724,57.46,382,26.7016,1,15,150,0.015,1.7,2.0,0.0,0.5,16385,1,12.152,13,1,0,0,0.5,7.86,10.427,-5.0,0.0,0.0,4.019,6.686,-2.999,4.844,4.931,-2.0,-5.0,-0.983,-3.0,-0.945,8.314,4.834,-0.932,-1.98,-6.0,3.42,-0.906,2.861,4.41,-4.0,4.909,0.051,-3.001,-6.0,-0.821,-3.0,10.676,-5.0,-1.007,-4.0,12.413,-2.0,-1.195,-2.0,-3.0,-4.0,-2.0,-0.999,-1.0,-0.764,4.003,0.244,3.018,-3.0,0.0,-1.0,0.0,2.527,1.054,-1.0,-1.0,0.0,-1.0,2.351,-1.0,0.0,0.0,0.0,0.0,0.0,-1.0,0.0,0.0,-1.0,0.0,0.0,1.999,-1.0,0.0,0.0,-1.0,-2.0,-1.008,1.997,-2.0,-2.0,1.915,4.291,1.044,0.603,-2.7,4.065,-2.266,3.28,1.091,-2.002,-2.895,-2.011,1.996,-3.002,-5.0,0.7,4.545,-1.96,1.093,6.753,5.128,6.419,-5.0,-0.987,2.157,-0.648,-1.637,0.091,6.693,-3.973,-0.985,-7.0,-3.0,0.869,-1.0,-4.999,-0.796,9.363,3.022,0.0,0.0,0.0,0.0,0.0,0.0,0.0,0.0,0.0,0.0
BtcGF,BTCUSDc,224,13.532,20.298,4,0.5615,100.78,360,21.9444,1,15,270,0.015,1.7,2.5,0.0,0.5,16385,1,-0.159,13,1,0,0,0.75,3.817,7.721,-4.999,0.0,0.0,-3.999,6.628,-2.999,6.01,1.575,8.048,-5.0,-0.453,-3.0,-1.0,1.215,3.29,-0.361,-2.464,-6.0,-3.0,-5.0,5.751,2.878,-0.191,6.41,-2.999,-2.501,-5.0,-0.456,-3.0,6.551,1.792,3.396,-4.0,-3.997,-2.0,-0.015,-2.0,-2.999,-4.0,-2.0,-0.999,-1.0,4.213,8.259,1.291,1.499,-3.0,0.0,-1.0,0.0,3.617,5.331,-1.0,-1.0,0.0,-1.0,-1.0,-1.0,0.0,0.0,0.0,0.0,0.0,-1.0,0.0,0.0,-1.0,0.0,0.0,2.507,-1.0,0.0,0.0,-1.0,-2.0,3.308,2.503,-2.0,-2.0,-2.0,1.974,-2.0,1.35,-1.937,6.262,-3.194,-2.493,3.492,-1.491,-2.321,-1.513,2.994,-2.0,-5.0,1.901,3.902,-1.43,16.457,1.429,11.064,-4.0,-5.0,1.509,-0.581,5.154,-5.0,0.726,-0.508,-3.46,0.588,-6.0,-3.0,8.489,-1.0,-5.0,1.383,9.374,-2.0,0.0,0.0,0.0,0.0,0.0,0.0,0.0,0.0,0.0,0.0
BtcGF,BTCUSDc,106,49.2825,98.565,3,2.1958,96.07,376,18.617,1,15,210,0.015,2.0,2.5,0.0,0.5,16385,1,3.872,11,1,0,0,0.25,7.852,31.254,-5.0,0.0,0.0,-4.0,2.695,-3.0,-1.0,1.582,23.969,-5.0,-0.431,-3.0,-3.0,1.083,4.217,-0.308,-1.464,-6.0,-4.0,-4.0,12.007,-2.409,-0.477,13.187,-3.0,-2.501,-6.0,-0.453,-3.0,-1.8,-5.0,-0.509,-5.0,-1.429,-2.0,2.395,-2.0,-3.0,-4.0,-2.0,-0.999,-1.0,7.12,2.021,2.418,1.499,-3.0,0.0,-1.0,0.0,5.034,7.301,-1.0,-1.0,0.0,-1.0,-1.0,-0.999,0.0,0.0,0.0,0.0,0.0,-1.0,0.0,0.0,-1.0,0.0,0.0,2.507,-1.0,0.0,0.0,-1.0,-2.0,-0.508,2.503,-2.0,-2.0,-2.0,2.428,-2.0,-1.387,-0.464,24.697,-2.98,-2.492,2.624,-1.491,-2.246,-1.514,2.994,-1.741,-5.0,-3.0,-5.998,-1.403,90.693,7.234,6.666,-5.0,-4.0,2.06,-0.964,0.606,-5.0,0.847,-0.507,-3.46,0.674,-7.0,-3.0,-2.184,-1.0,-5.0,-4.0,9.516,-2.0,0.0,0.0,0.0,0.0,0.0,0.0,0.0,0.0,0.0,0.0
BtcGF,BTCUSDc,129,-1.115,-3.345,2,-0.113,0.0,431,45.0116,1,15,150,0.015,2.0,1.0,0.0,0.5,16385,1,-6.386,0,1,0,0,0.5,2.861,4.112,-1.943,0.0,-0.992,4.299,1.818,-2.005,0.997,0.144,-2.0,-2.942,-2.003,-1.004,-0.008,2.006,1.143,0.228,-3.003,-1.399,-0.015,-0.001,1.64,-1.948,-0.378,0.108,2.041,-4.0,-5.005,0.888,0.995,1.556,-0.938,-2.004,-1.05,1.458,-1.014,-0.994,-2.0,-3.0,-4.0,0.033,2.295,3.162,2.034,3.936,-1.003,1.0,-3.0,0.0,-1.0,0.0,1.063,1.998,1.003,-1.0,0.0,2.749,1.121,2.365,0.0,0.0,0.0,0.0,0.0,-1.0,0.0,0.0,-1.0,0.0,0.0,0.999,-1.0,0.0,0.0,0.999,0.003,-1.005,0.998,-0.013,-2.0,0.238,1.992,-0.004,7.072,0.027,-0.992,-1.006,4.197,-0.017,1.036,1.108,-0.06,1.994,-2.998,-5.0,-0.794,-1.945,-2.008,-1.379,0.983,1.981,3.14,-1.007,-0.015,6.521,0.009,-3.003,-1.987,-0.008,-4.998,1.986,-3.655,-2.044,-1.262,0.062,-2.003,0.081,3.031,0.997,0.0,0.0,0.0,0.0,0.0,0.0,0.0,0.0,0.0,0.0
BtcGF,BTCUSDc,212,27.8083,33.37,5,1.7387,38.28,373,28.4182,1,15,270,0.015,1.7,2.0,0.0,0.5,16385,1,20.597,8,1,0,0,0.75,7.543,7.23,-4.999,0.0,0.0,1.503,2.677,-2.999,3.593,5.282,-2.0,0.902,-0.983,-3.0,1.055,5.159,2.139,-0.932,-2.98,-1.95,3.42,1.059,2.861,0.97,-0.766,4.018,-2.999,-3.001,-5.0,-0.966,-3.0,4.584,0.705,2.257,-4.0,17.43,-2.0,-1.195,-2.0,-2.999,-4.0,-2.0,-0.999,-1.0,1.332,4.004,0.244,3.018,-3.0,0.0,-1.0,0.0,2.527,4.208,-1.0,-1.0,0.0,-1.0,2.351,-1.0,0.0,0.0,0.0,0.0,0.0,-1.0,0.0,0.0,-1.0,0.0,0.0,1.999,-1.0,0.0,0.0,-1.0,-2.0,1.061,1.997,-2.0,-2.0,1.083,4.291,2.957,0.24,-2.7,4.024,-5.999,3.85,2.195,-2.003,-2.894,-2.01,1.996,-2.0,-5.0,1.037,3.053,-1.96,2.688,2.647,5.128,5.146,-5.0,0.378,1.688,2.463,-5.0,0.091,4.407,-3.973,-0.985,-6.0,-3.0,6.587,-1.0,-5.0,-0.796,9.363,0.018,0.0,0.0,0.0,0.0,0.0,0.0,0.0,0.0,0.0,0.0
BtcGF,BTCUSDc,156,14.4513,21.677,4,0.9925,81.77,348,22.7011,1,15,150,0.015,1.1,2.5,0.0,0.5,16385,1,3.951,13,1,0,0,0.5,4.304,1.551,-4.0,-0.996,0.0,-3.999,2.863,-2.0,7.885,1.536,5.57,-2.0,0.994,-2.999,-2.0,1.79,6.705,-0.446,-1.476,-5.999,0.676,-4.0,3.252,7.99,-4.0,8.167,0.554,-2.501,-6.0,-0.256,-3.0,16.726,-6.0,-0.509,-4.0,9.503,-2.0,-1.354,-2.0,-3.0,-4.0,-2.0,-0.999,0.0,0.671,10.48,0.653,1.499,-3.0,0.0,-1.0,0.0,2.826,1.538,-1.0,-1.0,0.0,-1.0,-1.0,-1.0,0.0,0.0,0.0,0.0,0.0,-1.0,0.0,0.0,-1.0,0.0,0.0,2.507,-1.0,0.0,0.0,-1.0,-2.0,-1.999,2.503,-2.0,-2.0,-2.0,1.586,1.573,1.334,-2.354,4.297,1.303,5.283,2.112,-1.496,-2.419,-1.514,2.994,-2.486,-5.0,1.438,-2.033,-1.473,-0.746,7.16,9.289,-5.0,-5.0,-0.481,-0.062,-0.35,-0.799,0.558,-0.508,-3.47,0.744,-2.0,-4.0,2.527,-3.0,5.14,0.619,9.179,0.522,0.0,0.0,0.0,0.0,0.0,0.0,0.0,0.0,0.0,0.0
BtcGF,BTCUSDc,54,107.7135,215.427,3,3.8364,101.69,345,18.2609,1,15,150,0.015,1.7,3.0,0.0,0.5,16385,1,-3.641,8,1,0,0,0.0,5.779,1.175,-5.0,0.0,0.0,-4.0,3.142,-3.0,-1.0,2.111,-2.0,-4.0,-3.999,-3.0,-3.0,-2.0,0.549,-2.0,-5.0,-5.999,-3.0,-5.0,0.012,0.051,-4.0,1.548,1.128,-1.342,0.197,0.347,-3.0,5.112,-3.999,-0.011,-4.0,217.068,-2.0,4.536,-2.0,-3.0,-4.0,-2.0,-0.999,-1.0,3.076,3.052,2.816,1.999,-3.0,0.0,-1.0,0.0,8.916,2.118,-1.0,-1.0,0.0,-1.0,-1.0,-0.999,0.0,0.0,0.0,0.0,0.0,-1.0,0.0,0.0,-1.0,0.0,0.0,3.013,-1.0,0.0,0.0,-1.0,-2.0,-0.011,3.013,-2.0,-2.0,-2.0,2.702,2.796,2.161,0.966,-1.007,4.436,4.232,0.395,0.021,-2.747,-1.016,3.993,-0.979,-6.0,2.226,-2.0,-1.9,32.877,18.988,8.448,-5.0,-5.0,0.024,1.044,0.829,0.394,-2.0,-3.998,-1.947,1.575,-6.0,-3.0,3.673,-1.0,-4.999,-3.0,7.613,1.228,0.0,0.0,0.0,0.0,0.0,0.0,0.0,0.0,0.0,0.0
BtcGF,BTCUSDc,231,16.2407,24.361,4,0.9274,88.37,343,19.5335,1,15,150,0.015,1.4,3.0,0.0,0.5,16385,1,2.832,12,1,0,0,0.75,5.124,1.112,-4.0,-0.998,0.0,-3.999,4.142,-2.0,-1.0,2.078,-1.0,-2.0,9.438,-3.0,-2.0,-1.999,2.573,0.155,-5.0,-5.999,-3.0,-4.999,1.012,10.233,2.142,1.457,1.098,-1.342,-5.0,0.336,-3.0,11.005,-4.0,-0.011,-4.0,18.53,-2.0,-0.202,-2.0,-3.0,-4.0,-2.0,-0.999,0.0,1.691,13.449,1.555,1.999,-3.0,0.0,-1.0,0.0,4.274,2.088,-1.0,-1.0,0.0,-1.0,-0.999,-1.0,0.0,0.0,0.0,0.0,0.0,-1.0,0.0,0.0,-1.0,0.0,0.0,3.013,-1.0,0.0,0.0,-1.0,-2.0,0.989,3.012,-2.0,-2.0,-2.0,2.349,2.329,2.111,-1.58,-2.007,3.046,-0.988,6.772,2.184,-1.825,-1.015,3.993,-2.0,-5.0,2.215,-5.0,-0.941,3.853,7.073,7.538,-4.0,-6.0,0.024,0.869,0.404,0.163,-2.0,5.885,-2.961,1.496,-6.0,-3.0,-0.789,-1.0,-3.0,-1.0,12.08,1.125,0.0,0.0,0.0,0.0,0.0,0.0,0.0,0.0,0.0,0.0
BtcGF,BTCUSDc,174,152.7147,229.072,4,5.6698,86.35,366,17.4863,1,15,150,0.015,1.7,3.0,0.0,0.5,16385,1,31.271,14,1,0,0,0.5,5.779,1.175,-5.0,0.0,0.0,-4.0,4.142,-2.999,-1.0,2.111,-2.0,-5.0,0.077,-3.0,-3.0,-2.0,5.006,0.249,-5.0,-6.0,-3.0,-5.0,0.012,12.57,-4.0,1.547,1.128,-1.342,-6.0,0.347,-3.0,21.658,-5.0,-0.011,-4.0,193.801,-2.0,1.536,-2.0,-3.0,-4.0,-2.0,-0.999,-1.0,3.076,17.0,2.816,1.999,-3.0,0.0,-1.0,0.0,8.916,2.118,-1.0,-1.0,0.0,-1.0,-1.0,-1.0,0.0,0.0,0.0,0.0,0.0,-1.0,0.0,0.0,-1.0,0.0,0.0,3.013,-1.0,0.0,0.0,-1.0,-2.0,-0.011,3.013,-2.0,-2.0,-2.0,2.702,2.796,2.16,-1.033,-2.007,3.436,-0.988,8.937,-1.978,-1.747,-1.016,3.993,-1.979,-5.0,2.226,-6.0,-0.9,32.877,9.622,8.448,-5.0,-5.0,0.024,1.044,0.829,0.394,-2.0,10.542,-2.947,1.575,-7.0,-3.0,-1.507,-1.0,-4.999,-3.0,7.613,1.228,0.0,0.0,0.0,0.0,0.0,0.0,0.0,0.0,0.0,0.0
BtcGF,BTCUSDc,13,19.296,38.592,3,0.956,93.99,381,37.0079,1,15,210,0.015,1.1,1.5,0.0,0.5,16385,1,2.32,3,1,0,0,0.0,6.43,3.075,-2.494,0.0,0.0,-1.484,7.091,-3.0,1.496,-1.486,-0.472,1.111,-1.504,-3.0,-1.513,3.637,1.479,-0.496,-2.497,-3.51,1.531,-1.426,-0.947,-2.492,-1.488,1.308,-0.492,-3.5,-0.992,-1.5,-0.505,2.24,-5.0,-1.505,-5.0,1.135,-2.0,2.029,-2.0,-3.0,-4.0,-2.0,-0.999,0.0,6.213,5.006,-0.48,2.0,-3.0,0.0,-1.0,0.0,1.606,3.755,-1.0,-1.0,0.0,-1.0,1.559,0.0,-1.0,0.0,0.0,0.0,0.0,-1.0,0.0,0.0,-1.0,0.0,0.0,1.499,-1.0,0.0,0.0,1.505,-2.0,2.977,1.498,0.49,-2.0,0.508,3.014,0.833,2.546,0.06,1.525,9.529,5.576,4.837,-1.503,2.579,-2.508,0.996,-2.502,-5.0,-3.0,1.552,-2.496,-0.85,4.116,3.507,-3.499,-1.507,5.368,0.133,1.816,-2.504,-2.497,38.266,-3.495,-2.514,-2.0,-2.532,1.163,-1.0,-2.361,0.533,5.02,1.995,0.0,0.0,0.0,0.0,0.0,0.0,0.0,0.0,0.0,0.0
BtcGF,BTCUSDc,192,7.158,21.474,2,0.7563,19.49,385,36.3636,1,15,150,0.015,1.1,1.5,0.0,0.5,16385,1,17.289,0,1,0,0,0.75,5.201,4.707,0.162,2.297,0.0,-0.562,6.012,-0.428,1.496,1.468,2.821,2.89,-1.504,-2.999,0.487,1.373,1.91,1.839,-2.497,0.59,1.531,-1.492,-0.947,-0.938,-0.605,1.4,-0.492,-3.5,-2.53,-1.5,-0.505,1.548,-4.0,-1.505,-4.0,7.134,-2.0,-0.971,-2.0,-3.0,-4.0,-2.0,-0.999,0.0,3.797,5.904,-0.48,2.0,-3.0,0.0,-1.0,0.0,1.606,3.876,-1.0,-1.0,0.0,-1.0,1.559,-1.0,0.0,0.0,0.0,0.0,0.0,-1.0,0.0,0.0,-1.0,0.0,0.0,1.499,-1.0,0.0,0.0,1.505,-2.0,3.116,1.498,-2.0,-2.0,1.04,3.014,0.511,8.352,-2.453,1.029,-3.26,9.969,6.024,-2.503,-3.479,-2.507,0.996,-2.0,-0.611,-0.05,0.018,-2.497,-2.182,2.791,3.507,1.777,-3.507,1.379,0.736,2.374,-2.504,-0.944,1.788,-4.495,-2.514,-2.0,-2.532,2.994,-1.0,-2.163,0.533,5.076,1.995,0.0,0.0,0.0,0.0,0.0,0.0,0.0,0.0,0.0,0.0
BtcGF,BTCUSDc,218,-1.3715,-2.743,3,-0.0794,0.0,339,22.7139,1,15,270,0.015,1.1,2.5,0.0,0.5,16385,1,-13.728,9,1,0,0,0.75,3.817,1.551,-4.999,0.0,0.0,-3.998,6.628,-2.0,6.01,1.536,7.818,-2.0,-0.018,-3.0,-2.0,1.061,3.125,-0.446,-2.476,-5.999,0.676,-3.0,3.252,2.878,-0.191,6.397,-2.999,-2.501,-5.0,-0.474,-3.0,9.551,0.208,3.275,-4.0,7.986,-2.0,-1.354,-2.0,-2.999,-4.0,-2.0,-0.999,0.0,-3.0,8.257,0.653,1.499,-3.0,0.0,-1.0,0.0,2.826,5.284,-1.0,-1.0,0.0,-1.0,-1.0,-1.0,0.0,0.0,0.0,0.0,0.0,-1.0,0.0,0.0,-1.0,0.0,0.0,2.507,-1.0,0.0,0.0,-1.0,-2.0,-1.999,2.503,-2.0,-2.0,-2.0,1.586,-2.0,1.317,-2.354,6.262,-3.418,-2.493,3.36,-1.497,-2.418,-1.513,2.994,-2.0,-5.0,1.893,-2.286,-1.472,2.717,1.326,9.289,-4.0,-5.0,1.502,-0.679,4.405,-5.0,0.558,-0.508,-3.47,0.489,-2.0,-4.0,2.673,-3.0,3.35,0.619,9.179,-2.0,0.0,0.0,0.0,0.0,0.0,0.0,0.0,0.0,0.0,0.0
BtcGF,BTCUSDc,10,6.3273,9.491,4,0.5699,79.73,445,48.764,1,15,210,0.015,2.0,1.0,0.0,0.5,16385,1,1.924,1,1,0,0,0.0,2.709,3.028,-3.005,0.0,-0.992,1.025,3.254,-0.01,0.997,-1.989,-0.993,-0.927,0.464,-1.004,-0.008,2.006,2.289,-0.005,-3.003,-2.016,-0.015,-0.001,1.004,-2.003,1.993,0.159,1.01,-4.0,-1.007,0.006,0.995,2.021,0.004,-2.004,3.567,-1.957,-1.014,1.018,-2.0,-3.0,-4.0,0.033,0.007,2.198,3.367,3.0,-1.003,1.0,-3.0,-0.01,-1.0,0.0,0.063,0.518,2.019,-1.0,0.0,2.597,3.124,-1.0,0.982,0.0,0.999,0.994,1.197,-1.0,0.0,0.0,-1.0,-1.0,0.0,0.999,-2.0,0.0,0.0,0.999,0.003,-1.004,0.997,-0.013,0.007,0.003,0.992,1.032,4.984,-1.992,0.008,-1.002,2.982,2.019,1.097,3.039,-1.001,1.994,-1.998,-5.0,-3.0,0.057,-2.008,-0.698,0.436,0.981,4.753,-0.007,1.907,3.079,0.009,-3.003,-1.0,-0.008,-3.997,1.97,-4.659,-3.051,2.783,2.045,-2.003,0.081,2.001,0.997,0.0,0.0,0.0,0.0,0.0,0.0,0.0,0.0,0.0,0.0
BtcGF,BTCUSDc,8,11.6607,17.491,4,1.0127,75.81,442,49.5475,1,15,270,0.015,1.7,1.0,0.0,0.5,16385,1,4.231,1,1,0,0,0.0,0.984,3.024,-3.005,0.0,-0.995,1.019,3.444,-0.01,0.997,0.024,-0.993,-0.942,-1.003,-1.004,-0.008,2.067,2.034,-0.005,-2.006,-1.847,-0.017,-0.001,1.002,-2.003,2.792,0.223,1.01,-4.0,-1.007,0.006,0.995,2.08,3.212,-2.004,-4.999,0.272,-1.014,1.016,-2.0,-3.0,-4.0,0.02,0.007,2.061,3.391,3.0,-1.003,1.0,-3.0,-0.01,-1.0,0.0,0.056,-0.561,2.019,-1.0,0.0,2.597,3.093,-1.0,0.982,0.0,0.999,0.994,1.108,-1.0,0.0,0.0,-1.0,-1.0,0.0,0.999,-2.0,0.0,0.0,0.999,0.003,-1.005,0.997,-0.013,0.005,0.003,0.992,1.019,4.984,-1.992,0.009,-1.002,2.982,0.977,1.06,3.034,-1.002,1.994,-0.997,-3.823,-0.694,2.407,-2.008,-4.996,-0.867,0.981,4.161,-0.007,12.395,5.218,0.003,-3.003,-1.001,-0.008,-3.998,1.97,-4.823,-3.051,2.422,2.036,-2.003,0.049,1.997,0.997,0.0,0.0,0.0,0.0,0.0,0.0,0.0,0.0,0.0,0.0
BtcGF,BTCUSDc,89,3.4437,10.331,2,0.195,209.04,379,26.3852,1,15,270,0.015,1.4,2.0,0.0,0.5,16385,1,-11.265,9,1,0,0,0.25,12.443,23.813,-5.0,0.0,0.0,-4.0,11.585,1.358,8.599,-1.968,-2.0,-2.0,1.474,-4.0,-0.967,7.048,2.107,-0.954,-2.987,-1.988,2.458,1.545,2.308,-2.973,-0.766,7.793,-3.0,-3.001,-6.0,-0.974,-3.0,-3.77,0.529,2.211,-5.0,-2.894,-2.0,-1.715,-2.0,-3.0,-4.0,-2.0,-0.999,0.0,2.673,4.003,0.111,3.018,-3.0,0.0,-1.0,0.0,2.256,4.196,-1.0,-1.0,0.0,-1.0,2.18,-0.999,0.0,0.0,0.0,0.0,0.0,-1.0,0.0,0.0,-1.0,0.0,0.0,1.999,-1.0,0.0,0.0,-1.0,-2.0,-0.008,1.997,-2.0,-2.0,1.05,4.155,6.187,-0.763,-1.849,12.155,-6.0,-2.996,2.176,-2.003,-2.923,-2.011,1.996,-3.002,-6.0,1.036,7.655,-1.978,-3.959,2.602,5.07,-3.001,-4.0,0.377,1.645,2.245,-5.0,0.053,-1.005,-3.98,-1.001,-6.0,-3.0,1.264,-1.0,-2.999,-0.865,9.243,0.016,0.0,0.0,0.0,0.0,0.0,0.0,0.0,0.0,0.0,0.0
BtcGF,BTCUSDc,139,-0.0383,-0.115,2,-0.0029,0.0,401,32.1696,1,15,210,0.015,1.7,1.5,0.0,0.5,16385,1,-7.586,7,1,0,0,0.5,5.782,6.778,1.101,0.0,0.0,0.563,4.009,-2.999,1.496,3.558,-2.0,-5.0,-1.503,-3.0,-1.511,3.83,1.507,2.555,-2.497,-3.51,1.657,-1.424,-0.859,0.829,-1.488,1.642,1.319,-3.5,-6.0,-1.5,-0.505,4.748,-5.0,-1.505,-4.0,5.028,-2.0,-0.902,-2.0,-3.0,-4.0,-2.0,-0.999,-1.0,6.713,6.862,-0.474,2.0,-3.0,0.0,-1.0,0.0,1.628,3.762,-1.0,-1.0,0.0,-1.0,1.72,-1.0,0.0,0.0,0.0,0.0,0.0,-1.0,0.0,0.0,-1.0,0.0,0.0,1.499,-1.0,0.0,0.0,1.505,-2.0,-1.505,1.498,-2.0,-2.0,0.508,3.044,0.833,13.552,-2.384,1.436,-2.621,9.973,2.321,-2.502,-3.465,-2.508,0.996,-3.502,-5.0,-3.0,0.876,-2.491,-0.069,3.369,3.516,2.383,-1.507,3.931,0.148,1.904,-2.504,-0.906,2.431,-4.495,-2.508,-7.0,-1.514,0.682,-1.0,-1.605,0.609,5.051,1.995,0.0,0.0,0.0,0.0,0.0,0.0,0.0,0.0,0.0,0.0
BtcGF,BTCUSDc,32,25.243,50.486,3,2.2522,38.08,358,31.8436,1,15,270,0.015,1.7,2.0,0.0,0.5,16385,1,31.259,5,1,0,0,0.0,3.032,4.648,-1.967,0.0,0.0,16.227,4.233,-3.0,2.004,-0.957,0.982,-1.916,0.017,-3.0,1.055,7.266,2.139,-2.0,-2.98,-1.95,3.42,1.578,2.861,2.51,-0.766,9.537,0.051,-3.001,-1.95,-0.966,-3.0,4.795,0.705,2.257,-4.999,4.298,-2.0,1.805,-2.0,-3.0,-4.0,-2.0,-0.999,-1.0,2.772,4.003,0.244,3.018,-3.0,0.0,-1.0,0.0,2.527,4.208,-1.0,-1.0,0.0,-1.0,2.351,-0.999,0.0,0.0,0.0,0.0,0.0,-1.0,0.0,0.0,-1.0,0.0,0.0,1.999,-1.0,0.0,0.0,-1.0,-2.0,1.061,1.997,-2.0,-2.0,1.083,4.291,6.193,5.326,-0.701,3.096,1.471,3.109,0.14,-1.003,1.158,-2.011,1.996,-2.0,-5.0,1.036,1.382,-1.96,-3.939,2.647,5.128,0.337,-4.0,0.378,1.688,2.463,-1.975,0.091,2.009,-2.973,-0.985,-6.0,-3.0,1.272,-1.0,-5.0,-0.796,9.363,3.022,0.0,0.0,0.0,0.0,0.0,0.0,0.0,0.0,0.0,0.0
BtcGF,BTCUSDc,167,21.3507,64.052,2,1.4446,150.53,373,18.7668,1,15,270,0.015,2.0,2.5,0.0,0.5,16385,1,-32.367,13,1,0,0,0.5,5.702,12.145,-5.0,0.0,0.0,-3.999,5.449,-3.0,-1.0,1.582,17.938,-5.0,-0.43,-3.0,-3.0,1.393,3.425,-0.308,-2.464,-6.0,-4.0,-3.999,12.007,7.99,-0.191,8.169,-3.0,-2.501,-6.0,-0.453,-3.0,-5.999,1.727,-0.509,-4.0,-4.999,-2.0,2.395,-2.0,-3.0,-4.0,-2.0,-0.999,-1.0,6.49,10.484,2.418,1.499,-3.0,0.0,-1.0,0.0,5.034,5.383,-1.0,-1.0,0.0,-1.0,-1.0,-1.0,0.0,0.0,0.0,0.0,0.0,-1.0,0.0,0.0,-1.0,0.0,0.0,2.507,-1.0,0.0,0.0,-1.0,-2.0,-0.509,2.503,-2.0,-2.0,-2.0,2.428,-2.0,1.385,-1.463,-2.506,-2.979,-2.493,3.644,-1.49,-2.246,-1.514,2.994,2.61,-6.0,1.909,-6.0,-1.403,92.419,1.573,6.666,-5.0,-4.0,1.513,-0.41,0.606,-5.0,0.847,-0.508,-3.46,0.645,-7.0,-3.0,-2.111,-1.0,-5.0,-4.0,9.516,-2.0,0.0,0.0,0.0,0.0,0.0,0.0,0.0,0.0,0.0,0.0
BtcGF,BTCUSDc,118,57.28,171.84,2,2.1311,127.26,372,15.5914,1,15,210,0.015,2.0,3.0,0.0,0.5,16385,1,-46.837,11,1,0,0,0.25,10.561,1.247,-5.0,0.0,0.0,-4.0,3.87,-3.0,-1.0,2.126,-2.0,-5.0,0.111,-3.0,-3.0,-2.0,1.011,0.371,-5.0,-6.0,-4.0,-4.0,0.012,-5.0,0.029,1.346,-3.0,-1.99,-6.0,0.09,-3.0,-0.719,-5.0,-0.011,-5.0,0.009,-2.0,6.106,-2.0,-3.0,-4.0,-2.0,-0.999,-1.0,12.108,3.063,6.005,1.999,-3.0,0.0,-1.0,0.0,28.297,9.075,-1.0,-1.0,0.0,-1.0,-1.0,-0.999,0.0,0.0,0.0,0.0,0.0,-1.0,0.0,0.0,-1.0,0.0,0.0,3.013,-1.0,0.0,0.0,-1.0,-2.0,-0.01,3.013,-2.0,-2.0,-2.0,3.385,-2.0,-0.655,0.947,-2.007,-1.553,-1.987,0.932,-1.979,-1.639,-1.016,3.993,-0.91,-5.0,-3.0,-5.998,-0.862,214.677,9.56,10.5,-5.0,-4.0,3.085,-0.039,1.572,-5.0,-1.999,3.722,-2.947,1.403,-7.0,-3.0,-1.023,-1.0,-5.0,-4.0,7.944,-2.0,0.0,0.0,0.0,0.0,0.0,0.0,0.0,0.0,0.0,0.0
BtcGF,BTCUSDc,52,127.73,127.73,6,4.6612,91.51,333,20.7207,1,15,210,0.015,1.4,3.0,0.0,0.5,16385,1,10.85,9,1,0,0,0.0,10.561,1.112,-4.999,0.0,0.0,-4.0,3.87,-3.0,3.025,0.079,-1.998,-2.0,9.438,-3.0,-2.0,-1.999,5.964,-2.0,-5.0,-5.999,-3.0,-4.999,1.012,4.497,0.029,1.081,-2.999,-1.99,-0.862,0.051,-3.0,115.881,-5.0,-0.011,-5.0,7.229,-2.0,2.798,-2.0,-3.0,-4.0,-2.0,-0.999,0.0,7.268,3.052,1.555,1.999,-3.0,0.0,-1.0,0.0,4.274,8.996,-1.0,-1.0,0.0,-1.0,-0.999,0.0,-1.0,0.0,0.0,0.0,0.0,-1.0,0.0,0.0,-1.0,0.0,0.0,3.013,-1.0,0.0,0.0,-1.0,-2.0,0.989,3.012,-1.0,-2.0,-2.0,2.349,3.663,2.122,0.419,-1.007,-1.68,3.17,0.454,0.009,4.396,-1.016,3.993,0.09,-5.0,-3.0,-4.999,-0.941,7.137,9.271,7.538,-4.999,-4.0,3.073,-0.561,7.202,-5.0,-2.0,3.619,-1.961,1.255,-6.0,-3.0,0.211,-1.0,-3.0,-1.0,11.805,2.187,0.0,0.0,0.0,0.0,0.0,0.0,0.0,0.0,0.0,0.0
BtcGF,BTCUSDc,126,-0.7647,-2.294,2,-0.0773,0.0,430,45.1163,1,15,150,0.015,1.7,1.0,0.0,0.5,16385,1,-5.335,0,1,0,0,0.5,2.861,4.108,-1.945,0.0,-0.995,4.299,1.818,-2.005,0.997,0.144,-2.0,-2.954,-2.003,-1.004,-0.008,2.006,1.14,0.228,-3.003,-1.399,-0.017,-0.001,1.638,-1.948,-0.378,0.108,2.041,-4.0,-5.005,0.888,0.995,1.556,-0.938,-2.004,-1.072,1.45,-1.014,-0.996,-2.0,-3.0,-4.0,0.02,2.295,3.151,2.032,3.936,-1.003,1.0,-3.0,0.0,-1.0,0.0,1.055,1.995,1.003,-1.0,0.0,2.749,1.09,2.365,0.0,0.0,0.0,0.0,0.0,-1.0,0.0,0.0,-1.0,0.0,0.0,0.999,-1.0,0.0,0.0,0.999,0.003,0.978,0.998,-0.013,-2.0,0.238,1.992,-0.004,7.072,0.027,-0.992,-1.006,4.197,-0.017,1.036,1.108,-0.06,1.994,-2.998,-5.0,-0.795,-1.969,-2.008,-1.654,0.983,1.981,3.14,-1.007,-0.015,6.502,0.003,-3.003,-1.988,-0.008,-4.998,1.986,-3.819,-2.044,-1.532,0.054,-2.003,0.049,3.027,0.997,0.0,0.0,0.0,0.0,0.0,0.0,0.0,0.0,0.0,0.0
BtcGF,BTCUSDc,119,-14.1147,-42.344,2,-0.4877,0.0,378,15.0794,1,15,270,0.015,2.0,3.0,0.0,0.5,16385,1,-70.641,10,1,0,0,0.25,15.27,1.247,-5.0,0.0,0.0,-4.0,7.296,-3.0,-1.0,-0.874,-2.0,-5.0,1.111,-4.0,-3.0,-1.999,0.039,0.371,-6.0,-6.0,-4.0,-3.999,0.012,-5.0,0.383,1.621,-3.0,-1.99,-6.0,0.09,-3.0,-6.999,-3.999,-0.011,-5.0,0.009,-2.0,6.106,-2.0,-3.0,-4.0,-2.0,-0.999,-1.0,12.216,3.063,6.005,1.999,-3.0,0.0,-1.0,0.0,28.297,6.532,-1.0,-1.0,0.0,-1.0,-1.0,-0.999,0.0,0.0,0.0,0.0,0.0,-1.0,0.0,0.0,-1.0,0.0,0.0,3.013,-1.0,0.0,0.0,-1.0,-2.0,-0.011,3.013,-2.0,-2.0,-2.0,3.385,-2.0,1.669,0.947,-2.007,-1.553,-1.987,1.615,-1.979,-1.639,-1.016,3.993,12.446,-6.0,2.819,-5.999,-0.862,-2.223,2.445,10.5,-5.0,-4.0,2.647,0.65,1.572,-5.0,-1.999,-4.0,-2.947,1.349,-7.0,-3.0,-0.927,-1.0,-5.0,-4.0,7.944,-2.0,0.0,0.0,0.0,0.0,0.0,0.0,0.0,0.0,0.0,0.0
BtcGF,BTCUSDc,49,105.2533,126.304,5,4.4954,92.08,318,22.0126,1,15,210,0.015,1.1,3.0,0.0,0.5,16385,1,9.997,7,1,0,0,0.0,10.561,2.079,-4.999,0.0,0.0,-3.999,3.87,-3.0,3.025,0.051,-1.999,-2.0,1.215,-3.0,-2.0,-2.0,5.944,-2.0,-5.0,-5.999,1.322,-3.0,1.012,3.4,0.028,1.022,-2.999,-1.99,-0.906,0.045,-3.0,116.307,-6.0,-0.011,-5.0,4.595,-2.0,2.212,-2.0,-3.0,-4.0,-2.0,-0.999,0.0,6.82,3.04,1.241,1.999,-3.0,0.0,-1.0,0.0,3.499,8.962,-1.0,-1.0,0.0,-1.0,-1.0,0.0,-1.0,0.0,0.0,0.0,0.0,-1.0,0.0,0.0,-1.0,0.0,0.0,3.013,-1.0,0.0,0.0,-1.0,-2.0,-2.0,3.011,-1.0,-2.0,-2.0,2.126,3.471,2.085,0.204,-1.007,-0.871,3.065,0.379,0.009,4.586,-1.016,3.993,0.09,-5.0,-3.0,-4.0,-0.959,3.302,9.271,8.502,-4.999,-4.0,3.068,-0.601,6.74,-5.0,-2.0,3.618,-1.961,1.236,-2.0,-4.0,3.075,3.741,0.0,-1.999,10.66,2.124,0.0,0.0,0.0,0.0,0.0,0.0,0.0,0.0,0.0,0.0
BtcGF,BTCUSDc,232,7.8273,23.482,2,0.9658,100.19,343,19.242,1,15,210,0.015,1.4,3.0,0.0,0.5,16385,1,-0.044,12,1,0,0,0.75,5.124,1.112,-4.999,0.0,0.0,-3.999,7.141,-2.0,-1.0,2.078,-2.0,-2.0,9.439,-3.0,-2.0,-1.999,5.964,0.155,-5.0,-5.999,-3.0,-4.999,1.012,10.233,0.029,1.081,-2.999,-1.99,-5.0,0.051,-3.0,13.68,-4.0,-0.011,-4.0,20.527,-2.0,-0.202,-2.0,-3.0,-4.0,-2.0,-0.999,0.0,5.365,14.748,1.555,1.999,-3.0,0.0,-1.0,0.0,4.274,8.996,-1.0,-1.0,0.0,-1.0,-0.999,-1.0,0.0,0.0,0.0,0.0,0.0,-1.0,0.0,0.0,-1.0,0.0,0.0,3.013,-1.0,0.0,0.0,-1.0,-2.0,0.989,3.012,-2.0,-2.0,-2.0,2.349,3.663,0.121,-1.58,-2.007,-2.679,-1.988,0.454,2.184,-1.824,-1.015,3.993,-2.0,-5.0,-2.999,-5.0,-0.941,6.22,5.842,7.538,-4.0,-5.0,3.073,-0.561,7.202,-5.0,-2.0,3.558,-2.961,1.255,-6.0,-3.0,-0.789,-1.0,-3.0,-1.0,11.805,2.187,0.0,0.0,0.0,0.0,0.0,0.0,0.0,0.0,0.0,0.0
BtcGF,BTCUSDc,40,48.862,73.293,4,2.8439,111.59,338,23.9645,1,15,210,0.015,1.4,2.5,0.0,0.5,16385,1,-8.493,7,1,0,0,0.0,7.852,4.157,-4.999,0.0,0.0,-4.0,2.695,-3.0,2.512,-0.446,2.456,-2.0,3.329,-3.0,-2.0,0.958,3.986,-2.0,-1.476,-5.999,-3.0,-4.999,3.76,-1.463,-0.477,3.793,-2.999,-2.501,-1.43,-0.472,-3.0,79.787,-5.0,-0.509,-5.0,4.765,-2.0,2.007,-2.0,-3.0,-4.0,-2.0,-0.999,0.0,5.373,5.529,0.784,1.499,-3.0,0.0,-1.0,0.0,2.956,7.244,-1.0,-1.0,0.0,-1.0,-0.999,0.0,-1.0,0.0,0.0,0.0,0.0,-1.0,0.0,0.0,-1.0,0.0,0.0,2.507,-1.0,0.0,0.0,-1.0,-2.0,0.491,2.503,-1.0,-2.0,-2.0,1.738,2.655,1.555,-0.236,4.992,-2.338,2.046,-0.224,-0.497,2.49,-1.514,2.994,-0.741,-5.0,-3.0,3.247,-1.459,3.875,7.046,9.686,-4.999,-4.0,2.053,-1.192,5.371,-5.0,0.619,-0.508,-2.47,0.616,-6.0,-3.0,-0.417,-1.0,-3.0,0.869,9.27,1.591,0.0,0.0,0.0,0.0,0.0,0.0,0.0,0.0,0.0,0.0
BtcGF,BTCUSDc,151,14.0925,28.185,3,0.9484,65.81,383,26.3708,1,15,210,0.015,1.7,2.0,0.0,0.5,16385,1,9.637,14,1,0,0,0.5,8.772,10.427,-5.0,0.0,0.0,4.612,6.515,-2.999,4.844,7.602,-2.0,-5.0,-0.983,-3.0,-0.945,7.816,2.751,-0.932,-1.98,-6.0,3.42,-0.788,2.861,4.41,-0.983,4.791,-3.0,-3.001,-6.0,-0.966,-3.0,10.867,-5.0,-1.007,-4.0,14.548,-2.0,-1.195,-2.0,-3.0,-4.0,-2.0,-0.999,-1.0,2.386,4.003,0.244,3.018,-3.0,0.0,-1.0,0.0,2.527,5.506,-1.0,-1.0,0.0,-1.0,2.351,-1.0,0.0,0.0,0.0,0.0,0.0,-1.0,0.0,0.0,-1.0,0.0,0.0,1.999,-1.0,0.0,0.0,-1.0,-2.0,-1.007,1.997,-2.0,-2.0,1.083,4.291,1.708,-0.979,-2.7,5.725,-5.999,-2.997,1.234,-2.002,-2.894,-2.011,1.996,-3.002,-5.0,-3.0,4.458,-1.96,3.075,5.816,5.128,5.776,-4.0,1.033,1.267,2.922,-5.0,0.091,6.693,-3.973,-0.985,-7.0,-3.0,0.297,-1.0,-5.0,-0.796,9.363,3.045,0.0,0.0,0.0,0.0,0.0,0.0,0.0,0.0,0.0,0.0
BtcGF,BTCUSDc,239,59.494,178.482,2,2.595,121.96,359,15.8774,1,15,270,0.015,2.0,3.0,0.0,0.5,16385,1,-39.186,11,1,0,0,0.75,5.124,1.247,-4.999,0.0,0.0,-3.999,9.565,-3.0,-1.0,2.126,-2.0,-5.0,0.112,-3.0,-1.0,-1.999,0.039,0.371,-6.0,-6.0,-4.0,-4.0,0.012,5.787,0.383,1.621,-2.999,-1.99,-5.0,0.09,-3.0,-4.999,-3.999,-0.011,-4.0,-3.999,-2.0,6.106,-2.0,-2.999,-4.0,-2.0,-0.999,-1.0,9.994,14.76,6.005,1.999,-3.0,0.0,-1.0,0.0,28.297,6.532,-1.0,-1.0,0.0,-1.0,-1.0,-1.0,0.0,0.0,0.0,0.0,0.0,-1.0,0.0,0.0,-1.0,0.0,0.0,3.013,-1.0,0.0,0.0,-1.0,-2.0,-0.011,3.013,-2.0,-2.0,-2.0,3.385,-2.0,2.669,-0.052,-2.007,-1.552,-1.988,1.615,-1.979,-1.639,-1.015,3.993,-2.0,-5.0,2.82,-6.0,-0.862,213.668,2.445,10.5,-4.0,-5.0,2.647,0.65,1.572,-5.0,-1.999,-4.0,-2.947,1.349,-6.0,-3.0,-0.928,-1.0,-5.0,-4.0,7.944,-2.0,0.0,0.0,0.0,0.0,0.0,0.0,0.0,0.0,0.0,0.0
BtcGF,BTCUSDc,142,0.513,1.539,2,0.0396,488.11,402,32.0896,1,15,210,0.015,2.0,1.5,0.0,0.5,16385,1,-5.973,8,1,0,0,0.5,5.785,6.84,1.101,0.0,0.0,0.563,4.009,-3.0,1.496,3.58,-2.0,-5.0,-1.503,-3.0,-1.508,4.018,1.521,2.555,-2.497,-3.51,1.801,-1.421,-0.721,0.829,-1.488,1.646,1.319,-3.5,-6.0,-1.5,-0.505,4.815,-5.0,-1.505,-4.0,5.093,-2.0,-0.821,-2.0,-3.0,-4.0,-2.0,-0.999,-1.0,7.258,6.862,-0.46,2.0,-3.0,0.0,-1.0,0.0,1.651,3.768,-1.0,-1.0,0.0,-1.0,1.829,-1.0,0.0,0.0,0.0,0.0,0.0,-1.0,0.0,0.0,-1.0,0.0,0.0,1.499,-1.0,0.0,0.0,1.505,-2.0,0.012,1.498,-2.0,-2.0,0.508,3.066,0.833,13.552,-2.319,1.45,-2.621,9.98,2.321,-2.502,-3.458,-2.508,0.996,-3.502,-5.0,-3.0,1.017,-2.488,1.282,3.386,3.524,2.44,-1.507,3.944,0.197,1.993,-2.504,-0.886,2.431,-4.495,-2.508,-7.0,-1.506,0.749,-1.0,-5.0,0.677,5.087,1.995,0.0,0.0,0.0,0.0,0.0,0.0,0.0,0.0,0.0,0.0
BtcGF,BTCUSDc,171,46.0042,55.205,5,2.3161,49.72,350,19.1429,1,15,150,0.015,1.4,3.0,0.0,0.5,16385,1,27.758,11,1,0,0,0.5,5.779,1.112,-4.0,-0.998,0.0,-4.0,4.142,-2.0,-1.0,2.078,-1.0,-2.0,9.439,-3.0,-2.0,-1.999,5.006,0.155,-5.0,-5.999,-3.0,-4.999,1.012,17.016,-4.0,1.456,1.098,-1.342,-6.0,0.336,-3.0,22.651,-5.0,-0.011,-4.0,23.447,-2.0,-0.202,-2.0,-3.0,-4.0,-2.0,-0.999,0.0,1.691,16.989,1.555,1.999,-3.0,0.0,-1.0,0.0,4.274,2.088,-1.0,-1.0,0.0,-1.0,-0.999,-1.0,0.0,0.0,0.0,0.0,0.0,-1.0,0.0,0.0,-1.0,0.0,0.0,3.013,-1.0,0.0,0.0,-1.0,-2.0,0.989,3.012,-2.0,-2.0,-2.0,2.349,2.329,2.111,-1.58,-2.007,3.046,-0.988,8.626,2.185,-1.825,-1.016,3.993,-1.979,-5.0,2.214,-5.0,-0.941,3.853,9.586,7.538,-5.0,-5.0,0.024,0.868,0.404,0.163,-2.0,10.512,-2.961,1.496,-6.0,-3.0,-0.789,-1.0,-3.0,-1.0,12.08,1.125,0.0,0.0,0.0,0.0,0.0,0.0,0.0,0.0,0.0,0.0
BtcGF,BTCUSDc,140,11.394,22.788,3,0.8074,32.78,403,33.7469,1,15,270,0.015,1.7,1.5,0.0,0.5,16385,1,15.317,8,1,0,0,0.5,5.782,6.778,1.101,0.0,0.0,0.563,4.547,-2.999,1.496,4.227,-2.0,-5.0,-1.503,-3.0,-1.511,4.059,1.075,2.555,-3.497,-0.443,1.657,-0.092,-0.859,0.829,1.719,1.768,1.319,-3.5,-6.0,-1.5,-0.505,2.071,-0.109,1.116,-4.0,5.028,-2.0,-0.902,-2.0,-3.0,-4.0,-2.0,-0.999,-1.0,6.199,6.862,-0.474,2.0,-3.0,0.0,-1.0,0.0,1.628,3.085,-1.0,-1.0,0.0,-1.0,1.72,-1.0,0.0,0.0,0.0,0.0,0.0,-1.0,0.0,0.0,-1.0,0.0,0.0,1.499,-1.0,0.0,0.0,1.505,-2.0,0.01,1.498,-2.0,-2.0,0.508,3.044,1.917,14.218,-2.384,1.436,-2.621,9.973,1.565,-2.502,-3.465,-2.508,0.996,-2.009,-5.0,0.17,4.352,-2.491,0.975,1.367,3.516,2.918,-1.507,5.169,0.436,1.641,-2.504,-0.906,2.431,-4.495,-2.508,-7.0,-1.479,0.682,-1.0,-1.605,0.609,5.051,1.995,0.0,0.0,0.0,0.0,0.0,0.0,0.0,0.0,0.0,0.0
BtcGF,BTCUSDc,209,13.178,19.767,4,0.9946,40.53,363,28.6501,1,15,270,0.015,1.4,2.0,0.0,0.5,16385,1,11.755,7,1,0,0,0.75,7.532,6.863,-4.999,0.0,0.0,1.503,2.677,1.358,3.593,5.272,-2.0,-2.0,0.475,-3.0,1.033,4.048,2.107,-0.954,-2.987,-1.988,2.458,1.026,2.308,0.97,-0.766,4.018,-2.999,-3.001,-5.0,-0.974,-3.0,4.265,0.529,2.211,-4.0,12.669,-2.0,-1.715,-2.0,-2.999,-4.0,-2.0,-0.999,0.0,1.273,4.004,0.111,3.018,-3.0,0.0,-1.0,0.0,2.256,4.196,-1.0,-1.0,0.0,-1.0,2.18,-1.0,0.0,0.0,0.0,0.0,0.0,-1.0,0.0,0.0,-1.0,0.0,0.0,1.999,-1.0,0.0,0.0,-1.0,-2.0,-0.008,1.997,-2.0,-2.0,1.05,4.155,2.954,0.237,-2.848,3.998,-5.999,3.85,2.176,-2.003,-2.923,-2.01,1.996,-2.0,-5.0,1.037,2.045,-1.978,1.248,2.602,5.07,5.146,-5.0,0.377,1.645,2.245,-5.0,0.053,4.407,-3.98,-1.001,-6.0,-3.0,1.263,-1.0,-2.999,-0.865,9.243,0.016,0.0,0.0,0.0,0.0,0.0,0.0,0.0,0.0,0.0,0.0
BtcGF,BTCUSDc,63,-10.466,-20.932,3,-0.5209,0.0,432,42.1296,1,15,150,0.015,1.4,1.0,0.0,0.5,16385,1,-26.907,2,1,0,0,0.25,2.861,5.879,-4.0,1.361,-0.999,1.107,-1.021,-2.005,0.997,0.482,-2.0,-2.966,-2.003,-1.004,-0.008,2.0,2.951,0.55,-3.003,-4.01,-0.017,-0.001,-0.994,-4.005,0.51,0.108,3.728,-4.0,-5.005,-2.0,0.995,4.975,-0.938,-2.004,-3.991,-1.978,-1.014,-0.996,-2.0,-3.0,-4.0,0.016,4.725,3.141,2.019,0.996,-1.003,1.0,-3.0,0.0,-1.0,0.0,1.048,1.995,1.003,-1.0,0.0,2.988,1.051,5.218,0.0,0.0,0.0,0.0,0.0,-1.0,0.0,0.0,-1.0,0.0,0.0,0.999,-1.0,0.0,0.0,0.999,0.003,0.485,0.998,-0.013,-2.0,0.238,1.992,-0.004,4.287,-2.997,-0.995,-4.008,0.976,-0.017,-3.005,2.799,1.531,1.994,-2.998,-5.0,-0.795,-1.988,-2.008,-1.788,2.466,1.981,5.222,-1.007,0.146,8.364,-0.0,-3.003,-1.988,-0.007,-4.998,1.986,-3.905,-2.044,-1.67,0.046,-2.003,0.034,3.027,0.997,0.0,0.0,0.0,0.0,0.0,0.0,0.0,0.0,0.0,0.0
BtcGF,BTCUSDc,78,-13.778,-27.556,3,-0.4416,0.0,403,29.7767,1,15,150,0.015,1.7,1.5,0.0,0.5,16385,1,-41.133,10,1,0,0,0.25,5.356,15.175,-5.0,0.0,0.0,-4.0,-0.173,-2.999,1.496,3.062,-2.0,-5.0,-1.503,-3.0,-1.511,4.059,6.093,4.695,-2.497,-3.51,1.657,-1.49,-0.859,-3.488,-4.0,1.965,-0.492,-3.5,-6.0,-1.5,-0.505,-2.86,-5.0,-1.505,-5.0,-0.877,-2.0,-0.902,-2.0,-3.0,-4.0,-2.0,-0.999,-1.0,4.855,2.497,-0.474,2.0,-3.0,0.0,-1.0,0.0,1.628,0.514,-1.0,-1.0,0.0,-1.0,1.72,-1.0,0.0,0.0,0.0,0.0,0.0,-1.0,0.0,0.0,-1.0,0.0,0.0,1.499,-1.0,0.0,0.0,1.505,-2.0,-1.506,1.498,-2.0,-2.0,1.04,3.044,0.511,8.551,-2.384,1.219,-3.26,12.922,2.215,-2.503,-3.466,-2.508,0.996,-3.502,-5.0,-0.048,3.259,-2.491,-1.401,6.511,3.516,6.117,-2.507,2.341,0.756,2.462,-2.504,-0.906,-1.504,-4.495,-2.508,-7.0,-1.514,3.116,-1.0,-1.466,0.609,5.107,1.995,0.0,0.0,0.0,0.0,0.0,0.0,0.0,0.0,0.0,0.0
BtcGF,BTCUSDc,208,3.581,10.743,2,0.3321,72.64,363,28.0992,1,15,210,0.015,1.4,2.0,0.0,0.5,16385,1,2.939,7,1,0,0,0.75,7.532,6.863,-4.999,0.0,0.0,1.503,2.677,1.358,3.593,4.805,-2.0,-2.0,0.475,-3.0,1.033,3.732,2.719,-0.954,-1.987,0.54,2.458,-0.821,2.308,0.97,-0.983,3.848,-2.999,-3.001,-5.0,-0.974,-3.0,4.265,-4.0,-1.007,-4.0,12.461,-2.0,-1.715,-2.0,-3.0,-4.0,-2.0,-0.999,0.0,1.337,4.004,0.111,3.018,-3.0,0.0,-1.0,0.0,2.256,5.494,-1.0,-1.0,0.0,-1.0,2.18,-1.0,0.0,0.0,0.0,0.0,0.0,-1.0,0.0,0.0,-1.0,0.0,0.0,1.999,-1.0,0.0,0.0,-1.0,-2.0,-0.008,1.997,-2.0,-2.0,1.05,4.155,1.702,-0.982,-2.848,3.998,-5.999,3.85,1.215,-2.003,-2.923,-2.01,1.996,-2.0,-5.0,-2.999,2.045,-1.978,0.501,4.646,5.07,4.114,-5.0,1.032,1.234,2.716,-5.0,0.053,4.407,-3.98,-1.001,-6.0,-3.0,1.172,-1.0,-3.0,-0.865,9.243,3.043,0.0,0.0,0.0,0.0,0.0,0.0,0.0,0.0,0.0,0.0
BtcGF,BTCUSDc,108,-9.312,-27.936,2,-0.4489,0.0,346,18.4971,1,15,150,0.015,1.1,3.0,0.0,0.5,16385,1,-45.877,5,1,0,0,0.25,5.779,2.079,-4.0,-0.996,0.0,-3.999,3.129,-2.0,-1.0,2.051,-1.0,-2.0,2.558,-2.999,-2.0,-2.0,12.309,0.086,-5.0,-5.999,1.322,-4.0,1.012,-1.639,-4.0,1.397,1.075,-1.342,-6.0,0.33,-3.0,-1.892,-5.0,-0.011,-5.0,-1.826,-2.0,-0.788,-2.0,-3.0,-4.0,-2.0,-0.999,0.0,1.273,3.039,1.241,1.999,-3.0,0.0,-1.0,0.0,3.499,2.054,-1.0,-1.0,0.0,-1.0,-1.0,-1.0,0.0,0.0,0.0,0.0,0.0,-1.0,0.0,0.0,-1.0,0.0,0.0,3.013,-1.0,0.0,0.0,-1.0,-2.0,-1.999,3.011,-2.0,-2.0,-2.0,2.126,2.137,1.091,-0.796,-2.007,2.842,-0.987,14.042,2.078,-1.889,-1.016,3.993,-1.979,-5.0,2.194,-3.999,-0.96,0.018,15.941,8.502,-5.0,-5.0,0.024,0.803,0.201,0.05,-2.0,-4.0,-2.961,1.485,-2.0,-4.0,3.075,-3.0,-1.0,-1.0,11.227,1.062,0.0,0.0,0.0,0.0,0.0,0.0,0.0,0.0,0.0,0.0
BtcGF,BTCUSDc,236,-2.3693,-7.108,2,-0.1278,0.0,355,17.4648,1,15,270,0.015,1.7,3.0,0.0,0.5,16385,1,-46.674,10,1,0,0,0.75,5.124,1.175,-4.999,0.0,0.0,-3.999,9.565,-2.999,-1.0,2.111,-2.0,-5.0,0.077,-3.0,-1.0,-2.0,5.233,0.249,-6.0,-6.0,-3.0,-5.0,0.012,5.787,0.383,1.446,-2.999,-1.99,-5.0,0.078,-3.0,-4.0,3.297,4.597,-4.0,-3.997,-2.0,1.536,-2.0,-2.999,-4.0,-2.0,-0.999,-1.0,6.563,14.748,2.816,1.999,-3.0,0.0,-1.0,0.0,8.916,6.457,-1.0,-1.0,0.0,-1.0,-1.0,-1.0,0.0,0.0,0.0,0.0,0.0,-1.0,0.0,0.0,-1.0,0.0,0.0,3.013,-1.0,0.0,0.0,-1.0,-2.0,4.953,3.013,-2.0,-2.0,-2.0,2.702,-2.0,2.533,-1.033,-2.007,-2.289,-1.988,1.549,-1.979,-1.746,-1.015,3.993,-2.0,-5.0,2.798,-6.0,-0.9,35.566,2.226,8.448,-4.0,-5.0,2.641,0.279,7.446,-5.0,-2.0,-3.999,-2.947,1.214,-6.0,-3.0,-1.38,-1.0,-5.0,-3.0,7.613,-2.0,0.0,0.0,0.0,0.0,0.0,0.0,0.0,0.0,0.0,0.0
BtcGF,BTCUSDc,86,1.937,5.811,2,0.1035,371.64,370,26.4865,1,15,270,0.015,1.1,2.0,0.0,0.5,16385,1,-15.785,8,1,0,0,0.25,12.435,23.674,-5.0,0.0,0.0,-3.999,11.576,1.136,8.599,-1.979,-2.0,-2.0,0.221,-4.0,-0.987,6.658,2.077,-0.972,-2.987,-2.0,2.111,1.521,2.145,-2.977,-0.766,7.793,-3.0,-3.001,-6.0,-0.974,-3.0,-3.907,0.505,2.18,-5.0,-2.931,-2.0,-1.911,-2.0,-3.0,-4.0,-2.0,-0.999,0.0,-3.0,4.003,0.078,3.018,-3.0,0.0,-1.0,0.0,2.213,4.178,-1.0,-1.0,0.0,-1.0,2.088,-0.999,0.0,0.0,0.0,0.0,0.0,-1.0,0.0,0.0,-1.0,0.0,0.0,1.999,-1.0,0.0,0.0,-1.0,-2.0,-1.999,1.997,-2.0,-2.0,1.025,4.07,6.183,-0.763,-1.908,12.142,-6.0,-2.996,2.151,-2.003,-2.949,-2.011,1.996,-3.002,-6.0,1.03,7.383,-1.984,-3.964,2.597,5.053,-3.001,-4.0,0.375,1.632,2.132,-5.0,0.027,-1.005,-3.98,-1.004,-2.0,-4.0,2.094,-3.0,2.434,-0.942,9.168,0.014,0.0,0.0,0.0,0.0,0.0,0.0,0.0,0.0,0.0,0.0
BtcGF,BTCUSDc,230,-4.2493,-12.748,2,-0.4039,0.0,328,19.5122,1,15,270,0.015,1.1,3.0,0.0,0.5,16385,1,-27.231,8,1,0,0,0.75,5.124,2.079,-4.999,0.0,0.0,-3.998,9.565,-2.0,-1.0,2.051,-2.0,-2.0,0.815,-3.0,-2.0,-1.998,4.935,0.086,-6.0,-5.999,1.322,-3.0,1.012,9.148,0.382,1.296,-2.999,-1.99,-5.0,0.045,-3.0,-1.0,0.969,4.384,-4.0,11.484,-2.0,-0.788,-2.0,-2.999,-4.0,-2.0,-0.999,0.0,-3.0,14.736,1.241,1.999,-3.0,0.0,-1.0,0.0,3.499,6.393,-1.0,-1.0,0.0,-1.0,-1.0,-1.0,0.0,0.0,0.0,0.0,0.0,-1.0,0.0,0.0,-1.0,0.0,0.0,3.013,-1.0,0.0,0.0,-1.0,-2.0,-1.999,3.011,-2.0,-2.0,-2.0,2.126,-2.0,2.409,-1.795,-2.007,-2.87,-1.988,1.523,2.078,-1.888,-1.015,3.993,-2.0,-5.0,2.766,-4.0,-0.959,4.423,2.068,8.502,-4.0,-5.0,2.63,0.038,5.736,-5.0,-2.0,-4.0,-2.961,1.013,-2.0,-4.0,3.267,-3.0,0.0,5.007,7.335,-2.0,0.0,0.0,0.0,0.0,0.0,0.0,0.0,0.0,0.0,0.0
BtcGF,BTCUSDc,100,15.572,31.144,3,0.6406,95.09,360,21.1111,1,15,210,0.015,1.4,2.5,0.0,0.5,16385,1,1.529,9,1,0,0,0.25,7.852,31.185,-5.0,0.0,0.0,-4.0,2.695,-2.0,-1.0,1.553,22.283,-2.0,3.329,-3.0,-2.0,0.958,3.986,-0.409,-1.476,-5.999,-3.0,-4.999,3.76,-2.451,-0.477,13.167,-3.0,-2.501,-6.0,-0.472,-3.0,1.063,-5.0,-0.509,-5.0,-2.265,-2.0,-0.993,-2.0,-3.0,-4.0,-2.0,-0.999,0.0,5.373,2.019,0.784,1.499,-3.0,0.0,-1.0,0.0,2.956,7.244,-1.0,-1.0,0.0,-1.0,-0.999,-0.999,0.0,0.0,0.0,0.0,0.0,-1.0,0.0,0.0,-1.0,0.0,0.0,2.507,-1.0,0.0,0.0,-1.0,-2.0,0.491,2.503,-2.0,-2.0,-2.0,1.738,2.655,-1.446,-1.236,24.674,-3.338,-2.492,2.375,-1.497,-2.372,-1.514,2.994,-1.741,-5.0,-3.0,-1.267,-1.459,3.875,7.046,9.686,-5.0,-4.0,2.053,-1.192,5.371,-5.0,0.619,-0.507,-3.47,0.616,-6.0,-3.0,-1.416,-1.0,-3.0,0.869,9.27,1.591,0.0,0.0,0.0,0.0,0.0,0.0,0.0,0.0,0.0,0.0
BtcGF,BTCUSDc,153,45.4393,68.159,4,3.2495,69.26,383,26.1097,1,15,150,0.015,2.0,2.0,0.0,0.5,16385,1,20.951,15,1,0,0,0.5,7.87,11.221,-4.998,0.0,0.0,4.019,6.686,-3.0,4.844,5.184,-2.0,-5.0,-0.974,-3.0,-0.906,11.251,4.871,-0.908,-1.98,-6.0,2.366,-0.867,4.267,4.41,-4.0,4.91,0.061,-3.001,-6.0,-0.821,-3.0,7.128,-5.0,-1.007,-4.0,43.208,-2.0,0.045,-2.0,-3.0,-4.0,-2.0,-0.999,-1.0,-0.666,4.003,0.493,3.022,-3.0,0.0,-1.0,0.0,3.025,1.078,-1.0,-1.0,0.0,-1.0,2.538,-1.0,0.0,0.0,0.0,0.0,0.0,-1.0,0.0,0.0,-1.0,0.0,0.0,1.999,-1.0,0.0,0.0,-1.0,-2.0,1.076,1.997,-2.0,-2.0,1.953,4.531,1.047,0.622,-2.493,4.091,-2.263,3.315,1.129,-2.002,-2.853,-2.011,1.996,-3.002,-5.0,0.706,0.081,-1.945,7.222,6.786,5.201,6.566,-5.0,-0.987,2.262,-0.36,-1.626,0.129,6.693,-3.973,-0.982,-7.0,-3.0,1.007,-1.0,-5.0,-0.661,9.513,3.022,0.0,0.0,0.0,0.0,0.0,0.0,0.0,0.0,0.0,0.0
BtcGF,BTCUSDc,219,0.0673,0.202,2,0.0063,5929.21,351,22.5071,1,15,150,0.015,1.4,2.5,0.0,0.5,16385,1,-11.775,12,1,0,0,0.75,3.817,7.688,-4.0,-0.998,0.0,-3.999,2.871,-2.0,5.821,1.553,4.125,-2.0,3.329,-3.0,-2.0,1.791,4.85,-0.409,-1.476,-5.999,-3.0,-4.999,3.76,2.878,1.22,6.428,0.57,-2.501,-5.0,-0.254,-3.0,6.825,-4.0,-0.509,-4.0,8.978,-2.0,-0.993,-2.0,-3.0,-4.0,-2.0,-0.999,0.0,0.863,8.259,0.784,1.499,-3.0,0.0,-1.0,0.0,2.956,1.564,-1.0,-1.0,0.0,-1.0,-0.999,-1.0,0.0,0.0,0.0,0.0,0.0,-1.0,0.0,0.0,-1.0,0.0,0.0,2.507,-1.0,0.0,0.0,-1.0,-2.0,0.491,2.503,-2.0,-2.0,-2.0,1.738,1.663,1.344,-2.235,3.826,1.392,3.796,2.18,-1.497,-2.373,-1.513,2.994,-2.0,-5.0,1.447,-1.148,-1.459,1.243,5.131,9.686,-4.0,-6.0,-0.481,-0.038,-0.206,-0.745,0.619,-0.508,-3.47,0.749,-6.0,-3.0,-1.417,-1.0,-3.0,0.869,9.27,0.55,0.0,0.0,0.0,0.0,0.0,0.0,0.0,0.0,0.0,0.0
BtcGF,BTCUSDc,216,-1.161,-2.322,3,-0.0726,0.0,341,23.1672,1,15,150,0.015,1.1,2.5,0.0,0.5,16385,1,-11.258,10,1,0,0,0.75,3.817,1.551,-4.0,-0.996,0.0,-3.998,2.863,-2.0,5.821,1.536,3.966,-2.0,0.993,-2.999,-2.0,1.79,4.789,-0.446,-1.476,-5.999,0.676,-4.0,3.252,2.878,1.22,6.421,0.554,-2.501,-5.0,-0.256,-3.0,7.802,-5.0,-0.509,-4.0,5.937,-2.0,-1.354,-2.0,-3.0,-4.0,-2.0,-0.999,0.0,0.671,8.257,0.653,1.499,-3.0,0.0,-1.0,0.0,2.826,1.538,-1.0,-1.0,0.0,-1.0,-1.0,-1.0,0.0,0.0,0.0,0.0,0.0,-1.0,0.0,0.0,-1.0,0.0,0.0,2.507,-1.0,0.0,0.0,-1.0,-2.0,-1.999,2.503,-2.0,-2.0,-2.0,1.586,1.573,1.334,-2.354,3.811,1.303,3.733,2.112,-1.497,-2.419,-1.513,2.994,-2.0,-5.0,1.439,-2.033,-1.473,-0.746,5.131,9.289,-4.0,-6.0,-0.481,-0.061,-0.35,-0.799,0.558,-0.508,-3.47,0.744,-2.0,-4.0,2.527,-3.0,5.14,0.619,9.179,0.522,0.0,0.0,0.0,0.0,0.0,0.0,0.0,0.0,0.0,0.0
BtcGF,BTCUSDc,11,10.9513,16.427,4,0.8447,80.72,442,49.3213,1,15,270,0.015,2.0,1.0,0.0,0.5,16385,1,3.167,1,1,0,0,0.0,0.984,3.028,-3.005,0.0,-0.992,1.025,3.502,-0.01,0.997,0.029,-0.993,-0.927,-1.004,-1.004,-0.008,2.067,2.037,-0.005,-2.006,-1.847,-0.015,-0.001,1.004,-2.003,2.792,0.223,1.01,-4.0,-1.007,0.006,0.995,2.082,3.243,-2.004,-4.999,-1.957,-1.014,1.018,-2.0,-3.0,-4.0,0.033,0.007,2.072,3.393,3.0,-1.003,1.0,-3.0,-0.01,-1.0,0.0,0.063,-0.558,2.019,-1.0,0.0,2.597,3.124,-1.0,0.982,0.0,0.999,0.994,1.197,-1.0,0.0,0.0,-1.0,-1.0,0.0,0.999,-2.0,0.0,0.0,0.999,0.003,-1.005,0.997,-0.013,0.007,0.003,0.992,1.032,4.984,-1.992,0.009,-1.002,2.982,0.977,1.097,3.039,-1.001,1.994,-0.997,-3.631,-0.693,2.437,-2.008,-4.997,-0.867,0.981,4.161,-0.007,12.395,5.237,0.009,-3.003,-1.0,-0.008,-3.997,1.97,-4.659,-3.051,2.783,2.045,-2.003,0.081,2.001,0.997,0.0,0.0,0.0,0.0,0.0,0.0,0.0,0.0,0.0,0.0
BtcGF,BTCUSDc,91,8.0107,24.032,2,0.4719,89.86,386,25.6477,1,15,210,0.015,1.7,2.0,0.0,0.5,16385,1,2.436,12,1,0,0,0.25,10.174,24.18,-5.0,0.0,0.0,-4.0,7.41,-2.999,8.599,16.657,-2.0,-5.0,-0.984,-3.0,-0.945,7.816,2.751,-0.932,-1.98,-6.0,3.42,-0.788,2.861,-2.957,-0.983,7.623,-3.0,-3.001,-6.0,-0.966,-3.0,0.909,-5.0,-1.007,-5.0,-2.813,-2.0,-1.195,-2.0,-3.0,-4.0,-2.0,-0.999,-1.0,2.703,4.003,0.244,3.018,-3.0,0.0,-1.0,0.0,2.527,5.506,-1.0,-1.0,0.0,-1.0,2.351,-0.999,0.0,0.0,0.0,0.0,0.0,-1.0,0.0,0.0,-1.0,0.0,0.0,1.999,-1.0,0.0,0.0,-1.0,-2.0,-1.007,1.997,-2.0,-2.0,1.083,4.291,1.708,-1.979,-1.701,12.181,-6.0,-2.996,1.234,-2.003,-2.894,-2.011,1.996,-3.002,-5.0,-3.0,8.664,-1.96,3.075,6.852,5.128,9.913,-4.0,1.033,1.267,2.922,-5.0,0.091,-1.005,-3.973,-0.985,-7.0,-3.0,0.298,-1.0,-5.0,-0.796,9.363,3.045,0.0,0.0,0.0,0.0,0.0,0.0,0.0,0.0,0.0,0.0
BtcGF,BTCUSDc,93,14.0915,28.183,3,0.5915,76.63,386,25.3886,1,15,150,0.015,2.0,2.0,0.0,0.5,16385,1,6.587,12,1,0,0,0.25,7.87,24.974,-4.998,0.0,0.0,-4.0,0.589,-3.0,8.599,6.149,-2.0,-5.0,-0.974,-3.0,-0.906,11.251,9.287,-0.908,-1.98,-6.0,2.366,-0.867,4.267,-2.949,-4.0,7.742,0.061,-3.001,-6.0,-0.821,-3.0,-2.933,-5.0,-1.007,-5.0,0.425,-2.0,0.045,-2.0,-3.0,-4.0,-2.0,-0.999,-1.0,-0.666,4.003,0.493,3.022,-3.0,0.0,-1.0,0.0,3.025,1.078,-1.0,-1.0,0.0,-1.0,2.538,-1.0,0.0,0.0,0.0,0.0,0.0,-1.0,0.0,0.0,-1.0,0.0,0.0,1.999,-1.0,0.0,0.0,-1.0,-2.0,1.076,1.997,-2.0,-2.0,1.953,4.531,1.047,-0.378,-1.494,4.091,-2.263,7.071,1.129,-2.003,-2.853,-2.011,1.996,-3.002,-5.0,0.706,4.287,-1.945,7.222,10.67,5.201,12.041,-5.0,-0.987,2.262,-0.36,-1.626,0.129,-1.005,-3.973,-0.982,-7.0,-3.0,1.008,-1.0,-5.0,-0.661,9.513,3.022,0.0,0.0,0.0,0.0,0.0,0.0,0.0,0.0,0.0,0.0
BtcGF,BTCUSDc,217,-1.111,-3.333,2,-0.0992,0.0,339,22.7139,1,15,210,0.015,1.1,2.5,0.0,0.5,16385,1,-13.779,11,1,0,0,0.75,3.817,1.551,-4.999,0.0,0.0,-3.998,5.058,-2.0,6.01,1.536,6.135,-2.0,0.214,-3.0,-2.0,0.948,3.917,-0.446,-1.476,-5.999,0.676,-3.0,3.252,2.878,-0.477,6.175,-2.999,-2.501,-5.0,-0.474,-3.0,8.838,-5.0,-0.509,-4.0,7.447,-2.0,-1.354,-2.0,-3.0,-4.0,-2.0,-0.999,0.0,3.602,8.257,0.653,1.499,-3.0,0.0,-1.0,0.0,2.826,7.218,-1.0,-1.0,0.0,-1.0,-1.0,-1.0,0.0,0.0,0.0,0.0,0.0,-1.0,0.0,0.0,-1.0,0.0,0.0,2.507,-1.0,0.0,0.0,-1.0,-2.0,-2.0,2.503,-2.0,-2.0,-2.0,1.586,2.565,-0.454,-2.354,6.262,-3.418,-2.493,2.307,-1.497,-2.418,-1.513,2.994,-2.0,-5.0,-2.999,-2.273,-1.472,1.185,4.227,9.289,-4.0,-5.0,2.049,-1.198,5.141,-5.0,0.558,-0.508,-3.47,0.61,-2.0,-4.0,2.527,-3.0,3.787,0.619,9.179,1.563,0.0,0.0,0.0,0.0,0.0,0.0,0.0,0.0,0.0,0.0
BtcGF,BTCUSDc,0,1.9183,5.755,2,0.295,124.08,445,48.3146,1,15,150,0.015,1.1,1.0,0.0,0.5,16385,1,-1.386,1,1,0,0,0.0,2.861,3.019,-2.005,1.358,-0.998,3.114,1.015,-0.01,0.997,1.48,-0.995,-0.961,-2.003,-1.004,-0.008,2.0,2.024,-0.005,-3.003,-2.016,-0.017,-0.001,0.999,-2.003,-0.013,0.108,1.01,-4.0,-1.007,0.006,0.995,1.992,1.059,-2.004,3.141,0.071,-1.014,1.013,-2.0,-3.0,-4.0,0.011,0.007,3.141,2.017,3.0,-1.003,1.0,-3.0,-0.01,-1.0,0.0,0.048,-2.998,2.019,-1.0,0.0,2.988,3.034,0.0,1.892,0.0,0.999,0.994,1.937,-1.0,0.0,0.0,-1.0,-1.0,0.0,0.999,-2.0,0.0,0.0,0.999,0.003,0.378,0.997,-0.013,0.0,0.238,0.991,1.016,6.294,-1.992,-0.995,-1.002,2.982,1.981,1.027,0.049,-1.003,1.994,-2.998,-5.0,-0.796,0.0,-2.008,-1.846,2.177,0.981,-0.009,-1.007,2.149,4.522,-0.002,-3.003,-1.001,-0.008,-3.998,1.986,-4.953,-3.051,0.317,2.054,-2.003,0.014,2.027,0.997,0.0,0.0,0.0,0.0,0.0,0.0,0.0,0.0,0.0,0.0
BtcGF,BTCUSDc,159,19.2033,28.805,4,0.9445,61.68,358,22.067,1,15,150,0.015,1.4,2.5,0.0,0.5,16385,1,11.039,15,1,0,0,0.5,4.304,12.076,-4.0,-0.998,0.0,-4.0,2.871,-2.0,7.885,1.553,5.744,-2.0,3.33,-3.0,-2.0,1.791,6.766,-0.409,-1.476,-5.999,-3.0,-4.999,3.76,7.99,-4.0,8.174,0.57,-2.501,-6.0,-0.254,-3.0,15.767,-5.0,-0.509,-4.0,12.727,-2.0,-0.993,-2.0,-3.0,-4.0,-2.0,-0.999,0.0,0.863,10.482,0.784,1.499,-3.0,0.0,-1.0,0.0,2.956,1.564,-1.0,-1.0,0.0,-1.0,-0.999,-1.0,0.0,0.0,0.0,0.0,0.0,-1.0,0.0,0.0,-1.0,0.0,0.0,2.507,-1.0,0.0,0.0,-1.0,-2.0,0.491,2.503,-2.0,-2.0,-2.0,1.738,1.663,1.344,-2.235,4.312,1.392,5.346,2.18,-1.496,-2.373,-1.514,2.994,-2.486,-5.0,1.446,-1.148,-1.459,1.243,7.16,9.686,-5.0,-5.0,-0.481,-0.039,-0.206,-0.745,0.619,-0.508,-3.47,0.749,-6.0,-3.0,-1.417,-1.0,-3.0,0.869,9.27,0.55,0.0,0.0,0.0,0.0,0.0,0.0,0.0,0.0,0.0,0.0
BtcGF,BTCUSDc,69,-7.7777,-23.333,2,-0.5498,0.0,433,41.8014,1,15,150,0.015,2.0,1.0,0.0,0.5,16385,1,-29.308,2,1,0,0,0.25,2.861,5.888,-4.998,0.0,-0.992,1.111,-1.021,-2.005,0.997,0.493,-2.0,-2.942,-2.003,-1.004,-0.008,2.006,2.959,0.55,-3.003,-4.01,-0.015,-0.001,-0.992,-4.005,0.51,0.108,3.728,-4.0,-5.005,-2.0,0.995,4.975,-0.938,-2.004,-3.991,-1.962,-1.014,-0.994,-2.0,-3.0,-4.0,0.033,4.725,3.162,2.034,0.996,-1.003,1.0,-3.0,0.0,-1.0,0.0,1.063,1.998,1.003,-1.0,0.0,2.988,1.121,5.218,0.0,0.0,0.0,0.0,0.0,-1.0,0.0,0.0,-1.0,0.0,0.0,0.999,-1.0,0.0,0.0,0.999,0.003,-1.005,0.998,-0.013,-2.0,0.238,1.992,-0.004,4.287,-2.997,-0.992,-4.008,0.976,-0.017,-3.005,2.799,1.531,1.994,-2.998,-5.0,-0.794,-1.944,-2.008,-1.379,2.466,1.981,5.222,-1.007,0.146,8.387,0.009,-3.003,-1.987,-0.007,-4.998,1.986,-3.655,-2.044,-1.261,0.062,-2.003,0.081,3.031,0.997,0.0,0.0,0.0,0.0,0.0,0.0,0.0,0.0,0.0,0.0
BtcGF,BTCUSDc,233,1.0222,6.133,1,0.1972,393.87,343,18.9504,1,15,270,0.015,1.4,3.0,0.0,0.5,16385,1,-18.023,9,1,0,0,0.75,5.124,1.112,-4.999,0.0,0.0,-3.999,9.565,-2.0,-1.0,2.078,-2.0,-2.0,9.439,-3.0,-2.0,-2.0,5.025,0.155,-6.0,-5.999,-3.0,-5.0,1.012,10.233,0.383,1.355,-2.999,-1.99,-5.0,0.051,-3.0,-1.999,2.207,4.465,-4.0,21.157,-2.0,-0.202,-2.0,-2.999,-4.0,-2.0,-0.999,0.0,5.25,14.748,1.555,1.999,-3.0,0.0,-1.0,0.0,4.274,6.427,-1.0,-1.0,0.0,-1.0,-0.999,-1.0,0.0,0.0,0.0,0.0,0.0,-1.0,0.0,0.0,-1.0,0.0,0.0,3.013,-1.0,0.0,0.0,-1.0,-2.0,0.989,3.012,-2.0,-2.0,-2.0,2.349,-2.0,2.445,-1.58,-2.007,-2.679,-1.988,1.53,2.184,-1.824,-1.015,3.993,-2.0,-5.0,2.786,-5.0,-0.941,7.608,2.085,7.538,-4.0,-5.0,2.635,0.103,6.152,-5.0,-2.0,-3.999,-2.961,1.081,-6.0,-3.0,-0.612,-1.0,-2.999,-1.0,11.805,-2.0,0.0,0.0,0.0,0.0,0.0,0.0,0.0,0.0,0.0,0.0
BtcGF,BTCUSDc,206,7.987,15.974,3,0.6916,46.94,354,28.8136,1,15,270,0.015,1.1,2.0,0.0,0.5,16385,1,8.476,7,1,0,0,0.75,7.524,6.724,-4.999,0.0,0.0,1.504,2.677,1.136,3.593,5.261,-2.0,-2.0,-0.778,-3.0,1.013,3.658,2.077,-0.972,-2.987,-2.0,2.111,1.009,2.145,0.97,-0.766,4.018,-2.999,-3.001,-5.0,-0.974,-3.0,4.128,0.505,2.18,-4.0,12.155,-2.0,-1.911,-2.0,-2.999,-4.0,-2.0,-0.999,0.0,-3.0,4.004,0.078,3.018,-3.0,0.0,-1.0,0.0,2.213,4.178,-1.0,-1.0,0.0,-1.0,2.088,-1.0,0.0,0.0,0.0,0.0,0.0,-1.0,0.0,0.0,-1.0,0.0,0.0,1.999,-1.0,0.0,0.0,-1.0,-2.0,-1.999,1.997,-2.0,-2.0,1.025,4.07,2.95,0.237,-2.907,3.985,-5.999,3.85,2.151,-2.003,-2.949,-2.01,1.996,-2.0,-5.0,1.031,1.773,-1.984,1.026,2.597,5.053,5.146,-5.0,0.375,1.632,2.132,-5.0,0.027,4.407,-3.98,-1.004,-2.0,-4.0,2.094,-3.0,2.434,-0.942,9.168,0.014,0.0,0.0,0.0,0.0,0.0,0.0,0.0,0.0,0.0,0.0
BtcGF,BTCUSDc,7,9.664,14.496,4,0.8548,51.86,443,49.2099,1,15,210,0.015,1.7,1.0,0.0,0.5,16385,1,6.978,1,1,0,0,0.0,2.709,3.024,-3.005,0.0,-0.995,1.019,3.196,-0.01,0.997,-1.989,-0.993,-0.942,0.462,-1.004,-0.008,2.006,2.286,-0.005,-3.003,-2.016,-0.017,-0.001,1.002,-2.003,1.993,0.159,1.01,-4.0,-1.007,0.006,0.995,2.019,0.004,-2.004,3.518,0.272,-1.014,1.016,-2.0,-3.0,-4.0,0.02,0.007,2.187,3.365,3.0,-1.003,1.0,-3.0,-0.01,-1.0,0.0,0.056,0.515,2.019,-1.0,0.0,2.597,3.093,0.0,2.022,0.0,0.999,0.994,1.108,-1.0,0.0,0.0,-1.0,-1.0,0.0,0.999,-2.0,0.0,0.0,0.999,0.003,0.995,0.997,-0.013,0.005,0.003,0.992,1.019,4.984,-1.992,0.008,-1.002,2.982,2.019,1.06,3.034,-1.002,1.994,-1.998,-5.0,-3.0,0.028,-2.008,-0.973,0.436,0.981,4.753,-0.007,1.907,3.06,0.003,-3.003,-1.001,-0.008,-3.998,1.97,-4.823,-3.051,2.422,2.036,-2.003,0.049,1.997,0.997,0.0,0.0,0.0,0.0,0.0,0.0,0.0,0.0,0.0,0.0
BtcGF,BTCUSDc,46,90.816,136.224,4,4.0449,69.51,356,21.0674,1,15,210,0.015,2.0,2.5,0.0,0.5,16385,1,41.531,9,1,0,0,0.0,7.852,4.226,-4.999,0.0,0.0,-4.0,2.695,-3.0,2.515,-0.417,-3.0,-4.0,-4.0,-3.0,-3.0,1.083,4.217,0.692,-1.464,-6.0,-4.0,-4.0,12.007,-1.454,-0.477,3.813,-2.999,-2.501,-1.389,-0.453,-3.0,82.082,-5.0,-0.509,-5.0,-0.429,-2.0,5.395,-2.999,-3.0,-4.0,-2.0,-0.999,-1.0,7.12,5.541,2.418,1.499,-3.0,0.0,-1.0,0.0,5.034,7.301,-1.0,-1.0,0.0,-1.0,-1.0,-0.999,0.0,0.0,0.0,0.0,0.0,-1.0,0.0,0.0,-1.0,0.0,0.0,2.507,-1.0,0.0,0.0,-1.0,-2.0,-0.508,2.503,-1.0,-1.999,-2.0,2.428,-2.0,1.613,-0.464,5.027,-1.98,1.361,-0.168,-0.491,2.71,-1.514,2.994,-0.741,-5.0,-3.0,-1.48,-1.403,90.693,7.234,6.666,-4.999,-4.0,2.06,-0.964,0.606,-5.0,0.847,-0.508,-2.459,0.674,-6.0,-3.0,3.061,-1.0,-5.0,-4.0,9.516,-2.0,0.0,0.0,0.0,0.0,0.0,0.0,0.0,0.0,0.0,0.0
BtcGF,BTCUSDc,36,28.6975,34.437,5,1.4884,85.88,328,25.0,1,15,150,0.015,1.1,2.5,0.0,0.5,16385,1,4.862,7,1,0,0,0.0,4.304,1.551,-4.0,-0.996,0.0,-3.999,1.863,-3.0,3.2,1.536,6.768,-2.0,0.994,-2.999,-2.0,1.79,3.196,-2.0,-1.476,-5.998,0.676,-4.0,3.252,-1.472,-4.0,4.032,0.554,-2.501,4.668,-0.256,-3.0,1.561,-5.0,-0.509,-4.0,31.371,-2.0,1.646,-2.0,-3.0,-4.0,-2.0,-0.999,0.0,0.671,2.018,0.653,1.499,-3.0,0.0,-1.0,0.0,2.826,1.538,-1.0,-1.0,0.0,-1.0,-1.0,-1.0,0.0,0.0,0.0,0.0,0.0,-1.0,0.0,0.0,-1.0,0.0,0.0,2.507,-1.0,0.0,0.0,-1.0,-2.0,-1.999,2.503,-2.0,-2.0,-2.0,1.586,1.573,1.334,-0.355,5.297,3.303,2.019,-0.426,-0.497,-2.419,-1.514,2.994,-1.486,-6.0,1.438,5.478,1.687,-0.746,14.748,9.289,-5.0,-5.0,-0.481,-0.062,-0.35,-0.799,0.558,-0.507,-2.47,0.744,-2.0,-4.0,2.527,1.541,5.14,0.619,9.179,0.522,0.0,0.0,0.0,0.0,0.0,0.0,0.0,0.0,0.0,0.0
BtcGF,BTCUSDc,53,25.905,31.086,5,1.1139,41.97,329,21.8845,1,15,270,0.015,1.4,3.0,0.0,0.5,16385,1,18.038,8,1,0,0,0.0,-2.0,1.112,0.098,0.0,0.0,-4.0,7.296,-3.0,3.025,0.079,6.374,-2.0,10.438,-3.0,-2.0,-2.0,5.025,-2.0,-6.0,-5.999,-3.0,-5.0,1.012,14.494,0.383,1.355,1.098,-1.99,-0.862,0.051,-3.0,-2.999,2.207,4.465,-5.0,7.229,-2.0,2.798,-2.0,-3.0,-4.0,-2.0,-0.999,0.0,7.378,7.101,1.555,1.999,-3.0,0.0,-1.0,0.0,4.274,6.427,-1.0,-1.0,0.0,-1.0,-0.999,0.0,-1.0,0.0,0.0,0.0,0.0,-1.0,0.0,0.0,-1.0,0.0,0.0,3.013,-1.0,0.0,0.0,-1.0,-2.0,0.989,3.012,-2.0,-2.0,-2.0,2.349,-2.0,4.656,0.419,-1.007,2.338,3.17,1.53,0.009,10.866,-1.016,3.993,-2.0,-5.0,2.785,-5.0,-0.941,-2.77,2.085,7.538,-5.0,-4.0,2.635,0.104,6.152,-4.998,-2.0,-2.999,-1.961,1.081,-6.0,-3.0,0.388,-1.0,-2.999,-1.0,11.805,6.435,0.0,0.0,0.0,0.0,0.0,0.0,0.0,0.0,0.0,0.0
BtcGF,BTCUSDc,170,9.516,19.032,3,0.8462,131.02,335,19.403,1,15,270,0.015,1.1,3.0,0.0,0.5,16385,1,-5.903,9,1,0,0,0.5,7.664,2.079,-5.0,0.0,0.0,-3.998,7.296,-2.0,-1.0,2.051,-2.0,-2.0,0.815,-3.0,-2.0,-1.998,4.935,0.086,-6.0,-5.999,1.322,-3.0,1.012,15.931,0.382,1.297,-3.0,-1.99,-6.0,0.045,-3.0,-2.0,0.969,4.384,-4.0,20.935,-2.0,-0.788,-2.0,-3.0,-4.0,-2.0,-0.999,0.0,-3.0,23.78,1.241,1.999,-3.0,0.0,-1.0,0.0,3.499,6.393,-1.0,-1.0,0.0,-1.0,-1.0,-1.0,0.0,0.0,0.0,0.0,0.0,-1.0,0.0,0.0,-1.0,0.0,0.0,3.013,-1.0,0.0,0.0,-1.0,-2.0,-1.999,3.011,-2.0,-2.0,-2.0,2.126,-2.0,2.41,-1.795,-2.007,-2.87,-1.988,1.523,2.079,-1.888,-1.016,3.993,4.897,-6.0,2.765,-4.0,-0.959,6.759,2.068,8.502,-5.0,-4.0,2.63,0.038,5.736,-5.0,-2.0,-4.0,-2.961,1.013,-2.0,-4.0,3.267,-3.0,0.0,5.007,7.335,-2.0,0.0,0.0,0.0,0.0,0.0,0.0,0.0,0.0,0.0,0.0
BtcGF,BTCUSDc,4,8.638,12.957,4,0.7568,57.69,443,49.2099,1,15,210,0.015,1.4,1.0,0.0,0.5,16385,1,5.482,1,1,0,0,0.0,2.709,3.019,-3.005,0.0,-0.998,1.015,3.154,-0.01,0.997,-1.991,-0.995,-0.956,0.461,-1.004,-0.008,2.0,2.281,-0.005,-3.003,-2.016,-0.017,-0.001,1.002,-2.003,1.993,0.159,1.01,-4.0,-1.007,0.006,0.995,2.018,0.004,-2.004,3.475,0.132,-1.014,1.016,-2.0,-3.0,-4.0,0.016,0.007,2.177,3.352,3.0,-1.003,1.0,-3.0,-0.01,-1.0,0.0,0.048,0.515,2.019,-1.0,0.0,2.597,3.054,0.0,1.885,0.0,0.999,0.994,1.061,-1.0,0.0,0.0,-1.0,-1.0,0.0,0.999,-2.0,0.0,0.0,0.999,0.003,0.502,0.997,-0.013,0.001,0.003,0.992,1.016,4.984,-1.992,0.005,-1.002,2.982,2.019,1.029,3.028,-1.002,1.994,-1.998,-5.0,-3.0,0.0,-2.008,-1.107,0.436,0.981,4.753,-0.007,1.907,3.056,-0.0,-3.003,-1.001,-0.008,-3.998,1.97,-4.909,-3.051,2.229,2.026,-2.003,0.034,1.997,0.997,0.0,0.0,0.0,0.0,0.0,0.0,0.0,0.0,0.0,0.0
BtcGF,BTCUSDc,81,-13.0085,-26.017,3,-0.4306,0.0,404,29.703,1,15,150,0.015,2.0,1.5,0.0,0.5,16385,1,-39.594,10,1,0,0,0.25,5.359,15.237,-4.998,0.0,0.0,-4.0,-0.173,-3.0,1.496,3.108,-2.0,-5.0,-1.503,-3.0,-1.508,4.247,6.107,4.695,-2.497,-3.51,1.801,-1.487,-0.721,-3.488,-4.0,1.969,-0.492,-3.5,-6.0,-1.5,-0.505,-2.793,-5.0,-1.505,-5.0,-0.84,-2.0,-0.821,-2.0,-3.0,-4.0,-2.0,-0.999,-1.0,5.4,2.497,-0.46,2.0,-3.0,0.0,-1.0,0.0,1.651,0.52,-1.0,-1.0,0.0,-1.0,1.829,-1.0,0.0,0.0,0.0,0.0,0.0,-1.0,0.0,0.0,-1.0,0.0,0.0,1.499,-1.0,0.0,0.0,1.505,-2.0,0.011,1.498,-2.0,-2.0,1.04,3.066,0.511,8.56,-2.319,1.233,-3.26,12.939,2.215,-2.503,-3.458,-2.508,0.996,-3.502,-5.0,-0.044,3.4,-2.488,-0.05,6.511,3.524,6.212,-2.507,2.354,0.805,2.551,-2.504,-0.886,-1.504,-4.495,-2.508,-7.0,-1.506,3.164,-1.0,-5.0,0.677,5.143,1.995,0.0,0.0,0.0,0.0,0.0,0.0,0.0,0.0,0.0,0.0
BtcGF,BTCUSDc,3,2.092,6.276,2,0.3251,114.13,445,48.3146,1,15,150,0.015,1.4,1.0,0.0,0.5,16385,1,-0.887,1,1,0,0,0.0,2.861,3.019,-2.005,1.361,-0.998,3.119,1.041,-0.01,0.997,1.483,-0.995,-0.956,-2.003,-1.004,-0.008,2.0,2.029,-0.005,-3.003,-2.016,-0.017,-0.001,1.002,-2.003,-0.013,0.108,1.01,-4.0,-1.007,0.006,0.995,1.994,1.059,-2.004,3.163,0.132,-1.014,1.016,-2.0,-3.0,-4.0,0.016,0.007,3.141,2.019,3.0,-1.003,1.0,-3.0,-0.01,-1.0,0.0,0.048,-2.996,2.019,-1.0,0.0,2.988,3.054,0.0,1.904,0.0,0.999,0.994,1.944,-1.0,0.0,0.0,-1.0,-1.0,0.0,0.999,-2.0,0.0,0.0,0.999,0.003,0.485,0.997,-0.013,0.001,0.238,0.992,1.016,6.294,-1.992,-0.995,-1.002,2.982,1.981,1.029,0.049,-1.002,1.994,-2.998,-5.0,-0.795,0.009,-2.008,-1.788,2.177,0.981,-0.009,-1.007,2.153,4.522,-0.0,-3.003,-1.001,-0.008,-3.998,1.986,-4.909,-3.051,0.4,2.056,-2.003,0.034,2.027,0.997,0.0,0.0,0.0,0.0,0.0,0.0,0.0,0.0,0.0,0.0
BtcGF,BTCUSDc,213,52.8717,63.446,5,2.9113,68.42,372,27.4194,1,15,150,0.015,2.0,2.0,0.0,0.5,16385,1,20.035,10,1,0,0,0.75,7.553,8.024,-4.998,0.0,0.0,1.503,1.589,-3.0,3.593,3.858,-2.0,0.902,-0.975,-3.0,1.094,8.251,3.399,-0.908,-1.98,0.546,2.366,-0.867,4.267,0.97,0.307,3.967,0.061,-3.001,-5.0,-0.821,-3.0,1.036,-4.0,-1.007,-4.0,48.067,-2.0,0.045,-2.0,-3.0,-4.0,-2.0,-0.999,-1.0,-0.666,4.004,0.493,3.022,-3.0,0.0,-1.0,0.0,3.025,1.078,-1.0,-1.0,0.0,-1.0,2.538,-1.0,0.0,0.0,0.0,0.0,0.0,-1.0,0.0,0.0,-1.0,0.0,0.0,1.999,-1.0,0.0,0.0,-1.0,-2.0,1.076,1.997,-2.0,-2.0,1.953,4.531,1.047,0.622,-2.493,3.764,-2.263,2.069,1.129,-2.003,-2.853,-2.01,1.996,-2.0,-5.0,0.707,-1.324,-1.945,7.222,5.21,5.201,4.451,-6.0,-0.987,2.264,-0.36,-1.626,0.129,4.408,-3.973,-0.982,-6.0,-3.0,7.28,-1.0,-5.0,-0.661,9.513,3.022,0.0,0.0,0.0,0.0,0.0,0.0,0.0,0.0,0.0,0.0
BtcGF,BTCUSDc,158,0.3447,0.517,4,0.0141,3697.29,345,21.7391,1,15,270,0.015,1.1,2.5,0.0,0.5,16385,1,-18.598,9,1,0,0,0.5,5.702,1.551,-5.0,0.0,0.0,-3.998,5.449,-2.0,-1.0,1.536,16.963,-2.0,-0.018,-3.0,-2.0,1.061,3.125,-0.446,-2.476,-5.999,0.676,-3.0,3.252,7.99,-0.191,8.143,-3.0,-2.501,-6.0,-0.474,-3.0,-2.0,0.208,3.275,-4.0,15.115,-2.0,-1.354,-2.0,-3.0,-4.0,-2.0,-0.999,0.0,-3.0,10.48,0.653,1.499,-3.0,0.0,-1.0,0.0,2.826,5.284,-1.0,-1.0,0.0,-1.0,-1.0,-1.0,0.0,0.0,0.0,0.0,0.0,-1.0,0.0,0.0,-1.0,0.0,0.0,2.507,-1.0,0.0,0.0,-1.0,-2.0,-1.999,2.503,-2.0,-2.0,-2.0,1.586,-2.0,1.318,-2.354,-2.506,-3.418,-2.493,3.36,-1.496,-2.418,-1.514,2.994,2.61,-6.0,1.892,-2.286,-1.472,4.638,1.326,9.289,-5.0,-4.0,1.502,-0.679,4.405,-5.0,0.558,-0.508,-3.47,0.489,-2.0,-4.0,2.673,-3.0,3.35,0.619,9.179,-2.0,0.0,0.0,0.0,0.0,0.0,0.0,0.0,0.0,0.0,0.0
BtcGF,BTCUSDc,9,-0.8963,-2.689,2,-0.1458,0.0,447,47.4273,1,15,150,0.015,2.0,1.0,0.0,0.5,16385,1,-9.95,1,1,0,0,0.0,2.861,3.028,-3.003,0.0,-0.992,3.129,1.141,-0.01,0.997,1.494,-0.993,-0.927,-2.003,-1.004,-0.008,2.006,2.037,-0.005,-3.003,-2.016,-0.015,-0.001,1.004,-2.003,-0.013,0.108,1.01,-4.0,-1.007,0.006,0.995,1.997,1.059,-2.004,3.261,-1.957,-1.014,1.018,-2.0,-3.0,-4.0,0.033,0.007,3.162,2.034,3.0,-1.003,1.0,-3.0,-0.01,-1.0,0.0,0.063,-2.993,2.019,-1.0,0.0,2.988,3.124,-1.0,0.982,0.0,0.999,0.994,-0.999,-1.0,0.0,0.0,-1.0,-1.0,0.0,0.999,-2.0,0.0,0.0,0.999,0.003,-1.005,0.997,-0.013,0.007,0.238,0.992,1.032,6.294,-1.992,-0.992,-1.002,2.982,1.981,1.097,0.049,-1.001,1.994,-2.998,-5.0,-0.794,0.054,-2.008,-1.379,2.177,0.981,-0.009,-1.007,2.153,4.545,0.009,-3.003,-1.0,-0.008,-3.997,1.986,-4.659,-3.051,0.906,2.075,-2.003,0.081,2.031,0.997,0.0,0.0,0.0,0.0,0.0,0.0,0.0,0.0,0.0,0.0
BtcGF,BTCUSDc,72,-5.026,-10.052,3,-0.1802,0.0,396,31.5657,1,15,150,0.015,1.1,1.5,0.0,0.5,16385,1,-23.629,10,1,0,0,0.25,5.349,15.112,-4.0,2.297,0.0,-3.999,-0.173,-0.428,1.496,3.008,-2.0,-1.414,-1.503,-2.999,-1.513,3.873,6.065,4.691,-2.497,-3.51,1.531,-1.492,-0.947,-3.493,-4.0,1.965,-0.492,-3.5,-6.0,-1.5,-0.505,-2.953,-5.0,-1.505,-5.0,-0.925,-2.0,-0.971,-2.0,-3.0,-4.0,-2.0,-0.999,0.0,3.797,2.497,-0.48,2.0,-3.0,0.0,-1.0,0.0,1.606,0.507,-1.0,-1.0,0.0,-1.0,1.559,-1.0,0.0,0.0,0.0,0.0,0.0,-1.0,0.0,0.0,-1.0,0.0,0.0,1.499,-1.0,0.0,0.0,1.505,-2.0,3.116,1.498,-2.0,-2.0,1.04,3.014,0.511,8.551,-2.454,1.196,-3.26,12.9,2.215,-2.503,-3.479,-2.508,0.996,-3.502,-5.0,-0.051,3.128,-2.497,-2.182,6.511,3.507,6.022,-2.507,2.336,0.735,2.374,-2.504,-0.944,-1.504,-4.495,-2.514,-2.0,-2.532,5.734,-1.0,-2.163,0.533,5.076,1.995,0.0,0.0,0.0,0.0,0.0,0.0,0.0,0.0,0.0,0.0
BtcGF,BTCUSDc,200,10.34,20.68,3,0.9035,23.25,393,35.6234,1,15,270,0.015,1.7,1.5,0.0,0.5,16385,1,15.872,0,1,0,0,0.75,5.208,4.77,-0.838,0.0,0.0,-0.563,6.636,-2.999,1.496,1.898,2.821,-0.696,-1.503,-3.0,0.489,1.559,1.075,1.843,-3.497,-0.443,1.657,-0.438,-0.859,-0.938,1.368,1.627,0.479,-3.5,-2.53,-1.5,-0.505,-0.869,-0.109,1.116,-4.0,7.186,-2.0,-0.902,-2.0,-2.999,-4.0,-2.0,-0.999,-1.0,5.536,5.904,-0.474,2.0,-3.0,0.0,-1.0,0.0,1.628,3.085,-1.0,-1.0,0.0,-1.0,1.72,-1.0,0.0,0.0,0.0,0.0,0.0,-1.0,0.0,0.0,-1.0,0.0,0.0,1.499,-1.0,0.0,0.0,1.505,-2.0,0.01,1.498,-2.0,-2.0,0.508,3.044,1.285,9.886,-2.383,1.052,-3.003,10.421,5.374,-2.503,-3.465,-2.507,0.996,-2.0,0.808,0.171,3.567,-2.491,-0.354,1.367,3.516,1.777,-2.507,3.65,0.436,1.641,-2.504,-0.906,1.788,-4.495,-2.508,-6.0,-1.479,-0.004,-1.0,-1.605,0.609,5.051,1.995,0.0,0.0,0.0,0.0,0.0,0.0,0.0,0.0,0.0,0.0
BtcGF,BTCUSDc,176,72.4673,217.402,2,5.3637,93.35,365,17.5342,1,15,270,0.015,1.7,3.0,0.0,0.5,16385,1,14.453,12,1,0,0,0.5,7.664,1.175,-5.0,0.0,0.0,-3.999,7.296,-2.999,-1.0,2.111,-2.0,-5.0,0.077,-3.0,-3.0,-2.0,5.233,0.249,-6.0,-6.0,-3.0,-5.0,0.012,12.57,0.383,1.447,-3.0,-1.99,-6.0,0.078,-3.0,-5.0,3.297,4.597,-4.0,198.949,-2.0,1.536,-2.0,-3.0,-4.0,-2.0,-0.999,-1.0,7.884,23.792,2.816,1.999,-3.0,0.0,-1.0,0.0,8.916,6.457,-1.0,-1.0,0.0,-1.0,-1.0,-1.0,0.0,0.0,0.0,0.0,0.0,-1.0,0.0,0.0,-1.0,0.0,0.0,3.013,-1.0,0.0,0.0,-1.0,-2.0,4.953,3.013,-2.0,-2.0,-2.0,2.702,-2.0,2.534,-1.033,-2.007,-2.289,-1.988,1.549,-1.978,-1.746,-1.016,3.993,4.897,-6.0,2.797,-6.0,-0.9,38.816,2.226,8.448,-5.0,-4.0,2.641,0.279,7.446,-5.0,-2.0,-3.999,-2.947,1.214,-7.0,-3.0,-1.38,-1.0,-5.0,-3.0,7.613,-2.0,0.0,0.0,0.0,0.0,0.0,0.0,0.0,0.0,0.0,0.0
BtcGF,BTCUSDc,123,-0.319,-0.957,2,-0.0322,0.0,430,45.3488,1,15,150,0.015,1.4,1.0,0.0,0.5,16385,1,-3.998,0,1,0,0,0.5,2.861,4.103,-0.945,1.361,-0.999,4.295,1.818,-2.005,0.997,0.142,-2.0,-2.966,-2.003,-1.004,-0.008,2.0,1.135,0.228,-3.003,-1.399,-0.017,-0.001,1.638,-1.948,-0.378,0.108,2.041,-4.0,-5.005,0.888,0.995,1.556,-0.938,-2.004,-1.072,1.442,-1.014,-0.996,-2.0,-3.0,-4.0,0.016,2.295,3.141,2.019,3.936,-1.003,1.0,-3.0,0.0,-1.0,0.0,1.048,1.995,1.003,-1.0,0.0,2.749,1.051,2.365,0.0,0.0,0.0,0.0,0.0,-1.0,0.0,0.0,-1.0,0.0,0.0,0.999,-1.0,0.0,0.0,0.999,0.003,0.485,0.998,-0.013,-2.0,0.238,1.992,-0.004,7.072,0.027,-0.995,-1.006,4.197,-0.017,1.036,1.108,-0.06,1.994,-2.998,-5.0,-0.795,-1.989,-2.008,-1.788,0.983,1.981,3.14,-1.007,-0.015,6.498,-0.0,-3.003,-1.988,-0.008,-4.998,1.986,-3.905,-2.044,-1.671,0.046,-2.003,0.034,3.027,0.997,0.0,0.0,0.0,0.0,0.0,0.0,0.0,0.0,0.0,0.0
BtcGF,BTCUSDc,229,4.6025,9.205,3,0.3359,156.84,329,20.0608,1,15,210,0.015,1.1,3.0,0.0,0.5,16385,1,-5.232,11,1,0,0,0.75,5.124,2.079,-4.999,0.0,0.0,-3.998,7.141,-2.0,-1.0,2.051,-1.0,-2.0,1.216,-3.0,-2.0,-2.0,5.944,0.086,-5.0,-5.999,1.322,-3.0,1.012,9.148,0.028,1.022,-2.999,-1.99,-5.0,0.045,-3.0,14.437,-5.0,-0.011,-4.0,10.664,-2.0,-0.788,-2.0,-3.0,-4.0,-2.0,-0.999,0.0,4.94,14.736,1.241,1.999,-3.0,0.0,-1.0,0.0,3.499,8.962,-1.0,-1.0,0.0,-1.0,-1.0,-1.0,0.0,0.0,0.0,0.0,0.0,-1.0,0.0,0.0,-1.0,0.0,0.0,3.013,-1.0,0.0,0.0,-1.0,-2.0,-2.0,3.011,-2.0,-2.0,-2.0,2.126,3.471,0.085,-1.795,-2.007,-2.87,-1.988,0.379,2.078,-1.888,-1.015,3.993,-2.0,-5.0,-2.999,-4.0,-0.959,2.431,5.825,8.502,-4.0,-5.0,3.068,-0.601,6.74,-5.0,-2.0,3.557,-2.961,1.236,-2.0,-4.0,3.075,-3.0,0.0,-1.999,10.66,2.124,0.0,0.0,0.0,0.0,0.0,0.0,0.0,0.0,0.0,0.0
BtcGF,BTCUSDc,161,8.2425,16.485,3,0.493,133.7,356,21.3483,1,15,270,0.015,1.4,2.5,0.0,0.5,16385,1,-5.555,12,1,0,0,0.5,5.702,12.076,-5.0,0.0,0.0,-3.999,5.449,-2.0,-1.0,1.553,17.013,-2.0,3.33,-3.0,-2.0,1.121,3.194,-0.409,-2.476,-5.999,-3.0,-5.0,3.76,7.99,-0.191,8.15,-3.0,-2.501,-6.0,-0.472,-3.0,-2.999,1.322,3.326,-4.0,18.04,-2.0,-0.993,-2.0,-3.0,-4.0,-2.0,-0.999,0.0,4.766,10.482,0.784,1.499,-3.0,0.0,-1.0,0.0,2.956,5.31,-1.0,-1.0,0.0,-1.0,-0.999,-1.0,0.0,0.0,0.0,0.0,0.0,-1.0,0.0,0.0,-1.0,0.0,0.0,2.507,-1.0,0.0,0.0,-1.0,-2.0,0.491,2.503,-2.0,-2.0,-2.0,1.738,-2.0,1.326,-2.235,-2.506,-3.337,-2.493,3.421,-1.496,-2.372,-1.514,2.994,2.61,-6.0,1.9,-1.269,-1.459,6.381,1.337,9.686,-5.0,-4.0,1.506,-0.656,4.617,-5.0,0.619,-0.508,-3.47,0.521,-6.0,-3.0,-1.283,-1.0,-2.999,0.869,9.27,-2.0,0.0,0.0,0.0,0.0,0.0,0.0,0.0,0.0,0.0,0.0
BtcGF,BTCUSDc,58,222.108,333.162,4,6.6466,65.64,352,17.8977,1,15,210,0.015,2.0,3.0,0.0,0.5,16385,1,114.485,13,1,0,0,0.0,10.561,1.247,-4.999,0.0,0.0,-4.0,3.87,-3.0,3.033,0.127,-3.0,-4.0,-4.0,-3.0,-3.0,-2.0,1.011,1.371,-5.0,-6.0,-4.0,-4.0,0.012,0.063,0.029,1.347,-2.999,-1.99,-0.726,0.09,-3.0,118.01,-5.0,-0.011,-5.0,1.009,-2.0,9.106,-2.999,-3.0,-4.0,-2.0,-0.999,-1.0,12.108,3.065,6.005,1.999,-3.0,0.0,-1.0,0.0,28.297,9.075,-1.0,-1.0,0.0,-1.0,-1.0,-0.999,0.0,0.0,0.0,0.0,0.0,-1.0,0.0,0.0,-1.0,0.0,0.0,3.013,-1.0,0.0,0.0,-1.0,-2.0,-0.01,3.013,-1.0,-1.999,-2.0,3.385,-2.0,2.345,0.947,-1.007,-0.553,-0.988,4.503,0.021,6.76,-1.016,3.993,0.09,-5.0,-3.0,-0.642,-0.862,214.677,9.56,10.5,-4.999,-4.0,3.085,-0.039,1.572,-5.0,-1.999,3.722,-1.946,1.403,-6.0,-3.0,-0.024,-1.0,-5.0,-4.0,7.944,-2.0,0.0,0.0,0.0,0.0,0.0,0.0,0.0,0.0,0.0,0.0
BtcGF,BTCUSDc,1,8.2733,12.41,4,0.7219,60.12,443,49.2099,1,15,210,0.015,1.1,1.0,0.0,0.5,16385,1,4.949,1,1,0,0,0.0,2.709,3.019,-3.005,0.0,-0.998,1.01,3.128,-0.01,0.997,-1.994,-0.995,-0.961,0.461,-1.004,-0.008,2.0,2.276,-0.005,-3.003,-2.016,-0.017,-0.001,0.999,-2.003,1.993,0.159,1.01,-4.0,-1.007,0.006,0.995,2.016,0.004,-2.004,3.461,0.071,-1.014,1.013,-2.0,-3.0,-4.0,0.011,0.007,2.177,3.35,3.0,-1.003,1.0,-3.0,-0.01,-1.0,0.0,0.048,0.513,2.019,-1.0,0.0,2.597,3.034,0.0,1.865,0.0,0.999,0.994,1.049,-1.0,0.0,0.0,-1.0,-1.0,0.0,0.999,-2.0,0.0,0.0,0.999,0.003,0.395,0.997,-0.013,0.0,0.003,0.991,1.016,4.984,-1.992,0.005,-1.002,2.982,2.019,1.027,3.028,-1.003,1.994,-1.998,-5.0,-3.0,-0.011,-2.008,-1.165,0.436,0.981,4.753,-0.007,1.907,3.056,-0.002,-3.003,-1.001,-0.008,-3.998,1.97,-4.953,-3.051,2.119,2.024,-2.003,0.014,1.997,0.997,0.0,0.0,0.0,0.0,0.0,0.0,0.0,0.0,0.0,0.0
BtcGF,BTCUSDc,2,13.2167,19.825,4,1.132,66.89,440,49.7727,1,15,270,0.015,1.1,1.0,0.0,0.5,16385,1,6.565,1,1,0,0,0.0,0.984,3.019,-3.005,0.0,-0.998,1.01,3.376,-0.01,0.997,0.015,-0.995,-0.961,-1.004,-1.004,-0.008,2.061,2.024,-0.005,-2.006,-1.847,-0.017,-0.001,0.999,-2.003,2.792,0.223,1.01,-4.0,-1.007,0.006,0.995,2.077,3.19,-2.004,-5.0,0.071,-1.014,1.013,-2.0,-3.0,-4.0,0.011,0.007,2.051,3.376,3.0,-1.003,1.0,-3.0,-0.01,-1.0,0.0,0.048,-0.563,2.019,-1.0,0.0,2.597,3.034,0.0,2.017,0.0,0.999,0.994,1.049,-1.0,0.0,0.0,-1.0,-1.0,0.0,0.999,-2.0,0.0,0.0,0.999,0.003,0.545,0.997,-0.013,0.0,0.003,0.991,1.016,4.984,-1.992,0.006,-1.002,2.982,0.976,1.027,3.028,-1.003,1.994,-0.997,-3.963,-0.695,2.367,-2.008,-4.997,-0.867,0.981,4.161,-0.007,12.395,5.214,-0.002,-3.003,-1.001,-0.008,-3.998,1.97,-4.953,-3.051,2.119,2.024,-2.003,0.014,1.997,0.997,0.0,0.0,0.0,0.0,0.0,0.0,0.0,0.0,0.0,0.0
BtcGF,BTCUSDc,5,13.5607,20.341,4,1.1665,65.19,440,49.7727,1,15,270,0.015,1.4,1.0,0.0,0.5,16385,1,7.081,1,1,0,0,0.0,0.984,3.019,-3.005,0.0,-0.998,1.015,3.402,-0.01,0.997,0.018,-0.995,-0.956,-1.004,-1.004,-0.008,2.061,2.029,-0.005,-2.006,-1.847,-0.017,-0.001,1.002,-2.003,2.792,0.223,1.01,-4.0,-1.007,0.006,0.995,2.079,3.191,-2.004,-5.0,0.132,-1.014,1.016,-2.0,-3.0,-4.0,0.016,0.007,2.051,3.378,3.0,-1.003,1.0,-3.0,-0.01,-1.0,0.0,0.048,-0.561,2.019,-1.0,0.0,2.597,3.054,0.0,2.034,0.0,0.999,0.994,1.061,-1.0,0.0,0.0,-1.0,-1.0,0.0,0.999,-2.0,0.0,0.0,0.999,0.003,0.652,0.997,-0.013,0.001,0.003,0.992,1.016,4.984,-1.992,0.006,-1.002,2.982,0.976,1.029,3.028,-1.002,1.994,-0.997,-3.922,-0.694,2.379,-2.008,-4.997,-0.867,0.981,4.161,-0.007,12.395,5.214,-0.0,-3.003,-1.001,-0.008,-3.998,1.97,-4.909,-3.051,2.229,2.026,-2.003,0.034,1.997,0.997,0.0,0.0,0.0,0.0,0.0,0.0,0.0,0.0,0.0,0.0
BtcGF,BTCUSDc,178,65.6227,196.868,2,2.7592,111.08,368,15.7609,1,15,210,0.015,2.0,3.0,0.0,0.5,16385,1,-21.809,12,1,0,0,0.5,7.664,1.247,-5.0,0.0,0.0,-3.999,3.87,-3.0,-1.0,2.126,-2.0,-5.0,0.112,-3.0,-3.0,-2.0,1.011,0.371,-5.0,-6.0,-4.0,-4.0,0.012,12.57,0.029,1.346,-3.0,-1.99,-6.0,0.09,-3.0,-4.998,-5.0,-0.011,-4.0,-4.999,-2.0,6.106,-2.0,-3.0,-4.0,-2.0,-0.999,-1.0,11.624,23.804,6.005,1.999,-3.0,0.0,-1.0,0.0,28.297,9.075,-1.0,-1.0,0.0,-1.0,-1.0,-1.0,0.0,0.0,0.0,0.0,0.0,-1.0,0.0,0.0,-1.0,0.0,0.0,3.013,-1.0,0.0,0.0,-1.0,-2.0,-0.01,3.013,-2.0,-2.0,-2.0,3.385,-2.0,0.345,-0.052,-2.007,-1.552,-1.988,0.932,-1.978,-1.639,-1.016,3.993,-0.91,-5.0,-3.0,-6.0,-0.862,214.677,7.945,10.5,-5.0,-4.0,3.085,-0.039,1.572,-5.0,-1.999,3.722,-2.947,1.403,-7.0,-3.0,-1.024,-1.0,-5.0,-4.0,7.944,-2.0,0.0,0.0,0.0,0.0,0.0,0.0,0.0,0.0,0.0,0.0
BtcGF,BTCUSDc,166,51.7293,77.594,4,2.0457,122.04,373,18.7668,1,15,210,0.015,2.0,2.5,0.0,0.5,16385,1,-17.099,14,1,0,0,0.5,5.702,12.145,-5.0,0.0,0.0,-3.999,2.695,-3.0,-1.0,1.582,11.685,-5.0,-0.43,-3.0,-3.0,1.083,4.217,-0.308,-1.464,-6.0,-4.0,-4.0,12.007,7.99,-0.477,7.948,-3.0,-2.501,-6.0,-0.453,-3.0,15.251,-5.0,-0.509,-4.0,-4.999,-2.0,2.395,-2.0,-3.0,-4.0,-2.0,-0.999,-1.0,6.719,10.484,2.418,1.499,-3.0,0.0,-1.0,0.0,5.034,7.301,-1.0,-1.0,0.0,-1.0,-1.0,-1.0,0.0,0.0,0.0,0.0,0.0,-1.0,0.0,0.0,-1.0,0.0,0.0,2.507,-1.0,0.0,0.0,-1.0,-2.0,-0.508,2.503,-2.0,-2.0,-2.0,2.428,-2.0,-0.387,-1.463,10.892,-2.979,-2.493,2.624,-1.49,-2.246,-1.514,2.994,-1.741,-5.0,-3.0,-6.0,-1.403,90.693,5.909,6.666,-5.0,-4.0,2.06,-0.964,0.606,-5.0,0.847,-0.508,-3.46,0.674,-7.0,-3.0,-2.185,-1.0,-5.0,-4.0,9.516,-2.0,0.0,0.0,0.0,0.0,0.0,0.0,0.0,0.0,0.0,0.0
BtcGF,BTCUSDc,35,27.62,41.43,4,1.4358,46.6,363,30.303,1,15,270,0.015,2.0,2.0,0.0,0.5,16385,1,22.124,6,1,0,0,0.0,3.042,5.442,-1.958,0.0,0.0,16.306,4.25,-3.0,2.004,-0.956,2.559,-1.89,0.025,-3.0,1.094,7.436,2.176,0.092,-2.98,-1.846,2.366,1.617,4.267,2.51,-0.766,9.539,0.061,-3.001,-1.939,-0.966,-3.0,1.41,0.006,-1.007,-4.999,1.595,-2.0,3.045,-2.999,-3.0,-4.0,-2.0,-0.999,-1.0,2.869,4.004,0.493,3.022,-3.0,0.0,-1.0,0.0,3.025,4.237,-1.0,-1.0,0.0,-1.0,2.538,-0.999,0.0,0.0,0.0,0.0,0.0,-1.0,0.0,0.0,-1.0,0.0,0.0,1.999,-1.0,0.0,0.0,-1.0,-2.0,1.076,1.997,-2.0,-2.0,1.131,4.531,6.196,5.36,-1.494,3.122,2.033,0.142,0.161,-1.003,1.229,-2.011,1.996,-2.0,-5.0,1.042,-2.995,-1.945,-3.931,2.718,5.201,0.674,-4.0,0.379,1.793,2.815,-1.964,0.129,2.012,-2.972,-0.982,-6.0,-3.0,1.392,-1.0,-5.0,-0.661,9.513,3.022,0.0,0.0,0.0,0.0,0.0,0.0,0.0,0.0,0.0,0.0
BtcGF,BTCUSDc,45,33.8385,67.677,3,1.5157,136.03,358,21.2291,1,15,150,0.015,2.0,2.5,0.0,0.5,16385,1,-24.384,9,1,0,0,0.0,4.304,4.226,-4.998,0.0,0.0,-4.0,1.88,-3.0,3.2,1.582,8.802,-4.0,-3.999,-3.0,-3.0,1.818,3.487,0.692,-1.464,-5.999,-4.0,-4.0,12.007,-1.454,-4.0,4.059,0.609,-2.501,4.85,-0.247,-3.0,2.502,-4.0,-0.509,-4.0,-3.998,-2.0,5.395,-2.999,-3.0,-4.0,-2.0,-0.999,-1.0,-3.999,2.023,2.418,1.499,-3.0,0.0,-1.0,0.0,5.034,1.621,-1.0,-1.0,0.0,-1.0,-1.0,-0.999,0.0,0.0,0.0,0.0,0.0,-1.0,0.0,0.0,-1.0,0.0,0.0,2.507,-1.0,0.0,0.0,-1.0,-2.0,-0.509,2.503,-2.0,-2.0,-2.0,2.428,2.253,1.389,-0.464,5.36,2.758,-2.493,-0.363,-0.491,-3.246,-1.514,2.994,-1.486,-6.0,1.455,1.52,1.897,88.061,14.802,6.666,-5.0,-5.0,-0.481,0.207,0.606,-0.455,0.847,-0.507,-2.459,0.814,-6.0,-3.0,2.062,-1.0,-5.0,-4.0,9.516,0.657,0.0,0.0,0.0,0.0,0.0,0.0,0.0,0.0,0.0,0.0
BtcGF,BTCUSDc,193,6.9133,20.74,2,0.7414,20.18,385,36.1039,1,15,210,0.015,1.1,1.5,0.0,0.5,16385,1,16.555,0,1,0,0,0.75,5.201,4.707,-0.838,0.0,0.0,-0.562,6.63,-0.428,1.496,1.885,2.821,2.89,-1.503,-3.0,0.487,1.137,1.479,1.839,-2.497,0.59,1.531,-1.426,-0.947,-0.938,-1.488,1.501,0.479,-3.5,-2.53,-1.5,-0.505,1.715,-4.0,-1.505,-4.0,7.134,-2.0,-0.971,-2.0,-3.0,-4.0,-2.0,-0.999,0.0,5.273,5.904,-0.48,2.0,-3.0,0.0,-1.0,0.0,1.606,3.755,-1.0,-1.0,0.0,-1.0,1.559,-1.0,0.0,0.0,0.0,0.0,0.0,-1.0,0.0,0.0,-1.0,0.0,0.0,1.499,-1.0,0.0,0.0,1.505,-2.0,2.977,1.498,-2.0,-2.0,0.508,3.014,0.833,9.22,-2.453,1.029,-3.003,10.415,6.13,-2.503,-3.478,-2.507,0.996,-2.0,-0.153,-2.999,-0.044,-2.496,-1.212,2.544,3.507,1.777,-2.507,3.13,0.133,1.816,-2.504,-0.944,1.788,-4.495,-2.514,-2.0,-2.532,2.576,-1.0,-2.361,0.533,5.02,1.995,0.0,0.0,0.0,0.0,0.0,0.0,0.0,0.0,0.0,0.0
BtcGF,BTCUSDc,205,5.582,11.164,3,0.3288,64.98,355,28.4507,1,15,210,0.015,1.1,2.0,0.0,0.5,16385,1,3.91,7,1,0,0,0.75,7.524,6.724,-4.999,0.0,0.0,1.504,2.677,1.136,3.593,4.766,-2.0,-2.0,-0.714,-3.0,1.013,3.362,2.689,-0.972,-1.987,0.539,2.111,-0.845,2.145,0.97,-0.983,3.848,-2.999,-3.001,-5.0,-0.974,-3.0,4.128,-4.0,-1.007,-4.0,11.911,-2.0,-1.911,-2.0,-3.0,-4.0,-2.0,-0.999,0.0,1.307,4.004,0.078,3.018,-3.0,0.0,-1.0,0.0,2.213,5.476,-1.0,-1.0,0.0,-1.0,2.088,-1.0,0.0,0.0,0.0,0.0,0.0,-1.0,0.0,0.0,-1.0,0.0,0.0,1.999,-1.0,0.0,0.0,-1.0,-2.0,-2.0,1.997,-2.0,-2.0,1.025,4.07,1.698,-0.982,-2.907,3.985,-5.999,3.85,1.19,-2.003,-2.949,-2.01,1.996,-2.0,-5.0,-2.999,1.777,-1.984,-0.044,4.641,5.053,4.114,-5.0,1.03,1.232,2.611,-5.0,0.027,4.407,-3.98,-1.004,-2.0,-4.0,1.995,-3.0,2.628,-0.942,9.168,3.041,0.0,0.0,0.0,0.0,0.0,0.0,0.0,0.0,0.0,0.0
BtcGF,BTCUSDc,214,51.9633,62.356,5,2.605,69.62,373,27.0777,1,15,210,0.015,2.0,2.0,0.0,0.5,16385,1,18.945,11,1,0,0,0.75,7.553,8.024,-4.999,0.0,0.0,1.503,2.677,-3.0,3.593,5.021,-2.0,0.902,-0.974,-3.0,1.094,7.79,2.788,-0.908,-1.98,0.546,2.366,-0.749,4.267,0.97,-0.983,3.849,-2.999,-3.001,-5.0,-0.966,-3.0,1.036,-4.0,-1.007,-4.0,48.067,-2.0,0.045,-2.0,-3.0,-4.0,-2.0,-0.999,-1.0,1.482,4.004,0.493,3.022,-3.0,0.0,-1.0,0.0,3.025,5.53,-1.0,-1.0,0.0,-1.0,2.538,-1.0,0.0,0.0,0.0,0.0,0.0,-1.0,0.0,0.0,-1.0,0.0,0.0,1.999,-1.0,0.0,0.0,-1.0,-2.0,1.077,1.997,-2.0,-2.0,1.131,4.531,1.711,-0.975,-2.493,4.05,-5.999,3.85,1.272,-2.003,-2.853,-2.01,1.996,-2.0,-5.0,-2.999,-1.324,-1.945,8.591,4.749,5.201,4.286,-5.0,1.034,1.372,3.274,-5.0,0.129,4.408,-3.973,-0.982,-6.0,-3.0,6.737,-1.0,-5.0,-0.661,9.513,3.045,0.0,0.0,0.0,0.0,0.0,0.0,0.0,0.0,0.0,0.0
BtcGF,BTCUSDc,148,14.392,28.784,3,0.8886,46.38,373,27.3458,1,15,210,0.015,1.4,2.0,0.0,0.5,16385,1,15.434,14,1,0,0,0.5,8.761,10.06,-5.0,0.0,0.0,4.612,6.495,1.358,4.844,7.49,-2.0,-2.0,0.475,-3.0,-0.967,6.732,2.719,-0.954,-1.987,-5.999,2.458,-0.821,2.308,4.41,-0.983,4.791,-3.0,-3.001,-6.0,-0.974,-3.0,10.548,-5.0,-1.007,-4.0,9.35,-2.0,-1.715,-2.0,-3.0,-4.0,-2.0,-0.999,0.0,2.303,4.003,0.111,3.018,-3.0,0.0,-1.0,0.0,2.256,5.494,-1.0,-1.0,0.0,-1.0,2.18,-1.0,0.0,0.0,0.0,0.0,0.0,-1.0,0.0,0.0,-1.0,0.0,0.0,1.999,-1.0,0.0,0.0,-1.0,-2.0,-0.008,1.997,-2.0,-2.0,1.05,4.155,1.702,-0.982,-2.848,5.699,-5.999,-2.997,1.215,-2.002,-2.923,-2.011,1.996,-3.002,-5.0,-3.0,3.45,-1.978,1.059,5.796,5.07,5.637,-4.0,1.032,1.234,2.716,-5.0,0.053,6.693,-3.98,-1.001,-6.0,-3.0,1.172,-1.0,-3.0,-0.865,9.243,3.043,0.0,0.0,0.0,0.0,0.0,0.0,0.0,0.0,0.0,0.0
BtcGF,BTCUSDc,132,4.7787,14.336,2,0.3607,46.4,394,34.0102,1,15,150,0.015,1.1,1.5,0.0,0.5,16385,1,7.684,7,1,0,0,0.5,5.349,6.715,2.101,2.297,0.0,0.564,4.269,-0.428,1.496,2.383,-2.0,-1.414,-1.503,-2.999,-1.513,3.873,2.949,2.551,-2.497,-3.51,1.531,-1.492,-0.947,0.829,-4.0,1.541,-0.492,-3.5,-6.0,-1.5,-0.505,4.488,-5.0,-1.505,-4.0,3.84,-2.0,-0.971,-2.0,-3.0,-4.0,-2.0,-0.999,0.0,3.797,6.862,-0.48,2.0,-3.0,0.0,-1.0,0.0,1.606,4.602,-1.0,-1.0,0.0,-1.0,1.559,-1.0,0.0,0.0,0.0,0.0,0.0,-1.0,0.0,0.0,-1.0,0.0,0.0,1.499,-1.0,0.0,0.0,1.505,-2.0,3.116,1.498,-2.0,-2.0,1.04,3.014,0.511,11.49,-2.454,1.196,-3.26,14.665,2.215,-2.502,-3.479,-2.508,0.996,-3.502,-5.0,-0.051,0.797,-2.497,-2.182,3.827,3.507,2.707,-2.507,2.076,0.735,2.374,-2.504,-0.944,2.431,-4.495,-2.514,-2.0,-2.532,3.68,-1.0,-2.163,0.533,5.076,1.995,0.0,0.0,0.0,0.0,0.0,0.0,0.0,0.0,0.0,0.0
BtcGF,BTCUSDc,197,14.234,28.468,3,1.2812,15.14,389,36.5039,1,15,270,0.015,1.4,1.5,0.0,0.5,16385,1,24.158,0,1,0,0,0.75,5.205,4.722,-0.838,0.0,0.0,-0.563,6.632,-0.357,1.496,1.892,2.821,3.104,-1.503,-3.0,0.489,1.439,1.061,1.841,-3.497,-0.449,1.578,-0.438,-0.929,-0.938,1.368,1.627,0.479,-3.5,-2.53,-1.5,-0.505,-0.925,-0.178,1.097,-4.0,7.139,-2.0,-0.951,-2.0,-2.999,-4.0,-2.0,-0.999,0.0,5.188,5.904,-0.48,2.0,-3.0,0.0,-1.0,0.0,1.606,3.085,-1.0,-1.0,0.0,-1.0,1.615,-1.0,0.0,0.0,0.0,0.0,0.0,-1.0,0.0,0.0,-1.0,0.0,0.0,1.499,-1.0,0.0,0.0,1.505,-2.0,-0.506,1.498,-2.0,-2.0,0.508,3.03,1.285,9.886,-2.433,1.037,-3.003,10.415,5.374,-2.503,-3.47,-2.507,0.996,-2.0,0.31,0.171,3.466,-2.496,-0.594,1.356,3.507,1.777,-2.507,3.65,0.418,1.578,-2.504,-0.929,1.788,-4.495,-2.514,-6.0,-1.479,3.634,-1.0,-2.195,0.576,5.035,1.995,0.0,0.0,0.0,0.0,0.0,0.0,0.0,0.0,0.0,0.0
BtcGF,BTCUSDc,194,16.5885,33.177,3,1.4779,12.99,386,37.0466,1,15,270,0.015,1.1,1.5,0.0,0.5,16385,1,28.867,0,1,0,0,0.75,5.201,4.707,-0.838,0.0,0.0,-0.562,6.63,-0.428,1.496,1.885,2.821,2.89,-1.503,-3.0,0.487,1.366,1.047,1.839,-3.497,-0.451,1.531,-0.438,-0.947,-0.938,1.368,1.627,0.479,-3.5,-2.53,-1.5,-0.505,-0.957,-0.179,1.084,-4.0,7.134,-2.0,-0.971,-2.0,-2.999,-4.0,-2.0,-0.999,0.0,5.185,5.904,-0.48,2.0,-3.0,0.0,-1.0,0.0,1.606,3.078,-1.0,-1.0,0.0,-1.0,1.559,-1.0,0.0,0.0,0.0,0.0,0.0,-1.0,0.0,0.0,-1.0,0.0,0.0,1.499,-1.0,0.0,0.0,1.505,-2.0,3.265,1.498,-2.0,-2.0,0.508,3.014,1.285,9.886,-2.453,1.029,-3.003,10.415,5.374,-2.503,-3.478,-2.507,0.996,-2.0,0.31,0.168,3.424,-2.496,-0.604,1.356,3.507,1.777,-2.507,3.65,0.415,1.547,-2.504,-0.944,1.788,-4.495,-2.514,-2.0,-2.479,2.576,-1.0,-2.378,0.533,5.02,1.995,0.0,0.0,0.0,0.0,0.0,0.0,0.0,0.0,0.0,0.0
BtcGF,BTCUSDc,85,10.1383,30.415,2,0.557,71.0,368,26.9022,1,15,210,0.015,1.1,2.0,0.0,0.5,16385,1,8.819,11,1,0,0,0.25,10.155,23.674,-5.0,0.0,0.0,-3.999,7.384,1.136,8.599,16.482,-2.0,-2.0,-0.715,-3.0,-0.987,6.362,2.689,-0.972,-1.987,-5.999,2.111,-0.845,2.145,-2.977,-0.983,7.623,-3.0,-3.001,-6.0,-0.974,-3.0,0.429,-5.0,-1.007,-5.0,-2.932,-2.0,-1.911,-2.0,-3.0,-4.0,-2.0,-0.999,0.0,2.563,4.003,0.078,3.018,-3.0,0.0,-1.0,0.0,2.213,5.476,-1.0,-1.0,0.0,-1.0,2.088,-0.999,0.0,0.0,0.0,0.0,0.0,-1.0,0.0,0.0,-1.0,0.0,0.0,1.999,-1.0,0.0,0.0,-1.0,-2.0,-2.0,1.997,-2.0,-2.0,1.025,4.07,1.698,-1.982,-1.908,12.142,-6.0,-2.996,1.19,-2.003,-2.949,-2.011,1.996,-3.002,-5.0,-3.0,7.388,-1.984,0.487,6.836,5.053,9.627,-4.0,1.03,1.232,2.611,-5.0,0.027,-1.005,-3.98,-1.004,-2.0,-4.0,1.995,-3.0,2.628,-0.942,9.168,3.041,0.0,0.0,0.0,0.0,0.0,0.0,0.0,0.0,0.0,0.0
BtcGF,BTCUSDc,109,-11.3347,-34.004,2,-0.4948,0.0,343,18.9504,1,15,210,0.015,1.1,3.0,0.0,0.5,16385,1,-45.565,6,1,0,0,0.25,10.561,2.079,-5.0,0.0,0.0,-3.999,3.87,-2.0,-1.0,2.051,-1.0,-2.0,1.215,-3.0,-2.0,-2.0,5.944,0.086,-5.0,-5.999,1.322,-3.0,1.012,-1.639,0.028,1.021,-3.0,-1.99,-6.0,0.045,-3.0,-1.296,-5.0,-0.011,-5.0,-1.836,-2.0,-0.788,-2.0,-3.0,-4.0,-2.0,-0.999,0.0,6.82,3.039,1.241,1.999,-3.0,0.0,-1.0,0.0,3.499,8.962,-1.0,-1.0,0.0,-1.0,-1.0,-0.999,0.0,0.0,0.0,0.0,0.0,-1.0,0.0,0.0,-1.0,0.0,0.0,3.013,-1.0,0.0,0.0,-1.0,-2.0,-2.0,3.011,-2.0,-2.0,-2.0,2.126,3.471,-0.915,-0.796,-2.007,-2.871,-1.987,0.379,2.078,-1.888,-1.016,3.993,-0.91,-5.0,-3.0,-3.999,-0.959,3.302,9.271,8.502,-5.0,-4.0,3.068,-0.601,6.74,-5.0,-2.0,3.618,-2.961,1.236,-2.0,-4.0,3.075,-3.0,0.0,-1.999,10.66,2.124,0.0,0.0,0.0,0.0,0.0,0.0,0.0,0.0,0.0,0.0
BtcGF,BTCUSDc,223,0.3217,0.965,2,0.0212,2090.57,361,20.7756,1,15,210,0.015,1.7,2.5,0.0,0.5,16385,1,-19.209,14,1,0,0,0.75,3.817,7.721,-4.999,0.0,0.0,-3.999,5.058,-2.999,6.01,1.575,6.696,-5.0,-0.453,-3.0,-1.0,0.979,4.082,-0.361,-1.464,-6.0,-3.0,-5.0,5.751,2.878,-0.477,6.188,-2.999,-2.501,-5.0,-0.456,-3.0,5.919,-4.0,-0.509,-4.0,-3.997,-2.0,-0.015,-2.0,-3.0,-4.0,-2.0,-0.999,-1.0,4.301,8.259,1.291,1.499,-3.0,0.0,-1.0,0.0,3.617,7.265,-1.0,-1.0,0.0,-1.0,-1.0,-1.0,0.0,0.0,0.0,0.0,0.0,-1.0,0.0,0.0,-1.0,0.0,0.0,2.507,-1.0,0.0,0.0,-1.0,-2.0,-0.508,2.503,-2.0,-2.0,-2.0,1.974,2.864,-0.421,-1.937,6.262,-3.194,-2.493,2.474,-1.491,-2.321,-1.513,2.994,-2.0,-5.0,-2.999,3.902,-1.43,16.174,4.311,11.064,-4.0,-5.0,2.056,-1.135,0.09,-5.0,0.726,-0.508,-3.46,0.647,-6.0,-3.0,8.392,-1.0,-5.0,1.383,9.374,-2.0,0.0,0.0,0.0,0.0,0.0,0.0,0.0,0.0,0.0,0.0
BtcGF,BTCUSDc,30,19.566,29.349,4,1.0879,99.57,364,29.1209,1,15,150,0.015,1.7,2.0,0.0,0.5,16385,1,0.127,4,1,0,0,0.0,7.86,4.648,-5.0,0.0,0.0,0.384,0.589,-3.0,2.004,6.874,0.982,-1.916,-0.983,-3.0,-0.945,8.314,2.139,-2.0,-1.98,-5.999,3.42,-0.906,2.861,-1.976,-4.0,2.674,0.051,-3.001,2.709,-0.821,-3.0,4.66,-3.999,-1.007,-4.0,32.334,-2.0,1.805,-2.0,-3.0,-4.0,-2.0,-0.999,-1.0,-0.764,4.003,0.244,3.018,-3.0,0.0,-1.0,0.0,2.527,1.054,-1.0,-1.0,0.0,-1.0,2.351,-0.999,0.0,0.0,0.0,0.0,0.0,-1.0,0.0,0.0,-1.0,0.0,0.0,1.999,-1.0,0.0,0.0,-1.0,-2.0,-1.008,1.997,-2.0,-2.0,1.915,4.291,1.044,0.604,-0.701,5.065,2.207,0.016,-0.964,-1.003,-3.895,-2.011,1.996,-3.002,-5.0,0.7,5.497,-1.96,1.093,12.52,5.128,-3.001,-5.0,-0.987,2.157,-0.648,-1.637,0.091,-1.005,-2.973,-0.985,-6.0,-3.0,4.009,-1.0,-4.999,-0.796,9.363,3.022,0.0,0.0,0.0,0.0,0.0,0.0,0.0,0.0,0.0,0.0
BtcGF,BTCUSDc,144,19.4807,29.221,4,0.8821,41.5,364,28.022,1,15,150,0.015,1.1,2.0,0.0,0.5,16385,1,17.094,12,1,0,0,0.5,7.841,9.921,-4.0,-0.996,0.0,4.02,6.686,1.136,4.844,4.715,-2.0,-2.0,-0.496,-2.999,-0.987,6.871,4.772,-0.972,-1.987,-5.999,2.203,-0.963,2.145,4.41,-4.0,4.909,0.033,-3.001,-6.0,-0.821,-3.0,10.22,-5.0,-1.007,-4.0,5.812,-2.0,-1.911,-2.0,-3.0,-4.0,-2.0,-0.999,0.0,-0.903,4.003,0.078,3.018,-3.0,0.0,-1.0,0.0,2.213,1.024,-1.0,-1.0,0.0,-1.0,2.088,-1.0,0.0,0.0,0.0,0.0,0.0,-1.0,0.0,0.0,-1.0,0.0,0.0,1.999,-1.0,0.0,0.0,-1.0,-2.0,-1.999,1.997,-2.0,-2.0,1.915,4.07,1.034,0.596,-2.907,4.02,-2.27,3.234,1.047,-2.002,-2.95,-2.011,1.996,-3.002,-5.0,0.694,3.328,-1.985,-1.495,6.745,5.053,6.324,-5.0,-0.987,2.101,-0.9,-1.648,0.027,6.693,-3.98,-1.004,-2.0,-4.0,1.995,-3.0,3.326,-0.942,9.168,3.02,0.0,0.0,0.0,0.0,0.0,0.0,0.0,0.0,0.0,0.0
BtcGF,BTCUSDc,128,2.9707,4.456,4,0.1847,68.25,432,46.0648,1,15,270,0.015,1.7,1.0,0.0,0.5,16385,1,1.415,0,1,0,0,0.5,2.801,4.108,-1.945,0.0,-0.995,2.195,1.34,-2.005,0.997,0.32,-2.0,-2.954,-2.003,-1.004,-0.008,2.067,0.031,0.228,-2.006,-1.847,-0.017,-0.001,1.638,-1.948,1.8,0.223,2.559,-4.0,-5.005,0.888,0.995,1.641,2.215,-2.004,-1.072,1.45,-1.014,-0.996,-2.0,-3.0,-4.0,0.02,2.295,3.513,3.159,3.936,-1.003,1.0,-3.0,0.0,-1.0,0.0,1.055,1.995,1.003,-1.0,0.0,2.597,1.09,2.365,0.0,0.0,0.0,0.0,0.0,-1.0,0.0,0.0,-1.0,0.0,0.0,0.999,-1.0,0.0,0.0,0.999,0.003,-1.005,0.998,-0.013,-2.0,0.003,1.992,-0.004,5.981,0.027,-0.992,-1.006,4.197,-0.017,1.036,1.086,-0.06,1.994,-2.002,-5.0,-0.694,0.391,-2.008,-0.469,0.133,1.981,3.14,-0.007,1.289,6.33,0.003,-3.003,-1.988,-0.008,-4.998,1.97,-3.819,-2.044,-1.72,0.024,-2.003,0.049,2.997,0.997,0.0,0.0,0.0,0.0,0.0,0.0,0.0,0.0,0.0,0.0
BtcGF,BTCUSDc,83,-8.709,-26.127,2,-0.4534,0.0,408,30.1471,1,15,270,0.015,2.0,1.5,0.0,0.5,16385,1,-39.704,8,1,0,0,0.25,7.505,15.237,-5.0,0.0,0.0,-4.0,6.967,-3.0,1.496,-2.473,-2.0,-5.0,-0.504,-0.603,-1.508,4.255,1.089,4.695,-3.497,-0.418,1.801,-0.089,-0.721,-3.488,1.719,2.196,-3.0,-3.5,-6.0,-1.5,-0.505,-5.306,-0.999,-1.505,-5.0,-3.418,-2.0,-0.821,-2.0,-3.0,-4.0,-2.0,-0.999,-1.0,7.138,2.497,-0.46,2.0,-3.0,0.0,-1.0,0.0,1.651,3.091,-1.0,-1.0,0.0,-1.0,1.829,-0.999,0.0,0.0,0.0,0.0,0.0,-1.0,0.0,0.0,-1.0,0.0,0.0,1.499,-1.0,0.0,0.0,1.505,-2.0,0.011,1.498,-2.0,-2.0,0.508,3.066,3.008,8.281,-2.319,2.603,-1.473,5.377,1.565,-2.503,-3.458,-2.508,0.996,-2.009,-5.0,0.174,6.829,-2.488,-4.479,1.384,3.524,-3.5,-1.507,8.035,0.485,1.73,-2.504,-0.886,-1.504,-4.495,-2.508,-7.0,-1.479,2.803,-1.0,-5.0,0.677,5.087,1.995,0.0,0.0,0.0,0.0,0.0,0.0,0.0,0.0,0.0,0.0
BtcGF,BTCUSDc,169,33.6867,50.53,4,1.9201,57.22,336,19.9405,1,15,210,0.015,1.1,3.0,0.0,0.5,16385,1,21.619,10,1,0,0,0.5,7.664,2.079,-5.0,0.0,0.0,-3.998,3.87,-2.0,-1.0,2.051,-1.0,-2.0,1.216,-3.0,-2.0,-2.0,5.944,0.086,-5.0,-5.999,1.322,-3.0,1.012,15.931,0.028,1.021,-3.0,-1.99,-6.0,0.045,-3.0,28.911,-6.0,-0.011,-4.0,19.166,-2.0,-0.788,-2.0,-3.0,-4.0,-2.0,-0.999,0.0,6.362,23.78,1.241,1.999,-3.0,0.0,-1.0,0.0,3.499,8.962,-1.0,-1.0,0.0,-1.0,-1.0,-1.0,0.0,0.0,0.0,0.0,0.0,-1.0,0.0,0.0,-1.0,0.0,0.0,3.013,-1.0,0.0,0.0,-1.0,-2.0,-2.0,3.011,-2.0,-2.0,-2.0,2.126,3.471,0.085,-1.795,-2.007,-2.87,-1.988,0.379,2.079,-1.888,-1.016,3.993,-0.91,-5.0,-3.0,-4.0,-0.959,3.302,7.638,8.502,-5.0,-4.0,3.068,-0.601,6.74,-5.0,-2.0,3.618,-2.961,1.236,-2.0,-4.0,3.075,-3.0,0.0,-1.999,10.66,2.124,0.0,0.0,0.0,0.0,0.0,0.0,0.0,0.0,0.0,0.0
BtcGF,BTCUSDc,39,19.0313,28.547,4,0.9678,115.64,341,23.7537,1,15,150,0.015,1.4,2.5,0.0,0.5,16385,1,-4.465,8,1,0,0,0.0,4.304,4.157,-4.0,-0.998,0.0,-4.0,1.871,-3.0,3.2,1.553,6.964,-2.0,3.33,-3.0,-2.0,1.791,3.257,-2.0,-1.476,-5.998,-3.0,-4.999,3.76,-1.463,-4.0,4.039,0.57,-2.501,4.71,-0.254,-3.0,0.609,-4.0,-0.509,-4.0,36.044,-2.0,2.007,-2.0,-3.0,-4.0,-2.0,-0.999,0.0,0.863,2.02,0.784,1.499,-3.0,0.0,-1.0,0.0,2.956,1.564,-1.0,-1.0,0.0,-1.0,-0.999,-0.999,0.0,0.0,0.0,0.0,0.0,-1.0,0.0,0.0,-1.0,0.0,0.0,2.507,-1.0,0.0,0.0,-1.0,-2.0,0.491,2.503,-2.0,-2.0,-2.0,1.738,1.663,1.344,-0.236,5.312,2.392,2.046,-0.419,-0.497,-3.372,-1.514,2.994,-1.486,-6.0,1.446,6.368,1.74,1.243,14.748,9.686,-5.0,-5.0,-0.481,-0.039,-0.206,-0.745,0.619,-0.507,-2.47,0.749,-6.0,-3.0,-1.416,-1.0,-3.0,0.869,9.27,0.55,0.0,0.0,0.0,0.0,0.0,0.0,0.0,0.0,0.0,0.0
BtcGF,BTCUSDc,96,0.943,1.886,3,0.0361,757.53,352,22.1591,1,15,150,0.015,1.1,2.5,0.0,0.5,16385,1,-12.401,9,1,0,0,0.25,4.304,1.551,-4.0,-0.996,0.0,-3.999,1.863,-2.0,14.078,1.536,6.768,-2.0,0.994,-2.999,-2.0,1.79,12.456,-0.446,-1.476,-5.999,0.676,-4.0,3.252,-2.459,-4.0,13.406,0.554,-2.501,-6.0,-0.256,-3.0,1.561,-6.0,-0.509,-5.0,-2.394,-2.0,-1.354,-2.0,-3.0,-4.0,-2.0,-0.999,0.0,0.671,2.017,0.653,1.499,-3.0,0.0,-1.0,0.0,2.826,1.538,-1.0,-1.0,0.0,-1.0,-1.0,-1.0,0.0,0.0,0.0,0.0,0.0,-1.0,0.0,0.0,-1.0,0.0,0.0,2.507,-1.0,0.0,0.0,-1.0,-2.0,-1.999,2.503,-2.0,-2.0,-2.0,1.586,1.573,0.334,-1.355,4.297,1.303,9.957,2.112,-1.497,-2.419,-1.514,2.994,-2.486,-5.0,1.438,-2.031,-1.473,-0.746,12.287,9.289,-5.0,-5.0,-0.481,-0.062,-0.35,-0.799,0.558,-0.507,-3.47,0.744,-2.0,-4.0,2.527,-3.0,5.14,0.619,9.179,0.522,0.0,0.0,0.0,0.0,0.0,0.0,0.0,0.0,0.0,0.0
BtcGF,BTCUSDc,173,13.224,39.672,2,1.3871,87.6,350,18.8571,1,15,270,0.015,1.4,3.0,0.0,0.5,16385,1,4.921,10,1,0,0,0.5,7.664,1.112,-5.0,0.0,0.0,-3.999,7.296,-2.0,-1.0,2.078,-2.0,-2.0,9.439,-3.0,-2.0,-2.0,5.025,0.155,-6.0,-5.999,-3.0,-5.0,1.012,17.016,0.383,1.356,-3.0,-1.99,-6.0,0.051,-3.0,-2.999,2.207,4.465,-4.0,30.751,-2.0,-0.202,-2.0,-3.0,-4.0,-2.0,-0.999,0.0,6.525,23.792,1.555,1.999,-3.0,0.0,-1.0,0.0,4.274,6.427,-1.0,-1.0,0.0,-1.0,-0.999,-1.0,0.0,0.0,0.0,0.0,0.0,-1.0,0.0,0.0,-1.0,0.0,0.0,3.013,-1.0,0.0,0.0,-1.0,-2.0,0.989,3.012,-2.0,-2.0,-2.0,2.349,-2.0,2.446,-1.58,-2.007,-2.679,-1.988,1.53,2.185,-1.824,-1.016,3.993,4.897,-6.0,2.785,-5.0,-0.941,10.285,2.085,7.538,-5.0,-4.0,2.635,0.103,6.152,-5.0,-2.0,-3.999,-2.961,1.081,-6.0,-3.0,-0.612,-1.0,-2.999,-1.0,11.805,-2.0,0.0,0.0,0.0,0.0,0.0,0.0,0.0,0.0,0.0,0.0
BtcGF,BTCUSDc,160,22.0513,33.077,4,1.1827,63.67,357,21.5686,1,15,210,0.015,1.4,2.5,0.0,0.5,16385,1,12.017,13,1,0,0,0.5,5.702,12.076,-5.0,0.0,0.0,-3.999,2.695,-2.0,-1.0,1.553,9.999,-2.0,3.33,-3.0,-2.0,0.958,3.986,-0.409,-1.476,-5.999,-3.0,-4.999,3.76,7.99,-0.477,7.928,-3.0,-2.501,-6.0,-0.472,-3.0,18.047,-5.0,-0.509,-4.0,17.06,-2.0,-0.993,-2.0,-3.0,-4.0,-2.0,-0.999,0.0,4.993,10.482,0.784,1.499,-3.0,0.0,-1.0,0.0,2.956,7.244,-1.0,-1.0,0.0,-1.0,-0.999,-1.0,0.0,0.0,0.0,0.0,0.0,-1.0,0.0,0.0,-1.0,0.0,0.0,2.507,-1.0,0.0,0.0,-1.0,-2.0,0.491,2.503,-2.0,-2.0,-2.0,1.738,2.655,-0.446,-2.235,10.892,-3.337,-2.493,2.375,-1.496,-2.372,-1.514,2.994,-1.741,-5.0,-3.0,-1.269,-1.459,3.875,5.711,9.686,-5.0,-4.0,2.053,-1.192,5.371,-5.0,0.619,-0.508,-3.47,0.616,-6.0,-3.0,-1.417,-1.0,-3.0,0.869,9.27,1.591,0.0,0.0,0.0,0.0,0.0,0.0,0.0,0.0,0.0,0.0
BtcGF,BTCUSDc,204,6.034,12.068,3,0.3583,55.15,354,28.8136,1,15,150,0.015,1.1,2.0,0.0,0.5,16385,1,5.412,6,1,0,0,0.75,7.524,6.724,-4.0,-0.996,0.0,1.504,1.589,1.136,3.593,3.458,-2.0,-2.0,-0.497,-2.999,1.013,3.871,3.3,-0.972,-1.987,0.539,2.203,-0.963,2.145,0.97,0.307,3.966,0.033,-3.001,-5.0,-0.821,-3.0,4.128,-4.0,-1.007,-4.0,11.066,-2.0,-1.911,-2.0,-3.0,-4.0,-2.0,-0.999,0.0,-0.903,4.004,0.078,3.018,-3.0,0.0,-1.0,0.0,2.213,1.024,-1.0,-1.0,0.0,-1.0,2.088,-1.0,0.0,0.0,0.0,0.0,0.0,-1.0,0.0,0.0,-1.0,0.0,0.0,1.999,-1.0,0.0,0.0,-1.0,-2.0,-1.999,1.997,-2.0,-2.0,1.915,4.07,1.034,0.596,-2.907,3.699,-2.27,1.988,1.047,-2.003,-2.95,-2.01,1.996,-2.0,-5.0,0.695,1.923,-1.985,-1.495,5.202,5.053,4.451,-6.0,-0.987,2.102,-0.9,-1.648,0.027,4.407,-3.98,-1.004,-2.0,-4.0,1.995,-3.0,3.326,-0.942,9.168,3.02,0.0,0.0,0.0,0.0,0.0,0.0,0.0,0.0,0.0,0.0
BtcGF,BTCUSDc,94,16.6655,33.331,3,0.658,64.79,387,25.0646,1,15,210,0.015,2.0,2.0,0.0,0.5,16385,1,11.735,14,1,0,0,0.25,10.184,24.974,-5.0,0.0,0.0,-4.0,7.427,-3.0,8.599,16.882,-2.0,-5.0,-0.975,-3.0,-0.906,10.79,2.788,-0.908,-1.98,-6.0,2.366,-0.749,4.267,-2.949,-0.983,7.624,-3.0,-3.001,-6.0,-0.966,-3.0,-2.623,-5.0,-1.007,-5.0,-2.701,-2.0,0.045,-2.0,-3.0,-4.0,-2.0,-0.999,-1.0,2.803,4.003,0.493,3.022,-3.0,0.0,-1.0,0.0,3.025,5.53,-1.0,-1.0,0.0,-1.0,2.538,-0.999,0.0,0.0,0.0,0.0,0.0,-1.0,0.0,0.0,-1.0,0.0,0.0,1.999,-1.0,0.0,0.0,-1.0,-2.0,1.077,1.997,-2.0,-2.0,1.131,4.531,1.711,-1.975,-1.494,12.207,-6.0,-2.996,1.272,-2.003,-2.853,-2.011,1.996,-3.002,-5.0,-3.0,4.287,-1.945,9.204,6.922,5.201,10.25,-4.0,1.034,1.372,3.274,-5.0,0.129,-1.005,-3.973,-0.982,-7.0,-3.0,0.465,-1.0,-5.0,-0.661,9.513,3.045,0.0,0.0,0.0,0.0,0.0,0.0,0.0,0.0,0.0,0.0
BtcGF,BTCUSDc,33,45.8173,68.726,4,2.6123,87.99,369,28.1843,1,15,150,0.015,2.0,2.0,0.0,0.5,16385,1,8.253,7,1,0,0,0.0,7.87,5.442,-4.998,0.0,0.0,0.402,0.589,-3.0,2.004,7.15,2.559,-1.89,-0.974,-3.0,-0.906,11.251,2.176,0.092,-1.98,-5.999,2.366,-0.867,4.267,-1.97,-4.0,2.675,0.061,-3.001,2.742,-0.821,-3.0,1.159,-4.0,-1.007,-4.0,63.691,-2.0,3.045,-2.999,-3.0,-4.0,-2.0,-0.999,-1.0,-0.666,4.004,0.493,3.022,-3.0,0.0,-1.0,0.0,3.025,1.078,-1.0,-1.0,0.0,-1.0,2.538,-0.999,0.0,0.0,0.0,0.0,0.0,-1.0,0.0,0.0,-1.0,0.0,0.0,1.999,-1.0,0.0,0.0,-1.0,-2.0,1.076,1.997,-2.0,-2.0,1.953,4.531,1.047,0.623,-1.494,5.091,2.769,-2.997,-0.963,-1.003,-3.853,-2.011,1.996,-3.002,-5.0,0.706,1.053,-1.945,7.222,12.54,5.201,-3.001,-5.0,-0.987,2.262,-0.36,-1.626,0.129,-1.005,-2.972,-0.982,-6.0,-3.0,4.233,-1.0,-5.0,-0.661,9.513,3.022,0.0,0.0,0.0,0.0,0.0,0.0,0.0,0.0,0.0,0.0
BtcGF,BTCUSDc,75,-8.8655,-17.731,3,-0.3105,0.0,399,30.8271,1,15,150,0.015,1.4,1.5,0.0,0.5,16385,1,-31.308,10,1,0,0,0.25,5.353,15.127,-4.0,-0.998,0.0,-4.0,-0.173,-0.357,1.496,3.025,-2.0,-1.2,-1.503,-3.0,-1.511,3.939,6.079,4.693,-2.497,-3.51,1.578,-1.49,-0.929,-3.493,-4.0,1.965,-0.492,-3.5,-6.0,-1.5,-0.505,-2.918,-5.0,-1.505,-5.0,-0.908,-2.0,-0.951,-2.0,-3.0,-4.0,-2.0,-0.999,0.0,3.808,2.497,-0.48,2.0,-3.0,0.0,-1.0,0.0,1.606,0.514,-1.0,-1.0,0.0,-1.0,1.615,-1.0,0.0,0.0,0.0,0.0,0.0,-1.0,0.0,0.0,-1.0,0.0,0.0,1.499,-1.0,0.0,0.0,1.505,-2.0,-0.506,1.498,-2.0,-2.0,1.04,3.03,0.511,8.551,-2.434,1.204,-3.26,12.91,2.215,-2.503,-3.471,-2.508,0.996,-3.502,-5.0,-0.048,3.159,-2.496,-1.973,6.511,3.507,6.057,-2.507,2.336,0.738,2.405,-2.504,-0.929,-1.504,-4.495,-2.514,-6.0,-1.528,6.769,-1.0,-2.028,0.576,5.091,1.995,0.0,0.0,0.0,0.0,0.0,0.0,0.0,0.0,0.0,0.0
BtcGF,BTCUSDc,112,-9.4793,-28.438,2,-0.4426,0.0,356,18.2584,1,15,210,0.015,1.4,3.0,0.0,0.5,16385,1,-40.876,7,1,0,0,0.25,10.561,1.112,-5.0,0.0,0.0,-4.0,3.87,-2.0,-1.0,2.078,-1.0,-2.0,9.438,-3.0,-2.0,-1.999,5.964,0.155,-5.0,-5.999,-3.0,-4.999,1.012,-0.554,0.029,1.08,-3.0,-1.99,-6.0,0.051,-3.0,-1.183,-5.0,-0.011,-5.0,-1.607,-2.0,-0.202,-2.0,-3.0,-4.0,-2.0,-0.999,0.0,7.268,3.051,1.555,1.999,-3.0,0.0,-1.0,0.0,4.274,8.996,-1.0,-1.0,0.0,-1.0,-0.999,-0.999,0.0,0.0,0.0,0.0,0.0,-1.0,0.0,0.0,-1.0,0.0,0.0,3.013,-1.0,0.0,0.0,-1.0,-2.0,0.989,3.012,-2.0,-2.0,-2.0,2.349,3.663,-0.879,-0.581,-2.007,-2.68,-1.987,0.454,2.184,-1.824,-1.016,3.993,-0.91,-5.0,-3.0,-4.999,-0.941,7.137,9.271,7.538,-5.0,-4.0,3.073,-0.561,7.202,-5.0,-2.0,3.619,-2.961,1.255,-6.0,-3.0,-0.788,-1.0,-3.0,-1.0,11.805,2.187,0.0,0.0,0.0,0.0,0.0,0.0,0.0,0.0,0.0,0.0
BtcGF,BTCUSDc,172,43.4433,65.165,4,2.8059,51.15,350,19.1429,1,15,210,0.015,1.4,3.0,0.0,0.5,16385,1,31.83,11,1,0,0,0.5,7.664,1.112,-5.0,0.0,0.0,-3.999,3.87,-2.0,-1.0,2.078,-2.0,-2.0,9.439,-3.0,-2.0,-1.999,5.964,0.155,-5.0,-5.999,-3.0,-4.999,1.012,17.016,0.029,1.08,-3.0,-1.99,-6.0,0.051,-3.0,28.154,-5.0,-0.011,-4.0,29.335,-2.0,-0.202,-2.0,-3.0,-4.0,-2.0,-0.999,0.0,6.81,23.792,1.555,1.999,-3.0,0.0,-1.0,0.0,4.274,8.996,-1.0,-1.0,0.0,-1.0,-0.999,-1.0,0.0,0.0,0.0,0.0,0.0,-1.0,0.0,0.0,-1.0,0.0,0.0,3.013,-1.0,0.0,0.0,-1.0,-2.0,0.989,3.012,-2.0,-2.0,-2.0,2.349,3.663,0.121,-1.58,-2.007,-2.679,-1.988,0.454,2.185,-1.824,-1.016,3.993,-0.91,-5.0,-3.0,-5.0,-0.941,7.137,7.638,7.538,-5.0,-4.0,3.073,-0.561,7.202,-5.0,-2.0,3.619,-2.961,1.255,-6.0,-3.0,-0.789,-1.0,-3.0,-1.0,11.805,2.187,0.0,0.0,0.0,0.0,0.0,0.0,0.0,0.0,0.0,0.0
BtcGF,BTCUSDc,221,3.6935,7.387,3,0.2425,186.56,350,22.2857,1,15,270,0.015,1.4,2.5,0.0,0.5,16385,1,-6.394,12,1,0,0,0.75,3.817,7.688,-4.999,0.0,0.0,-3.999,6.628,-2.0,6.01,1.553,7.868,-2.0,3.33,-3.0,-2.0,1.121,3.194,-0.409,-2.476,-5.999,-3.0,-5.0,3.76,2.878,-0.191,6.404,-2.999,-2.501,-5.0,-0.472,-3.0,8.552,1.322,3.326,-4.0,10.782,-2.0,-0.993,-2.0,-2.999,-4.0,-2.0,-0.999,0.0,3.7,8.259,0.784,1.499,-3.0,0.0,-1.0,0.0,2.956,5.31,-1.0,-1.0,0.0,-1.0,-0.999,-1.0,0.0,0.0,0.0,0.0,0.0,-1.0,0.0,0.0,-1.0,0.0,0.0,2.507,-1.0,0.0,0.0,-1.0,-2.0,0.491,2.503,-2.0,-2.0,-2.0,1.738,-2.0,1.325,-2.235,6.262,-3.337,-2.493,3.421,-1.497,-2.372,-1.513,2.994,-2.0,-5.0,1.901,-1.269,-1.459,4.205,1.337,9.686,-4.0,-5.0,1.506,-0.656,4.617,-5.0,0.619,-0.508,-3.47,0.521,-6.0,-3.0,-1.283,-1.0,-2.999,0.869,9.27,-2.0,0.0,0.0,0.0,0.0,0.0,0.0,0.0,0.0,0.0,0.0
BtcGF,BTCUSDc,37,52.8713,79.307,4,3.0965,102.8,325,25.2308,1,15,210,0.015,1.1,2.5,0.0,0.5,16385,1,-2.222,6,1,0,0,0.0,7.852,1.551,-4.999,0.0,0.0,-3.999,2.695,-3.0,2.512,-0.464,1.697,-2.0,0.213,-3.0,-2.0,0.948,3.917,-2.0,-1.476,-5.999,0.676,-3.0,3.252,-1.472,-0.477,3.786,-2.999,-2.501,-1.448,-0.474,-3.0,80.529,-6.0,-0.509,-5.0,3.401,-2.0,1.646,-2.0,-3.0,-4.0,-2.0,-0.999,0.0,5.168,5.527,0.653,1.499,-3.0,0.0,-1.0,0.0,2.826,7.218,-1.0,-1.0,0.0,-1.0,-1.0,0.0,-1.0,0.0,0.0,0.0,0.0,-1.0,0.0,0.0,-1.0,0.0,0.0,2.507,-1.0,0.0,0.0,-1.0,-2.0,-2.0,2.503,-1.0,-2.0,-2.0,1.586,2.565,1.546,-0.355,4.984,-1.419,2.019,-0.231,-0.497,3.224,-1.514,2.994,-0.741,-5.0,-3.0,2.238,-1.472,1.886,7.046,9.289,-4.999,-4.0,2.049,-1.198,5.141,-5.0,0.558,-0.508,-2.47,0.61,-2.0,-4.0,2.527,1.541,3.787,0.619,9.179,1.563,0.0,0.0,0.0,0.0,0.0,0.0,0.0,0.0,0.0,0.0
BtcGF,BTCUSDc,77,-3.9347,-11.804,2,-0.2447,0.0,402,31.592,1,15,270,0.015,1.4,1.5,0.0,0.5,16385,1,-25.381,8,1,0,0,0.25,7.499,15.127,-5.0,0.0,0.0,-4.0,6.962,-0.357,1.496,-2.479,-2.0,-1.2,-0.504,-0.606,-1.511,3.939,1.061,4.693,-3.497,-0.449,1.578,-0.092,-0.929,-3.493,1.719,2.192,-3.0,-3.5,-6.0,-1.5,-0.505,-5.426,-0.178,1.097,-5.0,-3.46,-2.0,-0.951,-2.0,-3.0,-4.0,-2.0,-0.999,0.0,6.22,2.497,-0.48,2.0,-3.0,0.0,-1.0,0.0,1.606,3.085,-1.0,-1.0,0.0,-1.0,1.615,-0.999,0.0,0.0,0.0,0.0,0.0,-1.0,0.0,0.0,-1.0,0.0,0.0,1.499,-1.0,0.0,0.0,1.505,-2.0,-0.506,1.498,-2.0,-2.0,0.508,3.03,3.008,8.281,-2.434,2.574,-1.473,5.364,1.565,-2.503,-3.47,-2.508,0.996,-2.009,-5.0,0.17,6.581,-2.496,-4.484,1.356,3.507,-3.5,-1.507,8.017,0.418,1.578,-2.504,-0.929,-1.504,-4.495,-2.514,-6.0,-1.479,6.374,-1.0,-2.195,0.576,5.035,1.995,0.0,0.0,0.0,0.0,0.0,0.0,0.0,0.0,0.0,0.0
BtcGF,BTCUSDc,147,19.134,28.701,4,1.0072,42.25,372,27.6882,1,15,150,0.015,1.4,2.0,0.0,0.5,16385,1,16.574,12,1,0,0,0.5,7.849,10.06,-4.0,-0.998,0.0,4.019,6.686,1.358,4.844,4.791,-2.0,-2.0,0.475,-3.0,-0.967,7.231,4.802,-0.954,-1.987,-5.999,2.497,-0.939,2.308,4.41,-4.0,4.909,0.041,-3.001,-6.0,-0.821,-3.0,10.357,-5.0,-1.007,-4.0,6.603,-2.0,-1.715,-2.0,-3.0,-4.0,-2.0,-0.999,0.0,-0.863,4.003,0.111,3.018,-3.0,0.0,-1.0,0.0,2.256,1.042,-1.0,-1.0,0.0,-1.0,2.18,-1.0,0.0,0.0,0.0,0.0,0.0,-1.0,0.0,0.0,-1.0,0.0,0.0,1.999,-1.0,0.0,0.0,-1.0,-2.0,-0.008,1.997,-2.0,-2.0,1.915,4.155,1.038,0.599,-2.848,4.033,-2.266,3.26,1.072,-2.002,-2.924,-2.011,1.996,-3.002,-5.0,0.7,3.537,-1.978,-0.923,6.745,5.07,6.349,-5.0,-0.987,2.114,-0.815,-1.645,0.053,6.693,-3.98,-1.001,-6.0,-3.0,1.768,-1.0,-3.0,-0.865,9.243,3.02,0.0,0.0,0.0,0.0,0.0,0.0,0.0,0.0,0.0,0.0
BtcGF,BTCUSDc,27,9.9933,14.99,4,0.5451,152.56,356,29.2135,1,15,150,0.015,1.4,2.0,0.0,0.5,16385,1,-7.879,3,1,0,0,0.0,7.849,4.281,-4.0,-0.998,0.0,0.384,0.589,-3.0,2.004,6.713,0.325,-2.0,0.475,-3.0,-0.967,7.231,2.107,-2.0,-1.987,-5.998,2.497,-0.939,2.308,-1.976,-4.0,2.674,0.041,-3.001,2.68,-0.821,-3.0,4.304,-4.0,-1.007,-4.0,24.506,-2.0,1.285,-2.0,-3.0,-4.0,-2.0,-0.999,0.0,-0.863,4.003,0.111,3.018,-3.0,0.0,-1.0,0.0,2.256,1.042,-1.0,-1.0,0.0,-1.0,2.18,-0.999,0.0,0.0,0.0,0.0,0.0,-1.0,0.0,0.0,-1.0,0.0,0.0,1.999,-1.0,0.0,0.0,-1.0,-2.0,-0.008,1.997,-2.0,-2.0,1.915,4.155,1.038,0.599,-0.849,5.033,1.921,0.016,-0.964,-1.003,-3.923,-2.011,1.996,-3.002,-5.0,0.7,4.484,-1.978,-0.923,12.52,5.07,-3.001,-5.0,-0.987,2.114,-0.815,-1.645,0.053,-1.005,-2.98,-1.001,-6.0,-3.0,1.769,-1.0,-3.0,-0.865,9.243,3.02,0.0,0.0,0.0,0.0,0.0,0.0,0.0,0.0,0.0,0.0
BtcGF,BTCUSDc,162,61.6058,73.927,5,2.1895,68.72,371,21.2938,1,15,150,0.015,1.7,2.5,0.0,0.5,16385,1,23.121,16,1,0,0,0.5,4.304,12.109,-5.0,0.0,0.0,-4.0,2.871,-2.999,7.885,1.575,6.268,-5.0,-0.453,-3.0,-3.0,1.81,6.861,-0.361,-1.464,-6.0,-3.0,-5.0,5.751,7.99,-4.0,8.18,0.59,-2.501,-6.0,-0.25,-3.0,13.866,-5.0,-0.509,-4.0,46.806,-2.0,-0.015,-2.0,-3.0,-4.0,-2.0,-0.999,-1.0,1.432,10.482,1.291,1.499,-3.0,0.0,-1.0,0.0,3.617,1.585,-1.0,-1.0,0.0,-1.0,-1.0,-1.0,0.0,0.0,0.0,0.0,0.0,-1.0,0.0,0.0,-1.0,0.0,0.0,2.507,-1.0,0.0,0.0,-1.0,-2.0,-0.509,2.503,-2.0,-2.0,-2.0,1.974,1.872,1.355,-1.937,4.341,1.535,5.416,2.279,-1.49,-2.322,-1.514,2.994,-2.486,-5.0,1.446,4.023,-1.43,14.316,7.182,11.064,-5.0,-5.0,-0.481,0.036,0.09,-0.64,0.726,-0.508,-3.46,0.786,-7.0,-3.0,-2.314,-1.0,-4.999,1.383,9.374,0.594,0.0,0.0,0.0,0.0,0.0,0.0,0.0,0.0,0.0,0.0
BtcGF,BTCUSDc,101,-3.4277,-20.566,1,-0.2847,0.0,364,20.3297,1,15,270,0.015,1.4,2.5,0.0,0.5,16385,1,-50.181,7,1,0,0,0.25,11.346,31.185,-5.0,0.0,0.0,-4.0,5.449,-2.0,-1.0,-1.447,-2.0,-2.0,4.329,-4.0,-2.0,1.121,3.194,-0.409,-2.476,-5.999,-3.0,-5.0,3.76,-2.451,-0.191,13.389,-3.0,-2.501,-6.0,-0.472,-3.0,-3.999,1.322,3.326,-5.0,-2.266,-2.0,-0.993,-2.0,-3.0,-4.0,-2.0,-0.999,0.0,5.462,2.019,0.784,1.499,-3.0,0.0,-1.0,0.0,2.956,5.31,-1.0,-1.0,0.0,-1.0,-0.999,-0.999,0.0,0.0,0.0,0.0,0.0,-1.0,0.0,0.0,-1.0,0.0,0.0,2.507,-1.0,0.0,0.0,-1.0,-2.0,0.491,2.503,-2.0,-2.0,-2.0,1.738,-2.0,0.325,-1.236,-2.506,-3.338,-2.492,3.421,-1.497,-2.372,-1.514,2.994,7.873,-6.0,1.9,-1.268,-1.459,-3.397,1.337,9.686,-5.0,-4.0,1.506,-0.656,4.617,-5.0,0.619,-0.507,-3.47,0.521,-6.0,-3.0,-1.282,-1.0,-2.999,0.869,9.27,-2.0,0.0,0.0,0.0,0.0,0.0,0.0,0.0,0.0,0.0,0.0
BtcGF,BTCUSDc,95,0.502,1.506,2,0.0246,1434.0,391,24.5524,1,15,270,0.015,2.0,2.0,0.0,0.5,16385,1,-20.09,11,1,0,0,0.25,12.464,24.974,-5.0,0.0,0.0,-4.0,11.622,-3.0,8.599,-1.958,-2.0,-5.0,0.025,-4.0,-0.906,11.166,2.176,-0.908,-2.98,-1.846,2.366,1.617,4.267,-2.949,-0.766,7.795,-3.0,-3.001,-6.0,-0.966,-3.0,-6.999,0.006,-1.007,-5.0,-2.701,-2.0,0.045,-2.0,-3.0,-4.0,-2.0,-0.999,-1.0,2.869,4.003,0.493,3.022,-3.0,0.0,-1.0,0.0,3.025,4.237,-1.0,-1.0,0.0,-1.0,2.538,-0.999,0.0,0.0,0.0,0.0,0.0,-1.0,0.0,0.0,-1.0,0.0,0.0,1.999,-1.0,0.0,0.0,-1.0,-2.0,1.076,1.997,-2.0,-2.0,1.131,4.531,6.196,-0.756,-1.494,12.207,-6.0,-2.996,2.253,-2.003,-2.853,-2.011,1.996,-3.002,-6.0,1.042,4.286,-1.945,-3.931,2.718,5.201,-3.001,-4.0,0.379,1.793,2.815,-5.0,0.129,-1.005,-3.973,-0.982,-7.0,-3.0,0.515,-1.0,-5.0,-0.661,9.513,0.018,0.0,0.0,0.0,0.0,0.0,0.0,0.0,0.0,0.0,0.0
BtcGF,BTCUSDc,103,16.5155,33.031,3,0.6172,89.66,374,19.7861,1,15,210,0.015,1.7,2.5,0.0,0.5,16385,1,3.416,10,1,0,0,0.25,7.852,31.218,-5.0,0.0,0.0,-4.0,2.695,-2.999,-1.0,1.575,22.761,-5.0,-0.454,-3.0,-3.0,0.979,4.082,-0.361,-1.464,-6.0,-3.0,-5.0,5.751,-2.424,-0.477,13.173,-3.0,-2.501,-6.0,-0.456,-3.0,-0.879,-5.0,-0.509,-5.0,-1.966,-2.0,-0.015,-2.0,-3.0,-4.0,-2.0,-0.999,-1.0,5.941,2.019,1.291,1.499,-3.0,0.0,-1.0,0.0,3.617,7.265,-1.0,-1.0,0.0,-1.0,-1.0,-0.999,0.0,0.0,0.0,0.0,0.0,-1.0,0.0,0.0,-1.0,0.0,0.0,2.507,-1.0,0.0,0.0,-1.0,-2.0,-0.508,2.503,-2.0,-2.0,-2.0,1.974,2.864,-1.421,-0.938,24.685,-3.195,-2.492,2.474,-1.491,-2.321,-1.514,2.994,-1.741,-5.0,-3.0,3.904,-1.43,16.948,7.09,11.064,-5.0,-4.0,2.056,-1.135,0.09,-5.0,0.726,-0.507,-3.46,0.647,-7.0,-3.0,-2.314,-1.0,-5.0,1.383,9.374,-2.0,0.0,0.0,0.0,0.0,0.0,0.0,0.0,0.0,0.0,0.0
BtcGF,BTCUSDc,87,12.351,24.702,3,0.5182,87.43,375,26.9333,1,15,150,0.015,1.4,2.0,0.0,0.5,16385,1,3.106,9,1,0,0,0.25,7.849,23.813,-4.0,-0.998,0.0,-4.0,0.589,1.358,8.599,5.712,-2.0,-2.0,0.475,-3.0,-0.967,7.231,9.218,-0.954,-1.987,-5.999,2.497,-0.939,2.308,-2.973,-4.0,7.741,0.041,-3.001,-6.0,-0.821,-3.0,0.268,-5.0,-1.007,-5.0,0.185,-2.0,-1.715,-2.0,-3.0,-4.0,-2.0,-0.999,0.0,-0.863,4.003,0.111,3.018,-3.0,0.0,-1.0,0.0,2.256,1.042,-1.0,-1.0,0.0,-1.0,2.18,-1.0,0.0,0.0,0.0,0.0,0.0,-1.0,0.0,0.0,-1.0,0.0,0.0,1.999,-1.0,0.0,0.0,-1.0,-2.0,-0.008,1.997,-2.0,-2.0,1.915,4.155,1.038,-0.401,-1.849,4.033,-2.266,7.016,1.072,-2.003,-2.924,-2.011,1.996,-3.002,-5.0,0.7,7.743,-1.978,-0.923,10.646,5.07,11.515,-5.0,-0.987,2.114,-0.815,-1.645,0.053,-1.005,-3.98,-1.001,-6.0,-3.0,1.769,-1.0,-3.0,-0.865,9.243,3.02,0.0,0.0,0.0,0.0,0.0,0.0,0.0,0.0,0.0,0.0
BtcGF,BTCUSDc,31,52.362,78.543,4,3.215,59.94,362,29.8343,1,15,210,0.015,1.7,2.0,0.0,0.5,16385,1,31.461,7,1,0,0,0.0,10.174,4.648,-4.999,0.0,0.0,27.701,7.41,-3.0,2.004,-0.957,0.982,-1.916,-0.984,-3.0,-0.945,7.816,2.751,-2.0,-1.98,-6.0,3.42,-0.788,2.861,-1.976,-0.983,2.556,-2.999,-3.001,-1.95,-0.966,-3.0,49.692,-5.0,-1.007,-4.999,4.298,-2.0,1.805,-2.0,-3.0,-4.0,-2.0,-0.999,-1.0,2.703,4.003,0.244,3.018,-3.0,0.0,-1.0,0.0,2.527,5.506,-1.0,-1.0,0.0,-1.0,2.351,-0.999,0.0,0.0,0.0,0.0,0.0,-1.0,0.0,0.0,-1.0,0.0,0.0,1.999,-1.0,0.0,0.0,-1.0,-2.0,-1.007,1.997,-1.0,-2.0,1.083,4.291,1.708,4.107,-0.701,3.096,-1.527,3.109,-0.821,-1.003,1.158,-2.011,1.996,-2.002,-5.0,-3.0,4.772,-1.96,3.075,6.852,5.128,-3.0,-4.0,1.033,1.267,2.922,-5.0,0.091,2.009,-2.973,-0.985,-6.0,-3.0,1.206,-1.0,-5.0,-0.796,9.363,3.045,0.0,0.0,0.0,0.0,0.0,0.0,0.0,0.0,0.0,0.0
BtcGF,BTCUSDc,225,50.4787,75.718,4,2.0015,121.58,364,20.6044,1,15,150,0.015,2.0,2.5,0.0,0.5,16385,1,-16.343,14,1,0,0,0.75,3.817,7.757,-4.998,0.0,0.0,-3.999,2.88,-3.0,5.821,1.582,5.811,-5.0,-0.431,-3.0,-1.0,1.818,5.08,-0.308,-1.464,-6.0,-4.0,-4.0,12.007,2.878,1.22,6.448,0.609,-2.501,-5.0,-0.247,-3.0,4.029,-4.0,-0.509,-4.0,-3.999,-2.0,2.395,-2.0,-3.0,-4.0,-2.0,-0.999,-1.0,-3.999,8.261,2.418,1.499,-3.0,0.0,-1.0,0.0,5.034,1.621,-1.0,-1.0,0.0,-1.0,-1.0,-1.0,0.0,0.0,0.0,0.0,0.0,-1.0,0.0,0.0,-1.0,0.0,0.0,2.507,-1.0,0.0,0.0,-1.0,-2.0,-0.509,2.503,-2.0,-2.0,-2.0,2.428,2.253,1.388,-1.463,3.862,1.758,3.99,2.429,-1.491,-2.246,-1.513,2.994,-2.0,-5.0,1.456,-6.0,-1.403,88.061,5.153,6.666,-4.0,-6.0,-0.481,0.209,0.606,-0.455,0.847,-0.507,-3.46,0.814,-6.0,-3.0,8.618,-1.0,-5.0,-4.0,9.516,0.657,0.0,0.0,0.0,0.0,0.0,0.0,0.0,0.0,0.0,0.0
BtcGF,BTCUSDc,157,20.7275,24.873,5,1.0848,80.5,346,22.2543,1,15,210,0.015,1.1,2.5,0.0,0.5,16385,1,4.849,11,1,0,0,0.5,5.702,1.551,-5.0,0.0,0.0,-3.998,2.695,-2.0,-1.0,1.536,9.811,-2.0,0.214,-3.0,-2.0,0.948,3.917,-0.446,-1.476,-5.999,0.676,-3.0,3.252,7.99,-0.477,7.921,-3.0,-2.501,-6.0,-0.474,-3.0,19.024,-6.0,-0.509,-4.0,13.941,-2.0,-1.354,-2.0,-3.0,-4.0,-2.0,-0.999,0.0,4.788,10.48,0.653,1.499,-3.0,0.0,-1.0,0.0,2.826,7.218,-1.0,-1.0,0.0,-1.0,-1.0,-1.0,0.0,0.0,0.0,0.0,0.0,-1.0,0.0,0.0,-1.0,0.0,0.0,2.507,-1.0,0.0,0.0,-1.0,-2.0,-2.0,2.503,-2.0,-2.0,-2.0,1.586,2.565,-0.454,-2.354,10.892,-3.418,-2.493,2.307,-1.496,-2.418,-1.514,2.994,-1.741,-5.0,-3.0,-2.273,-1.472,1.886,5.711,9.289,-5.0,-4.0,2.049,-1.198,5.141,-5.0,0.558,-0.508,-3.47,0.61,-2.0,-4.0,2.527,-3.0,3.787,0.619,9.179,1.563,0.0,0.0,0.0,0.0,0.0,0.0,0.0,0.0,0.0,0.0
BtcGF,BTCUSDc,114,-6.0477,-18.143,2,-0.2393,0.0,372,16.3978,1,15,150,0.015,1.7,3.0,0.0,0.5,16385,1,-55.02,9,1,0,0,0.25,5.779,1.175,-5.0,0.0,0.0,-4.0,3.142,-2.999,-1.0,2.111,-2.0,-5.0,0.077,-3.0,-3.0,-2.0,12.31,0.249,-5.0,-6.0,-3.0,-5.0,0.012,-4.999,-4.0,1.547,1.128,-1.342,-6.0,0.347,-3.0,-1.601,-5.0,-0.011,-5.0,-1.313,-2.0,1.536,-2.0,-3.0,-4.0,-2.0,-0.999,-1.0,3.076,3.051,2.816,1.999,-3.0,0.0,-1.0,0.0,8.916,2.118,-1.0,-1.0,0.0,-1.0,-1.0,-1.0,0.0,0.0,0.0,0.0,0.0,-1.0,0.0,0.0,-1.0,0.0,0.0,3.013,-1.0,0.0,0.0,-1.0,-2.0,-0.011,3.013,-2.0,-2.0,-2.0,2.702,2.796,1.161,-0.034,-2.007,3.436,-0.987,14.528,-1.979,-1.747,-1.016,3.993,-1.979,-5.0,2.226,-5.998,-0.9,32.877,15.941,8.448,-5.0,-5.0,0.024,1.044,0.829,0.394,-2.0,-3.999,-2.947,1.575,-7.0,-3.0,-1.506,-1.0,-4.999,-3.0,7.613,1.228,0.0,0.0,0.0,0.0,0.0,0.0,0.0,0.0,0.0,0.0
BtcGF,BTCUSDc,60,-10.637,-21.274,3,-0.5291,0.0,432,42.1296,1,15,150,0.015,1.1,1.0,0.0,0.5,16385,1,-27.249,2,1,0,0,0.25,2.861,5.879,-4.0,1.358,-0.999,1.107,-1.021,-2.005,0.997,0.48,-2.0,-2.968,-2.003,-1.004,-0.008,2.0,2.946,0.55,-3.003,-4.01,-0.017,-0.001,-0.997,-4.005,0.51,0.108,3.728,-4.0,-5.005,-2.0,0.995,4.975,-0.938,-2.004,-3.991,-1.98,-1.014,-0.999,-2.0,-3.0,-4.0,0.011,4.725,3.141,2.017,0.996,-1.003,1.0,-3.0,0.0,-1.0,0.0,1.048,1.993,1.003,-1.0,0.0,2.988,1.031,5.218,0.0,0.0,0.0,0.0,0.0,-1.0,0.0,0.0,-1.0,0.0,0.0,0.999,-1.0,0.0,0.0,0.999,0.003,0.378,0.998,-0.013,-2.0,0.238,1.991,-0.004,4.287,-2.997,-0.995,-4.008,0.976,-0.017,-3.005,2.799,1.531,1.994,-2.998,-5.0,-0.796,-1.996,-2.008,-1.846,2.466,1.981,5.222,-1.007,0.146,8.364,-0.002,-3.003,-1.988,-0.007,-4.998,1.986,-3.949,-2.044,-1.722,0.046,-2.003,0.014,3.027,0.997,0.0,0.0,0.0,0.0,0.0,0.0,0.0,0.0,0.0,0.0
BtcGF,BTCUSDc,122,2.667,5.334,3,0.2204,57.01,431,46.1717,1,15,270,0.015,1.1,1.0,0.0,0.5,16385,1,2.293,0,1,0,0,0.5,2.801,4.103,-1.945,0.0,-0.999,2.191,1.34,-2.005,0.997,0.316,-2.0,-2.968,-2.003,-1.004,-0.008,2.061,0.021,0.228,-2.006,-1.847,-0.017,-0.001,1.635,-1.948,1.8,0.223,2.559,-4.0,-5.005,0.888,0.995,1.641,2.193,-2.004,-1.072,1.44,-1.014,-0.999,-2.0,-3.0,-4.0,0.011,2.295,3.505,3.149,3.936,-1.003,1.0,-3.0,0.0,-1.0,0.0,1.048,1.993,1.003,-1.0,0.0,2.597,1.031,2.365,0.0,0.0,0.0,0.0,0.0,-1.0,0.0,0.0,-1.0,0.0,0.0,0.999,-1.0,0.0,0.0,0.999,0.003,0.545,0.998,-0.013,-2.0,0.003,1.991,-0.004,5.981,0.027,-0.995,-1.006,4.197,-0.017,1.036,1.086,-0.06,1.994,-2.002,-5.0,-0.695,0.362,-2.008,-0.536,0.133,1.981,3.14,-0.007,1.289,6.326,-0.002,-3.003,-1.988,-0.008,-4.998,1.97,-3.949,-2.044,-1.929,0.016,-2.003,0.014,2.997,0.997,0.0,0.0,0.0,0.0,0.0,0.0,0.0,0.0,0.0,0.0
BtcGF,BTCUSDc,28,46.95,70.425,4,2.8259,66.8,354,29.9435,1,15,210,0.015,1.4,2.0,0.0,0.5,16385,1,23.382,7,1,0,0,0.0,10.163,4.281,-4.999,0.0,0.0,27.701,7.39,-3.0,2.004,-0.967,0.325,-2.0,0.474,-3.0,-0.967,6.732,2.719,-2.0,-1.987,-5.999,2.458,-0.821,2.308,-1.976,-0.983,2.556,-2.999,-3.001,-1.96,-0.974,-3.0,49.309,-5.0,-1.007,-5.0,2.742,-2.0,1.285,-2.0,-3.0,-4.0,-2.0,-0.999,0.0,2.605,4.003,0.111,3.018,-3.0,0.0,-1.0,0.0,2.256,5.494,-1.0,-1.0,0.0,-1.0,2.18,0.0,-1.0,0.0,0.0,0.0,0.0,-1.0,0.0,0.0,-1.0,0.0,0.0,1.999,-1.0,0.0,0.0,-1.0,-2.0,-0.008,1.997,-1.0,-2.0,1.05,4.155,1.702,4.074,-0.849,3.064,-1.813,3.089,-0.821,-1.003,1.114,-2.011,1.996,-2.002,-5.0,-3.0,3.73,-1.978,1.059,6.836,5.07,-3.0,-4.0,1.032,1.234,2.716,-5.0,0.053,2.005,-2.98,-1.001,-6.0,-3.0,-0.98,-1.0,-3.0,-0.865,9.243,3.043,0.0,0.0,0.0,0.0,0.0,0.0,0.0,0.0,0.0,0.0
BtcGF,BTCUSDc,181,2.064,4.128,3,0.1598,50.27,422,47.3934,1,15,210,0.015,1.1,1.0,0.0,0.5,16385,1,2.053,0,1,0,0,0.75,2.882,3.523,-2.497,0.0,-0.999,1.541,3.054,0.506,0.997,-0.367,0.739,-0.259,-2.003,-1.004,-0.008,2.0,0.273,0.12,-3.003,-1.688,-0.017,-0.001,1.334,-2.488,1.33,0.159,1.756,-4.0,-2.742,0.457,0.995,0.657,0.007,-2.004,-2.13,-0.304,-1.014,-0.999,-2.0,-3.0,-4.0,0.011,1.63,2.864,2.724,3.453,-1.003,1.0,-3.0,0.0,-1.0,0.0,1.048,1.993,1.003,-1.0,0.0,2.555,1.031,1.657,0.0,0.0,0.0,0.0,0.0,-1.0,0.0,0.0,-1.0,0.0,0.0,0.999,-1.0,0.0,0.0,0.999,0.003,0.395,0.998,-0.013,-2.0,0.003,1.991,-0.004,5.48,-0.625,-0.995,-1.655,3.575,2.361,-0.115,0.517,-0.528,1.994,-0.997,-0.664,-2.999,0.42,-2.008,-1.357,0.485,1.981,2.562,-0.007,0.561,5.058,-0.002,-3.003,-1.988,-0.008,-4.998,1.97,-4.953,-3.051,3.956,0.016,-2.003,0.014,2.997,0.997,0.0,0.0,0.0,0.0,0.0,0.0,0.0,0.0,0.0,0.0
BtcGF,BTCUSDc,26,31.3067,46.96,4,2.0265,40.78,340,32.9412,1,15,270,0.015,1.1,2.0,0.0,0.5,16385,1,27.809,4,1,0,0,0.0,3.013,4.142,-1.977,0.0,0.0,16.152,4.204,-3.0,2.004,-0.979,0.098,-2.0,0.221,-3.0,1.013,7.102,2.077,-2.0,-2.987,-2.0,2.111,1.521,2.145,2.51,-0.766,9.537,0.033,-3.001,-1.969,-0.974,-3.0,4.175,0.505,2.18,-5.0,2.246,-2.0,1.089,-2.0,-3.0,-4.0,-2.0,-0.999,0.0,-3.0,4.003,0.078,3.018,-3.0,0.0,-1.0,0.0,2.213,4.178,-1.0,-1.0,0.0,-1.0,2.088,0.0,-1.0,0.0,0.0,0.0,0.0,-1.0,0.0,0.0,-1.0,0.0,0.0,1.999,-1.0,0.0,0.0,-1.0,-2.0,-1.999,1.997,-2.0,-2.0,1.025,4.07,6.183,5.284,-0.908,3.051,1.049,3.049,0.14,-1.003,4.163,-2.011,1.996,-2.0,-5.0,1.03,0.102,-1.984,-3.964,2.597,5.053,0.038,-4.0,0.375,1.632,2.132,-1.986,0.027,2.002,-2.98,-1.004,-2.0,-4.0,2.094,1.029,2.434,-0.942,9.168,3.018,0.0,0.0,0.0,0.0,0.0,0.0,0.0,0.0,0.0,0.0
BtcGF,BTCUSDc,64,-4.6567,-13.97,2,-0.3844,0.0,432,42.3611,1,15,210,0.015,1.4,1.0,0.0,0.5,16385,1,-19.945,3,1,0,0,0.25,2.709,5.879,-5.0,0.0,-0.999,-0.997,1.092,-2.005,0.997,2.914,-2.0,-2.966,0.461,-1.004,-0.008,2.0,0.278,0.55,-3.003,-4.01,-0.017,-0.001,-0.994,-4.005,2.516,0.159,4.967,-4.0,-5.005,-2.0,0.995,4.999,-0.993,-2.004,-3.287,-1.978,-1.014,-0.996,-2.0,-3.0,-4.0,0.016,4.725,6.749,3.352,0.996,-1.003,1.0,-3.0,0.0,-1.0,0.0,1.048,1.995,1.003,-1.0,0.0,2.597,1.051,5.218,0.0,0.0,0.0,0.0,0.0,-1.0,0.0,0.0,-1.0,0.0,0.0,0.999,-1.0,0.0,0.0,0.999,0.003,0.502,0.998,-0.013,-2.0,0.003,1.992,-0.004,2.977,-2.997,-0.995,-4.008,0.976,0.021,-3.005,2.777,1.531,1.994,-2.998,-5.0,-3.0,-2.007,-2.008,-1.107,1.436,1.981,4.392,-0.007,1.907,9.513,0.0,-3.003,-1.988,-0.007,-4.998,1.97,-3.905,-2.044,-1.865,0.016,-2.003,0.034,2.997,0.997,0.0,0.0,0.0,0.0,0.0,0.0,0.0,0.0,0.0,0.0
BtcGF,BTCUSDc,50,13.8827,20.824,4,1.028,62.66,311,23.1511,1,15,270,0.015,1.1,3.0,0.0,0.5,16385,1,7.776,6,1,0,0,0.0,-2.0,2.079,0.076,0.0,0.0,-3.999,7.296,-3.0,3.025,0.051,4.575,-2.0,1.814,-3.0,-2.0,-1.998,4.935,-2.0,-6.0,-5.999,1.322,-3.0,1.012,13.409,0.382,1.296,1.075,-1.99,-0.906,0.045,-3.0,-2.0,0.969,4.384,-5.0,4.595,-2.0,2.212,-2.0,-3.0,-4.0,-2.0,-0.999,0.0,-3.0,7.072,1.241,1.999,-3.0,0.0,-1.0,0.0,3.499,6.393,-1.0,-1.0,0.0,-1.0,-1.0,0.0,-1.0,0.0,0.0,0.0,0.0,-1.0,0.0,0.0,-1.0,0.0,0.0,3.013,-1.0,0.0,0.0,-1.0,-2.0,-1.999,3.011,-2.0,-2.0,-2.0,2.126,-2.0,4.597,0.204,-0.007,3.134,3.065,1.523,0.009,6.341,-1.016,3.993,-2.0,-5.0,2.765,-4.0,-0.959,-2.882,2.068,8.502,-5.0,-4.0,2.63,0.038,5.736,-4.999,-2.0,-3.0,-1.961,1.013,-2.0,-4.0,3.267,3.031,0.0,5.007,7.335,6.374,0.0,0.0,0.0,0.0,0.0,0.0,0.0,0.0,0.0,0.0
BtcGF,BTCUSDc,41,4.8285,9.657,3,0.3924,156.43,333,24.9249,1,15,270,0.015,1.4,2.5,0.0,0.5,16385,1,-5.449,5,1,0,0,0.0,-2.0,4.157,-0.433,0.0,0.0,-4.0,5.449,-3.0,2.512,-0.446,2.456,-2.0,4.329,-3.0,-2.0,1.121,3.194,-2.0,-2.476,-5.999,-3.0,-5.0,3.76,5.779,-0.191,16.618,0.57,-2.501,-1.43,-0.472,-3.0,-2.999,1.322,3.326,-5.0,4.765,-2.0,2.007,-2.0,-3.0,-4.0,-2.0,-0.999,0.0,5.462,5.529,0.784,1.499,-3.0,0.0,-1.0,0.0,2.956,5.31,-1.0,-1.0,0.0,-1.0,-0.999,0.0,-1.0,0.0,0.0,0.0,0.0,-1.0,0.0,0.0,-1.0,0.0,0.0,2.507,-1.0,0.0,0.0,-1.0,-2.0,0.491,2.503,-2.0,-2.0,-2.0,1.738,-2.0,2.617,-0.236,2.045,1.17,2.046,0.822,-0.497,4.483,-1.514,2.994,-2.0,-5.0,1.9,3.247,-1.459,-3.397,1.337,9.686,-5.0,-4.0,1.506,-0.655,4.617,-4.998,0.619,0.532,-2.47,0.521,-6.0,-3.0,-0.283,-1.0,-2.999,0.869,9.27,1.685,0.0,0.0,0.0,0.0,0.0,0.0,0.0,0.0,0.0,0.0
BtcGF,BTCUSDc,97,3.3895,6.779,3,0.1499,386.07,349,21.7765,1,15,210,0.015,1.1,2.5,0.0,0.5,16385,1,-19.393,7,1,0,0,0.25,7.852,1.551,-5.0,0.0,0.0,-3.999,2.695,-2.0,-1.0,1.536,22.095,-2.0,0.213,-3.0,-2.0,0.948,3.917,-0.446,-1.476,-5.999,0.676,-3.0,3.252,-2.459,-0.477,13.16,-3.0,-2.501,-6.0,-0.474,-3.0,2.015,-6.0,-0.509,-5.0,-2.394,-2.0,-1.354,-2.0,-3.0,-4.0,-2.0,-0.999,0.0,5.168,2.017,0.653,1.499,-3.0,0.0,-1.0,0.0,2.826,7.218,-1.0,-1.0,0.0,-1.0,-1.0,-0.999,0.0,0.0,0.0,0.0,0.0,-1.0,0.0,0.0,-1.0,0.0,0.0,2.507,-1.0,0.0,0.0,-1.0,-2.0,-2.0,2.503,-2.0,-2.0,-2.0,1.586,2.565,-1.454,-1.355,24.666,-3.419,-2.492,2.307,-1.497,-2.418,-1.514,2.994,-1.741,-5.0,-3.0,-2.271,-1.472,1.886,7.046,9.289,-5.0,-4.0,2.049,-1.198,5.141,-5.0,0.558,-0.507,-3.47,0.61,-2.0,-4.0,2.527,-3.0,3.787,0.619,9.179,1.563,0.0,0.0,0.0,0.0,0.0,0.0,0.0,0.0,0.0,0.0
BtcGF,BTCUSDc,155,57.2207,85.831,4,3.8438,55.5,385,26.2338,1,15,270,0.015,2.0,2.0,0.0,0.5,16385,1,38.192,16,1,0,0,0.5,8.782,11.221,-5.0,0.0,0.0,4.612,7.354,-3.0,4.844,11.301,-2.0,-5.0,-0.974,-3.0,-0.906,11.166,2.176,-0.908,-2.98,-1.846,2.366,1.617,4.267,4.41,-0.766,4.963,-3.0,-3.001,-6.0,-0.966,-3.0,7.319,0.006,-1.007,-4.0,43.639,-2.0,0.045,-2.0,-3.0,-4.0,-2.0,-0.999,-1.0,2.312,4.003,0.493,3.022,-3.0,0.0,-1.0,0.0,3.025,4.237,-1.0,-1.0,0.0,-1.0,2.538,-1.0,0.0,0.0,0.0,0.0,0.0,-1.0,0.0,0.0,-1.0,0.0,0.0,1.999,-1.0,0.0,0.0,-1.0,-2.0,1.076,1.997,-2.0,-2.0,1.131,4.531,4.126,0.245,-2.493,5.751,-5.999,-2.997,2.253,-2.002,-2.853,-2.011,1.996,-3.002,-6.0,1.042,0.081,-1.945,10.496,2.718,5.201,9.887,-4.0,0.379,1.793,2.815,-5.0,0.129,6.693,-3.973,-0.982,-7.0,-3.0,0.514,-1.0,-5.0,-0.661,9.513,0.018,0.0,0.0,0.0,0.0,0.0,0.0,0.0,0.0,0.0,0.0
BtcGF,BTCUSDc,71,-5.122,-7.683,4,-0.2521,0.0,435,43.2184,1,15,270,0.015,2.0,1.0,0.0,0.5,16385,1,-13.658,3,1,0,0,0.25,2.559,5.888,-5.0,0.0,-0.992,-0.993,1.34,-2.005,0.997,2.916,-2.0,-2.942,0.053,-1.004,-0.008,2.067,0.034,0.55,-2.006,-1.847,-0.015,-0.001,-0.992,-4.005,1.8,0.223,4.967,-4.0,-5.005,-2.0,0.995,5.06,2.246,-2.004,-2.967,-1.962,-1.014,-0.994,-2.0,-3.0,-4.0,0.033,4.725,6.639,3.393,0.996,-1.003,1.0,-3.0,0.0,-1.0,0.0,1.063,1.998,1.003,-1.0,0.0,2.597,1.121,5.218,0.0,0.0,0.0,0.0,0.0,-1.0,0.0,0.0,-1.0,0.0,0.0,0.999,-1.0,0.0,0.0,0.999,0.003,-1.005,0.998,-0.013,-2.0,0.003,1.992,-0.004,2.977,-2.997,-0.992,-4.008,0.976,-0.017,-3.005,2.782,1.531,1.994,-2.002,-5.0,-0.693,0.416,-2.008,-4.997,0.133,1.981,4.161,-0.007,2.753,9.691,0.009,-3.003,-1.987,-0.007,-4.998,1.97,-3.655,-2.044,-1.439,0.032,-2.003,0.081,3.001,0.997,0.0,0.0,0.0,0.0,0.0,0.0,0.0,0.0,0.0,0.0
BtcGF,BTCUSDc,51,21.601,43.202,3,1.3037,110.36,334,19.7605,1,15,150,0.015,1.4,3.0,0.0,0.5,16385,1,-4.474,6,1,0,0,0.0,5.779,1.112,-4.0,-0.998,0.0,-4.0,3.142,-3.0,-1.0,2.078,-1.0,-2.0,9.439,-3.0,-2.0,-1.999,0.549,-2.0,-5.0,-5.998,-3.0,-4.999,1.012,4.497,-4.0,1.457,1.098,-1.342,1.138,0.336,-3.0,4.464,-4.0,-0.011,-4.0,58.176,-2.0,2.798,-2.0,-3.0,-4.0,-2.0,-0.999,0.0,1.691,3.052,1.555,1.999,-3.0,0.0,-1.0,0.0,4.274,2.088,-1.0,-1.0,0.0,-1.0,-0.999,-0.999,0.0,0.0,0.0,0.0,0.0,-1.0,0.0,0.0,-1.0,0.0,0.0,3.013,-1.0,0.0,0.0,-1.0,-2.0,0.989,3.012,-2.0,-2.0,-2.0,2.349,2.329,2.111,0.419,-1.007,4.046,4.098,0.205,0.009,-2.824,-1.016,3.993,-0.979,-6.0,2.214,-2.0,-1.941,3.853,18.988,7.538,-5.0,-5.0,0.024,0.868,0.404,0.163,-2.0,-3.998,-1.961,1.496,-6.0,-3.0,-0.788,-1.0,-3.0,-1.0,12.08,1.125,0.0,0.0,0.0,0.0,0.0,0.0,0.0,0.0,0.0,0.0
BtcGF,BTCUSDc,152,36.3767,54.565,4,2.4227,34.46,384,27.3438,1,15,270,0.015,1.7,2.0,0.0,0.5,16385,1,35.76,14,1,0,0,0.5,8.772,10.427,-5.0,0.0,0.0,4.612,7.337,-2.999,4.844,11.301,-2.0,-5.0,-0.983,-3.0,-0.945,8.159,2.139,-0.932,-2.98,-1.95,3.42,1.578,2.861,4.41,-0.766,4.961,-3.0,-3.001,-6.0,-0.966,-3.0,10.867,0.705,2.257,-4.0,14.805,-2.0,-1.195,-2.0,-3.0,-4.0,-2.0,-0.999,-1.0,2.215,4.003,0.244,3.018,-3.0,0.0,-1.0,0.0,2.527,4.208,-1.0,-1.0,0.0,-1.0,2.351,-1.0,0.0,0.0,0.0,0.0,0.0,-1.0,0.0,0.0,-1.0,0.0,0.0,1.999,-1.0,0.0,0.0,-1.0,-2.0,1.061,1.997,-2.0,-2.0,1.083,4.291,4.123,0.241,-2.7,5.725,-5.999,-2.997,2.195,-2.002,-2.894,-2.011,1.996,-3.002,-6.0,1.036,4.458,-1.96,4.655,2.647,5.128,9.887,-4.0,0.378,1.688,2.463,-5.0,0.091,6.693,-3.973,-0.985,-7.0,-3.0,0.363,-1.0,-5.0,-0.796,9.363,0.018,0.0,0.0,0.0,0.0,0.0,0.0,0.0,0.0,0.0,0.0
BtcGF,BTCUSDc,133,4.7643,14.293,2,0.4012,52.27,394,33.7563,1,15,210,0.015,1.1,1.5,0.0,0.5,16385,1,6.822,7,1,0,0,0.5,5.775,6.715,1.101,0.0,0.0,0.564,4.004,-0.428,1.496,3.53,-2.0,-1.414,-1.503,-3.0,-1.513,3.637,1.479,2.551,-2.497,-3.51,1.531,-1.426,-0.947,0.829,-1.488,1.642,1.319,-3.5,-6.0,-1.5,-0.505,4.655,-5.0,-1.505,-4.0,5.005,-2.0,-0.971,-2.0,-3.0,-4.0,-2.0,-0.999,0.0,5.99,6.862,-0.48,2.0,-3.0,0.0,-1.0,0.0,1.606,3.755,-1.0,-1.0,0.0,-1.0,1.559,-1.0,0.0,0.0,0.0,0.0,0.0,-1.0,0.0,0.0,-1.0,0.0,0.0,1.499,-1.0,0.0,0.0,1.505,-2.0,2.977,1.498,-2.0,-2.0,0.508,3.014,0.833,13.552,-2.454,1.413,-2.621,9.967,2.321,-2.502,-3.478,-2.508,0.996,-3.502,-5.0,-3.0,0.735,-2.496,-0.85,3.369,3.507,2.332,-1.507,3.926,0.133,1.816,-2.504,-0.944,2.431,-4.495,-2.514,-2.0,-2.532,3.262,-1.0,-2.361,0.533,5.02,1.995,0.0,0.0,0.0,0.0,0.0,0.0,0.0,0.0,0.0,0.0
BtcGF,BTCUSDc,180,4.607,9.214,3,0.3628,22.52,422,47.8673,1,15,150,0.015,1.1,1.0,0.0,0.5,16385,1,7.139,0,1,0,0,0.75,2.882,3.523,-1.497,1.358,-0.999,3.645,3.054,0.506,0.997,-0.367,0.739,-0.259,-2.004,-1.004,-0.008,2.0,0.524,0.12,-3.003,-1.688,-0.017,-0.001,1.334,-2.488,1.805,0.108,1.478,-4.0,-2.742,0.457,0.995,0.633,0.062,-2.004,-2.13,-0.304,-1.014,-0.999,-2.0,-3.0,-4.0,0.011,1.63,2.939,2.017,3.453,-1.003,1.0,-3.0,0.0,-1.0,0.0,1.048,1.993,1.003,-1.0,0.0,2.393,1.031,1.657,0.0,0.0,0.0,0.0,0.0,-1.0,0.0,0.0,-1.0,0.0,0.0,0.999,-1.0,0.0,0.0,0.999,0.003,0.378,0.998,-0.013,-2.0,0.238,1.991,-0.004,5.959,-0.625,-0.995,-1.655,3.575,2.323,-0.115,0.539,-0.528,1.994,-0.997,-0.664,-0.795,0.439,-2.008,-1.846,0.485,1.981,2.562,-1.007,-0.472,5.385,-0.002,-3.003,-1.988,-0.008,-4.998,1.986,-4.953,-3.051,4.162,0.046,-2.003,0.014,3.027,0.997,0.0,0.0,0.0,0.0,0.0,0.0,0.0,0.0,0.0,0.0
BtcGF,BTCUSDc,228,6.3507,9.526,4,0.3769,123.47,331,20.2417,1,15,150,0.015,1.1,3.0,0.0,0.5,16385,1,-2.236,11,1,0,0,0.75,5.124,2.079,-4.0,-0.996,0.0,-3.998,4.129,-2.0,-1.0,2.051,-1.0,-2.0,2.557,-2.999,-2.0,-2.0,2.572,0.086,-5.0,-5.999,1.322,-4.0,1.012,9.148,2.142,1.398,1.075,-1.342,-5.0,0.33,-3.0,11.762,-5.0,-0.011,-4.0,8.494,-2.0,-0.788,-2.0,-3.0,-4.0,-2.0,-0.999,0.0,1.273,13.437,1.241,1.999,-3.0,0.0,-1.0,0.0,3.499,2.054,-1.0,-1.0,0.0,-1.0,-1.0,-1.0,0.0,0.0,0.0,0.0,0.0,-1.0,0.0,0.0,-1.0,0.0,0.0,3.013,-1.0,0.0,0.0,-1.0,-2.0,-1.999,3.011,-2.0,-2.0,-2.0,2.126,2.137,2.091,-1.795,-2.007,2.842,-0.988,6.597,2.078,-1.889,-1.015,3.993,-2.0,-5.0,2.195,-4.0,-0.96,0.018,7.073,8.502,-4.0,-6.0,0.024,0.804,0.201,0.05,-2.0,5.884,-2.961,1.485,-2.0,-4.0,3.075,-3.0,-1.0,-1.0,11.227,1.062,0.0,0.0,0.0,0.0,0.0,0.0,0.0,0.0,0.0,0.0
BtcGF,BTCUSDc,88,9.8867,29.66,2,0.579,72.81,376,26.5957,1,15,210,0.015,1.4,2.0,0.0,0.5,16385,1,8.064,12,1,0,0,0.25,10.163,23.813,-5.0,0.0,0.0,-4.0,7.39,1.358,8.599,16.545,-2.0,-2.0,0.474,-3.0,-0.967,6.732,2.719,-0.954,-1.987,-5.999,2.458,-0.821,2.308,-2.973,-0.983,7.623,-3.0,-3.001,-6.0,-0.974,-3.0,0.578,-5.0,-1.007,-5.0,-2.893,-2.0,-1.715,-2.0,-3.0,-4.0,-2.0,-0.999,0.0,2.605,4.003,0.111,3.018,-3.0,0.0,-1.0,0.0,2.256,5.494,-1.0,-1.0,0.0,-1.0,2.18,-0.999,0.0,0.0,0.0,0.0,0.0,-1.0,0.0,0.0,-1.0,0.0,0.0,1.999,-1.0,0.0,0.0,-1.0,-2.0,-0.008,1.997,-2.0,-2.0,1.05,4.155,1.702,-1.982,-1.849,12.155,-6.0,-2.996,1.215,-2.003,-2.923,-2.011,1.996,-3.002,-5.0,-3.0,7.656,-1.978,1.059,6.836,5.07,9.724,-4.0,1.032,1.234,2.716,-5.0,0.053,-1.005,-3.98,-1.001,-6.0,-3.0,1.173,-1.0,-3.0,-0.865,9.243,3.043,0.0,0.0,0.0,0.0,0.0,0.0,0.0,0.0,0.0,0.0
BtcGF,BTCUSDc,48,22.0427,33.064,4,0.938,113.04,319,21.0031,1,15,150,0.015,1.1,3.0,0.0,0.5,16385,1,-4.31,5,1,0,0,0.0,5.779,2.079,-4.0,-0.996,0.0,-3.999,3.129,-3.0,-1.0,2.051,-1.0,-2.0,2.558,-2.999,-2.0,-2.0,0.548,-2.0,-5.0,-5.998,1.322,-4.0,1.012,3.4,-4.0,1.398,1.075,-1.342,1.094,0.33,-3.0,4.179,-4.0,-0.011,-4.0,44.449,-2.0,2.212,-2.0,-3.0,-4.0,-2.0,-0.999,0.0,1.273,3.04,1.241,1.999,-3.0,0.0,-1.0,0.0,3.499,2.054,-1.0,-1.0,0.0,-1.0,-1.0,-1.0,0.0,0.0,0.0,0.0,0.0,-1.0,0.0,0.0,-1.0,0.0,0.0,3.013,-1.0,0.0,0.0,-1.0,-2.0,-1.999,3.011,-2.0,-2.0,-2.0,2.126,2.137,2.091,0.204,-1.007,4.842,4.033,0.13,0.009,-1.889,-1.016,3.993,-0.979,-6.0,2.194,-1.0,-1.96,0.018,18.988,8.502,-5.0,-5.0,0.024,0.803,0.201,0.05,-2.0,-3.999,-1.961,1.485,-2.0,-4.0,3.075,3.279,-1.0,-1.0,11.227,1.062,0.0,0.0,0.0,0.0,0.0,0.0,0.0,0.0,0.0,0.0
BtcGF,BTCUSDc,165,57.388,86.082,4,2.3838,106.95,374,19.7861,1,15,150,0.015,2.0,2.5,0.0,0.5,16385,1,-5.979,16,1,0,0,0.5,4.304,12.145,-4.998,0.0,0.0,-4.0,2.88,-3.0,7.885,1.582,7.521,-5.0,-0.43,-3.0,-3.0,1.818,6.996,-0.308,-1.464,-6.0,-4.0,-4.0,12.007,7.99,-4.0,8.194,0.609,-2.501,-6.0,-0.247,-3.0,13.097,-5.0,-0.509,-4.0,-5.0,-2.0,2.395,-2.0,-3.0,-4.0,-2.0,-0.999,-1.0,-3.999,10.484,2.418,1.499,-3.0,0.0,-1.0,0.0,5.034,1.621,-1.0,-1.0,0.0,-1.0,-1.0,-1.0,0.0,0.0,0.0,0.0,0.0,-1.0,0.0,0.0,-1.0,0.0,0.0,2.507,-1.0,0.0,0.0,-1.0,-2.0,-0.509,2.503,-2.0,-2.0,-2.0,2.428,2.253,1.388,-1.463,4.36,1.758,5.54,2.429,-1.49,-2.246,-1.514,2.994,-2.486,-5.0,1.455,-6.0,-1.403,88.061,7.269,6.666,-5.0,-5.0,-0.481,0.207,0.606,-0.455,0.847,-0.508,-3.46,0.814,-7.0,-3.0,-2.185,-1.0,-5.0,-4.0,9.516,0.657,0.0,0.0,0.0,0.0,0.0,0.0,0.0,0.0,0.0,0.0
BtcGF,BTCUSDc,149,26.7975,53.595,3,2.2166,25.91,373,28.1501,1,15,270,0.015,1.4,2.0,0.0,0.5,16385,1,39.709,14,1,0,0,0.5,8.761,10.06,-5.0,0.0,0.0,4.612,7.317,1.358,4.844,11.291,-2.0,-2.0,0.475,-3.0,-0.967,7.048,2.107,-0.954,-2.987,-1.988,2.458,1.545,2.308,4.41,-0.766,4.961,-3.0,-3.001,-6.0,-0.974,-3.0,10.548,0.529,2.211,-4.0,9.886,-2.0,-1.715,-2.0,-3.0,-4.0,-2.0,-0.999,0.0,2.131,4.003,0.111,3.018,-3.0,0.0,-1.0,0.0,2.256,4.196,-1.0,-1.0,0.0,-1.0,2.18,-1.0,0.0,0.0,0.0,0.0,0.0,-1.0,0.0,0.0,-1.0,0.0,0.0,1.999,-1.0,0.0,0.0,-1.0,-2.0,-0.008,1.997,-2.0,-2.0,1.05,4.155,4.12,0.238,-2.848,5.699,-5.999,-2.997,2.176,-2.002,-2.923,-2.011,1.996,-3.002,-6.0,1.036,3.45,-1.978,2.925,2.602,5.07,9.887,-4.0,0.377,1.645,2.245,-5.0,0.053,6.693,-3.98,-1.001,-6.0,-3.0,1.263,-1.0,-2.999,-0.865,9.243,0.016,0.0,0.0,0.0,0.0,0.0,0.0,0.0,0.0,0.0,0.0
BtcGF,BTCUSDc,38,3.343,6.686,3,0.238,225.93,320,25.9375,1,15,270,0.015,1.1,2.5,0.0,0.5,16385,1,-8.42,3,1,0,0,0.0,-2.0,1.551,-0.447,0.0,0.0,-3.999,5.449,-3.0,2.512,-0.464,1.697,-2.0,0.981,-3.0,-2.0,1.061,3.125,-2.0,-2.476,-5.999,0.676,-3.0,3.252,5.779,-0.191,16.611,0.554,-2.501,-1.448,-0.474,-3.0,-2.0,0.208,3.275,-5.0,3.401,-2.0,1.646,-2.0,-3.0,-4.0,-2.0,-0.999,0.0,-3.0,5.527,0.653,1.499,-3.0,0.0,-1.0,0.0,2.826,5.284,-1.0,-1.0,0.0,-1.0,-1.0,0.0,-1.0,0.0,0.0,0.0,0.0,-1.0,0.0,0.0,-1.0,0.0,0.0,2.507,-1.0,0.0,0.0,-1.0,-2.0,-1.999,2.503,-2.0,-2.0,-2.0,1.586,-2.0,2.584,-0.355,2.03,2.081,2.019,0.822,-0.497,3.224,-1.514,2.994,-2.0,-5.0,1.892,2.225,-1.472,-3.43,1.326,9.289,-5.0,-4.0,1.502,-0.679,4.405,-4.999,0.558,0.476,-2.47,0.489,-2.0,-4.0,2.673,1.541,3.35,0.619,9.179,1.658,0.0,0.0,0.0,0.0,0.0,0.0,0.0,0.0,0.0,0.0
BtcGF,BTCUSDc,56,24.567,49.134,3,1.6759,33.14,337,21.365,1,15,270,0.015,1.7,3.0,0.0,0.5,16385,1,32.85,10,1,0,0,0.0,-2.0,1.175,0.164,0.0,0.0,-4.0,7.296,-3.0,3.029,0.112,15.284,-4.0,-2.999,-3.0,-1.0,15.587,5.233,-2.0,-6.0,-6.0,-3.0,-5.0,0.012,10.048,0.383,1.446,1.128,-1.99,-0.803,0.078,-3.0,-5.0,3.297,4.597,-4.999,0.947,-2.0,4.536,-2.0,-3.0,-4.0,-2.0,-0.999,-1.0,8.763,7.136,2.816,1.999,-3.0,0.0,-1.0,0.0,8.916,6.457,-1.0,-1.0,0.0,-1.0,-1.0,-0.999,0.0,0.0,0.0,0.0,0.0,-1.0,0.0,0.0,-1.0,0.0,0.0,3.013,-1.0,0.0,0.0,-1.0,-2.0,4.953,3.013,-2.0,-2.0,-2.0,2.702,-2.0,4.793,0.966,-1.007,2.728,3.399,1.549,0.021,11.586,-1.016,3.993,-2.0,-5.0,2.797,-0.803,-0.9,-2.556,2.226,8.448,-5.0,-4.0,2.641,0.279,7.446,-4.999,-2.0,-2.999,-1.947,1.214,-6.0,-3.0,4.799,-1.0,-5.0,-3.0,7.613,6.532,0.0,0.0,0.0,0.0,0.0,0.0,0.0,0.0,0.0,0.0
BtcGF,BTCUSDc,55,86.0467,129.07,4,2.7059,91.33,345,18.8406,1,15,210,0.015,1.7,3.0,0.0,0.5,16385,1,11.193,10,1,0,0,0.0,10.561,1.175,-4.999,0.0,0.0,-4.0,3.87,-3.0,3.029,0.112,-1.998,-4.0,-4.0,-3.0,-3.0,-2.0,6.012,-2.0,-5.0,-6.0,-3.0,-5.0,0.012,0.051,0.029,1.171,-2.999,-1.99,-0.803,0.078,-3.0,114.877,-5.0,-0.011,-4.999,0.947,-2.0,4.536,-2.0,-3.0,-4.0,-2.0,-0.999,-1.0,8.652,3.052,2.816,1.999,-3.0,0.0,-1.0,0.0,8.916,9.026,-1.0,-1.0,0.0,-1.0,-1.0,-0.999,0.0,0.0,0.0,0.0,0.0,-1.0,0.0,0.0,-1.0,0.0,0.0,3.013,-1.0,0.0,0.0,-1.0,-2.0,-0.01,3.013,-1.0,-2.0,-2.0,2.702,4.13,2.209,0.966,-1.007,-1.29,3.399,0.644,0.021,5.045,-1.016,3.993,0.09,-5.0,-3.0,-0.803,-0.9,36.161,9.342,8.448,-4.999,-4.0,3.079,-0.41,0.829,-5.0,-2.0,3.639,-1.947,1.321,-6.0,-3.0,4.671,-1.0,-5.0,-3.0,7.613,-2.0,0.0,0.0,0.0,0.0,0.0,0.0,0.0,0.0,0.0,0.0
BtcGF,BTCUSDc,168,33.4108,40.093,5,1.7552,58.27,338,19.8225,1,15,150,0.015,1.1,3.0,0.0,0.5,16385,1,16.731,10,1,0,0,0.5,5.779,2.079,-4.0,-0.996,0.0,-3.999,4.129,-2.0,-1.0,2.051,-1.0,-2.0,2.558,-2.999,-2.0,-2.0,5.005,0.086,-5.0,-5.999,1.322,-4.0,1.012,15.931,-4.0,1.397,1.075,-1.342,-6.0,0.33,-3.0,23.362,-6.0,-0.011,-4.0,13.205,-2.0,-0.788,-2.0,-3.0,-4.0,-2.0,-0.999,0.0,1.273,16.969,1.241,1.999,-3.0,0.0,-1.0,0.0,3.499,2.054,-1.0,-1.0,0.0,-1.0,-1.0,-1.0,0.0,0.0,0.0,0.0,0.0,-1.0,0.0,0.0,-1.0,0.0,0.0,3.013,-1.0,0.0,0.0,-1.0,-2.0,-1.999,3.011,-2.0,-2.0,-2.0,2.126,2.137,2.091,-1.795,-2.007,2.842,-0.988,8.451,2.079,-1.889,-1.016,3.993,-1.979,-5.0,2.194,-4.0,-0.96,0.018,9.586,8.502,-5.0,-5.0,0.024,0.803,0.201,0.05,-2.0,10.494,-2.961,1.485,-2.0,-4.0,3.075,-3.0,-1.0,-1.0,11.227,1.062,0.0,0.0,0.0,0.0,0.0,0.0,0.0,0.0,0.0,0.0
BtcGF,BTCUSDc,110,-6.9233,-41.54,1,-0.5892,0.0,344,18.314,1,15,270,0.015,1.1,3.0,0.0,0.5,16385,1,-57.986,5,1,0,0,0.25,15.27,2.079,-5.0,0.0,0.0,-3.999,7.296,-2.0,-1.0,-0.949,-2.0,-2.0,1.814,-4.0,-2.0,-1.998,4.935,0.086,-6.0,-5.999,1.322,-3.0,1.012,-1.639,0.382,1.296,-3.0,-1.99,-6.0,0.045,-3.0,-3.0,0.969,4.384,-5.0,-1.835,-2.0,-0.788,-2.0,-3.0,-4.0,-2.0,-0.999,0.0,-3.0,3.039,1.241,1.999,-3.0,0.0,-1.0,0.0,3.499,6.393,-1.0,-1.0,0.0,-1.0,-1.0,-0.999,0.0,0.0,0.0,0.0,0.0,-1.0,0.0,0.0,-1.0,0.0,0.0,3.013,-1.0,0.0,0.0,-1.0,-2.0,-1.999,3.011,-2.0,-2.0,-2.0,2.126,-2.0,1.409,-0.796,-2.007,-2.871,-1.987,1.523,2.078,-1.888,-1.016,3.993,12.446,-6.0,2.765,-4.0,-0.959,-2.882,2.068,8.502,-5.0,-4.0,2.63,0.038,5.736,-5.0,-2.0,-4.0,-2.961,1.013,-2.0,-4.0,3.267,-3.0,0.0,5.007,7.335,-2.0,0.0,0.0,0.0,0.0,0.0,0.0,0.0,0.0,0.0,0.0
BtcGF,BTCUSDc,29,21.3845,42.769,3,1.7629,44.96,349,31.8052,1,15,270,0.015,1.4,2.0,0.0,0.5,16385,1,23.542,5,1,0,0,0.0,3.021,4.281,-1.977,0.0,0.0,16.227,4.213,-3.0,2.004,-0.967,0.325,-2.0,1.474,-3.0,1.033,7.169,2.107,-2.0,-2.987,-1.988,2.458,1.545,2.308,2.51,-0.766,9.537,0.041,-3.001,-1.96,-0.974,-3.0,4.381,0.529,2.211,-5.0,2.742,-2.0,1.285,-2.0,-3.0,-4.0,-2.0,-0.999,0.0,2.673,4.003,0.111,3.018,-3.0,0.0,-1.0,0.0,2.256,4.196,-1.0,-1.0,0.0,-1.0,2.18,0.0,-1.0,0.0,0.0,0.0,0.0,-1.0,0.0,0.0,-1.0,0.0,0.0,1.999,-1.0,0.0,0.0,-1.0,-2.0,-0.008,1.997,-2.0,-2.0,1.05,4.155,6.187,5.293,-0.849,3.064,1.185,3.089,0.14,-1.003,1.114,-2.011,1.996,-2.0,-5.0,1.036,0.374,-1.978,-3.959,2.602,5.07,0.135,-4.0,0.377,1.646,2.245,-1.983,0.053,2.005,-2.98,-1.001,-6.0,-3.0,-0.889,-1.0,-2.999,-0.865,9.243,3.02,0.0,0.0,0.0,0.0,0.0,0.0,0.0,0.0,0.0,0.0
BtcGF,BTCUSDc,113,-11.0163,-33.049,2,-0.5326,0.0,359,17.8273,1,15,270,0.015,1.4,3.0,0.0,0.5,16385,1,-49.495,6,1,0,0,0.25,15.27,1.112,-5.0,0.0,0.0,-4.0,7.296,-2.0,-1.0,-0.922,-2.0,-2.0,10.438,-4.0,-2.0,-2.0,5.025,0.155,-6.0,-5.999,-3.0,-5.0,1.012,-0.554,0.383,1.355,-3.0,-1.99,-6.0,0.051,-3.0,-3.999,2.207,4.465,-5.0,-1.608,-2.0,-0.202,-2.0,-3.0,-4.0,-2.0,-0.999,0.0,7.378,3.051,1.555,1.999,-3.0,0.0,-1.0,0.0,4.274,6.427,-1.0,-1.0,0.0,-1.0,-0.999,-0.999,0.0,0.0,0.0,0.0,0.0,-1.0,0.0,0.0,-1.0,0.0,0.0,3.013,-1.0,0.0,0.0,-1.0,-2.0,0.989,3.012,-2.0,-2.0,-2.0,2.349,-2.0,1.445,-0.581,-2.007,-2.68,-1.987,1.53,2.184,-1.824,-1.016,3.993,12.446,-6.0,2.785,-5.0,-0.941,-2.77,2.085,7.538,-5.0,-4.0,2.635,0.103,6.152,-5.0,-2.0,-3.999,-2.961,1.081,-6.0,-3.0,-0.611,-1.0,-2.999,-1.0,11.805,-2.0,0.0,0.0,0.0,0.0,0.0,0.0,0.0,0.0,0.0,0.0
BtcGF,BTCUSDc,210,15.9007,23.851,4,1.0817,52.29,371,28.0323,1,15,150,0.015,1.7,2.0,0.0,0.5,16385,1,11.379,8,1,0,0,0.75,7.543,7.23,-5.0,0.0,0.0,1.503,1.589,-2.999,3.593,3.633,-2.0,0.902,-0.984,-3.0,1.055,5.314,3.362,-0.932,-1.98,0.539,3.42,-0.906,2.861,0.97,0.307,3.966,0.051,-3.001,-5.0,-0.821,-3.0,4.584,-4.0,-1.007,-4.0,17.129,-2.0,-1.195,-2.0,-3.0,-4.0,-2.0,-0.999,-1.0,-0.764,4.004,0.244,3.018,-3.0,0.0,-1.0,0.0,2.527,1.054,-1.0,-1.0,0.0,-1.0,2.351,-1.0,0.0,0.0,0.0,0.0,0.0,-1.0,0.0,0.0,-1.0,0.0,0.0,1.999,-1.0,0.0,0.0,-1.0,-2.0,-1.008,1.997,-2.0,-2.0,1.915,4.291,1.044,0.603,-2.7,3.738,-2.266,2.034,1.091,-2.003,-2.895,-2.01,1.996,-2.0,-5.0,0.701,3.14,-1.96,1.093,5.202,5.128,4.451,-6.0,-0.987,2.158,-0.648,-1.637,0.091,4.407,-3.973,-0.985,-6.0,-3.0,7.093,-1.0,-4.999,-0.796,9.363,3.022,0.0,0.0,0.0,0.0,0.0,0.0,0.0,0.0,0.0,0.0
BtcGF,BTCUSDc,195,4.6463,13.939,2,0.4924,30.04,388,35.567,1,15,150,0.015,1.4,1.5,0.0,0.5,16385,1,9.752,0,1,0,0,0.75,5.205,4.722,0.162,-0.998,0.0,-0.563,6.014,-0.357,1.496,1.481,2.821,3.104,-1.504,-3.0,0.489,1.439,1.924,1.841,-2.497,0.591,1.578,-1.49,-0.929,-0.938,-0.605,1.4,-0.492,-3.5,-2.53,-1.5,-0.505,1.583,-4.0,-1.505,-4.0,7.139,-2.0,-0.951,-2.0,-3.0,-4.0,-2.0,-0.999,0.0,3.808,5.904,-0.48,2.0,-3.0,0.0,-1.0,0.0,1.606,3.883,-1.0,-1.0,0.0,-1.0,1.615,-1.0,0.0,0.0,0.0,0.0,0.0,-1.0,0.0,0.0,-1.0,0.0,0.0,1.499,-1.0,0.0,0.0,1.505,-2.0,-0.506,1.498,-2.0,-2.0,1.04,3.03,0.511,8.352,-2.433,1.037,-3.26,9.979,6.024,-2.503,-3.471,-2.507,0.996,-2.0,-0.419,-0.047,0.049,-2.496,-1.973,2.791,3.507,1.777,-3.507,1.379,0.739,2.405,-2.504,-0.929,1.788,-4.495,-2.514,-6.0,-1.528,4.029,-1.0,-2.028,0.576,5.091,1.995,0.0,0.0,0.0,0.0,0.0,0.0,0.0,0.0,0.0,0.0
