leg,sym,pass,score,nbpR,segpos,rf,oneop,ops,win,sizing,smaP,slowP,mult,step,tpR,trailR,half,mgmtTF,stack,extop1R,nmonster,addtrig,lineplace,nback,buffer,segpos_ex3,h1R,h2R,w0,w1,w2,w3,w4,w5,w6,w7,w8,w9,w10,w11,w12,w13,w14,w15,w16,w17,w18,w19,w20,w21,w22,w23,w24,w25,w26,w27,w28,w29,w30,w31,w32,w33,w34,w35,w36,w37,w38,w39,w40,w41,w42,w43,w44,w45,w46,w47,w48,w49,w50,w51,w52,w53,w54,w55,w56,w57,w58,w59,w60,w61,w62,w63,w64,w65,w66,w67,w68,w69,w70,w71,w72,w73,w74,w75,w76,w77,w78,w79,w80,w81,w82,w83,w84,w85,w86,w87,w88,w89,w90,w91,w92,w93,w94,w95,w96,w97,w98,w99,w100,w101,w102,w103,w104,w105,w106,w107,w108,w109,w110,w111,w112,w113,w114,w115,w116,w117,w118,w119,w120,w121,w122,w123,w124,w125,w126,w127,w128,w129
BtcGF,BTCUSDc,94,-3.5605,-7.121,3,-0.2636,0.0,433,44.3418,1,15,240,0.015,1.8,1.0,0.0,0.5,16385,1,-11.022,0,1,0,0,0.4,2,6.955,-14.076,2.741,4.56,-1.528,0.0,-0.995,2.698,1.2,-2.005,0.997,0.885,-2.0,-2.954,0.2,-1.004,-0.008,2.006,0.032,0.308,-3.003,-1.479,-0.017,-0.001,-0.992,-0.545,1.85,0.14,3.159,-4.0,-5.005,1.212,0.995,2.367,3.109,-2.004,-0.099,-1.969,-1.014,-0.996,-2.0,-3.0,-4.0,0.02,2.841,4.175,3.017,4.299,-1.003,1.0,-3.0,0.0,-1.0,0.0,1.055,1.998,1.003,-1.0,0.0,2.629,1.105,2.975,0.0,0.0,0.0,0.0,0.0,-1.0,0.0,0.0,-1.0,0.0,0.0,0.999,-1.0,0.0,0.0,0.999,0.003,-1.004,0.998,-0.013,-2.0,0.003,1.992,-0.004,6.386,0.517,-0.992,-4.008,0.975,-0.004,-3.005,1.507,0.31,1.994,-2.002,-5.0,-3.0,-1.981,-2.008,-4.997,0.525,1.981,3.615,-0.007,1.455,7.09,0.004,-3.003,-1.988,-0.007,-4.998,1.97,-3.772,-2.044,-1.643,0.024,-2.003,0.062,3.001,0.997,0.0,0.0,0.0,0.0,0.0,0.0,0.0,0.0,0.0,0.0
BtcGF,BTCUSDc,50,-5.2617,-15.785,2,-0.4806,0.0,435,42.2989,1,15,300,0.015,1.8,1.0,0.0,0.5,16385,1,-23.818,3,1,0,0,0.2,1,-6.896,-8.889,2.55,6.766,-5.0,0.0,-0.995,-0.993,1.472,-2.005,0.997,4.554,-2.0,-2.954,-0.02,-1.004,-0.008,2.135,0.032,0.711,-2.006,-1.922,-0.017,-0.001,-0.992,-1.373,-0.598,0.293,6.171,-4.0,-5.005,-2.0,0.995,5.036,2.307,-2.004,-3.497,-1.97,-1.014,-0.996,-2.0,-3.0,-4.0,0.02,-0.993,8.701,-0.005,0.996,-1.003,1.0,-3.0,0.0,-1.0,0.0,1.055,1.998,1.003,-1.0,0.0,2.582,1.105,-1.0,0.0,0.0,0.0,0.0,0.0,-1.0,0.0,0.0,-1.0,0.0,0.0,0.999,-1.0,0.0,0.0,0.999,0.003,-1.004,0.998,-0.013,-2.0,0.003,1.992,-0.004,2.977,-2.997,-0.992,-4.008,0.975,-0.017,-3.005,3.626,2.433,1.994,-2.002,-5.0,-0.767,0.211,-2.008,-4.996,0.0,1.981,2.278,-0.007,3.493,11.369,0.004,-3.003,-1.988,-0.008,-4.998,1.97,-3.772,-2.044,-1.642,0.024,-2.003,0.062,3.001,0.997,0.0,0.0,0.0,0.0,0.0,0.0,0.0,0.0,0.0,0.0
BtcGF,BTCUSDc,77,-10.2075,-20.415,3,-0.3122,0.0,398,26.6332,1,15,300,0.015,1.8,1.75,0.0,0.5,16385,1,-45.334,9,1,0,0,0.2,1,-26.17,5.755,2.514,27.062,-5.0,0.0,0.0,-4.0,0.863,-3.0,1.745,-2.216,-2.0,-5.0,-0.245,-4.0,-1.216,6.308,1.601,-1.233,0.774,-2.74,2.341,-4.0,1.031,1.112,-4.0,5.981,-2.999,-3.251,-6.0,-1.223,-3.0,-5.057,-0.893,-1.256,-5.0,0.678,-2.0,-1.612,-2.0,-3.0,-4.0,-2.0,-0.999,-1.0,2.67,3.247,-0.113,2.498,-3.0,0.0,-1.0,0.0,2.062,3.55,-1.0,-1.0,0.0,-0.999,2.096,-1.0,0.0,0.0,0.0,0.0,0.0,-1.0,0.0,0.0,-1.0,0.0,0.0,1.749,-1.0,0.0,0.0,-1.0,-2.0,0.528,1.747,-2.0,-2.0,0.791,3.608,7.264,-5.0,-2.036,9.885,1.895,-1.456,2.269,-2.253,-3.172,-2.259,1.496,-1.51,-5.0,0.405,7.148,-2.222,-4.22,1.623,4.326,-2.25,-5.0,-0.319,1.416,1.807,2.95,0.628,-1.256,-4.23,-1.25,-7.0,-3.0,8.382,-1.0,-5.0,0.924,6.197,5.899,0.0,0.0,0.0,0.0,0.0,0.0,0.0,0.0,0.0,0.0
BtcGF,BTCUSDc,57,-0.05,-0.15,2,-0.0043,0.0,418,35.6459,1,15,180,0.015,1.8,1.25,0.0,0.5,16385,1,-14.711,7,1,0,0,0.2,2,6.234,-6.384,4.365,15.764,-5.0,0.0,0.0,-2.734,2.002,-0.67,1.247,5.159,-2.0,-2.67,-1.755,-0.755,-1.753,2.986,4.967,3.235,-2.749,-3.76,0.773,0.502,-2.475,-3.757,-1.721,0.668,-0.262,-3.75,-4.757,-1.75,-0.754,14.422,-2.64,-1.754,-3.458,-1.446,-2.0,-1.446,-2.0,-3.0,-4.0,-2.0,-0.724,14.764,4.086,1.746,-0.748,1.5,-3.0,0.0,-1.0,0.0,1.343,0.263,-1.0,-1.0,0.0,0.295,1.435,-1.0,0.0,0.0,0.0,0.0,0.0,-1.0,0.0,0.0,-1.0,0.0,0.0,1.249,-1.0,0.0,0.0,1.252,-2.0,-0.503,1.248,1.743,-2.0,0.256,2.506,0.29,4.677,-2.723,-0.216,-3.76,9.096,1.189,-2.754,-3.733,-2.757,0.497,-2.482,-5.0,-3.0,-1.406,-2.753,-1.47,3.495,2.737,7.062,0.492,3.073,-0.3,1.187,-2.753,-1.428,0.49,-4.747,-0.516,-1.903,-1.541,0.99,-0.755,-2.269,0.348,4.012,1.496,0.0,0.0,0.0,0.0,0.0,0.0,0.0,0.0,0.0,0.0
BtcGF,BTCUSDc,45,-5.4537,-16.361,2,-0.4818,0.0,432,41.8981,1,15,180,0.015,1.5,1.0,0.0,0.5,16385,1,-24.394,2,1,0,0,0.2,1,-6.485,-9.876,2.773,6.762,-5.0,0.0,-0.999,-0.997,1.275,-2.005,0.997,2.625,-2.0,-2.966,0.846,-1.004,-0.008,2.006,3.278,0.711,-3.003,-4.01,-0.017,-0.001,-0.994,-4.005,2.974,0.108,4.786,-4.0,-5.005,-2.0,0.995,7.033,-0.94,-2.004,-3.791,-1.973,-1.014,-0.996,-2.0,-2.999,-4.0,0.016,-0.993,8.955,2.374,0.996,-1.003,1.0,-3.0,0.0,-1.0,0.0,1.048,1.995,1.003,-1.0,0.0,2.627,1.059,-1.0,0.0,0.0,0.0,0.0,0.0,-1.0,0.0,0.0,-1.0,0.0,0.0,0.999,-1.0,0.0,0.0,0.999,0.003,0.559,0.998,-0.013,-2.0,0.003,1.992,-0.004,2.994,-2.997,-0.992,-4.008,0.975,0.015,-3.005,3.626,2.433,1.994,-2.998,-4.999,-3.0,-2.006,-2.008,-1.498,1.941,1.981,5.188,-0.007,1.541,9.149,0.003,-3.003,-1.988,-0.008,-4.998,1.97,-3.876,-2.044,-1.832,0.016,-2.003,0.038,2.997,0.997,0.0,0.0,0.0,0.0,0.0,0.0,0.0,0.0,0.0,0.0
BtcGF,BTCUSDc,102,-1.5995,-3.199,3,-0.0879,0.0,417,37.4101,1,15,180,0.015,1.8,1.25,0.0,0.5,16385,1,-9.952,4,1,0,0,0.4,2,8.304,-11.503,4.365,7.612,-5.0,0.0,0.0,1.831,2.002,-0.67,1.247,2.581,-2.0,-2.67,-1.755,-0.755,-1.753,2.986,2.674,1.695,-2.749,-3.76,0.773,0.502,-2.475,0.593,-1.721,0.668,-0.263,-3.75,-4.757,-1.75,-0.754,5.152,-2.64,-1.754,2.753,-1.445,-2.0,-1.446,-2.0,-3.0,-4.0,-2.0,4.498,6.218,4.086,5.94,-0.748,1.5,-3.0,0.0,-1.0,0.0,1.343,3.691,-1.0,-1.0,0.0,0.295,1.435,5.479,0.0,0.0,0.0,0.0,0.0,-1.0,0.0,0.0,-1.0,0.0,0.0,1.249,-1.0,0.0,0.0,1.252,-2.0,-0.503,1.248,0.908,-2.0,0.256,2.506,0.29,9.45,-2.723,-0.216,-3.76,4.832,1.189,-2.754,-3.733,-2.757,0.497,-2.482,-5.0,-3.0,-1.406,-2.753,-1.47,2.711,2.737,4.4,0.492,3.041,-0.3,1.187,-2.753,-1.428,0.491,-4.747,-0.516,-1.903,-1.541,-0.326,-0.755,-2.269,0.348,4.012,1.496,0.0,0.0,0.0,0.0,0.0,0.0,0.0,0.0,0.0,0.0
BtcGF,BTCUSDc,104,6.265,12.53,3,0.4036,53.89,420,38.5714,1,15,300,0.015,1.8,1.25,0.0,0.5,16385,1,5.777,5,1,0,0,0.4,3,16.894,-4.364,4.464,7.612,-5.0,0.0,0.0,1.831,3.237,-0.67,1.247,2.581,-2.0,-2.67,-0.755,0.755,-1.753,3.269,0.553,1.695,-0.964,-1.327,0.773,1.936,-2.475,-0.597,-4.0,0.946,-3.0,-3.75,-4.757,-1.75,-0.754,6.409,1.057,-1.754,2.753,-1.445,-2.0,-1.446,-2.0,-2.999,-4.0,-2.0,4.498,6.218,5.905,5.94,-0.748,1.5,-3.0,0.0,-1.0,0.0,1.343,2.509,-1.0,-1.0,0.0,3.563,1.435,5.479,0.0,0.0,0.0,0.0,0.0,-1.0,0.0,0.0,-1.0,0.0,0.0,1.249,-1.0,0.0,0.0,1.252,-2.0,-0.502,1.248,0.908,-2.0,0.256,2.506,1.132,12.376,-2.723,-0.216,-3.76,4.832,0.74,-2.754,-3.733,-2.757,0.497,-1.237,-5.0,-0.377,1.198,-2.753,-4.737,0.525,2.737,5.5,-0.508,3.971,-0.153,0.829,-2.753,-1.428,0.491,-4.747,-0.516,-1.903,-1.541,-0.326,-0.755,-2.288,0.348,4.012,1.496,0.0,0.0,0.0,0.0,0.0,0.0,0.0,0.0,0.0,0.0
BtcGF,BTCUSDc,135,-1.3753,-4.126,2,-0.147,0.0,429,45.9207,1,15,180,0.015,1.5,1.0,0.0,0.5,16385,1,-6.565,0,1,0,0,0.6,2,-2.693,-1.433,2.842,3.809,-2.226,0.0,-0.999,1.866,1.275,0.767,0.997,-0.034,-2.0,-2.966,-2.004,-1.004,-0.008,2.006,0.834,0.174,-3.003,-1.545,-0.017,-0.001,1.486,-2.216,1.493,0.108,1.973,-4.0,-2.628,0.673,0.995,1.077,-0.94,-2.004,-1.629,1.066,-1.014,-0.996,-2.0,-2.999,-4.0,0.016,1.957,3.37,2.374,3.695,-1.003,1.0,-3.0,0.0,-1.0,0.0,1.048,1.995,1.003,-1.0,0.0,2.585,1.059,1.998,0.0,0.0,0.0,0.0,0.0,-1.0,0.0,0.0,-1.0,0.0,0.0,0.999,-1.0,0.0,0.0,0.999,0.003,0.559,0.998,-0.013,-2.0,0.003,1.992,-0.004,5.746,-0.299,-0.992,-1.331,3.874,2.508,0.434,0.806,-0.298,1.994,-2.998,-4.999,-3.0,0.636,-2.008,-1.498,0.738,1.981,2.846,-0.007,0.948,5.688,0.003,-3.003,-1.988,-0.008,-4.998,1.97,-4.88,-2.044,-1.833,0.016,-2.003,0.038,2.997,0.997,0.0,0.0,0.0,0.0,0.0,0.0,0.0,0.0,0.0,0.0
BtcGF,BTCUSDc,21,-6.7793,-20.338,2,-0.5327,0.0,392,34.4388,1,15,180,0.015,1.8,1.5,0.0,0.5,16385,1,-27.425,2,1,0,0,0.0,1,-20.571,0.233,5.982,3.165,-5.0,0.0,0.0,-1.466,6.384,-3.0,1.496,-1.472,-0.387,-2.449,-1.504,-3.0,-1.508,3.942,6.655,-0.496,-2.497,-3.51,1.7,-1.487,-0.803,-2.488,-1.462,1.211,0.257,-3.5,1.91,-1.5,-0.505,-0.319,-5.0,-1.505,-5.0,1.903,-2.0,2.127,-2.0,-3.0,-4.0,-2.0,-0.999,-1.0,5.602,5.006,-0.466,2.0,-3.0,0.0,-1.0,0.0,1.628,0.52,-1.0,-1.0,0.0,-1.0,1.765,-1.0,0.0,0.0,0.0,0.0,0.0,-1.0,0.0,0.0,-1.0,0.0,0.0,1.499,-1.0,0.0,0.0,1.505,-2.0,0.01,1.498,0.49,-2.0,0.508,3.053,0.59,6.021,0.151,1.555,0.333,5.698,4.886,-1.503,-1.596,-2.508,0.996,-2.502,-5.0,-3.0,-0.785,-2.489,-0.55,5.082,3.524,-3.5,-1.507,4.618,0.305,2.227,-2.504,-2.497,0.994,-3.495,-2.508,-6.0,-1.51,-0.827,-1.0,-1.227,0.635,5.067,1.995,0.0,0.0,0.0,0.0,0.0,0.0,0.0,0.0,0.0,0.0
BtcGF,BTCUSDc,46,-3.972,-7.944,3,-0.274,0.0,433,42.2633,1,15,240,0.015,1.5,1.0,0.0,0.5,16385,1,-15.977,4,1,0,0,0.2,1,-0.208,-7.736,2.664,6.762,-5.0,0.0,-0.999,-0.997,1.2,-2.005,0.997,4.552,-2.0,-2.966,0.2,-1.004,-0.008,2.006,0.027,0.711,-3.003,-1.479,-0.017,-0.001,-0.994,-4.005,2.96,0.14,6.171,-4.0,-5.005,-2.0,0.995,7.084,3.106,-2.004,-2.767,-1.973,-1.014,-0.996,-2.0,-3.0,-4.0,0.016,-0.993,8.693,3.011,0.996,-1.003,1.0,-3.0,0.0,-1.0,0.0,1.048,1.995,1.003,-1.0,0.0,2.629,1.059,-1.0,0.0,0.0,0.0,0.0,0.0,-1.0,0.0,0.0,-1.0,0.0,0.0,0.999,-1.0,0.0,0.0,0.999,0.003,0.676,0.998,-0.013,-2.0,0.003,1.992,-0.004,2.977,-2.997,-0.992,-4.008,0.975,-0.004,-3.005,3.626,2.433,1.994,-2.002,-5.0,-3.0,-2.006,-2.008,-4.996,0.525,1.981,6.456,-0.007,3.13,11.27,0.003,-3.003,-1.988,-0.008,-4.998,1.97,-3.876,-2.044,-1.832,0.016,-2.003,0.038,2.997,0.997,0.0,0.0,0.0,0.0,0.0,0.0,0.0,0.0,0.0,0.0
BtcGF,BTCUSDc,149,10.146,20.292,3,0.8324,19.89,416,40.625,1,15,300,0.015,1.8,1.25,0.0,0.5,16385,1,16.256,0,1,0,0,0.6,3,14.863,5.429,4.155,5.633,-1.648,0.0,0.0,0.697,2.613,-0.67,1.247,1.071,-2.0,-2.67,-1.755,-0.755,-1.753,3.269,0.553,1.183,-0.964,-1.327,0.773,1.325,0.915,-1.84,-0.68,0.946,0.149,-3.75,-1.627,-1.75,-0.754,3.693,1.057,-1.754,-0.283,2.866,-2.0,-1.446,-2.0,-3.0,-4.0,-2.0,3.052,4.354,4.841,5.04,-0.748,1.5,-3.0,0.0,-1.0,0.0,1.343,2.509,-1.0,-1.0,0.0,3.563,1.435,3.255,0.0,0.0,0.0,0.0,0.0,-1.0,0.0,0.0,-1.0,0.0,0.0,1.249,-1.0,0.0,0.0,1.252,-2.0,-0.502,1.248,0.629,-2.0,0.256,2.506,0.764,9.555,0.931,-0.216,-3.76,7.626,4.245,2.282,-3.733,-2.757,0.497,-1.237,-5.0,-0.377,1.198,-2.753,-0.506,0.525,2.737,3.528,-0.508,2.68,-0.153,0.829,-2.753,-1.428,0.49,-4.747,-0.516,-3.16,-1.541,-0.764,-0.755,-2.288,0.348,4.012,1.496,0.0,0.0,0.0,0.0,0.0,0.0,0.0,0.0,0.0,0.0
BtcGF,BTCUSDc,93,-5.8947,-8.842,4,-0.309,0.0,432,43.9815,1,15,180,0.015,1.8,1.0,0.0,0.5,16385,1,-12.743,0,1,0,0,0.4,3,2.762,-11.604,2.773,4.56,-1.528,0.0,-0.995,2.698,1.275,-2.005,0.997,0.885,-2.0,-2.954,0.848,-1.004,-0.008,2.006,1.594,0.308,-3.003,-4.01,-0.017,-0.001,-0.992,-0.545,1.864,0.108,2.675,-4.0,-5.005,1.212,0.995,2.316,-0.94,-2.004,-0.099,-1.969,-1.014,-0.996,-2.0,-3.0,-4.0,0.02,2.841,4.437,2.38,4.299,-1.003,1.0,-3.0,0.0,-1.0,0.0,1.055,1.998,1.003,-1.0,0.0,2.627,1.105,2.975,0.0,0.0,0.0,0.0,0.0,-1.0,0.0,0.0,-1.0,0.0,0.0,0.999,-1.0,0.0,0.0,0.999,0.003,-1.005,0.998,-0.013,-2.0,0.003,1.992,-0.004,6.403,0.517,-0.992,-4.008,0.975,0.015,-3.005,1.507,0.31,1.994,-2.998,-5.0,-3.0,-1.981,-2.008,-1.322,1.356,1.981,3.615,-0.007,1.521,6.951,0.004,-3.003,-1.988,-0.007,-4.998,1.97,-3.772,-2.044,-1.643,0.024,-2.003,0.062,3.001,0.997,0.0,0.0,0.0,0.0,0.0,0.0,0.0,0.0,0.0,0.0
BtcGF,BTCUSDc,143,1.5685,3.137,3,0.1326,80.52,431,46.6357,1,15,300,0.015,2.1,1.0,0.0,0.5,16385,1,0.611,0,1,0,0,0.6,3,4.638,-1.501,2.842,3.822,-2.226,0.0,-0.992,1.87,1.472,0.767,0.997,-0.032,-2.0,-2.941,-2.004,-1.004,-0.008,2.135,0.036,0.174,-2.006,-1.922,-0.015,-0.001,1.488,-2.368,2.151,0.293,2.157,-4.0,-2.628,0.673,0.995,1.258,2.357,-2.004,-1.58,1.076,-1.014,-0.994,-2.0,-3.0,-4.0,0.033,1.957,3.124,3.2,3.695,-1.003,1.0,-3.0,0.0,-1.0,0.0,1.085,1.998,1.003,-1.0,0.0,2.582,1.142,1.998,0.0,0.0,0.0,0.0,0.0,-1.0,0.0,0.0,-1.0,0.0,0.0,0.999,-1.0,0.0,0.0,0.999,0.003,-1.005,0.998,-0.013,-2.0,0.003,1.992,-0.004,5.729,-0.299,-0.992,-1.331,3.874,2.476,0.434,0.811,-0.298,1.994,-2.002,-5.0,-0.767,0.242,-2.008,-0.471,0.0,1.981,2.278,-0.007,0.924,5.81,0.009,-3.003,-1.987,-0.008,-4.998,1.97,-4.599,-2.044,-1.314,0.032,-2.003,0.096,3.001,0.997,0.0,0.0,0.0,0.0,0.0,0.0,0.0,0.0,0.0,0.0
BtcGF,BTCUSDc,108,0.099,0.297,2,0.0075,3286.2,399,32.0802,1,15,180,0.015,1.5,1.5,0.0,0.5,16385,1,-9.463,7,1,0,0,0.4,2,-4.56,4.857,5.979,8.531,-5.0,0.0,0.0,1.438,3.518,-0.317,1.496,4.222,-2.0,-5.0,-1.504,-3.0,-1.511,3.812,3.744,3.088,-2.497,-3.51,1.595,-1.49,-0.902,3.863,-1.462,1.647,0.257,-3.5,-6.0,-1.5,-0.505,-2.906,-5.0,-1.505,-4.0,7.312,-2.0,-0.929,-2.0,-2.999,-4.0,-2.0,-0.999,0.0,4.48,7.582,-0.477,2.0,-3.0,0.0,-1.0,0.0,1.606,5.142,-1.0,-1.0,0.0,-1.0,1.641,-1.0,0.0,0.0,0.0,0.0,0.0,-1.0,0.0,0.0,-1.0,0.0,0.0,1.499,-1.0,0.0,0.0,1.505,-2.0,-0.506,1.498,-2.0,-2.0,0.508,3.034,0.59,14.911,-2.428,1.723,-2.334,3.014,2.343,-2.503,-3.47,-2.508,0.996,-3.502,-4.999,-3.0,1.37,-2.496,-1.329,4.096,3.516,4.751,-1.507,4.565,0.297,2.168,-2.504,-0.921,-1.504,-4.495,-2.514,-6.0,-1.524,5.927,-1.0,-2.024,0.584,5.035,1.995,0.0,0.0,0.0,0.0,0.0,0.0,0.0,0.0,0.0,0.0
BtcGF,BTCUSDc,95,-4.1487,-6.223,4,-0.2314,0.0,434,44.7005,1,15,300,0.015,1.8,1.0,0.0,0.5,16385,1,-10.124,0,1,0,0,0.4,4,4.993,-11.216,2.741,4.56,-1.528,0.0,-0.995,2.698,1.472,-2.005,0.997,0.885,-2.0,-2.954,-0.02,-1.004,-0.008,2.135,0.032,0.308,-2.006,-1.922,-0.017,-0.001,-0.992,-1.373,-0.598,0.293,3.159,-4.0,-5.005,1.212,0.995,2.63,2.307,-2.004,-0.099,-1.969,-1.014,-0.996,-2.0,-2.999,-4.0,0.02,2.841,4.175,4.028,4.299,-1.003,1.0,-3.0,0.0,-1.0,0.0,1.055,1.998,1.003,-1.0,0.0,2.582,1.105,2.975,0.0,0.0,0.0,0.0,0.0,-1.0,0.0,0.0,-1.0,0.0,0.0,0.999,-1.0,0.0,0.0,0.999,0.003,-1.004,0.998,-0.013,-2.0,0.003,1.992,-0.004,6.386,0.517,-0.992,-4.008,0.975,-0.017,-3.005,1.507,0.31,1.994,-2.002,-5.0,-0.767,0.211,-2.008,-4.997,0.0,1.981,2.278,-0.007,1.67,7.185,0.004,-3.003,-1.988,-0.007,-4.998,1.97,-3.772,-2.044,-1.643,0.024,-2.003,0.062,3.001,0.997,0.0,0.0,0.0,0.0,0.0,0.0,0.0,0.0,0.0,0.0
BtcGF,BTCUSDc,24,-6.8477,-20.543,2,-0.5148,0.0,395,34.1772,1,15,180,0.015,2.1,1.5,0.0,0.5,16385,1,-27.63,3,1,0,0,0.0,2,-20.193,-0.35,5.985,3.252,-5.0,0.0,0.0,-1.466,6.669,-3.0,1.496,-1.472,-0.32,-2.434,-1.504,-3.0,-1.508,4.175,6.672,1.015,-2.497,-3.51,1.86,-1.487,-0.655,-2.488,-1.462,1.211,0.257,-3.5,1.91,-1.5,-0.505,-0.255,-5.0,-1.505,-5.0,0.197,-2.0,2.214,-3.0,-3.0,-4.0,-2.0,-0.999,-1.0,6.288,5.006,-0.456,2.0,-3.0,0.0,-1.0,0.0,1.704,0.52,-1.0,-1.0,0.0,-1.0,1.899,-1.0,0.0,0.0,0.0,0.0,0.0,-1.0,0.0,0.0,-1.0,0.0,0.0,1.499,-1.0,0.0,0.0,1.505,-2.0,0.015,1.498,0.494,-2.0,0.508,3.073,0.59,6.04,0.234,1.57,0.455,5.82,4.893,-1.503,-1.585,-2.508,0.996,-2.502,-5.0,-3.0,-0.61,-2.488,1.201,5.105,3.543,-3.5,-1.507,4.625,0.328,2.326,-2.504,-2.496,0.994,-3.494,-2.509,-5.999,-1.497,-0.764,-1.0,-4.999,0.711,5.097,1.995,0.0,0.0,0.0,0.0,0.0,0.0,0.0,0.0,0.0,0.0
BtcGF,BTCUSDc,33,-4.2867,-12.86,2,-0.3265,0.0,380,29.7368,1,15,180,0.015,2.1,1.75,0.0,0.5,16385,1,-21.453,5,1,0,0,0.0,2,-6.375,-6.485,7.59,4.344,-5.0,0.0,0.0,0.998,4.284,-3.0,1.745,-1.215,1.658,-2.159,-1.241,-3.0,-1.198,1.763,8.364,-0.23,-2.238,-6.0,3.589,-1.154,1.597,-2.229,-1.203,1.922,0.777,-3.251,4.615,-1.223,-3.0,0.583,-5.0,-1.256,-5.0,-2.051,-2.0,2.22,-3.0,-3.0,-4.0,-2.0,-0.999,-1.0,9.344,6.009,-0.015,2.498,-3.0,0.0,-1.0,0.0,2.303,0.806,-1.0,-1.0,0.0,-1.0,2.278,-1.0,0.0,0.0,0.0,0.0,0.0,-1.0,0.0,0.0,-1.0,0.0,0.0,1.749,-1.0,0.0,0.0,-1.0,-2.0,0.54,1.747,-2.0,-2.0,0.805,3.651,0.89,3.588,-1.911,-0.408,2.41,4.482,1.764,-1.253,-4.149,-2.259,1.496,-2.252,-5.0,-3.0,0.161,-2.217,4.593,6.713,4.37,-3.25,-4.0,0.921,0.941,-0.86,-0.012,-1.232,1.505,-3.224,-1.25,-5.999,-3.0,1.636,-1.0,-4.999,1.021,6.299,2.508,0.0,0.0,0.0,0.0,0.0,0.0,0.0,0.0,0.0,0.0
BtcGF,BTCUSDc,150,2.792,5.584,3,0.1814,72.28,415,39.2771,1,15,180,0.015,2.1,1.25,0.0,0.5,16385,1,1.548,0,1,0,0,0.6,3,5.911,-0.327,4.155,5.651,-1.648,0.0,0.0,0.697,2.002,-0.624,1.247,1.071,-2.0,-2.638,-1.755,-0.755,-1.753,3.079,1.661,1.183,-2.749,-0.569,0.794,0.502,0.919,-1.622,-1.721,0.668,-0.263,-3.75,-1.627,-1.75,-0.754,3.004,-2.64,-1.754,0.029,2.88,-2.0,-1.408,-2.0,-3.0,-4.0,-2.0,3.052,4.367,4.279,5.04,-0.748,1.5,-3.0,0.0,-1.0,0.0,1.395,3.194,-1.0,-1.0,0.0,0.294,1.521,3.255,0.0,0.0,0.0,0.0,0.0,-1.0,0.0,0.0,-1.0,0.0,0.0,1.249,-1.0,0.0,0.0,1.252,-2.0,-0.503,1.248,0.629,-2.0,0.256,2.511,0.29,8.267,0.937,-0.207,-3.76,7.633,4.694,2.282,-3.732,-2.757,0.497,-2.477,-5.0,-3.0,2.219,-2.753,-0.491,1.886,2.737,2.528,0.492,2.305,-0.282,1.232,-2.753,-1.409,0.49,-4.747,-0.516,-2.474,-1.541,-0.717,-0.755,-4.999,0.404,4.012,1.496,0.0,0.0,0.0,0.0,0.0,0.0,0.0,0.0,0.0,0.0
BtcGF,BTCUSDc,47,-4.7863,-14.359,2,-0.4621,0.0,434,42.3963,1,15,300,0.015,1.5,1.0,0.0,0.5,16385,1,-22.392,3,1,0,0,0.2,1,-7.04,-7.319,2.55,6.762,-5.0,0.0,-0.999,-0.997,1.472,-2.005,0.997,4.552,-2.0,-2.966,-0.021,-1.004,-0.008,2.135,0.027,0.711,-2.006,-1.922,-0.017,-0.001,-0.994,-1.373,-0.598,0.293,6.171,-4.0,-5.005,-2.0,0.995,5.036,2.272,-2.004,-3.497,-1.973,-1.014,-0.996,-2.0,-3.0,-4.0,0.016,-0.993,8.693,-0.009,0.996,-1.003,1.0,-3.0,0.0,-1.0,0.0,1.048,1.995,1.003,-1.0,0.0,2.582,1.059,-1.0,0.0,0.0,0.0,0.0,0.0,-1.0,0.0,0.0,-1.0,0.0,0.0,0.999,-1.0,0.0,0.0,0.999,0.003,0.927,0.998,-0.013,-2.0,0.003,1.992,-0.004,2.977,-2.997,-0.992,-4.008,0.975,-0.017,-3.005,3.626,2.433,1.994,-2.002,-5.0,-0.768,0.186,-2.008,-4.996,0.0,1.981,2.278,-0.007,3.493,11.365,0.003,-3.003,-1.988,-0.008,-4.998,1.97,-3.876,-2.044,-1.832,0.016,-2.003,0.038,2.997,0.997,0.0,0.0,0.0,0.0,0.0,0.0,0.0,0.0,0.0,0.0
BtcGF,BTCUSDc,26,37.5695,75.139,3,2.1807,115.69,388,34.7938,1,15,300,0.015,2.1,1.5,0.0,0.5,16385,1,-11.788,2,1,0,0,0.0,2,-22.513,97.652,2.007,3.252,-2.485,0.0,0.0,-1.466,3.718,-3.0,1.496,-1.472,-0.32,-2.434,-0.504,-3.0,0.492,4.501,1.095,1.015,-0.093,-0.638,1.86,-4.0,-0.655,-1.248,-1.496,2.841,-0.492,-3.5,-0.985,-1.5,-0.505,-0.2,-1.113,-1.505,-5.0,0.197,-2.0,2.214,-3.0,-3.0,-4.0,-2.0,-0.999,-1.0,2.237,5.006,-0.456,2.0,-3.0,0.0,-1.0,0.0,1.704,3.018,-1.0,-1.0,0.0,-0.999,1.899,-1.0,0.0,0.0,0.0,0.0,0.0,-1.0,0.0,0.0,-1.0,0.0,0.0,1.499,-1.0,0.0,0.0,1.505,-2.0,0.015,1.498,-2.0,-2.0,0.508,3.073,-2.0,2.576,0.234,0.57,-0.753,5.82,2.529,-1.503,1.592,-2.508,0.996,-2.0,19.254,0.017,4.964,-2.488,-4.479,1.109,3.543,0.228,-2.507,87.074,0.72,1.763,-2.504,-2.496,0.994,-3.494,-2.509,-5.999,-1.497,-1.496,-1.0,-4.999,0.711,5.097,1.995,0.0,0.0,0.0,0.0,0.0,0.0,0.0,0.0,0.0,0.0
BtcGF,BTCUSDc,156,-0.655,-1.965,2,-0.0483,0.0,401,33.1671,1,15,180,0.015,1.8,1.5,0.0,0.5,16385,1,-7.524,2,1,0,0,0.6,2,-11.826,9.861,5.495,5.738,0.078,0.0,0.0,0.0,3.518,-3.0,1.496,2.378,-2.0,-5.0,-1.504,-3.0,-1.508,3.942,2.463,2.2,-2.497,-3.51,1.7,-1.487,-0.803,-0.088,-1.462,1.475,0.257,-3.5,-2.115,-1.5,-0.505,3.002,-5.0,-1.505,-4.0,3.122,-2.0,-0.873,-2.0,-3.0,-4.0,-2.0,-0.999,-1.0,5.602,6.385,-0.466,2.0,-3.0,0.0,-1.0,0.0,1.628,4.252,-1.0,-1.0,0.0,-1.0,1.765,-1.0,0.0,0.0,0.0,0.0,0.0,-1.0,0.0,0.0,-1.0,0.0,0.0,1.499,-1.0,0.0,0.0,1.505,-2.0,0.01,1.498,-2.0,-2.0,0.508,3.053,0.59,10.445,-2.362,1.251,-2.811,13.311,6.775,-2.503,-3.462,-2.508,0.996,-3.502,-5.0,-3.0,0.531,-2.489,-0.55,3.06,3.524,1.768,-1.507,3.675,0.304,2.227,-2.504,-0.902,2.109,-4.495,-2.508,-6.0,-1.51,0.365,-1.0,-1.227,0.635,5.067,1.995,0.0,0.0,0.0,0.0,0.0,0.0,0.0,0.0,0.0,0.0
BtcGF,BTCUSDc,30,-5.6653,-16.996,2,-0.3775,0.0,375,30.1333,1,15,180,0.015,1.8,1.75,0.0,0.5,16385,1,-25.498,3,1,0,0,0.0,2,-4.506,-12.49,7.587,3.945,-5.0,0.0,0.0,0.998,4.284,-3.0,1.745,-1.215,0.544,-2.18,-1.245,-3.0,-1.216,5.811,8.341,-2.0,-2.238,-6.0,2.341,-1.181,1.031,-2.229,-1.203,1.922,0.777,-3.251,4.606,-1.223,-3.0,0.499,-5.0,-1.256,-5.0,2.983,-2.0,1.388,-2.0,-3.0,-4.0,-2.0,-0.999,-1.0,7.779,6.009,-0.113,2.498,-3.0,0.0,-1.0,0.0,2.062,0.797,-1.0,-1.0,0.0,-1.0,2.096,-1.0,0.0,0.0,0.0,0.0,0.0,-1.0,0.0,0.0,-1.0,0.0,0.0,1.749,-1.0,0.0,0.0,-1.0,-2.0,0.527,1.747,-1.999,-2.0,0.791,3.608,0.89,3.567,-1.036,-0.428,2.156,2.633,1.761,-1.253,-4.173,-2.259,1.496,-2.252,-5.0,-3.0,-0.14,-2.222,0.861,6.67,4.326,-3.25,-4.0,0.921,0.914,-1.01,-0.016,-1.237,1.503,-3.23,-1.25,-6.0,-3.0,1.516,-1.0,-5.0,0.924,6.197,2.508,0.0,0.0,0.0,0.0,0.0,0.0,0.0,0.0,0.0,0.0
BtcGF,BTCUSDc,97,-4.7405,-9.481,3,-0.3545,0.0,433,44.1109,1,15,240,0.015,2.1,1.0,0.0,0.5,16385,1,-13.391,0,1,0,0,0.4,2,3.992,-13.473,2.741,4.569,-1.528,0.0,-0.992,2.698,1.2,-2.005,0.997,0.885,-2.0,-2.941,0.203,-1.004,-0.008,2.006,0.036,0.308,-3.003,-1.479,-0.015,-0.001,-0.992,-0.545,1.85,0.14,3.159,-4.0,-5.005,1.212,0.995,2.367,0.002,-2.004,-0.09,-1.962,-1.014,-0.994,-2.0,-3.0,-4.0,0.033,2.841,4.183,3.021,4.299,-1.003,1.0,-3.0,0.0,-1.0,0.0,1.085,1.998,1.003,-1.0,0.0,2.629,1.142,2.975,0.0,0.0,0.0,0.0,0.0,-1.0,0.0,0.0,-1.0,0.0,0.0,0.999,-1.0,0.0,0.0,0.999,0.003,-1.005,0.998,-0.013,-2.0,0.003,1.992,-0.004,6.386,0.517,-0.992,-4.008,0.975,-0.004,-3.005,1.512,0.31,1.994,-2.002,-5.0,-3.0,-1.951,-2.008,-4.997,0.525,1.981,3.615,-0.007,1.455,7.105,0.009,-3.003,-1.987,-0.007,-4.998,1.97,-3.595,-2.044,-1.314,0.032,-2.003,0.096,3.001,0.997,0.0,0.0,0.0,0.0,0.0,0.0,0.0,0.0,0.0,0.0
BtcGF,BTCUSDc,99,0.2215,0.443,3,0.0121,1524.38,416,37.7404,1,15,180,0.015,1.5,1.25,0.0,0.5,16385,1,-6.31,4,1,0,0,0.4,2,7.831,-7.388,4.365,7.604,-5.0,0.0,0.0,1.825,2.002,-0.706,1.247,2.576,-2.0,-2.696,-1.755,-0.755,-1.753,2.927,2.666,1.695,-2.749,-3.76,0.758,0.502,-2.48,0.593,-1.721,0.666,-0.263,-3.75,-4.757,-1.75,-0.754,5.101,-2.64,-1.754,2.753,-1.452,-2.0,-1.469,-2.0,-2.999,-4.0,-2.0,4.498,6.206,3.98,5.94,-0.748,1.5,-3.0,0.0,-1.0,0.0,1.328,3.686,-1.0,-1.0,0.0,0.295,1.35,5.479,0.0,0.0,0.0,0.0,0.0,-1.0,0.0,0.0,-1.0,0.0,0.0,1.249,-1.0,0.0,0.0,1.252,-2.0,1.953,1.248,0.908,-2.0,0.256,2.503,0.29,9.45,-2.73,-0.22,-3.76,4.832,1.189,-2.754,-3.736,-2.757,0.497,-2.487,-4.999,-3.0,-1.469,-2.753,-1.923,2.709,2.737,4.4,0.492,3.038,-0.307,1.16,-2.753,-1.442,0.491,-4.747,-0.519,-2.238,-1.541,2.559,-0.755,-2.523,0.312,4.004,1.496,0.0,0.0,0.0,0.0,0.0,0.0,0.0,0.0,0.0,0.0
BtcGF,BTCUSDc,39,2.213,6.639,2,0.1764,149.39,367,28.3379,1,15,180,0.015,1.8,2.0,0.0,0.5,16385,1,-3.279,7,1,0,0,0.0,2,13.577,-6.938,9.2,4.869,-5.0,0.0,0.0,4.65,5.568,-3.0,2.004,-0.957,1.372,-1.91,-0.982,-3.0,-0.928,8.651,10.053,-2.0,-1.98,-6.0,0.689,-0.889,3.246,-1.97,-0.945,2.56,-3.0,-3.001,8.349,-0.966,-3.0,4.835,-5.0,-1.007,-5.0,5.29,-2.0,2.123,-2.0,-3.0,-4.0,-2.0,-0.999,-1.0,0.164,4.003,0.31,3.022,-3.0,0.0,-1.0,0.0,2.663,1.065,-1.0,-1.0,0.0,-1.0,2.426,-1.0,0.0,0.0,0.0,0.0,0.0,-1.0,0.0,0.0,-1.0,0.0,0.0,1.999,-1.0,0.0,0.0,-1.0,-2.0,1.063,1.997,-1.999,-2.0,1.104,4.36,1.21,4.12,-0.637,0.089,-1.376,4.292,-0.844,-1.003,-3.88,-2.011,1.996,-2.002,-5.0,-3.0,-2.995,-1.953,3.229,8.287,5.161,-3.001,-4.0,1.533,1.536,-0.571,-5.0,0.099,2.009,-2.973,-0.985,-6.0,-3.0,3.52,-1.0,-5.0,-0.747,9.412,3.022,0.0,0.0,0.0,0.0,0.0,0.0,0.0,0.0,0.0,0.0
BtcGF,BTCUSDc,25,-1.2285,-2.457,3,-0.0713,0.0,389,36.5039,1,15,240,0.015,2.1,1.5,0.0,0.5,16385,1,-10.242,1,1,0,0,0.0,2,-7.492,5.035,6.759,3.252,-2.485,0.0,0.0,-1.466,5.633,-3.0,1.496,2.501,-0.32,-2.434,-1.504,-3.0,0.492,3.229,1.095,1.015,-2.497,0.892,1.86,-1.221,-0.655,-2.488,-1.488,1.273,-0.492,-3.5,-0.985,-1.5,-0.505,-0.2,-3.0,1.046,-5.0,0.197,-2.0,2.214,-3.0,-3.0,-4.0,-2.0,-0.999,-1.0,6.997,5.006,-0.456,2.0,-3.0,0.0,-1.0,0.0,1.704,3.309,-1.0,-1.0,0.0,1.834,1.899,-1.0,0.0,0.0,0.0,0.0,0.0,-1.0,0.0,0.0,-1.0,0.0,0.0,1.499,-1.0,0.0,0.0,1.505,-2.0,0.015,1.498,0.494,-2.0,0.508,3.073,1.268,5.271,0.234,1.57,-0.753,5.82,4.376,-1.503,1.592,-2.508,0.996,-1.507,-5.0,-3.0,1.959,-2.488,-4.479,2.228,3.543,2.491,-1.507,7.845,0.344,1.848,-2.504,-2.496,0.994,-3.494,-2.509,-5.999,-1.497,-1.496,-1.0,-4.999,0.711,5.097,1.995,0.0,0.0,0.0,0.0,0.0,0.0,0.0,0.0,0.0,0.0
BtcGF,BTCUSDc,31,5.0835,10.167,3,0.4188,69.95,368,33.4239,1,15,240,0.015,1.8,1.75,0.0,0.5,16385,1,3.055,2,1,0,0,0.0,2,14.586,-4.419,8.802,3.945,-2.241,0.0,0.0,-1.202,2.87,-3.0,1.745,4.402,0.544,-2.18,-1.245,-2.999,0.784,4.205,1.601,-2.0,-2.238,-0.561,2.341,-0.811,1.031,-2.229,-1.235,1.942,-0.239,-3.251,-0.462,-1.223,-3.0,1.628,2.293,1.553,-5.0,2.983,-2.0,1.388,-2.0,-3.0,-4.0,-2.0,-0.999,-1.0,8.621,6.009,-0.113,2.498,-3.0,0.0,-1.0,0.0,2.062,3.97,-1.0,-1.0,0.0,2.752,2.096,-1.0,0.0,0.0,0.0,0.0,0.0,-1.0,0.0,0.0,-1.0,0.0,0.0,1.749,-1.0,0.0,0.0,-1.0,-2.0,0.528,1.747,-2.0,-2.0,0.791,3.608,1.928,3.84,-1.036,2.334,-0.228,2.32,1.007,-1.253,2.395,-2.259,1.496,-1.258,-5.0,-3.0,2.675,-2.222,-4.221,3.061,4.326,4.862,-4.0,0.574,0.9,1.925,-0.477,-1.237,1.503,-3.23,-1.25,-6.0,-3.0,0.554,-1.0,-5.0,0.924,6.197,-0.243,0.0,0.0,0.0,0.0,0.0,0.0,0.0,0.0,0.0,0.0
BtcGF,BTCUSDc,119,16.8527,25.279,4,0.5338,58.42,390,28.9744,1,15,300,0.015,1.5,1.75,0.0,0.5,16385,1,10.51,10,1,0,0,0.4,3,1.392,23.887,7.944,10.767,-5.0,0.0,0.0,3.461,6.887,0.04,1.745,12.203,-2.0,-5.0,-0.245,-4.0,-1.234,5.418,1.582,-1.236,0.771,-2.8,1.786,-4.0,0.722,1.102,-4.0,3.934,-3.0,-3.251,-6.0,-1.23,-3.0,-5.143,-1.057,-1.256,-4.0,9.77,-2.0,-1.992,-2.0,-2.999,-4.0,-2.0,-0.999,0.0,-2.0,9.223,-0.172,2.498,-3.0,0.0,-1.0,0.0,1.937,3.533,-1.0,-1.0,0.0,-0.999,1.933,-1.0,0.0,0.0,0.0,0.0,0.0,-1.0,0.0,0.0,-1.0,0.0,0.0,1.749,-1.0,0.0,0.0,-1.0,-2.0,-0.257,1.747,-2.0,-2.0,0.772,3.569,3.64,9.377,-3.139,4.487,-0.938,5.356,2.269,-2.253,-3.195,-2.259,1.496,-1.51,-5.0,0.4,2.852,-2.237,-4.228,1.582,4.3,11.716,-5.0,-0.319,1.387,1.684,1.076,0.605,-1.255,-4.235,-1.26,-6.0,-3.0,11.633,-1.0,-4.0,0.86,6.116,4.048,0.0,0.0,0.0,0.0,0.0,0.0,0.0,0.0,0.0,0.0
BtcGF,BTCUSDc,85,13.4763,40.429,2,0.7863,82.72,390,25.1282,1,15,240,0.015,1.8,2.0,0.0,0.5,16385,1,6.987,9,1,0,0,0.2,1,57.018,-16.589,10.857,33.568,-5.0,0.0,0.0,-4.0,0.766,-3.0,10.472,32.484,-2.0,-5.0,0.018,-3.999,-0.928,8.57,2.149,-0.924,-1.98,0.481,0.689,-0.416,3.246,-2.953,-0.983,9.049,-2.999,-3.001,-6.0,-0.966,-3.0,-3.287,3.075,2.091,-5.0,-2.788,-2.0,-0.877,-2.0,-3.0,-4.0,-2.0,-0.999,-1.0,1.82,4.003,0.31,3.022,-3.0,0.0,-1.0,0.0,2.663,4.636,-1.0,-1.0,0.0,3.724,2.426,-1.0,0.0,0.0,0.0,0.0,0.0,-1.0,0.0,0.0,-1.0,0.0,0.0,1.999,-1.0,0.0,0.0,-1.0,-2.0,1.064,1.997,-2.0,-2.0,1.104,4.36,2.608,-1.622,-1.637,16.186,-6.0,-2.996,1.153,-2.003,-2.879,-2.011,1.996,-4.002,-5.0,-3.0,6.384,-1.953,-3.936,3.947,5.161,-3.001,-4.0,1.093,1.507,2.713,-5.0,0.099,-1.006,-3.973,-0.985,-7.0,-3.0,0.36,-1.0,-5.0,-0.747,9.412,0.018,0.0,0.0,0.0,0.0,0.0,0.0,0.0,0.0,0.0,0.0
BtcGF,BTCUSDc,154,15.274,22.911,4,0.7661,24.2,398,34.9246,1,15,240,0.015,1.5,1.5,0.0,0.5,16385,1,17.367,2,1,0,0,0.6,3,5.505,17.406,5.492,5.688,0.078,0.0,0.0,0.001,3.839,-0.317,1.496,2.967,-2.0,-5.0,-1.504,-2.999,-1.511,3.789,1.064,2.198,-2.497,0.731,1.595,-1.224,-0.902,-0.088,-1.488,1.533,0.898,-3.5,-2.115,-1.5,-0.505,0.424,1.525,1.001,-4.0,3.096,-2.0,-0.929,-2.0,-3.0,-4.0,-2.0,-0.999,0.0,5.398,6.385,-0.477,2.0,-3.0,0.0,-1.0,0.0,1.606,3.303,-1.0,-1.0,0.0,1.813,1.641,-1.0,0.0,0.0,0.0,0.0,0.0,-1.0,0.0,0.0,-1.0,0.0,0.0,1.499,-1.0,0.0,0.0,1.505,-2.0,-0.506,1.498,-2.0,-2.0,0.508,3.034,1.268,11.486,-2.427,1.244,-2.811,13.304,6.258,-2.503,-3.47,-2.508,0.996,-2.009,-5.0,-3.0,4.592,-2.496,-0.234,2.2,3.516,1.768,-1.507,3.925,0.289,1.69,-2.504,-0.921,2.109,-4.495,-2.514,-6.0,-1.514,5.072,-1.0,-2.051,0.584,5.035,1.995,0.0,0.0,0.0,0.0,0.0,0.0,0.0,0.0,0.0,0.0
BtcGF,BTCUSDc,90,-2.6413,-7.924,2,-0.2767,0.0,431,44.0835,1,15,180,0.015,1.5,1.0,0.0,0.5,16385,1,-11.825,0,1,0,0,0.4,2,-0.324,-7.6,2.773,4.556,-1.528,0.0,-0.999,2.694,1.275,-2.005,0.997,0.883,-2.0,-2.966,0.846,-1.004,-0.008,2.006,1.589,0.308,-3.003,-4.01,-0.017,-0.001,-0.994,-0.545,1.864,0.108,2.675,-4.0,-5.005,1.212,0.995,2.316,-0.94,-2.004,-0.099,-1.972,-1.014,-0.996,-2.0,-2.999,-4.0,0.016,2.841,4.429,2.374,4.299,-1.003,1.0,-3.0,0.0,-1.0,0.0,1.048,1.995,1.003,-1.0,0.0,2.627,1.059,2.975,0.0,0.0,0.0,0.0,0.0,-1.0,0.0,0.0,-1.0,0.0,0.0,0.999,-1.0,0.0,0.0,0.999,0.003,0.559,0.998,-0.013,-2.0,0.003,1.992,-0.004,6.403,0.517,-0.992,-4.008,0.975,0.015,-3.005,1.507,0.31,1.994,-2.998,-4.999,-3.0,-2.006,-2.008,-1.498,1.356,1.981,3.615,-0.007,1.521,6.947,0.003,-3.003,-1.988,-0.007,-4.998,1.97,-3.876,-2.044,-1.833,0.016,-2.003,0.038,2.997,0.997,0.0,0.0,0.0,0.0,0.0,0.0,0.0,0.0,0.0,0.0
BtcGF,BTCUSDc,34,6.414,12.828,3,0.4657,56.35,373,33.244,1,15,240,0.015,2.1,1.75,0.0,0.5,16385,1,5.6,2,1,0,0,0.0,3,13.098,-0.27,8.805,4.344,-2.228,0.0,0.0,-1.199,2.87,-3.0,1.745,4.575,1.658,-2.159,-1.241,-3.0,0.802,4.236,1.624,-0.23,-2.238,-0.532,3.589,-0.784,1.597,-2.229,-1.235,1.942,-0.239,-3.251,-0.447,-1.223,-3.0,1.804,-3.0,1.608,-5.0,0.909,-2.0,2.22,-3.0,-3.0,-4.0,-2.0,-0.999,-1.0,10.186,6.009,-0.015,2.498,-3.0,0.0,-1.0,0.0,2.303,3.979,-1.0,-1.0,0.0,2.766,2.278,-1.0,0.0,0.0,0.0,0.0,0.0,-1.0,0.0,0.0,-1.0,0.0,0.0,1.749,-1.0,0.0,0.0,-1.0,-2.0,0.54,1.747,-2.0,-2.0,0.805,3.651,1.928,3.861,-1.911,2.354,0.026,4.173,1.006,-1.253,2.43,-2.259,1.496,-1.258,-5.0,-3.0,3.002,-2.217,-4.221,3.104,4.37,4.978,-4.0,0.574,0.961,2.095,-0.473,-1.232,1.505,-3.224,-1.25,-5.999,-3.0,0.594,-1.0,-4.999,1.021,6.299,-0.243,0.0,0.0,0.0,0.0,0.0,0.0,0.0,0.0,0.0,0.0
BtcGF,BTCUSDc,88,12.3233,36.97,2,0.656,91.17,390,24.359,1,15,240,0.015,2.1,2.0,0.0,0.5,16385,1,3.263,10,1,0,0,0.2,1,51.614,-14.644,10.868,34.594,-5.0,0.0,0.0,-4.0,0.785,-3.0,10.472,32.749,-2.0,-5.0,0.026,-4.0,-0.893,3.425,2.192,-0.892,-1.98,0.532,3.656,-0.373,5.044,-2.937,-0.983,9.049,-2.999,-3.001,-6.0,-0.966,-3.0,-6.999,-3.0,2.168,-5.0,-2.672,-2.0,0.723,-2.0,-3.0,-4.0,-2.0,-0.999,-1.0,1.948,4.003,0.596,3.022,-3.0,0.0,-1.0,0.0,3.36,4.654,-1.0,-1.0,0.0,3.787,2.656,-1.0,0.0,0.0,0.0,0.0,0.0,-1.0,0.0,0.0,-1.0,0.0,0.0,1.999,-1.0,0.0,0.0,-1.0,-2.0,1.096,1.997,-2.0,-2.0,1.155,4.638,2.611,-1.619,-1.381,16.212,-6.0,-2.995,1.186,-2.003,-2.84,-2.011,1.996,-4.002,-5.0,-3.0,6.384,-1.945,-3.926,4.037,5.256,-3.001,-4.0,1.094,1.592,3.099,-5.0,0.156,-1.006,-3.967,-0.979,-6.999,-3.0,0.531,-1.0,-4.999,-0.595,9.564,0.02,0.0,0.0,0.0,0.0,0.0,0.0,0.0,0.0,0.0,0.0
BtcGF,BTCUSDc,141,-1.3083,-3.925,2,-0.1404,0.0,430,45.814,1,15,180,0.015,2.1,1.0,0.0,0.5,16385,1,-6.364,0,1,0,0,0.6,2,-0.405,-3.52,2.842,3.822,-2.226,0.0,-0.992,1.87,1.275,0.767,0.997,-0.032,-2.0,-2.941,-2.004,-1.004,-0.008,2.006,0.843,0.174,-3.003,-1.545,-0.015,-0.001,1.488,-2.216,1.493,0.108,1.973,-4.0,-2.628,0.673,0.995,1.077,-0.94,-2.004,-1.58,1.076,-1.014,-0.994,-2.0,-3.0,-4.0,0.033,1.957,3.386,2.384,3.695,-1.003,1.0,-3.0,0.0,-1.0,0.0,1.085,1.998,1.003,-1.0,0.0,2.585,1.142,1.998,0.0,0.0,0.0,0.0,0.0,-1.0,0.0,0.0,-1.0,0.0,0.0,0.999,-1.0,0.0,0.0,0.999,0.003,-1.005,0.998,-0.013,-2.0,0.003,1.992,-0.004,5.746,-0.299,-0.992,-1.331,3.874,2.508,0.434,0.811,-0.298,1.994,-2.998,-5.0,-3.0,0.691,-2.008,-0.986,0.738,1.981,2.846,-0.007,0.948,5.707,0.009,-3.003,-1.987,-0.008,-4.998,1.97,-4.599,-2.044,-1.314,0.032,-2.003,0.096,3.001,0.997,0.0,0.0,0.0,0.0,0.0,0.0,0.0,0.0,0.0,0.0
BtcGF,BTCUSDc,83,0.042,0.126,2,0.0023,24415.08,383,25.0653,1,15,300,0.015,1.5,2.0,0.0,0.5,16385,1,-30.637,6,1,0,0,0.2,1,7.523,-7.397,3.022,33.089,-5.0,0.0,0.0,-3.999,1.656,1.501,10.472,-1.968,-2.0,-5.0,0.015,-4.0,-0.963,7.633,2.115,-0.948,1.752,-2.416,2.653,-4.0,2.444,1.943,-4.0,9.387,-2.999,-3.001,-6.0,-0.974,-3.0,-3.691,-0.739,-1.007,-5.0,1.336,-2.0,-1.573,-2.0,-3.0,-4.0,-2.0,-0.999,0.0,-2.0,4.003,0.16,3.018,-3.0,0.0,-1.0,0.0,2.318,4.059,-1.0,-1.0,0.0,-0.999,2.224,-1.0,0.0,0.0,0.0,0.0,0.0,-1.0,0.0,0.0,-1.0,0.0,0.0,1.999,-1.0,0.0,0.0,-1.0,-2.0,-0.008,1.997,-2.0,-2.0,1.055,4.185,10.461,-5.0,-1.825,16.173,-5.999,-2.996,2.049,-2.003,-2.918,-2.011,1.996,-3.002,-6.0,0.789,9.948,-1.978,-3.953,2.126,5.099,-2.001,-5.0,0.222,2.121,2.306,-5.0,0.065,-1.006,-3.98,-1.001,-6.0,-3.0,0.231,-1.0,-4.0,-0.847,9.292,0.016,0.0,0.0,0.0,0.0,0.0,0.0,0.0,0.0,0.0,0.0
BtcGF,BTCUSDc,118,13.679,27.358,3,0.6326,38.72,390,30.0,1,15,240,0.015,1.5,1.75,0.0,0.5,16385,1,16.766,9,1,0,0,0.4,3,12.794,14.564,7.944,10.767,-5.0,0.0,0.0,3.978,6.139,0.04,1.745,9.368,-2.0,-5.0,-0.245,-3.999,-1.234,4.9,1.582,-1.236,-2.242,-0.56,1.786,-0.838,0.722,6.701,-1.235,3.633,-3.0,-3.251,-6.0,-1.23,-3.0,-5.143,2.256,1.532,-4.0,-3.154,-2.0,-1.992,-2.0,-3.0,-4.0,-2.0,-0.999,0.0,4.192,9.223,-0.172,2.498,-3.0,0.0,-1.0,0.0,1.937,3.953,-1.0,-1.0,0.0,2.746,1.933,-1.0,0.0,0.0,0.0,0.0,0.0,-1.0,0.0,0.0,-1.0,0.0,0.0,1.749,-1.0,0.0,0.0,-1.0,-2.0,-0.257,1.747,-2.0,-2.0,0.772,3.569,1.928,6.289,-3.139,4.487,-0.938,5.356,2.755,-2.253,-3.195,-2.259,1.496,-1.51,-5.0,-3.0,2.852,-2.237,-4.228,3.048,4.3,8.142,-4.0,0.574,0.871,1.811,1.076,0.605,-1.255,-4.235,-1.26,-6.0,-3.0,11.628,-1.0,-4.0,0.86,6.116,4.048,0.0,0.0,0.0,0.0,0.0,0.0,0.0,0.0,0.0,0.0
BtcGF,BTCUSDc,132,49.1815,98.363,3,3.2894,78.51,385,25.1948,1,15,180,0.015,2.1,2.0,0.0,0.5,16385,1,21.135,16,1,0,0,0.4,1,96.857,1.506,9.211,14.541,-5.0,0.0,0.0,7.415,5.582,-3.0,5.783,8.208,-2.0,-5.0,-0.974,-3.0,-0.893,3.453,5.989,-0.892,-1.98,-6.0,3.656,-0.846,5.044,9.57,-0.945,5.505,-3.0,-3.001,-6.0,-0.966,-3.0,-2.929,-5.0,-1.007,-4.0,73.229,-2.0,0.723,-2.0,-3.0,-4.0,-2.0,-0.999,-1.0,0.29,4.003,0.596,3.022,-3.0,0.0,-1.0,0.0,3.36,8.454,-1.0,-1.0,0.0,-1.0,2.656,-1.0,0.0,0.0,0.0,0.0,0.0,-1.0,0.0,0.0,-1.0,0.0,0.0,1.999,-1.0,0.0,0.0,-1.0,-2.0,1.096,1.997,-2.0,-2.0,1.155,4.638,1.213,-0.972,-2.381,7.184,-5.999,-2.996,1.258,-2.003,-2.84,-2.011,1.996,-3.002,-5.0,-3.0,1.125,-1.945,11.875,7.004,5.256,10.267,-4.0,1.533,1.569,-0.241,-5.0,0.156,-1.005,-3.967,-0.979,-6.999,-3.0,0.53,-1.0,-4.999,-0.595,9.564,3.024,0.0,0.0,0.0,0.0,0.0,0.0,0.0,0.0,0.0,0.0
BtcGF,BTCUSDc,138,-1.6787,-5.036,2,-0.1796,0.0,430,45.814,1,15,180,0.015,1.8,1.0,0.0,0.5,16385,1,-7.475,0,1,0,0,0.6,2,-0.576,-4.46,2.842,3.813,-2.226,0.0,-0.995,1.87,1.275,0.767,0.997,-0.032,-2.0,-2.954,-2.004,-1.004,-0.008,2.006,0.839,0.174,-3.003,-1.545,-0.017,-0.001,1.488,-2.216,1.493,0.108,1.973,-4.0,-2.628,0.673,0.995,1.077,-0.94,-2.004,-1.619,1.069,-1.014,-0.996,-2.0,-3.0,-4.0,0.02,1.957,3.378,2.38,3.695,-1.003,1.0,-3.0,0.0,-1.0,0.0,1.055,1.998,1.003,-1.0,0.0,2.585,1.105,1.998,0.0,0.0,0.0,0.0,0.0,-1.0,0.0,0.0,-1.0,0.0,0.0,0.999,-1.0,0.0,0.0,0.999,0.003,-1.005,0.998,-0.013,-2.0,0.003,1.992,-0.004,5.746,-0.299,-0.992,-1.331,3.874,2.508,0.434,0.806,-0.298,1.994,-2.998,-5.0,-3.0,0.661,-2.008,-1.322,0.738,1.981,2.846,-0.007,0.948,5.692,0.004,-3.003,-1.988,-0.008,-4.998,1.97,-4.776,-2.044,-1.643,0.024,-2.003,0.062,3.001,0.997,0.0,0.0,0.0,0.0,0.0,0.0,0.0,0.0,0.0,0.0
BtcGF,BTCUSDc,137,1.7215,3.443,3,0.1443,70.84,430,46.7442,1,15,300,0.015,1.5,1.0,0.0,0.5,16385,1,1.004,0,1,0,0,0.6,2,4.268,-0.825,2.842,3.809,-2.226,0.0,-0.999,1.866,1.472,0.767,0.997,-0.034,-2.0,-2.966,-2.004,-1.004,-0.008,2.135,0.027,0.174,-2.006,-1.922,-0.017,-0.001,1.486,-2.368,2.151,0.293,2.157,-4.0,-2.628,0.673,0.995,1.258,2.272,-2.004,-1.629,1.066,-1.014,-0.996,-2.0,-3.0,-4.0,0.016,1.957,3.108,3.196,3.695,-1.003,1.0,-3.0,0.0,-1.0,0.0,1.048,1.995,1.003,-1.0,0.0,2.582,1.059,1.998,0.0,0.0,0.0,0.0,0.0,-1.0,0.0,0.0,-1.0,0.0,0.0,0.999,-1.0,0.0,0.0,0.999,0.003,0.927,0.998,-0.013,-2.0,0.003,1.992,-0.004,5.729,-0.299,-0.992,-1.331,3.874,2.476,0.434,0.806,-0.298,1.994,-2.002,-5.0,-0.768,0.186,-2.008,-0.761,0.0,1.981,2.278,-0.007,0.924,5.791,0.003,-3.003,-1.988,-0.008,-4.998,1.97,-4.88,-2.044,-1.833,0.016,-2.003,0.038,2.997,0.997,0.0,0.0,0.0,0.0,0.0,0.0,0.0,0.0,0.0,0.0
BtcGF,BTCUSDc,146,12.3315,24.663,3,1.0002,16.36,415,40.9639,1,15,300,0.015,1.5,1.25,0.0,0.5,16385,1,20.627,0,1,0,0,0.6,3,15.298,9.365,4.155,5.625,-1.648,0.0,0.0,0.691,2.613,-0.706,1.247,1.066,-2.0,-2.696,-1.755,-0.755,-1.753,3.205,0.545,1.183,-0.963,-1.327,0.758,1.325,0.91,-1.84,-0.68,0.944,0.149,-3.75,-1.627,-1.75,-0.754,3.642,0.989,-1.754,-0.294,2.859,-2.0,-1.469,-2.0,-3.0,-4.0,-2.0,3.052,4.342,4.731,5.04,-0.748,1.5,-3.0,0.0,-1.0,0.0,1.328,2.504,-1.0,-1.0,0.0,3.559,1.35,3.255,0.0,0.0,0.0,0.0,0.0,-1.0,0.0,0.0,-1.0,0.0,0.0,1.249,-1.0,0.0,0.0,1.252,-2.0,2.522,1.248,0.629,-2.0,0.256,2.503,0.764,9.555,0.924,-0.22,-3.76,7.626,4.245,2.282,-3.736,-2.757,0.497,-1.242,-5.0,-0.379,1.135,-2.753,-0.669,0.517,2.737,3.528,-0.508,2.68,-0.16,0.799,-2.753,-1.442,0.49,-4.747,-0.519,-3.495,-1.541,2.121,-0.755,-2.57,0.312,4.004,1.496,0.0,0.0,0.0,0.0,0.0,0.0,0.0,0.0,0.0,0.0
BtcGF,BTCUSDc,60,-0.0777,-0.233,2,-0.0067,0.0,418,35.4067,1,15,180,0.015,2.1,1.25,0.0,0.5,16385,1,-14.794,7,1,0,0,0.2,2,6.908,-7.141,4.365,15.782,-5.0,0.0,0.0,-2.734,2.002,-0.624,1.247,5.168,-2.0,-2.638,-1.755,-0.755,-1.753,3.079,4.979,3.235,-2.749,-3.76,0.794,0.502,-2.471,-3.757,-1.721,0.668,-0.262,-3.75,-4.757,-1.75,-0.754,14.459,-2.64,-1.754,-3.451,-1.432,-2.0,-1.408,-2.0,-3.0,-4.0,-2.0,-0.724,14.777,4.279,1.746,-0.748,1.5,-3.0,0.0,-1.0,0.0,1.395,0.263,-1.0,-1.0,0.0,0.294,1.521,-1.0,0.0,0.0,0.0,0.0,0.0,-1.0,0.0,0.0,-1.0,0.0,0.0,1.249,-1.0,0.0,0.0,1.252,-2.0,-0.503,1.248,1.743,-2.0,0.256,2.511,0.29,4.683,-2.717,-0.207,-3.76,9.103,1.189,-2.754,-3.732,-2.757,0.497,-2.477,-5.0,-3.0,-1.331,-2.753,-0.491,3.504,2.737,7.062,0.492,3.073,-0.282,1.232,-2.753,-1.409,0.49,-4.747,-0.516,-1.217,-1.541,1.037,-0.755,-4.999,0.404,4.012,1.496,0.0,0.0,0.0,0.0,0.0,0.0,0.0,0.0,0.0,0.0
BtcGF,BTCUSDc,103,2.813,5.626,3,0.1773,120.03,419,38.1862,1,15,240,0.015,1.8,1.25,0.0,0.5,16385,1,-1.127,5,1,0,0,0.4,3,16.8,-11.174,4.464,7.612,-5.0,0.0,0.0,1.831,2.806,-0.67,1.247,2.581,-2.0,-2.67,-0.755,1.398,-1.753,2.978,0.553,1.695,-2.749,-0.438,0.773,0.666,-2.475,0.593,-1.741,0.716,-3.0,-3.75,-4.757,-1.75,-0.754,5.357,2.077,-1.754,2.753,-1.445,-2.0,-1.446,-2.0,-3.0,-4.0,-2.0,4.498,6.218,4.641,5.94,-0.748,1.5,-3.0,0.0,-1.0,0.0,1.343,2.67,-1.0,-1.0,0.0,3.631,1.435,5.479,0.0,0.0,0.0,0.0,0.0,-1.0,0.0,0.0,-1.0,0.0,0.0,1.249,-1.0,0.0,0.0,1.252,-2.0,-0.502,1.248,0.908,-2.0,0.256,2.506,0.608,11.18,-2.723,-0.216,-3.76,4.832,0.915,-2.754,-3.733,-2.757,0.497,-1.237,-5.0,-3.0,-1.406,-2.753,-4.737,1.35,2.737,4.501,0.492,3.189,-0.288,0.882,-2.753,-1.428,0.491,-4.747,-0.516,-1.903,-1.541,-0.326,-0.755,-2.288,0.348,4.012,1.496,0.0,0.0,0.0,0.0,0.0,0.0,0.0,0.0,0.0,0.0
BtcGF,BTCUSDc,53,-4.9987,-14.996,2,-0.4595,0.0,435,42.2989,1,15,300,0.015,2.1,1.0,0.0,0.5,16385,1,-23.029,3,1,0,0,0.2,1,-6.71,-8.286,2.55,6.775,-5.0,0.0,-0.992,-0.993,1.472,-2.005,0.997,4.554,-2.0,-2.941,-0.012,-1.004,-0.008,2.135,0.036,0.711,-2.006,-1.922,-0.015,-0.001,-0.992,-1.373,-0.598,0.293,6.171,-4.0,-5.005,-2.0,0.995,5.036,2.357,-2.004,-3.497,-1.963,-1.014,-0.994,-2.0,-3.0,-4.0,0.033,-0.993,8.709,-0.005,0.996,-1.003,1.0,-3.0,0.0,-1.0,0.0,1.085,1.998,1.003,-1.0,0.0,2.582,1.142,-1.0,0.0,0.0,0.0,0.0,0.0,-1.0,0.0,0.0,-1.0,0.0,0.0,0.999,-1.0,0.0,0.0,0.999,0.003,-1.005,0.998,-0.013,-2.0,0.003,1.992,-0.004,2.977,-2.997,-0.992,-4.008,0.975,-0.017,-3.005,3.631,2.433,1.994,-2.002,-5.0,-0.767,0.242,-2.008,-4.997,0.0,1.981,2.278,-0.007,3.493,11.384,0.009,-3.003,-1.987,-0.008,-4.998,1.97,-3.595,-2.044,-1.313,0.032,-2.003,0.096,3.001,0.997,0.0,0.0,0.0,0.0,0.0,0.0,0.0,0.0,0.0,0.0
BtcGF,BTCUSDc,96,-5.172,-7.758,4,-0.2716,0.0,432,43.9815,1,15,180,0.015,2.1,1.0,0.0,0.5,16385,1,-11.668,0,1,0,0,0.4,3,2.906,-10.664,2.773,4.569,-1.528,0.0,-0.992,2.698,1.275,-2.005,0.997,0.885,-2.0,-2.941,0.851,-1.004,-0.008,2.006,1.598,0.308,-3.003,-4.01,-0.015,-0.001,-0.992,-0.545,1.864,0.108,2.675,-4.0,-5.005,1.212,0.995,2.316,-0.94,-2.004,-0.09,-1.962,-1.014,-0.994,-2.0,-3.0,-4.0,0.033,2.841,4.445,2.384,4.299,-1.003,1.0,-3.0,0.0,-1.0,0.0,1.085,1.998,1.003,-1.0,0.0,2.627,1.142,2.975,0.0,0.0,0.0,0.0,0.0,-1.0,0.0,0.0,-1.0,0.0,0.0,0.999,-1.0,0.0,0.0,0.999,0.003,-1.005,0.998,-0.013,-2.0,0.003,1.992,-0.004,6.403,0.517,-0.992,-4.008,0.975,0.015,-3.005,1.512,0.31,1.994,-2.998,-5.0,-3.0,-1.951,-2.008,-0.986,1.356,1.981,3.615,-0.007,1.521,6.966,0.009,-3.003,-1.987,-0.007,-4.998,1.97,-3.595,-2.044,-1.314,0.032,-2.003,0.096,3.001,0.997,0.0,0.0,0.0,0.0,0.0,0.0,0.0,0.0,0.0,0.0
BtcGF,BTCUSDc,15,-2.7283,-8.185,2,-0.2369,0.0,406,40.1478,1,15,180,0.015,2.1,1.25,0.0,0.5,16385,1,-18.586,2,1,0,0,0.0,2,-1.278,-6.907,4.365,3.83,-2.754,0.0,0.0,-0.459,4.571,-3.0,1.247,-1.731,-0.726,-0.348,-1.755,-0.755,-1.753,3.079,7.203,0.5,-2.749,-1.515,0.794,0.502,-0.211,-2.747,-1.721,0.668,-0.263,-3.75,-0.257,-1.75,-0.754,3.415,-2.64,-1.754,-5.0,-0.409,-2.0,1.591,-3.0,-3.0,-4.0,-2.0,1.543,11.708,4.279,4.003,-0.748,1.5,-3.0,0.0,-1.0,0.0,1.395,0.263,-1.0,-1.0,0.0,0.294,1.521,1.313,0.0,0.0,0.0,0.0,0.0,-1.0,0.0,0.0,-1.0,0.0,0.0,1.249,-1.0,0.0,0.0,1.252,-2.0,-0.503,1.248,0.235,-2.0,0.256,2.511,0.29,6.947,-0.456,0.793,-1.518,4.309,3.467,-0.321,-3.732,-2.757,0.497,-1.477,-5.0,-3.0,0.926,-2.753,-0.491,3.504,2.737,-1.503,0.492,3.073,-0.282,1.232,-2.753,-2.749,0.49,-3.746,-0.516,-2.474,-2.801,-1.327,2.518,-4.999,0.404,4.012,1.496,0.0,0.0,0.0,0.0,0.0,0.0,0.0,0.0,0.0,0.0
BtcGF,BTCUSDc,12,-1.9183,-5.755,2,-0.1791,0.0,404,40.5941,1,15,180,0.015,1.8,1.25,0.0,0.5,16385,1,-16.156,2,1,0,0,0.0,2,1.789,-7.544,4.365,3.812,-2.754,0.0,0.0,-0.459,4.448,-3.0,1.247,-1.731,-0.73,-0.388,-1.755,-0.755,-1.753,2.986,7.179,0.5,-2.749,-1.515,0.773,0.502,-0.215,-2.747,-1.721,0.668,-0.263,-3.75,-0.257,-1.75,-0.754,3.372,-2.64,-1.754,-5.0,1.112,-2.0,1.554,-2.0,-3.0,-4.0,-2.0,1.543,11.695,4.086,4.003,-0.748,1.5,-3.0,0.0,-1.0,0.0,1.343,0.263,-1.0,-1.0,0.0,0.295,1.435,1.296,0.0,0.0,0.0,0.0,0.0,-1.0,0.0,0.0,-1.0,0.0,0.0,1.249,-1.0,0.0,0.0,1.252,-2.0,-0.503,1.248,0.235,-2.0,0.256,2.506,0.29,6.941,-0.464,0.784,-1.521,4.288,3.462,-0.388,-3.733,-2.757,0.497,-1.482,-5.0,-3.0,0.847,-2.753,-1.47,3.495,2.737,-1.503,0.492,3.073,-0.3,1.187,-2.753,-2.75,0.49,-3.747,-0.516,-3.16,-2.801,-1.374,2.515,-2.269,0.348,4.012,1.496,0.0,0.0,0.0,0.0,0.0,0.0,0.0,0.0,0.0,0.0
BtcGF,BTCUSDc,16,-2.457,-7.371,2,-0.2257,0.0,400,41.5,1,15,240,0.015,2.1,1.25,0.0,0.5,16385,1,-13.304,1,1,0,0,0.0,2,-2.149,-5.222,4.697,3.83,-2.754,0.0,0.0,-0.459,3.912,-3.0,1.247,0.556,-0.726,-0.348,-1.755,-0.755,0.247,2.264,2.789,0.5,-2.749,-0.438,0.794,0.666,-0.211,-2.747,-1.741,0.716,-0.745,-3.75,-0.257,-1.75,-0.754,3.62,-1.742,-1.754,-5.0,-0.409,-2.0,1.591,-3.0,-3.0,-4.0,-2.0,1.543,2.596,4.834,4.003,-0.748,1.5,-3.0,0.0,-1.0,0.0,1.395,2.67,-1.0,-1.0,0.0,3.639,1.521,1.313,0.0,0.0,0.0,0.0,0.0,-1.0,0.0,0.0,-1.0,0.0,0.0,1.249,-1.0,0.0,0.0,1.252,-2.0,-0.503,1.248,0.235,-2.0,0.256,2.511,0.608,6.375,-0.456,0.793,-1.518,4.309,3.193,-0.321,-0.467,-2.757,0.497,-0.481,-5.0,-3.0,0.966,-2.753,-4.737,1.359,2.737,2.423,0.492,5.477,-0.269,0.927,-2.753,-2.749,0.49,-3.746,-0.516,-2.474,-2.801,-1.749,2.518,-4.999,0.404,4.012,1.496,0.0,0.0,0.0,0.0,0.0,0.0,0.0,0.0,0.0,0.0
BtcGF,BTCUSDc,38,1.3807,2.071,4,0.0751,505.21,354,30.5085,1,15,300,0.015,1.5,2.0,0.0,0.5,16385,1,-8.392,2,1,0,0,0.0,3,2.367,-0.296,3.022,4.39,-1.967,0.0,0.0,0.629,1.656,-3.0,2.004,-0.967,-2.998,-1.936,0.015,-3.0,1.037,8.435,2.115,-2.0,1.752,-2.416,2.653,-4.0,2.444,-0.088,-3.999,11.37,0.043,-3.001,1.086,-0.974,-3.0,4.494,-0.739,-1.007,-5.0,3.103,-2.0,1.427,-2.0,-2.999,-4.0,-2.0,-0.999,0.0,-2.0,4.003,0.16,3.018,-3.0,0.0,-1.0,0.0,2.318,4.059,-1.0,-1.0,0.0,-0.999,2.224,-1.0,0.0,0.0,0.0,0.0,0.0,-1.0,0.0,0.0,-1.0,0.0,0.0,1.999,-1.0,0.0,0.0,-1.0,-2.0,-0.008,1.997,-2.0,-2.0,1.055,4.185,-2.0,1.056,-0.825,2.09,1.256,3.092,0.008,-1.003,1.122,-2.011,1.996,-2.0,-5.0,0.789,3.637,-1.978,-3.953,2.126,5.099,1.19,-5.0,0.222,2.121,2.306,-1.977,0.065,2.005,-2.98,-1.001,-6.0,-3.0,1.558,-1.0,-4.0,-0.847,9.292,3.02,0.0,0.0,0.0,0.0,0.0,0.0,0.0,0.0,0.0,0.0
BtcGF,BTCUSDc,29,-13.9515,-27.903,3,-0.6023,0.0,361,31.0249,1,15,300,0.015,1.5,1.75,0.0,0.5,16385,1,-34.514,2,1,0,0,0.0,1,-19.555,-8.348,2.509,3.736,-2.241,0.0,0.0,-0.591,0.863,-3.0,1.745,-1.223,0.054,-2.199,-0.245,-3.0,0.766,5.916,1.582,-2.0,0.771,-2.8,1.786,-4.0,0.722,-0.667,-3.999,7.106,-0.239,-3.251,-0.467,-1.23,-3.0,1.478,-1.057,-1.256,-5.0,2.127,-2.0,1.008,-2.0,-2.999,-4.0,-2.0,-0.999,0.0,-2.0,6.009,-0.172,2.498,-3.0,0.0,-1.0,0.0,1.937,3.533,-1.0,-1.0,0.0,-0.999,1.933,-1.0,0.0,0.0,0.0,0.0,0.0,-1.0,0.0,0.0,-1.0,0.0,0.0,1.749,-1.0,0.0,0.0,-1.0,-2.0,-0.257,1.747,-2.0,-2.0,0.772,3.569,-2.0,0.786,-1.139,1.32,-0.387,2.3,-1.257,-1.253,2.353,-2.259,1.496,-2.0,-5.0,0.4,2.448,-2.237,-4.227,1.582,4.3,0.624,-5.0,-0.319,1.387,1.684,-0.482,-1.237,1.501,-3.235,-1.26,-6.0,-3.0,7.699,-1.0,-4.0,0.86,6.116,2.508,0.0,0.0,0.0,0.0,0.0,0.0,0.0,0.0,0.0,0.0
BtcGF,BTCUSDc,169,24.6808,29.617,5,0.7721,33.33,390,30.5128,1,15,240,0.015,2.1,1.75,0.0,0.5,16385,1,19.745,8,1,0,0,0.6,3,11.452,18.165,6.826,7.668,1.136,0.0,0.0,1.294,4.745,-3.0,1.745,5.146,-2.0,-5.0,-1.241,-3.0,-1.198,1.742,1.624,-1.23,-2.238,-0.721,3.589,-0.784,1.597,1.256,-1.235,2.956,1.646,-3.251,-1.361,-1.223,-3.0,3.879,-3.0,1.608,-4.0,-5.997,-2.0,-0.779,-2.0,-3.0,-4.0,-2.0,-0.999,-1.0,9.964,7.73,-0.015,2.498,-3.0,0.0,-1.0,0.0,2.303,3.979,-1.0,-1.0,0.0,2.766,2.278,-1.0,0.0,0.0,0.0,0.0,0.0,-1.0,0.0,0.0,-1.0,0.0,0.0,1.749,-1.0,0.0,0.0,-1.0,-2.0,0.54,1.747,-2.0,-2.0,0.805,3.651,1.928,4.179,-2.909,3.101,-1.879,10.538,2.759,-2.253,-3.149,-2.259,1.496,-1.51,-5.0,-3.0,2.006,-2.217,5.872,3.104,4.37,3.915,-4.0,0.574,0.961,2.095,0.461,0.661,3.891,-4.225,-1.25,-5.999,-3.0,3.409,-1.0,-4.999,1.021,6.299,3.431,0.0,0.0,0.0,0.0,0.0,0.0,0.0,0.0,0.0,0.0
BtcGF,BTCUSDc,59,-0.7423,-2.227,2,-0.0704,0.0,421,35.6295,1,15,300,0.015,1.8,1.25,0.0,0.5,16385,1,-16.788,6,1,0,0,0.2,2,11.793,-14.02,1.481,15.764,-5.0,0.0,0.0,-2.734,-0.478,-0.67,1.247,8.827,-2.0,-2.67,-0.755,0.755,-1.753,3.269,0.553,3.235,-0.964,-1.327,0.773,3.768,-2.475,-0.597,-4.0,0.946,-2.999,-3.75,-4.757,-1.75,-0.754,12.173,1.057,-1.754,-3.068,-1.446,-2.0,-1.446,-2.0,-3.0,-4.0,-2.0,-0.724,14.764,0.704,1.746,-0.748,1.5,-3.0,0.0,-1.0,0.0,1.343,2.509,-1.0,-1.0,0.0,3.563,1.435,-1.0,0.0,0.0,0.0,0.0,0.0,-1.0,0.0,0.0,-1.0,0.0,0.0,1.249,-1.0,0.0,0.0,1.252,-2.0,-0.502,1.248,1.743,-2.0,0.256,2.506,2.242,-0.505,-2.723,-0.216,-3.76,9.096,0.74,-2.754,-3.733,-2.757,0.497,-1.237,-5.0,-0.377,1.198,-2.753,-4.736,0.525,2.737,-0.503,-0.508,6.674,-0.153,0.829,-2.753,-1.428,0.49,-4.747,-0.516,-1.903,-1.541,0.99,-0.755,-2.288,0.348,4.012,1.496,0.0,0.0,0.0,0.0,0.0,0.0,0.0,0.0,0.0,0.0
BtcGF,BTCUSDc,91,-2.957,-5.914,3,-0.2163,0.0,432,44.4444,1,15,240,0.015,1.5,1.0,0.0,0.5,16385,1,-9.815,0,1,0,0,0.4,2,6.842,-12.756,2.741,4.556,-1.528,0.0,-0.999,2.694,1.2,-2.005,0.997,0.883,-2.0,-2.966,0.2,-1.004,-0.008,2.006,0.027,0.308,-3.003,-1.479,-0.017,-0.001,-0.994,-0.545,1.85,0.14,3.159,-4.0,-5.005,1.212,0.995,2.367,3.106,-2.004,-0.099,-1.972,-1.014,-0.996,-2.0,-3.0,-4.0,0.016,2.841,4.167,3.011,4.299,-1.003,1.0,-3.0,0.0,-1.0,0.0,1.048,1.995,1.003,-1.0,0.0,2.629,1.059,2.975,0.0,0.0,0.0,0.0,0.0,-1.0,0.0,0.0,-1.0,0.0,0.0,0.999,-1.0,0.0,0.0,0.999,0.003,0.676,0.998,-0.013,-2.0,0.003,1.992,-0.004,6.386,0.517,-0.992,-4.008,0.975,-0.004,-3.005,1.507,0.31,1.994,-2.002,-5.0,-3.0,-2.006,-2.008,-4.997,0.525,1.981,3.615,-0.007,1.455,7.086,0.003,-3.003,-1.988,-0.007,-4.998,1.97,-3.876,-2.044,-1.833,0.016,-2.003,0.038,2.997,0.997,0.0,0.0,0.0,0.0,0.0,0.0,0.0,0.0,0.0,0.0
BtcGF,BTCUSDc,142,-1.082,-2.164,3,-0.0785,0.0,430,46.0465,1,15,240,0.015,2.1,1.0,0.0,0.5,16385,1,-4.69,0,1,0,0,0.6,2,-0.793,-1.371,2.842,3.822,-2.226,0.0,-0.992,1.87,1.2,0.767,0.997,-0.032,-2.0,-2.941,-2.004,-1.004,-0.008,2.006,0.036,0.174,-3.003,-1.545,-0.015,-0.001,1.488,-2.216,1.479,0.14,2.157,-4.0,-2.628,0.673,0.995,1.128,0.002,-2.004,-1.58,1.076,-1.014,-0.994,-2.0,-3.0,-4.0,0.033,1.957,3.124,2.901,3.695,-1.003,1.0,-3.0,0.0,-1.0,0.0,1.085,1.998,1.003,-1.0,0.0,2.629,1.142,1.998,0.0,0.0,0.0,0.0,0.0,-1.0,0.0,0.0,-1.0,0.0,0.0,0.999,-1.0,0.0,0.0,0.999,0.003,-1.005,0.998,-0.013,-2.0,0.003,1.992,-0.004,5.729,-0.299,-0.992,-1.331,3.874,2.489,0.434,0.811,-0.298,1.994,-2.002,-5.0,-3.0,0.649,-2.008,-0.471,0.525,1.981,2.846,-0.007,0.869,5.715,0.009,-3.003,-1.987,-0.008,-4.998,1.97,-4.599,-2.044,-1.314,0.032,-2.003,0.096,3.001,0.997,0.0,0.0,0.0,0.0,0.0,0.0,0.0,0.0,0.0,0.0
BtcGF,BTCUSDc,139,-0.0795,-0.159,3,-0.0065,0.0,430,46.2791,1,15,240,0.015,1.8,1.0,0.0,0.5,16385,1,-2.598,0,1,0,0,0.6,3,2.143,-2.302,2.842,3.813,-2.226,0.0,-0.995,1.87,1.2,0.767,0.997,-0.032,-2.0,-2.954,-2.004,-1.004,-0.008,2.006,0.032,0.174,-3.003,-1.545,-0.017,-0.001,1.488,-2.216,1.479,0.14,2.157,-4.0,-2.628,0.673,0.995,1.128,3.109,-2.004,-1.619,1.069,-1.014,-0.996,-2.0,-3.0,-4.0,0.02,1.957,3.116,2.897,3.695,-1.003,1.0,-3.0,0.0,-1.0,0.0,1.055,1.998,1.003,-1.0,0.0,2.629,1.105,1.998,0.0,0.0,0.0,0.0,0.0,-1.0,0.0,0.0,-1.0,0.0,0.0,0.999,-1.0,0.0,0.0,0.999,0.003,-1.004,0.998,-0.013,-2.0,0.003,1.992,-0.004,5.729,-0.299,-0.992,-1.331,3.874,2.489,0.434,0.806,-0.298,1.994,-2.002,-5.0,-3.0,0.619,-2.008,-0.799,0.525,1.981,2.846,-0.007,0.869,5.7,0.004,-3.003,-1.988,-0.008,-4.998,1.97,-4.776,-2.044,-1.643,0.024,-2.003,0.062,3.001,0.997,0.0,0.0,0.0,0.0,0.0,0.0,0.0,0.0,0.0,0.0
BtcGF,BTCUSDc,151,5.7185,11.437,3,0.3789,37.41,415,39.759,1,15,240,0.015,2.1,1.25,0.0,0.5,16385,1,7.158,0,1,0,0,0.6,3,8.917,2.52,4.155,5.651,-1.648,0.0,0.0,0.697,2.182,-0.624,1.247,1.071,-2.0,-2.638,-1.755,-0.755,-1.753,3.071,0.565,1.183,-2.749,-0.569,0.794,0.666,0.919,-1.622,-1.741,0.716,0.149,-3.75,-1.627,-1.75,-0.754,3.209,-1.742,-1.754,0.029,2.88,-2.0,-1.408,-2.0,-3.0,-4.0,-2.0,3.052,4.367,4.681,5.04,-0.748,1.5,-3.0,0.0,-1.0,0.0,1.395,2.67,-1.0,-1.0,0.0,3.639,1.521,3.255,0.0,0.0,0.0,0.0,0.0,-1.0,0.0,0.0,-1.0,0.0,0.0,1.249,-1.0,0.0,0.0,1.252,-2.0,-0.503,1.248,0.629,-2.0,0.256,2.511,0.608,8.918,0.937,-0.207,-3.76,7.633,4.42,2.282,-3.732,-2.757,0.497,-1.232,-5.0,-3.0,2.084,-2.753,0.279,1.359,2.737,2.528,0.492,2.396,-0.269,0.927,-2.753,-1.409,0.49,-4.747,-0.516,-2.474,-1.541,-0.717,-0.755,-4.999,0.404,4.012,1.496,0.0,0.0,0.0,0.0,0.0,0.0,0.0,0.0,0.0,0.0
BtcGF,BTCUSDc,133,6.681,20.043,2,0.362,70.52,389,25.4499,1,15,240,0.015,2.1,2.0,0.0,0.5,16385,1,5.909,13,1,0,0,0.4,1,34.701,-14.658,9.705,14.541,-5.0,0.0,0.0,7.415,7.964,-3.0,5.783,13.176,-2.0,-5.0,0.026,-4.0,-0.893,3.425,2.192,-0.892,-1.98,0.532,3.656,-0.373,5.044,9.57,-0.983,5.512,-3.0,-3.001,-6.0,-0.966,-3.0,-6.999,-3.0,2.168,-4.0,-2.67,-2.0,0.723,-2.0,-3.0,-4.0,-2.0,-0.999,-1.0,1.948,4.003,0.596,3.022,-3.0,0.0,-1.0,0.0,3.36,4.654,-1.0,-1.0,0.0,3.787,2.656,-1.0,0.0,0.0,0.0,0.0,0.0,-1.0,0.0,0.0,-1.0,0.0,0.0,1.999,-1.0,0.0,0.0,-1.0,-2.0,1.096,1.997,-2.0,-2.0,1.155,4.638,2.611,-0.619,-2.381,7.184,-6.0,-2.996,1.186,-2.003,-2.84,-2.011,1.996,-4.002,-5.0,-3.0,1.125,-1.945,-3.926,4.037,5.256,11.273,-4.0,1.094,1.592,3.099,-5.0,0.156,-1.005,-3.967,-0.979,-6.999,-3.0,0.53,-1.0,-4.999,-0.595,9.564,0.02,0.0,0.0,0.0,0.0,0.0,0.0,0.0,0.0,0.0,0.0
BtcGF,BTCUSDc,105,-1.644,-3.288,3,-0.091,0.0,417,37.1703,1,15,180,0.015,2.1,1.25,0.0,0.5,16385,1,-10.051,4,1,0,0,0.4,3,8.972,-12.26,4.365,7.63,-5.0,0.0,0.0,1.831,2.002,-0.624,1.247,2.581,-2.0,-2.638,-1.755,-0.755,-1.753,3.079,2.686,1.695,-2.749,-3.76,0.794,0.502,-2.471,0.593,-1.721,0.668,-0.263,-3.75,-4.757,-1.75,-0.754,5.189,-2.64,-1.754,2.763,-1.431,-2.0,-1.408,-2.0,-3.0,-4.0,-2.0,4.498,6.231,4.279,5.94,-0.748,1.5,-3.0,0.0,-1.0,0.0,1.395,3.691,-1.0,-1.0,0.0,0.294,1.521,5.479,0.0,0.0,0.0,0.0,0.0,-1.0,0.0,0.0,-1.0,0.0,0.0,1.249,-1.0,0.0,0.0,1.252,-2.0,-0.503,1.248,0.908,-2.0,0.256,2.511,0.29,9.456,-2.717,-0.207,-3.76,4.839,1.189,-2.754,-3.732,-2.757,0.497,-2.477,-5.0,-3.0,-1.331,-2.753,-0.491,2.72,2.737,4.4,0.492,3.041,-0.282,1.232,-2.753,-1.409,0.491,-4.747,-0.516,-1.217,-1.541,-0.279,-0.755,-4.999,0.404,4.012,1.496,0.0,0.0,0.0,0.0,0.0,0.0,0.0,0.0,0.0,0.0
BtcGF,BTCUSDc,152,11.2105,22.421,3,0.9151,19.08,417,40.5276,1,15,300,0.015,2.1,1.25,0.0,0.5,16385,1,18.142,0,1,0,0,0.6,3,18.918,3.503,4.155,5.651,-1.648,0.0,0.0,0.697,2.613,-0.624,1.247,1.071,-2.0,-2.638,-1.755,-0.755,-1.753,3.362,0.565,1.183,-0.961,-1.327,0.794,1.325,0.919,-1.84,1.289,0.946,0.149,-3.75,-1.627,-1.75,-0.754,3.73,1.16,-1.754,0.029,2.88,-2.0,-1.408,-2.0,-3.0,-4.0,-2.0,3.052,4.367,5.035,5.04,-0.748,1.5,-3.0,0.0,-1.0,0.0,1.395,2.509,-1.0,-1.0,0.0,3.571,1.521,3.255,0.0,0.0,0.0,0.0,0.0,-1.0,0.0,0.0,-1.0,0.0,0.0,1.249,-1.0,0.0,0.0,1.252,-2.0,-0.503,1.248,0.629,-2.0,0.256,2.511,0.764,9.555,0.937,-0.207,-3.76,7.633,4.245,2.282,-3.732,-2.757,0.497,-1.232,-5.0,-0.375,1.277,-2.753,0.279,0.54,2.737,3.528,-0.508,2.68,-0.134,0.874,-2.753,-1.409,0.49,-4.747,-0.516,-2.474,-1.541,-0.717,-0.755,-4.999,0.404,4.012,1.496,0.0,0.0,0.0,0.0,0.0,0.0,0.0,0.0,0.0,0.0
BtcGF,BTCUSDc,14,29.7055,59.411,3,2.1156,109.69,396,41.4141,1,15,300,0.015,1.8,1.25,0.0,0.5,16385,1,-5.755,2,1,0,0,0.0,2,-5.542,64.953,1.481,3.812,-2.754,0.0,0.0,-0.459,1.968,-3.0,1.247,0.547,-0.73,-0.388,-0.754,-0.755,0.247,3.054,2.765,0.5,-0.964,-1.327,0.773,0.502,-0.215,-1.84,-1.758,0.946,-0.745,-3.75,-0.257,-1.75,-0.754,1.123,1.057,-1.754,-5.0,1.112,-2.0,1.554,-2.0,-3.0,-4.0,-2.0,1.543,2.576,0.704,4.003,-0.748,1.5,-3.0,0.0,-1.0,0.0,1.343,2.509,-1.0,-1.0,0.0,3.563,1.435,1.296,0.0,0.0,0.0,0.0,0.0,-1.0,0.0,0.0,-1.0,0.0,0.0,1.249,-1.0,0.0,0.0,1.252,-2.0,-0.502,1.248,2.668,-2.0,0.256,2.506,-2.0,4.008,-0.464,-0.216,-1.521,4.288,1.753,-0.388,-0.468,-2.757,0.497,-0.731,6.554,-0.377,3.481,-2.753,-4.736,0.525,2.737,1.802,-0.508,64.777,-0.153,0.829,-2.753,-2.75,0.49,-3.747,-0.516,-3.16,-2.801,-1.749,2.515,-2.288,0.348,4.012,1.496,0.0,0.0,0.0,0.0,0.0,0.0,0.0,0.0,0.0,0.0
BtcGF,BTCUSDc,13,-0.0365,-0.073,3,-0.0028,0.0,398,42.2111,1,15,240,0.015,1.8,1.25,0.0,0.5,16385,1,-6.006,1,1,0,0,0.0,3,2.485,-2.558,4.697,3.812,-2.754,0.0,0.0,-0.459,3.789,-3.0,1.247,0.547,-0.73,-0.388,-1.755,-0.755,0.247,2.257,2.765,0.5,-2.749,-0.438,0.773,0.666,-0.215,-2.747,-1.741,0.716,-0.745,-3.75,-0.257,-1.75,-0.754,3.577,2.077,-1.754,-5.0,1.112,-2.0,1.554,-2.0,-3.0,-4.0,-2.0,1.543,2.576,4.641,4.003,-0.748,1.5,-3.0,0.0,-1.0,0.0,1.343,2.67,-1.0,-1.0,0.0,3.631,1.435,1.296,0.0,0.0,0.0,0.0,0.0,-1.0,0.0,0.0,-1.0,0.0,0.0,1.249,-1.0,0.0,0.0,1.252,-2.0,-0.502,1.248,0.235,-2.0,0.256,2.506,0.608,6.369,-0.464,0.784,-1.521,4.288,3.188,-0.388,-0.468,-2.757,0.497,-0.486,-5.0,-3.0,0.877,-2.753,-4.737,1.35,2.737,2.414,0.492,5.477,-0.288,0.882,-2.753,-2.75,0.49,-3.747,-0.516,-3.16,-2.801,-1.749,2.515,-2.288,0.348,4.012,1.496,0.0,0.0,0.0,0.0,0.0,0.0,0.0,0.0,0.0,0.0
BtcGF,BTCUSDc,69,0.6955,1.391,3,0.0268,1371.24,404,29.9505,1,15,180,0.015,2.1,1.5,0.0,0.5,16385,1,-17.683,11,1,0,0,0.2,2,-15.442,16.833,5.985,20.786,-5.0,0.0,0.0,-4.0,3.518,-3.0,1.496,7.602,-2.0,-5.0,-1.504,-3.0,-1.508,4.175,6.672,5.768,-2.497,-3.51,1.86,-1.487,-0.655,-3.483,-1.462,2.18,0.258,-3.5,-6.0,-1.5,-0.505,-2.783,-5.0,-1.505,-5.0,-0.511,-2.0,-0.785,-2.0,-3.0,-4.0,-2.0,-0.999,-1.0,6.288,2.497,-0.456,2.0,-3.0,0.0,-1.0,0.0,1.704,0.52,-1.0,-1.0,0.0,-1.0,1.899,-1.0,0.0,0.0,0.0,0.0,0.0,-1.0,0.0,0.0,-1.0,0.0,0.0,1.499,-1.0,0.0,0.0,1.505,-2.0,0.015,1.498,-2.0,-2.0,0.508,3.073,0.59,14.526,-2.286,3.184,-2.302,7.196,2.343,-2.503,-3.456,-2.508,0.996,-3.502,-5.0,-3.0,4.587,-2.488,1.201,5.105,3.543,8.47,-1.507,4.625,0.328,2.326,-2.504,-0.879,-1.505,-4.495,-2.509,-6.999,-1.497,3.851,-1.0,-4.999,0.711,5.097,1.995,0.0,0.0,0.0,0.0,0.0,0.0,0.0,0.0,0.0,0.0
BtcGF,BTCUSDc,92,-3.198,-4.797,4,-0.178,0.0,433,44.8037,1,15,300,0.015,1.5,1.0,0.0,0.5,16385,1,-8.698,0,1,0,0,0.4,4,5.849,-10.646,2.741,4.556,-1.528,0.0,-0.999,2.694,1.472,-2.005,0.997,0.883,-2.0,-2.966,-0.021,-1.004,-0.008,2.135,0.027,0.308,-2.006,-1.922,-0.017,-0.001,-0.994,-1.373,-0.598,0.293,3.159,-4.0,-5.005,1.212,0.995,2.63,2.272,-2.004,-0.099,-1.972,-1.014,-0.996,-2.0,-2.999,-4.0,0.016,2.841,4.167,4.024,4.299,-1.003,1.0,-3.0,0.0,-1.0,0.0,1.048,1.995,1.003,-1.0,0.0,2.582,1.059,2.975,0.0,0.0,0.0,0.0,0.0,-1.0,0.0,0.0,-1.0,0.0,0.0,0.999,-1.0,0.0,0.0,0.999,0.003,0.927,0.998,-0.013,-2.0,0.003,1.992,-0.004,6.386,0.517,-0.992,-4.008,0.975,-0.017,-3.005,1.507,0.31,1.994,-2.002,-5.0,-0.768,0.186,-2.008,-4.997,0.0,1.981,2.278,-0.007,1.67,7.181,0.003,-3.003,-1.988,-0.007,-4.998,1.97,-3.876,-2.044,-1.833,0.016,-2.003,0.038,2.997,0.997,0.0,0.0,0.0,0.0,0.0,0.0,0.0,0.0,0.0,0.0
BtcGF,BTCUSDc,165,6.1705,12.341,3,0.3467,82.51,390,29.7436,1,15,180,0.015,1.8,1.75,0.0,0.5,16385,1,2.158,8,1,0,0,0.6,2,8.015,4.326,6.823,7.269,1.136,0.0,0.0,1.294,4.284,-3.0,1.745,3.823,-2.0,-5.0,-1.245,-3.0,-1.216,5.811,3.275,-1.233,-2.238,-6.0,2.341,-1.181,1.031,1.256,-1.203,2.936,0.777,-3.251,-1.361,-1.223,-3.0,3.812,-5.0,-1.256,-4.0,5.184,-2.0,-1.612,-2.0,-3.0,-4.0,-2.0,-0.999,-1.0,7.779,7.73,-0.113,2.498,-3.0,0.0,-1.0,0.0,2.062,5.435,-1.0,-1.0,0.0,-1.0,2.096,-1.0,0.0,0.0,0.0,0.0,0.0,-1.0,0.0,0.0,-1.0,0.0,0.0,1.749,-1.0,0.0,0.0,-1.0,-2.0,0.527,1.747,-2.0,-2.0,0.791,3.608,0.89,2.776,-3.034,3.081,-1.879,10.513,3.509,-2.253,-3.172,-2.259,1.496,-3.252,-5.0,-3.0,1.706,-2.222,0.861,4.241,4.326,3.56,-4.0,0.921,0.913,-1.01,-0.016,0.628,3.891,-4.23,-1.25,-6.0,-3.0,3.289,-1.0,-5.0,0.924,6.197,2.508,0.0,0.0,0.0,0.0,0.0,0.0,0.0,0.0,0.0,0.0
BtcGF,BTCUSDc,71,-5.8045,-11.609,3,-0.2604,0.0,408,29.6569,1,15,300,0.015,2.1,1.5,0.0,0.5,16385,1,-30.683,9,1,0,0,0.2,2,-16.635,5.026,2.007,20.786,-5.0,0.0,0.0,-4.0,0.567,-3.0,1.496,-2.473,-2.0,-5.0,-0.504,-0.997,-1.508,4.564,1.095,5.768,-0.093,-0.638,1.86,8.615,-0.655,0.269,-1.497,2.544,-2.999,-3.5,-6.0,-1.5,-0.505,-5.296,-1.113,-1.505,-5.0,-0.038,-2.0,-0.785,-2.0,-3.0,-4.0,-2.0,-0.999,-1.0,2.237,2.497,-0.456,2.0,-3.0,0.0,-1.0,0.0,1.704,3.018,-1.0,-1.0,0.0,-0.999,1.899,-1.0,0.0,0.0,0.0,0.0,0.0,-1.0,0.0,0.0,-1.0,0.0,0.0,1.499,-1.0,0.0,0.0,1.505,-2.0,0.015,1.498,-2.0,-2.0,0.508,3.073,4.753,8.55,-2.286,3.184,-0.9,7.196,1.497,-2.503,-3.456,-2.508,0.996,-2.009,-5.0,0.017,7.592,-2.488,-4.479,1.109,3.543,-2.5,-2.507,9.876,0.72,1.763,-2.504,-0.879,-1.505,-4.495,-2.509,-6.999,-1.497,3.851,-1.0,-4.999,0.711,5.097,1.995,0.0,0.0,0.0,0.0,0.0,0.0,0.0,0.0,0.0,0.0
BtcGF,BTCUSDc,55,1.9195,3.839,3,0.117,379.29,419,36.2768,1,15,240,0.015,1.5,1.25,0.0,0.5,16385,1,-10.722,6,1,0,0,0.2,2,17.894,-14.055,4.697,15.756,-5.0,0.0,0.0,-2.74,-0.909,-0.706,1.247,8.822,-2.0,-2.696,-0.755,1.396,-1.753,2.914,0.545,3.235,-2.749,-0.438,0.758,0.666,-2.48,-3.757,-1.741,0.714,-2.999,-3.75,-4.757,-1.75,-0.754,14.576,2.072,-1.754,-2.125,-1.453,-2.0,-1.469,-2.0,-3.0,-4.0,-2.0,-0.724,14.752,4.535,1.746,-0.748,1.5,-3.0,0.0,-1.0,0.0,1.328,2.665,-1.0,-1.0,0.0,3.627,1.35,-1.0,0.0,0.0,0.0,0.0,0.0,-1.0,0.0,0.0,-1.0,0.0,0.0,1.249,-1.0,0.0,0.0,1.252,-2.0,2.134,1.248,1.743,-2.0,0.256,2.503,0.608,1.856,-2.73,-0.22,-3.76,9.096,0.915,-2.754,-3.736,-2.757,0.497,-1.242,-5.0,-3.0,-1.469,-2.753,-4.739,1.348,2.737,-1.503,0.492,5.474,-0.295,0.855,-2.753,-1.442,0.49,-4.747,-0.519,-2.238,-1.541,3.875,-0.755,-2.542,0.312,4.004,1.496,0.0,0.0,0.0,0.0,0.0,0.0,0.0,0.0,0.0,0.0
BtcGF,BTCUSDc,80,-7.341,-14.682,3,-0.2432,0.0,399,26.5664,1,15,300,0.015,2.1,1.75,0.0,0.5,16385,1,-39.601,9,1,0,0,0.2,1,-20.717,6.035,2.517,27.461,-5.0,0.0,0.0,-4.0,0.863,-3.0,1.745,-2.216,-2.0,-5.0,-0.241,-4.0,-1.198,1.975,1.624,-1.23,0.783,-2.658,3.589,-4.0,1.597,1.123,-0.875,5.994,-2.999,-3.251,-6.0,-1.223,-3.0,-4.99,-0.627,-1.256,-5.0,0.754,-2.0,-0.779,-2.0,-3.0,-4.0,-2.0,-0.999,-1.0,4.18,3.247,-0.015,2.498,-3.0,0.0,-1.0,0.0,2.303,3.559,-1.0,-1.0,0.0,-0.999,2.278,-1.0,0.0,0.0,0.0,0.0,0.0,-1.0,0.0,0.0,-1.0,0.0,0.0,1.749,-1.0,0.0,0.0,-1.0,-2.0,0.54,1.747,-2.0,-2.0,0.805,3.651,7.264,-5.0,-1.911,9.905,1.895,-1.431,2.277,-2.253,-3.149,-2.259,1.496,-1.51,-5.0,0.41,7.449,-2.217,-4.221,1.685,4.37,-2.25,-5.0,-0.319,1.477,1.977,2.954,0.661,-1.256,-4.225,-1.25,-6.999,-3.0,8.502,-1.0,-4.999,1.021,6.299,5.899,0.0,0.0,0.0,0.0,0.0,0.0,0.0,0.0,0.0,0.0
BtcGF,BTCUSDc,161,10.8125,21.625,3,0.7796,30.4,403,34.2432,1,15,300,0.015,2.1,1.5,0.0,0.5,16385,1,15.051,3,1,0,0,0.6,2,3.434,18.191,5.498,5.825,0.078,0.0,0.0,0.0,4.428,-3.0,1.496,2.973,-2.0,-5.0,-1.504,-3.0,-1.508,4.564,1.095,2.202,-0.093,-0.638,1.86,0.377,-0.655,-1.248,2.394,1.839,0.898,-3.5,-2.115,-1.5,-0.505,0.544,-1.113,-1.505,-4.0,4.156,-2.0,-0.785,-2.0,-3.0,-4.0,-2.0,-0.999,-1.0,7.324,6.385,-0.456,2.0,-3.0,0.0,-1.0,0.0,1.704,3.018,-1.0,-1.0,0.0,-0.999,1.899,-1.0,0.0,0.0,0.0,0.0,0.0,-1.0,0.0,0.0,-1.0,0.0,0.0,1.499,-1.0,0.0,0.0,1.505,-2.0,0.015,1.498,-2.0,-2.0,0.508,3.073,1.601,12.673,-2.285,1.266,-2.811,13.328,5.929,-2.503,-3.456,-2.508,0.996,-2.009,-5.0,0.017,3.71,-2.488,2.226,1.109,3.543,2.768,-2.507,4.553,0.72,1.763,-2.504,-0.879,2.109,-4.495,-2.509,-5.999,-1.497,0.428,-1.0,-4.999,0.711,5.097,1.995,0.0,0.0,0.0,0.0,0.0,0.0,0.0,0.0,0.0,0.0
BtcGF,BTCUSDc,20,36.9375,73.875,3,2.0075,117.66,381,35.4331,1,15,300,0.015,1.5,1.5,0.0,0.5,16385,1,-13.045,2,1,0,0,0.0,2,-27.741,101.616,2.001,3.115,-2.494,0.0,0.0,-1.475,3.269,-3.0,1.496,-1.478,-0.429,-2.464,-0.504,-3.0,0.489,4.473,1.064,-0.496,-0.098,-0.695,1.595,-4.0,-0.902,-1.248,-3.999,2.837,-0.492,-3.5,-0.989,-1.5,-0.505,-0.366,-1.368,-1.505,-5.0,1.411,-2.0,2.071,-2.0,-2.999,-4.0,-2.0,-0.999,0.0,1.154,5.006,-0.477,2.0,-3.0,0.0,-1.0,0.0,1.606,3.012,-1.0,-1.0,0.0,-0.999,1.641,-1.0,0.0,0.0,0.0,0.0,0.0,-1.0,0.0,0.0,-1.0,0.0,0.0,1.499,-1.0,0.0,0.0,1.505,-2.0,-0.506,1.498,-2.0,-2.0,0.508,3.034,-2.0,2.547,0.086,0.548,-0.958,5.621,2.511,-1.503,1.561,-2.508,0.996,-2.0,11.213,0.01,4.62,-2.496,-4.483,1.051,3.516,0.053,-2.507,87.067,0.665,1.599,-2.504,-2.497,6.598,-3.495,-2.514,-6.0,-1.511,3.27,-1.0,-2.092,0.584,5.035,1.995,0.0,0.0,0.0,0.0,0.0,0.0,0.0,0.0,0.0,0.0
BtcGF,BTCUSDc,113,6.8753,10.313,4,0.2655,102.96,406,32.266,1,15,300,0.015,1.8,1.5,0.0,0.5,16385,1,-0.305,9,1,0,0,0.4,2,0.204,10.109,6.212,8.581,-5.0,0.0,0.0,1.437,5.437,-3.0,1.496,6.46,-2.0,-5.0,-0.504,-1.001,-1.508,4.331,1.078,3.09,-0.099,-0.671,1.7,2.04,-0.803,0.264,-4.0,2.015,-3.0,-3.5,-6.0,-1.5,-0.505,-5.348,-1.266,-1.505,-4.0,8.181,-2.0,-0.873,-2.0,-2.999,-4.0,-2.0,-0.999,-1.0,7.936,7.582,-0.466,2.0,-3.0,0.0,-1.0,0.0,1.628,3.018,-1.0,-1.0,0.0,-0.999,1.765,-1.0,0.0,0.0,0.0,0.0,0.0,-1.0,0.0,0.0,-1.0,0.0,0.0,1.499,-1.0,0.0,0.0,1.505,-2.0,0.011,1.498,-2.0,-2.0,0.508,3.053,2.386,19.638,-2.363,1.73,-2.334,3.021,1.497,-2.503,-3.462,-2.508,0.996,-2.009,-5.0,0.014,4.496,-2.489,-4.479,1.073,3.524,5.942,-2.507,6.286,0.682,1.664,-2.504,-0.902,-1.504,-4.495,-2.508,-7.0,-1.51,1.22,-1.0,-1.255,0.635,5.067,1.995,0.0,0.0,0.0,0.0,0.0,0.0,0.0,0.0,0.0,0.0
BtcGF,BTCUSDc,17,29.844,59.688,3,2.0998,109.18,399,41.1028,1,15,300,0.015,2.1,1.25,0.0,0.5,16385,1,-5.478,2,1,0,0,0.0,2,-8.116,67.804,1.481,3.83,-2.754,0.0,0.0,-0.459,2.091,-3.0,1.247,0.556,-0.726,-0.348,-0.755,-0.755,0.247,3.061,2.789,0.5,-0.961,-1.327,0.794,0.502,-0.211,-1.84,0.211,0.946,-0.745,-3.75,-0.257,-1.75,-0.754,1.166,1.16,-1.754,-5.0,-0.409,-2.0,1.591,-3.0,-3.0,-4.0,-2.0,1.543,2.596,0.898,4.003,-0.748,1.5,-3.0,0.0,-1.0,0.0,1.395,2.509,-1.0,-1.0,0.0,3.571,1.521,1.313,0.0,0.0,0.0,0.0,0.0,-1.0,0.0,0.0,-1.0,0.0,0.0,1.249,-1.0,0.0,0.0,1.252,-2.0,-0.503,1.248,2.668,-2.0,0.256,2.511,-2.0,4.014,-0.456,-0.207,-1.518,4.309,1.758,-0.321,-0.467,-2.757,0.497,-0.726,8.186,-0.375,3.574,-2.753,-4.737,0.54,2.737,1.849,-0.508,64.777,-0.134,0.874,-2.753,-2.749,0.49,-3.746,-0.516,-2.474,-2.801,-1.749,2.518,-4.999,0.404,4.012,1.496,0.0,0.0,0.0,0.0,0.0,0.0,0.0,0.0,0.0,0.0
BtcGF,BTCUSDc,32,-8.8953,-26.686,2,-0.6092,0.0,367,31.0627,1,15,300,0.015,1.8,1.75,0.0,0.5,16385,1,-33.297,1,1,0,0,0.0,1,-12.203,-14.483,2.514,3.945,-2.241,0.0,0.0,-0.58,0.863,-3.0,1.745,-1.215,0.544,-2.18,-0.244,-3.0,0.784,5.952,1.601,-2.0,0.774,-2.74,2.341,-4.0,1.031,-0.667,-3.999,7.12,-0.239,-3.251,-0.462,-1.223,-3.0,1.628,-0.893,-1.256,-5.0,2.983,-2.0,1.388,-2.0,-3.0,-4.0,-2.0,-0.999,-1.0,2.67,6.009,-0.113,2.498,-3.0,0.0,-1.0,0.0,2.062,3.55,-1.0,-1.0,0.0,-0.999,2.096,-1.0,0.0,0.0,0.0,0.0,0.0,-1.0,0.0,0.0,-1.0,0.0,0.0,1.749,-1.0,0.0,0.0,-1.0,-2.0,0.528,1.747,-2.0,-2.0,0.791,3.608,-2.0,0.809,-1.036,1.334,-0.228,2.32,-1.256,-1.253,2.395,-2.259,1.496,-2.0,-5.0,0.405,2.675,-2.222,-4.22,1.623,4.326,0.789,-5.0,-0.319,1.416,1.807,-0.477,-1.237,1.503,-3.23,-1.25,-6.0,-3.0,0.554,-1.0,-5.0,0.924,6.197,2.508,0.0,0.0,0.0,0.0,0.0,0.0,0.0,0.0,0.0,0.0
BtcGF,BTCUSDc,41,0.6905,1.381,3,0.0489,757.64,360,29.7222,1,15,300,0.015,1.8,2.0,0.0,0.5,16385,1,-9.082,3,1,0,0,0.0,2,3.502,-2.121,3.033,4.869,-1.958,0.0,0.0,0.646,1.666,-3.0,2.004,-0.957,-2.998,-1.91,0.019,-3.0,1.072,8.569,2.149,-2.0,1.758,-2.321,0.689,-4.0,3.246,-0.088,-3.999,11.391,0.053,-3.001,1.111,-0.966,-3.0,5.005,-0.499,-1.007,-5.0,5.29,-2.0,2.123,-2.0,-3.0,-4.0,-2.0,-0.999,-1.0,-3.999,4.003,0.31,3.022,-3.0,0.0,-1.0,0.0,2.663,4.087,-1.0,-1.0,0.0,-0.999,2.426,-1.0,0.0,0.0,0.0,0.0,0.0,-1.0,0.0,0.0,-1.0,0.0,0.0,1.999,-1.0,0.0,0.0,-1.0,-2.0,1.064,1.997,-2.0,-2.0,1.104,4.36,-2.0,1.095,-0.637,2.109,1.622,3.128,0.015,-1.003,1.177,-2.011,1.996,-2.0,-5.0,0.795,0.1,-1.953,-3.935,2.201,5.161,1.435,-5.0,0.222,2.163,2.562,-1.972,0.099,2.009,-2.973,-0.985,-6.0,-3.0,1.247,-1.0,-5.0,-0.747,9.412,3.022,0.0,0.0,0.0,0.0,0.0,0.0,0.0,0.0,0.0,0.0
BtcGF,BTCUSDc,177,3.8025,7.605,3,0.17,208.74,383,25.3264,1,15,180,0.015,2.1,2.0,0.0,0.5,16385,1,-8.27,12,1,0,0,0.6,1,-0.487,8.092,8.17,9.97,-5.0,0.0,0.0,2.977,5.582,-3.0,4.219,5.526,-2.0,-5.0,-0.974,-3.0,-0.893,3.453,4.155,-0.892,-1.98,-6.0,3.656,-0.846,5.044,2.598,-0.945,4.323,-3.0,-3.001,-5.0,-0.966,-3.0,3.813,-5.0,-1.007,-4.0,-5.997,-2.0,0.723,-2.0,-3.0,-4.0,-2.0,-0.999,-1.0,0.29,4.004,0.596,3.022,-3.0,0.0,-1.0,0.0,3.36,6.877,-1.0,-1.0,0.0,-1.0,2.656,-1.0,0.0,0.0,0.0,0.0,0.0,-1.0,0.0,0.0,-1.0,0.0,0.0,1.999,-1.0,0.0,0.0,-1.0,-2.0,1.096,1.997,-2.0,-2.0,1.155,4.638,1.213,-0.972,-2.379,4.888,-6.0,6.539,1.258,-2.003,-2.84,-2.011,1.996,-3.002,-5.0,-3.0,-0.62,-1.945,11.875,5.545,5.256,5.313,-4.0,1.533,1.569,-0.241,-5.0,0.156,5.499,-3.967,-0.979,-5.999,-3.0,0.53,-1.0,-4.999,-0.595,9.564,3.024,0.0,0.0,0.0,0.0,0.0,0.0,0.0,0.0,0.0,0.0
BtcGF,BTCUSDc,76,10.4305,20.861,3,0.4194,123.42,396,27.7778,1,15,240,0.015,1.8,1.75,0.0,0.5,16385,1,-4.885,10,1,0,0,0.2,1,18.398,2.463,8.802,27.062,-5.0,0.0,0.0,-4.0,0.115,-3.0,1.745,24.53,-2.0,-5.0,-0.245,-3.999,-1.216,5.79,1.601,-1.233,-2.238,-0.561,2.341,-0.811,1.031,-3.221,-1.235,5.668,-2.999,-3.251,-6.0,-1.223,-3.0,-5.057,2.293,1.553,-5.0,-3.115,-2.0,-1.612,-2.0,-3.0,-4.0,-2.0,-0.999,-1.0,8.621,3.247,-0.113,2.498,-3.0,0.0,-1.0,0.0,2.062,3.97,-1.0,-1.0,0.0,2.752,2.096,-1.0,0.0,0.0,0.0,0.0,0.0,-1.0,0.0,0.0,-1.0,0.0,0.0,1.749,-1.0,0.0,0.0,-1.0,-2.0,0.528,1.747,-2.0,-2.0,0.791,3.608,1.928,-1.969,-2.036,9.885,1.895,-1.456,2.755,-2.253,-3.172,-2.259,1.496,-1.51,-5.0,-3.0,7.148,-2.222,-4.221,3.061,4.326,-3.25,-4.0,0.574,0.9,1.925,2.95,0.628,-1.256,-4.23,-1.25,-7.0,-3.0,8.382,-1.0,-5.0,0.924,6.197,5.899,0.0,0.0,0.0,0.0,0.0,0.0,0.0,0.0,0.0,0.0
BtcGF,BTCUSDc,116,7.8193,11.729,4,0.3271,90.64,407,32.1867,1,15,300,0.015,2.1,1.5,0.0,0.5,16385,1,1.098,9,1,0,0,0.4,2,5.635,6.094,6.215,8.668,-5.0,0.0,0.0,1.437,5.437,-3.0,1.496,6.46,-2.0,-5.0,-0.504,-0.997,-1.508,4.564,1.095,3.092,-0.093,-0.638,1.86,2.04,-0.655,0.269,-1.497,2.015,-3.0,-3.5,-6.0,-1.5,-0.505,-5.296,-1.113,-1.505,-4.0,8.213,-2.0,-0.785,-2.0,-2.999,-4.0,-2.0,-0.999,-1.0,8.621,7.582,-0.456,2.0,-3.0,0.0,-1.0,0.0,1.704,3.018,-1.0,-1.0,0.0,-0.999,1.899,-1.0,0.0,0.0,0.0,0.0,0.0,-1.0,0.0,0.0,-1.0,0.0,0.0,1.499,-1.0,0.0,0.0,1.505,-2.0,0.015,1.498,-2.0,-2.0,0.508,3.073,2.386,19.638,-2.286,1.745,-2.334,3.038,1.497,-2.503,-3.456,-2.508,0.996,-2.009,-5.0,0.017,4.678,-2.488,-4.479,1.109,3.543,5.942,-2.507,6.293,0.72,1.763,-2.504,-0.879,-1.504,-4.495,-2.509,-6.999,-1.497,1.283,-1.0,-4.999,0.711,5.097,1.995,0.0,0.0,0.0,0.0,0.0,0.0,0.0,0.0,0.0,0.0
BtcGF,BTCUSDc,100,4.94,9.88,3,0.3302,68.35,418,38.5167,1,15,240,0.015,1.5,1.25,0.0,0.5,16385,1,3.127,5,1,0,0,0.4,3,16.31,-6.43,4.464,7.604,-5.0,0.0,0.0,1.825,2.806,-0.706,1.247,2.576,-2.0,-2.696,-0.755,1.396,-1.753,2.914,0.545,1.695,-2.749,-0.438,0.758,0.666,-2.48,0.593,-1.741,0.714,-3.0,-3.75,-4.757,-1.75,-0.754,5.306,2.072,-1.754,2.753,-1.452,-2.0,-1.469,-2.0,-3.0,-4.0,-2.0,4.498,6.206,4.535,5.94,-0.748,1.5,-3.0,0.0,-1.0,0.0,1.328,2.665,-1.0,-1.0,0.0,3.627,1.35,5.479,0.0,0.0,0.0,0.0,0.0,-1.0,0.0,0.0,-1.0,0.0,0.0,1.249,-1.0,0.0,0.0,1.252,-2.0,2.134,1.248,0.908,-2.0,0.256,2.503,0.608,11.18,-2.73,-0.22,-3.76,4.832,0.915,-2.754,-3.736,-2.757,0.497,-1.242,-5.0,-3.0,-1.469,-2.753,-4.74,1.348,2.737,4.501,0.492,3.186,-0.295,0.855,-2.753,-1.442,0.491,-4.747,-0.519,-2.238,-1.541,2.559,-0.755,-2.542,0.312,4.004,1.496,0.0,0.0,0.0,0.0,0.0,0.0,0.0,0.0,0.0,0.0
BtcGF,BTCUSDc,144,4.5005,9.001,3,0.2852,44.84,414,39.8551,1,15,180,0.015,1.5,1.25,0.0,0.5,16385,1,4.965,0,1,0,0,0.6,3,4.457,4.544,4.155,5.625,-1.648,0.0,0.0,0.691,2.002,-0.706,1.247,1.066,-2.0,-2.696,-1.755,-0.755,-1.753,2.927,1.641,1.183,-2.749,-0.569,0.758,0.502,0.91,-1.622,-1.721,0.666,-0.263,-3.75,-1.627,-1.75,-0.754,2.916,-2.64,-1.754,-0.294,2.859,-2.0,-1.469,-2.0,-2.999,-4.0,-2.0,3.052,4.342,3.98,5.04,-0.748,1.5,-3.0,0.0,-1.0,0.0,1.328,3.189,-1.0,-1.0,0.0,0.295,1.35,3.255,0.0,0.0,0.0,0.0,0.0,-1.0,0.0,0.0,-1.0,0.0,0.0,1.249,-1.0,0.0,0.0,1.252,-2.0,1.953,1.248,0.629,-2.0,0.256,2.503,0.29,8.261,0.924,-0.22,-3.76,7.626,4.694,2.282,-3.736,-2.757,0.497,-2.487,-4.999,-3.0,2.081,-2.753,-1.923,1.875,2.737,2.528,0.492,2.302,-0.308,1.16,-2.753,-1.442,0.49,-4.747,-0.519,-3.495,-1.541,2.121,-0.755,-2.523,0.312,4.004,1.496,0.0,0.0,0.0,0.0,0.0,0.0,0.0,0.0,0.0,0.0
BtcGF,BTCUSDc,145,9.4335,18.867,3,0.695,21.39,414,40.5797,1,15,240,0.015,1.5,1.25,0.0,0.5,16385,1,14.831,0,1,0,0,0.6,3,11.258,7.609,4.155,5.625,-1.648,0.0,0.0,0.691,2.182,-0.706,1.247,1.066,-2.0,-2.696,-1.755,-0.755,-1.753,2.914,0.545,1.183,-2.749,-0.569,0.758,0.666,0.91,-1.622,-1.741,0.714,0.149,-3.75,-1.627,-1.75,-0.754,3.121,2.072,-1.754,-0.294,2.859,-2.0,-1.469,-2.0,-3.0,-4.0,-2.0,3.052,4.342,4.382,5.04,-0.748,1.5,-3.0,0.0,-1.0,0.0,1.328,2.665,-1.0,-1.0,0.0,3.627,1.35,3.255,0.0,0.0,0.0,0.0,0.0,-1.0,0.0,0.0,-1.0,0.0,0.0,1.249,-1.0,0.0,0.0,1.252,-2.0,2.134,1.248,0.629,-2.0,0.256,2.503,0.608,8.918,0.924,-0.22,-3.76,7.626,4.42,2.282,-3.736,-2.757,0.497,-1.242,-5.0,-3.0,1.946,-2.753,-1.102,1.348,2.737,2.528,0.492,2.393,-0.295,0.855,-2.753,-1.442,0.49,-4.747,-0.519,-3.495,-1.541,2.121,-0.755,-2.542,0.312,4.004,1.496,0.0,0.0,0.0,0.0,0.0,0.0,0.0,0.0,0.0,0.0
BtcGF,BTCUSDc,51,-5.3983,-16.195,2,-0.4666,0.0,433,41.8014,1,15,180,0.015,2.1,1.0,0.0,0.5,16385,1,-24.228,2,1,0,0,0.2,1,-6.23,-9.965,2.773,6.775,-5.0,0.0,-0.992,-0.993,1.275,-2.005,0.997,2.636,-2.0,-2.941,0.851,-1.004,-0.008,2.006,3.287,0.711,-3.003,-4.01,-0.015,-0.001,-0.992,-4.005,2.974,0.108,4.786,-4.0,-5.005,-2.0,0.995,7.033,-0.94,-2.004,-3.791,-1.963,-1.014,-0.994,-2.0,-3.0,-4.0,0.033,-0.993,8.971,2.384,0.996,-1.003,1.0,-3.0,0.0,-1.0,0.0,1.085,1.998,1.003,-1.0,0.0,2.627,1.142,-1.0,0.0,0.0,0.0,0.0,0.0,-1.0,0.0,0.0,-1.0,0.0,0.0,0.999,-1.0,0.0,0.0,0.999,0.003,-1.005,0.998,-0.013,-2.0,0.003,1.992,-0.004,2.994,-2.997,-0.992,-4.008,0.975,0.015,-3.005,3.631,2.433,1.994,-2.998,-5.0,-3.0,-1.951,-2.008,-0.986,1.941,1.981,5.188,-0.007,1.541,9.168,0.009,-3.003,-1.987,-0.008,-4.998,1.97,-3.595,-2.044,-1.313,0.032,-2.003,0.096,3.001,0.997,0.0,0.0,0.0,0.0,0.0,0.0,0.0,0.0,0.0,0.0
BtcGF,BTCUSDc,74,-8.381,-16.762,3,-0.2413,0.0,391,26.8542,1,15,300,0.015,1.5,1.75,0.0,0.5,16385,1,-41.681,10,1,0,0,0.2,1,-28.956,12.194,2.509,26.853,-5.0,0.0,0.0,-3.999,0.863,0.04,1.745,-2.224,-2.0,-5.0,-0.245,-4.0,-1.234,5.418,1.582,-1.236,0.771,-2.8,1.786,-4.0,0.722,1.102,-4.0,5.967,-2.999,-3.251,-6.0,-1.23,-3.0,-5.143,-1.057,-1.256,-5.0,0.625,-2.0,-1.992,-2.0,-3.0,-4.0,-2.0,-0.999,0.0,-2.0,3.247,-0.172,2.498,-3.0,0.0,-1.0,0.0,1.937,3.533,-1.0,-1.0,0.0,-0.999,1.933,-1.0,0.0,0.0,0.0,0.0,0.0,-1.0,0.0,0.0,-1.0,0.0,0.0,1.749,-1.0,0.0,0.0,-1.0,-2.0,-0.257,1.747,-2.0,-2.0,0.772,3.569,7.264,-5.0,-2.139,9.875,1.895,-1.466,2.269,-2.253,-3.195,-2.259,1.496,-1.51,-5.0,0.4,6.938,-2.237,-4.227,1.582,4.3,-2.25,-5.0,-0.319,1.387,1.684,2.945,0.605,-1.256,-4.235,-1.26,-6.0,-3.0,15.454,-1.0,-4.0,0.86,6.116,5.899,0.0,0.0,0.0,0.0,0.0,0.0,0.0,0.0,0.0,0.0
BtcGF,BTCUSDc,87,26.3025,52.605,3,1.1216,58.48,387,24.5478,1,15,180,0.015,2.1,2.0,0.0,0.5,16385,1,21.842,13,1,0,0,0.2,2,30.6,22.005,9.211,34.594,-5.0,0.0,0.0,-4.0,5.582,-3.0,10.472,13.182,-2.0,-5.0,-0.974,-3.0,-0.893,3.453,10.096,-0.892,-1.98,-6.0,3.656,-0.846,5.044,-2.937,-0.945,9.042,-2.999,-3.001,-6.0,-0.966,-3.0,-2.929,-5.0,-1.007,-5.0,0.909,-2.0,0.723,-2.0,-3.0,-4.0,-2.0,-0.999,-1.0,0.29,4.003,0.596,3.022,-3.0,0.0,-1.0,0.0,3.36,1.078,-1.0,-1.0,0.0,-1.0,2.656,-1.0,0.0,0.0,0.0,0.0,0.0,-1.0,0.0,0.0,-1.0,0.0,0.0,1.999,-1.0,0.0,0.0,-1.0,-2.0,1.096,1.997,-2.0,-2.0,1.155,4.638,1.213,-1.972,-1.381,16.212,-5.999,-2.995,1.258,-2.003,-2.84,-2.011,1.996,-3.002,-5.0,-3.0,6.384,-1.945,11.875,8.377,5.256,16.105,-4.0,1.533,1.569,-0.241,-5.0,0.156,-1.006,-3.967,-0.979,-6.999,-3.0,0.531,-1.0,-4.999,-0.595,9.564,3.024,0.0,0.0,0.0,0.0,0.0,0.0,0.0,0.0,0.0,0.0
BtcGF,BTCUSDc,70,-1.6737,-5.021,2,-0.0965,0.0,406,29.803,1,15,240,0.015,2.1,1.5,0.0,0.5,16385,1,-24.095,8,1,0,0,0.2,1,-3.361,-1.66,6.759,20.786,-5.0,0.0,0.0,-4.0,-0.022,-3.0,1.496,16.595,-2.0,-5.0,-0.504,0.038,-1.508,4.16,1.095,5.768,-2.497,0.892,1.86,-1.221,-0.655,-3.483,-1.488,2.242,-2.999,-3.5,-6.0,-1.5,-0.505,-5.296,-3.0,1.046,-5.0,-3.419,-2.0,-0.785,-2.0,-3.0,-4.0,-2.0,-0.999,-1.0,6.997,2.497,-0.456,2.0,-3.0,0.0,-1.0,0.0,1.704,3.309,-1.0,-1.0,0.0,1.834,1.899,-1.0,0.0,0.0,0.0,0.0,0.0,-1.0,0.0,0.0,-1.0,0.0,0.0,1.499,-1.0,0.0,0.0,1.505,-2.0,0.015,1.498,-2.0,-2.0,0.508,3.073,1.268,11.245,-2.286,3.184,-0.9,7.196,1.826,-2.503,-3.456,-2.508,0.996,-2.009,-5.0,-3.0,4.587,-2.488,-4.479,2.228,3.543,-3.5,-1.507,7.845,0.344,1.848,-2.504,-0.879,-1.505,-4.495,-2.509,-6.999,-1.497,3.851,-1.0,-4.999,0.711,5.097,1.995,0.0,0.0,0.0,0.0,0.0,0.0,0.0,0.0,0.0,0.0
BtcGF,BTCUSDc,136,0.4435,0.887,3,0.0361,274.97,429,46.3869,1,15,240,0.015,1.5,1.0,0.0,0.5,16385,1,-1.552,0,1,0,0,0.6,2,3.02,-2.133,2.842,3.809,-2.226,0.0,-0.999,1.866,1.2,0.767,0.997,-0.034,-2.0,-2.966,-2.004,-1.004,-0.008,2.006,0.027,0.174,-3.003,-1.545,-0.017,-0.001,1.486,-2.216,1.479,0.14,2.157,-4.0,-2.628,0.673,0.995,1.128,3.106,-2.004,-1.629,1.066,-1.014,-0.996,-2.0,-3.0,-4.0,0.016,1.957,3.108,2.891,3.695,-1.003,1.0,-3.0,0.0,-1.0,0.0,1.048,1.995,1.003,-1.0,0.0,2.629,1.059,1.998,0.0,0.0,0.0,0.0,0.0,-1.0,0.0,0.0,-1.0,0.0,0.0,0.999,-1.0,0.0,0.0,0.999,0.003,0.676,0.998,-0.013,-2.0,0.003,1.992,-0.004,5.729,-0.299,-0.992,-1.331,3.874,2.489,0.434,0.806,-0.298,1.994,-2.002,-5.0,-3.0,0.594,-2.008,-0.95,0.525,1.981,2.846,-0.007,0.869,5.696,0.003,-3.003,-1.988,-0.008,-4.998,1.97,-4.88,-2.044,-1.833,0.016,-2.003,0.038,2.997,0.997,0.0,0.0,0.0,0.0,0.0,0.0,0.0,0.0,0.0,0.0
BtcGF,BTCUSDc,54,1.1607,3.482,2,0.0989,418.18,417,35.9712,1,15,180,0.015,1.5,1.25,0.0,0.5,16385,1,-11.079,7,1,0,0,0.2,2,6.749,-3.267,4.365,15.756,-5.0,0.0,0.0,-2.74,2.002,-0.706,1.247,5.145,-2.0,-2.696,-1.755,-0.755,-1.753,2.927,4.959,3.235,-2.749,-3.76,0.758,0.502,-2.48,-3.757,-1.721,0.666,-0.262,-3.75,-4.757,-1.75,-0.754,14.371,-2.64,-1.754,-3.461,-1.453,-2.0,-1.469,-2.0,-2.999,-4.0,-2.0,-0.724,14.752,3.98,1.746,-0.748,1.5,-3.0,0.0,-1.0,0.0,1.328,0.258,-1.0,-1.0,0.0,0.295,1.35,-1.0,0.0,0.0,0.0,0.0,0.0,-1.0,0.0,0.0,-1.0,0.0,0.0,1.249,-1.0,0.0,0.0,1.252,-2.0,1.953,1.248,1.743,-2.0,0.256,2.503,0.29,4.677,-2.73,-0.22,-3.76,9.096,1.189,-2.754,-3.736,-2.757,0.497,-2.487,-4.999,-3.0,-1.469,-2.753,-1.923,3.495,2.737,7.062,0.492,3.07,-0.307,1.16,-2.753,-1.442,0.49,-4.747,-0.519,-2.238,-1.541,3.875,-0.755,-2.523,0.312,4.004,1.496,0.0,0.0,0.0,0.0,0.0,0.0,0.0,0.0,0.0,0.0
BtcGF,BTCUSDc,158,8.886,17.772,3,0.5525,31.28,402,34.3284,1,15,300,0.015,1.8,1.5,0.0,0.5,16385,1,12.213,2,1,0,0,0.6,3,-0.491,18.263,5.495,5.738,0.078,0.0,0.0,0.0,4.428,-3.0,1.496,2.973,-2.0,-5.0,-1.504,-3.0,-1.508,4.331,1.078,2.2,-0.099,-0.671,1.7,0.377,-0.803,-1.248,-0.109,1.839,0.898,-3.5,-2.115,-1.5,-0.505,0.492,-1.266,-1.505,-4.0,3.122,-2.0,-0.873,-2.0,-3.0,-4.0,-2.0,-0.999,-1.0,6.639,6.385,-0.466,2.0,-3.0,0.0,-1.0,0.0,1.628,3.018,-1.0,-1.0,0.0,-0.999,1.765,-1.0,0.0,0.0,0.0,0.0,0.0,-1.0,0.0,0.0,-1.0,0.0,0.0,1.499,-1.0,0.0,0.0,1.505,-2.0,0.011,1.498,-2.0,-2.0,0.508,3.053,1.601,12.673,-2.362,1.251,-2.811,13.311,5.929,-2.503,-3.462,-2.508,0.996,-2.009,-5.0,0.014,3.528,-2.489,0.782,1.073,3.524,2.768,-2.507,4.546,0.682,1.664,-2.504,-0.902,2.109,-4.495,-2.508,-6.0,-1.51,0.365,-1.0,-1.255,0.635,5.067,1.995,0.0,0.0,0.0,0.0,0.0,0.0,0.0,0.0,0.0,0.0
BtcGF,BTCUSDc,58,-0.2065,-0.413,3,-0.0122,0.0,420,35.9524,1,15,240,0.015,1.8,1.25,0.0,0.5,16385,1,-14.974,6,1,0,0,0.2,2,17.387,-17.8,4.697,15.764,-5.0,0.0,0.0,-2.734,-0.909,-0.67,1.247,8.827,-2.0,-2.67,-0.755,1.398,-1.753,2.978,0.553,3.235,-2.749,-0.438,0.773,0.666,-2.475,-3.757,-1.741,0.716,-2.999,-3.75,-4.757,-1.75,-0.754,14.627,2.077,-1.754,-2.122,-1.446,-2.0,-1.446,-2.0,-3.0,-4.0,-2.0,-0.724,14.764,4.641,1.746,-0.748,1.5,-3.0,0.0,-1.0,0.0,1.343,2.67,-1.0,-1.0,0.0,3.631,1.435,-1.0,0.0,0.0,0.0,0.0,0.0,-1.0,0.0,0.0,-1.0,0.0,0.0,1.249,-1.0,0.0,0.0,1.252,-2.0,-0.502,1.248,1.743,-2.0,0.256,2.506,0.608,1.856,-2.723,-0.216,-3.76,9.096,0.915,-2.754,-3.733,-2.757,0.497,-1.237,-5.0,-3.0,-1.406,-2.753,-4.737,1.35,2.737,-1.503,0.492,5.477,-0.288,0.882,-2.753,-1.428,0.49,-4.747,-0.516,-1.903,-1.541,0.99,-0.755,-2.288,0.348,4.012,1.496,0.0,0.0,0.0,0.0,0.0,0.0,0.0,0.0,0.0,0.0
BtcGF,BTCUSDc,111,-1.5243,-4.573,2,-0.115,0.0,403,31.5136,1,15,180,0.015,1.8,1.5,0.0,0.5,16385,1,-14.453,7,1,0,0,0.4,2,-7.268,2.695,5.982,8.581,-5.0,0.0,0.0,1.437,3.518,-3.0,1.496,4.241,-2.0,-5.0,-1.504,-3.0,-1.508,3.942,3.758,3.09,-2.497,-3.51,1.7,-1.487,-0.803,3.868,-1.462,1.651,0.257,-3.5,-6.0,-1.5,-0.505,-2.838,-5.0,-1.505,-4.0,7.443,-2.0,-0.873,-2.0,-3.0,-4.0,-2.0,-0.999,-1.0,5.602,7.582,-0.466,2.0,-3.0,0.0,-1.0,0.0,1.628,5.148,-1.0,-1.0,0.0,-1.0,1.765,-1.0,0.0,0.0,0.0,0.0,0.0,-1.0,0.0,0.0,-1.0,0.0,0.0,1.499,-1.0,0.0,0.0,1.505,-2.0,0.01,1.498,-2.0,-2.0,0.508,3.053,0.59,14.911,-2.363,1.73,-2.334,3.021,2.343,-2.503,-3.462,-2.508,0.996,-3.502,-5.0,-3.0,1.498,-2.489,-0.55,4.101,3.524,4.751,-1.507,4.576,0.305,2.227,-2.504,-0.902,-1.504,-4.495,-2.508,-7.0,-1.51,1.22,-1.0,-1.227,0.635,5.067,1.995,0.0,0.0,0.0,0.0,0.0,0.0,0.0,0.0,0.0,0.0
BtcGF,BTCUSDc,23,34.2785,68.557,3,1.8748,126.8,384,34.8958,1,15,300,0.015,1.8,1.5,0.0,0.5,16385,1,-18.37,2,1,0,0,0.0,1,-25.389,93.946,2.004,3.165,-2.494,0.0,0.0,-1.466,3.433,-3.0,1.496,-1.472,-0.387,-2.449,-0.503,-3.0,0.492,4.487,1.078,-0.496,-0.099,-0.671,1.7,-4.0,-0.803,-1.248,-3.999,2.841,-0.492,-3.5,-0.989,-1.5,-0.505,-0.281,-1.266,-1.505,-5.0,1.903,-2.0,2.127,-2.0,-3.0,-4.0,-2.0,-0.999,-1.0,1.558,5.006,-0.466,2.0,-3.0,0.0,-1.0,0.0,1.628,3.018,-1.0,-1.0,0.0,-0.999,1.765,-1.0,0.0,0.0,0.0,0.0,0.0,-1.0,0.0,0.0,-1.0,0.0,0.0,1.499,-1.0,0.0,0.0,1.505,-2.0,0.011,1.498,-2.0,-2.0,0.508,3.053,-2.0,2.557,0.151,0.555,-0.875,5.698,2.522,-1.503,1.581,-2.508,0.996,-2.0,13.319,0.014,4.762,-2.489,-4.478,1.073,3.524,0.133,-2.507,87.074,0.682,1.664,-2.504,-2.497,0.994,-3.495,-2.508,-6.0,-1.51,-1.496,-1.0,-1.255,0.635,5.067,1.995,0.0,0.0,0.0,0.0,0.0,0.0,0.0,0.0,0.0,0.0
BtcGF,BTCUSDc,52,-3.8403,-11.521,2,-0.344,0.0,434,41.9355,1,15,240,0.015,2.1,1.0,0.0,0.5,16385,1,-19.554,4,1,0,0,0.2,1,-4.067,-7.454,2.664,6.775,-5.0,0.0,-0.992,-0.993,1.2,-2.005,0.997,4.554,-2.0,-2.941,0.203,-1.004,-0.008,2.006,0.036,0.711,-3.003,-1.479,-0.015,-0.001,-0.992,-4.005,2.96,0.14,6.171,-4.0,-5.005,-2.0,0.995,7.084,0.002,-2.004,-2.767,-1.963,-1.014,-0.994,-2.0,-3.0,-4.0,0.033,-0.993,8.709,3.021,0.996,-1.003,1.0,-3.0,0.0,-1.0,0.0,1.085,1.998,1.003,-1.0,0.0,2.629,1.142,-1.0,0.0,0.0,0.0,0.0,0.0,-1.0,0.0,0.0,-1.0,0.0,0.0,0.999,-1.0,0.0,0.0,0.999,0.003,-1.005,0.998,-0.013,-2.0,0.003,1.992,-0.004,2.977,-2.997,-0.992,-4.008,0.975,-0.004,-3.005,3.631,2.433,1.994,-2.002,-5.0,-3.0,-1.951,-2.008,-4.997,0.525,1.981,6.456,-0.007,3.13,11.289,0.009,-3.003,-1.987,-0.008,-4.998,1.97,-3.595,-2.044,-1.313,0.032,-2.003,0.096,3.001,0.997,0.0,0.0,0.0,0.0,0.0,0.0,0.0,0.0,0.0,0.0
BtcGF,BTCUSDc,124,10.4225,20.845,3,0.4413,51.8,395,29.1139,1,15,240,0.015,2.1,1.75,0.0,0.5,16385,1,10.047,8,1,0,0,0.4,3,11.504,9.341,7.952,11.375,-5.0,0.0,0.0,3.977,6.139,-3.0,1.745,9.582,-2.0,-5.0,-0.241,-4.0,-1.198,1.742,1.624,-1.23,-2.238,-0.532,3.589,-0.784,1.597,6.722,-1.235,3.635,-3.0,-3.251,-6.0,-1.223,-3.0,-4.99,-3.0,1.608,-4.0,-3.05,-2.0,-0.779,-2.0,-3.0,-4.0,-2.0,-0.999,-1.0,10.186,9.223,-0.015,2.498,-3.0,0.0,-1.0,0.0,2.303,3.979,-1.0,-1.0,0.0,2.766,2.278,-1.0,0.0,0.0,0.0,0.0,0.0,-1.0,0.0,0.0,-1.0,0.0,0.0,1.749,-1.0,0.0,0.0,-1.0,-2.0,0.54,1.747,-2.0,-2.0,0.805,3.651,1.928,6.289,-2.911,4.517,-0.938,5.391,2.759,-2.253,-3.149,-2.259,1.496,-1.51,-5.0,-3.0,3.363,-2.217,-4.221,3.104,4.37,8.142,-4.0,0.574,0.961,2.095,1.085,0.661,-1.255,-4.225,-1.25,-6.999,-3.0,4.681,-1.0,-4.999,1.021,6.299,4.048,0.0,0.0,0.0,0.0,0.0,0.0,0.0,0.0,0.0,0.0
BtcGF,BTCUSDc,79,9.188,18.376,3,0.3274,140.9,396,27.2727,1,15,240,0.015,2.1,1.75,0.0,0.5,16385,1,-7.516,10,1,0,0,0.2,1,14.66,3.716,8.805,27.461,-5.0,0.0,0.0,-4.0,0.115,-3.0,1.745,24.676,-2.0,-5.0,-0.241,-4.0,-1.198,1.742,1.624,-1.23,-2.238,-0.532,3.589,-0.784,1.597,-3.21,-1.235,5.668,-2.999,-3.251,-6.0,-1.223,-3.0,-4.99,-3.0,1.608,-5.0,-3.052,-2.0,-0.779,-2.0,-3.0,-4.0,-2.0,-0.999,-1.0,10.186,3.247,-0.015,2.498,-3.0,0.0,-1.0,0.0,2.303,3.979,-1.0,-1.0,0.0,2.766,2.278,-1.0,0.0,0.0,0.0,0.0,0.0,-1.0,0.0,0.0,-1.0,0.0,0.0,1.749,-1.0,0.0,0.0,-1.0,-2.0,0.54,1.747,-2.0,-2.0,0.805,3.651,1.928,-1.969,-1.911,9.905,1.895,-1.431,2.759,-2.253,-3.149,-2.259,1.496,-1.51,-5.0,-3.0,7.449,-2.217,-4.221,3.104,4.37,-3.25,-4.0,0.574,0.961,2.095,2.954,0.661,-1.256,-4.225,-1.25,-6.999,-3.0,8.502,-1.0,-4.999,1.021,6.299,5.899,0.0,0.0,0.0,0.0,0.0,0.0,0.0,0.0,0.0,0.0
BtcGF,BTCUSDc,125,31.6067,47.41,4,1.3207,57.56,398,28.8945,1,15,300,0.015,2.1,1.75,0.0,0.5,16385,1,20.122,10,1,0,0,0.4,2,29.681,17.729,7.952,11.375,-5.0,0.0,0.0,3.46,6.887,-3.0,1.745,12.211,-2.0,-5.0,-0.241,-4.0,-1.198,1.975,1.624,-1.23,0.783,-2.658,3.589,-4.0,1.597,1.123,-0.875,3.961,-3.0,-3.251,-6.0,-1.223,-3.0,-4.99,-0.627,-1.256,-4.0,22.289,-2.0,-0.779,-2.0,-2.999,-4.0,-2.0,-0.999,-1.0,11.84,9.223,-0.015,2.498,-3.0,0.0,-1.0,0.0,2.303,3.559,-1.0,-1.0,0.0,-0.999,2.278,-1.0,0.0,0.0,0.0,0.0,0.0,-1.0,0.0,0.0,-1.0,0.0,0.0,1.749,-1.0,0.0,0.0,-1.0,-2.0,0.54,1.747,-2.0,-2.0,0.805,3.651,3.64,9.377,-2.911,4.517,-0.938,5.391,2.277,-2.253,-3.149,-2.259,1.496,-1.51,-5.0,0.41,3.363,-2.217,-4.221,1.685,4.37,11.716,-5.0,-0.319,1.477,1.977,1.085,0.661,-1.255,-4.225,-1.25,-6.999,-3.0,4.681,-1.0,-4.999,1.021,6.299,4.048,0.0,0.0,0.0,0.0,0.0,0.0,0.0,0.0,0.0,0.0
BtcGF,BTCUSDc,67,0.2497,0.749,2,0.0157,2546.6,406,30.2956,1,15,240,0.015,1.8,1.5,0.0,0.5,16385,1,-18.325,8,1,0,0,0.2,1,-0.629,1.378,6.756,20.699,-5.0,0.0,0.0,-4.0,-0.022,-3.0,1.496,16.571,-2.0,-5.0,-0.504,0.036,-1.508,3.927,1.078,5.766,-2.497,0.884,1.7,-1.221,-0.803,-3.488,-1.488,2.242,-2.999,-3.5,-6.0,-1.5,-0.505,-5.348,1.532,1.014,-5.0,-3.438,-2.0,-0.873,-2.0,-3.0,-4.0,-2.0,-0.999,-1.0,6.311,2.497,-0.466,2.0,-3.0,0.0,-1.0,0.0,1.628,3.309,-1.0,-1.0,0.0,1.82,1.765,-1.0,0.0,0.0,0.0,0.0,0.0,-1.0,0.0,0.0,-1.0,0.0,0.0,1.499,-1.0,0.0,0.0,1.505,-2.0,0.011,1.498,-2.0,-2.0,0.508,3.053,1.268,11.245,-2.363,3.169,-0.9,7.179,1.826,-2.503,-3.462,-2.508,0.996,-2.009,-5.0,-3.0,4.412,-2.489,-4.479,2.205,3.524,-3.5,-1.507,7.838,0.306,1.749,-2.504,-0.902,-1.505,-4.495,-2.508,-7.0,-1.51,3.788,-1.0,-1.255,0.635,5.067,1.995,0.0,0.0,0.0,0.0,0.0,0.0,0.0,0.0,0.0,0.0
BtcGF,BTCUSDc,62,-0.1985,-1.191,1,-0.0385,0.0,422,35.545,1,15,300,0.015,2.1,1.25,0.0,0.5,16385,1,-15.752,6,1,0,0,0.2,1,14.541,-15.732,1.481,15.782,-5.0,0.0,0.0,-2.734,-0.478,-0.624,1.247,8.827,-2.0,-2.638,-0.755,0.76,-1.753,3.362,0.565,3.235,-0.961,-1.327,0.794,3.768,-2.471,-0.597,-2.031,0.946,-2.999,-3.75,-4.757,-1.75,-0.754,12.21,1.16,-1.754,-3.068,-1.432,-2.0,-1.408,-2.0,-3.0,-4.0,-2.0,-0.724,14.777,0.898,1.746,-0.748,1.5,-3.0,0.0,-1.0,0.0,1.395,2.509,-1.0,-1.0,0.0,3.571,1.521,-1.0,0.0,0.0,0.0,0.0,0.0,-1.0,0.0,0.0,-1.0,0.0,0.0,1.249,-1.0,0.0,0.0,1.252,-2.0,-0.503,1.248,1.743,-2.0,0.256,2.511,2.242,-0.505,-2.717,-0.207,-3.76,9.103,0.74,-2.754,-3.732,-2.757,0.497,-1.232,-5.0,-0.375,1.277,-2.753,-4.737,0.54,2.737,-0.503,-0.508,6.674,-0.134,0.874,-2.753,-1.409,0.49,-4.747,-0.516,-1.217,-1.541,1.037,-0.755,-4.999,0.404,4.012,1.496,0.0,0.0,0.0,0.0,0.0,0.0,0.0,0.0,0.0,0.0
BtcGF,BTCUSDc,22,2.0555,4.111,3,0.1399,189.2,386,37.0466,1,15,240,0.015,1.8,1.5,0.0,0.5,16385,1,-3.667,1,1,0,0,0.0,3,-3.244,7.355,6.756,3.165,-2.494,0.0,0.0,-1.466,5.348,-3.0,1.496,2.459,-0.387,-2.449,-1.504,-2.999,0.492,3.215,1.078,-0.496,-2.497,0.884,1.7,-1.221,-0.803,-2.488,-1.488,1.273,-0.492,-3.5,-0.989,-1.5,-0.505,-0.281,1.532,1.014,-5.0,1.903,-2.0,2.127,-2.0,-3.0,-4.0,-2.0,-0.999,-1.0,6.311,5.006,-0.466,2.0,-3.0,0.0,-1.0,0.0,1.628,3.309,-1.0,-1.0,0.0,1.82,1.765,-1.0,0.0,0.0,0.0,0.0,0.0,-1.0,0.0,0.0,-1.0,0.0,0.0,1.499,-1.0,0.0,0.0,1.505,-2.0,0.011,1.498,0.49,-2.0,0.508,3.053,1.268,5.252,0.151,1.555,-0.875,5.698,4.369,-1.503,1.581,-2.508,0.996,-1.507,-5.0,-3.0,1.764,-2.489,-4.479,2.205,3.524,2.476,-1.507,7.838,0.306,1.749,-2.504,-2.497,0.994,-3.495,-2.508,-6.0,-1.51,-1.496,-1.0,-1.255,0.635,5.067,1.995,0.0,0.0,0.0,0.0,0.0,0.0,0.0,0.0,0.0,0.0
BtcGF,BTCUSDc,18,-6.6263,-19.879,2,-0.5108,0.0,389,34.7044,1,15,180,0.015,1.5,1.5,0.0,0.5,16385,1,-26.966,2,1,0,0,0.0,1,-23.623,3.744,5.979,3.115,-5.0,0.0,0.0,-1.475,6.22,-3.0,1.496,-1.478,-0.429,-2.464,-1.504,-3.0,-1.511,3.812,6.641,-0.496,-2.497,-3.51,1.595,-1.49,-0.902,-2.49,-1.462,1.207,0.257,-3.5,1.91,-1.5,-0.505,-0.392,-5.0,-1.505,-4.999,1.411,-2.0,2.071,-2.0,-2.999,-4.0,-2.0,-0.999,0.0,4.48,5.006,-0.477,2.0,-3.0,0.0,-1.0,0.0,1.606,0.514,-1.0,-1.0,0.0,-1.0,1.641,-1.0,0.0,0.0,0.0,0.0,0.0,-1.0,0.0,0.0,-1.0,0.0,0.0,1.499,-1.0,0.0,0.0,1.505,-2.0,-0.506,1.498,0.49,-2.0,0.508,3.034,0.59,6.011,0.086,1.548,0.25,5.621,4.875,-1.503,-1.604,-2.508,0.996,-2.502,-4.999,-3.0,-0.913,-2.496,-1.329,5.082,3.516,-3.5,-1.507,4.607,0.297,2.168,-2.504,-2.497,0.994,-3.495,-2.514,-6.0,-1.524,3.88,-1.0,-2.024,0.584,5.035,1.995,0.0,0.0,0.0,0.0,0.0,0.0,0.0,0.0,0.0,0.0
BtcGF,BTCUSDc,109,1.157,3.471,2,0.0849,214.41,401,32.6683,1,15,240,0.015,1.5,1.5,0.0,0.5,16385,1,-3.971,6,1,0,0,0.4,2,-0.171,3.642,6.209,8.531,-5.0,0.0,0.0,1.438,4.848,-0.317,1.496,5.941,-2.0,-5.0,-0.504,0.035,-1.511,3.789,1.064,3.088,-2.497,0.884,1.595,-1.224,-0.902,3.863,-1.488,1.709,-3.0,-3.5,-6.0,-1.5,-0.505,-5.416,1.525,1.001,-4.0,-3.448,-2.0,-0.929,-2.0,-3.0,-4.0,-2.0,-0.999,0.0,5.586,7.582,-0.477,2.0,-3.0,0.0,-1.0,0.0,1.606,3.303,-1.0,-1.0,0.0,1.813,1.641,-1.0,0.0,0.0,0.0,0.0,0.0,-1.0,0.0,0.0,-1.0,0.0,0.0,1.499,-1.0,0.0,0.0,1.505,-2.0,-0.506,1.498,-2.0,-2.0,0.508,3.034,1.268,17.543,-2.428,1.723,-2.334,3.014,1.826,-2.503,-3.47,-2.508,0.996,-2.009,-5.0,-3.0,1.37,-2.496,-4.484,2.2,3.516,4.943,-1.507,4.926,0.289,1.69,-2.504,-0.921,-1.504,-4.495,-2.514,-6.0,-1.514,5.927,-1.0,-2.051,0.584,5.035,1.995,0.0,0.0,0.0,0.0,0.0,0.0,0.0,0.0,0.0,0.0
BtcGF,BTCUSDc,160,7.7265,15.453,3,0.4665,42.54,401,33.9152,1,15,240,0.015,2.1,1.5,0.0,0.5,16385,1,8.879,3,1,0,0,0.6,2,1.564,13.889,5.498,5.825,0.078,0.0,0.0,0.0,3.839,-3.0,1.496,2.973,-2.0,-5.0,-1.504,-3.0,-1.508,4.16,1.095,2.202,-2.497,0.739,1.86,-1.221,-0.655,-0.088,-1.488,1.537,0.898,-3.5,-2.115,-1.5,-0.505,0.544,-3.0,1.046,-4.0,4.156,-2.0,-0.785,-2.0,-3.0,-4.0,-2.0,-0.999,-1.0,6.809,6.385,-0.456,2.0,-3.0,0.0,-1.0,0.0,1.704,3.309,-1.0,-1.0,0.0,1.834,1.899,-1.0,0.0,0.0,0.0,0.0,0.0,-1.0,0.0,0.0,-1.0,0.0,0.0,1.499,-1.0,0.0,0.0,1.505,-2.0,0.015,1.498,-2.0,-2.0,0.508,3.073,1.268,11.486,-2.285,1.266,-2.811,13.328,6.258,-2.503,-3.456,-2.508,0.996,-2.009,-5.0,-3.0,4.897,-2.488,2.226,2.228,3.543,1.768,-1.507,3.943,0.344,1.848,-2.504,-0.879,2.109,-4.495,-2.509,-5.999,-1.497,0.428,-1.0,-4.999,0.711,5.097,1.995,0.0,0.0,0.0,0.0,0.0,0.0,0.0,0.0,0.0,0.0
BtcGF,BTCUSDc,170,31.4217,37.706,5,1.0893,26.18,393,30.7888,1,15,300,0.015,2.1,1.75,0.0,0.5,16385,1,27.834,9,1,0,0,0.6,4,16.707,20.999,6.826,7.668,1.136,0.0,0.0,1.294,5.493,-3.0,1.745,5.475,-2.0,-5.0,-1.241,-3.0,-1.198,1.975,1.624,-1.23,0.783,-2.658,3.589,2.184,1.597,-0.667,3.587,3.282,1.646,-3.251,-1.361,-1.223,-3.0,3.879,-0.627,-1.256,-4.0,-5.997,-2.0,-0.779,-2.0,-3.0,-4.0,-2.0,-0.999,-1.0,10.308,7.73,-0.015,2.498,-3.0,0.0,-1.0,0.0,2.303,3.559,-1.0,-1.0,0.0,-0.999,2.278,-1.0,0.0,0.0,0.0,0.0,0.0,-1.0,0.0,0.0,-1.0,0.0,0.0,1.749,-1.0,0.0,0.0,-1.0,-2.0,0.54,1.747,-2.0,-2.0,0.805,3.651,2.438,6.107,-2.909,3.101,-1.879,10.538,2.277,-2.253,-3.149,-2.259,1.496,-1.51,-5.0,0.41,2.006,-2.217,5.872,1.685,4.37,5.297,-5.0,-0.319,1.477,1.977,0.461,0.661,3.891,-4.225,-1.25,-5.999,-3.0,3.409,-1.0,-4.999,1.021,6.299,3.431,0.0,0.0,0.0,0.0,0.0,0.0,0.0,0.0,0.0,0.0
BtcGF,BTCUSDc,166,40.038,40.038,6,1.8528,26.06,390,31.2821,1,15,240,0.015,1.8,1.75,0.0,0.5,16385,1,29.606,9,1,0,0,0.6,5,26.836,13.202,6.823,7.269,1.136,0.0,0.0,1.294,4.745,-3.0,1.745,5.142,-2.0,-5.0,-1.245,-2.999,-1.216,5.79,1.601,-1.233,-2.238,-0.75,2.341,-0.811,1.031,1.256,-1.235,2.956,1.646,-3.251,-1.361,-1.223,-3.0,3.812,2.293,1.553,-4.0,5.433,-2.0,-1.612,-2.0,-3.0,-4.0,-2.0,-0.999,-1.0,8.399,7.73,-0.113,2.498,-3.0,0.0,-1.0,0.0,2.062,3.97,-1.0,-1.0,0.0,2.752,2.096,-1.0,0.0,0.0,0.0,0.0,0.0,-1.0,0.0,0.0,-1.0,0.0,0.0,1.749,-1.0,0.0,0.0,-1.0,-2.0,0.528,1.747,-2.0,-2.0,0.791,3.608,1.928,4.179,-3.034,3.081,-1.879,10.513,2.755,-2.253,-3.172,-2.259,1.496,-1.51,-5.0,-3.0,1.705,-2.222,2.162,3.061,4.326,3.915,-4.0,0.574,0.9,1.925,0.457,0.628,3.891,-4.23,-1.25,-6.0,-3.0,3.289,-1.0,-5.0,0.924,6.197,3.431,0.0,0.0,0.0,0.0,0.0,0.0,0.0,0.0,0.0,0.0
BtcGF,BTCUSDc,129,18.758,37.516,3,1.2502,72.9,385,25.7143,1,15,180,0.015,1.8,2.0,0.0,0.5,16385,1,10.165,14,1,0,0,0.4,2,46.664,-9.148,9.2,13.515,-5.0,0.0,0.0,7.415,5.568,-3.0,5.783,7.943,-2.0,-5.0,-0.982,-3.0,-0.928,8.651,5.946,-0.924,-1.98,-6.0,0.689,-0.889,3.246,9.554,-0.945,5.505,-3.0,-3.001,-6.0,-0.966,-3.0,0.767,-5.0,-1.007,-4.0,23.352,-2.0,-0.877,-2.0,-3.0,-4.0,-2.0,-0.999,-1.0,0.164,4.003,0.31,3.022,-3.0,0.0,-1.0,0.0,2.663,8.441,-1.0,-1.0,0.0,-1.0,2.426,-1.0,0.0,0.0,0.0,0.0,0.0,-1.0,0.0,0.0,-1.0,0.0,0.0,1.999,-1.0,0.0,0.0,-1.0,-2.0,1.063,1.997,-2.0,-2.0,1.104,4.36,1.21,-0.975,-2.637,7.158,-6.0,-2.997,1.224,-2.003,-2.879,-2.011,1.996,-3.002,-5.0,-3.0,1.125,-1.953,3.229,6.914,5.161,10.088,-4.0,1.533,1.536,-0.571,-5.0,0.099,-1.005,-3.973,-0.985,-7.0,-3.0,0.359,-1.0,-5.0,-0.747,9.412,3.022,0.0,0.0,0.0,0.0,0.0,0.0,0.0,0.0,0.0,0.0
BtcGF,BTCUSDc,101,8.534,17.068,3,0.545,39.57,419,38.9021,1,15,300,0.015,1.5,1.25,0.0,0.5,16385,1,10.315,5,1,0,0,0.4,3,17.339,-0.271,4.464,7.604,-5.0,0.0,0.0,1.825,3.237,-0.706,1.247,2.576,-2.0,-2.696,-0.755,0.754,-1.753,3.205,0.545,1.695,-0.963,-1.327,0.758,1.936,-2.48,-0.597,-4.0,0.944,-3.0,-3.75,-4.757,-1.75,-0.754,6.358,0.989,-1.754,2.753,-1.452,-2.0,-1.469,-2.0,-2.999,-4.0,-2.0,4.498,6.206,5.795,5.94,-0.748,1.5,-3.0,0.0,-1.0,0.0,1.328,2.504,-1.0,-1.0,0.0,3.559,1.35,5.479,0.0,0.0,0.0,0.0,0.0,-1.0,0.0,0.0,-1.0,0.0,0.0,1.249,-1.0,0.0,0.0,1.252,-2.0,2.522,1.248,0.908,-2.0,0.256,2.503,1.132,12.376,-2.73,-0.22,-3.76,4.832,0.74,-2.754,-3.736,-2.757,0.497,-1.242,-5.0,-0.379,1.135,-2.753,-4.74,0.517,2.737,5.5,-0.508,3.968,-0.16,0.799,-2.753,-1.442,0.491,-4.747,-0.519,-2.238,-1.541,2.559,-0.755,-2.57,0.312,4.004,1.496,0.0,0.0,0.0,0.0,0.0,0.0,0.0,0.0,0.0,0.0
BtcGF,BTCUSDc,56,0.7703,2.311,2,0.077,630.07,420,35.9524,1,15,300,0.015,1.5,1.25,0.0,0.5,16385,1,-12.25,6,1,0,0,0.2,2,11.238,-8.927,1.481,15.756,-5.0,0.0,0.0,-2.74,-0.478,-0.706,1.247,8.822,-2.0,-2.696,-0.755,0.754,-1.753,3.205,0.545,3.235,-0.963,-1.327,0.758,3.768,-2.48,-0.597,-4.0,0.944,-2.999,-3.75,-4.757,-1.75,-0.754,12.122,0.989,-1.754,-3.068,-1.453,-2.0,-1.469,-2.0,-3.0,-4.0,-2.0,-0.724,14.752,0.594,1.746,-0.748,1.5,-3.0,0.0,-1.0,0.0,1.328,2.504,-1.0,-1.0,0.0,3.559,1.35,-1.0,0.0,0.0,0.0,0.0,0.0,-1.0,0.0,0.0,-1.0,0.0,0.0,1.249,-1.0,0.0,0.0,1.252,-2.0,2.522,1.248,1.743,-2.0,0.256,2.503,2.242,-0.505,-2.73,-0.22,-3.76,9.096,0.74,-2.754,-3.736,-2.757,0.497,-1.242,-5.0,-0.379,1.135,-2.753,-4.739,0.517,2.737,-0.503,-0.508,6.671,-0.16,0.799,-2.753,-1.442,0.49,-4.747,-0.519,-2.238,-1.541,3.875,-0.755,-2.57,0.312,4.004,1.496,0.0,0.0,0.0,0.0,0.0,0.0,0.0,0.0,0.0,0.0
BtcGF,BTCUSDc,117,15.2313,22.847,4,0.6029,57.83,388,29.3814,1,15,180,0.015,1.5,1.75,0.0,0.5,16385,1,9.634,10,1,0,0,0.4,3,9.418,13.429,7.582,10.767,-5.0,0.0,0.0,3.978,4.284,0.04,1.745,6.012,-2.0,-5.0,-1.245,-3.0,-1.234,4.938,4.821,-1.236,-2.242,-5.999,1.786,-1.208,0.722,6.701,-1.203,3.613,0.777,-3.251,-6.0,-1.23,-3.0,-2.375,-5.0,-1.256,-4.0,8.214,-2.0,-1.992,-2.0,-2.999,-4.0,-2.0,-0.999,0.0,2.809,9.223,-0.172,2.498,-3.0,0.0,-1.0,0.0,1.937,6.679,-1.0,-1.0,0.0,-1.0,1.933,-1.0,0.0,0.0,0.0,0.0,0.0,-1.0,0.0,0.0,-1.0,0.0,0.0,1.749,-1.0,0.0,0.0,-1.0,-2.0,-0.257,1.747,-2.0,-2.0,0.772,3.569,0.89,2.776,-3.139,4.487,-0.938,5.356,3.509,-2.253,-3.195,-2.259,1.496,-3.252,-4.999,-3.0,2.852,-2.237,-0.623,5.481,4.3,7.377,-4.0,0.921,0.905,2.461,-0.021,0.605,-1.255,-4.235,-1.26,-6.0,-3.0,11.615,-1.0,-4.0,0.86,6.116,2.508,0.0,0.0,0.0,0.0,0.0,0.0,0.0,0.0,0.0,0.0
BtcGF,BTCUSDc,155,11.365,22.73,3,0.7146,24.39,399,34.8371,1,15,300,0.015,1.5,1.5,0.0,0.5,16385,1,17.186,2,1,0,0,0.6,3,0.422,22.308,5.492,5.688,0.078,0.0,0.0,0.001,4.428,-0.317,1.496,2.967,-2.0,-5.0,-1.504,-3.0,-1.511,4.193,1.064,2.198,-0.098,-0.695,1.595,0.377,-0.902,-1.248,-0.109,1.835,0.898,-3.5,-2.115,-1.5,-0.505,0.424,-1.368,-1.505,-4.0,3.096,-2.0,-0.929,-2.0,-3.0,-4.0,-2.0,-0.999,0.0,6.229,6.385,-0.477,2.0,-3.0,0.0,-1.0,0.0,1.606,3.012,-1.0,-1.0,0.0,-0.999,1.641,-1.0,0.0,0.0,0.0,0.0,0.0,-1.0,0.0,0.0,-1.0,0.0,0.0,1.499,-1.0,0.0,0.0,1.505,-2.0,-0.506,1.498,-2.0,-2.0,0.508,3.034,1.601,12.673,-2.427,1.244,-2.811,13.304,5.929,-2.503,-3.47,-2.508,0.996,-2.009,-5.0,0.01,3.399,-2.496,0.444,1.051,3.516,2.768,-2.507,4.544,0.665,1.599,-2.504,-0.921,2.109,-4.495,-2.514,-6.0,-1.511,5.072,-1.0,-2.092,0.584,5.035,1.995,0.0,0.0,0.0,0.0,0.0,0.0,0.0,0.0,0.0,0.0
BtcGF,BTCUSDc,163,33.1383,39.766,5,1.6022,21.2,386,31.6062,1,15,240,0.015,1.5,1.75,0.0,0.5,16385,1,31.336,9,1,0,0,0.6,3,22.497,17.269,6.818,7.06,1.136,0.0,0.0,1.295,4.745,0.04,1.745,5.134,-2.0,-5.0,-1.245,-2.999,-1.234,4.9,1.582,-1.236,-2.242,-0.749,1.786,-0.838,0.722,1.256,-1.235,2.954,1.646,-3.251,-1.361,-1.23,-3.0,3.726,2.256,1.532,-4.0,3.431,-2.0,-1.992,-2.0,-3.0,-4.0,-2.0,-0.999,0.0,3.97,7.73,-0.172,2.498,-3.0,0.0,-1.0,0.0,1.937,3.953,-1.0,-1.0,0.0,2.746,1.933,-1.0,0.0,0.0,0.0,0.0,0.0,-1.0,0.0,0.0,-1.0,0.0,0.0,1.749,-1.0,0.0,0.0,-1.0,-2.0,-0.257,1.747,-2.0,-2.0,0.772,3.569,1.928,4.179,-3.137,3.071,-1.879,10.503,2.755,-2.253,-3.195,-2.259,1.496,-1.51,-5.0,-3.0,1.495,-2.237,0.746,3.048,4.3,3.915,-4.0,0.574,0.871,1.811,0.452,0.605,3.891,-4.235,-1.26,-6.0,-3.0,10.356,-1.0,-4.0,0.86,6.116,3.431,0.0,0.0,0.0,0.0,0.0,0.0,0.0,0.0,0.0,0.0
BtcGF,BTCUSDc,75,8.256,16.512,3,0.3265,150.91,394,27.665,1,15,180,0.015,1.8,1.75,0.0,0.5,16385,1,-8.407,9,1,0,0,0.2,1,1.887,14.625,7.587,27.062,-5.0,0.0,0.0,-4.0,4.284,-3.0,1.745,10.205,-2.0,-5.0,-1.245,-3.0,-1.216,5.811,8.341,-1.233,-2.238,-6.0,2.341,-1.181,1.031,-3.221,-1.203,5.648,0.778,-3.251,-6.0,-1.223,-3.0,-2.289,-5.0,-1.256,-5.0,0.106,-2.0,-1.612,-2.0,-3.0,-4.0,-2.0,-0.999,-1.0,7.779,3.247,-0.113,2.498,-3.0,0.0,-1.0,0.0,2.062,0.797,-1.0,-1.0,0.0,-1.0,2.096,-1.0,0.0,0.0,0.0,0.0,0.0,-1.0,0.0,0.0,-1.0,0.0,0.0,1.749,-1.0,0.0,0.0,-1.0,-2.0,0.527,1.747,-2.0,-2.0,0.791,3.608,0.89,1.776,-2.036,9.885,-0.875,-1.456,3.509,-2.253,-3.172,-2.259,1.496,-3.252,-5.0,-3.0,7.148,-2.222,0.861,6.67,4.326,12.204,-4.0,0.921,0.914,-1.01,-0.016,0.628,-1.256,-4.23,-1.25,-7.0,-3.0,8.382,-1.0,-5.0,0.924,6.197,2.508,0.0,0.0,0.0,0.0,0.0,0.0,0.0,0.0,0.0,0.0
BtcGF,BTCUSDc,86,-2.384,-7.152,2,-0.1236,0.0,391,24.0409,1,15,300,0.015,1.8,2.0,0.0,0.5,16385,1,-37.915,6,1,0,0,0.2,1,3.341,-10.493,3.033,33.568,-5.0,0.0,0.0,-4.0,1.666,-3.0,10.472,-1.958,-2.0,-5.0,0.018,-4.0,-0.928,9.202,2.149,-0.924,1.758,-2.321,0.689,-4.0,3.246,1.959,-4.0,9.408,-2.999,-3.001,-6.0,-0.966,-3.0,-3.287,-0.499,-1.007,-5.0,1.427,-2.0,-0.877,-2.0,-3.0,-4.0,-2.0,-0.999,-1.0,-3.999,4.003,0.31,3.022,-3.0,0.0,-1.0,0.0,2.663,4.087,-1.0,-1.0,0.0,-0.999,2.426,-1.0,0.0,0.0,0.0,0.0,0.0,-1.0,0.0,0.0,-1.0,0.0,0.0,1.999,-1.0,0.0,0.0,-1.0,-2.0,1.064,1.997,-2.0,-2.0,1.104,4.36,10.467,-5.0,-1.637,16.186,-5.999,-2.996,2.083,-2.003,-2.879,-2.011,1.996,-3.002,-6.0,0.795,6.384,-1.953,-3.935,2.201,5.161,-2.001,-5.0,0.222,2.163,2.562,-5.0,0.099,-1.006,-3.973,-0.985,-7.0,-3.0,0.36,-1.0,-5.0,-0.747,9.412,0.018,0.0,0.0,0.0,0.0,0.0,0.0,0.0,0.0,0.0,0.0
BtcGF,BTCUSDc,19,32.5865,65.173,3,2.2218,89.57,383,37.5979,1,15,240,0.015,1.5,1.5,0.0,0.5,16385,1,6.798,2,1,0,0,0.0,2,-3.35,68.523,6.753,3.115,-2.494,0.0,0.0,-1.475,5.184,-3.0,1.496,2.428,-0.429,-2.464,-1.504,-2.999,0.489,3.201,1.064,-0.496,-2.497,0.884,1.595,-1.224,-0.902,-2.49,-1.488,1.269,-0.492,-3.5,-0.989,-1.5,-0.505,-0.366,1.525,1.001,-5.0,1.411,-2.0,2.071,-2.0,-3.0,-4.0,-2.0,-0.999,0.0,5.586,5.006,-0.477,2.0,-3.0,0.0,-1.0,0.0,1.606,3.303,-1.0,-1.0,0.0,1.813,1.641,-1.0,0.0,0.0,0.0,0.0,0.0,-1.0,0.0,0.0,-1.0,0.0,0.0,1.499,-1.0,0.0,0.0,1.505,-2.0,-0.506,1.498,0.49,-2.0,0.508,3.034,1.268,5.242,0.086,1.548,-0.958,5.621,4.358,-1.503,1.561,-2.508,0.996,-1.507,-5.0,-3.0,1.623,-2.496,-4.483,2.2,3.516,2.453,-1.507,7.827,0.289,1.69,-2.504,-2.497,60.369,-3.495,-2.514,-6.0,-1.514,3.27,-1.0,-2.051,0.584,5.035,1.995,0.0,0.0,0.0,0.0,0.0,0.0,0.0,0.0,0.0,0.0
BtcGF,BTCUSDc,44,2.039,4.078,3,0.1189,256.57,364,29.1209,1,15,300,0.015,2.1,2.0,0.0,0.5,16385,1,-6.385,4,1,0,0,0.0,2,8.055,-3.977,3.044,5.895,-1.933,0.0,0.0,0.646,1.685,-3.0,2.004,-0.957,-2.998,-1.884,0.026,-3.0,1.107,8.748,2.192,0.108,1.789,-2.189,3.656,-4.0,5.044,-0.088,-3.998,11.41,0.068,-3.001,1.154,-0.966,-3.0,1.468,-0.1,-1.007,-5.0,1.666,-2.0,3.722,-3.0,-3.0,-4.0,-2.0,-0.999,-1.0,-3.999,4.003,0.596,3.022,-3.0,0.0,-1.0,0.0,3.36,4.105,-1.0,-1.0,0.0,-0.999,2.656,-1.0,0.0,0.0,0.0,0.0,0.0,-1.0,0.0,0.0,-1.0,0.0,0.0,1.999,-1.0,0.0,0.0,-1.0,-2.0,1.096,1.997,-2.0,-2.0,1.155,4.638,-2.0,1.135,-1.381,2.135,2.308,0.163,0.028,-1.003,1.245,-2.011,1.996,-2.0,-5.0,0.801,0.139,-1.945,-3.926,2.318,5.256,1.803,-5.0,0.222,2.248,2.948,-1.964,0.156,2.012,-2.966,-0.979,-5.999,-3.0,1.404,-1.0,-4.999,-0.595,9.564,3.024,0.0,0.0,0.0,0.0,0.0,0.0,0.0,0.0,0.0,0.0
BtcGF,BTCUSDc,42,5.113,10.226,3,0.2778,155.24,371,27.2237,1,15,180,0.015,2.1,2.0,0.0,0.5,16385,1,-5.649,9,1,0,0,0.0,2,7.88,2.346,9.211,5.895,-5.0,0.0,0.0,4.65,5.582,-3.0,2.004,-0.957,3.438,-1.884,-0.974,-3.0,-0.893,3.453,10.096,0.108,-1.98,-6.0,3.656,-0.846,5.044,-1.97,-0.945,2.56,-3.0,-3.001,8.384,-0.966,-3.0,1.165,-5.0,-1.007,-5.0,-1.671,-2.0,3.722,-3.0,-3.0,-4.0,-2.0,-0.999,-1.0,0.29,4.003,0.596,3.022,-3.0,0.0,-1.0,0.0,3.36,1.078,-1.0,-1.0,0.0,-1.0,2.656,-1.0,0.0,0.0,0.0,0.0,0.0,-1.0,0.0,0.0,-1.0,0.0,0.0,1.999,-1.0,0.0,0.0,-1.0,-2.0,1.096,1.997,-2.0,-2.0,1.155,4.638,1.213,4.163,-1.381,0.115,-0.692,1.312,-0.844,-1.003,-3.84,-2.011,1.996,-2.002,-5.0,-3.0,-2.995,-1.945,11.875,8.377,5.256,-3.001,-4.0,1.533,1.569,-0.241,-5.0,0.156,2.012,-2.966,-0.979,-5.999,-3.0,3.789,-1.0,-4.999,-0.595,9.564,3.024,0.0,0.0,0.0,0.0,0.0,0.0,0.0,0.0,0.0,0.0
BtcGF,BTCUSDc,147,2.685,5.37,3,0.1713,75.16,415,39.5181,1,15,180,0.015,1.8,1.25,0.0,0.5,16385,1,1.334,0,1,0,0,0.6,3,4.941,0.429,4.155,5.633,-1.648,0.0,0.0,0.697,2.002,-0.67,1.247,1.071,-2.0,-2.67,-1.755,-0.755,-1.753,2.986,1.649,1.183,-2.749,-0.569,0.773,0.502,0.915,-1.622,-1.721,0.668,-0.263,-3.75,-1.627,-1.75,-0.754,2.967,-2.64,-1.754,-0.283,2.866,-2.0,-1.446,-2.0,-3.0,-4.0,-2.0,3.052,4.354,4.086,5.04,-0.748,1.5,-3.0,0.0,-1.0,0.0,1.343,3.194,-1.0,-1.0,0.0,0.295,1.435,3.255,0.0,0.0,0.0,0.0,0.0,-1.0,0.0,0.0,-1.0,0.0,0.0,1.249,-1.0,0.0,0.0,1.252,-2.0,-0.503,1.248,0.629,-2.0,0.256,2.506,0.29,8.261,0.931,-0.216,-3.76,7.626,4.694,2.282,-3.733,-2.757,0.497,-2.482,-5.0,-3.0,2.144,-2.753,-1.47,1.877,2.737,2.528,0.492,2.305,-0.301,1.187,-2.753,-1.428,0.49,-4.747,-0.516,-3.16,-1.541,-0.764,-0.755,-2.269,0.348,4.012,1.496,0.0,0.0,0.0,0.0,0.0,0.0,0.0,0.0,0.0,0.0
BtcGF,BTCUSDc,121,11.6645,23.329,3,0.5501,45.66,395,29.6203,1,15,240,0.015,1.8,1.75,0.0,0.5,16385,1,12.677,8,1,0,0,0.4,3,15.241,8.088,7.949,10.976,-5.0,0.0,0.0,3.977,6.139,-3.0,1.745,9.436,-2.0,-5.0,-0.245,-3.999,-1.216,5.79,1.601,-1.233,-2.238,-0.561,2.341,-0.811,1.031,6.711,-1.235,3.635,-3.0,-3.251,-6.0,-1.223,-3.0,-5.057,2.293,1.553,-4.0,-3.114,-2.0,-1.612,-2.0,-3.0,-4.0,-2.0,-0.999,-1.0,8.621,9.223,-0.113,2.498,-3.0,0.0,-1.0,0.0,2.062,3.97,-1.0,-1.0,0.0,2.752,2.096,-1.0,0.0,0.0,0.0,0.0,0.0,-1.0,0.0,0.0,-1.0,0.0,0.0,1.749,-1.0,0.0,0.0,-1.0,-2.0,0.528,1.747,-2.0,-2.0,0.791,3.608,1.928,6.289,-3.036,4.497,-0.938,5.366,2.755,-2.253,-3.172,-2.259,1.496,-1.51,-5.0,-3.0,3.062,-2.222,-4.221,3.061,4.326,8.142,-4.0,0.574,0.9,1.925,1.081,0.628,-1.255,-4.23,-1.25,-7.0,-3.0,4.561,-1.0,-5.0,0.924,6.197,4.048,0.0,0.0,0.0,0.0,0.0,0.0,0.0,0.0,0.0,0.0
BtcGF,BTCUSDc,126,17.085,34.17,3,0.9334,50.71,379,26.9129,1,15,180,0.015,1.5,2.0,0.0,0.5,16385,1,16.843,13,1,0,0,0.4,1,40.078,-5.908,9.189,13.036,-5.0,0.0,0.0,7.416,5.568,1.501,5.783,7.801,-2.0,-5.0,-0.985,-3.0,-0.963,7.137,5.912,-0.948,-1.987,-5.999,2.653,-0.934,2.444,9.538,-0.945,5.503,-3.0,-3.001,-6.0,-0.974,-3.0,0.356,-5.0,-1.007,-4.0,13.328,-2.0,-1.573,-2.0,-2.999,-4.0,-2.0,-0.999,0.0,0.087,4.003,0.16,3.018,-3.0,0.0,-1.0,0.0,2.318,8.418,-1.0,-1.0,0.0,-1.0,2.224,-1.0,0.0,0.0,0.0,0.0,0.0,-1.0,0.0,0.0,-1.0,0.0,0.0,1.999,-1.0,0.0,0.0,-1.0,-2.0,-0.008,1.997,-2.0,-2.0,1.055,4.185,1.201,-0.979,-2.825,7.145,-6.0,-2.997,1.197,-2.003,-2.918,-2.011,1.996,-3.002,-4.999,-3.0,4.689,-1.978,0.264,6.885,5.099,9.999,-4.0,1.533,1.526,3.291,-5.0,0.065,-1.005,-3.98,-1.001,-6.0,-3.0,0.206,-1.0,-4.0,-0.847,9.292,3.02,0.0,0.0,0.0,0.0,0.0,0.0,0.0,0.0,0.0,0.0
BtcGF,BTCUSDc,107,6.7885,13.577,3,0.4729,49.81,421,38.4798,1,15,300,0.015,2.1,1.25,0.0,0.5,16385,1,6.814,5,1,0,0,0.4,3,20.652,-7.075,4.464,7.63,-5.0,0.0,0.0,1.831,3.237,-0.624,1.247,2.581,-2.0,-2.638,-0.755,0.76,-1.753,3.362,0.565,1.695,-0.961,-1.327,0.794,1.936,-2.471,-0.597,-2.031,0.946,-3.0,-3.75,-4.757,-1.75,-0.754,6.446,1.16,-1.754,2.763,-1.431,-2.0,-1.408,-2.0,-2.999,-4.0,-2.0,4.498,6.231,6.099,5.94,-0.748,1.5,-3.0,0.0,-1.0,0.0,1.395,2.509,-1.0,-1.0,0.0,3.571,1.521,5.479,0.0,0.0,0.0,0.0,0.0,-1.0,0.0,0.0,-1.0,0.0,0.0,1.249,-1.0,0.0,0.0,1.252,-2.0,-0.503,1.248,0.908,-2.0,0.256,2.511,1.132,12.376,-2.717,-0.207,-3.76,4.839,0.74,-2.754,-3.732,-2.757,0.497,-1.232,-5.0,-0.375,1.277,-2.753,-4.737,0.54,2.737,5.5,-0.508,3.971,-0.134,0.874,-2.753,-1.409,0.491,-4.747,-0.516,-1.217,-1.541,-0.279,-0.755,-4.999,0.404,4.012,1.496,0.0,0.0,0.0,0.0,0.0,0.0,0.0,0.0,0.0,0.0
BtcGF,BTCUSDc,81,23.9865,47.973,3,0.9728,64.13,381,26.2467,1,15,180,0.015,1.5,2.0,0.0,0.5,16385,1,17.21,10,1,0,0,0.2,2,30.367,17.606,9.189,33.089,-5.0,0.0,0.0,-3.999,5.568,1.501,10.472,12.662,-2.0,-5.0,-0.985,-3.0,-0.963,7.137,10.019,-0.948,-1.987,-5.999,2.653,-0.934,2.444,-2.969,-0.945,9.04,-2.999,-3.001,-6.0,-0.974,-3.0,0.356,-5.0,-1.007,-5.0,0.666,-2.0,-1.573,-2.0,-2.999,-4.0,-2.0,-0.999,0.0,0.087,4.003,0.16,3.018,-3.0,0.0,-1.0,0.0,2.318,1.042,-1.0,-1.0,0.0,-1.0,2.224,-1.0,0.0,0.0,0.0,0.0,0.0,-1.0,0.0,0.0,-1.0,0.0,0.0,1.999,-1.0,0.0,0.0,-1.0,-2.0,-0.008,1.997,-2.0,-2.0,1.055,4.185,1.201,-1.979,-1.825,16.173,-6.0,-2.996,1.197,-2.003,-2.918,-2.011,1.996,-3.002,-4.999,-3.0,9.948,-1.978,0.264,8.274,5.099,15.837,-4.0,1.533,1.526,3.291,-5.0,0.065,-1.006,-3.98,-1.001,-6.0,-3.0,0.207,-1.0,-4.0,-0.847,9.292,3.02,0.0,0.0,0.0,0.0,0.0,0.0,0.0,0.0,0.0,0.0
BtcGF,BTCUSDc,162,7.309,14.618,3,0.3625,52.93,386,30.3109,1,15,180,0.015,1.5,1.75,0.0,0.5,16385,1,6.88,8,1,0,0,0.6,3,2.699,11.919,6.818,7.06,1.136,0.0,0.0,1.295,4.284,0.04,1.745,3.74,-2.0,-5.0,-1.245,-3.0,-1.234,4.938,3.256,-1.236,-2.242,-5.999,1.786,-1.208,0.722,1.256,-1.203,2.934,0.777,-3.251,-1.361,-1.23,-3.0,3.726,-5.0,-1.256,-4.0,2.739,-2.0,-1.992,-2.0,-2.999,-4.0,-2.0,-0.999,0.0,2.809,7.73,-0.172,2.498,-3.0,0.0,-1.0,0.0,1.937,5.418,-1.0,-1.0,0.0,-1.0,1.933,-1.0,0.0,0.0,0.0,0.0,0.0,-1.0,0.0,0.0,-1.0,0.0,0.0,1.749,-1.0,0.0,0.0,-1.0,-2.0,-0.257,1.747,-2.0,-2.0,0.772,3.569,0.89,2.776,-3.137,3.071,-1.879,10.503,3.509,-2.253,-3.195,-2.259,1.496,-3.252,-4.999,-3.0,1.496,-2.237,-0.623,4.228,4.3,3.56,-4.0,0.921,0.904,2.461,-0.021,0.605,3.891,-4.235,-1.26,-6.0,-3.0,10.343,-1.0,-4.0,0.86,6.116,2.508,0.0,0.0,0.0,0.0,0.0,0.0,0.0,0.0,0.0,0.0
BtcGF,BTCUSDc,123,25.0287,37.543,4,1.2819,72.27,393,28.4987,1,15,180,0.015,2.1,1.75,0.0,0.5,16385,1,10.412,11,1,0,0,0.4,2,30.365,7.178,7.59,11.375,-5.0,0.0,0.0,3.977,4.284,-3.0,1.745,6.241,-2.0,-5.0,-1.241,-3.0,-1.198,1.763,4.863,-1.23,-2.238,-6.0,3.589,-1.154,1.597,6.722,-1.203,3.615,0.777,-3.251,-6.0,-1.223,-3.0,-2.218,-5.0,-1.256,-4.0,22.132,-2.0,-0.779,-2.0,-3.0,-4.0,-2.0,-0.999,-1.0,9.344,9.223,-0.015,2.498,-3.0,0.0,-1.0,0.0,2.303,6.705,-1.0,-1.0,0.0,-1.0,2.278,-1.0,0.0,0.0,0.0,0.0,0.0,-1.0,0.0,0.0,-1.0,0.0,0.0,1.749,-1.0,0.0,0.0,-1.0,-2.0,0.54,1.747,-2.0,-2.0,0.805,3.651,0.89,2.789,-2.911,4.517,-0.938,5.391,3.517,-2.253,-3.149,-2.259,1.496,-3.252,-5.0,-3.0,3.363,-2.217,4.593,5.536,4.37,7.52,-4.0,0.921,0.941,-0.86,-0.012,0.661,-1.255,-4.225,-1.25,-6.999,-3.0,4.681,-1.0,-4.999,1.021,6.299,2.508,0.0,0.0,0.0,0.0,0.0,0.0,0.0,0.0,0.0,0.0
BtcGF,BTCUSDc,128,19.129,38.258,3,1.2213,51.1,381,26.5092,1,15,300,0.015,1.5,2.0,0.0,0.5,16385,1,18.71,12,1,0,0,0.4,2,37.207,1.051,9.683,13.036,-5.0,0.0,0.0,6.103,8.835,1.501,5.783,17.84,-2.0,-5.0,0.015,-4.0,-0.963,7.633,2.115,-0.948,1.752,-2.416,2.653,-4.0,2.444,1.943,-4.0,5.85,-3.0,-3.001,-6.0,-0.974,-3.0,-3.691,-0.739,-1.007,-4.0,15.549,-2.0,-1.573,-2.0,-2.999,-4.0,-2.0,-0.999,0.0,-2.0,4.003,0.16,3.018,-3.0,0.0,-1.0,0.0,2.318,4.059,-1.0,-1.0,0.0,-0.999,2.224,-1.0,0.0,0.0,0.0,0.0,0.0,-1.0,0.0,0.0,-1.0,0.0,0.0,1.999,-1.0,0.0,0.0,-1.0,-2.0,-0.008,1.997,-2.0,-2.0,1.055,4.185,5.661,3.456,-2.825,7.145,-6.0,-2.997,2.049,-2.003,-2.918,-2.011,1.996,-3.002,-6.0,0.789,4.689,-1.978,-3.954,2.126,5.099,17.081,-5.0,0.222,2.121,2.306,-5.0,0.065,-1.005,-3.98,-1.001,-6.0,-3.0,0.23,-1.0,-4.0,-0.847,9.292,0.016,0.0,0.0,0.0,0.0,0.0,0.0,0.0,0.0,0.0,0.0
BtcGF,BTCUSDc,84,20.713,41.426,3,0.8486,74.26,387,25.0646,1,15,180,0.015,1.8,2.0,0.0,0.5,16385,1,10.663,11,1,0,0,0.2,2,30.075,11.351,9.2,33.568,-5.0,0.0,0.0,-4.0,5.568,-3.0,10.472,12.853,-2.0,-5.0,-0.982,-3.0,-0.928,8.651,10.053,-0.924,-1.98,-6.0,0.689,-0.889,3.246,-2.953,-0.945,9.042,-2.999,-3.001,-6.0,-0.966,-3.0,0.767,-5.0,-1.007,-5.0,0.764,-2.0,-0.877,-2.0,-3.0,-4.0,-2.0,-0.999,-1.0,0.164,4.003,0.31,3.022,-3.0,0.0,-1.0,0.0,2.663,1.065,-1.0,-1.0,0.0,-1.0,2.426,-1.0,0.0,0.0,0.0,0.0,0.0,-1.0,0.0,0.0,-1.0,0.0,0.0,1.999,-1.0,0.0,0.0,-1.0,-2.0,1.063,1.997,-2.0,-2.0,1.104,4.36,1.21,-1.975,-1.637,16.186,-6.0,-2.996,1.224,-2.003,-2.879,-2.011,1.996,-3.002,-5.0,-3.0,6.384,-1.953,3.229,8.287,5.161,15.926,-4.0,1.533,1.536,-0.571,-5.0,0.099,-1.006,-3.973,-0.985,-7.0,-3.0,0.36,-1.0,-5.0,-0.747,9.412,3.022,0.0,0.0,0.0,0.0,0.0,0.0,0.0,0.0,0.0,0.0
BtcGF,BTCUSDc,40,20.49,30.735,4,1.3362,30.06,361,31.0249,1,15,240,0.015,1.8,2.0,0.0,0.5,16385,1,21.495,6,1,0,0,0.0,4,29.965,0.77,10.857,4.869,-1.958,0.0,0.0,-0.933,3.774,-3.0,2.004,6.34,1.372,-1.91,-0.982,-2.999,1.072,6.347,2.149,-2.0,-1.98,0.481,0.689,-0.416,3.246,-1.97,-0.983,2.567,0.053,-3.001,-1.945,-0.966,-3.0,5.005,3.075,2.091,-5.0,5.29,-2.0,2.123,-2.0,-3.0,-4.0,-2.0,-0.999,-1.0,1.82,4.003,0.31,3.022,-3.0,0.0,-1.0,0.0,2.663,4.636,-1.0,-1.0,0.0,3.724,2.426,-1.0,0.0,0.0,0.0,0.0,0.0,-1.0,0.0,0.0,-1.0,0.0,0.0,1.999,-1.0,0.0,0.0,-1.0,-2.0,1.064,1.997,-2.0,-2.0,1.104,4.36,2.608,4.473,-0.637,3.109,-1.376,3.128,-0.915,-1.003,1.177,-2.011,1.996,-4.0,-5.0,-3.0,0.844,-1.953,-3.936,3.947,5.161,7.239,-4.0,1.093,1.507,2.713,-4.999,0.099,2.009,-2.973,-0.985,-6.0,-3.0,1.247,-1.0,-5.0,-0.747,9.412,0.018,0.0,0.0,0.0,0.0,0.0,0.0,0.0,0.0,0.0,0.0
BtcGF,BTCUSDc,172,29.8975,35.877,5,1.6634,32.81,377,28.1167,1,15,240,0.015,1.5,2.0,0.0,0.5,16385,1,24.106,11,1,0,0,0.6,2,36.746,-0.869,8.148,8.465,-5.0,0.0,0.0,2.978,6.157,1.501,4.219,7.292,-2.0,-5.0,-0.985,-2.999,-0.963,7.001,2.115,-0.948,-1.987,0.259,2.653,-0.461,2.444,2.598,-0.983,4.328,-3.0,-3.001,-5.0,-0.974,-3.0,7.121,2.994,2.061,-4.0,7.772,-2.0,-1.573,-2.0,-3.0,-4.0,-2.0,-0.999,0.0,1.49,4.004,0.16,3.018,-3.0,0.0,-1.0,0.0,2.318,4.608,-1.0,-1.0,0.0,3.692,2.224,-1.0,0.0,0.0,0.0,0.0,0.0,-1.0,0.0,0.0,-1.0,0.0,0.0,1.999,-1.0,0.0,0.0,-1.0,-2.0,-0.008,1.997,-2.0,-2.0,1.055,4.185,2.599,-0.626,-2.823,4.849,-5.999,6.565,1.125,-2.003,-2.918,-2.011,1.996,-4.002,-5.0,-3.0,2.943,-1.978,1.907,3.91,5.099,5.976,-4.0,1.092,1.465,2.469,-5.0,0.065,5.499,-3.98,-1.001,-6.0,-3.0,0.223,-1.0,-4.0,-0.847,9.292,0.016,0.0,0.0,0.0,0.0,0.0,0.0,0.0,0.0,0.0,0.0
BtcGF,BTCUSDc,178,16.8067,25.21,4,0.6422,69.06,383,26.1097,1,15,240,0.015,2.1,2.0,0.0,0.5,16385,1,7.801,12,1,0,0,0.6,1,14.803,10.407,8.17,9.97,-5.0,0.0,0.0,2.977,6.186,-3.0,4.219,7.311,-2.0,-5.0,-0.974,-3.0,-0.893,3.425,2.192,-0.892,-1.98,0.309,3.656,-0.373,5.044,2.598,-0.983,4.33,-3.0,-3.001,-5.0,-0.966,-3.0,3.813,-3.0,2.168,-4.0,-5.997,-2.0,0.723,-2.0,-3.0,-4.0,-2.0,-0.999,-1.0,1.692,4.004,0.596,3.022,-3.0,0.0,-1.0,0.0,3.36,4.654,-1.0,-1.0,0.0,3.787,2.656,-1.0,0.0,0.0,0.0,0.0,0.0,-1.0,0.0,0.0,-1.0,0.0,0.0,1.999,-1.0,0.0,0.0,-1.0,-2.0,1.096,1.997,-2.0,-2.0,1.155,4.638,2.611,-0.619,-2.379,4.888,-5.999,6.566,1.186,-2.003,-2.84,-2.011,1.996,-4.002,-5.0,-3.0,-0.621,-1.945,13.409,4.037,5.256,5.976,-4.0,1.094,1.592,3.099,-5.0,0.156,5.499,-3.967,-0.979,-5.999,-3.0,0.53,-1.0,-4.999,-0.595,9.564,0.02,0.0,0.0,0.0,0.0,0.0,0.0,0.0,0.0,0.0,0.0
BtcGF,BTCUSDc,134,66.5927,99.889,4,3.4358,77.53,389,25.1928,1,15,300,0.015,2.1,2.0,0.0,0.5,16385,1,22.441,15,1,0,0,0.4,2,99.939,-0.05,9.705,14.541,-5.0,0.0,0.0,6.102,8.864,-3.0,5.783,17.85,-2.0,-5.0,0.026,-4.0,-0.893,3.72,2.192,-0.892,1.789,-2.189,3.656,-4.0,5.044,1.975,-3.999,5.89,-3.0,-3.001,-6.0,-0.966,-3.0,-6.999,-0.1,-1.007,-4.0,73.449,-2.0,0.723,-2.0,-2.999,-4.0,-2.0,-0.999,-1.0,4.932,4.003,0.596,3.022,-3.0,0.0,-1.0,0.0,3.36,4.105,-1.0,-1.0,0.0,-0.999,2.656,-1.0,0.0,0.0,0.0,0.0,0.0,-1.0,0.0,0.0,-1.0,0.0,0.0,1.999,-1.0,0.0,0.0,-1.0,-2.0,1.096,1.997,-2.0,-2.0,1.155,4.638,5.67,3.463,-2.381,7.184,-6.0,-2.996,2.13,-2.003,-2.84,-2.011,1.996,-3.002,-6.0,0.801,1.125,-1.945,-3.926,2.318,5.256,17.081,-5.0,0.222,2.248,2.948,-5.0,0.156,-1.005,-3.967,-0.979,-6.999,-3.0,0.53,-1.0,-4.999,-0.595,9.564,0.02,0.0,0.0,0.0,0.0,0.0,0.0,0.0,0.0,0.0,0.0
BtcGF,BTCUSDc,82,15.2447,45.734,2,0.9299,72.83,384,26.0417,1,15,240,0.015,1.5,2.0,0.0,0.5,16385,1,12.424,8,1,0,0,0.2,1,60.179,-14.445,10.846,33.089,-5.0,0.0,0.0,-3.999,0.756,1.501,10.472,32.342,-2.0,-5.0,0.015,-3.999,-0.963,7.001,2.115,-0.948,-1.987,0.482,2.653,-0.461,2.444,-2.969,-0.983,9.047,-2.999,-3.001,-6.0,-0.974,-3.0,-3.691,2.994,2.061,-5.0,-2.861,-2.0,-1.573,-2.0,-3.0,-4.0,-2.0,-0.999,0.0,1.746,4.003,0.16,3.018,-3.0,0.0,-1.0,0.0,2.318,4.608,-1.0,-1.0,0.0,3.692,2.224,-1.0,0.0,0.0,0.0,0.0,0.0,-1.0,0.0,0.0,-1.0,0.0,0.0,1.999,-1.0,0.0,0.0,-1.0,-2.0,-0.008,1.997,-2.0,-2.0,1.055,4.185,2.599,-1.626,-1.825,16.173,-6.0,-2.996,1.125,-2.003,-2.918,-2.011,1.996,-4.002,-5.0,-3.0,9.948,-1.978,-3.953,3.91,5.099,-3.001,-4.0,1.092,1.465,2.469,-5.0,0.065,-1.006,-3.98,-1.001,-6.0,-3.0,0.224,-1.0,-4.0,-0.847,9.292,0.016,0.0,0.0,0.0,0.0,0.0,0.0,0.0,0.0,0.0,0.0
BtcGF,BTCUSDc,36,2.428,4.856,3,0.1342,204.24,363,29.2011,1,15,180,0.015,1.5,2.0,0.0,0.5,16385,1,-5.062,5,1,0,0,0.0,3,6.517,-1.661,9.189,4.39,-5.0,0.0,0.0,4.619,5.568,-3.0,2.004,-0.967,0.494,-1.936,-0.985,-3.0,-0.963,7.137,10.019,-2.0,-1.987,-5.999,2.653,-0.934,2.444,-1.976,-0.945,2.558,-3.0,-3.001,8.324,-0.974,-3.0,4.407,-5.0,-1.007,-4.999,3.103,-2.0,1.427,-2.0,-2.999,-4.0,-2.0,-0.999,0.0,0.087,4.003,0.16,3.018,-3.0,0.0,-1.0,0.0,2.318,1.042,-1.0,-1.0,0.0,-1.0,2.224,-1.0,0.0,0.0,0.0,0.0,0.0,-1.0,0.0,0.0,-1.0,0.0,0.0,1.999,-1.0,0.0,0.0,-1.0,-2.0,-0.008,1.997,-2.0,-2.0,1.055,4.185,1.201,4.077,-0.825,0.076,-1.742,4.268,-0.844,-1.003,-3.919,-2.011,1.996,-2.002,-4.999,-3.0,0.569,-1.978,0.264,8.274,5.099,-3.001,-4.0,1.533,1.526,3.291,-5.0,0.065,2.005,-2.98,-1.001,-6.0,-3.0,3.707,-1.0,-4.0,-0.847,9.292,3.02,0.0,0.0,0.0,0.0,0.0,0.0,0.0,0.0,0.0,0.0
BtcGF,BTCUSDc,106,0.3815,0.763,3,0.0228,886.37,419,37.7088,1,15,240,0.015,2.1,1.25,0.0,0.5,16385,1,-6.0,5,1,0,0,0.4,3,13.66,-12.897,4.464,7.63,-5.0,0.0,0.0,1.831,2.806,-0.624,1.247,2.581,-2.0,-2.638,-0.755,1.4,-1.753,3.071,0.565,1.695,-2.749,-0.438,0.794,0.666,-2.471,0.593,-1.741,0.716,-3.0,-3.75,-4.757,-1.75,-0.754,5.394,-1.742,-1.754,2.763,-1.431,-2.0,-1.408,-2.0,-3.0,-4.0,-2.0,4.498,6.231,4.834,5.94,-0.748,1.5,-3.0,0.0,-1.0,0.0,1.395,2.67,-1.0,-1.0,0.0,3.639,1.521,5.479,0.0,0.0,0.0,0.0,0.0,-1.0,0.0,0.0,-1.0,0.0,0.0,1.249,-1.0,0.0,0.0,1.252,-2.0,-0.503,1.248,0.908,-2.0,0.256,2.511,0.608,11.18,-2.717,-0.207,-3.76,4.839,0.915,-2.754,-3.732,-2.757,0.497,-1.232,-5.0,-3.0,-1.331,-2.753,-4.737,1.359,2.737,4.501,0.492,3.189,-0.269,0.927,-2.753,-1.409,0.491,-4.747,-0.516,-1.217,-1.541,-0.279,-0.755,-4.999,0.404,4.012,1.496,0.0,0.0,0.0,0.0,0.0,0.0,0.0,0.0,0.0,0.0
BtcGF,BTCUSDc,48,-5.7583,-17.275,2,-0.4906,0.0,433,41.8014,1,15,180,0.015,1.8,1.0,0.0,0.5,16385,1,-25.308,2,1,0,0,0.2,1,-6.37,-10.905,2.773,6.766,-5.0,0.0,-0.995,-0.993,1.275,-2.005,0.997,2.631,-2.0,-2.954,0.848,-1.004,-0.008,2.006,3.283,0.711,-3.003,-4.01,-0.017,-0.001,-0.992,-4.005,2.974,0.108,4.786,-4.0,-5.005,-2.0,0.995,7.033,-0.94,-2.004,-3.791,-1.97,-1.014,-0.996,-2.0,-3.0,-4.0,0.02,-0.993,8.963,2.38,0.996,-1.003,1.0,-3.0,0.0,-1.0,0.0,1.055,1.998,1.003,-1.0,0.0,2.627,1.105,-1.0,0.0,0.0,0.0,0.0,0.0,-1.0,0.0,0.0,-1.0,0.0,0.0,0.999,-1.0,0.0,0.0,0.999,0.003,-1.005,0.998,-0.013,-2.0,0.003,1.992,-0.004,2.994,-2.997,-0.992,-4.008,0.975,0.015,-3.005,3.626,2.433,1.994,-2.998,-5.0,-3.0,-1.981,-2.008,-1.322,1.941,1.981,5.188,-0.007,1.541,9.153,0.004,-3.003,-1.988,-0.008,-4.998,1.97,-3.772,-2.044,-1.642,0.024,-2.003,0.062,3.001,0.997,0.0,0.0,0.0,0.0,0.0,0.0,0.0,0.0,0.0,0.0
BtcGF,BTCUSDc,89,-1.6193,-4.858,2,-0.0859,0.0,391,23.5294,1,15,300,0.015,2.1,2.0,0.0,0.5,16385,1,-35.621,8,1,0,0,0.2,0,3.648,-8.506,3.044,34.594,-5.0,0.0,0.0,-4.0,1.685,-3.0,10.472,-1.958,-2.0,-5.0,0.026,-4.0,-0.893,3.72,2.192,-0.892,1.789,-2.189,3.656,-4.0,5.044,1.975,-3.999,9.427,-2.999,-3.001,-6.0,-0.966,-3.0,-6.999,-0.1,-1.007,-5.0,1.56,-2.0,0.723,-2.0,-3.0,-4.0,-2.0,-0.999,-1.0,-3.999,4.003,0.596,3.022,-3.0,0.0,-1.0,0.0,3.36,4.105,-1.0,-1.0,0.0,-0.999,2.656,-1.0,0.0,0.0,0.0,0.0,0.0,-1.0,0.0,0.0,-1.0,0.0,0.0,1.999,-1.0,0.0,0.0,-1.0,-2.0,1.096,1.997,-2.0,-2.0,1.155,4.638,10.47,-5.0,-1.381,16.212,-5.999,-2.995,2.13,-2.003,-2.84,-2.011,1.996,-3.002,-6.0,0.801,6.384,-1.945,-3.926,2.318,5.256,-2.001,-5.0,0.222,2.248,2.948,-5.0,0.156,-1.006,-3.967,-0.979,-6.999,-3.0,0.531,-1.0,-4.999,-0.595,9.564,0.02,0.0,0.0,0.0,0.0,0.0,0.0,0.0,0.0,0.0,0.0
BtcGF,BTCUSDc,130,7.8337,23.501,2,0.466,59.01,389,26.2211,1,15,240,0.015,1.8,2.0,0.0,0.5,16385,1,9.632,12,1,0,0,0.4,1,40.104,-16.603,9.694,13.515,-5.0,0.0,0.0,7.415,7.945,-3.0,5.783,12.911,-2.0,-5.0,0.018,-3.999,-0.928,8.57,2.149,-0.924,-1.98,0.481,0.689,-0.416,3.246,9.554,-0.983,5.512,-3.0,-3.001,-6.0,-0.966,-3.0,-3.287,3.075,2.091,-4.0,-2.787,-2.0,-0.877,-2.0,-3.0,-4.0,-2.0,-0.999,-1.0,1.82,4.003,0.31,3.022,-3.0,0.0,-1.0,0.0,2.663,4.636,-1.0,-1.0,0.0,3.724,2.426,-1.0,0.0,0.0,0.0,0.0,0.0,-1.0,0.0,0.0,-1.0,0.0,0.0,1.999,-1.0,0.0,0.0,-1.0,-2.0,1.064,1.997,-2.0,-2.0,1.104,4.36,2.608,-0.622,-2.637,7.158,-6.0,-2.997,1.153,-2.003,-2.879,-2.011,1.996,-4.002,-5.0,-3.0,1.125,-1.953,-3.936,3.947,5.161,11.273,-4.0,1.093,1.507,2.713,-5.0,0.099,-1.005,-3.973,-0.985,-7.0,-3.0,0.359,-1.0,-5.0,-0.747,9.412,0.018,0.0,0.0,0.0,0.0,0.0,0.0,0.0,0.0,0.0,0.0
BtcGF,BTCUSDc,78,11.5435,23.087,3,0.4593,107.94,394,27.4112,1,15,180,0.015,2.1,1.75,0.0,0.5,16385,1,-1.832,11,1,0,0,0.2,2,3.417,19.67,7.59,27.461,-5.0,0.0,0.0,-4.0,4.284,-3.0,1.745,10.396,-2.0,-5.0,-1.241,-3.0,-1.198,1.763,8.364,-1.23,-2.238,-6.0,3.589,-1.154,1.597,-3.21,-1.203,5.648,0.778,-3.251,-6.0,-1.223,-3.0,-2.218,-5.0,-1.256,-5.0,0.192,-2.0,-0.779,-2.0,-3.0,-4.0,-2.0,-0.999,-1.0,9.344,3.247,-0.015,2.498,-3.0,0.0,-1.0,0.0,2.303,0.806,-1.0,-1.0,0.0,-1.0,2.278,-1.0,0.0,0.0,0.0,0.0,0.0,-1.0,0.0,0.0,-1.0,0.0,0.0,1.749,-1.0,0.0,0.0,-1.0,-2.0,0.54,1.747,-2.0,-2.0,0.805,3.651,0.89,1.789,-1.911,9.905,-0.875,-1.431,3.517,-2.253,-3.149,-2.259,1.496,-3.252,-5.0,-3.0,7.449,-2.217,4.593,6.713,4.37,12.3,-4.0,0.921,0.941,-0.86,-0.012,0.661,-1.256,-4.225,-1.25,-6.999,-3.0,8.502,-1.0,-4.999,1.021,6.299,2.508,0.0,0.0,0.0,0.0,0.0,0.0,0.0,0.0,0.0,0.0
BtcGF,BTCUSDc,66,0.4585,0.917,3,0.0175,2080.04,404,30.198,1,15,180,0.015,1.8,1.5,0.0,0.5,16385,1,-18.157,10,1,0,0,0.2,2,-17.236,18.153,5.982,20.699,-5.0,0.0,0.0,-4.0,3.518,-3.0,1.496,7.55,-2.0,-5.0,-1.504,-3.0,-1.508,3.942,6.655,5.766,-2.497,-3.51,1.7,-1.487,-0.803,-3.488,-1.462,2.18,0.258,-3.5,-6.0,-1.5,-0.505,-2.838,-5.0,-1.505,-5.0,-0.549,-2.0,-0.873,-2.0,-3.0,-4.0,-2.0,-0.999,-1.0,5.602,2.497,-0.466,2.0,-3.0,0.0,-1.0,0.0,1.628,0.52,-1.0,-1.0,0.0,-1.0,1.765,-1.0,0.0,0.0,0.0,0.0,0.0,-1.0,0.0,0.0,-1.0,0.0,0.0,1.499,-1.0,0.0,0.0,1.505,-2.0,0.01,1.498,-2.0,-2.0,0.508,3.053,0.59,14.517,-2.363,3.169,-2.302,7.179,2.343,-2.503,-3.462,-2.508,0.996,-3.502,-5.0,-3.0,4.412,-2.489,-0.55,5.082,3.524,8.47,-1.507,4.618,0.305,2.227,-2.504,-0.902,-1.505,-4.495,-2.508,-7.0,-1.51,3.788,-1.0,-1.227,0.635,5.067,1.995,0.0,0.0,0.0,0.0,0.0,0.0,0.0,0.0,0.0,0.0
BtcGF,BTCUSDc,140,1.031,2.062,3,0.0867,118.28,431,46.6357,1,15,300,0.015,1.8,1.0,0.0,0.5,16385,1,-0.377,0,1,0,0,0.6,2,4.421,-2.359,2.842,3.813,-2.226,0.0,-0.995,1.87,1.472,0.767,0.997,-0.032,-2.0,-2.954,-2.004,-1.004,-0.008,2.135,0.032,0.174,-2.006,-1.922,-0.017,-0.001,1.488,-2.368,2.151,0.293,2.157,-4.0,-2.628,0.673,0.995,1.258,2.307,-2.004,-1.619,1.069,-1.014,-0.996,-2.0,-3.0,-4.0,0.02,1.957,3.116,3.2,3.695,-1.003,1.0,-3.0,0.0,-1.0,0.0,1.055,1.998,1.003,-1.0,0.0,2.582,1.105,1.998,0.0,0.0,0.0,0.0,0.0,-1.0,0.0,0.0,-1.0,0.0,0.0,0.999,-1.0,0.0,0.0,0.999,0.003,-1.004,0.998,-0.013,-2.0,0.003,1.992,-0.004,5.729,-0.299,-0.992,-1.331,3.874,2.476,0.434,0.806,-0.298,1.994,-2.002,-5.0,-0.767,0.211,-2.008,-0.725,0.0,1.981,2.278,-0.007,0.924,5.795,0.004,-3.003,-1.988,-0.008,-4.998,1.97,-4.776,-2.044,-1.643,0.024,-2.003,0.062,3.001,0.997,0.0,0.0,0.0,0.0,0.0,0.0,0.0,0.0,0.0,0.0
BtcGF,BTCUSDc,28,4.6815,9.363,3,0.368,75.13,364,33.5165,1,15,240,0.015,1.5,1.75,0.0,0.5,16385,1,2.329,3,1,0,0,0.0,3,5.773,3.59,8.797,3.736,-2.241,0.0,0.0,-1.215,2.87,-3.0,1.745,4.302,0.054,-2.199,-1.245,-2.999,0.766,4.169,1.582,-2.0,-2.242,-0.56,1.786,-0.838,0.722,-2.233,-1.235,1.94,-0.239,-3.251,-0.467,-1.23,-3.0,1.478,2.256,1.532,-5.0,2.127,-2.0,1.008,-2.0,-3.0,-4.0,-2.0,-0.999,0.0,4.192,6.009,-0.172,2.498,-3.0,0.0,-1.0,0.0,1.937,3.953,-1.0,-1.0,0.0,2.746,1.933,-1.0,0.0,0.0,0.0,0.0,0.0,-1.0,0.0,0.0,-1.0,0.0,0.0,1.749,-1.0,0.0,0.0,-1.0,-2.0,-0.257,1.747,-2.0,-2.0,0.772,3.569,1.928,3.817,-1.139,2.32,-0.387,2.3,1.006,-1.253,2.353,-2.259,1.496,-1.258,-5.0,-3.0,2.448,-2.237,-4.227,3.048,4.3,4.784,-4.0,0.574,0.871,1.811,-0.482,-1.237,1.501,-3.235,-1.26,-6.0,-3.0,7.694,-1.0,-4.0,0.86,6.116,-0.243,0.0,0.0,0.0,0.0,0.0,0.0,0.0,0.0,0.0,0.0
BtcGF,BTCUSDc,98,-3.616,-5.424,4,-0.2025,0.0,434,44.7005,1,15,300,0.015,2.1,1.0,0.0,0.5,16385,1,-9.334,0,1,0,0,0.4,4,5.188,-10.612,2.741,4.569,-1.528,0.0,-0.992,2.698,1.472,-2.005,0.997,0.885,-2.0,-2.941,-0.012,-1.004,-0.008,2.135,0.036,0.308,-2.006,-1.922,-0.015,-0.001,-0.992,-1.373,-0.598,0.293,3.159,-4.0,-5.005,1.212,0.995,2.63,2.357,-2.004,-0.09,-1.962,-1.014,-0.994,-2.0,-2.999,-4.0,0.033,2.841,4.183,4.028,4.299,-1.003,1.0,-3.0,0.0,-1.0,0.0,1.085,1.998,1.003,-1.0,0.0,2.582,1.142,2.975,0.0,0.0,0.0,0.0,0.0,-1.0,0.0,0.0,-1.0,0.0,0.0,0.999,-1.0,0.0,0.0,0.999,0.003,-1.005,0.998,-0.013,-2.0,0.003,1.992,-0.004,6.386,0.517,-0.992,-4.008,0.975,-0.017,-3.005,1.512,0.31,1.994,-2.002,-5.0,-0.767,0.242,-2.008,-4.997,0.0,1.981,2.278,-0.007,1.67,7.2,0.009,-3.003,-1.987,-0.007,-4.998,1.97,-3.595,-2.044,-1.314,0.032,-2.003,0.096,3.001,0.997,0.0,0.0,0.0,0.0,0.0,0.0,0.0,0.0,0.0,0.0
BtcGF,BTCUSDc,49,-4.576,-9.152,3,-0.2997,0.0,434,42.1659,1,15,240,0.015,1.8,1.0,0.0,0.5,16385,1,-17.185,4,1,0,0,0.2,1,-1.095,-8.057,2.664,6.766,-5.0,0.0,-0.995,-0.993,1.2,-2.005,0.997,4.554,-2.0,-2.954,0.2,-1.004,-0.008,2.006,0.032,0.711,-3.003,-1.479,-0.017,-0.001,-0.992,-4.005,2.96,0.14,6.171,-4.0,-5.005,-2.0,0.995,7.084,3.109,-2.004,-2.767,-1.97,-1.014,-0.996,-2.0,-3.0,-4.0,0.02,-0.993,8.701,3.017,0.996,-1.003,1.0,-3.0,0.0,-1.0,0.0,1.055,1.998,1.003,-1.0,0.0,2.629,1.105,-1.0,0.0,0.0,0.0,0.0,0.0,-1.0,0.0,0.0,-1.0,0.0,0.0,0.999,-1.0,0.0,0.0,0.999,0.003,-1.004,0.998,-0.013,-2.0,0.003,1.992,-0.004,2.977,-2.997,-0.992,-4.008,0.975,-0.004,-3.005,3.626,2.433,1.994,-2.002,-5.0,-3.0,-1.981,-2.008,-4.997,0.525,1.981,6.456,-0.007,3.13,11.274,0.004,-3.003,-1.988,-0.008,-4.998,1.97,-3.772,-2.044,-1.642,0.024,-2.003,0.062,3.001,0.997,0.0,0.0,0.0,0.0,0.0,0.0,0.0,0.0,0.0,0.0
BtcGF,BTCUSDc,115,-2.8093,-8.428,2,-0.1834,0.0,405,31.6049,1,15,240,0.015,2.1,1.5,0.0,0.5,16385,1,-15.879,6,1,0,0,0.4,2,-6.096,-2.332,6.215,8.668,-5.0,0.0,0.0,1.437,4.848,-3.0,1.496,5.978,-2.0,-5.0,-0.504,0.038,-1.508,4.16,1.095,3.092,-2.497,0.892,1.86,-1.221,-0.655,3.873,-1.488,1.713,-3.0,-3.5,-6.0,-1.5,-0.505,-5.296,-3.0,1.046,-4.0,-3.417,-2.0,-0.785,-2.0,-3.0,-4.0,-2.0,-0.999,-1.0,6.997,7.582,-0.456,2.0,-3.0,0.0,-1.0,0.0,1.704,3.309,-1.0,-1.0,0.0,1.834,1.899,-1.0,0.0,0.0,0.0,0.0,0.0,-1.0,0.0,0.0,-1.0,0.0,0.0,1.499,-1.0,0.0,0.0,1.505,-2.0,0.015,1.498,-2.0,-2.0,0.508,3.073,1.268,17.543,-2.286,1.745,-2.334,3.038,1.826,-2.503,-3.456,-2.508,0.996,-2.009,-5.0,-3.0,1.673,-2.488,-4.479,2.228,3.543,4.943,-1.507,4.944,0.344,1.848,-2.504,-0.879,-1.504,-4.495,-2.509,-6.999,-1.497,1.283,-1.0,-4.999,0.711,5.097,1.995,0.0,0.0,0.0,0.0,0.0,0.0,0.0,0.0,0.0,0.0
BtcGF,BTCUSDc,131,32.8527,49.279,4,1.7109,59.06,389,25.7069,1,15,300,0.015,1.8,2.0,0.0,0.5,16385,1,20.174,13,1,0,0,0.4,2,51.32,-2.041,9.694,13.515,-5.0,0.0,0.0,6.102,8.845,-3.0,5.783,17.85,-2.0,-5.0,0.018,-4.0,-0.928,9.202,2.149,-0.924,1.758,-2.321,0.689,-4.0,3.246,1.959,-4.0,5.871,-3.0,-3.001,-6.0,-0.966,-3.0,-3.287,-0.499,-1.007,-4.0,25.106,-2.0,-0.877,-2.0,-2.999,-4.0,-2.0,-0.999,-1.0,4.83,4.003,0.31,3.022,-3.0,0.0,-1.0,0.0,2.663,4.087,-1.0,-1.0,0.0,-0.999,2.426,-1.0,0.0,0.0,0.0,0.0,0.0,-1.0,0.0,0.0,-1.0,0.0,0.0,1.999,-1.0,0.0,0.0,-1.0,-2.0,1.064,1.997,-2.0,-2.0,1.104,4.36,5.667,3.46,-2.637,7.158,-6.0,-2.997,2.083,-2.003,-2.879,-2.011,1.996,-3.002,-6.0,0.795,1.125,-1.953,-3.936,2.201,5.161,17.081,-5.0,0.222,2.163,2.562,-5.0,0.099,-1.005,-3.973,-0.985,-7.0,-3.0,0.359,-1.0,-5.0,-0.747,9.412,0.018,0.0,0.0,0.0,0.0,0.0,0.0,0.0,0.0,0.0,0.0
BtcGF,BTCUSDc,153,0.6717,2.015,2,0.0501,275.14,398,33.6683,1,15,180,0.015,1.5,1.5,0.0,0.5,16385,1,-3.529,2,1,0,0,0.6,2,-10.008,12.023,5.492,5.688,0.078,0.0,0.0,0.001,3.518,-0.317,1.496,2.359,-2.0,-5.0,-1.504,-3.0,-1.511,3.812,2.449,2.198,-2.497,-3.51,1.595,-1.49,-0.902,-0.088,-1.462,1.471,0.257,-3.5,-2.115,-1.5,-0.505,2.934,-5.0,-1.505,-4.0,3.096,-2.0,-0.929,-2.0,-2.999,-4.0,-2.0,-0.999,0.0,4.48,6.385,-0.477,2.0,-3.0,0.0,-1.0,0.0,1.606,4.246,-1.0,-1.0,0.0,-1.0,1.641,-1.0,0.0,0.0,0.0,0.0,0.0,-1.0,0.0,0.0,-1.0,0.0,0.0,1.499,-1.0,0.0,0.0,1.505,-2.0,-0.506,1.498,-2.0,-2.0,0.508,3.034,0.59,10.445,-2.427,1.244,-2.811,13.304,6.775,-2.503,-3.47,-2.508,0.996,-3.502,-4.999,-3.0,0.403,-2.496,-1.329,3.055,3.516,1.768,-1.507,3.664,0.296,2.168,-2.504,-0.921,2.109,-4.495,-2.514,-6.0,-1.524,5.072,-1.0,-2.024,0.584,5.035,1.995,0.0,0.0,0.0,0.0,0.0,0.0,0.0,0.0,0.0,0.0
BtcGF,BTCUSDc,159,-0.1757,-0.527,2,-0.0135,0.0,401,32.9177,1,15,180,0.015,2.1,1.5,0.0,0.5,16385,1,-7.101,3,1,0,0,0.6,2,-9.069,8.542,5.498,5.825,0.078,0.0,0.0,0.0,3.518,-3.0,1.496,2.402,-2.0,-5.0,-1.504,-3.0,-1.508,4.175,2.48,2.202,-2.497,-3.51,1.86,-1.487,-0.655,-0.088,-1.462,1.475,0.257,-3.5,-2.115,-1.5,-0.505,3.057,-5.0,-1.505,-4.0,4.156,-2.0,-0.785,-2.0,-3.0,-4.0,-2.0,-0.999,-1.0,6.288,6.385,-0.456,2.0,-3.0,0.0,-1.0,0.0,1.704,4.252,-1.0,-1.0,0.0,-1.0,1.899,-1.0,0.0,0.0,0.0,0.0,0.0,-1.0,0.0,0.0,-1.0,0.0,0.0,1.499,-1.0,0.0,0.0,1.505,-2.0,0.015,1.498,-2.0,-2.0,0.508,3.073,0.59,10.454,-2.285,1.266,-2.811,13.328,6.775,-2.503,-3.456,-2.508,0.996,-3.502,-5.0,-3.0,0.706,-2.488,1.201,3.083,3.543,1.768,-1.507,3.682,0.328,2.326,-2.504,-0.879,2.109,-4.495,-2.509,-5.999,-1.497,0.428,-1.0,-4.999,0.711,5.097,1.995,0.0,0.0,0.0,0.0,0.0,0.0,0.0,0.0,0.0,0.0
BtcGF,BTCUSDc,61,-2.6395,-5.279,3,-0.1477,0.0,420,35.4762,1,15,240,0.015,2.1,1.25,0.0,0.5,16385,1,-19.84,6,1,0,0,0.2,2,14.244,-19.523,4.697,15.782,-5.0,0.0,0.0,-2.734,-0.909,-0.624,1.247,8.827,-2.0,-2.638,-0.755,1.4,-1.753,3.071,0.565,3.235,-2.749,-0.438,0.794,0.666,-2.471,-3.757,-1.741,0.716,-2.999,-3.75,-4.757,-1.75,-0.754,14.664,-1.742,-1.754,-2.115,-1.432,-2.0,-1.408,-2.0,-3.0,-4.0,-2.0,-0.724,14.777,4.834,1.746,-0.748,1.5,-3.0,0.0,-1.0,0.0,1.395,2.67,-1.0,-1.0,0.0,3.639,1.521,-1.0,0.0,0.0,0.0,0.0,0.0,-1.0,0.0,0.0,-1.0,0.0,0.0,1.249,-1.0,0.0,0.0,1.252,-2.0,-0.503,1.248,1.743,-2.0,0.256,2.511,0.608,1.856,-2.717,-0.207,-3.76,9.103,0.915,-2.754,-3.732,-2.757,0.497,-1.232,-5.0,-3.0,-1.331,-2.753,-4.737,1.359,2.737,-1.503,0.492,5.477,-0.269,0.927,-2.753,-1.409,0.49,-4.747,-0.516,-1.217,-1.541,1.037,-0.755,-4.999,0.404,4.012,1.496,0.0,0.0,0.0,0.0,0.0,0.0,0.0,0.0,0.0,0.0
BtcGF,BTCUSDc,171,7.607,15.214,3,0.4874,69.61,377,27.321,1,15,180,0.015,1.5,2.0,0.0,0.5,16385,1,4.624,10,1,0,0,0.6,2,14.278,0.936,8.148,8.465,-5.0,0.0,0.0,2.978,5.568,1.501,4.219,5.119,-2.0,-5.0,-0.985,-3.0,-0.963,7.137,4.078,-0.948,-1.987,-5.999,2.653,-0.934,2.444,2.598,-0.945,4.321,-3.0,-3.001,-5.0,-0.974,-3.0,7.121,-5.0,-1.007,-4.0,6.591,-2.0,-1.573,-2.0,-2.999,-4.0,-2.0,-0.999,0.0,0.087,4.004,0.16,3.018,-3.0,0.0,-1.0,0.0,2.318,6.841,-1.0,-1.0,0.0,-1.0,2.224,-1.0,0.0,0.0,0.0,0.0,0.0,-1.0,0.0,0.0,-1.0,0.0,0.0,1.999,-1.0,0.0,0.0,-1.0,-2.0,-0.008,1.997,-2.0,-2.0,1.055,4.185,1.201,-0.979,-2.823,4.849,-6.0,6.536,1.197,-2.003,-2.918,-2.011,1.996,-3.002,-4.999,-3.0,2.944,-1.978,0.264,5.418,5.099,5.313,-4.0,1.533,1.525,3.291,-5.0,0.065,5.499,-3.98,-1.001,-6.0,-3.0,0.206,-1.0,-4.0,-0.847,9.292,3.02,0.0,0.0,0.0,0.0,0.0,0.0,0.0,0.0,0.0,0.0
BtcGF,BTCUSDc,68,-6.5075,-13.015,3,-0.2709,0.0,407,29.7297,1,15,300,0.015,1.8,1.5,0.0,0.5,16385,1,-32.089,9,1,0,0,0.2,2,-21.057,8.042,2.004,20.699,-5.0,0.0,0.0,-4.0,0.567,-3.0,1.496,-2.473,-2.0,-5.0,-0.504,-1.001,-1.508,4.331,1.078,5.766,-0.099,-0.671,1.7,8.615,-0.803,0.264,-4.0,2.544,-2.999,-3.5,-6.0,-1.5,-0.505,-5.348,-1.266,-1.505,-5.0,-0.067,-2.0,-0.873,-2.0,-3.0,-4.0,-2.0,-0.999,-1.0,1.558,2.497,-0.466,2.0,-3.0,0.0,-1.0,0.0,1.628,3.018,-1.0,-1.0,0.0,-0.999,1.765,-1.0,0.0,0.0,0.0,0.0,0.0,-1.0,0.0,0.0,-1.0,0.0,0.0,1.499,-1.0,0.0,0.0,1.505,-2.0,0.011,1.498,-2.0,-2.0,0.508,3.053,4.753,8.55,-2.363,3.169,-0.9,7.179,1.497,-2.503,-3.462,-2.508,0.996,-2.009,-5.0,0.014,7.41,-2.489,-4.478,1.073,3.524,-2.5,-2.507,9.869,0.682,1.664,-2.504,-0.902,-1.505,-4.495,-2.508,-7.0,-1.51,3.788,-1.0,-1.255,0.635,5.067,1.995,0.0,0.0,0.0,0.0,0.0,0.0,0.0,0.0,0.0,0.0
BtcGF,BTCUSDc,65,-3.3635,-6.727,3,-0.1388,0.0,403,30.273,1,15,300,0.015,1.5,1.5,0.0,0.5,16385,1,-25.801,9,1,0,0,0.2,2,-20.138,13.411,2.001,20.649,-5.0,0.0,0.0,-3.999,0.567,-0.317,1.496,-2.479,-2.0,-5.0,-0.504,-1.002,-1.511,4.193,1.064,5.764,-0.098,-0.695,1.595,8.615,-0.902,0.259,-4.0,2.54,-2.999,-3.5,-6.0,-1.5,-0.505,-5.416,-1.368,-1.505,-5.0,-0.087,-2.0,-0.929,-2.0,-3.0,-4.0,-2.0,-0.999,0.0,1.154,2.497,-0.477,2.0,-3.0,0.0,-1.0,0.0,1.606,3.012,-1.0,-1.0,0.0,-0.999,1.641,-1.0,0.0,0.0,0.0,0.0,0.0,-1.0,0.0,0.0,-1.0,0.0,0.0,1.499,-1.0,0.0,0.0,1.505,-2.0,-0.506,1.498,-2.0,-2.0,0.508,3.034,4.753,8.55,-2.428,3.162,-0.9,7.172,1.497,-2.503,-3.47,-2.508,0.996,-2.009,-5.0,0.01,7.281,-2.496,-4.483,1.051,3.516,-2.5,-2.507,9.858,0.665,1.599,-2.504,-0.921,-1.505,-4.495,-2.514,-6.0,-1.511,8.495,-1.0,-2.092,0.584,5.035,1.995,0.0,0.0,0.0,0.0,0.0,0.0,0.0,0.0,0.0,0.0
BtcGF,BTCUSDc,174,12.7953,19.193,4,0.7836,106.03,382,26.178,1,15,180,0.015,1.8,2.0,0.0,0.5,16385,1,-1.157,11,1,0,0,0.6,2,20.577,-1.384,8.159,8.944,-5.0,0.0,0.0,2.977,5.568,-3.0,4.219,5.261,-2.0,-5.0,-0.982,-3.0,-0.928,8.651,4.112,-0.924,-1.98,-6.0,0.689,-0.889,3.246,2.598,-0.945,4.323,-3.0,-3.001,-5.0,-0.966,-3.0,7.525,-5.0,-1.007,-4.0,16.351,-2.0,-0.877,-2.0,-3.0,-4.0,-2.0,-0.999,-1.0,0.164,4.004,0.31,3.022,-3.0,0.0,-1.0,0.0,2.663,6.864,-1.0,-1.0,0.0,-1.0,2.426,-1.0,0.0,0.0,0.0,0.0,0.0,-1.0,0.0,0.0,-1.0,0.0,0.0,1.999,-1.0,0.0,0.0,-1.0,-2.0,1.063,1.997,-2.0,-2.0,1.104,4.36,1.21,-0.975,-2.635,4.862,-6.0,6.537,1.224,-2.003,-2.879,-2.011,1.996,-3.002,-5.0,-3.0,-0.62,-1.953,3.229,5.455,5.161,5.313,-4.0,1.533,1.535,-0.571,-5.0,0.099,5.499,-3.973,-0.985,-6.0,-3.0,0.359,-1.0,-5.0,-0.747,9.412,3.022,0.0,0.0,0.0,0.0,0.0,0.0,0.0,0.0,0.0,0.0
BtcGF,BTCUSDc,120,13.2073,19.811,4,0.5864,79.97,393,28.7532,1,15,180,0.015,1.8,1.75,0.0,0.5,16385,1,3.968,9,1,0,0,0.4,2,17.678,2.133,7.587,10.976,-5.0,0.0,0.0,3.977,4.284,-3.0,1.745,6.095,-2.0,-5.0,-1.245,-3.0,-1.216,5.811,4.84,-1.233,-2.238,-6.0,2.341,-1.181,1.031,6.711,-1.203,3.615,0.777,-3.251,-6.0,-1.223,-3.0,-2.289,-5.0,-1.256,-4.0,10.844,-2.0,-1.612,-2.0,-3.0,-4.0,-2.0,-0.999,-1.0,7.779,9.223,-0.113,2.498,-3.0,0.0,-1.0,0.0,2.062,6.696,-1.0,-1.0,0.0,-1.0,2.096,-1.0,0.0,0.0,0.0,0.0,0.0,-1.0,0.0,0.0,-1.0,0.0,0.0,1.749,-1.0,0.0,0.0,-1.0,-2.0,0.527,1.747,-2.0,-2.0,0.791,3.608,0.89,2.776,-3.036,4.497,-0.938,5.366,3.509,-2.253,-3.172,-2.259,1.496,-3.252,-5.0,-3.0,3.062,-2.222,0.861,5.493,4.326,7.424,-4.0,0.921,0.914,-1.01,-0.016,0.628,-1.255,-4.23,-1.25,-7.0,-3.0,4.561,-1.0,-5.0,0.924,6.197,2.508,0.0,0.0,0.0,0.0,0.0,0.0,0.0,0.0,0.0,0.0
BtcGF,BTCUSDc,112,-0.8863,-2.659,2,-0.0639,0.0,405,32.0988,1,15,240,0.015,1.8,1.5,0.0,0.5,16385,1,-10.101,6,1,0,0,0.4,2,-3.365,0.706,6.212,8.581,-5.0,0.0,0.0,1.437,4.848,-3.0,1.496,5.954,-2.0,-5.0,-0.504,0.036,-1.508,3.927,1.078,3.09,-2.497,0.884,1.7,-1.221,-0.803,3.868,-1.488,1.713,-3.0,-3.5,-6.0,-1.5,-0.505,-5.348,1.532,1.014,-4.0,-3.437,-2.0,-0.873,-2.0,-3.0,-4.0,-2.0,-0.999,-1.0,6.311,7.582,-0.466,2.0,-3.0,0.0,-1.0,0.0,1.628,3.309,-1.0,-1.0,0.0,1.82,1.765,-1.0,0.0,0.0,0.0,0.0,0.0,-1.0,0.0,0.0,-1.0,0.0,0.0,1.499,-1.0,0.0,0.0,1.505,-2.0,0.011,1.498,-2.0,-2.0,0.508,3.053,1.268,17.543,-2.363,1.73,-2.334,3.021,1.826,-2.503,-3.462,-2.508,0.996,-2.009,-5.0,-3.0,1.498,-2.489,-4.479,2.205,3.524,4.943,-1.507,4.937,0.306,1.749,-2.504,-0.902,-1.504,-4.495,-2.508,-7.0,-1.51,1.22,-1.0,-1.255,0.635,5.067,1.995,0.0,0.0,0.0,0.0,0.0,0.0,0.0,0.0,0.0,0.0
BtcGF,BTCUSDc,72,14.7293,22.094,4,0.407,112.79,389,28.2776,1,15,180,0.015,1.5,1.75,0.0,0.5,16385,1,-2.825,10,1,0,0,0.2,3,-2.837,24.931,7.582,26.853,-5.0,0.0,0.0,-3.999,4.284,0.04,1.745,10.086,-2.0,-5.0,-1.245,-3.0,-1.234,4.938,8.322,-1.236,-2.242,-5.999,1.786,-1.208,0.722,-3.231,-1.203,5.646,0.778,-3.251,-6.0,-1.23,-3.0,-2.375,-5.0,-1.256,-5.0,0.048,-2.0,-1.992,-2.0,-2.999,-4.0,-2.0,-0.999,0.0,2.809,3.247,-0.172,2.498,-3.0,0.0,-1.0,0.0,1.937,0.78,-1.0,-1.0,0.0,-1.0,1.933,-1.0,0.0,0.0,0.0,0.0,0.0,-1.0,0.0,0.0,-1.0,0.0,0.0,1.749,-1.0,0.0,0.0,-1.0,-2.0,-0.257,1.747,-2.0,-2.0,0.772,3.569,0.89,1.776,-2.139,9.875,-0.875,-1.466,3.509,-2.253,-3.195,-2.259,1.496,-3.252,-4.999,-3.0,6.938,-2.237,-0.623,6.668,4.3,12.157,-4.0,0.921,0.905,2.461,-0.021,0.605,-1.256,-4.235,-1.26,-6.0,-3.0,15.436,-1.0,-4.0,0.86,6.116,2.508,0.0,0.0,0.0,0.0,0.0,0.0,0.0,0.0,0.0,0.0
BtcGF,BTCUSDc,157,12.336,18.504,4,0.6093,30.04,401,34.414,1,15,240,0.015,1.8,1.5,0.0,0.5,16385,1,12.945,2,1,0,0,0.6,3,3.313,15.191,5.495,5.738,0.078,0.0,0.0,0.0,3.839,-3.0,1.496,2.973,-2.0,-5.0,-1.504,-2.999,-1.508,3.927,1.078,2.2,-2.497,0.731,1.7,-1.221,-0.803,-0.088,-1.488,1.537,0.898,-3.5,-2.115,-1.5,-0.505,0.492,1.532,1.014,-4.0,3.122,-2.0,-0.873,-2.0,-3.0,-4.0,-2.0,-0.999,-1.0,6.123,6.385,-0.466,2.0,-3.0,0.0,-1.0,0.0,1.628,3.309,-1.0,-1.0,0.0,1.82,1.765,-1.0,0.0,0.0,0.0,0.0,0.0,-1.0,0.0,0.0,-1.0,0.0,0.0,1.499,-1.0,0.0,0.0,1.505,-2.0,0.011,1.498,-2.0,-2.0,0.508,3.053,1.268,11.486,-2.362,1.251,-2.811,13.311,6.258,-2.503,-3.462,-2.508,0.996,-2.009,-5.0,-3.0,4.72,-2.489,0.492,2.205,3.524,1.768,-1.507,3.936,0.306,1.749,-2.504,-0.902,2.109,-4.495,-2.508,-6.0,-1.51,0.365,-1.0,-1.255,0.635,5.067,1.995,0.0,0.0,0.0,0.0,0.0,0.0,0.0,0.0,0.0,0.0
BtcGF,BTCUSDc,63,2.9385,5.877,3,0.112,324.55,400,30.75,1,15,180,0.015,1.5,1.5,0.0,0.5,16385,1,-13.197,10,1,0,0,0.2,2,-14.443,20.32,5.979,20.649,-5.0,0.0,0.0,-3.999,3.518,-0.317,1.496,7.509,-2.0,-5.0,-1.504,-3.0,-1.511,3.812,6.641,5.764,-2.497,-3.51,1.595,-1.49,-0.902,-3.493,-1.462,2.176,0.258,-3.5,-6.0,-1.5,-0.505,-2.906,-5.0,-1.505,-5.0,-0.573,-2.0,-0.929,-2.0,-2.999,-4.0,-2.0,-0.999,0.0,4.48,2.497,-0.477,2.0,-3.0,0.0,-1.0,0.0,1.606,0.514,-1.0,-1.0,0.0,-1.0,1.641,-1.0,0.0,0.0,0.0,0.0,0.0,-1.0,0.0,0.0,-1.0,0.0,0.0,1.499,-1.0,0.0,0.0,1.505,-2.0,-0.506,1.498,-2.0,-2.0,0.508,3.034,0.59,14.517,-2.428,3.162,-2.302,7.172,2.343,-2.503,-3.47,-2.508,0.996,-3.502,-4.999,-3.0,4.284,-2.496,-1.329,5.082,3.516,8.47,-1.507,4.607,0.297,2.168,-2.504,-0.921,-1.505,-4.495,-2.514,-6.0,-1.524,8.495,-1.0,-2.024,0.584,5.035,1.995,0.0,0.0,0.0,0.0,0.0,0.0,0.0,0.0,0.0,0.0
BtcGF,BTCUSDc,114,-1.744,-3.488,3,-0.0908,0.0,403,31.2655,1,15,180,0.015,2.1,1.5,0.0,0.5,16385,1,-14.026,8,1,0,0,0.4,2,-4.863,1.375,5.985,8.668,-5.0,0.0,0.0,1.437,3.518,-3.0,1.496,4.265,-2.0,-5.0,-1.504,-3.0,-1.508,4.175,3.775,3.092,-2.497,-3.51,1.86,-1.487,-0.655,3.873,-1.462,1.651,0.257,-3.5,-6.0,-1.5,-0.505,-2.783,-5.0,-1.505,-4.0,8.12,-2.0,-0.785,-2.0,-3.0,-4.0,-2.0,-0.999,-1.0,6.288,7.582,-0.456,2.0,-3.0,0.0,-1.0,0.0,1.704,5.148,-1.0,-1.0,0.0,-1.0,1.899,-1.0,0.0,0.0,0.0,0.0,0.0,-1.0,0.0,0.0,-1.0,0.0,0.0,1.499,-1.0,0.0,0.0,1.505,-2.0,0.015,1.498,-2.0,-2.0,0.508,3.073,0.59,14.92,-2.286,1.745,-2.334,3.038,2.343,-2.503,-3.456,-2.508,0.996,-3.502,-5.0,-3.0,1.673,-2.488,1.201,4.124,3.543,4.751,-1.507,4.583,0.328,2.326,-2.504,-0.879,-1.504,-4.495,-2.509,-6.999,-1.497,1.283,-1.0,-4.999,0.711,5.097,1.995,0.0,0.0,0.0,0.0,0.0,0.0,0.0,0.0,0.0,0.0
BtcGF,BTCUSDc,168,3.747,7.494,3,0.156,114.67,390,29.2308,1,15,180,0.015,2.1,1.75,0.0,0.5,16385,1,-1.099,9,1,0,0,0.6,2,-1.782,9.276,6.826,7.668,1.136,0.0,0.0,1.294,4.284,-3.0,1.745,3.969,-2.0,-5.0,-1.241,-3.0,-1.198,1.763,3.298,-1.23,-2.238,-6.0,3.589,-1.154,1.597,1.256,-1.203,2.936,0.777,-3.251,-1.361,-1.223,-3.0,3.879,-5.0,-1.256,-4.0,-5.997,-2.0,-0.779,-2.0,-3.0,-4.0,-2.0,-0.999,-1.0,9.344,7.73,-0.015,2.498,-3.0,0.0,-1.0,0.0,2.303,5.444,-1.0,-1.0,0.0,-1.0,2.278,-1.0,0.0,0.0,0.0,0.0,0.0,-1.0,0.0,0.0,-1.0,0.0,0.0,1.749,-1.0,0.0,0.0,-1.0,-2.0,0.54,1.747,-2.0,-2.0,0.805,3.651,0.89,2.789,-2.909,3.101,-1.879,10.538,3.517,-2.253,-3.149,-2.259,1.496,-3.252,-5.0,-3.0,2.007,-2.217,4.593,4.284,4.37,3.56,-4.0,0.921,0.941,-0.86,-0.012,0.661,3.891,-4.225,-1.25,-5.999,-3.0,3.409,-1.0,-4.999,1.021,6.299,2.508,0.0,0.0,0.0,0.0,0.0,0.0,0.0,0.0,0.0,0.0
BtcGF,BTCUSDc,148,7.517,15.034,3,0.5583,26.85,415,40.241,1,15,240,0.015,1.8,1.25,0.0,0.5,16385,1,10.998,0,1,0,0,0.6,3,11.757,3.277,4.155,5.633,-1.648,0.0,0.0,0.697,2.182,-0.67,1.247,1.071,-2.0,-2.67,-1.755,-0.755,-1.753,2.978,0.553,1.183,-2.749,-0.569,0.773,0.666,0.915,-1.622,-1.741,0.716,0.149,-3.75,-1.627,-1.75,-0.754,3.172,2.077,-1.754,-0.283,2.866,-2.0,-1.446,-2.0,-3.0,-4.0,-2.0,3.052,4.354,4.488,5.04,-0.748,1.5,-3.0,0.0,-1.0,0.0,1.343,2.67,-1.0,-1.0,0.0,3.631,1.435,3.255,0.0,0.0,0.0,0.0,0.0,-1.0,0.0,0.0,-1.0,0.0,0.0,1.249,-1.0,0.0,0.0,1.252,-2.0,-0.502,1.248,0.629,-2.0,0.256,2.506,0.608,8.918,0.931,-0.216,-3.76,7.626,4.42,2.282,-3.733,-2.757,0.497,-1.237,-5.0,-3.0,2.009,-2.753,-0.687,1.35,2.737,2.528,0.492,2.396,-0.288,0.882,-2.753,-1.428,0.49,-4.747,-0.516,-3.16,-1.541,-0.764,-0.755,-2.288,0.348,4.012,1.496,0.0,0.0,0.0,0.0,0.0,0.0,0.0,0.0,0.0,0.0
BtcGF,BTCUSDc,167,39.952,39.952,6,1.6293,25.68,392,31.1224,1,15,300,0.015,1.8,1.75,0.0,0.5,16385,1,29.691,10,1,0,0,0.6,4,22.545,17.407,6.823,7.269,1.136,0.0,0.0,1.294,5.493,-3.0,1.745,5.475,-2.0,-5.0,-1.245,-3.0,-1.216,6.308,1.601,-1.233,0.774,-2.74,2.341,2.184,1.031,-0.667,0.462,3.269,1.646,-3.251,-1.361,-1.223,-3.0,3.812,-0.893,-1.256,-4.0,5.262,-2.0,-1.612,-2.0,-3.0,-4.0,-2.0,-0.999,-1.0,8.743,7.73,-0.113,2.498,-3.0,0.0,-1.0,0.0,2.062,3.55,-1.0,-1.0,0.0,-0.999,2.096,-1.0,0.0,0.0,0.0,0.0,0.0,-1.0,0.0,0.0,-1.0,0.0,0.0,1.749,-1.0,0.0,0.0,-1.0,-2.0,0.528,1.747,-2.0,-2.0,0.791,3.608,2.438,6.107,-3.034,3.081,-1.879,10.513,2.269,-2.253,-3.172,-2.259,1.496,-1.51,-5.0,0.405,1.705,-2.222,2.561,1.623,4.326,5.297,-5.0,-0.319,1.416,1.807,0.457,0.628,3.891,-4.23,-1.25,-6.0,-3.0,3.289,-1.0,-5.0,0.924,6.197,3.431,0.0,0.0,0.0,0.0,0.0,0.0,0.0,0.0,0.0,0.0
BtcGF,BTCUSDc,110,11.0693,16.604,4,0.4349,63.95,402,32.8358,1,15,300,0.015,1.5,1.5,0.0,0.5,16385,1,5.986,9,1,0,0,0.4,2,3.625,12.979,6.209,8.531,-5.0,0.0,0.0,1.438,5.437,-0.317,1.496,6.454,-2.0,-5.0,-0.504,-1.002,-1.511,4.193,1.064,3.088,-0.098,-0.695,1.595,2.04,-0.902,0.259,-4.0,2.011,-3.0,-3.5,-6.0,-1.5,-0.505,-5.416,-1.368,-1.505,-4.0,8.17,-2.0,-0.929,-2.0,-2.999,-4.0,-2.0,-0.999,0.0,7.526,7.582,-0.477,2.0,-3.0,0.0,-1.0,0.0,1.606,3.012,-1.0,-1.0,0.0,-0.999,1.641,-1.0,0.0,0.0,0.0,0.0,0.0,-1.0,0.0,0.0,-1.0,0.0,0.0,1.499,-1.0,0.0,0.0,1.505,-2.0,-0.506,1.498,-2.0,-2.0,0.508,3.034,2.386,19.638,-2.428,1.723,-2.334,3.014,1.497,-2.503,-3.47,-2.508,0.996,-2.009,-5.0,0.01,4.367,-2.496,-4.484,1.051,3.516,5.942,-2.507,6.275,0.665,1.599,-2.504,-0.921,-1.504,-4.495,-2.514,-6.0,-1.511,5.927,-1.0,-2.092,0.584,5.035,1.995,0.0,0.0,0.0,0.0,0.0,0.0,0.0,0.0,0.0,0.0
BtcGF,BTCUSDc,73,12.4385,24.877,3,0.4655,103.19,391,28.133,1,15,240,0.015,1.5,1.75,0.0,0.5,16385,1,-0.794,11,1,0,0,0.2,1,16.937,7.94,8.797,26.853,-5.0,0.0,0.0,-3.999,0.115,0.04,1.745,24.447,-2.0,-5.0,-0.245,-3.999,-1.234,4.9,1.582,-1.236,-2.242,-0.56,1.786,-0.838,0.722,-3.231,-1.235,5.666,-2.999,-3.251,-6.0,-1.23,-3.0,-5.143,2.256,1.532,-5.0,-3.154,-2.0,-1.992,-2.0,-3.0,-4.0,-2.0,-0.999,0.0,4.192,3.247,-0.172,2.498,-3.0,0.0,-1.0,0.0,1.937,3.953,-1.0,-1.0,0.0,2.746,1.933,-1.0,0.0,0.0,0.0,0.0,0.0,-1.0,0.0,0.0,-1.0,0.0,0.0,1.749,-1.0,0.0,0.0,-1.0,-2.0,-0.257,1.747,-2.0,-2.0,0.772,3.569,1.928,-1.969,-2.139,9.875,1.895,-1.466,2.755,-2.253,-3.195,-2.259,1.496,-1.51,-5.0,-3.0,6.938,-2.237,-4.227,3.048,4.3,-3.25,-4.0,0.574,0.871,1.811,2.945,0.605,-1.256,-4.235,-1.26,-6.0,-3.0,15.449,-1.0,-4.0,0.86,6.116,5.899,0.0,0.0,0.0,0.0,0.0,0.0,0.0,0.0,0.0,0.0
BtcGF,BTCUSDc,179,23.684,35.526,4,0.8986,49.0,384,26.3021,1,15,300,0.015,2.1,2.0,0.0,0.5,16385,1,18.117,14,1,0,0,0.6,2,17.609,17.917,8.17,9.97,-5.0,0.0,0.0,2.977,7.086,-3.0,4.219,7.945,-2.0,-5.0,-0.974,-3.0,-0.893,3.72,2.192,-0.892,1.789,-2.189,3.656,3.76,5.044,-0.088,1.033,4.708,-3.0,-3.001,-5.0,-0.966,-3.0,3.813,-0.1,-1.007,-4.0,-5.997,-2.0,0.723,-2.0,-3.0,-4.0,-2.0,-0.999,-1.0,3.167,4.004,0.596,3.022,-3.0,0.0,-1.0,0.0,3.36,4.105,-1.0,-1.0,0.0,-0.999,2.656,-1.0,0.0,0.0,0.0,0.0,0.0,-1.0,0.0,0.0,-1.0,0.0,0.0,1.999,-1.0,0.0,0.0,-1.0,-2.0,1.096,1.997,-2.0,-2.0,1.155,4.638,4.079,2.051,-2.379,4.888,-5.999,6.566,2.13,-2.003,-2.84,-2.011,1.996,-3.002,-6.0,0.801,-0.621,-1.945,13.409,2.318,5.256,7.689,-5.0,0.222,2.248,2.948,-5.0,0.156,5.499,-3.967,-0.979,-5.999,-3.0,0.53,-1.0,-4.999,-0.595,9.564,0.02,0.0,0.0,0.0,0.0,0.0,0.0,0.0,0.0,0.0,0.0
BtcGF,BTCUSDc,122,15.749,31.498,3,0.7586,54.25,397,28.9673,1,15,300,0.015,1.8,1.75,0.0,0.5,16385,1,14.409,10,1,0,0,0.4,2,15.05,16.448,7.949,10.976,-5.0,0.0,0.0,3.46,6.887,-3.0,1.745,12.211,-2.0,-5.0,-0.245,-4.0,-1.216,6.308,1.601,-1.233,0.774,-2.74,2.341,-4.0,1.031,1.112,-4.0,3.948,-3.0,-3.251,-6.0,-1.223,-3.0,-5.057,-0.893,-1.256,-4.0,12.09,-2.0,-1.612,-2.0,-2.999,-4.0,-2.0,-0.999,-1.0,10.275,9.223,-0.113,2.498,-3.0,0.0,-1.0,0.0,2.062,3.55,-1.0,-1.0,0.0,-0.999,2.096,-1.0,0.0,0.0,0.0,0.0,0.0,-1.0,0.0,0.0,-1.0,0.0,0.0,1.749,-1.0,0.0,0.0,-1.0,-2.0,0.528,1.747,-2.0,-2.0,0.791,3.608,3.64,9.377,-3.036,4.497,-0.938,5.366,2.269,-2.253,-3.172,-2.259,1.496,-1.51,-5.0,0.405,3.062,-2.222,-4.221,1.623,4.326,11.716,-5.0,-0.319,1.416,1.807,1.081,0.628,-1.255,-4.23,-1.25,-7.0,-3.0,4.561,-1.0,-5.0,0.924,6.197,4.048,0.0,0.0,0.0,0.0,0.0,0.0,0.0,0.0,0.0,0.0
BtcGF,BTCUSDc,176,39.7125,47.655,5,2.1786,42.98,383,27.154,1,15,300,0.015,1.8,2.0,0.0,0.5,16385,1,27.173,13,1,0,0,0.6,3,39.829,7.826,8.159,8.944,-5.0,0.0,0.0,2.977,7.067,-3.0,4.219,7.945,-2.0,-5.0,-0.982,-3.0,-0.928,9.202,2.149,-0.924,1.758,-2.321,0.689,3.76,3.246,-0.088,1.032,4.689,-3.0,-3.001,-5.0,-0.966,-3.0,7.525,-0.499,-1.007,-4.0,16.483,-2.0,-0.877,-2.0,-3.0,-4.0,-2.0,-0.999,-1.0,3.065,4.004,0.31,3.022,-3.0,0.0,-1.0,0.0,2.663,4.087,-1.0,-1.0,0.0,-0.999,2.426,-1.0,0.0,0.0,0.0,0.0,0.0,-1.0,0.0,0.0,-1.0,0.0,0.0,1.999,-1.0,0.0,0.0,-1.0,-2.0,1.064,1.997,-2.0,-2.0,1.104,4.36,4.076,2.048,-2.635,4.862,-5.999,6.565,2.083,-2.003,-2.879,-2.011,1.996,-3.002,-6.0,0.795,-0.621,-1.953,5.299,2.201,5.161,7.689,-5.0,0.222,2.163,2.562,-5.0,0.099,5.499,-3.973,-0.985,-6.0,-3.0,0.359,-1.0,-5.0,-0.747,9.412,0.018,0.0,0.0,0.0,0.0,0.0,0.0,0.0,0.0,0.0,0.0
BtcGF,BTCUSDc,27,-8.3965,-16.793,3,-0.3684,0.0,371,30.4582,1,15,180,0.015,1.5,1.75,0.0,0.5,16385,1,-25.295,4,1,0,0,0.0,3,-11.738,-5.055,7.582,3.736,-5.0,0.0,0.0,0.981,4.284,-3.0,1.745,-1.223,0.054,-2.199,-1.245,-3.0,-1.234,4.938,8.322,-2.0,-2.242,-5.999,1.786,-1.208,0.722,-2.233,-1.203,1.92,0.777,-3.251,4.601,-1.23,-3.0,0.405,-5.0,-1.256,-4.999,2.127,-2.0,1.008,-2.0,-2.999,-4.0,-2.0,-0.999,0.0,2.809,6.009,-0.172,2.498,-3.0,0.0,-1.0,0.0,1.937,0.78,-1.0,-1.0,0.0,-1.0,1.933,-1.0,0.0,0.0,0.0,0.0,0.0,-1.0,0.0,0.0,-1.0,0.0,0.0,1.749,-1.0,0.0,0.0,-1.0,-2.0,-0.257,1.747,-2.0,-2.0,0.772,3.569,0.89,3.544,-1.139,-0.438,1.997,2.617,1.76,-1.253,-4.196,-2.259,1.496,-2.252,-4.999,-3.0,-0.35,-2.237,-0.623,6.668,4.3,-3.25,-4.0,0.921,0.905,2.461,-0.021,-1.237,1.501,-3.235,-1.26,-6.0,-3.0,8.57,-1.0,-4.0,0.86,6.116,2.508,0.0,0.0,0.0,0.0,0.0,0.0,0.0,0.0,0.0,0.0
BtcGF,BTCUSDc,37,19.104,28.656,4,1.4075,31.79,357,31.6527,1,15,240,0.015,1.5,2.0,0.0,0.5,16385,1,19.545,4,1,0,0,0.0,4,26.896,1.76,10.846,4.39,-1.967,0.0,0.0,-0.953,3.764,-3.0,2.004,6.177,0.494,-1.936,-0.985,-2.999,1.037,6.213,2.115,-2.0,-1.987,0.482,2.653,-0.461,2.444,-1.976,-0.983,2.565,0.043,-3.001,-1.957,-0.974,-3.0,4.494,2.994,2.061,-5.0,3.103,-2.0,1.427,-2.0,-3.0,-4.0,-2.0,-0.999,0.0,1.746,4.003,0.16,3.018,-3.0,0.0,-1.0,0.0,2.318,4.608,-1.0,-1.0,0.0,3.692,2.224,-1.0,0.0,0.0,0.0,0.0,0.0,-1.0,0.0,0.0,-1.0,0.0,0.0,1.999,-1.0,0.0,0.0,-1.0,-2.0,-0.008,1.997,-2.0,-2.0,1.055,4.185,2.599,4.43,-0.825,3.09,-1.742,3.092,-0.916,-1.003,1.122,-2.011,1.996,-4.0,-5.0,-3.0,4.383,-1.978,-3.953,3.91,5.099,7.11,-4.0,1.092,1.465,2.469,-4.999,0.065,2.005,-2.98,-1.001,-6.0,-3.0,1.551,-1.0,-4.0,-0.847,9.292,0.016,0.0,0.0,0.0,0.0,0.0,0.0,0.0,0.0,0.0,0.0
BtcGF,BTCUSDc,173,23.8427,35.764,4,1.4483,32.09,376,27.9255,1,15,300,0.015,1.5,2.0,0.0,0.5,16385,1,24.286,12,1,0,0,0.6,3,27.05,8.714,8.148,8.465,-5.0,0.0,0.0,2.978,7.057,1.501,4.219,7.935,-2.0,-5.0,-0.985,-3.0,-0.963,7.633,2.115,-0.948,1.752,-2.416,2.653,3.76,2.444,-0.088,1.032,4.668,-3.0,-3.001,-5.0,-0.974,-3.0,7.121,-0.739,-1.007,-4.0,7.479,-2.0,-1.573,-2.0,-3.0,-4.0,-2.0,-0.999,0.0,-2.0,4.004,0.16,3.018,-3.0,0.0,-1.0,0.0,2.318,4.059,-1.0,-1.0,0.0,-0.999,2.224,-1.0,0.0,0.0,0.0,0.0,0.0,-1.0,0.0,0.0,-1.0,0.0,0.0,1.999,-1.0,0.0,0.0,-1.0,-2.0,-0.008,1.997,-2.0,-2.0,1.055,4.185,4.07,2.044,-2.823,4.849,-5.999,6.565,2.049,-2.003,-2.918,-2.011,1.996,-3.002,-6.0,0.789,2.943,-1.978,3.077,2.126,5.099,7.689,-5.0,0.222,2.121,2.306,-5.0,0.065,5.499,-3.98,-1.001,-6.0,-3.0,0.23,-1.0,-4.0,-0.847,9.292,0.016,0.0,0.0,0.0,0.0,0.0,0.0,0.0,0.0,0.0,0.0
BtcGF,BTCUSDc,4,0.8457,2.537,2,0.1222,161.61,444,48.8739,1,15,240,0.015,1.8,1.0,0.0,0.5,16385,1,-1.563,0,1,0,0,0.0,2,-3.154,5.691,2.664,3.028,-3.005,0.0,-0.995,1.025,3.316,-0.01,0.997,0.024,-0.993,-0.941,-2.004,-1.004,-0.008,2.006,2.035,-0.005,-3.003,-1.479,-0.017,-0.001,1.004,-2.003,-0.004,0.14,1.01,-4.0,-1.007,0.006,0.995,2.046,4.106,-2.004,-5.0,0.337,-1.014,1.016,-2.0,-3.0,-4.0,0.02,0.007,2.061,3.017,3.0,-1.003,1.0,-3.0,-0.01,-1.0,0.0,0.056,-0.204,2.019,-1.0,0.0,2.629,3.108,-1.0,0.982,0.0,0.999,0.994,1.134,-1.0,0.0,0.0,-1.0,-1.0,0.0,0.999,-2.0,0.0,0.0,0.999,0.003,-1.004,0.997,-0.013,0.005,0.003,0.992,1.031,4.984,-1.992,0.009,-1.002,2.982,1.994,1.069,3.034,-1.001,1.994,-1.001,-5.0,-3.0,0.035,-2.008,-4.997,-0.475,0.981,4.828,-0.007,3.13,5.144,0.004,-3.003,-1.001,-0.008,-3.998,1.97,-4.776,-3.051,2.527,2.036,-2.003,0.062,2.001,0.997,0.0,0.0,0.0,0.0,0.0,0.0,0.0,0.0,0.0,0.0
BtcGF,BTCUSDc,175,36.0192,43.223,5,1.9759,48.07,382,27.2251,1,15,240,0.015,1.8,2.0,0.0,0.5,16385,1,22.447,12,1,0,0,0.6,3,42.369,0.854,8.159,8.944,-5.0,0.0,0.0,2.977,6.167,-3.0,4.219,7.302,-2.0,-5.0,-0.982,-2.999,-0.928,8.57,2.149,-0.924,-1.98,0.258,0.689,-0.416,3.246,2.598,-0.983,4.33,-3.0,-3.001,-5.0,-0.966,-3.0,7.525,3.075,2.091,-4.0,16.777,-2.0,-0.877,-2.0,-3.0,-4.0,-2.0,-0.999,-1.0,1.564,4.004,0.31,3.022,-3.0,0.0,-1.0,0.0,2.663,4.636,-1.0,-1.0,0.0,3.724,2.426,-1.0,0.0,0.0,0.0,0.0,0.0,-1.0,0.0,0.0,-1.0,0.0,0.0,1.999,-1.0,0.0,0.0,-1.0,-2.0,1.064,1.997,-2.0,-2.0,1.104,4.36,2.608,-0.622,-2.635,4.862,-5.999,6.565,1.153,-2.003,-2.879,-2.011,1.996,-4.002,-5.0,-3.0,-0.621,-1.953,4.791,3.947,5.161,5.976,-4.0,1.093,1.507,2.713,-5.0,0.099,5.499,-3.973,-0.985,-6.0,-3.0,0.359,-1.0,-5.0,-0.747,9.412,0.018,0.0,0.0,0.0,0.0,0.0,0.0,0.0,0.0,0.0,0.0
BtcGF,BTCUSDc,43,19.5113,29.267,4,1.05,32.27,365,30.137,1,15,240,0.015,2.1,2.0,0.0,0.5,16385,1,19.822,7,1,0,0,0.0,3,30.567,-1.3,10.868,5.895,-1.933,0.0,0.0,-0.926,3.793,-3.0,2.004,6.641,3.438,-1.884,-0.974,-3.0,1.107,6.526,2.192,0.108,-1.98,0.532,3.656,-0.373,5.044,-1.97,-0.983,2.567,0.068,-3.001,-1.932,-0.966,-3.0,1.468,-3.0,2.168,-5.0,1.666,-2.0,3.722,-3.0,-3.0,-4.0,-2.0,-0.999,-1.0,1.948,4.003,0.596,3.022,-3.0,0.0,-1.0,0.0,3.36,4.654,-1.0,-1.0,0.0,3.787,2.656,-1.0,0.0,0.0,0.0,0.0,0.0,-1.0,0.0,0.0,-1.0,0.0,0.0,1.999,-1.0,0.0,0.0,-1.0,-2.0,1.096,1.997,-2.0,-2.0,1.155,4.638,2.611,4.516,-1.381,3.135,-0.693,0.163,-0.916,-1.003,1.245,-2.011,1.996,-4.0,-5.0,-3.0,0.882,-1.945,-3.926,4.037,5.256,7.444,-4.0,1.094,1.592,3.099,-4.999,0.156,2.012,-2.966,-0.979,-5.999,-3.0,1.404,-1.0,-4.999,-0.595,9.564,0.02,0.0,0.0,0.0,0.0,0.0,0.0,0.0,0.0,0.0,0.0
BtcGF,BTCUSDc,64,2.2917,6.875,2,0.1459,277.44,402,30.8458,1,15,240,0.015,1.5,1.5,0.0,0.5,16385,1,-12.199,8,1,0,0,0.2,1,2.56,4.315,6.753,20.649,-5.0,0.0,0.0,-3.999,-0.022,-0.317,1.496,16.552,-2.0,-5.0,-0.504,0.035,-1.511,3.789,1.064,5.764,-2.497,0.884,1.595,-1.224,-0.902,-3.493,-1.488,2.238,-2.999,-3.5,-6.0,-1.5,-0.505,-5.416,1.525,1.001,-5.0,-3.448,-2.0,-0.929,-2.0,-3.0,-4.0,-2.0,-0.999,0.0,5.586,2.497,-0.477,2.0,-3.0,0.0,-1.0,0.0,1.606,3.303,-1.0,-1.0,0.0,1.813,1.641,-1.0,0.0,0.0,0.0,0.0,0.0,-1.0,0.0,0.0,-1.0,0.0,0.0,1.499,-1.0,0.0,0.0,1.505,-2.0,-0.506,1.498,-2.0,-2.0,0.508,3.034,1.268,11.245,-2.428,3.162,-0.9,7.172,1.826,-2.503,-3.47,-2.508,0.996,-2.009,-5.0,-3.0,4.284,-2.496,-4.483,2.2,3.516,-3.5,-1.507,7.827,0.289,1.69,-2.504,-0.921,-1.505,-4.495,-2.514,-6.0,-1.514,8.495,-1.0,-2.051,0.584,5.035,1.995,0.0,0.0,0.0,0.0,0.0,0.0,0.0,0.0,0.0,0.0
BtcGF,BTCUSDc,35,-7.7225,-15.445,3,-0.3879,0.0,373,31.3673,1,15,300,0.015,2.1,1.75,0.0,0.5,16385,1,-22.056,1,1,0,0,0.0,2,-2.51,-12.935,2.517,4.344,-2.228,0.0,0.0,-0.58,0.863,-3.0,1.745,-1.215,1.658,-2.159,-0.241,-3.0,0.802,5.983,1.624,-0.23,0.783,-2.658,3.589,-4.0,1.597,-0.667,-0.874,7.133,-0.239,-3.251,-0.447,-1.223,-3.0,1.804,-0.627,-1.256,-5.0,0.909,-2.0,2.22,-3.0,-3.0,-4.0,-2.0,-0.999,-1.0,4.18,6.009,-0.015,2.498,-3.0,0.0,-1.0,0.0,2.303,3.559,-1.0,-1.0,0.0,-0.999,2.278,-1.0,0.0,0.0,0.0,0.0,0.0,-1.0,0.0,0.0,-1.0,0.0,0.0,1.749,-1.0,0.0,0.0,-1.0,-2.0,0.54,1.747,-2.0,-2.0,0.805,3.651,-2.0,0.83,-1.911,1.354,0.026,4.173,-1.253,-1.253,2.43,-2.259,1.496,-2.0,-5.0,0.41,3.002,-2.217,-4.221,1.685,4.37,1.026,-5.0,-0.319,1.477,1.977,-0.473,-1.232,1.505,-3.224,-1.25,-5.999,-3.0,0.594,-1.0,-4.999,1.021,6.299,2.508,0.0,0.0,0.0,0.0,0.0,0.0,0.0,0.0,0.0,0.0
BtcGF,BTCUSDc,7,-0.5923,-1.777,2,-0.068,0.0,444,48.4234,1,15,240,0.015,2.1,1.0,0.0,0.5,16385,1,-5.877,0,1,0,0,0.0,2,-8.381,6.604,2.664,3.037,-3.005,0.0,-0.992,1.025,3.386,-0.01,0.997,0.029,-0.993,-0.926,-2.004,-1.004,-0.008,2.006,2.039,-0.005,-3.003,-1.479,-0.015,-0.001,1.004,-2.003,-0.004,0.14,1.01,-4.0,-1.007,0.006,0.995,2.048,0.999,-2.004,-5.0,-1.958,-1.014,1.024,-2.0,-3.0,-4.0,0.033,0.007,2.072,3.021,3.0,-1.003,1.0,-3.0,-0.01,-1.0,0.0,0.085,-0.204,2.019,-1.0,0.0,2.629,3.149,-1.0,0.982,0.0,0.999,0.994,1.229,-1.0,0.0,0.0,-1.0,-1.0,0.0,0.999,-2.0,0.0,0.0,0.999,0.003,-1.005,0.997,-0.013,0.008,0.003,0.992,1.042,4.984,-1.992,0.008,-1.002,2.982,1.994,1.136,3.039,-1.001,1.994,-1.001,-5.0,-3.0,0.073,-2.008,-4.997,-0.475,0.981,4.828,-0.007,3.13,5.159,0.009,-3.003,-1.0,-0.008,-3.997,1.97,-4.599,-3.051,2.94,2.045,-2.003,0.096,2.001,0.997,0.0,0.0,0.0,0.0,0.0,0.0,0.0,0.0,0.0,0.0
BtcGF,BTCUSDc,6,6.3415,12.683,3,0.7147,79.9,447,47.8747,1,15,180,0.015,2.1,1.0,0.0,0.5,16385,1,2.549,2,1,0,0,0.0,2,3.951,8.732,2.773,3.037,-3.005,0.0,-0.992,1.025,3.461,-0.01,0.997,-1.989,-0.993,-0.926,0.851,-1.004,-0.008,2.006,5.29,-0.005,-3.003,-2.016,-0.015,-0.001,1.004,-2.003,2.007,0.108,1.224,-4.0,-1.007,0.006,0.995,1.997,0.057,-2.004,1.965,-1.958,-1.014,1.024,-2.0,-3.0,-4.0,0.033,0.007,5.932,2.384,3.0,-1.003,1.0,-3.0,-0.01,-1.0,0.0,0.085,-2.993,2.019,-1.0,0.0,2.627,3.149,-1.0,0.982,0.0,0.999,0.994,-0.999,-1.0,0.0,0.0,-1.0,-1.0,0.0,0.999,-2.0,0.0,0.0,0.999,0.003,-1.005,0.997,-0.013,0.008,0.003,0.992,1.042,5.001,-1.992,-0.992,-1.002,2.982,2.013,1.136,0.032,-1.001,1.994,-1.998,-5.0,-3.0,0.048,-2.008,-0.986,0.941,0.981,-0.009,-0.007,1.541,6.436,0.009,-3.003,-1.0,-0.008,-3.997,1.97,-4.599,-3.051,12.011,2.045,-2.003,0.096,2.001,0.997,0.0,0.0,0.0,0.0,0.0,0.0,0.0,0.0,0.0,0.0
BtcGF,BTCUSDc,0,10.6673,16.001,4,0.8592,62.84,445,48.3146,1,15,180,0.015,1.5,1.0,0.0,0.5,16385,1,5.946,2,1,0,0,0.0,2,4.687,11.314,2.773,3.024,-3.005,0.0,-0.999,1.015,3.35,-0.01,0.997,-1.991,-0.993,-0.956,0.846,-1.004,-0.008,2.006,5.281,-0.005,-3.003,-2.016,-0.017,-0.001,1.002,-2.003,2.007,0.108,1.224,-4.0,-1.007,0.006,0.995,1.995,0.057,-2.004,1.848,0.174,-1.014,1.016,-2.0,-2.999,-4.0,0.016,0.007,5.916,2.374,3.0,-1.003,1.0,-3.0,-0.01,-1.0,0.0,0.048,-2.996,2.019,-1.0,0.0,2.627,3.062,0.0,1.892,0.0,0.999,0.994,-1.0,-1.0,0.0,0.0,-1.0,-1.0,0.0,0.999,-2.0,0.0,0.0,0.999,0.003,0.559,0.997,-0.013,0.001,0.003,0.992,1.018,5.001,-1.992,-0.992,-1.002,2.982,2.013,1.036,0.027,-1.002,1.994,-1.998,-4.999,-3.0,-0.008,-2.008,-1.498,0.941,0.981,-0.009,-0.007,1.541,6.417,0.003,-3.003,-1.001,-0.008,-3.998,1.97,-4.88,-3.051,11.302,2.028,-2.003,0.038,1.997,0.997,0.0,0.0,0.0,0.0,0.0,0.0,0.0,0.0,0.0,0.0
BtcGF,BTCUSDc,1,2.674,5.348,3,0.2552,76.66,442,49.095,1,15,240,0.015,1.5,1.0,0.0,0.5,16385,1,1.248,0,1,0,0,0.0,2,-4.432,9.78,2.664,3.024,-3.005,0.0,-0.999,1.015,3.275,-0.01,0.997,0.018,-0.993,-0.956,-2.004,-1.004,-0.008,2.006,2.03,-0.005,-3.003,-1.479,-0.017,-0.001,1.002,-2.003,-0.004,0.14,1.01,-4.0,-1.007,0.006,0.995,2.046,4.103,-2.004,-5.0,0.174,-1.014,1.016,-2.0,-3.0,-4.0,0.016,0.007,2.053,3.011,3.0,-1.003,1.0,-3.0,-0.01,-1.0,0.0,0.048,-0.207,2.019,-1.0,0.0,2.629,3.062,0.0,1.982,0.0,0.999,0.994,1.078,-1.0,0.0,0.0,-1.0,-1.0,0.0,0.999,-2.0,0.0,0.0,0.999,0.003,0.676,0.997,-0.013,0.001,0.003,0.992,1.018,4.984,-1.992,0.009,-1.002,2.982,1.994,1.036,3.028,-1.002,1.994,-1.001,-5.0,-3.0,0.004,-2.008,-4.996,-0.475,0.981,4.828,-0.007,3.13,5.14,0.003,-3.003,-1.001,-0.008,-3.998,1.97,-4.88,-3.051,2.274,2.028,-2.003,0.038,1.997,0.997,0.0,0.0,0.0,0.0,0.0,0.0,0.0,0.0,0.0,0.0
BtcGF,BTCUSDc,127,14.414,28.828,3,0.5981,47.73,383,27.154,1,15,240,0.015,1.5,2.0,0.0,0.5,16385,1,15.067,11,1,0,0,0.4,1,43.288,-14.46,9.683,13.036,-5.0,0.0,0.0,7.416,7.935,1.501,5.783,12.793,-2.0,-5.0,0.015,-3.999,-0.963,7.001,2.115,-0.948,-1.987,0.482,2.653,-0.461,2.444,9.538,-0.983,5.51,-3.0,-3.001,-6.0,-0.974,-3.0,-3.691,2.994,2.061,-4.0,-2.861,-2.0,-1.573,-2.0,-3.0,-4.0,-2.0,-0.999,0.0,1.746,4.003,0.16,3.018,-3.0,0.0,-1.0,0.0,2.318,4.608,-1.0,-1.0,0.0,3.692,2.224,-1.0,0.0,0.0,0.0,0.0,0.0,-1.0,0.0,0.0,-1.0,0.0,0.0,1.999,-1.0,0.0,0.0,-1.0,-2.0,-0.008,1.997,-2.0,-2.0,1.055,4.185,2.599,-0.626,-2.825,7.145,-6.0,-2.997,1.125,-2.003,-2.918,-2.011,1.996,-4.002,-5.0,-3.0,4.689,-1.978,-3.954,3.91,5.099,11.273,-4.0,1.092,1.465,2.469,-5.0,0.065,-1.005,-3.98,-1.001,-6.0,-3.0,0.223,-1.0,-4.0,-0.847,9.292,0.016,0.0,0.0,0.0,0.0,0.0,0.0,0.0,0.0,0.0,0.0
BtcGF,BTCUSDc,164,22.472,33.708,4,1.197,24.5,386,31.0881,1,15,300,0.015,1.5,1.75,0.0,0.5,16385,1,25.45,10,1,0,0,0.6,3,10.746,22.962,6.818,7.06,1.136,0.0,0.0,1.295,5.493,0.04,1.745,5.467,-2.0,-5.0,-1.245,-3.0,-1.234,5.418,1.582,-1.236,0.771,-2.8,1.786,2.184,0.722,-0.667,0.462,3.255,1.646,-3.251,-1.361,-1.23,-3.0,3.726,-1.057,-1.256,-4.0,3.259,-2.0,-1.992,-2.0,-3.0,-4.0,-2.0,-0.999,0.0,-2.0,7.73,-0.172,2.498,-3.0,0.0,-1.0,0.0,1.937,3.533,-1.0,-1.0,0.0,-0.999,1.933,-1.0,0.0,0.0,0.0,0.0,0.0,-1.0,0.0,0.0,-1.0,0.0,0.0,1.749,-1.0,0.0,0.0,-1.0,-2.0,-0.257,1.747,-2.0,-2.0,0.772,3.569,2.438,6.107,-3.137,3.071,-1.879,10.503,2.269,-2.253,-3.195,-2.259,1.496,-1.51,-5.0,0.4,1.495,-2.237,1.67,1.582,4.3,5.297,-5.0,-0.319,1.387,1.684,0.452,0.605,3.891,-4.235,-1.26,-6.0,-3.0,10.361,-1.0,-4.0,0.86,6.116,3.431,0.0,0.0,0.0,0.0,0.0,0.0,0.0,0.0,0.0,0.0
BtcGF,BTCUSDc,2,37.2493,55.874,4,3.7329,77.75,441,50.1134,1,15,300,0.015,1.5,1.0,0.0,0.5,16385,1,12.433,2,1,0,0,0.0,3,2.507,53.367,2.55,3.024,-3.005,0.0,-0.999,3.021,3.547,-0.01,0.997,0.018,-0.993,-0.956,-1.004,-1.004,-0.008,2.135,2.03,-0.005,-2.006,-1.922,-0.017,-0.001,1.002,-1.373,2.386,0.293,1.01,-4.0,-1.007,0.006,0.995,-0.002,3.269,-2.004,2.738,0.174,-1.014,1.016,-2.0,-2.999,-4.0,0.016,0.007,2.053,-0.009,3.0,-1.003,1.0,-3.0,-0.01,-1.0,0.0,0.048,-0.687,2.019,-1.0,0.0,2.582,3.062,0.0,2.027,0.0,0.999,0.994,1.078,-1.0,0.0,0.0,-1.0,-1.0,0.0,0.999,-2.0,0.0,0.0,0.999,0.003,0.927,0.997,-0.013,0.001,0.003,0.992,1.018,4.984,-1.992,-0.991,-1.002,2.982,0.977,1.036,3.028,-1.002,1.994,-0.997,-1.919,-0.768,2.196,-2.008,-4.996,-1.0,0.981,2.278,-0.007,42.518,5.235,0.003,-3.003,-1.001,-0.008,-3.998,1.97,-4.88,-3.051,2.274,2.028,-2.003,0.038,1.997,0.997,0.0,0.0,0.0,0.0,0.0,0.0,0.0,0.0,0.0,0.0
BtcGF,BTCUSDc,10,18.6215,37.243,3,1.5433,78.85,418,42.823,1,15,240,0.015,1.5,1.25,0.0,0.5,16385,1,7.876,2,1,0,0,0.0,2,4.301,32.942,4.697,3.804,-2.754,0.0,0.0,-0.472,3.714,-3.0,1.247,0.533,-0.732,-0.423,-1.755,-0.755,0.247,2.248,2.746,0.5,-2.749,-0.438,0.758,0.666,-0.235,-1.504,-0.5,0.714,-0.745,-3.75,-0.257,-1.75,-0.754,3.526,3.321,-1.754,-5.0,-0.213,-2.0,1.531,-2.0,-3.0,-4.0,-2.0,0.276,2.564,4.535,4.003,-0.748,1.5,-3.0,0.256,-1.0,0.0,0.328,0.678,0.296,-1.0,0.0,3.627,0.261,0.0,4.013,0.0,1.295,1.249,0.0,-2.0,0.0,0.0,-1.0,-1.0,0.0,1.249,-2.0,0.0,0.0,1.252,-2.0,2.134,1.249,0.235,0.264,0.256,1.503,1.904,6.369,-1.471,0.781,-0.531,4.275,3.182,0.654,-0.48,-2.757,0.497,-0.491,-5.0,-3.0,0.804,-2.753,-4.739,0.348,1.737,2.399,0.492,5.474,0.951,0.855,-2.753,-2.75,30.857,-3.747,-0.519,-3.495,-2.801,1.179,2.515,-2.542,0.312,3.004,1.496,0.0,0.0,0.0,0.0,0.0,0.0,0.0,0.0,0.0,0.0
BtcGF,BTCUSDc,8,43.4008,52.081,5,3.548,83.41,443,49.6614,1,15,300,0.015,2.1,1.0,0.0,0.5,16385,1,8.64,2,1,0,0,0.0,3,2.247,49.834,2.55,3.037,-3.005,0.0,-0.992,3.031,3.658,-0.01,0.997,0.029,-0.993,-0.926,-1.004,-1.004,-0.008,2.135,2.039,-0.005,-2.006,-1.922,-0.015,-0.001,1.004,-1.373,2.386,0.293,1.01,-4.0,-1.007,0.006,0.995,-0.0,3.354,-2.004,2.85,-1.958,-1.014,1.024,-2.0,-3.0,-4.0,0.033,0.007,2.072,-0.005,3.0,-1.003,1.0,-3.0,-0.01,-1.0,0.0,0.085,-0.684,2.019,-1.0,0.0,2.582,3.149,-1.0,0.982,0.0,0.999,0.994,1.229,-1.0,0.0,0.0,-1.0,-1.0,0.0,0.999,-2.0,0.0,0.0,0.999,0.003,-1.005,0.997,-0.013,0.008,0.003,0.992,1.042,4.984,-1.992,-0.992,-1.002,2.982,0.977,1.136,3.039,-1.001,1.994,-0.997,-1.587,-0.767,2.266,-2.008,-4.997,-1.0,0.981,2.278,-0.007,42.518,5.254,0.009,-3.003,-1.0,-0.008,-3.997,1.97,-4.599,-3.051,2.94,2.045,-2.003,0.096,2.001,0.997,0.0,0.0,0.0,0.0,0.0,0.0,0.0,0.0,0.0,0.0
BtcGF,BTCUSDc,11,34.0175,68.035,3,2.6317,95.78,416,42.0673,1,15,300,0.015,1.5,1.25,0.0,0.5,16385,1,2.872,2,1,0,0,0.0,2,-9.342,77.377,1.481,3.804,-2.754,0.0,0.0,-0.472,1.893,-3.0,1.247,0.533,-0.732,-0.423,-0.755,-0.755,0.247,3.045,2.746,0.5,-0.963,-1.327,0.758,0.502,-0.235,-0.597,-0.517,0.944,-0.745,-3.75,-0.257,-1.75,-0.754,1.072,2.238,-1.754,-5.0,-0.213,-2.0,1.531,-2.0,-2.999,-4.0,-2.0,0.276,2.564,0.594,4.003,-0.748,1.5,-3.0,0.256,-1.0,0.0,0.328,-0.02,0.296,-1.0,0.0,3.559,0.261,0.0,3.693,0.0,1.295,1.249,0.0,-2.0,0.0,0.0,-1.0,-1.0,0.0,1.249,-2.0,0.0,0.0,1.252,-2.0,2.522,1.249,2.668,0.264,0.256,1.503,-0.704,4.008,-1.471,-0.219,-0.531,4.275,1.747,0.654,-0.48,-2.757,0.497,-0.736,5.804,-0.379,3.408,-2.753,-4.739,-0.483,1.737,1.76,-0.508,64.774,1.086,0.799,-2.753,-2.75,3.517,-3.747,-0.519,-3.495,-2.801,1.179,2.515,-2.57,0.312,3.004,1.496,0.0,0.0,0.0,0.0,0.0,0.0,0.0,0.0,0.0,0.0
BtcGF,BTCUSDc,3,9.0413,13.562,4,0.7406,74.36,447,48.0984,1,15,180,0.015,1.8,1.0,0.0,0.5,16385,1,3.477,2,1,0,0,0.0,2,6.006,7.556,2.773,3.028,-3.005,0.0,-0.995,1.025,3.391,-0.01,0.997,-1.989,-0.993,-0.941,0.848,-1.004,-0.008,2.006,5.286,-0.005,-3.003,-2.016,-0.017,-0.001,1.004,-2.003,2.007,0.108,1.224,-4.0,-1.007,0.006,0.995,1.995,0.057,-2.004,1.895,0.337,-1.014,1.016,-2.0,-3.0,-4.0,0.02,0.007,5.924,2.38,3.0,-1.003,1.0,-3.0,-0.01,-1.0,0.0,0.056,-2.993,2.019,-1.0,0.0,2.627,3.108,-1.0,0.982,0.0,0.999,0.994,-0.999,-1.0,0.0,0.0,-1.0,-1.0,0.0,0.999,-2.0,0.0,0.0,0.999,0.003,-1.005,0.997,-0.013,0.005,0.003,0.992,1.031,5.001,-1.992,-0.992,-1.002,2.982,2.013,1.069,0.027,-1.001,1.994,-1.998,-5.0,-3.0,0.017,-2.008,-1.322,0.941,0.981,-0.009,-0.007,1.541,6.421,0.004,-3.003,-1.001,-0.008,-3.998,1.97,-4.776,-3.051,11.571,2.036,-2.003,0.062,2.001,0.997,0.0,0.0,0.0,0.0,0.0,0.0,0.0,0.0,0.0,0.0
BtcGF,BTCUSDc,5,44.1417,52.97,5,3.5639,82.01,443,49.8871,1,15,300,0.015,1.8,1.0,0.0,0.5,16385,1,9.529,2,1,0,0,0.0,3,4.252,48.718,2.55,3.028,-3.005,0.0,-0.995,3.031,3.588,-0.01,0.997,0.024,-0.993,-0.941,-1.003,-1.004,-0.008,2.135,2.035,-0.005,-2.006,-1.922,-0.017,-0.001,1.004,-1.373,2.386,0.293,1.01,-4.0,-1.007,0.006,0.995,-0.002,3.304,-2.004,2.78,0.337,-1.014,1.016,-2.0,-3.0,-4.0,0.02,0.007,2.061,-0.005,3.0,-1.003,1.0,-3.0,-0.01,-1.0,0.0,0.056,-0.684,2.019,-1.0,0.0,2.582,3.108,-1.0,0.982,0.0,0.999,0.994,1.134,-1.0,0.0,0.0,-1.0,-1.0,0.0,0.999,-2.0,0.0,0.0,0.999,0.003,-1.004,0.997,-0.013,0.005,0.003,0.992,1.031,4.984,-1.992,-0.991,-1.002,2.982,0.977,1.069,3.034,-1.001,1.994,-0.997,-1.79,-0.767,2.227,-2.008,-4.996,-1.0,0.981,2.278,-0.007,42.518,5.239,0.004,-3.003,-1.001,-0.008,-3.998,1.97,-4.776,-3.051,2.527,2.036,-2.003,0.062,2.001,0.997,0.0,0.0,0.0,0.0,0.0,0.0,0.0,0.0,0.0,0.0
BtcGF,BTCUSDc,9,-0.49,-1.47,2,-0.0493,0.0,425,40.9412,1,15,180,0.015,1.5,1.25,0.0,0.5,16385,1,-11.871,2,1,0,0,0.0,2,-2.451,0.981,4.365,3.804,-2.754,0.0,0.0,-0.472,4.373,-3.0,1.247,-1.736,-0.732,-0.423,-1.755,-0.755,-1.753,2.927,7.16,0.5,-2.749,-1.515,0.758,0.502,-0.235,-1.504,-0.48,0.666,-0.263,-3.75,-0.257,-1.75,-0.754,3.321,-1.391,-1.754,-4.999,-0.213,-2.0,1.531,-2.0,-2.999,-4.0,-2.0,0.276,11.683,3.98,4.003,-0.748,1.5,-3.0,0.256,-1.0,0.0,0.328,-2.742,0.296,-1.0,0.0,0.295,0.261,0.0,4.03,0.0,1.295,1.249,-1.0,-1.0,0.0,0.0,-1.0,-1.0,0.0,1.249,-2.0,0.0,0.0,1.252,-2.0,1.953,1.249,0.235,0.264,0.256,1.503,1.586,6.941,-1.471,-0.22,-0.531,4.275,3.456,0.654,-3.736,-2.757,0.497,-1.487,-4.999,-3.0,0.784,-2.753,-1.923,2.495,1.737,-1.503,0.492,3.07,0.939,1.16,-2.753,-2.75,0.49,-3.747,-0.519,-3.495,-2.801,1.511,2.515,-2.523,0.312,3.004,1.496,0.0,0.0,0.0,0.0,0.0,0.0,0.0,0.0,0.0,0.0
