leg,sym,pass,score,nbpR,segpos,rf,oneop,ops,win,sizing,smaP,slowP,mult,step,tpR,trailR,half,mgmtTF,stack,extop1R,nmonster,addtrig,lineplace,nback,buffer,w0,w1,w2,w3,w4,w5,w6,w7,w8,w9,w10,w11,w12,w13,w14,w15,w16,w17,w18,w19,w20,w21,w22,w23,w24,w25,w26,w27,w28,w29,w30,w31,w32,w33,w34,w35,w36,w37,w38,w39,w40,w41,w42,w43,w44,w45,w46,w47,w48,w49,w50,w51,w52,w53,w54,w55,w56,w57,w58,w59,w60,w61,w62,w63,w64,w65,w66,w67,w68,w69,w70,w71,w72,w73,w74,w75,w76,w77,w78,w79,w80,w81,w82,w83,w84,w85,w86,w87,w88,w89,w90,w91,w92,w93,w94,w95,w96,w97,w98,w99,w100,w101,w102,w103,w104,w105,w106,w107,w108,w109,w110,w111,w112,w113,w114,w115,w116,w117,w118,w119,w120,w121,w122,w123,w124,w125,w126,w127,w128,w129
BtcGF,BTCUSDc,33,17.3347,26.002,4,0.7997,63.8,364,31.044,1,13,0,0.01,1.1,2.0,0.0,1.0,16385,1,9.413,4,0,2,0,0.0,5.964,3.952,-1.027,-1.0,-1.0,1.991,-0.015,-3.0,1.994,1.954,-3.0,-2.007,-0.008,-3.0,-3.999,4.983,1.993,-1.008,-2.006,-3.016,-1.022,-1.002,-2.006,-2.013,-1.002,3.857,-0.001,-3.001,0.978,-1.0,-3.0,0.141,-1.015,-1.007,-4.0,10.743,-2.0,-2.028,-2.0,-3.0,-0.05,-2.0,-1.0,-4.0,-0.018,3.977,-0.045,2.998,-3.0,0.0,0.0,-1.0,3.827,3.971,-1.0,-1.0,0.0,-1.0,1.993,-1.0,0.0,0.0,0.0,0.0,0.0,-1.0,0.0,0.0,-1.0,0.0,0.0,1.999,-1.0,0.0,0.0,-1.0,-2.0,-0.008,1.997,-2.0,-2.0,1.218,8.159,0.992,-1.013,0.068,2.991,2.551,-0.008,0.605,-1.022,0.177,-2.011,-0.003,-3.0,0.035,2.966,6.912,-2.018,-2.001,1.986,4.953,13.627,-5.0,0.983,0.974,3.179,-2.005,-4.0,2.984,-3.006,13.589,-6.0,-3.0,4.18,-2.0,-3.0,-1.015,8.973,2.994,0.0,0.0,0.0,0.0,0.0,0.0,0.0,0.0,0.0,0.0
BtcGF,BTCUSDc,17,29.8253,44.738,4,1.8855,49.6,404,36.8812,1,13,0,0.01,1.1,1.5,0.0,0.5,16385,1,22.547,6,0,2,0,0.0,4.472,2.97,-0.028,4.986,-3.0,0.993,2.976,-3.0,1.496,0.961,-0.508,-2.505,-1.506,-3.0,-1.521,4.752,0.995,0.989,-1.009,-1.028,1.464,-1.501,-3.505,-2.51,-0.453,2.154,-0.5,-3.5,0.066,-1.5,-0.505,2.409,-5.0,-1.505,-4.0,23.177,-2.0,-0.023,-2.0,-3.0,0.208,-3.0,-1.0,-4.0,0.984,4.978,-1.501,2.0,-3.0,0.0,-1.0,0.0,1.485,2.978,-1.0,-1.0,0.0,-1.0,1.494,-1.0,0.0,0.0,0.0,0.0,0.0,-1.0,0.0,0.0,-1.0,0.0,0.0,1.499,-1.0,0.0,0.0,1.498,-2.0,5.95,1.498,11.203,-2.0,0.5,4.892,0.494,4.959,2.015,1.494,-0.631,9.598,2.457,-1.516,-1.924,-2.508,-0.503,-3.502,-4.0,1.971,8.469,-3.513,-4.501,0.989,3.465,7.46,-2.507,4.884,0.965,1.978,-2.504,-1.004,0.988,-3.504,5.964,-6.0,-4.0,3.834,-1.503,-4.0,0.488,4.972,1.995,0.0,0.0,0.0,0.0,0.0,0.0,0.0,0.0,0.0,0.0
BtcGF,BTCUSDc,20,33.5047,50.257,4,2.1066,39.15,384,39.5833,1,11,0,0.01,1.1,1.5,0.0,1.0,16385,1,30.581,4,0,2,0,0.0,4.472,2.97,-1.52,2.746,-1.0,0.993,2.976,-3.0,1.496,0.961,-0.508,-2.505,-0.506,-3.0,-1.522,4.196,0.995,0.989,-2.504,-1.028,2.989,-1.501,2.835,-2.51,-1.501,2.353,-0.5,-3.5,-1.016,-1.5,-0.505,1.958,-1.511,-1.505,-4.0,7.508,-2.0,-1.024,-2.0,-3.0,-0.534,-2.0,-1.0,-4.0,3.471,4.978,-0.536,2.0,-3.0,0.0,0.0,-1.0,1.485,2.978,-1.0,-1.0,0.0,-1.0,1.494,-1.0,0.0,0.0,0.0,0.0,0.0,-1.0,0.0,0.0,-1.0,0.0,0.0,1.499,-1.0,0.0,0.0,1.498,-2.0,-0.506,1.498,1.943,-2.0,0.5,3.33,0.494,4.959,1.791,1.494,-0.237,6.652,2.457,-1.516,1.56,-2.508,-0.503,-3.0,0.934,1.971,3.924,-2.513,-2.501,19.168,3.465,-2.5,-2.507,5.216,2.528,1.916,-2.504,-2.502,6.262,-3.504,5.964,-2.0,-0.014,4.493,-2.0,-1.006,0.488,4.972,1.995,0.0,0.0,0.0,0.0,0.0,0.0,0.0,0.0,0.0,0.0
BtcGF,BTCUSDc,185,10.36,20.72,3,1.0877,11.3,420,50.4762,1,13,0,0.01,1.1,1.0,0.0,0.5,16385,1,18.379,0,0,2,0,0.6,2.982,2.979,-1.019,1.898,-0.383,2.985,1.977,-0.029,0.997,-0.013,-1.005,-1.005,-2.004,-1.004,-0.01,1.988,2.015,-0.007,-2.006,-2.018,-0.023,-0.001,1.355,-3.006,2.969,-0.013,0.999,-4.0,-0.318,0.0,0.995,2.039,2.818,-2.004,-1.893,-1.009,-1.014,1.631,-2.0,-3.0,-0.629,-3.0,0.969,-0.003,2.794,2.986,-3.0,1.0,-3.0,0.0,-1.0,0.0,0.99,1.986,0.995,-1.0,0.0,2.634,0.996,0.991,0.0,0.0,0.0,0.0,0.0,-1.0,0.0,0.0,-1.0,0.0,0.0,0.999,-1.0,0.0,0.0,0.998,-0.014,1.01,0.998,-0.013,-2.0,0.0,1.988,-0.004,5.15,-1.011,-0.004,-2.01,3.697,0.972,-1.017,0.033,-0.585,1.994,-1.016,-0.036,0.976,2.888,1.332,-1.209,-0.007,1.975,1.99,2.268,1.973,4.389,-0.017,-3.003,-2.002,-0.008,-4.003,-1.012,-5.005,-1.881,2.189,3.238,-2.003,-0.008,2.982,0.997,0.0,0.0,0.0,0.0,0.0,0.0,0.0,0.0,0.0,0.0
BtcGF,BTCUSDc,32,70.209,70.209,6,3.8494,50.98,362,31.768,1,11,0,0.01,1.1,2.0,0.0,1.0,16385,1,34.413,9,0,2,0,0.0,5.964,3.952,-1.027,-1.0,-1.0,1.991,-0.015,-3.0,1.994,1.954,-3.0,-2.007,-0.008,-3.0,-1.025,4.983,1.993,-1.008,-2.006,-3.016,2.311,-1.002,9.658,-2.013,-1.002,5.306,-0.001,-3.001,0.978,-1.0,-3.0,1.141,-1.015,-1.007,-4.0,10.743,-2.0,-2.028,-2.0,-3.0,-0.05,-2.0,-1.0,-4.0,1.98,3.977,-0.045,2.998,-3.0,0.0,0.0,-1.0,7.469,3.971,-1.0,-1.0,0.0,-1.0,1.993,-1.0,0.0,0.0,0.0,0.0,0.0,-1.0,0.0,0.0,-1.0,0.0,0.0,1.999,-1.0,0.0,0.0,-1.0,-2.0,-0.008,1.997,-2.0,-2.0,1.218,5.775,0.992,-1.013,0.068,2.991,2.551,-0.008,0.605,-1.022,0.177,-2.011,-0.003,-3.0,-0.965,2.966,2.938,-2.018,-2.001,35.786,4.953,-2.001,-5.0,0.983,4.086,3.05,-2.005,-4.0,2.984,-3.006,13.589,-2.0,-4.0,5.53,-2.0,-3.0,-1.015,8.973,2.994,0.0,0.0,0.0,0.0,0.0,0.0,0.0,0.0,0.0,0.0
BtcGF,BTCUSDc,98,-4.0773,-12.232,2,-0.366,0.0,368,22.8261,1,15,0,0.01,1.1,2.5,0.0,0.0,16385,1,-25.53,8,0,2,0,0.2,2.304,1.492,2.077,0.0,-3.0,-0.249,0.981,-3.0,2.493,0.495,-3.0,-4.0,-3.0,-3.0,-4.0,-0.512,3.002,-0.51,0.985,-6.0,0.708,-4.0,11.705,-1.516,-3.0,-0.511,0.499,-2.501,3.822,-0.515,-3.0,1.357,3.478,-0.509,-4.0,14.998,-2.0,-1.535,-2.0,-3.0,-3.0,-3.0,-2.0,-5.0,-3.0,5.47,-4.0,1.499,-3.0,0.0,-1.0,0.0,5.999,4.963,-1.0,-1.0,0.0,-1.0,-1.0,-1.0,0.0,0.0,0.0,0.0,0.0,-1.0,0.0,0.0,-1.0,0.0,0.0,2.499,-1.0,0.0,0.0,-1.0,-2.999,0.491,2.496,-2.0,-2.0,-2.0,1.485,3.431,-0.516,1.831,1.992,0.978,3.871,3.857,-0.527,0.268,-1.514,0.496,-2.341,-4.0,1.495,12.208,1.261,-3.502,0.495,14.626,-4.0,-5.0,1.998,1.689,5.604,-1.507,-4.0,2.213,-2.507,-4.0,-6.0,-4.0,-4.0,-3.0,-0.728,-4.0,8.975,0.681,0.0,0.0,0.0,0.0,0.0,0.0,0.0,0.0,0.0,0.0
BtcGF,BTCUSDc,64,3.6255,7.251,3,0.294,54.59,429,48.2517,1,11,0,0.01,1.1,1.0,0.0,0.5,16385,1,3.293,0,0,2,0,0.2,2.982,2.979,-1.019,1.368,1.061,3.206,1.977,-0.029,0.997,-0.013,-1.005,-1.005,-2.004,-1.004,-0.01,1.988,2.015,-0.007,-2.006,-2.018,-0.023,-0.001,1.355,-2.011,2.969,-0.013,0.999,-4.0,-0.318,0.0,0.995,2.039,-1.003,-2.004,-0.9,0.34,-1.014,-3.002,-2.0,-3.0,-4.0,-3.0,1.156,-0.003,3.089,3.01,-2.001,1.0,-3.0,0.0,-1.0,0.0,0.99,1.986,0.995,-1.0,0.0,4.721,0.996,0.991,0.0,0.0,0.0,0.0,0.0,-1.0,0.0,0.0,-1.0,0.0,0.0,0.999,-1.0,0.0,0.0,0.998,-0.014,-1.005,0.998,-0.013,-2.0,0.0,1.988,-0.004,5.15,-1.011,-0.004,-2.01,4.414,0.972,-1.017,0.033,-0.585,1.994,-2.017,-1.724,0.976,3.707,-2.012,-5.001,-0.007,1.975,1.99,3.055,-0.022,4.853,-0.017,-3.003,-3.001,-0.008,-4.003,-1.012,-5.005,-1.181,5.843,1.223,-2.003,-0.008,2.982,0.997,0.0,0.0,0.0,0.0,0.0,0.0,0.0,0.0,0.0,0.0
BtcGF,BTCUSDc,124,9.8865,19.773,3,0.9628,16.68,424,49.2925,1,11,0,0.01,1.1,1.0,0.0,0.5,16385,1,16.474,0,0,2,0,0.4,2.982,2.979,-1.019,1.368,1.061,3.206,1.977,-0.029,0.997,-0.013,-1.005,-1.005,-2.004,-1.004,-0.01,1.988,2.015,-0.007,-2.006,-2.018,-0.023,-0.001,1.355,-2.011,2.969,-0.013,0.999,-4.0,-0.318,0.0,0.995,2.039,-1.003,-2.004,-1.246,0.34,-1.014,0.472,-2.0,-3.0,-3.0,-3.0,1.156,-0.003,3.089,3.01,-2.001,1.0,-3.0,0.0,-1.0,0.0,0.99,1.986,0.995,-1.0,0.0,3.162,0.996,0.991,0.0,0.0,0.0,0.0,0.0,-1.0,0.0,0.0,-1.0,0.0,0.0,0.999,-1.0,0.0,0.0,0.998,-0.014,-1.005,0.998,-0.013,-2.0,0.0,1.988,-0.004,5.15,-1.011,-0.004,-2.01,4.304,0.972,-1.017,0.033,-0.585,1.994,-1.016,1.575,0.976,3.404,-2.012,-0.525,-0.007,1.975,1.99,3.055,-0.022,4.853,-0.017,-3.003,-3.001,-0.008,-4.003,-1.012,-5.005,-1.459,4.717,4.217,-2.003,-0.008,2.982,0.997,0.0,0.0,0.0,0.0,0.0,0.0,0.0,0.0,0.0,0.0
BtcGF,BTCUSDc,187,11.2615,22.523,3,1.3216,10.26,419,50.8353,1,17,0,0.01,1.1,1.0,0.0,0.5,16385,1,20.212,0,0,2,0,0.6,2.982,2.979,-1.019,1.452,-1.014,2.985,1.977,-0.029,0.997,-1.013,0.332,-1.005,-1.004,-1.004,-0.01,1.988,2.015,-0.007,-2.006,-2.018,-0.023,-0.001,1.442,-3.006,2.969,-0.013,0.999,-4.0,-0.318,0.0,0.995,2.039,2.813,-2.004,-2.02,-1.009,-1.014,1.631,-2.0,-3.0,-0.629,-3.0,0.969,-0.003,2.791,2.986,-3.0,1.0,-3.0,0.0,0.0,-1.0,1.737,1.986,0.995,-1.0,0.0,1.99,0.996,0.991,0.0,0.0,0.0,0.0,0.0,-1.0,0.0,0.0,-1.0,0.0,0.0,0.999,-1.0,0.0,0.0,0.998,-0.014,0.75,0.998,-0.013,-2.0,0.0,1.988,-0.004,4.965,-1.011,-1.004,-2.01,2.969,0.972,-1.017,0.033,-0.585,1.994,-1.016,0.082,0.976,2.67,0.881,-1.193,-0.007,1.975,1.99,2.744,1.973,4.744,-0.017,-3.003,-3.001,-0.008,-4.003,1.995,-5.005,-1.113,2.698,3.318,-2.003,-0.008,2.982,0.997,0.0,0.0,0.0,0.0,0.0,0.0,0.0,0.0,0.0,0.0
BtcGF,BTCUSDc,46,-5.199,-10.398,3,-0.3672,0.0,352,23.5795,1,15,0,0.01,1.1,2.5,0.0,1.0,16385,1,-24.374,7,0,2,0,0.0,1.494,1.492,-0.41,0.0,-1.0,-0.502,0.981,-3.0,2.493,0.495,-3.0,-4.0,-3.0,-3.0,-4.0,-0.512,2.992,-0.51,-1.507,-6.0,0.708,-4.0,11.705,-1.516,-0.502,-0.511,0.499,-2.501,1.972,-0.515,-3.0,1.559,-0.518,-0.509,-4.0,15.47,-2.0,-0.535,-2.0,-3.0,0.441,-2.0,-1.0,-3.999,-4.0,5.47,0.447,1.499,-3.0,0.0,0.0,-1.0,5.343,4.963,-1.0,-1.0,0.0,-1.0,-1.0,-1.0,0.0,0.0,0.0,0.0,0.0,-1.0,0.0,0.0,-1.0,0.0,0.0,2.499,-1.0,0.0,0.0,-1.0,-2.0,0.491,2.496,-2.0,-2.0,-2.0,1.485,3.431,-0.516,1.831,1.992,0.978,2.307,1.381,-0.527,1.294,-1.514,0.496,-3.0,-3.0,1.495,5.826,1.261,-1.502,0.495,14.626,-4.0,-5.0,7.834,-1.525,1.095,-1.507,-4.0,2.213,-2.507,-4.0,-6.0,-3.0,2.542,-2.0,-3.0,-4.0,8.975,0.681,0.0,0.0,0.0,0.0,0.0,0.0,0.0,0.0,0.0,0.0
BtcGF,BTCUSDc,91,31.3775,37.653,5,1.9329,28.9,370,31.3514,1,17,0,0.01,1.1,2.0,0.0,0.5,16385,1,26.772,6,0,2,0,0.2,5.964,3.952,0.963,-1.0,-1.0,2.138,0.985,-3.0,1.994,0.954,-2.0,-2.007,-0.008,-3.0,-4.0,14.874,1.993,-0.008,-0.013,-3.016,-1.022,-1.002,8.271,-2.013,0.105,4.531,-0.001,-3.001,2.444,-1.0,-3.0,1.8,2.156,-1.007,-4.0,8.451,-2.0,-1.028,-2.0,-3.0,1.034,-3.0,-1.0,-4.0,-1.002,3.977,-1.002,2.998,-3.0,0.0,-1.0,0.0,4.734,3.971,-1.0,-1.0,0.0,-1.0,1.993,-1.0,0.0,0.0,0.0,0.0,0.0,-1.0,0.0,0.0,-1.0,0.0,0.0,1.999,-1.0,0.0,0.0,-1.0,-2.0,-0.008,1.997,-2.0,-2.0,0.985,3.975,0.992,-1.013,5.013,1.991,2.18,-0.008,2.586,-1.022,2.131,-2.011,-0.003,-3.002,-4.0,1.966,4.953,-3.018,6.219,1.986,4.953,0.957,-5.0,-1.009,8.193,3.032,-2.005,-4.0,2.647,-3.006,-1.033,-2.0,-5.0,0.936,-3.0,-2.004,-1.015,8.973,2.994,0.0,0.0,0.0,0.0,0.0,0.0,0.0,0.0,0.0,0.0
BtcGF,BTCUSDc,22,11.596,23.192,3,0.801,48.38,386,39.1192,1,15,0,0.01,1.1,1.5,0.0,1.0,16385,1,11.971,3,0,2,0,0.0,4.472,2.97,-1.52,2.746,-1.0,0.993,2.976,-3.0,1.496,0.961,-0.508,-2.505,-0.506,-3.0,-1.522,3.482,0.995,0.989,-2.504,-1.028,1.464,-1.501,2.835,-2.51,-1.501,-1.507,-0.5,-3.5,-1.016,-1.5,-0.505,1.958,-1.511,-1.505,-4.0,7.508,-2.0,-0.024,-2.0,-3.0,-0.534,-2.0,-1.0,-3.999,3.471,4.978,-0.536,2.0,-3.0,0.0,0.0,-1.0,1.485,2.978,-1.0,-1.0,0.0,-1.0,1.494,-1.0,0.0,0.0,0.0,0.0,0.0,-1.0,0.0,0.0,-1.0,0.0,0.0,1.499,-1.0,0.0,0.0,1.498,-2.0,-0.506,1.498,10.221,-2.0,0.5,4.892,0.494,4.959,1.791,1.494,-0.325,6.652,2.457,-1.516,1.56,-2.508,-0.503,-3.0,0.934,1.971,3.924,-2.513,-2.501,0.989,3.465,1.772,-2.507,5.216,-0.021,1.978,-2.504,-2.502,3.459,-3.504,-2.527,-6.0,-0.045,4.493,-2.0,-1.006,0.488,4.972,1.995,0.0,0.0,0.0,0.0,0.0,0.0,0.0,0.0,0.0,0.0
BtcGF,BTCUSDc,217,13.9425,27.885,3,0.9312,41.87,350,24.0,1,13,0,0.01,1.1,2.5,0.0,0.0,16385,1,16.209,13,0,2,0,0.6,2.304,1.492,2.077,0.0,-2.0,-0.249,0.981,-3.0,2.493,3.314,4.83,-4.0,-4.0,-3.0,-2.0,7.926,3.002,-0.51,0.985,-5.999,0.708,-4.0,10.018,-1.516,-3.0,5.334,0.499,-2.501,2.604,-0.515,-3.0,2.442,1.985,-0.509,-4.0,10.778,-2.0,-0.534,-2.0,-3.0,-3.0,-3.0,-2.0,-5.0,-3.0,5.47,-3.0,1.499,-3.0,0.0,-1.0,0.0,3.127,4.963,-1.0,-1.0,0.0,-1.0,-1.0,-1.0,0.0,0.0,0.0,0.0,0.0,-1.0,0.0,0.0,-1.0,0.0,0.0,2.499,-1.0,0.0,0.0,-1.0,-2.0,-2.0,2.496,-2.0,-1.0,-2.0,4.045,3.431,-0.515,0.857,1.992,0.978,11.418,1.381,-0.527,-7.0,-1.514,0.496,-3.0,-4.0,1.495,9.783,3.261,10.174,0.495,12.906,-4.0,-5.0,2.217,0.603,5.604,-1.507,-1.503,4.446,-2.507,-4.0,-6.0,-3.0,4.227,-2.0,-3.0,-4.0,8.975,0.681,0.0,0.0,0.0,0.0,0.0,0.0,0.0,0.0,0.0,0.0
BtcGF,BTCUSDc,34,6.3153,9.473,4,0.3632,102.9,363,31.405,1,15,0,0.01,1.1,2.0,0.0,1.0,16385,1,-0.275,4,0,2,0,0.0,5.964,3.952,-1.027,-1.0,-1.0,1.991,-0.015,-3.0,1.994,1.954,-3.0,-2.007,-0.008,-3.0,-4.0,4.983,1.993,-1.008,-2.006,-3.016,-1.022,-1.002,8.271,-2.013,-1.002,-1.009,-0.001,-3.001,0.978,-1.0,-3.0,0.141,-1.015,-1.007,-4.0,10.743,-2.0,-1.028,-2.0,-3.0,-0.05,-2.0,-1.0,-3.999,1.98,3.977,-0.045,2.998,-3.0,0.0,0.0,-1.0,3.827,3.971,-1.0,-1.0,0.0,-1.0,1.993,-1.0,0.0,0.0,0.0,0.0,0.0,-1.0,0.0,0.0,-1.0,0.0,0.0,1.999,-1.0,0.0,0.0,-1.0,-2.0,-0.008,1.997,-2.0,-2.0,1.218,6.948,0.992,-1.013,0.068,2.991,2.429,-0.008,0.605,-1.022,0.177,-2.011,-0.003,-3.0,0.035,2.966,6.912,-2.018,-2.001,1.986,4.953,4.644,-5.0,0.983,0.974,3.179,-2.005,-4.0,2.984,-3.006,-1.033,-6.0,-3.0,4.18,-2.0,-3.0,-1.015,8.973,2.994,0.0,0.0,0.0,0.0,0.0,0.0,0.0,0.0,0.0,0.0
BtcGF,BTCUSDc,141,14.6767,22.015,4,0.7791,19.1,387,39.2765,1,13,0,0.01,1.1,1.5,0.0,1.0,16385,1,17.81,0,0,2,0,0.4,4.472,2.97,-1.52,2.746,-1.0,0.993,2.976,-3.0,1.496,0.961,-0.508,-2.505,-0.506,-3.0,-1.522,4.752,0.995,0.989,-2.504,-1.028,1.464,-1.501,1.552,-2.51,-1.501,2.154,-0.5,-3.5,-1.016,-1.5,-0.505,1.958,-1.511,-1.505,-4.0,5.558,-2.0,-1.024,-2.0,-3.0,-0.534,-2.0,-1.0,-4.0,3.471,4.978,-0.536,2.0,-3.0,0.0,0.0,-1.0,1.485,2.978,-1.0,-1.0,0.0,-1.0,1.494,-1.0,0.0,0.0,0.0,0.0,0.0,-1.0,0.0,0.0,-1.0,0.0,0.0,1.499,-1.0,0.0,0.0,1.498,-2.0,-0.506,1.498,3.205,-2.0,0.5,4.892,0.494,4.959,1.791,1.494,-0.237,6.652,2.457,-1.516,1.56,-2.508,-0.503,-3.0,0.934,1.971,3.924,-2.513,-2.501,0.989,3.465,2.415,-2.507,4.884,-0.021,1.978,-2.504,-2.502,5.814,-3.504,-0.139,-6.0,-0.045,4.493,-2.0,-1.006,0.488,4.972,1.995,0.0,0.0,0.0,0.0,0.0,0.0,0.0,0.0,0.0,0.0
BtcGF,BTCUSDc,27,19.3447,29.017,4,1.0092,37.5,372,30.914,1,17,0,0.01,1.1,2.0,0.0,0.0,16385,1,18.136,5,0,2,0,0.0,6.9,3.952,0.963,-1.0,-1.0,2.138,0.985,-3.0,1.994,1.954,-3.0,-1.21,-0.008,-3.0,-4.0,14.874,1.993,-0.008,-0.013,-2.556,-1.022,-1.002,8.271,-2.013,0.105,4.531,-0.001,-3.001,2.444,-4.0,-3.0,1.06,-0.22,-1.007,-4.0,7.999,-2.0,-2.028,-2.0,-3.0,-3.0,-3.0,-1.0,-5.0,-1.002,3.977,-1.002,2.998,-3.0,0.0,-1.0,0.0,4.734,3.971,-1.0,-1.0,0.0,-1.0,1.993,-1.0,0.0,0.0,0.0,0.0,0.0,-1.0,0.0,0.0,-1.0,0.0,0.0,1.999,-1.0,0.0,0.0,-1.0,-3.0,1.99,1.997,-2.0,-2.0,0.985,4.221,0.992,-1.013,5.013,1.991,2.18,3.379,2.586,-1.022,-0.595,-2.011,-0.003,-3.002,-4.0,1.966,4.953,-2.018,6.219,1.986,4.953,0.957,-5.0,-1.009,6.061,3.032,-2.005,-4.0,3.647,-3.006,-1.033,-2.0,-5.0,0.936,-3.0,-2.004,-1.015,8.973,2.994,0.0,0.0,0.0,0.0,0.0,0.0,0.0,0.0,0.0,0.0
BtcGF,BTCUSDc,51,25.182,37.773,4,1.1625,42.73,349,20.9169,1,17,0,0.01,1.1,3.0,0.0,0.0,16385,1,21.634,15,0,2,0,0.0,3.085,2.686,3.136,0.0,-1.0,-3.0,2.977,-3.0,2.992,0.994,-3.0,-4.0,-3.0,-3.0,-4.0,-3.0,0.074,0.988,-2.01,-6.0,0.456,-4.0,0.991,14.131,-3.0,4.282,0.999,-2.001,8.872,-4.0,-3.0,5.472,3.346,-0.011,-4.0,15.34,-2.0,-1.042,-2.0,-3.0,-3.0,-3.0,-1.0,-5.0,-4.0,6.964,-4.0,0.999,-3.0,0.0,-1.0,0.0,7.178,5.956,-1.0,-1.0,0.0,-1.0,-1.0,-1.0,0.0,0.0,0.0,0.0,0.0,-1.0,0.0,0.0,-1.0,0.0,0.0,2.998,-1.0,0.0,0.0,-1.0,-3.0,0.989,2.995,-2.0,-2.0,0.0,0.982,4.823,-0.019,10.845,-2.007,1.973,8.918,2.158,-1.033,1.36,-1.016,0.995,-1.771,-4.0,0.994,4.14,3.8,12.139,0.994,6.928,-5.0,-5.0,0.016,9.161,9.464,-1.008,-4.0,5.884,-2.009,-4.0,-2.0,-5.0,-4.0,-3.0,-3.0,-4.0,6.975,1.251,0.0,0.0,0.0,0.0,0.0,0.0,0.0,0.0,0.0,0.0
BtcGF,BTCUSDc,116,49.175,59.01,5,1.787,35.38,346,20.2312,1,11,0,0.01,1.1,3.0,0.0,1.0,16385,1,38.134,15,0,2,0,0.2,1.993,1.991,0.151,0.0,-1.0,-3.0,1.977,-3.0,2.992,2.835,-3.0,-4.0,-3.0,-3.0,-3.0,-4.0,-0.009,-0.012,-5.0,-6.0,7.106,-4.0,0.991,19.729,-0.003,6.281,0.999,-2.001,-0.007,-0.016,-3.0,-4.0,-4.0,-0.011,-4.0,20.113,-2.0,-1.042,-2.0,-3.0,0.931,-2.0,-1.0,-4.0,5.99,6.964,0.938,1.999,-3.0,0.0,0.0,-1.0,12.791,5.956,-1.0,-1.0,0.0,-1.0,-1.0,-1.0,0.0,0.0,0.0,0.0,0.0,-1.0,0.0,0.0,-1.0,0.0,0.0,2.998,-1.0,0.0,0.0,-1.0,-2.0,0.989,2.995,-2.0,-2.0,-2.0,5.027,5.364,-0.019,3.594,-1.007,2.794,4.015,5.146,-0.033,2.402,-1.016,0.995,-3.0,-4.0,0.994,-3.0,-1.027,-1.002,17.876,11.13,-5.0,-5.0,11.929,3.21,1.879,0.776,-4.0,6.779,-2.009,-4.0,-2.0,-4.0,5.63,-2.0,-3.0,-4.0,6.975,-3.0,0.0,0.0,0.0,0.0,0.0,0.0,0.0,0.0,0.0,0.0
BtcGF,BTCUSDc,68,7.81,15.62,3,1.0186,6.4,413,52.0581,1,11,0,0.01,1.1,1.0,0.0,1.0,16385,1,14.62,0,0,2,0,0.2,2.982,2.979,-2.014,0.995,-0.014,2.976,1.977,-0.029,0.997,-0.013,-1.005,-1.005,-1.004,-1.004,-0.01,1.988,1.996,-0.007,-3.003,-2.018,-0.023,-0.001,0.983,-3.006,2.969,-0.013,0.999,-4.0,-1.016,0.0,0.995,1.965,1.99,-2.004,-3.002,0.989,-1.014,0.976,-2.0,-3.0,-1.025,-0.009,0.969,1.985,1.98,2.986,-1.027,1.0,-3.0,0.0,0.0,-1.0,0.99,1.986,0.995,-1.0,0.0,1.99,0.996,0.991,0.0,0.0,0.0,0.0,0.0,-1.0,0.0,0.0,-1.0,0.0,0.0,0.999,-1.0,0.0,0.0,0.998,-0.014,-0.01,0.998,-0.013,-2.0,0.0,1.988,-0.004,4.965,-1.011,-0.004,-2.01,2.969,0.972,-1.017,2.978,-1.009,1.994,-1.016,-2.046,0.976,1.951,-3.009,-2.002,-0.007,1.975,1.99,1.957,1.973,3.973,-0.017,-3.003,-3.001,1.975,-4.003,1.956,-5.005,-3.053,1.973,1.988,-2.003,-0.008,2.982,0.997,0.0,0.0,0.0,0.0,0.0,0.0,0.0,0.0,0.0,0.0
BtcGF,BTCUSDc,31,31.3783,37.654,5,1.933,28.9,370,31.3514,1,17,0,0.01,1.1,2.0,0.0,0.5,16385,1,26.773,6,0,2,0,0.0,5.964,3.952,0.963,-1.0,-1.0,2.138,0.985,-3.0,1.994,0.954,-2.0,-2.007,-0.008,-3.0,-4.0,14.874,1.993,-0.008,-0.013,-3.016,-1.022,-1.002,8.271,-2.013,0.105,4.531,-0.001,-3.001,2.444,-1.0,-3.0,1.8,2.156,-1.007,-4.0,8.451,-2.0,-1.028,-2.0,-3.0,1.034,-3.0,-1.0,-4.0,-1.002,3.977,-1.002,2.998,-3.0,0.0,-1.0,0.0,4.734,3.971,-1.0,-1.0,0.0,-1.0,1.993,-1.0,0.0,0.0,0.0,0.0,0.0,-1.0,0.0,0.0,-1.0,0.0,0.0,1.999,-1.0,0.0,0.0,-1.0,-2.0,-0.007,1.997,-2.0,-2.0,0.985,3.975,0.992,-1.013,5.013,1.991,2.18,-0.008,2.586,-1.022,2.131,-2.011,-0.003,-3.002,-4.0,1.966,4.953,-3.018,6.219,1.986,4.953,0.957,-5.0,-1.009,8.193,3.032,-2.005,-4.0,2.647,-3.006,-1.033,-2.0,-5.0,0.936,-3.0,-2.004,-1.015,8.973,2.994,0.0,0.0,0.0,0.0,0.0,0.0,0.0,0.0,0.0,0.0
BtcGF,BTCUSDc,109,-4.8357,-14.507,2,-0.3539,0.0,366,19.3989,1,13,0,0.01,1.1,3.0,0.0,0.0,16385,1,-38.3,11,0,2,0,0.2,3.085,1.991,3.136,0.0,-3.0,-3.0,1.977,-3.0,2.992,3.379,-3.0,-4.0,-4.0,-3.0,-4.0,-4.0,0.074,-0.012,-2.01,-5.999,1.986,-4.0,-1.009,-1.019,-3.0,3.004,0.999,-2.001,-0.007,-0.016,-3.0,5.004,5.079,-0.011,-4.0,26.104,-2.0,-0.041,-2.0,-3.0,-3.0,-3.0,-2.0,-5.0,-3.0,6.964,-4.0,1.999,-3.0,0.0,-1.0,0.0,3.854,5.956,-1.0,-1.0,0.0,-1.0,-1.0,-1.0,0.0,0.0,0.0,0.0,0.0,-1.0,0.0,0.0,-1.0,0.0,0.0,2.998,-1.0,0.0,0.0,-1.0,-2.999,0.989,2.995,-2.0,-2.0,-2.0,5.891,4.823,-0.019,3.594,-1.007,1.973,4.015,5.146,-0.033,-7.0,-1.016,0.995,-0.982,-4.0,1.994,-3.0,-2.027,-3.002,-0.006,7.928,-4.0,-5.0,3.372,1.669,7.194,-1.008,-1.004,6.484,-2.009,-4.0,-0.139,-4.0,-4.0,-2.0,-3.0,-4.0,6.975,1.251,0.0,0.0,0.0,0.0,0.0,0.0,0.0,0.0,0.0,0.0
BtcGF,BTCUSDc,258,6.0255,12.051,3,0.4282,26.39,381,38.5827,1,15,0,0.01,1.1,1.5,0.0,0.5,16385,1,8.871,0,0,2,0,0.8,4.472,2.97,-1.52,2.491,-1.0,0.993,2.976,-3.0,1.496,0.961,-0.508,-2.505,-0.506,-3.0,0.478,0.982,0.995,0.989,-2.504,-1.028,1.464,-1.501,-0.129,-2.51,-0.453,-1.507,-0.5,-3.5,-0.537,-1.5,-0.505,2.409,-0.634,-1.505,-4.0,6.188,-2.0,-0.024,-2.0,-3.0,0.208,-2.0,-1.0,-2.0,4.443,4.978,-3.0,2.0,-3.0,0.0,0.0,-1.0,2.002,2.978,-1.0,-1.0,0.0,-1.0,1.494,-1.0,0.0,0.0,0.0,0.0,0.0,-1.0,0.0,0.0,-1.0,0.0,0.0,1.499,-1.0,0.0,0.0,1.498,-2.0,3.486,1.498,1.3,-2.0,0.5,3.881,0.494,4.959,1.08,1.494,-0.668,7.12,3.294,-1.516,-1.924,-2.508,-0.503,-3.0,-0.261,1.971,4.994,-2.513,-1.669,0.989,3.465,0.687,-2.507,2.894,0.8,1.978,-2.504,-2.502,4.336,-3.503,-2.527,-6.0,0.112,3.819,-2.0,-1.038,0.488,4.972,1.995,0.0,0.0,0.0,0.0,0.0,0.0,0.0,0.0,0.0,0.0
BtcGF,BTCUSDc,42,-3.1663,-9.499,2,-0.2431,0.0,371,21.8329,1,15,0,0.01,1.1,2.5,0.0,0.5,16385,1,-50.145,6,0,2,0,0.0,1.494,1.492,2.077,0.0,-3.0,-0.249,0.981,-3.0,2.493,0.495,-3.0,-4.0,-3.0,-3.0,-4.0,-0.512,3.002,-0.51,0.985,-6.0,0.708,-4.0,11.705,-1.516,-3.0,-0.511,0.499,-2.501,3.822,-0.515,-3.0,2.174,-5.0,-0.509,-4.0,42.346,-2.0,-0.535,-2.0,-3.0,1.871,-3.0,-1.0,-3.999,-4.0,5.47,-4.0,1.499,-3.0,0.0,-1.0,0.0,5.999,4.963,-1.0,-1.0,0.0,-1.0,-1.0,-1.0,0.0,0.0,0.0,0.0,0.0,-1.0,0.0,0.0,-1.0,0.0,0.0,2.499,-1.0,0.0,0.0,-1.0,-2.0,-2.0,2.496,-2.0,-2.0,-2.0,1.485,3.431,-0.516,1.831,1.992,0.978,2.307,3.857,-0.527,-3.185,-1.514,0.496,-2.503,-4.0,0.495,3.372,0.261,-3.502,0.495,14.626,-4.0,-5.0,1.998,1.689,1.095,-1.507,-4.0,1.213,-2.507,-4.0,-6.0,-4.0,-4.0,-3.0,-0.728,-4.0,8.975,0.681,0.0,0.0,0.0,0.0,0.0,0.0,0.0,0.0,0.0,0.0
BtcGF,BTCUSDc,253,8.1413,12.212,4,0.4204,27.46,387,38.2429,1,13,0,0.01,1.1,1.5,0.0,0.0,16385,1,8.859,0,0,2,0,0.8,4.719,2.97,-1.52,2.696,-1.0,0.993,2.976,-3.0,1.496,0.961,-0.508,-1.972,-1.506,-3.0,0.478,1.86,0.995,0.989,-2.504,-0.752,1.464,-1.501,-0.126,-2.51,-0.453,2.012,-0.5,-3.5,-0.646,-1.5,-0.505,2.071,-0.633,-1.505,-4.0,6.298,-2.0,-0.024,-2.0,-3.0,0.432,-3.0,-2.0,-5.0,4.363,4.978,-3.0,2.0,-3.0,0.0,0.0,-1.0,1.485,2.978,-1.0,-1.0,0.0,-1.0,1.494,-1.0,0.0,0.0,0.0,0.0,0.0,-1.0,0.0,0.0,-1.0,0.0,0.0,1.499,-1.0,0.0,0.0,1.498,-2.0,3.847,1.498,1.51,-2.0,0.5,3.201,0.494,4.959,1.08,1.494,-0.631,7.714,2.457,-1.516,-2.005,-2.508,-0.503,-3.0,-0.39,1.971,5.553,-2.513,-1.669,0.989,3.465,0.828,-2.507,3.085,0.863,1.978,-2.504,-2.501,4.622,-3.503,-1.675,-6.0,-0.244,3.816,-2.0,-1.038,0.488,4.972,1.995,0.0,0.0,0.0,0.0,0.0,0.0,0.0,0.0,0.0,0.0
BtcGF,BTCUSDc,38,-4.0773,-12.232,2,-0.366,0.0,368,22.8261,1,15,0,0.01,1.1,2.5,0.0,0.0,16385,1,-25.53,8,0,2,0,0.0,2.304,1.492,2.077,0.0,-3.0,-0.249,0.981,-3.0,2.493,0.495,-3.0,-4.0,-3.0,-3.0,-4.0,-0.512,3.002,-0.51,0.985,-6.0,0.708,-4.0,11.705,-1.516,-3.0,-0.511,0.499,-2.501,3.822,-0.515,-3.0,1.357,3.478,-0.509,-4.0,14.998,-2.0,-1.535,-2.0,-3.0,-3.0,-3.0,-2.0,-5.0,-3.0,5.47,-4.0,1.499,-3.0,0.0,-1.0,0.0,5.999,4.963,-1.0,-1.0,0.0,-1.0,-1.0,-1.0,0.0,0.0,0.0,0.0,0.0,-1.0,0.0,0.0,-1.0,0.0,0.0,2.499,-1.0,0.0,0.0,-1.0,-3.0,0.491,2.496,-2.0,-2.0,-2.0,1.485,3.431,-0.516,1.831,1.992,0.978,3.871,3.857,-0.527,0.268,-1.514,0.496,-2.341,-4.0,1.495,12.208,1.262,-3.502,0.495,14.626,-4.0,-5.0,1.998,1.689,5.604,-1.507,-4.0,2.213,-2.507,-4.0,-6.0,-4.0,-4.0,-3.0,-0.728,-4.0,8.975,0.681,0.0,0.0,0.0,0.0,0.0,0.0,0.0,0.0,0.0,0.0
BtcGF,BTCUSDc,257,7.9065,15.813,3,0.6173,20.11,383,38.6423,1,13,0,0.01,1.1,1.5,0.0,0.5,16385,1,12.633,0,0,2,0,0.8,4.472,2.97,-1.52,2.696,-1.0,0.993,2.976,-3.0,1.496,0.961,-0.508,-2.505,-1.506,-3.0,0.478,1.86,0.995,0.989,-2.504,-1.028,1.464,-1.501,-0.126,-2.51,-0.453,2.145,-0.5,-3.5,-0.537,-1.5,-0.505,2.409,-0.634,-1.505,-4.0,6.183,-2.0,-0.024,-2.0,-3.0,0.208,-3.0,-1.0,-2.0,5.059,4.978,-3.0,2.0,-3.0,0.0,0.0,-1.0,1.485,2.978,-1.0,-1.0,0.0,-1.0,1.494,-1.0,0.0,0.0,0.0,0.0,0.0,-1.0,0.0,0.0,-1.0,0.0,0.0,1.499,-1.0,0.0,0.0,1.498,-2.0,3.472,1.498,1.51,-2.0,0.5,3.881,0.494,4.959,1.08,1.494,-0.631,7.12,2.457,-1.516,-1.924,-2.508,-0.503,-3.0,-0.39,1.971,5.649,-2.513,-1.669,0.989,3.465,0.828,-2.507,3.085,0.863,1.978,-2.504,-2.501,4.623,-3.503,-1.675,-5.999,-0.244,3.647,-2.0,-1.038,0.488,4.972,1.995,0.0,0.0,0.0,0.0,0.0,0.0,0.0,0.0,0.0,0.0
BtcGF,BTCUSDc,214,-0.2795,-0.559,3,-0.0173,0.0,357,31.3725,1,15,0,0.01,1.1,2.0,0.0,1.0,16385,1,-5.14,0,0,2,0,0.6,5.964,3.952,-1.027,-1.0,-1.0,1.991,-0.015,-3.0,1.994,1.954,-3.0,-2.007,-0.008,-3.0,-2.0,4.877,1.993,-1.008,-2.006,-3.016,-1.022,-1.002,4.575,-2.013,-1.002,-1.009,-0.001,-3.001,0.978,-1.0,-3.0,1.141,-1.015,-1.007,-4.0,5.305,-2.0,-1.028,-2.0,-3.0,-0.05,-2.0,-1.0,-4.0,1.98,3.977,-0.045,2.998,-3.0,0.0,0.0,-1.0,3.827,3.971,-1.0,-1.0,0.0,-1.0,1.993,-1.0,0.0,0.0,0.0,0.0,0.0,-1.0,0.0,0.0,-1.0,0.0,0.0,1.999,-1.0,0.0,0.0,-1.0,-2.0,-2.0,1.997,-1.0,-2.0,1.218,6.307,0.992,-1.013,-0.622,2.991,2.429,-0.008,0.605,-1.022,0.177,-2.011,-0.003,-3.0,0.035,2.966,6.912,-2.018,-2.001,1.986,4.953,3.248,-5.0,0.983,0.974,3.179,-2.005,-4.0,2.984,-3.006,-1.033,-6.0,-3.0,4.108,-2.0,-3.0,-1.015,8.973,2.994,0.0,0.0,0.0,0.0,0.0,0.0,0.0,0.0,0.0,0.0
BtcGF,BTCUSDc,41,-1.542,-3.084,3,-0.0861,0.0,372,21.7742,1,13,0,0.01,1.1,2.5,0.0,0.5,16385,1,-43.73,8,0,2,0,0.0,1.494,1.492,2.077,0.0,-3.0,-0.249,0.981,-3.0,2.493,2.314,-3.0,-4.0,-4.0,-3.0,-3.999,-0.512,3.002,-0.51,0.985,-6.0,0.708,-4.0,-1.508,-1.516,-3.0,5.559,0.499,-2.501,3.822,-0.515,-3.0,2.174,-5.0,-0.509,-4.0,42.346,-2.0,-0.534,-2.0,-3.0,1.871,-3.0,-1.0,-4.0,-3.0,5.47,-4.0,1.499,-3.0,0.0,-1.0,0.0,3.127,4.963,-1.0,-1.0,0.0,-1.0,-1.0,-1.0,0.0,0.0,0.0,0.0,0.0,-1.0,0.0,0.0,-1.0,0.0,0.0,2.499,-1.0,0.0,0.0,-1.0,-2.0,-2.0,2.496,-2.0,-2.0,-2.0,4.045,3.431,-0.516,1.831,1.992,0.978,4.967,1.381,-0.527,-3.185,-1.514,0.496,-2.503,-4.0,1.495,19.561,0.261,-3.502,-0.505,6.44,-4.0,-5.0,2.217,0.603,1.095,-1.507,-1.503,3.446,-2.507,-4.0,-6.0,-4.0,-4.0,-3.0,-0.728,-4.0,8.975,0.681,0.0,0.0,0.0,0.0,0.0,0.0,0.0,0.0,0.0,0.0
BtcGF,BTCUSDc,83,22.6887,34.033,4,1.5321,19.29,384,39.8438,1,17,0,0.01,1.1,1.5,0.0,1.0,16385,1,27.467,5,0,2,0,0.2,4.472,2.97,-1.52,2.746,-1.0,0.993,2.976,-3.0,1.496,0.961,-0.508,-2.505,-0.506,-3.0,-1.522,8.561,0.995,0.989,-2.504,-1.028,1.464,-1.501,2.835,-2.51,-1.501,2.661,-0.5,-3.5,-1.016,-1.5,-0.505,1.958,-1.511,-1.505,-4.0,7.508,-2.0,-0.024,-2.0,-3.0,-0.534,-2.0,-1.0,-4.0,3.471,4.978,-0.536,2.0,-3.0,0.0,0.0,-1.0,1.485,2.978,-1.0,-1.0,0.0,-1.0,1.494,-1.0,0.0,0.0,0.0,0.0,0.0,-1.0,0.0,0.0,-1.0,0.0,0.0,1.499,-1.0,0.0,0.0,1.498,-2.0,-0.506,1.498,5.519,-2.0,0.5,2.981,0.494,4.959,4.585,1.494,0.49,6.652,4.043,-1.516,1.56,-2.508,-0.503,-3.0,0.934,1.971,3.924,-2.513,-2.501,0.989,3.465,-0.039,-2.507,5.216,1.469,1.978,-2.504,-2.502,3.793,-3.504,-2.527,-2.0,-1.045,4.493,-2.0,-1.006,0.488,4.972,1.995,0.0,0.0,0.0,0.0,0.0,0.0,0.0,0.0,0.0,0.0
BtcGF,BTCUSDc,36,30.6633,45.995,4,1.749,112.88,369,21.9512,1,11,0,0.01,1.1,2.5,0.0,0.0,16385,1,-5.922,12,0,2,0,0.0,2.304,1.492,2.077,0.0,-1.0,1.716,0.981,-3.0,2.493,1.9,-3.0,-4.0,-4.0,-3.0,-3.0,-0.512,3.002,-0.51,2.164,-6.0,4.738,-4.0,15.198,-1.516,-3.0,7.546,0.499,-2.501,2.604,-0.515,-3.0,2.958,-5.0,-0.509,-4.0,18.085,-2.0,-1.535,-2.0,-3.0,-4.0,-3.0,-2.0,-5.0,3.977,5.544,-4.0,1.499,-3.0,0.0,-1.0,0.0,5.101,4.963,-1.0,-1.0,0.0,-1.0,-1.0,-1.0,0.0,0.0,0.0,0.0,0.0,-1.0,0.0,0.0,-1.0,0.0,0.0,2.499,-1.0,0.0,0.0,-1.0,-2.999,0.491,2.496,-2.0,-2.0,-2.0,3.479,2.296,-0.516,1.831,1.992,1.481,4.967,1.381,-0.527,-7.0,-1.514,0.496,-1.66,-4.0,1.495,8.832,-1.522,-3.502,48.917,8.156,-5.0,-5.0,3.321,5.365,5.407,-0.587,-4.0,4.937,-2.507,-4.0,-2.0,-5.0,-4.0,-3.0,-0.728,-4.0,8.975,-3.0,0.0,0.0,0.0,0.0,0.0,0.0,0.0,0.0,0.0,0.0
BtcGF,BTCUSDc,225,8.48,12.72,4,0.4422,78.03,345,24.3478,1,13,0,0.01,1.1,2.5,0.0,1.0,16385,1,2.794,14,0,2,0,0.6,1.494,1.492,-0.41,0.0,-1.0,-0.502,0.981,-3.0,2.493,3.314,4.83,-4.0,-3.0,-3.0,-2.0,7.926,2.992,-0.51,-1.507,-6.0,0.708,-4.0,10.018,-1.516,-0.502,5.559,0.499,-2.501,1.972,-0.515,-3.0,2.559,-0.518,-0.509,-4.0,7.416,-2.0,-1.535,-2.0,-3.0,0.441,-2.0,-1.0,-4.0,-3.0,5.47,0.447,1.499,-3.0,0.0,0.0,-1.0,5.343,4.963,-1.0,-1.0,0.0,-1.0,-1.0,-1.0,0.0,0.0,0.0,0.0,0.0,-1.0,0.0,0.0,-1.0,0.0,0.0,2.499,-1.0,0.0,0.0,-1.0,-2.0,-2.0,2.496,-2.0,-1.0,-2.0,4.045,3.431,-0.515,0.857,1.992,0.978,4.825,1.381,-0.527,1.294,-1.514,0.496,-3.0,-3.0,1.495,10.548,1.261,-1.502,0.495,12.906,-4.0,-5.0,4.915,-1.525,1.095,-1.507,-4.0,4.446,-2.507,-4.0,-6.0,-3.0,2.315,-2.0,-3.0,-4.0,8.975,0.681,0.0,0.0,0.0,0.0,0.0,0.0,0.0,0.0,0.0,0.0
BtcGF,BTCUSDc,120,11.567,23.134,3,1.0803,17.01,428,49.2991,1,11,0,0.01,1.1,1.0,0.0,0.0,16385,1,19.2,0,0,2,0,0.4,2.947,2.979,-1.019,1.368,1.061,3.206,1.977,0.202,0.997,-0.013,-1.005,-0.735,-2.004,-1.004,-0.01,1.988,2.015,-0.007,-2.006,-1.927,-0.023,-0.001,1.205,-3.006,3.044,-0.013,0.999,-4.0,-0.715,0.0,0.995,2.241,-1.003,-2.004,-0.066,0.34,-1.014,-0.682,-2.0,-3.0,-3.0,-3.0,1.576,-1.014,3.089,3.01,-2.001,1.0,-3.0,0.0,-1.0,0.0,0.99,1.986,0.995,-1.0,0.0,3.162,0.996,0.991,0.0,0.0,0.0,0.0,0.0,-1.0,0.0,0.0,-1.0,0.0,0.0,0.999,-1.0,0.0,0.0,0.998,-0.014,1.731,0.998,-0.013,-2.0,0.0,1.988,-0.004,5.15,-1.011,-0.004,-2.01,5.18,0.972,-1.017,0.329,-0.796,1.994,-1.016,1.575,0.976,2.946,-2.012,-0.525,-0.007,1.975,1.99,3.055,-0.022,4.853,-0.017,-3.003,-3.001,2.122,-4.003,-1.012,-3.543,-1.459,4.717,4.015,-2.003,-3.008,3.987,0.997,0.0,0.0,0.0,0.0,0.0,0.0,0.0,0.0,0.0,0.0
BtcGF,BTCUSDc,16,27.1087,40.663,4,1.5259,48.39,402,37.0647,1,11,0,0.01,1.1,1.5,0.0,0.5,16385,1,20.987,6,0,2,0,0.0,4.472,2.97,-0.028,2.437,-1.0,1.39,2.976,-3.0,1.496,0.961,-0.508,-2.505,-1.506,-3.0,-1.522,4.196,0.995,0.989,-1.009,-1.028,2.989,-1.501,2.835,-1.018,-0.453,2.353,-0.5,-3.5,0.066,-1.5,-0.505,2.409,-5.0,-1.505,-4.0,8.91,-2.0,-1.024,-2.0,-3.0,-4.0,-3.0,-1.0,-4.0,5.348,5.018,-1.501,2.0,-3.0,0.0,-1.0,0.0,1.485,2.978,-1.0,-1.0,0.0,-1.0,1.494,-1.0,0.0,0.0,0.0,0.0,0.0,-1.0,0.0,0.0,-1.0,0.0,0.0,1.499,-1.0,0.0,0.0,1.498,-2.0,-0.008,1.498,1.943,-2.0,0.5,3.33,0.494,4.959,2.015,1.494,-0.631,9.598,2.457,-1.516,-1.924,-2.508,-0.503,-3.502,-4.0,1.971,8.469,-2.513,-4.501,19.168,3.465,-2.5,-2.507,2.723,4.186,1.916,-2.504,-2.502,0.988,-3.504,5.964,-2.0,-5.0,11.045,-1.503,-4.0,0.488,4.972,1.995,0.0,0.0,0.0,0.0,0.0,0.0,0.0,0.0,0.0,0.0
BtcGF,BTCUSDc,264,5.8093,8.714,4,0.3699,59.72,361,30.4709,1,11,0,0.01,1.1,2.0,0.0,0.0,16385,1,3.51,2,0,2,0,0.8,6.493,3.952,-1.027,-1.0,-1.0,2.662,-0.015,-3.0,1.994,1.954,-3.0,-1.21,-1.008,-3.0,0.975,5.631,1.993,-1.008,-2.006,-2.556,0.423,-1.002,5.129,-2.013,0.23,4.232,-0.001,-3.001,1.479,-1.0,-3.0,1.627,0.284,-1.007,-4.0,5.198,-2.0,-2.028,-2.0,-3.0,1.144,-3.0,-2.0,-5.0,3.329,4.034,-3.0,2.998,-3.0,0.0,0.0,-1.0,3.647,3.971,-1.0,-1.0,0.0,-1.0,1.993,-1.0,0.0,0.0,0.0,0.0,0.0,-1.0,0.0,0.0,-1.0,0.0,0.0,1.999,-1.0,0.0,0.0,-1.0,-2.0,-1.999,1.997,-2.0,-1.0,1.218,5.775,0.992,-1.013,-1.521,2.991,1.981,3.787,0.605,-1.022,-7.0,-2.011,-0.003,-3.0,-4.0,2.966,5.588,-2.018,-0.783,3.489,4.953,2.445,-5.0,-0.43,5.292,2.917,-2.005,-3.999,2.984,-3.005,0.433,-2.0,-4.0,3.669,-2.0,-3.0,-1.015,8.973,2.994,0.0,0.0,0.0,0.0,0.0,0.0,0.0,0.0,0.0,0.0
BtcGF,BTCUSDc,61,9.898,19.796,3,1.2978,29.2,429,49.1841,1,13,0,0.01,1.1,1.0,0.0,0.0,16385,1,14.015,1,0,2,0,0.2,2.947,2.979,-1.019,2.856,1.645,2.985,1.977,0.202,0.997,-0.013,-1.005,-0.735,-2.004,-1.004,-0.01,1.988,2.015,-0.007,-2.006,-1.927,-0.023,-0.001,1.205,-3.006,3.044,-0.013,0.999,-4.0,-0.715,0.0,0.995,2.034,3.512,-2.004,1.781,-1.009,-1.014,1.323,-2.0,-3.0,-3.0,-3.0,1.389,-1.014,-0.011,2.986,-2.001,1.0,-3.0,0.0,-1.0,0.0,0.99,1.986,0.995,-1.0,0.0,4.721,0.996,0.991,0.0,0.0,0.0,0.0,0.0,-1.0,0.0,0.0,-1.0,0.0,0.0,0.999,-1.0,0.0,0.0,0.998,-1.013,-0.005,0.998,-0.013,-2.0,0.0,1.988,-0.004,5.15,-1.011,-0.004,-2.01,5.29,0.972,-1.017,0.329,-0.796,1.994,-1.71,-1.724,0.976,2.946,-4.009,-5.001,-0.007,1.975,1.99,2.268,1.973,4.389,-0.017,-3.003,-2.002,2.505,-4.003,-1.012,-3.543,-0.433,2.189,4.239,-2.003,-0.008,2.982,0.997,0.0,0.0,0.0,0.0,0.0,0.0,0.0,0.0,0.0,0.0
BtcGF,BTCUSDc,117,-3.9915,-7.983,3,-0.1781,0.0,351,19.6581,1,13,0,0.01,1.1,3.0,0.0,1.0,16385,1,-26.103,13,0,2,0,0.2,1.993,1.991,0.151,0.0,-1.0,-3.0,1.977,-3.0,2.992,3.379,-3.0,-4.0,-3.0,-3.0,-4.0,-4.0,-0.009,-0.012,-5.0,-6.0,1.986,-4.0,-1.009,-1.019,-0.003,3.274,0.999,-2.001,-0.007,-0.016,-3.0,-5.0,4.801,-0.011,-4.0,20.113,-2.0,-1.042,-2.0,-3.0,0.931,-2.0,-1.0,-4.0,-3.0,6.964,0.938,1.999,-3.0,0.0,0.0,-1.0,6.859,5.956,-1.0,-1.0,0.0,-1.0,-1.0,-1.0,0.0,0.0,0.0,0.0,0.0,-1.0,0.0,0.0,-1.0,0.0,0.0,2.998,-1.0,0.0,0.0,-1.0,-2.0,0.989,2.995,-2.0,-2.0,-2.0,5.891,4.823,-0.019,3.594,-1.007,1.973,4.015,5.146,-0.033,2.402,-1.016,0.995,-3.0,-3.0,0.994,-3.0,-1.027,-1.002,-0.006,7.928,-4.0,-5.0,9.764,-1.029,2.144,-1.008,-4.0,6.484,-2.009,-4.0,-6.0,-3.0,3.638,-2.0,-3.0,-4.0,6.975,1.251,0.0,0.0,0.0,0.0,0.0,0.0,0.0,0.0,0.0,0.0
BtcGF,BTCUSDc,129,7.81,15.62,3,1.0186,6.4,413,52.0581,1,13,0,0.01,1.1,1.0,0.0,1.0,16385,1,14.62,0,0,2,0,0.4,2.982,2.979,-2.014,0.995,-0.014,2.976,1.977,-0.029,0.997,-0.013,-1.005,-1.005,-1.004,-1.004,-0.01,1.988,1.996,-0.007,-3.003,-2.018,-0.023,-0.001,0.983,-3.006,2.969,-0.013,0.999,-4.0,-1.016,0.0,0.995,1.965,1.99,-2.004,-3.002,0.989,-1.014,0.976,-2.0,-3.0,-1.025,-0.009,0.969,1.985,1.98,2.986,-1.027,1.0,-3.0,0.0,0.0,-1.0,0.99,1.986,0.995,-1.0,0.0,1.99,0.996,0.991,0.0,0.0,0.0,0.0,0.0,-1.0,0.0,0.0,-1.0,0.0,0.0,0.999,-1.0,0.0,0.0,0.998,-0.014,-0.01,0.998,-0.013,-2.0,0.0,1.988,-0.004,4.965,-1.011,-0.004,-2.01,2.969,0.972,-1.017,2.978,-1.009,1.994,-1.016,-2.046,0.976,1.951,-3.009,-2.002,-0.007,1.975,1.99,1.957,1.973,3.973,-0.017,-3.003,-3.001,1.975,-4.003,1.956,-5.005,-3.053,1.973,1.988,-2.003,-0.008,2.982,0.997,0.0,0.0,0.0,0.0,0.0,0.0,0.0,0.0,0.0,0.0
BtcGF,BTCUSDc,19,9.7747,29.324,2,1.5651,38.27,395,37.4684,1,17,0,0.01,1.1,1.5,0.0,0.5,16385,1,18.103,6,0,2,0,0.0,4.472,2.97,-0.028,2.613,-1.0,0.993,2.976,-3.0,1.496,-0.039,1.54,-2.505,-0.506,-3.0,-1.522,8.561,0.995,0.989,-1.009,-1.028,1.464,-1.501,2.835,-2.51,-0.453,2.661,-0.5,-3.5,0.066,-1.5,-0.505,2.409,0.836,-1.505,-4.0,6.779,-2.0,-0.024,-2.0,-3.0,0.208,-3.0,-1.0,-4.0,0.984,4.978,-1.501,2.0,-3.0,0.0,-1.0,0.0,3.512,2.978,-1.0,-1.0,0.0,-1.0,1.494,-1.0,0.0,0.0,0.0,0.0,0.0,-1.0,0.0,0.0,-1.0,0.0,0.0,1.499,-1.0,0.0,0.0,1.498,-2.0,-0.505,1.498,10.221,-2.0,0.5,2.981,0.494,4.959,4.809,0.494,-0.558,6.652,5.001,-1.516,-1.924,-2.508,-0.503,-3.502,-4.0,0.971,2.46,-3.513,3.258,0.989,3.465,-0.039,-2.507,3.722,3.127,1.978,-2.504,-2.502,1.322,-3.504,-2.527,-2.0,-5.0,4.913,-1.503,-4.0,0.488,4.972,1.995,0.0,0.0,0.0,0.0,0.0,0.0,0.0,0.0,0.0,0.0
BtcGF,BTCUSDc,45,-6.573,-13.146,3,-0.371,0.0,354,23.1638,1,13,0,0.01,1.1,2.5,0.0,1.0,16385,1,-27.122,10,0,2,0,0.0,1.494,1.492,-0.41,0.0,-1.0,-0.502,0.981,-3.0,2.493,2.314,-3.0,-4.0,-3.0,-3.0,-3.999,-0.512,2.992,-0.51,-1.507,-6.0,0.708,-4.0,-1.508,-1.516,-0.502,5.559,0.499,-2.501,1.972,-0.515,-3.0,1.559,-0.518,-0.509,-4.0,15.47,-2.0,-1.535,-2.0,-3.0,0.441,-2.0,-1.0,-4.0,-3.0,5.47,0.447,1.499,-3.0,0.0,0.0,-1.0,5.343,4.963,-1.0,-1.0,0.0,-1.0,-1.0,-1.0,0.0,0.0,0.0,0.0,0.0,-1.0,0.0,0.0,-1.0,0.0,0.0,2.499,-1.0,0.0,0.0,-1.0,-2.0,0.491,2.496,-2.0,-2.0,-2.0,4.045,3.431,-0.516,1.831,1.992,0.978,4.967,1.381,-0.527,1.294,-1.514,0.496,-3.0,-3.0,0.495,12.815,1.261,-1.502,-0.505,6.44,-4.0,-5.0,6.285,-1.525,1.095,-1.507,-4.0,4.446,-2.507,-4.0,-6.0,-3.0,2.411,-2.0,-3.0,-4.0,8.975,0.681,0.0,0.0,0.0,0.0,0.0,0.0,0.0,0.0,0.0,0.0
BtcGF,BTCUSDc,216,18.6287,27.943,4,1.1643,42.59,350,23.4286,1,11,0,0.01,1.1,2.5,0.0,0.0,16385,1,16.041,18,0,2,0,0.6,2.304,1.492,2.077,0.0,-1.0,1.716,0.981,-3.0,2.493,2.9,3.153,-4.0,-4.0,-3.0,-1.0,6.31,3.002,-0.51,2.164,-6.0,3.444,-4.0,10.058,-1.516,-3.0,7.546,0.499,-2.501,2.604,-0.515,-3.0,2.958,2.001,-0.509,-4.0,13.602,-2.0,-1.535,-2.0,-3.0,-3.0,-3.0,-2.0,-5.0,3.801,5.544,-3.0,1.499,-3.0,0.0,-1.0,0.0,5.101,4.963,-1.0,-1.0,0.0,-1.0,-1.0,-1.0,0.0,0.0,0.0,0.0,0.0,-1.0,0.0,0.0,-1.0,0.0,0.0,2.499,-1.0,0.0,0.0,-1.0,-2.0,-2.0,2.496,-2.0,-2.0,-2.0,3.479,2.296,-0.515,0.857,1.992,1.481,7.974,1.381,-0.527,-7.0,-1.514,0.496,-3.0,-4.0,1.495,6.314,-1.522,1.355,3.972,14.622,-6.0,-4.0,2.984,4.967,5.407,-0.587,-4.0,4.937,-2.507,-4.0,-2.0,-4.0,2.01,-2.0,-3.0,-4.0,8.975,-3.0,0.0,0.0,0.0,0.0,0.0,0.0,0.0,0.0,0.0,0.0
BtcGF,BTCUSDc,47,45.509,45.509,6,2.1671,36.37,347,25.3602,1,17,0,0.01,1.1,2.5,0.0,1.0,16385,1,28.959,11,0,2,0,0.0,1.494,1.492,-0.41,0.0,-1.0,-0.502,1.981,-3.0,2.493,0.495,-3.0,-4.0,-3.0,-3.0,-4.0,14.55,2.992,0.49,-1.507,-6.0,-0.496,-4.0,11.705,-1.516,-0.502,6.4,0.499,-2.501,1.972,-0.515,-3.0,1.968,-0.518,-0.509,-4.0,15.47,-2.0,-0.535,-2.0,-3.0,0.441,-2.0,-1.0,-4.0,-4.0,5.47,0.447,0.499,-3.0,0.0,0.0,-1.0,5.343,4.963,-1.0,-1.0,0.0,-1.0,-1.0,-1.0,0.0,0.0,0.0,0.0,0.0,-1.0,0.0,0.0,-1.0,0.0,0.0,2.499,-1.0,0.0,0.0,-1.0,-2.0,0.491,2.496,-2.0,-2.0,1.471,1.485,3.431,-0.516,7.929,1.992,0.978,5.05,3.857,-0.527,3.63,-1.514,0.496,-3.0,-3.0,0.495,5.826,1.261,-1.502,0.495,14.626,-5.0,-5.0,7.834,5.714,7.689,-1.507,-4.0,3.986,-2.507,-4.0,-2.0,-4.0,2.542,-2.0,-3.0,-4.0,8.975,0.681,0.0,0.0,0.0,0.0,0.0,0.0,0.0,0.0,0.0,0.0
BtcGF,BTCUSDc,172,16.2673,24.401,4,0.8371,66.03,354,19.209,1,11,0,0.01,1.1,3.0,0.0,0.5,16385,1,8.29,16,0,2,0,0.4,1.993,1.991,3.136,0.0,-1.0,-1.0,1.977,-3.0,2.992,2.835,-3.0,-4.0,-4.0,-3.0,-3.0,-4.0,0.074,-0.012,-0.213,-6.0,7.106,-4.0,0.991,15.092,-3.0,6.281,0.999,-2.001,-0.007,-0.016,-3.0,2.814,-5.0,-0.011,-4.0,18.507,-2.0,-1.042,-2.0,-3.0,-3.0,-3.0,-1.0,-4.0,5.99,7.055,-4.0,1.999,-3.0,0.0,-1.0,0.0,6.556,5.956,-1.0,-1.0,0.0,-1.0,-1.0,-1.0,0.0,0.0,0.0,0.0,0.0,-1.0,0.0,0.0,-1.0,0.0,0.0,2.998,-1.0,0.0,0.0,-1.0,-2.0,-0.011,2.995,-2.0,-2.0,-2.0,5.027,5.364,-0.019,3.594,-1.007,2.794,4.015,5.146,-0.033,-2.565,-1.016,0.995,-3.0,-4.0,1.994,-4.0,-1.027,5.603,7.882,11.13,-6.0,-4.0,4.898,7.202,1.879,0.776,-4.0,5.779,-2.009,-4.0,-2.0,-5.0,-4.0,-2.0,-3.0,-4.0,6.975,-3.0,0.0,0.0,0.0,0.0,0.0,0.0,0.0,0.0,0.0,0.0
BtcGF,BTCUSDc,127,13.03,26.06,3,1.5292,12.41,420,50.4762,1,17,0,0.01,1.1,1.0,0.0,0.5,16385,1,22.827,0,0,2,0,0.4,2.982,2.979,-1.019,1.452,-1.014,2.985,1.977,-0.029,0.997,-1.013,0.332,-1.005,-1.004,-1.004,-0.01,1.988,2.015,-0.007,-2.006,-2.018,-0.023,-0.001,1.45,-3.006,2.969,-0.013,0.999,-4.0,-0.318,0.0,0.995,2.039,3.512,-2.004,-1.246,-1.009,-1.014,1.631,-2.0,-3.0,-0.629,-3.0,0.969,-0.003,-0.011,2.986,-2.001,1.0,-3.0,0.0,-1.0,0.0,2.29,1.986,0.995,-1.0,0.0,1.99,0.996,0.991,0.0,0.0,0.0,0.0,0.0,-1.0,0.0,0.0,-1.0,0.0,0.0,0.999,-1.0,0.0,0.0,0.998,-0.014,1.41,0.998,-0.013,-2.0,0.0,1.988,-0.004,4.965,-1.011,-1.004,-2.01,2.969,0.972,-1.017,0.033,-0.585,1.994,-2.016,-1.724,0.976,3.292,1.79,-0.447,-0.007,1.975,1.99,3.514,1.973,4.853,-0.017,-3.003,-3.001,-0.008,-4.003,1.995,-5.005,-0.134,2.875,4.458,-2.003,-0.008,2.982,0.997,0.0,0.0,0.0,0.0,0.0,0.0,0.0,0.0,0.0,0.0
BtcGF,BTCUSDc,273,2.0945,4.189,3,0.1638,122.51,353,31.4448,1,13,0,0.01,1.1,2.0,0.0,1.0,16385,1,-0.943,1,0,2,0,0.8,5.964,3.952,-1.027,-1.0,-1.0,1.991,-0.015,-3.0,1.994,1.954,-3.0,-2.007,-0.008,-3.0,2.259,5.306,1.993,-1.008,-2.006,-3.016,-1.022,-1.002,5.126,-2.013,1.036,3.841,-0.001,-3.001,0.978,-1.0,-3.0,1.141,-1.015,-1.007,-4.0,4.47,-2.0,-2.028,-2.0,-3.0,-0.05,-2.0,-1.0,-2.0,-3.0,3.977,-0.045,2.998,-3.0,0.0,0.0,-1.0,3.435,3.971,-1.0,-1.0,0.0,-1.0,1.993,-1.0,0.0,0.0,0.0,0.0,0.0,-1.0,0.0,0.0,-1.0,0.0,0.0,1.999,-1.0,0.0,0.0,-1.0,-2.0,-1.999,1.997,-1.0,-1.999,1.218,6.358,0.992,-1.013,-1.521,2.991,2.526,-0.008,0.605,-1.022,0.177,-2.011,-0.003,-3.0,0.035,2.966,6.912,-2.018,-2.001,1.986,4.953,2.421,-5.0,-0.155,0.974,3.179,-2.005,-4.0,2.984,-3.006,0.433,-6.0,-3.0,3.184,-2.0,-3.0,-1.015,8.973,2.994,0.0,0.0,0.0,0.0,0.0,0.0,0.0,0.0,0.0,0.0
BtcGF,BTCUSDc,84,22.4817,26.978,5,0.9448,42.2,384,29.6875,1,11,0,0.01,1.1,2.0,0.0,0.0,16385,1,15.594,8,0,2,0,0.2,6.493,3.952,0.963,-1.0,-1.0,2.824,-0.015,-3.0,1.994,1.954,-3.0,-1.21,-1.008,-3.0,-1.025,4.983,1.993,-1.008,0.548,-2.556,2.311,-1.002,9.658,-2.013,0.23,5.122,-0.001,-3.001,1.479,-1.0,-3.0,1.627,-5.0,-1.007,-4.0,10.377,-2.0,-2.028,-2.0,-3.0,-4.0,-3.0,-2.0,-5.0,4.625,4.034,-1.002,2.998,-3.0,0.0,-1.0,0.0,3.647,3.971,-1.0,-1.0,0.0,-1.0,1.993,-1.0,0.0,0.0,0.0,0.0,0.0,-1.0,0.0,0.0,-1.0,0.0,0.0,1.999,-1.0,0.0,0.0,-1.0,-3.0,1.99,1.997,-2.0,-2.0,1.218,5.775,0.992,-1.013,0.068,2.991,1.981,-0.008,0.605,-1.022,-7.0,-2.011,-0.003,-2.338,-4.0,2.966,8.256,-2.018,-4.002,11.279,4.953,-2.001,-5.0,1.744,6.522,2.917,-2.005,-4.0,2.984,-3.006,8.384,-2.0,-5.0,0.936,-3.0,-2.004,-1.015,8.973,2.994,0.0,0.0,0.0,0.0,0.0,0.0,0.0,0.0,0.0,0.0
BtcGF,BTCUSDc,244,3.6945,7.389,3,0.3619,22.57,417,49.6403,1,11,0,0.01,1.1,1.0,0.0,0.5,16385,1,5.721,0,0,2,0,0.8,2.982,2.979,-2.014,1.368,0.428,3.206,1.977,-0.029,0.997,-0.013,-1.005,-1.005,-2.004,-1.004,-0.01,1.988,2.015,-0.007,-3.003,-2.018,-0.023,-0.001,1.232,-3.006,2.969,-0.013,0.999,-4.0,-0.707,0.0,0.995,2.039,2.445,-2.004,-2.448,-0.675,-1.014,-0.578,-2.0,-3.0,-0.558,-3.0,1.156,-0.003,2.409,3.01,-3.0,1.0,-3.0,0.0,0.0,-1.0,0.99,1.986,0.995,-1.0,0.0,2.377,0.996,0.991,0.0,0.0,0.0,0.0,0.0,-1.0,0.0,0.0,-1.0,0.0,0.0,0.999,-1.0,0.0,0.0,0.998,-0.014,0.317,0.998,-0.013,-2.0,0.0,1.988,-0.004,5.15,-1.011,-0.004,-2.01,3.398,0.972,-1.017,0.033,-0.642,1.994,-1.016,-0.971,0.976,2.645,-2.012,-1.557,-0.007,1.975,1.99,2.406,-0.022,4.409,-0.017,-3.003,-3.0,-0.008,-4.002,-0.012,-5.005,-2.609,2.977,2.765,-2.003,-0.008,2.982,0.997,0.0,0.0,0.0,0.0,0.0,0.0,0.0,0.0,0.0,0.0
BtcGF,BTCUSDc,247,7.983,15.966,3,0.9369,10.7,417,50.8393,1,17,0,0.01,1.1,1.0,0.0,0.5,16385,1,14.257,0,0,2,0,0.8,2.982,2.979,-2.014,1.354,-1.014,2.985,1.977,-0.029,0.997,-0.013,-0.721,-1.005,-1.004,-1.004,-0.01,1.988,2.015,-0.007,-3.003,-2.018,-0.023,-0.001,1.266,-3.006,2.969,-0.013,0.999,-4.0,-0.707,0.0,0.995,2.039,2.446,-2.004,-2.448,1.566,-1.014,1.52,-2.0,-3.0,-0.629,0.269,0.969,-0.003,2.413,2.986,-3.0,1.0,-3.0,0.0,0.0,-1.0,1.322,1.986,0.995,-1.0,0.0,1.99,0.996,0.991,0.0,0.0,0.0,0.0,0.0,-1.0,0.0,0.0,-1.0,0.0,0.0,0.999,-1.0,0.0,0.0,0.998,-0.014,0.43,0.998,-0.013,-2.0,0.0,1.988,-0.004,4.965,-1.011,-1.004,-2.01,2.969,0.972,-1.017,0.033,-0.642,1.994,-1.016,-0.903,0.976,2.382,-2.015,-1.56,-0.007,1.975,1.99,2.363,1.973,4.409,-0.017,-3.003,-3.001,-0.008,-4.002,1.995,-5.005,-2.572,2.299,2.81,-2.003,-0.008,2.982,0.997,0.0,0.0,0.0,0.0,0.0,0.0,0.0,0.0,0.0,0.0
BtcGF,BTCUSDc,180,7.1685,14.337,3,0.7346,18.34,425,49.4118,1,11,0,0.01,1.1,1.0,0.0,0.0,16385,1,11.708,0,0,2,0,0.6,2.947,2.979,-1.019,1.368,0.734,3.206,1.977,0.202,0.997,-0.013,-1.005,-0.735,-2.004,-1.004,-0.01,1.988,2.015,-0.007,-2.006,-1.927,-0.023,-0.001,1.205,-3.006,3.044,-0.013,0.999,-4.0,-0.715,0.0,0.995,2.241,2.818,-2.004,-1.371,-0.278,-1.014,-0.682,-2.0,-3.0,-3.0,-3.0,1.576,-1.014,2.794,3.01,-3.0,1.0,-3.0,0.0,-1.0,0.0,0.99,1.986,0.995,-1.0,0.0,2.634,0.996,0.991,0.0,0.0,0.0,0.0,0.0,-1.0,0.0,0.0,-1.0,0.0,0.0,0.999,-1.0,0.0,0.0,0.998,-0.014,0.933,0.998,-0.013,-2.0,0.0,1.988,-0.004,5.15,-1.011,-0.004,-2.01,4.465,0.972,-1.017,0.329,-0.796,1.994,-1.016,-0.028,0.976,2.683,-2.012,-1.209,-0.007,1.975,1.99,2.725,-0.022,4.744,-0.017,-3.003,-3.001,2.122,-4.003,-1.012,-5.005,-2.226,3.898,3.019,-2.003,-3.008,3.987,0.997,0.0,0.0,0.0,0.0,0.0,0.0,0.0,0.0,0.0,0.0
BtcGF,BTCUSDc,18,16.7075,33.415,3,1.1969,66.41,402,36.8159,1,15,0,0.01,1.1,1.5,0.0,0.5,16385,1,11.224,5,0,2,0,0.0,4.472,2.97,-0.028,4.525,-3.0,0.993,2.976,-3.0,1.496,0.961,-0.508,-2.505,-0.506,-3.0,-1.522,3.482,0.995,0.989,-1.009,-1.028,1.464,-1.501,2.835,-2.51,-0.453,-1.507,-0.5,-3.5,0.066,-1.5,-0.505,2.409,-5.0,-1.505,-4.0,23.177,-2.0,-0.024,-2.0,-3.0,0.208,-3.0,-1.0,-3.999,3.721,4.978,-1.501,2.0,-3.0,0.0,-1.0,0.0,3.512,2.978,-1.0,-1.0,0.0,-1.0,1.494,-1.0,0.0,0.0,0.0,0.0,0.0,-1.0,0.0,0.0,-1.0,0.0,0.0,1.499,-1.0,0.0,0.0,1.498,-2.0,5.97,1.498,10.221,-2.0,0.5,4.892,0.494,4.959,2.015,1.494,-0.668,9.598,6.317,-1.516,-1.924,-2.508,-0.503,-3.502,-4.0,0.971,2.46,-3.513,-4.501,0.989,3.465,1.772,-2.507,5.216,1.637,1.978,-2.504,-2.502,0.988,-3.504,-2.527,-6.0,-4.0,4.621,-1.503,-4.0,0.488,4.972,1.995,0.0,0.0,0.0,0.0,0.0,0.0,0.0,0.0,0.0,0.0
BtcGF,BTCUSDc,137,28.6733,43.01,4,1.5753,14.95,395,38.481,1,13,0,0.01,1.1,1.5,0.0,0.5,16385,1,36.58,5,0,2,0,0.4,4.472,2.97,-0.028,4.793,-2.0,0.993,2.976,-3.0,1.496,0.961,-0.508,-2.505,-1.506,-3.0,-1.522,4.752,0.995,0.989,-1.009,-1.028,1.464,-1.501,1.552,-2.51,-0.453,2.154,-0.5,-3.5,0.066,-1.5,-0.505,2.409,-5.0,-1.505,-4.0,7.183,-2.0,-0.023,-2.0,-3.0,0.208,-3.0,-1.0,-4.0,0.984,4.978,-1.501,2.0,-3.0,0.0,-1.0,0.0,1.485,2.978,-1.0,-1.0,0.0,-1.0,1.494,-1.0,0.0,0.0,0.0,0.0,0.0,-1.0,0.0,0.0,-1.0,0.0,0.0,1.499,-1.0,0.0,0.0,1.498,-2.0,5.529,1.498,3.205,-2.0,0.5,4.892,0.494,4.959,2.015,1.494,-0.631,9.374,2.457,-1.516,-1.924,-2.508,-0.503,-3.0,1.979,1.971,7.867,-0.513,2.929,0.989,3.465,2.415,-2.507,4.884,0.965,1.978,-2.504,-1.004,0.988,-3.504,-0.139,-6.0,2.083,4.834,-2.0,1.299,0.488,4.972,1.995,0.0,0.0,0.0,0.0,0.0,0.0,0.0,0.0,0.0,0.0
BtcGF,BTCUSDc,63,5.543,11.086,3,0.5305,38.77,426,49.2958,1,17,0,0.01,1.1,1.0,0.0,0.0,16385,1,6.788,0,0,2,0,0.2,2.947,2.979,-1.019,1.452,-1.014,2.985,1.977,0.202,0.997,-0.013,-0.668,-0.735,-1.004,-1.004,-0.01,1.988,2.015,-0.007,-2.006,-1.927,-0.023,-0.001,1.26,-3.006,3.044,-0.013,0.999,-4.0,-0.256,0.0,0.995,1.988,2.158,-2.004,-1.097,-1.009,-1.014,-0.912,-2.0,-3.0,-3.0,-3.0,0.969,-1.014,-0.011,2.986,-2.001,1.0,-3.0,0.0,-1.0,0.0,2.29,1.986,0.995,-1.0,0.0,1.99,0.996,0.991,0.0,0.0,0.0,0.0,0.0,-1.0,0.0,0.0,-1.0,0.0,0.0,0.999,-1.0,0.0,0.0,0.998,-1.014,-0.005,0.998,-0.013,-2.0,0.0,2.028,-0.004,4.965,-1.011,-1.004,-2.01,3.545,0.972,-1.017,0.636,-0.796,1.994,-2.017,-1.724,-0.024,0.982,-3.009,1.297,-0.007,1.975,1.99,4.765,1.973,4.084,-0.017,-3.003,-3.001,2.084,-4.003,1.995,-5.005,0.205,2.875,1.021,-2.003,-0.008,2.982,0.997,0.0,0.0,0.0,0.0,0.0,0.0,0.0,0.0,0.0,0.0
BtcGF,BTCUSDc,146,14.1073,21.161,4,0.7273,38.49,371,30.7278,1,15,0,0.01,1.1,2.0,0.0,0.0,16385,1,13.016,8,0,2,0,0.4,6.493,3.952,0.963,-1.0,-2.0,2.138,-0.015,-3.0,1.994,1.954,-3.0,-1.21,-0.008,-3.0,-4.0,4.983,1.993,-1.008,-0.013,-2.556,-1.022,-1.002,6.305,-2.013,0.105,-1.009,-0.001,-3.001,2.444,-1.0,-3.0,0.137,2.156,-1.007,-4.0,7.658,-2.0,-2.028,-2.0,-3.0,-3.0,-3.0,-2.0,-5.0,0.542,3.977,-1.002,2.998,-3.0,0.0,-1.0,0.0,4.762,3.971,-1.0,-1.0,0.0,-1.0,1.993,-1.0,0.0,0.0,0.0,0.0,0.0,-1.0,0.0,0.0,-1.0,0.0,0.0,1.999,-1.0,0.0,0.0,-1.0,-2.0,-2.0,1.997,-2.0,-2.0,1.218,4.221,0.992,-1.013,0.068,2.991,1.931,3.379,2.586,-1.022,-0.697,-2.011,-0.003,-4.0,-4.0,2.966,11.426,-0.018,5.143,1.986,4.953,4.644,-5.0,0.983,3.41,3.046,-2.005,-4.0,2.984,-3.006,-1.033,-6.0,-3.0,8.471,-2.0,-3.0,-1.015,8.973,2.994,0.0,0.0,0.0,0.0,0.0,0.0,0.0,0.0,0.0,0.0
BtcGF,BTCUSDc,267,10.8827,16.324,4,0.6948,29.79,352,31.8182,1,17,0,0.01,1.1,2.0,0.0,0.0,16385,1,11.461,0,0,2,0,0.8,6.9,3.952,-1.027,-0.999,-1.0,2.138,0.985,-3.0,1.994,1.954,-3.0,-1.21,-0.008,-3.0,2.259,4.947,1.993,-0.008,-2.006,-2.556,-1.022,-1.002,3.713,-2.013,0.105,4.312,-0.001,-3.001,1.627,-4.0,-3.0,1.06,-0.22,-1.007,-4.0,7.231,-2.0,-2.028,-2.0,-3.0,1.314,-2.0,-1.0,-5.0,3.376,3.977,-3.0,2.998,-3.0,0.0,0.0,-1.0,2.991,3.971,-1.0,-1.0,0.0,-1.0,1.993,-1.0,0.0,0.0,0.0,0.0,0.0,-1.0,0.0,0.0,-1.0,0.0,0.0,1.999,-1.0,0.0,0.0,-1.0,-2.0,-2.0,1.997,-1.0,-2.0,0.985,4.221,0.992,-1.013,-0.656,1.991,2.18,3.379,2.586,-1.022,-0.595,-2.011,-0.003,-3.0,-4.0,2.966,8.811,2.511,-0.899,1.986,4.953,0.957,-5.0,-0.43,1.278,3.032,-2.005,-4.0,3.647,-3.005,-1.033,-2.0,-4.0,4.889,-2.0,-2.998,-1.015,8.973,2.994,0.0,0.0,0.0,0.0,0.0,0.0,0.0,0.0,0.0,0.0
BtcGF,BTCUSDc,119,30.7217,36.866,5,1.0366,49.15,342,21.0526,1,17,0,0.01,1.1,3.0,0.0,1.0,16385,1,18.746,14,0,2,0,0.2,1.993,1.991,0.151,0.0,-1.0,-3.0,2.977,-3.0,2.992,0.994,-3.0,-4.0,-3.0,-3.0,-4.0,-3.0,-0.009,0.988,-5.0,-6.0,0.456,-4.0,0.991,14.131,-0.003,4.282,0.999,-2.001,-0.007,-0.016,-3.0,4.926,-4.0,-0.011,-4.0,20.113,-2.0,-0.042,-2.0,-3.0,0.931,-2.0,-1.0,-4.0,-4.0,6.964,0.938,0.999,-3.0,0.0,0.0,-1.0,6.859,5.956,-1.0,-1.0,0.0,-1.0,-1.0,-1.0,0.0,0.0,0.0,0.0,0.0,-1.0,0.0,0.0,-1.0,0.0,0.0,2.998,-1.0,0.0,0.0,-1.0,-2.0,0.989,2.995,-2.0,-2.0,0.0,0.982,4.823,-0.019,10.845,-1.007,1.973,4.161,5.146,-1.033,5.114,-1.016,0.995,-3.0,-3.0,0.994,-3.0,-1.027,-1.002,0.994,6.928,-5.0,-5.0,11.929,8.665,9.883,-1.008,-4.0,5.884,-2.009,-4.0,-2.0,-4.0,3.921,-2.0,-3.0,-4.0,6.975,1.251,0.0,0.0,0.0,0.0,0.0,0.0,0.0,0.0,0.0,0.0
BtcGF,BTCUSDc,154,1.8755,3.751,3,0.1179,168.25,363,31.405,1,15,0,0.01,1.1,2.0,0.0,1.0,16385,1,-2.56,4,0,2,0,0.4,5.964,3.952,-1.027,-1.0,-1.0,1.991,-0.015,-3.0,1.994,1.954,-3.0,-2.007,-0.008,-3.0,-4.0,4.983,1.993,-1.008,-2.006,-3.016,-1.022,-1.002,6.305,-2.013,-1.002,-1.009,-0.001,-3.001,0.978,-1.0,-3.0,0.141,-1.015,-1.007,-4.0,6.987,-2.0,-1.028,-2.0,-3.0,-0.05,-2.0,-1.0,-3.999,1.98,3.977,-0.045,2.998,-3.0,0.0,0.0,-1.0,3.827,3.971,-1.0,-1.0,0.0,-1.0,1.993,-1.0,0.0,0.0,0.0,0.0,0.0,-1.0,0.0,0.0,-1.0,0.0,0.0,1.999,-1.0,0.0,0.0,-1.0,-2.0,-0.008,1.997,-2.0,-2.0,1.218,6.948,0.992,-1.013,0.068,2.991,2.429,-0.008,0.605,-1.022,0.177,-2.011,-0.003,-3.0,0.035,2.966,6.912,-2.018,-2.001,1.986,4.953,4.644,-5.0,0.983,0.974,3.179,-2.005,-4.0,2.984,-3.006,-1.033,-6.0,-3.0,4.18,-2.0,-3.0,-1.015,8.973,2.994,0.0,0.0,0.0,0.0,0.0,0.0,0.0,0.0,0.0,0.0
BtcGF,BTCUSDc,28,51.6408,61.969,5,2.2665,57.76,384,30.2083,1,11,0,0.01,1.1,2.0,0.0,0.5,16385,1,26.173,8,0,2,0,0.0,5.964,3.952,0.963,-1.0,-1.0,2.824,-0.015,-3.0,1.994,1.954,-3.0,-2.007,-1.008,-3.0,-1.025,4.983,1.993,-1.008,0.548,-3.016,2.311,-1.002,9.658,-0.024,0.23,5.306,-0.001,-3.001,2.444,-1.0,-3.0,1.8,-5.0,-1.007,-4.0,8.451,-2.0,-2.028,-2.0,-3.0,-4.0,-3.0,-1.0,-4.0,4.625,4.034,-1.002,2.998,-3.0,0.0,-1.0,0.0,3.647,3.971,-1.0,-1.0,0.0,-1.0,1.993,-1.0,0.0,0.0,0.0,0.0,0.0,-1.0,0.0,0.0,-1.0,0.0,0.0,1.999,-1.0,0.0,0.0,-1.0,-2.0,0.99,1.997,-2.0,-2.0,1.218,5.775,0.992,-1.013,0.068,2.991,1.981,-0.008,0.605,-1.022,-3.804,-2.011,-0.003,-3.002,-4.0,2.966,10.271,-2.018,-4.002,35.786,4.953,-2.001,-5.0,1.744,6.522,3.05,-2.005,-4.0,1.984,-3.006,13.589,-2.0,-5.0,0.936,-3.0,-2.004,-1.015,8.973,2.994,0.0,0.0,0.0,0.0,0.0,0.0,0.0,0.0,0.0,0.0
BtcGF,BTCUSDc,131,7.81,15.62,3,1.0186,6.4,413,52.0581,1,17,0,0.01,1.1,1.0,0.0,1.0,16385,1,14.62,0,0,2,0,0.4,2.982,2.979,-2.014,0.995,-0.014,2.976,1.977,-0.029,0.997,-0.013,-1.005,-1.005,-1.004,-1.004,-0.01,1.988,1.996,-0.007,-3.003,-2.018,-0.023,-0.001,0.983,-3.006,2.969,-0.013,0.999,-4.0,-1.016,0.0,0.995,1.965,1.99,-2.004,-3.002,0.989,-1.014,0.976,-2.0,-3.0,-1.025,-0.009,0.969,1.985,1.98,2.986,-1.027,1.0,-3.0,0.0,0.0,-1.0,0.99,1.986,0.995,-1.0,0.0,1.99,0.996,0.991,0.0,0.0,0.0,0.0,0.0,-1.0,0.0,0.0,-1.0,0.0,0.0,0.999,-1.0,0.0,0.0,0.998,-0.014,-0.01,0.998,-0.013,-2.0,0.0,1.988,-0.004,4.965,-1.011,-0.004,-2.01,2.969,0.972,-1.017,2.978,-1.009,1.994,-1.016,-2.046,0.976,1.951,-3.009,-2.002,-0.007,1.975,1.99,1.957,1.973,3.973,-0.017,-3.003,-3.001,1.975,-4.003,1.956,-5.005,-3.053,1.973,1.988,-2.003,-0.008,2.982,0.997,0.0,0.0,0.0,0.0,0.0,0.0,0.0,0.0,0.0,0.0
BtcGF,BTCUSDc,178,-9.2005,-18.401,3,-0.4535,0.0,348,19.8276,1,15,0,0.01,1.1,3.0,0.0,1.0,16385,1,-29.332,10,0,2,0,0.4,1.993,1.991,0.151,0.0,-1.0,-2.999,1.977,-3.0,2.992,0.994,-3.0,-4.0,-3.0,-3.0,-4.0,-4.0,-0.009,-0.012,-5.0,-6.0,1.986,-4.0,0.991,10.912,-0.003,-4.0,0.999,-2.001,-0.007,-0.016,-3.0,3.926,-4.0,-0.011,-4.0,12.779,-2.0,-0.042,-2.0,-3.0,0.931,-2.0,-1.0,-3.999,-4.0,6.964,0.938,1.999,-3.0,0.0,0.0,-1.0,6.859,5.956,-1.0,-1.0,0.0,-1.0,-1.0,-1.0,0.0,0.0,0.0,0.0,0.0,-1.0,0.0,0.0,-1.0,0.0,0.0,2.998,-1.0,0.0,0.0,-1.0,-2.0,0.989,2.995,-2.0,-2.0,-2.0,1.982,4.823,-0.019,3.594,-1.007,1.973,0.634,5.146,-0.033,2.402,-1.016,0.995,-3.0,-3.0,1.994,-3.0,-1.027,-1.002,0.994,6.928,-4.0,-5.0,10.714,-1.029,2.144,-1.008,-4.0,4.058,-2.009,-4.0,-6.0,-3.0,3.921,-2.0,-3.0,-4.0,6.975,1.251,0.0,0.0,0.0,0.0,0.0,0.0,0.0,0.0,0.0,0.0
BtcGF,BTCUSDc,190,7.81,15.62,3,1.0186,6.4,413,52.0581,1,15,0,0.01,1.1,1.0,0.0,1.0,16385,1,14.62,0,0,2,0,0.6,2.982,2.979,-2.014,0.995,-0.014,2.976,1.977,-0.029,0.997,-0.013,-1.005,-1.005,-1.004,-1.004,-0.01,1.988,1.996,-0.007,-3.003,-2.018,-0.023,-0.001,0.983,-3.006,2.969,-0.013,0.999,-4.0,-1.016,0.0,0.995,1.965,1.99,-2.004,-3.002,0.989,-1.014,0.976,-2.0,-3.0,-1.025,-0.009,0.969,1.985,1.98,2.986,-1.027,1.0,-3.0,0.0,0.0,-1.0,0.99,1.986,0.995,-1.0,0.0,1.99,0.996,0.991,0.0,0.0,0.0,0.0,0.0,-1.0,0.0,0.0,-1.0,0.0,0.0,0.999,-1.0,0.0,0.0,0.998,-0.014,-0.01,0.998,-0.013,-2.0,0.0,1.988,-0.004,4.965,-1.011,-0.004,-2.01,2.969,0.972,-1.017,2.978,-1.009,1.994,-1.016,-2.046,0.976,1.951,-3.009,-2.002,-0.007,1.975,1.99,1.957,1.973,3.973,-0.017,-3.003,-3.001,1.975,-4.003,1.956,-5.005,-3.053,1.973,1.988,-2.003,-0.008,2.982,0.997,0.0,0.0,0.0,0.0,0.0,0.0,0.0,0.0,0.0,0.0
BtcGF,BTCUSDc,203,11.496,17.244,4,0.5901,18.37,381,39.895,1,17,0,0.01,1.1,1.5,0.0,1.0,16385,1,14.076,0,0,2,0,0.6,4.472,2.97,-1.52,2.531,-1.0,0.993,2.976,-3.0,1.496,0.961,-0.508,-2.505,-0.506,-3.0,0.478,2.273,0.995,0.989,-2.504,-1.028,1.464,-1.501,0.433,-2.51,-1.501,2.661,-0.5,-3.5,-1.016,-1.5,-0.505,1.958,-1.511,-1.505,-4.0,4.685,-2.0,-0.024,-2.0,-3.0,-0.534,-2.0,-1.0,-3.999,3.471,4.978,-0.536,2.0,-3.0,0.0,0.0,-1.0,1.485,2.978,-1.0,-1.0,0.0,-1.0,1.494,-1.0,0.0,0.0,0.0,0.0,0.0,-1.0,0.0,0.0,-1.0,0.0,0.0,1.499,-1.0,0.0,0.0,1.498,-2.0,2.501,1.498,1.766,-2.0,0.5,2.981,0.494,4.959,1.473,1.494,0.398,6.652,3.72,-1.516,1.56,-2.508,-0.503,-3.0,0.934,1.971,3.924,-2.513,-2.501,0.989,3.465,-0.039,-2.507,3.522,1.469,1.978,-2.504,-2.502,3.793,-3.504,-2.527,-2.0,-1.093,3.786,-2.0,-1.346,0.488,4.972,1.995,0.0,0.0,0.0,0.0,0.0,0.0,0.0,0.0,0.0,0.0
BtcGF,BTCUSDc,72,12.3995,24.799,3,0.8788,38.83,407,36.855,1,11,0,0.01,1.1,1.5,0.0,0.0,16385,1,15.17,5,0,2,0,0.2,4.719,2.97,-0.028,2.437,-1.0,1.39,2.976,-3.0,1.496,0.961,-0.508,-1.972,-1.506,-3.0,-1.522,4.196,0.995,0.989,-1.009,-0.752,2.989,-1.501,2.835,-2.51,-0.453,2.243,-0.5,-3.5,-0.646,-1.5,-0.505,2.388,-5.0,-1.505,-4.0,10.294,-2.0,-1.024,-2.0,-3.0,-4.0,-3.0,-2.0,-5.0,5.348,5.018,-1.501,2.0,-3.0,0.0,-1.0,0.0,1.485,2.978,-1.0,-1.0,0.0,-1.0,1.494,-1.0,0.0,0.0,0.0,0.0,0.0,-1.0,0.0,0.0,-1.0,0.0,0.0,1.499,-1.0,0.0,0.0,1.498,-3.0,0.992,1.498,1.943,-2.0,0.5,3.33,0.494,4.959,2.015,1.494,-0.631,10.997,2.457,-1.516,-2.005,-2.508,-0.503,-3.017,-4.0,1.971,7.086,-2.513,-4.501,5.987,3.465,-2.5,-2.507,2.723,4.186,1.916,-2.504,-2.502,4.125,-3.504,2.942,-2.0,-5.0,11.214,-1.503,-4.0,-2.512,6.48,1.995,0.0,0.0,0.0,0.0,0.0,0.0,0.0,0.0,0.0,0.0
BtcGF,BTCUSDc,229,10.9135,21.827,3,0.7537,73.67,343,20.4082,1,13,0,0.01,1.1,3.0,0.0,0.0,16385,1,5.748,15,0,2,0,0.6,3.085,1.991,3.136,0.0,-2.0,-3.0,1.977,-3.0,2.992,4.379,-2.0,-4.0,-4.0,-3.0,-2.0,-3.0,0.074,-0.012,-2.01,-5.999,1.986,-4.0,0.991,12.888,-3.0,3.004,0.999,-2.001,-0.007,-0.016,-3.0,6.004,3.264,-0.011,-4.0,13.583,-2.0,-0.041,-2.0,-3.0,-3.0,-3.0,-2.0,-5.0,-3.0,6.964,-3.0,1.999,-3.0,0.0,-1.0,0.0,3.854,5.956,-1.0,-1.0,0.0,-1.0,-1.0,-1.0,0.0,0.0,0.0,0.0,0.0,-1.0,0.0,0.0,-1.0,0.0,0.0,2.998,-1.0,0.0,0.0,-1.0,-2.0,-2.0,2.995,-2.0,-1.0,-2.0,5.891,4.823,-0.018,2.337,-1.007,1.973,15.013,2.158,-0.033,-7.0,-1.016,0.995,-3.0,-4.0,1.994,-3.0,0.973,12.079,0.994,6.928,-4.0,-5.0,3.372,1.669,7.194,-1.008,-1.004,6.484,-2.009,-4.0,-6.0,-3.0,5.797,-2.0,-3.0,-4.0,6.975,1.251,0.0,0.0,0.0,0.0,0.0,0.0,0.0,0.0,0.0,0.0
BtcGF,BTCUSDc,26,4.248,8.496,3,0.3444,119.2,383,30.2872,1,15,0,0.01,1.1,2.0,0.0,0.0,16385,1,-1.631,6,0,2,0,0.0,6.493,3.952,0.963,-1.0,-3.0,2.138,-0.015,-3.0,1.994,1.954,-3.0,-1.21,-0.008,-3.0,-4.0,4.983,1.993,-1.008,-0.013,-2.556,-1.022,-1.002,8.271,-2.013,0.105,-1.009,-0.001,-3.001,2.444,-1.0,-3.0,0.137,2.156,-1.007,-4.0,10.121,-2.0,-2.028,-2.0,-3.0,-3.0,-3.0,-2.0,-5.0,0.542,3.977,-1.002,2.998,-3.0,0.0,-1.0,0.0,4.762,3.971,-1.0,-1.0,0.0,-1.0,1.993,-1.0,0.0,0.0,0.0,0.0,0.0,-1.0,0.0,0.0,-1.0,0.0,0.0,1.999,-1.0,0.0,0.0,-1.0,-3.0,1.99,1.997,-2.0,-2.0,1.218,4.221,0.992,-1.013,0.068,2.991,1.931,3.379,2.586,-1.022,-0.697,-2.011,-0.003,-3.002,-4.0,2.966,11.426,-2.017,-4.002,1.986,4.953,4.644,-5.0,0.983,3.41,3.046,-2.005,-4.0,2.984,-3.006,-1.033,-6.0,-4.0,0.537,-3.0,-2.004,-1.015,8.973,2.994,0.0,0.0,0.0,0.0,0.0,0.0,0.0,0.0,0.0,0.0
BtcGF,BTCUSDc,251,7.81,15.62,3,1.0186,6.4,413,52.0581,1,17,0,0.01,1.1,1.0,0.0,1.0,16385,1,14.62,0,0,2,0,0.8,2.982,2.979,-2.014,0.995,-0.014,2.976,1.977,-0.029,0.997,-0.013,-1.005,-1.005,-1.004,-1.004,-0.01,1.988,1.996,-0.007,-3.003,-2.018,-0.023,-0.001,0.983,-3.006,2.969,-0.013,0.999,-4.0,-1.016,0.0,0.995,1.965,1.99,-2.004,-3.002,0.989,-1.014,0.976,-2.0,-3.0,-1.025,-0.009,0.969,1.985,1.98,2.986,-1.027,1.0,-3.0,0.0,0.0,-1.0,0.99,1.986,0.995,-1.0,0.0,1.99,0.996,0.991,0.0,0.0,0.0,0.0,0.0,-1.0,0.0,0.0,-1.0,0.0,0.0,0.999,-1.0,0.0,0.0,0.998,-0.014,-0.01,0.998,-0.013,-2.0,0.0,1.988,-0.004,4.965,-1.011,-0.004,-2.01,2.969,0.972,-1.017,2.978,-1.009,1.994,-1.016,-2.046,0.976,1.951,-3.009,-2.002,-0.007,1.975,1.99,1.957,1.973,3.973,-0.017,-3.003,-3.001,1.975,-4.003,1.956,-5.005,-3.053,1.973,1.988,-2.003,-0.008,2.982,0.997,0.0,0.0,0.0,0.0,0.0,0.0,0.0,0.0,0.0,0.0
BtcGF,BTCUSDc,93,11.7667,17.65,4,0.5428,65.05,364,31.044,1,13,0,0.01,1.1,2.0,0.0,1.0,16385,1,6.168,4,0,2,0,0.2,5.964,3.952,-1.027,-1.0,-1.0,1.991,-0.015,-3.0,1.994,1.954,-3.0,-2.007,-0.008,-3.0,-4.0,4.983,1.993,-1.008,-2.006,-3.016,-1.022,-1.002,-2.006,-2.013,-1.002,3.857,-0.001,-3.001,0.978,-1.0,-3.0,0.141,-1.015,-1.007,-4.0,10.743,-2.0,-2.028,-2.0,-3.0,-0.05,-2.0,-1.0,-4.0,-0.018,3.977,-0.045,2.998,-3.0,0.0,0.0,-1.0,3.827,3.971,-1.0,-1.0,0.0,-1.0,1.993,-1.0,0.0,0.0,0.0,0.0,0.0,-1.0,0.0,0.0,-1.0,0.0,0.0,1.999,-1.0,0.0,0.0,-1.0,-2.0,-0.008,1.997,-2.0,-2.0,1.218,8.159,0.992,-1.013,0.068,2.991,2.551,-0.008,0.605,-1.022,0.177,-2.011,-0.003,-3.0,0.035,2.966,6.912,-2.018,-2.001,1.986,4.953,10.481,-5.0,0.983,0.974,3.179,-2.005,-4.0,2.984,-3.006,8.384,-6.0,-3.0,4.18,-2.0,-3.0,-1.015,8.973,2.994,0.0,0.0,0.0,0.0,0.0,0.0,0.0,0.0,0.0,0.0
BtcGF,BTCUSDc,243,7.9085,15.817,3,1.0581,10.8,418,50.7177,1,17,0,0.01,1.1,1.0,0.0,0.0,16385,1,14.108,0,0,2,0,0.8,2.947,2.979,-2.014,1.354,-1.014,2.985,1.977,0.202,0.997,-0.013,-0.721,-0.735,-1.004,-1.004,-0.01,1.988,2.015,-0.007,-3.003,-1.927,-0.023,-0.001,1.26,-3.006,3.044,-0.013,0.999,-4.0,-0.645,0.0,0.995,1.988,2.158,-2.004,-2.342,1.566,-1.014,-0.912,-2.0,-3.0,-0.463,0.269,0.969,-1.014,2.413,2.986,-3.0,1.0,-3.0,0.0,0.0,-1.0,1.322,1.986,0.995,-1.0,0.0,1.99,0.996,0.991,0.0,0.0,0.0,0.0,0.0,-1.0,0.0,0.0,-1.0,0.0,0.0,0.999,-1.0,0.0,0.0,0.998,-0.014,0.64,0.998,-0.013,-2.0,0.0,2.028,-0.004,4.965,-1.011,-1.004,-2.01,3.378,0.972,-1.017,0.636,-0.796,1.994,-1.016,-0.903,0.976,2.382,-2.015,-1.56,-0.007,1.975,1.99,2.363,1.973,4.084,-0.017,-3.003,-3.001,2.084,-4.002,1.995,-5.005,-2.572,2.299,2.608,-2.003,-0.008,2.982,0.997,0.0,0.0,0.0,0.0,0.0,0.0,0.0,0.0,0.0,0.0
BtcGF,BTCUSDc,67,8.9275,17.855,3,1.0477,24.07,425,49.6471,1,17,0,0.01,1.1,1.0,0.0,0.5,16385,1,13.557,0,0,2,0,0.2,2.982,2.979,-1.019,1.452,-1.014,2.985,1.977,-0.029,0.997,-1.013,0.332,-1.005,-1.004,-1.004,-0.01,1.988,2.015,-0.007,-2.006,-2.018,-0.023,-0.001,1.45,-3.006,2.969,-0.013,0.999,-4.0,-0.318,0.0,0.995,2.039,3.512,-2.004,-0.9,-1.009,-1.014,1.631,-2.0,-3.0,-0.629,-3.0,0.969,-0.003,-0.011,2.986,-2.001,1.0,-3.0,0.0,-1.0,0.0,2.29,1.986,0.995,-1.0,0.0,1.99,0.996,0.991,0.0,0.0,0.0,0.0,0.0,-1.0,0.0,0.0,-1.0,0.0,0.0,0.999,-1.0,0.0,0.0,0.998,-0.014,1.87,0.998,-0.013,-2.0,0.0,1.988,-0.004,4.965,-1.011,-1.004,-2.01,2.969,0.972,-1.017,0.033,-0.585,1.994,-2.017,-1.724,-0.024,0.982,-4.009,1.297,-0.007,1.975,1.99,4.765,1.973,4.853,-0.017,-3.003,-3.001,-0.008,-4.003,1.995,-5.005,0.205,2.875,1.223,-2.003,-0.008,2.982,0.997,0.0,0.0,0.0,0.0,0.0,0.0,0.0,0.0,0.0,0.0
BtcGF,BTCUSDc,186,12.841,25.682,3,1.507,8.98,418,50.9569,1,15,0,0.01,1.1,1.0,0.0,0.5,16385,1,23.375,0,0,2,0,0.6,2.982,2.979,-1.019,1.851,-0.383,2.985,1.977,-0.029,0.997,-0.013,-1.005,-1.005,-1.004,-1.004,-0.01,1.988,2.015,-0.007,-2.006,-2.018,-0.023,-0.001,1.442,-3.006,2.969,-0.013,0.999,-4.0,-0.318,0.0,0.995,2.039,2.818,-2.004,-1.893,-1.009,-1.014,1.631,-2.0,-3.0,-0.629,-3.0,0.969,-0.003,1.98,2.986,-3.0,1.0,-3.0,0.0,-1.0,0.0,1.737,1.986,0.995,-1.0,0.0,1.99,0.996,0.991,0.0,0.0,0.0,0.0,0.0,-1.0,0.0,0.0,-1.0,0.0,0.0,0.999,-1.0,0.0,0.0,0.998,-0.014,1.01,0.998,-0.013,-2.0,0.0,1.988,-0.004,4.965,-1.011,-0.004,-2.01,3.697,1.706,-1.017,0.033,-0.585,1.994,-1.016,0.078,0.976,2.56,1.187,-1.209,-0.007,1.975,1.99,2.918,1.973,4.744,-0.017,-3.003,-3.001,-0.008,-4.003,1.995,-5.005,-0.954,2.689,3.241,-2.003,-0.008,2.982,0.997,0.0,0.0,0.0,0.0,0.0,0.0,0.0,0.0,0.0,0.0
BtcGF,BTCUSDc,271,12.976,19.464,4,1.0089,23.81,349,32.3782,1,17,0,0.01,1.1,2.0,0.0,0.5,16385,1,14.83,0,0,2,0,0.8,5.964,3.952,-1.027,-0.999,-1.0,2.138,0.985,-3.0,1.994,1.954,-3.0,-2.007,-0.008,-3.0,2.259,4.947,1.993,-0.008,-2.006,-3.016,-1.022,-1.002,3.713,-2.013,0.105,4.312,-0.001,-3.001,1.627,-1.0,-3.0,1.8,0.284,-1.007,-4.0,7.002,-2.0,-1.028,-2.0,-3.0,1.034,-2.0,-1.0,-2.0,-1.001,3.977,-3.0,2.998,-3.0,0.0,0.0,-1.0,2.991,3.971,-1.0,-1.0,0.0,-1.0,1.993,-1.0,0.0,0.0,0.0,0.0,0.0,-1.0,0.0,0.0,-1.0,0.0,0.0,1.999,-1.0,0.0,0.0,-1.0,-2.0,-1.999,1.997,-1.0,-2.0,0.985,3.975,0.992,-1.013,-0.656,1.991,2.18,2.971,2.586,-1.022,2.131,-2.011,-0.003,-3.0,-4.0,2.966,8.811,2.511,-0.899,1.986,4.953,0.957,-5.0,-0.43,2.18,3.032,-2.005,-4.0,2.647,-3.005,-1.033,-2.0,-4.0,4.889,-2.0,-2.998,-1.015,8.973,2.994,0.0,0.0,0.0,0.0,0.0,0.0,0.0,0.0,0.0,0.0
BtcGF,BTCUSDc,148,29.4433,35.332,5,1.3019,22.07,375,30.9333,1,11,0,0.01,1.1,2.0,0.0,0.5,16385,1,27.534,10,0,2,0,0.4,5.964,3.952,0.963,-1.0,-1.0,2.824,-0.015,-3.0,1.994,1.954,-3.0,-2.007,-1.008,-3.0,-1.025,4.983,1.993,-1.008,0.548,-3.016,2.311,-1.002,7.792,-0.024,0.23,5.306,-0.001,-3.001,2.444,-1.0,-3.0,1.8,-5.0,-1.007,-4.0,7.654,-2.0,-2.028,-2.0,-3.0,-3.0,-3.0,-1.0,-4.0,4.625,4.034,-1.002,2.998,-3.0,0.0,-1.0,0.0,3.647,3.971,-1.0,-1.0,0.0,-1.0,1.993,-1.0,0.0,0.0,0.0,0.0,0.0,-1.0,0.0,0.0,-1.0,0.0,0.0,1.999,-1.0,0.0,0.0,-1.0,-2.0,0.99,1.997,-2.0,-2.0,1.218,5.775,0.992,-1.013,0.068,2.991,1.981,2.971,0.605,-1.022,-3.804,-2.011,-0.003,-3.0,-4.0,2.966,9.369,-2.018,2.04,6.085,4.953,5.111,-5.0,1.744,6.522,3.05,-2.005,-4.0,1.984,-3.006,3.079,-2.0,-5.0,0.936,-2.0,-3.0,-1.015,8.973,2.994,0.0,0.0,0.0,0.0,0.0,0.0,0.0,0.0,0.0,0.0
BtcGF,BTCUSDc,161,10.243,20.486,3,0.6227,119.74,359,22.8412,1,13,0,0.01,1.1,2.5,0.0,0.5,16385,1,-4.044,11,0,2,0,0.4,1.494,1.492,2.077,0.0,-2.0,-0.249,0.981,-3.0,2.493,2.314,-3.0,-4.0,-4.0,-3.0,-4.0,-0.512,3.002,-0.51,0.985,-6.0,0.708,-4.0,12.383,-1.516,-3.0,5.559,0.499,-2.501,3.822,-0.515,-3.0,2.174,-5.0,-0.509,-4.0,13.639,-2.0,-0.534,-2.0,-3.0,1.871,-3.0,-1.0,-4.0,-3.0,5.47,-4.0,1.499,-3.0,0.0,-1.0,0.0,3.127,4.963,-1.0,-1.0,0.0,-1.0,-1.0,-1.0,0.0,0.0,0.0,0.0,0.0,-1.0,0.0,0.0,-1.0,0.0,0.0,2.499,-1.0,0.0,0.0,-1.0,-2.0,-2.0,2.496,-2.0,-2.0,-2.0,4.045,3.431,-0.516,1.831,1.992,0.978,4.967,1.381,-0.527,-3.185,-1.514,0.496,-3.0,-4.0,1.495,18.342,3.261,23.028,-0.505,6.44,-4.0,-5.0,2.217,0.603,1.095,-1.507,-1.503,3.446,-2.507,-4.0,-6.0,-3.0,5.845,-2.0,-3.0,-4.0,8.975,0.681,0.0,0.0,0.0,0.0,0.0,0.0,0.0,0.0,0.0,0.0
BtcGF,BTCUSDc,136,23.9887,35.983,4,1.3481,20.07,395,37.9747,1,11,0,0.01,1.1,1.5,0.0,0.5,16385,1,28.763,4,0,2,0,0.4,4.472,2.97,-0.028,2.437,-1.0,1.39,2.976,-3.0,1.496,0.961,-0.508,-2.505,-1.506,-3.0,-1.522,4.196,0.995,0.989,-1.009,-1.028,2.989,-1.501,1.557,-1.018,-0.453,2.353,-0.5,-3.5,0.066,-1.5,-0.505,2.409,-5.0,-1.505,-4.0,8.339,-2.0,-1.024,-2.0,-3.0,-3.0,-3.0,-1.0,-4.0,5.348,5.018,-1.501,2.0,-3.0,0.0,-1.0,0.0,1.485,2.978,-1.0,-1.0,0.0,-1.0,1.494,-1.0,0.0,0.0,0.0,0.0,0.0,-1.0,0.0,0.0,-1.0,0.0,0.0,1.499,-1.0,0.0,0.0,1.498,-2.0,-0.008,1.498,1.943,-2.0,0.5,3.33,0.494,4.959,2.015,1.494,-0.631,9.374,2.457,-1.516,-1.924,-2.508,-0.503,-3.0,2.625,1.971,7.867,-2.513,0.258,3.194,3.465,2.364,-2.507,2.723,4.186,1.916,-2.504,-2.502,0.988,-3.504,-0.139,-2.0,-5.0,8.636,-2.0,1.228,0.488,4.972,1.995,0.0,0.0,0.0,0.0,0.0,0.0,0.0,0.0,0.0,0.0
BtcGF,BTCUSDc,256,6.4145,12.829,3,0.4619,25.95,382,38.4817,1,11,0,0.01,1.1,1.5,0.0,0.5,16385,1,9.5,0,0,2,0,0.8,4.472,2.97,-1.52,2.437,-1.0,0.993,2.976,-3.0,1.496,0.961,-0.508,-2.505,-1.506,-3.0,0.478,1.697,0.995,0.989,-2.504,-1.028,2.125,-1.501,-0.129,-2.51,-0.453,1.954,-0.5,-3.5,-0.537,-1.5,-0.505,2.409,-0.634,-1.505,-4.0,4.628,-2.0,-1.024,-2.0,-3.0,0.298,-3.0,-1.0,-2.0,4.988,5.018,-3.0,2.0,-3.0,0.0,0.0,-1.0,1.485,2.978,-1.0,-1.0,0.0,-1.0,1.494,-1.0,0.0,0.0,0.0,0.0,0.0,-1.0,0.0,0.0,-1.0,0.0,0.0,1.499,-1.0,0.0,0.0,1.498,-2.0,3.157,1.498,1.295,-2.0,0.5,3.33,0.494,4.959,1.08,1.494,-0.631,7.12,2.457,-1.516,-1.924,-2.508,-0.503,-3.0,-0.36,1.971,5.649,-2.513,-1.669,1.797,3.465,0.821,-2.507,0.401,3.349,1.916,-2.504,-2.501,0.988,-3.503,-1.675,-2.0,-1.818,4.838,-2.0,-1.042,0.488,4.972,1.995,0.0,0.0,0.0,0.0,0.0,0.0,0.0,0.0,0.0,0.0
BtcGF,BTCUSDc,261,6.359,12.718,3,0.4478,24.18,381,39.6325,1,13,0,0.01,1.1,1.5,0.0,1.0,16385,1,9.643,0,0,2,0,0.8,4.472,2.97,-1.52,2.278,-1.0,0.993,2.976,-3.0,1.496,0.961,-0.508,-2.505,-0.506,-3.0,0.478,1.86,0.995,0.989,-2.504,-1.028,1.464,-1.501,-0.126,-2.51,0.24,2.145,-0.5,-3.5,-1.016,-1.5,-0.505,1.958,-1.511,-1.505,-4.0,4.252,-2.0,-1.024,-2.0,-3.0,-0.534,-2.0,-1.0,-2.0,5.059,4.978,-0.536,2.0,-3.0,0.0,0.0,-1.0,1.485,2.978,-1.0,-1.0,0.0,-1.0,1.494,-1.0,0.0,0.0,0.0,0.0,0.0,-1.0,0.0,0.0,-1.0,0.0,0.0,1.499,-1.0,0.0,0.0,1.498,-2.0,2.327,1.498,1.51,-2.0,0.5,3.881,0.494,4.959,0.856,1.494,-0.254,6.246,2.457,-1.516,1.56,-2.508,-0.503,-3.0,0.934,1.971,3.924,-2.513,-2.501,0.989,3.465,0.828,-2.507,3.085,-0.021,1.978,-2.504,-2.502,4.309,-3.504,-1.675,-6.0,-0.715,3.306,-2.0,-1.764,0.488,4.972,1.995,0.0,0.0,0.0,0.0,0.0,0.0,0.0,0.0,0.0,0.0
BtcGF,BTCUSDc,66,7.7275,15.455,3,0.8566,39.45,426,49.061,1,15,0,0.01,1.1,1.0,0.0,0.5,16385,1,9.358,1,0,2,0,0.2,2.982,2.979,-1.019,2.772,1.645,2.985,1.977,-0.029,0.997,-0.013,-1.005,-1.005,-1.004,-1.004,-0.01,1.988,2.015,-0.007,-2.006,-2.018,-0.023,-0.001,1.45,-3.006,2.969,-0.013,0.999,-4.0,-0.318,0.0,0.995,2.039,-1.003,-2.004,2.097,-1.009,-1.014,1.631,-2.0,-3.0,-0.629,-3.0,0.969,-0.003,1.98,2.986,-2.001,1.0,-3.0,0.0,-1.0,0.0,2.29,1.986,0.995,-1.0,0.0,1.99,0.996,0.991,0.0,0.0,0.0,0.0,0.0,-1.0,0.0,0.0,-1.0,0.0,0.0,0.999,-1.0,0.0,0.0,0.998,-0.014,1.87,0.998,-0.013,-2.0,0.0,1.988,-0.004,4.965,-1.011,-0.004,-2.01,4.414,2.919,-1.017,0.033,-0.585,1.994,-2.017,-1.724,-0.024,0.982,-4.009,-5.001,-0.007,1.975,1.99,-0.007,1.973,4.853,-0.017,-3.003,-3.001,-0.008,-4.003,1.995,-5.005,0.554,2.689,1.223,-2.003,-0.008,2.982,0.997,0.0,0.0,0.0,0.0,0.0,0.0,0.0,0.0,0.0,0.0
BtcGF,BTCUSDc,206,5.384,8.076,4,0.256,74.9,363,30.5785,1,15,0,0.01,1.1,2.0,0.0,0.0,16385,1,2.027,3,0,2,0,0.6,6.493,3.952,0.963,-1.0,-2.0,2.138,-0.015,-3.0,1.994,1.954,-3.0,-1.21,-0.008,-3.0,-2.0,4.877,1.993,-1.008,-0.013,-2.556,-1.022,-1.002,4.575,-2.013,0.105,-1.009,-0.001,-3.001,2.444,-1.0,-3.0,1.137,0.928,-1.007,-4.0,6.043,-2.0,-2.028,-2.0,-3.0,-3.0,-3.0,-2.0,-5.0,0.542,3.977,-3.0,2.998,-3.0,0.0,-1.0,0.0,3.758,3.971,-1.0,-1.0,0.0,-1.0,1.993,-1.0,0.0,0.0,0.0,0.0,0.0,-1.0,0.0,0.0,-1.0,0.0,0.0,1.999,-1.0,0.0,0.0,-1.0,-2.0,-2.0,1.997,-1.0,-2.0,1.218,4.221,0.992,-1.013,-0.622,2.991,1.931,3.379,0.605,-1.022,-0.697,-2.011,-0.003,-3.0,-4.0,2.966,9.619,-0.018,2.3,1.986,4.953,3.248,-5.0,0.983,3.108,3.046,-2.005,-4.0,2.984,-3.005,-1.033,-6.0,-3.0,7.084,-2.0,-2.999,-1.015,8.973,2.994,0.0,0.0,0.0,0.0,0.0,0.0,0.0,0.0,0.0,0.0
BtcGF,BTCUSDc,272,8.6425,10.371,5,0.4231,49.51,352,31.8182,1,11,0,0.01,1.1,2.0,0.0,1.0,16385,1,5.236,1,0,2,0,0.8,5.964,3.952,-1.027,-1.0,-1.0,1.991,-0.015,-3.0,1.994,1.954,-3.0,-2.007,-0.008,-3.0,0.975,5.631,1.993,-1.008,-2.006,-3.016,0.423,-1.002,5.129,-2.013,1.018,4.384,-0.001,-3.001,0.978,-1.0,-3.0,1.141,-1.015,-1.007,-4.0,4.47,-2.0,-2.028,-2.0,-3.0,-0.05,-2.0,-1.0,-2.0,-1.001,3.977,-0.045,2.998,-3.0,0.0,0.0,-1.0,4.172,3.971,-1.0,-1.0,0.0,-1.0,1.993,-1.0,0.0,0.0,0.0,0.0,0.0,-1.0,0.0,0.0,-1.0,0.0,0.0,1.999,-1.0,0.0,0.0,-1.0,-2.0,-1.999,1.997,-2.0,-1.0,1.218,5.775,0.992,-1.013,-1.521,2.991,2.526,-0.008,0.605,-1.022,0.177,-2.011,-0.003,-3.0,0.035,2.966,2.938,-2.018,-2.001,3.489,4.953,2.445,-5.0,-0.43,4.086,3.05,-2.005,-4.0,2.984,-3.006,0.433,-2.0,-4.0,2.939,-2.0,-3.0,-1.015,8.973,2.994,0.0,0.0,0.0,0.0,0.0,0.0,0.0,0.0,0.0,0.0
BtcGF,BTCUSDc,86,4.248,8.496,3,0.3444,119.2,383,30.2872,1,15,0,0.01,1.1,2.0,0.0,0.0,16385,1,-1.631,6,0,2,0,0.2,6.493,3.952,0.963,-1.0,-3.0,2.138,-0.015,-3.0,1.994,1.954,-3.0,-1.21,-0.008,-3.0,-4.0,4.983,1.993,-1.008,-0.013,-2.556,-1.022,-1.002,8.271,-2.013,0.105,-1.009,-0.001,-3.001,2.444,-1.0,-3.0,0.137,2.156,-1.007,-4.0,10.121,-2.0,-2.028,-2.0,-3.0,-3.0,-3.0,-2.0,-5.0,0.542,3.977,-1.002,2.998,-3.0,0.0,-1.0,0.0,4.762,3.971,-1.0,-1.0,0.0,-1.0,1.993,-1.0,0.0,0.0,0.0,0.0,0.0,-1.0,0.0,0.0,-1.0,0.0,0.0,1.999,-1.0,0.0,0.0,-1.0,-2.999,1.99,1.997,-2.0,-2.0,1.218,4.221,0.992,-1.013,0.068,2.991,1.931,3.379,2.586,-1.022,-0.697,-2.011,-0.003,-3.002,-4.0,2.966,11.426,-2.018,-4.002,1.986,4.953,4.644,-5.0,0.983,3.41,3.046,-2.005,-4.0,2.984,-3.006,-1.033,-6.0,-4.0,0.537,-3.0,-2.004,-1.015,8.973,2.994,0.0,0.0,0.0,0.0,0.0,0.0,0.0,0.0,0.0,0.0
BtcGF,BTCUSDc,80,22.7027,34.054,4,1.4274,20.39,384,39.5833,1,11,0,0.01,1.1,1.5,0.0,1.0,16385,1,27.112,4,0,2,0,0.2,4.472,2.97,-1.52,2.746,-1.0,0.993,2.976,-3.0,1.496,0.961,-0.508,-2.505,-0.506,-3.0,-1.522,4.196,0.995,0.989,-2.504,-1.028,2.989,-1.501,2.835,-2.51,-1.501,2.353,-0.5,-3.5,-1.016,-1.5,-0.505,1.958,-1.511,-1.505,-4.0,7.508,-2.0,-1.024,-2.0,-3.0,-0.534,-2.0,-1.0,-4.0,3.471,4.978,-0.536,2.0,-3.0,0.0,0.0,-1.0,1.485,2.978,-1.0,-1.0,0.0,-1.0,1.494,-1.0,0.0,0.0,0.0,0.0,0.0,-1.0,0.0,0.0,-1.0,0.0,0.0,1.499,-1.0,0.0,0.0,1.498,-2.0,-0.506,1.498,1.943,-2.0,0.5,3.33,0.494,4.959,1.791,1.494,-0.237,6.652,2.457,-1.516,1.56,-2.508,-0.503,-3.0,0.934,1.971,3.924,-2.513,-2.501,5.987,3.465,-2.5,-2.507,5.216,2.528,1.916,-2.504,-2.502,6.262,-3.504,2.942,-2.0,-0.014,4.493,-2.0,-1.006,0.488,4.972,1.995,0.0,0.0,0.0,0.0,0.0,0.0,0.0,0.0,0.0,0.0
BtcGF,BTCUSDc,179,16.8725,20.247,5,0.5693,53.99,342,21.0526,1,17,0,0.01,1.1,3.0,0.0,1.0,16385,1,9.316,14,0,2,0,0.4,1.993,1.991,0.151,0.0,-1.0,-3.0,2.977,-3.0,2.992,0.994,-3.0,-4.0,-3.0,-3.0,-4.0,-3.0,-0.009,0.988,-5.0,-6.0,0.456,-4.0,0.991,10.912,-0.003,4.282,0.999,-2.001,-0.007,-0.016,-3.0,4.926,-4.0,-0.011,-4.0,12.779,-2.0,-0.042,-2.0,-3.0,0.931,-2.0,-1.0,-4.0,-4.0,6.964,0.938,0.999,-3.0,0.0,0.0,-1.0,6.859,5.956,-1.0,-1.0,0.0,-1.0,-1.0,-1.0,0.0,0.0,0.0,0.0,0.0,-1.0,0.0,0.0,-1.0,0.0,0.0,2.998,-1.0,0.0,0.0,-1.0,-2.0,0.989,2.995,-2.0,-2.0,0.0,0.982,4.823,-0.019,5.994,-1.007,1.973,4.161,5.146,-1.033,5.114,-1.016,0.995,-3.0,-3.0,0.994,-3.0,-1.027,-1.002,0.994,6.928,-5.0,-5.0,10.714,8.665,9.883,-1.008,-4.0,5.884,-2.009,-4.0,-2.0,-4.0,3.921,-2.0,-3.0,-4.0,6.975,1.251,0.0,0.0,0.0,0.0,0.0,0.0,0.0,0.0,0.0,0.0
BtcGF,BTCUSDc,95,32.7058,39.247,5,2.2544,27.72,356,32.8652,1,17,0,0.01,1.1,2.0,0.0,1.0,16385,1,28.366,4,0,2,0,0.2,5.964,3.952,-1.027,-1.0,-1.0,1.991,0.985,-3.0,1.994,1.954,-3.0,-2.007,-0.008,-3.0,-4.0,14.874,1.993,-0.008,-2.006,-3.016,-1.022,-1.002,8.271,-2.013,-1.002,4.531,-0.001,-3.001,0.978,-1.0,-3.0,0.971,-1.015,-1.007,-4.0,10.743,-2.0,-1.028,-2.0,-3.0,-0.05,-2.0,-1.0,-4.0,1.98,3.977,-0.045,2.998,-3.0,0.0,0.0,-1.0,3.827,3.971,-1.0,-1.0,0.0,-1.0,1.993,-1.0,0.0,0.0,0.0,0.0,0.0,-1.0,0.0,0.0,-1.0,0.0,0.0,1.999,-1.0,0.0,0.0,-1.0,-2.0,-0.008,1.997,-2.0,-2.0,0.985,3.975,0.992,-1.013,5.013,2.991,3.657,-0.008,2.586,-1.022,2.131,-2.011,-0.003,-3.0,0.035,2.966,6.912,-2.018,-2.001,1.986,4.953,0.957,-5.0,0.983,5.757,3.032,-2.005,-4.0,3.647,-3.006,-1.033,-2.0,-4.0,4.18,-2.0,-3.0,-1.015,8.973,2.994,0.0,0.0,0.0,0.0,0.0,0.0,0.0,0.0,0.0,0.0
BtcGF,BTCUSDc,286,-3.4493,-20.696,1,-0.4935,0.0,339,24.1888,1,15,0,0.01,1.1,2.5,0.0,1.0,16385,1,-26.158,3,0,2,0,0.8,1.494,1.492,-0.41,0.0,-1.0,-0.502,0.981,-3.0,2.493,1.495,3.231,-4.0,-3.0,-3.0,-1.0,3.462,2.992,-0.51,-1.507,-6.0,0.708,-4.0,5.7,-1.516,-3.0,-0.511,0.499,-2.501,1.972,-0.515,-3.0,2.559,-0.518,-0.509,-4.0,6.18,-2.0,-0.535,-2.0,-3.0,0.441,-2.0,-1.0,-2.0,-4.0,5.47,0.447,1.499,-3.0,0.0,0.0,-1.0,4.735,4.963,-1.0,-1.0,0.0,-1.0,-1.0,-1.0,0.0,0.0,0.0,0.0,0.0,-1.0,0.0,0.0,-1.0,0.0,0.0,2.499,-1.0,0.0,0.0,-1.0,-2.0,-1.999,2.496,-1.0,-2.0,-2.0,1.485,3.431,-0.516,-0.411,1.992,0.978,2.307,1.381,-0.527,1.294,-1.514,0.496,-3.0,-3.0,1.495,5.826,1.261,-1.502,0.495,11.184,-4.0,-5.0,0.216,-1.525,1.095,-1.507,-4.0,2.213,-2.507,-4.0,-6.0,-3.0,1.924,-2.0,-3.0,2.309,8.975,0.681,0.0,0.0,0.0,0.0,0.0,0.0,0.0,0.0,0.0,0.0
BtcGF,BTCUSDc,191,7.81,15.62,3,1.0186,6.4,413,52.0581,1,17,0,0.01,1.1,1.0,0.0,1.0,16385,1,14.62,0,0,2,0,0.6,2.982,2.979,-2.014,0.995,-0.014,2.976,1.977,-0.029,0.997,-0.013,-1.005,-1.005,-1.004,-1.004,-0.01,1.988,1.996,-0.007,-3.003,-2.018,-0.023,-0.001,0.983,-3.006,2.969,-0.013,0.999,-4.0,-1.016,0.0,0.995,1.965,1.99,-2.004,-3.002,0.989,-1.014,0.976,-2.0,-3.0,-1.025,-0.009,0.969,1.985,1.98,2.986,-1.027,1.0,-3.0,0.0,0.0,-1.0,0.99,1.986,0.995,-1.0,0.0,1.99,0.996,0.991,0.0,0.0,0.0,0.0,0.0,-1.0,0.0,0.0,-1.0,0.0,0.0,0.999,-1.0,0.0,0.0,0.998,-0.014,-0.01,0.998,-0.013,-2.0,0.0,1.988,-0.004,4.965,-1.011,-0.004,-2.01,2.969,0.972,-1.017,2.978,-1.009,1.994,-1.016,-2.046,0.976,1.951,-3.009,-2.002,-0.007,1.975,1.99,1.957,1.973,3.973,-0.017,-3.003,-3.001,1.975,-4.003,1.956,-5.005,-3.053,1.973,1.988,-2.003,-0.008,2.982,0.997,0.0,0.0,0.0,0.0,0.0,0.0,0.0,0.0,0.0,0.0
BtcGF,BTCUSDc,44,44.8567,67.285,4,2.8587,77.16,352,23.5795,1,11,0,0.01,1.1,2.5,0.0,1.0,16385,1,15.368,12,0,2,0,0.0,1.494,1.492,-0.41,0.0,-1.0,-0.502,0.981,-3.0,2.493,1.9,-3.0,-4.0,-3.0,-3.0,-3.0,-0.512,2.992,-0.51,-1.507,-6.0,4.738,-4.0,15.198,-1.516,-0.502,7.788,0.499,-2.501,1.972,-0.515,-3.0,2.559,-0.518,-0.509,-4.0,15.47,-2.0,-1.535,-2.0,-3.0,0.441,-2.0,-1.0,-4.0,3.977,5.47,0.447,1.499,-3.0,0.0,0.0,-1.0,10.13,4.963,-1.0,-1.0,0.0,-1.0,-1.0,-1.0,0.0,0.0,0.0,0.0,0.0,-1.0,0.0,0.0,-1.0,0.0,0.0,2.499,-1.0,0.0,0.0,-1.0,-2.0,0.491,2.496,-2.0,-2.0,-2.0,3.479,3.816,-0.516,1.831,1.992,1.481,4.967,1.381,-0.527,1.294,-1.514,0.496,-3.0,-4.0,0.495,2.826,-1.522,-1.502,48.917,8.156,-5.0,-5.0,7.834,2.151,0.898,-0.587,-4.0,4.937,-2.507,-4.0,-2.0,-4.0,4.082,-2.0,-3.0,-4.0,8.975,-3.0,0.0,0.0,0.0,0.0,0.0,0.0,0.0,0.0,0.0,0.0
BtcGF,BTCUSDc,122,16.252,32.504,3,1.7382,11.21,420,50.4762,1,15,0,0.01,1.1,1.0,0.0,0.0,16385,1,28.859,0,0,2,0,0.4,2.947,2.979,-1.019,2.68,0.12,2.985,1.977,0.202,0.997,-0.013,-1.005,-0.735,-1.004,-1.004,-0.01,1.988,2.015,-0.007,-2.006,-1.927,-0.023,-0.001,1.26,-3.006,3.044,-0.013,0.999,-4.0,-0.256,0.0,0.995,1.988,3.512,-2.004,-1.324,-1.009,-1.014,-0.912,-2.0,-3.0,-3.0,-3.0,1.389,-1.014,1.98,2.986,-2.001,1.0,-3.0,0.0,-1.0,0.0,2.29,1.986,0.995,-1.0,0.0,1.99,0.996,0.991,0.0,0.0,0.0,0.0,0.0,-1.0,0.0,0.0,-1.0,0.0,0.0,0.999,-1.0,0.0,0.0,0.998,-0.014,2.641,0.998,-0.013,-2.0,0.0,2.028,-0.004,4.965,-1.011,-0.004,-2.01,3.545,2.326,-1.017,0.636,-0.796,1.994,-2.016,-1.724,0.976,2.726,2.506,-0.525,-0.007,1.975,1.99,3.943,1.973,4.853,-0.017,-3.003,-3.001,2.505,-4.003,1.995,-5.005,0.182,2.689,4.279,-2.003,-0.008,2.982,0.997,0.0,0.0,0.0,0.0,0.0,0.0,0.0,0.0,0.0,0.0
BtcGF,BTCUSDc,21,25.6687,38.503,4,1.2276,31.69,387,39.0181,1,13,0,0.01,1.1,1.5,0.0,1.0,16385,1,26.3,4,0,2,0,0.0,4.472,2.97,-1.52,2.746,-1.0,0.993,2.976,-3.0,1.496,0.961,-0.508,-2.505,-0.506,-3.0,-1.521,4.752,0.995,0.989,-2.504,-1.028,1.464,-1.501,-3.505,-2.51,-1.501,2.154,-0.5,-3.5,-1.016,-1.5,-0.505,1.958,-1.511,-1.505,-4.0,7.508,-2.0,-1.024,-2.0,-3.0,-0.534,-2.0,-1.0,-4.0,3.471,4.978,-0.536,2.0,-3.0,0.0,0.0,-1.0,1.485,2.978,-1.0,-1.0,0.0,-1.0,1.494,-1.0,0.0,0.0,0.0,0.0,0.0,-1.0,0.0,0.0,-1.0,0.0,0.0,1.499,-1.0,0.0,0.0,1.498,-2.0,-0.506,1.498,11.203,-2.0,0.5,4.892,0.494,4.959,1.791,1.494,-0.237,6.652,2.457,-1.516,1.56,-2.508,-0.503,-3.0,0.934,1.971,3.924,-2.513,-2.501,0.989,3.465,7.46,-2.507,4.884,-0.021,1.978,-2.504,-2.502,6.262,-3.504,5.964,-6.0,-0.045,4.493,-2.0,-1.006,0.488,4.972,1.995,0.0,0.0,0.0,0.0,0.0,0.0,0.0,0.0,0.0,0.0
BtcGF,BTCUSDc,73,18.4087,27.613,4,0.9875,37.45,407,37.1007,1,13,0,0.01,1.1,1.5,0.0,0.0,16385,1,17.273,5,0,2,0,0.2,4.719,2.97,-0.028,4.986,-3.0,0.993,2.976,-3.0,1.496,0.961,-0.508,-1.972,-1.506,-3.0,-1.522,4.752,0.995,0.989,-1.009,-0.752,1.464,-1.501,-3.505,-2.51,-0.453,2.021,-0.5,-3.5,-0.646,-1.5,-0.505,2.071,0.836,-1.505,-4.0,11.326,-2.0,-0.023,-2.0,-3.0,-3.0,-3.0,-2.0,-5.0,0.984,4.978,-1.501,2.0,-3.0,0.0,-1.0,0.0,1.485,2.978,-1.0,-1.0,0.0,-1.0,1.494,-1.0,0.0,0.0,0.0,0.0,0.0,-1.0,0.0,0.0,-1.0,0.0,0.0,1.499,-1.0,0.0,0.0,1.498,-2.999,0.992,1.498,6.309,-2.0,0.5,3.201,0.494,4.959,2.015,1.494,-0.631,10.997,2.457,-1.516,-2.005,-2.508,-0.503,-3.017,-4.0,1.971,7.086,-3.513,-4.501,0.989,3.465,5.598,-2.507,4.884,0.965,1.978,-2.504,-1.004,4.653,-3.504,2.942,-3.687,-4.0,4.003,-2.0,1.582,0.488,4.972,1.995,0.0,0.0,0.0,0.0,0.0,0.0,0.0,0.0,0.0,0.0
BtcGF,BTCUSDc,193,19.6567,29.485,4,0.9753,15.93,393,38.6768,1,13,0,0.01,1.1,1.5,0.0,0.0,16385,1,24.788,0,0,2,0,0.6,4.719,2.97,-0.028,3.461,-2.0,0.993,2.976,-3.0,1.496,0.961,-0.508,-1.972,-1.506,-3.0,0.478,2.252,0.995,0.989,-1.009,-0.752,1.464,-1.501,0.428,-2.51,-0.453,2.021,-0.5,-3.5,-0.646,-1.5,-0.505,2.071,-0.128,-1.505,-4.0,5.588,-2.0,-0.023,-2.0,-3.0,-3.0,-3.0,-2.0,-5.0,4.934,4.978,-3.0,2.0,-3.0,0.0,-1.0,0.0,1.485,2.978,-1.0,-1.0,0.0,-1.0,1.494,-1.0,0.0,0.0,0.0,0.0,0.0,-1.0,0.0,0.0,-1.0,0.0,0.0,1.499,-1.0,0.0,0.0,1.498,-2.0,5.191,1.498,2.146,-2.0,0.5,3.201,0.494,4.959,1.609,1.494,-0.631,9.361,2.457,-1.516,-2.005,-2.508,-0.503,-3.0,0.617,1.971,6.072,-0.513,0.261,0.989,3.465,1.36,-2.507,4.884,0.965,1.978,-2.504,-1.004,4.653,-3.504,-1.166,-6.0,1.087,4.296,-2.0,-0.299,0.488,4.972,1.995,0.0,0.0,0.0,0.0,0.0,0.0,0.0,0.0,0.0,0.0
BtcGF,BTCUSDc,69,7.81,15.62,3,1.0186,6.4,413,52.0581,1,13,0,0.01,1.1,1.0,0.0,1.0,16385,1,14.62,0,0,2,0,0.2,2.982,2.979,-2.014,0.995,-0.014,2.976,1.977,-0.029,0.997,-0.013,-1.005,-1.005,-1.004,-1.004,-0.01,1.988,1.996,-0.007,-3.003,-2.018,-0.023,-0.001,0.983,-3.006,2.969,-0.013,0.999,-4.0,-1.016,0.0,0.995,1.965,1.99,-2.004,-3.002,0.989,-1.014,0.976,-2.0,-3.0,-1.025,-0.009,0.969,1.985,1.98,2.986,-1.027,1.0,-3.0,0.0,0.0,-1.0,0.99,1.986,0.995,-1.0,0.0,1.99,0.996,0.991,0.0,0.0,0.0,0.0,0.0,-1.0,0.0,0.0,-1.0,0.0,0.0,0.999,-1.0,0.0,0.0,0.998,-0.014,-0.01,0.998,-0.013,-2.0,0.0,1.988,-0.004,4.965,-1.011,-0.004,-2.01,2.969,0.972,-1.017,2.978,-1.009,1.994,-1.016,-2.046,0.976,1.951,-3.009,-2.002,-0.007,1.975,1.99,1.957,1.973,3.973,-0.017,-3.003,-3.001,1.975,-4.003,1.956,-5.005,-3.053,1.973,1.988,-2.003,-0.008,2.982,0.997,0.0,0.0,0.0,0.0,0.0,0.0,0.0,0.0,0.0,0.0
BtcGF,BTCUSDc,79,8.207,24.621,2,1.3141,29.48,395,37.4684,1,17,0,0.01,1.1,1.5,0.0,0.5,16385,1,17.363,6,0,2,0,0.2,4.472,2.97,-0.028,2.613,-1.0,0.993,2.976,-3.0,1.496,-0.039,1.54,-2.505,-0.506,-3.0,-1.522,8.561,0.995,0.989,-1.009,-1.028,1.464,-1.501,2.835,-2.51,-0.453,2.661,-0.5,-3.5,0.066,-1.5,-0.505,2.409,0.836,-1.505,-4.0,6.779,-2.0,-0.024,-2.0,-3.0,0.208,-3.0,-1.0,-4.0,0.984,4.978,-1.501,2.0,-3.0,0.0,-1.0,0.0,3.512,2.978,-1.0,-1.0,0.0,-1.0,1.494,-1.0,0.0,0.0,0.0,0.0,0.0,-1.0,0.0,0.0,-1.0,0.0,0.0,1.499,-1.0,0.0,0.0,1.498,-2.0,-0.506,1.498,5.519,-2.0,0.5,2.981,0.494,4.959,4.809,0.494,-0.558,6.652,5.001,-1.516,-1.924,-2.508,-0.503,-3.502,-4.0,0.971,2.46,-3.513,3.258,0.989,3.465,-0.039,-2.507,3.722,3.127,1.978,-2.504,-2.502,1.322,-3.504,-2.527,-2.0,-5.0,4.913,-1.503,-4.0,0.488,4.972,1.995,0.0,0.0,0.0,0.0,0.0,0.0,0.0,0.0,0.0,0.0
BtcGF,BTCUSDc,133,33.528,50.292,4,1.9104,13.76,397,38.7909,1,13,0,0.01,1.1,1.5,0.0,0.0,16385,1,43.372,5,0,2,0,0.4,4.719,2.97,-0.028,4.793,-2.0,0.993,2.976,-3.0,1.496,0.961,-0.508,-1.972,-1.506,-3.0,-1.522,4.752,0.995,0.989,-1.009,-0.752,1.464,-1.501,1.552,-2.51,-0.453,2.021,-0.5,-3.5,-0.646,-1.5,-0.505,2.071,0.836,-1.505,-4.0,7.906,-2.0,-0.023,-2.0,-3.0,-3.0,-3.0,-2.0,-5.0,0.984,4.978,-1.501,2.0,-3.0,0.0,-1.0,0.0,1.485,2.978,-1.0,-1.0,0.0,-1.0,1.494,-1.0,0.0,0.0,0.0,0.0,0.0,-1.0,0.0,0.0,-1.0,0.0,0.0,1.499,-1.0,0.0,0.0,1.498,-2.0,7.237,1.498,3.205,-2.0,0.5,3.201,0.494,4.959,2.015,1.494,-0.631,10.773,2.457,-1.516,-2.005,-2.508,-0.503,-3.0,1.979,1.971,7.086,-0.513,2.527,0.989,3.465,2.415,-2.507,4.884,0.965,1.978,-2.504,-1.004,4.653,-3.504,-0.139,-3.687,2.083,5.003,-2.0,1.058,0.488,4.972,1.995,0.0,0.0,0.0,0.0,0.0,0.0,0.0,0.0,0.0,0.0
BtcGF,BTCUSDc,213,6.0927,9.139,4,0.3691,70.0,357,31.3725,1,13,0,0.01,1.1,2.0,0.0,1.0,16385,1,2.742,2,0,2,0,0.6,5.964,3.952,-1.027,-1.0,-1.0,1.991,-0.015,-3.0,1.994,1.954,-3.0,-2.007,-0.008,-3.0,-2.0,7.39,1.993,-1.008,-2.006,-3.016,-1.022,-1.002,6.142,-2.013,-1.002,3.857,-0.001,-3.001,0.978,-1.0,-3.0,1.141,-1.015,-1.007,-4.0,5.305,-2.0,-2.028,-2.0,-3.0,-0.05,-2.0,-1.0,-4.0,-0.018,3.977,-0.045,2.998,-3.0,0.0,0.0,-1.0,3.827,3.971,-1.0,-1.0,0.0,-1.0,1.993,-1.0,0.0,0.0,0.0,0.0,0.0,-1.0,0.0,0.0,-1.0,0.0,0.0,1.999,-1.0,0.0,0.0,-1.0,-2.0,-2.0,1.997,-2.0,-1.0,1.218,7.518,0.992,-1.012,-0.622,2.991,2.551,-0.008,0.605,-1.022,0.177,-2.011,-0.003,-3.0,0.035,2.966,6.912,-2.018,-2.001,1.986,4.953,3.32,-5.0,0.983,0.974,3.179,-2.005,-4.0,2.984,-3.006,1.311,-6.0,-3.0,4.108,-2.0,-3.0,-1.015,8.973,2.994,0.0,0.0,0.0,0.0,0.0,0.0,0.0,0.0,0.0,0.0
BtcGF,BTCUSDc,135,24.018,36.027,4,1.345,15.54,392,38.5204,1,17,0,0.01,1.1,1.5,0.0,0.0,16385,1,30.428,2,0,2,0,0.4,4.983,2.97,-0.028,2.613,-1.0,0.993,2.976,-3.0,1.496,0.961,0.54,-1.972,-0.506,-3.0,-1.522,6.065,0.995,0.989,-1.009,-0.752,1.464,-1.501,1.557,-2.51,-0.453,2.661,-0.5,-3.5,0.066,-1.5,-0.505,2.014,-1.029,-1.505,-4.0,6.454,-2.0,-1.024,-2.0,-3.0,-3.0,-3.0,-1.0,-5.0,0.984,4.978,-1.501,2.0,-3.0,0.0,-1.0,0.0,3.512,2.978,-1.0,-1.0,0.0,-1.0,1.494,-1.0,0.0,0.0,0.0,0.0,0.0,-1.0,0.0,0.0,-1.0,0.0,0.0,1.499,-1.0,0.0,0.0,1.498,-2.0,4.918,1.498,2.706,-2.0,0.5,3.124,0.494,4.959,2.926,0.494,-0.558,8.07,5.001,-1.516,-1.452,-2.508,-0.503,-4.0,-4.0,1.971,7.307,-0.513,0.795,0.989,3.465,-0.039,-2.507,3.722,1.676,1.978,-2.504,-2.502,4.081,-3.504,-2.527,-2.0,0.596,5.913,-2.0,1.599,0.488,4.972,1.995,0.0,0.0,0.0,0.0,0.0,0.0,0.0,0.0,0.0,0.0
BtcGF,BTCUSDc,142,6.2245,12.449,3,0.3868,32.63,386,39.1192,1,15,0,0.01,1.1,1.5,0.0,1.0,16385,1,8.387,0,0,2,0,0.4,4.472,2.97,-1.52,2.746,-1.0,0.993,2.976,-3.0,1.496,0.961,-0.508,-2.505,-0.506,-3.0,-1.522,3.482,0.995,0.989,-2.504,-1.028,1.464,-1.501,1.557,-2.51,-1.501,-1.507,-0.5,-3.5,-1.016,-1.5,-0.505,1.958,-1.511,-1.505,-4.0,5.558,-2.0,-0.024,-2.0,-3.0,-0.534,-2.0,-1.0,-3.999,3.471,4.978,-0.536,2.0,-3.0,0.0,0.0,-1.0,1.485,2.978,-1.0,-1.0,0.0,-1.0,1.494,-1.0,0.0,0.0,0.0,0.0,0.0,-1.0,0.0,0.0,-1.0,0.0,0.0,1.499,-1.0,0.0,0.0,1.498,-2.0,-0.506,1.498,2.706,-2.0,0.5,4.892,0.494,4.959,1.791,1.494,-0.325,6.652,2.457,-1.516,1.56,-2.508,-0.503,-3.0,0.934,1.971,3.924,-2.513,-2.501,0.989,3.465,1.772,-2.507,5.216,-0.021,1.978,-2.504,-2.502,3.459,-3.504,-2.527,-6.0,-0.045,4.493,-2.0,-1.006,0.488,4.972,1.995,0.0,0.0,0.0,0.0,0.0,0.0,0.0,0.0,0.0,0.0
BtcGF,BTCUSDc,144,25.0167,30.02,5,1.0895,34.59,372,30.1075,1,11,0,0.01,1.1,2.0,0.0,0.0,16385,1,19.637,10,0,2,0,0.4,6.493,3.952,0.963,-1.0,-1.0,2.824,-0.015,-3.0,1.994,1.954,-3.0,-1.21,-1.008,-3.0,-1.025,4.983,1.993,-1.008,0.548,-2.556,2.311,-1.002,7.792,-2.013,0.23,5.122,-0.001,-3.001,1.479,-1.0,-3.0,1.627,-5.0,-1.007,-4.0,10.377,-2.0,-2.028,-2.0,-3.0,-3.0,-3.0,-2.0,-5.0,4.625,4.034,-1.002,2.998,-3.0,0.0,-1.0,0.0,3.647,3.971,-1.0,-1.0,0.0,-1.0,1.993,-1.0,0.0,0.0,0.0,0.0,0.0,-1.0,0.0,0.0,-1.0,0.0,0.0,1.999,-1.0,0.0,0.0,-1.0,-2.0,-2.0,1.997,-2.0,-2.0,1.218,5.775,0.992,-1.013,0.068,2.991,1.981,4.893,0.605,-1.022,-7.0,-2.011,-0.003,-3.0,-4.0,2.966,8.256,-2.018,2.04,6.085,4.953,5.111,-5.0,1.744,6.522,2.917,-2.005,-4.0,2.984,-3.006,3.079,-2.0,-5.0,0.936,-2.0,-3.0,-1.015,8.973,2.994,0.0,0.0,0.0,0.0,0.0,0.0,0.0,0.0,0.0,0.0
BtcGF,BTCUSDc,174,8.1125,16.225,3,0.4917,196.46,352,19.6023,1,15,0,0.01,1.1,3.0,0.0,0.5,16385,1,-15.65,11,0,2,0,0.4,1.993,1.991,3.136,0.0,-2.0,-3.0,1.977,-3.0,2.992,0.994,-3.0,-4.0,-3.0,-3.0,-4.0,-4.0,0.074,-0.012,-2.01,-6.0,1.986,-4.0,0.991,10.912,-3.0,-4.0,0.999,-2.001,-0.007,-0.016,-3.0,10.74,-5.0,-0.011,-4.0,17.066,-2.0,-0.042,-2.0,-3.0,2.708,-3.0,-1.0,-3.999,-4.0,6.964,-4.0,1.999,-3.0,0.0,-1.0,0.0,7.237,5.956,-1.0,-1.0,0.0,-1.0,-1.0,-1.0,0.0,0.0,0.0,0.0,0.0,-1.0,0.0,0.0,-1.0,0.0,0.0,2.998,-1.0,0.0,0.0,-1.0,-2.0,-1.999,2.995,-2.0,-2.0,-2.0,1.982,4.823,-0.019,3.594,-1.007,1.973,0.634,5.146,-1.033,-2.565,-1.016,0.995,-4.0,-4.0,1.994,-1.0,5.8,27.875,0.994,6.928,-4.0,-5.0,3.005,2.963,2.144,-1.008,-4.0,3.058,-2.009,-4.0,-6.0,-3.0,8.137,-2.0,-3.0,-4.0,6.975,1.251,0.0,0.0,0.0,0.0,0.0,0.0,0.0,0.0,0.0,0.0
BtcGF,BTCUSDc,58,-4.4227,-6.634,4,-0.1841,0.0,348,19.8276,1,15,0,0.01,1.1,3.0,0.0,1.0,16385,1,-24.754,10,0,2,0,0.0,1.993,1.991,0.151,0.0,-1.0,-3.0,1.977,-3.0,2.992,0.994,-3.0,-4.0,-3.0,-3.0,-4.0,-4.0,-0.009,-0.012,-5.0,-6.0,1.986,-4.0,0.991,14.131,-0.003,-4.0,0.999,-2.001,-0.007,-0.016,-3.0,3.926,-4.0,-0.011,-4.0,20.113,-2.0,-0.042,-2.0,-3.0,0.931,-2.0,-1.0,-3.999,-4.0,6.964,0.938,1.999,-3.0,0.0,0.0,-1.0,6.859,5.956,-1.0,-1.0,0.0,-1.0,-1.0,-1.0,0.0,0.0,0.0,0.0,0.0,-1.0,0.0,0.0,-1.0,0.0,0.0,2.998,-1.0,0.0,0.0,-1.0,-2.0,0.989,2.995,-2.0,-2.0,-2.0,1.982,4.823,-0.019,3.594,-1.007,1.973,0.634,5.146,-0.033,2.402,-1.016,0.995,-3.0,-3.0,1.994,-3.0,-1.027,-1.002,0.994,6.928,-4.0,-5.0,11.929,-1.029,2.144,-1.008,-4.0,4.058,-2.009,-4.0,-6.0,-3.0,3.921,-2.0,-3.0,-4.0,6.975,1.251,0.0,0.0,0.0,0.0,0.0,0.0,0.0,0.0,0.0,0.0
BtcGF,BTCUSDc,249,7.81,15.62,3,1.0186,6.4,413,52.0581,1,13,0,0.01,1.1,1.0,0.0,1.0,16385,1,14.62,0,0,2,0,0.8,2.982,2.979,-2.014,0.995,-0.014,2.976,1.977,-0.029,0.997,-0.013,-1.005,-1.005,-1.004,-1.004,-0.01,1.988,1.996,-0.007,-3.003,-2.018,-0.023,-0.001,0.983,-3.006,2.969,-0.013,0.999,-4.0,-1.016,0.0,0.995,1.965,1.99,-2.004,-3.002,0.989,-1.014,0.976,-2.0,-3.0,-1.025,-0.009,0.969,1.985,1.98,2.986,-1.027,1.0,-3.0,0.0,0.0,-1.0,0.99,1.986,0.995,-1.0,0.0,1.99,0.996,0.991,0.0,0.0,0.0,0.0,0.0,-1.0,0.0,0.0,-1.0,0.0,0.0,0.999,-1.0,0.0,0.0,0.998,-0.014,-0.01,0.998,-0.013,-2.0,0.0,1.988,-0.004,4.965,-1.011,-0.004,-2.01,2.969,0.972,-1.017,2.978,-1.009,1.994,-1.016,-2.046,0.976,1.951,-3.009,-2.002,-0.007,1.975,1.99,1.957,1.973,3.973,-0.017,-3.003,-3.001,1.975,-4.003,1.956,-5.005,-3.053,1.973,1.988,-2.003,-0.008,2.982,0.997,0.0,0.0,0.0,0.0,0.0,0.0,0.0,0.0,0.0,0.0
BtcGF,BTCUSDc,40,25.1095,50.219,3,1.7944,103.38,370,22.1622,1,11,0,0.01,1.1,2.5,0.0,0.5,16385,1,-1.698,12,0,2,0,0.0,1.494,1.492,2.077,0.0,-1.0,1.716,0.981,-3.0,2.493,1.9,-3.0,-4.0,-4.0,-3.0,-3.0,-0.512,3.002,-0.51,2.164,-6.0,4.738,-4.0,15.198,0.971,-3.0,7.788,0.499,-2.501,3.822,-0.515,-3.0,3.174,-5.0,-0.509,-4.0,15.14,-2.0,-1.535,-2.0,-3.0,-4.0,-3.0,-1.0,-4.0,3.977,5.544,-4.0,1.499,-3.0,0.0,-1.0,0.0,5.101,4.963,-1.0,-1.0,0.0,-1.0,-1.0,-1.0,0.0,0.0,0.0,0.0,0.0,-1.0,0.0,0.0,-1.0,0.0,0.0,2.499,-1.0,0.0,0.0,-1.0,-2.0,-0.509,2.496,-2.0,-2.0,-2.0,3.479,3.816,-0.516,1.831,1.992,1.481,4.967,1.381,-0.527,-3.185,-1.514,0.496,-2.503,-4.0,1.495,11.666,-1.522,-3.502,48.917,8.156,-5.0,-5.0,3.321,5.365,0.898,-0.587,-4.0,3.937,-2.507,-4.0,-2.0,-5.0,-4.0,-3.0,-0.728,-4.0,8.975,-3.0,0.0,0.0,0.0,0.0,0.0,0.0,0.0,0.0,0.0,0.0
BtcGF,BTCUSDc,200,14.646,21.969,4,0.7301,13.37,382,40.0524,1,11,0,0.01,1.1,1.5,0.0,1.0,16385,1,19.031,0,0,2,0,0.6,4.472,2.97,-1.52,2.531,-1.0,0.993,2.976,-3.0,1.496,0.961,-0.508,-2.505,-0.506,-3.0,0.478,1.696,0.995,0.989,-2.504,-1.028,2.482,-1.501,0.433,-2.51,-1.501,2.353,-0.5,-3.5,-1.016,-1.5,-0.505,1.958,-1.511,-1.505,-4.0,4.685,-2.0,-1.024,-2.0,-3.0,-0.534,-2.0,-1.0,-4.0,3.471,4.978,-0.536,2.0,-3.0,0.0,0.0,-1.0,1.485,2.978,-1.0,-1.0,0.0,-1.0,1.494,-1.0,0.0,0.0,0.0,0.0,0.0,-1.0,0.0,0.0,-1.0,0.0,0.0,1.499,-1.0,0.0,0.0,1.498,-2.0,2.501,1.498,1.584,-2.0,0.5,3.33,0.494,4.959,1.385,1.494,-0.237,6.652,2.457,-1.516,1.56,-2.508,-0.503,-3.0,0.934,1.971,3.924,-2.513,-2.501,2.268,3.465,1.333,-2.507,5.016,2.528,1.916,-2.504,-2.502,4.814,-3.504,-1.166,-2.0,-1.205,3.786,-2.0,-1.346,0.488,4.972,1.995,0.0,0.0,0.0,0.0,0.0,0.0,0.0,0.0,0.0,0.0
BtcGF,BTCUSDc,53,-2.1593,-6.478,2,-0.138,0.0,366,18.5792,1,13,0,0.01,1.1,3.0,0.0,0.5,16385,1,-56.17,10,0,2,0,0.0,1.993,1.991,3.136,0.0,-3.0,-3.0,1.977,-3.0,2.992,3.379,-3.0,-4.0,-4.0,-3.0,-3.999,-4.0,0.074,-0.012,-2.01,-6.0,1.986,-4.0,-1.009,-1.019,-3.0,3.274,0.999,-2.001,-0.007,-0.016,-3.0,1.814,-5.0,-0.011,-4.0,52.003,-2.0,-0.041,-2.0,-3.0,2.708,-3.0,-1.0,-4.0,-3.0,6.964,-4.0,1.999,-3.0,0.0,-1.0,0.0,3.854,5.956,-1.0,-1.0,0.0,-1.0,-1.0,-1.0,0.0,0.0,0.0,0.0,0.0,-1.0,0.0,0.0,-1.0,0.0,0.0,2.998,-1.0,0.0,0.0,-1.0,-2.0,-2.0,2.995,-2.0,-2.0,-2.0,5.891,4.823,-0.019,3.594,-1.007,1.973,4.015,5.146,-0.033,-2.565,-1.016,0.995,-2.003,-4.0,1.994,-3.0,-2.027,-3.002,-0.006,7.928,-4.0,-5.0,3.372,1.669,2.144,-1.008,-1.004,5.484,-2.009,-4.0,-6.0,-4.0,-4.0,-3.0,-3.0,-4.0,6.975,1.251,0.0,0.0,0.0,0.0,0.0,0.0,0.0,0.0,0.0,0.0
BtcGF,BTCUSDc,56,88.4767,106.172,5,3.2153,64.08,346,20.2312,1,11,0,0.01,1.1,3.0,0.0,1.0,16385,1,38.134,15,0,2,0,0.0,1.993,1.991,0.151,0.0,-1.0,-3.0,1.977,-3.0,2.992,2.835,-3.0,-4.0,-3.0,-3.0,-3.0,-4.0,-0.009,-0.012,-5.0,-6.0,7.106,-4.0,0.991,19.729,-0.003,6.281,0.999,-2.001,-0.007,-0.016,-3.0,-4.0,-4.0,-0.011,-4.0,20.113,-2.0,-1.042,-2.0,-3.0,0.931,-2.0,-1.0,-4.0,5.99,6.964,0.938,1.999,-3.0,0.0,0.0,-1.0,12.791,5.956,-1.0,-1.0,0.0,-1.0,-1.0,-1.0,0.0,0.0,0.0,0.0,0.0,-1.0,0.0,0.0,-1.0,0.0,0.0,2.998,-1.0,0.0,0.0,-1.0,-2.0,0.989,2.995,-2.0,-2.0,-2.0,5.027,5.364,-0.019,3.594,-1.007,2.794,4.015,5.146,-0.033,2.402,-1.016,0.995,-3.0,-4.0,0.994,-3.0,-1.027,-1.002,65.038,11.13,-5.0,-5.0,11.929,3.21,1.879,0.776,-4.0,6.779,-2.009,-4.0,-2.0,-4.0,5.63,-2.0,-3.0,-4.0,6.975,-3.0,0.0,0.0,0.0,0.0,0.0,0.0,0.0,0.0,0.0,0.0
BtcGF,BTCUSDc,265,1.818,3.636,3,0.1446,141.14,360,30.2778,1,13,0,0.01,1.1,2.0,0.0,0.0,16385,1,-1.496,1,0,2,0,0.8,6.493,3.952,-1.027,-0.999,-1.0,2.138,-0.015,-3.0,1.994,1.954,-3.0,-1.21,-1.008,-3.0,2.259,5.306,1.993,-1.008,-2.006,-2.556,-1.022,-1.002,5.126,-2.013,0.105,3.662,-0.001,-3.001,1.479,-1.0,-3.0,1.206,0.284,-1.007,-4.0,7.302,-2.0,-1.028,-2.0,-3.0,1.314,-3.0,-2.0,-5.0,1.375,3.977,-3.0,2.998,-3.0,0.0,0.0,-1.0,2.4,3.971,-1.0,-1.0,0.0,-1.0,1.993,-1.0,0.0,0.0,0.0,0.0,0.0,-1.0,0.0,0.0,-1.0,0.0,0.0,1.999,-1.0,0.0,0.0,-1.0,-2.0,-2.0,1.997,-1.0,-1.999,1.218,5.299,0.992,-1.013,-1.521,2.991,1.981,3.787,0.605,-1.022,-7.0,-2.011,-0.003,-3.0,-4.0,2.966,9.562,-2.018,-0.783,1.986,4.953,2.421,-5.0,-0.155,2.369,3.046,-2.005,-3.999,2.984,-3.005,0.433,-6.0,-3.0,4.25,-2.0,-2.999,-1.015,8.973,2.994,0.0,0.0,0.0,0.0,0.0,0.0,0.0,0.0,0.0,0.0
BtcGF,BTCUSDc,100,7.192,14.384,3,0.514,111.8,370,22.1622,1,11,0,0.01,1.1,2.5,0.0,0.5,16385,1,-1.698,12,0,2,0,0.2,1.494,1.492,2.077,0.0,-1.0,1.716,0.981,-3.0,2.493,1.9,-3.0,-4.0,-4.0,-3.0,-3.0,-0.512,3.002,-0.51,2.164,-6.0,4.738,-4.0,15.198,0.971,-3.0,7.788,0.499,-2.501,3.822,-0.515,-3.0,3.174,-5.0,-0.509,-4.0,15.14,-2.0,-1.535,-2.0,-3.0,-4.0,-3.0,-1.0,-4.0,3.977,5.544,-4.0,1.499,-3.0,0.0,-1.0,0.0,5.101,4.963,-1.0,-1.0,0.0,-1.0,-1.0,-1.0,0.0,0.0,0.0,0.0,0.0,-1.0,0.0,0.0,-1.0,0.0,0.0,2.499,-1.0,0.0,0.0,-1.0,-2.0,-0.509,2.496,-2.0,-2.0,-2.0,3.479,3.816,-0.516,1.831,1.992,1.481,4.967,1.381,-0.527,-3.185,-1.514,0.496,-2.503,-4.0,1.495,11.666,-1.522,-3.502,13.082,8.156,-5.0,-5.0,3.321,5.365,0.898,-0.587,-4.0,3.937,-2.507,-4.0,-2.0,-5.0,-4.0,-3.0,-0.728,-4.0,8.975,-3.0,0.0,0.0,0.0,0.0,0.0,0.0,0.0,0.0,0.0,0.0
BtcGF,BTCUSDc,139,26.024,39.036,4,1.989,14.34,390,38.7179,1,17,0,0.01,1.1,1.5,0.0,0.5,16385,1,33.437,3,0,2,0,0.4,4.472,2.97,-0.028,2.613,-1.0,0.993,2.976,-3.0,1.496,-0.039,1.54,-2.505,-0.506,-3.0,-1.522,6.065,0.995,0.989,-1.009,-1.028,1.464,-1.501,1.557,-2.51,-0.453,2.661,-0.5,-3.5,0.066,-1.5,-0.505,2.409,0.836,-1.505,-4.0,6.208,-2.0,-0.024,-2.0,-3.0,0.208,-3.0,-1.0,-4.0,0.984,4.978,-1.501,2.0,-3.0,0.0,-1.0,0.0,3.512,2.978,-1.0,-1.0,0.0,-1.0,1.494,-1.0,0.0,0.0,0.0,0.0,0.0,-1.0,0.0,0.0,-1.0,0.0,0.0,1.499,-1.0,0.0,0.0,1.498,-2.0,4.752,1.498,2.706,-2.0,0.5,2.981,0.494,4.959,2.926,0.494,-0.558,6.652,5.001,-1.516,-1.924,-2.508,-0.503,-4.0,-4.0,1.971,7.603,-0.513,1.113,0.989,3.465,-0.039,-2.507,3.722,3.127,1.978,-2.504,-2.502,1.322,-3.504,-2.527,-2.0,0.596,5.913,-2.0,1.599,0.488,4.972,1.995,0.0,0.0,0.0,0.0,0.0,0.0,0.0,0.0,0.0,0.0
BtcGF,BTCUSDc,74,4.818,14.454,2,0.5135,48.15,405,37.037,1,15,0,0.01,1.1,1.5,0.0,0.0,16385,1,7.495,4,0,2,0,0.2,4.719,2.97,-0.028,4.525,-3.0,0.993,2.976,-3.0,1.496,0.961,-0.508,-1.972,-0.506,-3.0,-1.522,3.482,0.995,0.989,-1.009,-0.752,1.464,-1.501,2.835,-2.51,-0.453,-1.507,-0.5,-3.5,0.066,-1.5,-0.505,2.014,0.836,-1.505,-4.0,7.945,-2.0,-1.024,-2.0,-3.0,-3.0,-3.0,-2.0,-5.0,3.721,4.978,-1.501,2.0,-3.0,0.0,-1.0,0.0,3.512,2.978,-1.0,-1.0,0.0,-1.0,1.494,-1.0,0.0,0.0,0.0,0.0,0.0,-1.0,0.0,0.0,-1.0,0.0,0.0,1.499,-1.0,0.0,0.0,1.498,-2.999,0.992,1.498,5.519,-2.0,0.5,3.124,0.494,4.959,2.015,1.494,-0.668,8.07,6.317,-1.516,-1.452,-2.508,-0.503,-3.502,-4.0,1.971,6.568,-2.513,-4.501,0.989,3.465,1.772,-2.507,5.216,1.637,1.978,-2.504,-2.502,4.366,-3.504,-2.527,-6.0,-4.0,4.621,-1.503,-4.0,0.488,4.972,1.995,0.0,0.0,0.0,0.0,0.0,0.0,0.0,0.0,0.0,0.0
BtcGF,BTCUSDc,76,12.23,24.46,3,0.9179,39.37,402,37.0647,1,11,0,0.01,1.1,1.5,0.0,0.5,16385,1,14.831,6,0,2,0,0.2,4.472,2.97,-0.028,2.437,-1.0,1.39,2.976,-3.0,1.496,0.961,-0.508,-2.505,-1.506,-3.0,-1.522,4.196,0.995,0.989,-1.009,-1.028,2.989,-1.501,2.835,-1.018,-0.453,2.353,-0.5,-3.5,0.066,-1.5,-0.505,2.409,-5.0,-1.505,-4.0,8.91,-2.0,-1.024,-2.0,-3.0,-4.0,-3.0,-1.0,-4.0,5.348,5.018,-1.501,2.0,-3.0,0.0,-1.0,0.0,1.485,2.978,-1.0,-1.0,0.0,-1.0,1.494,-1.0,0.0,0.0,0.0,0.0,0.0,-1.0,0.0,0.0,-1.0,0.0,0.0,1.499,-1.0,0.0,0.0,1.498,-2.0,-0.008,1.498,1.943,-2.0,0.5,3.33,0.494,4.959,2.015,1.494,-0.631,9.598,2.457,-1.516,-1.924,-2.508,-0.503,-3.502,-4.0,1.971,8.469,-2.513,-4.501,5.987,3.465,-2.5,-2.507,2.723,4.186,1.916,-2.504,-2.502,0.988,-3.504,2.942,-2.0,-5.0,11.045,-1.503,-4.0,0.488,4.972,1.995,0.0,0.0,0.0,0.0,0.0,0.0,0.0,0.0,0.0,0.0
BtcGF,BTCUSDc,78,5.798,17.394,2,0.6231,62.5,402,36.8159,1,15,0,0.01,1.1,1.5,0.0,0.5,16385,1,6.522,5,0,2,0,0.2,4.472,2.97,-0.028,4.525,-3.0,0.993,2.976,-3.0,1.496,0.961,-0.508,-2.505,-0.506,-3.0,-1.522,3.482,0.995,0.989,-1.009,-1.028,1.464,-1.501,2.835,-2.51,-0.453,-1.507,-0.5,-3.5,0.066,-1.5,-0.505,2.409,-5.0,-1.505,-4.0,11.858,-2.0,-0.024,-2.0,-3.0,0.208,-3.0,-1.0,-3.999,3.721,4.978,-1.501,2.0,-3.0,0.0,-1.0,0.0,3.512,2.978,-1.0,-1.0,0.0,-1.0,1.494,-1.0,0.0,0.0,0.0,0.0,0.0,-1.0,0.0,0.0,-1.0,0.0,0.0,1.499,-1.0,0.0,0.0,1.498,-2.0,5.97,1.498,5.519,-2.0,0.5,4.892,0.494,4.959,2.015,1.494,-0.668,9.598,6.317,-1.516,-1.924,-2.508,-0.503,-3.502,-4.0,0.971,2.46,-3.513,-4.501,0.989,3.465,1.772,-2.507,5.216,1.637,1.978,-2.504,-2.502,0.988,-3.504,-2.527,-6.0,-4.0,4.621,-1.503,-4.0,0.488,4.972,1.995,0.0,0.0,0.0,0.0,0.0,0.0,0.0,0.0,0.0,0.0
BtcGF,BTCUSDc,153,8.6447,12.967,4,0.489,59.81,363,31.405,1,13,0,0.01,1.1,2.0,0.0,1.0,16385,1,5.211,5,0,2,0,0.4,5.964,3.952,-1.027,-1.0,-1.0,1.991,-0.015,-3.0,1.994,1.954,-3.0,-2.007,-0.008,-3.0,-4.0,4.983,1.993,-1.008,-2.006,-3.016,-1.022,-1.002,7.75,-2.013,-1.002,3.857,-0.001,-3.001,0.978,-1.0,-3.0,0.141,-1.015,-1.007,-4.0,6.987,-2.0,-2.028,-2.0,-3.0,-0.05,-2.0,-1.0,-4.0,-0.018,3.977,-0.045,2.998,-3.0,0.0,0.0,-1.0,3.827,3.971,-1.0,-1.0,0.0,-1.0,1.993,-1.0,0.0,0.0,0.0,0.0,0.0,-1.0,0.0,0.0,-1.0,0.0,0.0,1.999,-1.0,0.0,0.0,-1.0,-2.0,-0.008,1.997,-2.0,-2.0,1.218,8.159,0.992,-1.013,0.068,2.991,2.551,-0.008,0.605,-1.022,0.177,-2.011,-0.003,-3.0,0.035,2.966,6.912,-2.018,-2.001,1.986,4.953,5.103,-5.0,0.983,0.974,3.179,-2.005,-4.0,2.984,-3.006,3.079,-6.0,-3.0,4.18,-2.0,-3.0,-1.015,8.973,2.994,0.0,0.0,0.0,0.0,0.0,0.0,0.0,0.0,0.0,0.0
BtcGF,BTCUSDc,48,60.6987,91.048,4,3.1233,74.73,359,19.7772,1,11,0,0.01,1.1,3.0,0.0,0.0,16385,1,23.01,14,0,2,0,0.0,3.085,1.991,3.136,0.0,-1.0,-1.0,1.977,-3.0,2.992,2.835,-3.0,-4.0,-4.0,-3.0,-3.0,-4.0,0.074,-0.012,-0.213,-6.0,7.106,-4.0,0.991,19.729,-3.0,5.982,0.999,-2.001,5.805,-0.016,-3.0,6.649,-5.0,-0.011,-4.0,23.814,-2.0,-1.042,-2.0,-3.0,-4.0,-3.0,-2.0,-5.0,5.99,7.055,-4.0,1.999,-3.0,0.0,-1.0,0.0,6.556,5.956,-1.0,-1.0,0.0,-1.0,-1.0,-1.0,0.0,0.0,0.0,0.0,0.0,-1.0,0.0,0.0,-1.0,0.0,0.0,2.998,-1.0,0.0,0.0,-1.0,-2.999,0.989,2.995,-2.0,-2.0,-2.0,5.027,3.442,-0.019,3.594,-1.007,2.794,4.015,5.146,-0.033,-7.0,-1.016,0.995,-0.982,-4.0,1.994,-4.0,-1.027,-3.002,65.038,11.13,-5.0,-5.0,4.898,7.202,6.929,0.776,-4.0,6.779,-2.009,-4.0,-2.0,-5.0,-4.0,-3.0,-3.0,-4.0,6.975,-3.0,0.0,0.0,0.0,0.0,0.0,0.0,0.0,0.0,0.0,0.0
BtcGF,BTCUSDc,259,9.215,18.43,3,0.7978,16.9,378,39.1534,1,17,0,0.01,1.1,1.5,0.0,0.5,16385,1,15.316,0,0,2,0,0.8,4.472,2.97,-1.52,2.457,-1.0,0.993,2.976,-3.0,1.496,0.961,0.375,-2.505,-0.506,-3.0,0.478,1.619,0.995,0.989,-2.504,-1.028,1.464,-1.501,-0.129,-2.51,-0.453,2.5,-0.5,-3.5,-0.537,-1.5,-0.505,2.409,-0.633,-1.505,-4.0,6.076,-2.0,-0.024,-2.0,-3.0,0.208,-2.0,-1.0,-2.0,5.032,4.978,-3.0,2.0,-3.0,0.0,0.0,-1.0,2.002,2.978,-1.0,-1.0,0.0,-1.0,1.494,-1.0,0.0,0.0,0.0,0.0,0.0,-1.0,0.0,0.0,-1.0,0.0,0.0,1.499,-1.0,0.0,0.0,1.498,-2.0,2.957,1.498,1.3,-2.0,0.5,2.981,0.494,4.959,1.091,0.494,-0.558,6.246,3.744,-1.516,-1.924,-2.508,-0.503,-3.0,-0.252,1.971,5.09,1.383,-1.729,0.989,3.465,-0.039,-2.507,2.894,0.8,1.978,-2.504,-2.502,1.322,-3.503,-2.527,-2.0,-1.015,3.819,-2.0,-0.972,0.488,4.972,1.995,0.0,0.0,0.0,0.0,0.0,0.0,0.0,0.0,0.0,0.0
BtcGF,BTCUSDc,81,19.1493,28.724,4,0.9158,25.45,387,39.0181,1,13,0,0.01,1.1,1.5,0.0,1.0,16385,1,21.415,4,0,2,0,0.2,4.472,2.97,-1.52,2.746,-1.0,0.993,2.976,-3.0,1.496,0.961,-0.508,-2.505,-0.506,-3.0,-1.522,4.752,0.995,0.989,-2.504,-1.028,1.464,-1.501,-3.505,-2.51,-1.501,2.154,-0.5,-3.5,-1.016,-1.5,-0.505,1.958,-1.511,-1.505,-4.0,7.508,-2.0,-1.024,-2.0,-3.0,-0.534,-2.0,-1.0,-4.0,3.471,4.978,-0.536,2.0,-3.0,0.0,0.0,-1.0,1.485,2.978,-1.0,-1.0,0.0,-1.0,1.494,-1.0,0.0,0.0,0.0,0.0,0.0,-1.0,0.0,0.0,-1.0,0.0,0.0,1.499,-1.0,0.0,0.0,1.498,-2.0,-0.506,1.498,6.309,-2.0,0.5,4.892,0.494,4.959,1.791,1.494,-0.237,6.652,2.457,-1.516,1.56,-2.508,-0.503,-3.0,0.934,1.971,3.924,-2.513,-2.501,0.989,3.465,5.598,-2.507,4.884,-0.021,1.978,-2.504,-2.502,6.262,-3.504,2.942,-6.0,-0.045,4.493,-2.0,-1.006,0.488,4.972,1.995,0.0,0.0,0.0,0.0,0.0,0.0,0.0,0.0,0.0,0.0
BtcGF,BTCUSDc,224,16.9083,20.29,5,0.9187,47.15,346,24.2775,1,11,0,0.01,1.1,2.5,0.0,1.0,16385,1,10.724,14,0,2,0,0.6,1.494,1.492,-0.41,0.0,-1.0,-0.502,0.981,-3.0,2.493,2.9,3.153,-4.0,-3.0,-3.0,-1.0,6.31,2.992,-0.51,-1.507,-6.0,3.444,-4.0,10.058,-1.516,-0.502,7.788,0.499,-2.501,1.972,-0.515,-3.0,2.559,-0.518,-0.509,-4.0,8.453,-2.0,-1.535,-2.0,-3.0,0.441,-2.0,-1.0,-4.0,3.801,5.47,0.447,1.499,-3.0,0.0,0.0,-1.0,6.766,4.963,-1.0,-1.0,0.0,-1.0,-1.0,-1.0,0.0,0.0,0.0,0.0,0.0,-1.0,0.0,0.0,-1.0,0.0,0.0,2.499,-1.0,0.0,0.0,-1.0,-2.0,-2.0,2.496,-2.0,-2.0,-2.0,3.479,3.816,-0.515,0.857,1.992,1.481,4.825,1.381,-0.527,1.294,-1.514,0.496,-3.0,-4.0,1.495,2.826,-1.522,-1.502,3.972,14.622,-6.0,-4.0,5.042,2.151,0.898,-0.587,-4.0,4.937,-2.507,-4.0,-2.0,-4.0,1.98,-2.0,-3.0,-4.0,8.975,-3.0,0.0,0.0,0.0,0.0,0.0,0.0,0.0,0.0,0.0,0.0
BtcGF,BTCUSDc,248,7.81,15.62,3,1.0186,6.4,413,52.0581,1,11,0,0.01,1.1,1.0,0.0,1.0,16385,1,14.62,0,0,2,0,0.8,2.982,2.979,-2.014,0.995,-0.014,2.976,1.977,-0.029,0.997,-0.013,-1.005,-1.005,-1.004,-1.004,-0.01,1.988,1.996,-0.007,-3.003,-2.018,-0.023,-0.001,0.983,-3.006,2.969,-0.013,0.999,-4.0,-1.016,0.0,0.995,1.965,1.99,-2.004,-3.002,0.989,-1.014,0.976,-2.0,-3.0,-1.025,-0.009,0.969,1.985,1.98,2.986,-1.027,1.0,-3.0,0.0,0.0,-1.0,0.99,1.986,0.995,-1.0,0.0,1.99,0.996,0.991,0.0,0.0,0.0,0.0,0.0,-1.0,0.0,0.0,-1.0,0.0,0.0,0.999,-1.0,0.0,0.0,0.998,-0.014,-0.01,0.998,-0.013,-2.0,0.0,1.988,-0.004,4.965,-1.011,-0.004,-2.01,2.969,0.972,-1.017,2.978,-1.009,1.994,-1.016,-2.046,0.976,1.951,-3.009,-2.002,-0.007,1.975,1.99,1.957,1.973,3.973,-0.017,-3.003,-3.001,1.975,-4.003,1.956,-5.005,-3.053,1.973,1.988,-2.003,-0.008,2.982,0.997,0.0,0.0,0.0,0.0,0.0,0.0,0.0,0.0,0.0,0.0
BtcGF,BTCUSDc,159,19.6733,29.51,4,1.0495,36.8,350,24.0,1,17,0,0.01,1.1,2.5,0.0,0.0,16385,1,18.649,12,0,2,0,0.4,2.304,2.043,2.077,0.0,-1.0,-0.249,1.981,-3.0,2.493,0.495,-3.0,-4.0,-3.0,-3.0,-4.0,8.861,3.002,0.49,0.985,-6.0,-0.496,-4.0,9.112,-1.516,-3.0,6.4,0.499,-2.501,3.822,-4.0,-3.0,2.09,0.591,-0.509,-4.0,12.242,-2.0,-1.535,-2.0,-3.0,-3.0,-3.0,-1.0,-5.0,-4.0,5.47,-4.0,0.499,-3.0,0.0,-1.0,0.0,5.956,4.963,-1.0,-1.0,0.0,-1.0,-1.0,-1.0,0.0,0.0,0.0,0.0,0.0,-1.0,0.0,0.0,-1.0,0.0,0.0,2.499,-1.0,0.0,0.0,-1.0,-2.0,-2.0,2.496,-2.0,-2.0,1.471,1.485,3.431,-0.516,4.068,0.992,0.978,6.614,3.857,-0.527,0.39,-1.514,0.496,-4.0,-4.0,1.495,13.612,3.261,6.411,0.495,14.626,-5.0,-5.0,-0.492,6.114,7.34,-1.507,-4.0,3.986,-2.507,-4.0,-2.0,-4.0,5.231,-2.0,-3.0,-4.0,8.975,0.681,0.0,0.0,0.0,0.0,0.0,0.0,0.0,0.0,0.0,0.0
BtcGF,BTCUSDc,189,7.81,15.62,3,1.0186,6.4,413,52.0581,1,13,0,0.01,1.1,1.0,0.0,1.0,16385,1,14.62,0,0,2,0,0.6,2.982,2.979,-2.014,0.995,-0.014,2.976,1.977,-0.029,0.997,-0.013,-1.005,-1.005,-1.004,-1.004,-0.01,1.988,1.996,-0.007,-3.003,-2.018,-0.023,-0.001,0.983,-3.006,2.969,-0.013,0.999,-4.0,-1.016,0.0,0.995,1.965,1.99,-2.004,-3.002,0.989,-1.014,0.976,-2.0,-3.0,-1.025,-0.009,0.969,1.985,1.98,2.986,-1.027,1.0,-3.0,0.0,0.0,-1.0,0.99,1.986,0.995,-1.0,0.0,1.99,0.996,0.991,0.0,0.0,0.0,0.0,0.0,-1.0,0.0,0.0,-1.0,0.0,0.0,0.999,-1.0,0.0,0.0,0.998,-0.014,-0.01,0.998,-0.013,-2.0,0.0,1.988,-0.004,4.965,-1.011,-0.004,-2.01,2.969,0.972,-1.017,2.978,-1.009,1.994,-1.016,-2.046,0.976,1.951,-3.009,-2.002,-0.007,1.975,1.99,1.957,1.973,3.973,-0.017,-3.003,-3.001,1.975,-4.003,1.956,-5.005,-3.053,1.973,1.988,-2.003,-0.008,2.982,0.997,0.0,0.0,0.0,0.0,0.0,0.0,0.0,0.0,0.0,0.0
BtcGF,BTCUSDc,143,15.742,23.613,4,0.9281,17.85,384,39.8438,1,17,0,0.01,1.1,1.5,0.0,1.0,16385,1,19.398,0,0,2,0,0.4,4.472,2.97,-1.52,2.746,-1.0,0.993,2.976,-3.0,1.496,0.961,-0.508,-2.505,-0.506,-3.0,-1.522,6.065,0.995,0.989,-2.504,-1.028,1.464,-1.501,1.557,-2.51,-1.501,2.661,-0.5,-3.5,-1.016,-1.5,-0.505,1.958,-1.511,-1.505,-4.0,5.558,-2.0,-0.024,-2.0,-3.0,-0.534,-2.0,-1.0,-4.0,3.471,4.978,-0.536,2.0,-3.0,0.0,0.0,-1.0,1.485,2.978,-1.0,-1.0,0.0,-1.0,1.494,-1.0,0.0,0.0,0.0,0.0,0.0,-1.0,0.0,0.0,-1.0,0.0,0.0,1.499,-1.0,0.0,0.0,1.498,-2.0,-0.506,1.498,2.706,-2.0,0.5,2.981,0.494,4.959,2.702,1.494,0.49,6.652,4.043,-1.516,1.56,-2.508,-0.503,-3.0,0.934,1.971,3.924,-2.513,-2.501,0.989,3.465,-0.039,-2.507,5.216,1.469,1.978,-2.504,-2.502,3.793,-3.504,-2.527,-2.0,-1.045,4.493,-2.0,-1.006,0.488,4.972,1.995,0.0,0.0,0.0,0.0,0.0,0.0,0.0,0.0,0.0,0.0
BtcGF,BTCUSDc,255,12.5387,18.808,4,0.7047,17.46,382,39.0052,1,17,0,0.01,1.1,1.5,0.0,0.0,16385,1,15.525,0,0,2,0,0.8,4.983,2.97,-1.52,2.457,-1.0,0.993,2.976,-3.0,1.496,0.961,0.375,-1.972,-0.506,-3.0,0.478,1.619,0.995,0.989,-2.504,-0.752,1.464,-1.501,-0.129,-2.51,-0.453,2.5,-0.5,-3.5,-0.537,-1.5,-0.505,2.014,-1.029,-1.505,-4.0,6.245,-2.0,-1.024,-2.0,-3.0,0.432,-2.0,-1.0,-5.0,4.366,4.978,-3.0,2.0,-3.0,0.0,0.0,-1.0,2.002,2.978,-1.0,-1.0,0.0,-1.0,1.494,-1.0,0.0,0.0,0.0,0.0,0.0,-1.0,0.0,0.0,-1.0,0.0,0.0,1.499,-1.0,0.0,0.0,1.498,-2.0,3.255,1.498,1.3,-2.0,0.5,3.124,0.494,4.959,1.091,0.494,-0.558,7.31,3.744,-1.516,-1.452,-2.508,-0.503,-3.0,-0.252,1.971,5.09,1.383,-1.729,0.989,3.465,-0.039,-2.507,2.894,0.186,1.978,-2.504,-2.502,4.081,-3.503,-2.527,-2.0,-1.015,3.819,-2.0,-0.972,0.488,4.972,1.995,0.0,0.0,0.0,0.0,0.0,0.0,0.0,0.0,0.0,0.0
BtcGF,BTCUSDc,99,16.914,25.371,4,0.9311,65.23,359,23.3983,1,17,0,0.01,1.1,2.5,0.0,0.0,16385,1,8.821,10,0,2,0,0.2,2.304,2.043,2.077,0.0,-1.0,-0.249,1.981,-3.0,2.493,0.495,-3.0,-4.0,-3.0,-3.0,-4.0,14.55,3.002,0.49,0.985,-6.0,-0.496,-4.0,11.705,-1.516,-3.0,6.4,0.499,-2.501,3.822,-4.0,-3.0,2.09,0.591,-0.509,-4.0,12.242,-2.0,-1.535,-2.0,-3.0,-3.0,-3.0,-1.0,-5.0,-4.0,5.47,-4.0,0.499,-3.0,0.0,-1.0,0.0,5.956,4.963,-1.0,-1.0,0.0,-1.0,-1.0,-1.0,0.0,0.0,0.0,0.0,0.0,-1.0,0.0,0.0,-1.0,0.0,0.0,2.499,-1.0,0.0,0.0,-1.0,-3.0,0.491,2.496,-2.0,-2.0,1.471,1.485,3.431,-0.516,7.929,0.992,0.978,6.614,3.857,-0.527,0.39,-1.514,0.496,-2.341,-4.0,0.495,3.372,1.261,9.178,0.495,14.626,-5.0,-5.0,-0.492,6.114,7.34,-1.507,-4.0,3.986,-2.507,-4.0,-2.0,-5.0,-4.0,-3.0,-0.728,-4.0,8.975,0.681,0.0,0.0,0.0,0.0,0.0,0.0,0.0,0.0,0.0,0.0
BtcGF,BTCUSDc,198,12.3265,24.653,3,0.8534,17.37,389,38.5604,1,15,0,0.01,1.1,1.5,0.0,0.5,16385,1,20.371,0,0,2,0,0.6,4.472,2.97,-0.028,3.145,-2.0,0.993,2.976,-3.0,1.496,0.961,-0.508,-2.505,-0.506,-3.0,0.478,0.983,0.995,0.989,-1.009,-1.028,1.464,-1.501,0.433,-2.51,-0.453,-1.507,-0.5,-3.5,0.066,-1.5,-0.505,2.409,-0.119,-1.505,-4.0,5.268,-2.0,-0.024,-2.0,-3.0,0.208,-3.0,-1.0,-4.0,3.721,4.978,-3.0,2.0,-3.0,0.0,-1.0,0.0,2.649,2.978,-1.0,-1.0,0.0,-1.0,1.494,-1.0,0.0,0.0,0.0,0.0,0.0,-1.0,0.0,0.0,-1.0,0.0,0.0,1.499,-1.0,0.0,0.0,1.498,-2.0,4.389,1.498,1.766,-2.0,0.5,4.48,0.494,4.959,1.609,1.494,-0.668,8.135,3.912,-1.516,-1.924,-2.508,-0.503,-3.0,0.81,1.971,5.693,-0.513,0.177,0.989,3.465,1.087,-2.507,5.016,1.432,1.978,-2.504,-2.502,0.988,-3.504,-2.527,-6.0,1.0,4.914,-2.0,-0.297,0.488,4.972,1.995,0.0,0.0,0.0,0.0,0.0,0.0,0.0,0.0,0.0,0.0
BtcGF,BTCUSDc,278,-3.337,-10.011,2,-0.2866,0.0,341,23.7537,1,15,0,0.01,1.1,2.5,0.0,0.0,16385,1,-16.11,5,0,2,0,0.8,2.304,1.492,-0.41,0.0,-1.0,-0.249,0.981,-3.0,2.493,1.495,3.231,-4.0,-3.0,-3.0,-1.0,3.462,3.002,-0.51,-1.507,-6.0,0.708,-4.0,5.7,-1.516,-3.0,-0.511,0.499,-2.501,2.791,-0.515,-3.0,2.357,1.203,-0.509,-4.0,9.434,-2.0,-1.535,-2.0,-3.0,2.21,-2.0,-2.0,-5.0,-3.0,5.47,-3.0,1.499,-3.0,0.0,0.0,-1.0,3.885,4.963,-1.0,-1.0,0.0,-1.0,-1.0,-1.0,0.0,0.0,0.0,0.0,0.0,-1.0,0.0,0.0,-1.0,0.0,0.0,2.499,-1.0,0.0,0.0,-1.0,-2.0,-1.999,2.496,-1.0,-2.0,-2.0,1.485,3.431,-0.516,-0.411,1.992,0.978,3.871,1.381,-0.527,0.268,-1.514,0.496,-3.0,-4.0,1.495,8.289,1.261,0.103,0.495,11.184,-4.0,-5.0,0.216,0.067,5.604,-1.507,-4.0,2.213,-2.505,-4.0,-6.0,-3.0,2.763,-2.0,-3.0,2.309,8.975,0.681,0.0,0.0,0.0,0.0,0.0,0.0,0.0,0.0,0.0,0.0
BtcGF,BTCUSDc,132,28.2193,42.329,4,1.4977,17.06,398,37.9397,1,11,0,0.01,1.1,1.5,0.0,0.0,16385,1,35.109,4,0,2,0,0.4,4.719,2.97,-0.028,2.437,-1.0,1.39,2.976,-3.0,1.496,0.961,-0.508,-1.972,-1.506,-3.0,-1.522,4.196,0.995,0.989,-1.009,-0.752,2.989,-1.501,1.557,-2.51,-0.453,2.243,-0.5,-3.5,-0.646,-1.5,-0.505,2.388,-5.0,-1.505,-4.0,10.294,-2.0,-1.024,-2.0,-3.0,-3.0,-3.0,-2.0,-5.0,5.348,5.018,-1.501,2.0,-3.0,0.0,-1.0,0.0,1.485,2.978,-1.0,-1.0,0.0,-1.0,1.494,-1.0,0.0,0.0,0.0,0.0,0.0,-1.0,0.0,0.0,-1.0,0.0,0.0,1.499,-1.0,0.0,0.0,1.498,-2.0,5.311,1.498,1.943,-2.0,0.5,3.33,0.494,4.959,2.015,1.494,-0.631,10.773,2.457,-1.516,-2.005,-2.508,-0.503,-3.0,2.625,1.971,7.086,-2.513,0.258,3.194,3.465,2.364,-2.507,2.723,4.186,1.916,-2.504,-2.502,4.125,-3.504,-0.139,-2.0,-5.0,8.805,-2.0,1.228,-2.512,6.48,1.995,0.0,0.0,0.0,0.0,0.0,0.0,0.0,0.0,0.0,0.0
BtcGF,BTCUSDc,37,-8.255,-24.765,2,-0.592,0.0,371,22.1024,1,13,0,0.01,1.1,2.5,0.0,0.0,16385,1,-44.132,7,0,2,0,0.0,2.304,1.492,2.077,0.0,-3.0,-0.249,0.981,-3.0,2.493,2.314,-3.0,-4.0,-4.0,-3.0,-3.999,-0.512,3.002,-0.51,0.985,-5.999,0.708,-4.0,-1.508,-1.516,-3.0,5.334,0.499,-2.501,2.604,-0.515,-3.0,1.442,3.478,-0.509,-4.0,21.067,-2.0,-0.534,-2.0,-3.0,-3.0,-3.0,-2.0,-5.0,-3.0,5.47,-4.0,1.499,-3.0,0.0,-1.0,0.0,3.127,4.963,-1.0,-1.0,0.0,-1.0,-1.0,-1.0,0.0,0.0,0.0,0.0,0.0,-1.0,0.0,0.0,-1.0,0.0,0.0,2.499,-1.0,0.0,0.0,-1.0,-3.0,0.491,2.496,-2.0,-2.0,-2.0,4.045,3.431,-0.516,1.831,1.992,0.978,4.967,1.381,-0.527,-7.0,-1.514,0.496,-1.66,-4.0,1.495,12.148,0.261,-3.502,-0.505,6.44,-4.0,-5.0,2.217,0.603,5.604,-1.507,-1.503,4.446,-2.507,-4.0,-1.988,-4.0,-4.0,-2.0,-3.0,-4.0,8.975,0.681,0.0,0.0,0.0,0.0,0.0,0.0,0.0,0.0,0.0,0.0
BtcGF,BTCUSDc,96,6.7727,10.159,4,0.3863,161.29,369,21.9512,1,11,0,0.01,1.1,2.5,0.0,0.0,16385,1,-6.226,12,0,2,0,0.2,2.304,1.492,2.077,0.0,-1.0,1.716,0.981,-3.0,2.493,1.9,-3.0,-4.0,-4.0,-3.0,-3.0,-0.512,3.002,-0.51,2.164,-6.0,4.738,-4.0,15.198,-1.516,-3.0,7.546,0.499,-2.501,2.604,-0.515,-3.0,2.958,-5.0,-0.509,-4.0,18.085,-2.0,-1.535,-2.0,-3.0,-4.0,-3.0,-2.0,-5.0,3.977,5.544,-4.0,1.499,-3.0,0.0,-1.0,0.0,5.101,4.963,-1.0,-1.0,0.0,-1.0,-1.0,-1.0,0.0,0.0,0.0,0.0,0.0,-1.0,0.0,0.0,-1.0,0.0,0.0,2.499,-1.0,0.0,0.0,-1.0,-3.0,0.491,2.496,-2.0,-2.0,-2.0,3.479,2.296,-0.516,1.831,1.992,1.481,4.967,1.381,-0.527,-7.0,-1.514,0.496,-1.66,-4.0,1.495,8.832,-1.522,-3.502,13.082,8.156,-5.0,-5.0,3.321,5.365,5.407,-0.587,-4.0,4.937,-2.507,-4.0,-2.0,-5.0,-4.0,-3.0,-0.728,-4.0,8.975,-3.0,0.0,0.0,0.0,0.0,0.0,0.0,0.0,0.0,0.0,0.0
BtcGF,BTCUSDc,287,4.1615,8.323,3,0.314,74.8,333,25.8258,1,17,0,0.01,1.1,2.5,0.0,1.0,16385,1,2.097,3,0,2,0,0.8,1.494,1.492,-0.41,0.0,-1.0,-0.502,1.981,-3.0,2.493,1.495,2.61,-4.0,-3.0,-3.0,-1.0,4.226,2.992,0.49,-1.507,-6.0,-0.496,-4.0,5.7,-1.516,-3.0,6.123,0.499,-2.501,1.972,-0.515,-3.0,1.968,-0.518,-0.509,-4.0,6.18,-2.0,-0.535,-2.0,-3.0,0.441,-2.0,-1.0,-2.0,-3.999,5.47,0.447,0.499,-3.0,0.0,0.0,-1.0,4.735,4.963,-1.0,-1.0,0.0,-1.0,-1.0,-1.0,0.0,0.0,0.0,0.0,0.0,-1.0,0.0,0.0,-1.0,0.0,0.0,2.499,-1.0,0.0,0.0,-1.0,-2.0,-1.999,2.496,-1.0,-2.0,1.471,1.485,3.431,-0.516,0.307,1.992,0.978,6.118,3.857,-0.527,3.63,-1.514,0.496,-3.0,-3.0,1.495,5.826,1.261,-1.502,0.495,11.184,-6.0,-4.0,0.216,-1.525,7.689,-1.507,-4.0,3.843,-2.507,-4.0,-2.0,-4.0,1.924,-2.0,-3.0,2.309,8.975,0.681,0.0,0.0,0.0,0.0,0.0,0.0,0.0,0.0,0.0,0.0
BtcGF,BTCUSDc,158,5.344,16.032,2,0.3967,139.88,356,23.3146,1,15,0,0.01,1.1,2.5,0.0,0.0,16385,1,-6.393,10,0,2,0,0.4,2.304,1.492,2.077,0.0,-2.0,-0.249,0.981,-3.0,2.493,0.495,-3.0,-4.0,-3.0,-3.0,-4.0,-0.512,3.002,-0.51,0.985,-6.0,0.708,-4.0,9.112,-1.516,-3.0,-0.511,0.499,-2.501,3.822,-0.515,-3.0,1.357,3.478,-0.509,-4.0,11.835,-2.0,-1.535,-2.0,-3.0,-3.0,-3.0,-2.0,-5.0,-3.0,5.47,-4.0,1.499,-3.0,0.0,-1.0,0.0,5.999,4.963,-1.0,-1.0,0.0,-1.0,-1.0,-1.0,0.0,0.0,0.0,0.0,0.0,-1.0,0.0,0.0,-1.0,0.0,0.0,2.499,-1.0,0.0,0.0,-1.0,-2.0,-2.0,2.496,-2.0,-2.0,-2.0,1.485,3.431,-0.516,1.831,1.992,0.978,3.871,3.857,-0.527,0.268,-1.514,0.496,-4.0,-4.0,1.495,12.208,3.261,20.923,0.495,14.626,-4.0,-5.0,1.998,1.689,5.604,-1.507,-4.0,2.213,-2.507,-4.0,-6.0,-3.0,6.018,-2.0,-3.0,-4.0,8.975,0.681,0.0,0.0,0.0,0.0,0.0,0.0,0.0,0.0,0.0,0.0
BtcGF,BTCUSDc,94,6.3153,9.473,4,0.3632,102.9,363,31.405,1,15,0,0.01,1.1,2.0,0.0,1.0,16385,1,-0.275,4,0,2,0,0.2,5.964,3.952,-1.027,-1.0,-1.0,1.991,-0.015,-3.0,1.994,1.954,-3.0,-2.007,-0.008,-3.0,-4.0,4.983,1.993,-1.008,-2.006,-3.016,-1.022,-1.002,8.271,-2.013,-1.002,-1.009,-0.001,-3.001,0.978,-1.0,-3.0,0.141,-1.015,-1.007,-4.0,10.743,-2.0,-1.028,-2.0,-3.0,-0.05,-2.0,-1.0,-3.999,1.98,3.977,-0.045,2.998,-3.0,0.0,0.0,-1.0,3.827,3.971,-1.0,-1.0,0.0,-1.0,1.993,-1.0,0.0,0.0,0.0,0.0,0.0,-1.0,0.0,0.0,-1.0,0.0,0.0,1.999,-1.0,0.0,0.0,-1.0,-2.0,-0.008,1.997,-2.0,-2.0,1.218,6.948,0.992,-1.013,0.068,2.991,2.429,-0.008,0.605,-1.022,0.177,-2.011,-0.003,-3.0,0.035,2.966,6.912,-2.018,-2.001,1.986,4.953,4.644,-5.0,0.983,0.974,3.179,-2.005,-4.0,2.984,-3.006,-1.033,-6.0,-3.0,4.18,-2.0,-3.0,-1.015,8.973,2.994,0.0,0.0,0.0,0.0,0.0,0.0,0.0,0.0,0.0,0.0
BtcGF,BTCUSDc,202,4.503,9.006,3,0.2597,33.19,384,39.3229,1,15,0,0.01,1.1,1.5,0.0,1.0,16385,1,6.017,0,0,2,0,0.6,4.472,2.97,-1.52,2.531,-1.0,0.993,2.976,-3.0,1.496,0.961,-0.508,-2.505,-0.506,-3.0,0.478,0.983,0.995,0.989,-2.504,-1.028,1.464,-1.501,0.433,-2.51,-1.501,-1.507,-0.5,-3.5,-1.016,-1.5,-0.505,1.958,-1.511,-1.505,-4.0,4.685,-2.0,-0.024,-2.0,-3.0,-0.534,-2.0,-1.0,-4.0,3.471,4.978,-0.536,2.0,-3.0,0.0,0.0,-1.0,1.485,2.978,-1.0,-1.0,0.0,-1.0,1.494,-1.0,0.0,0.0,0.0,0.0,0.0,-1.0,0.0,0.0,-1.0,0.0,0.0,1.499,-1.0,0.0,0.0,1.498,-2.0,2.501,1.498,1.766,-2.0,0.5,4.48,0.494,4.959,1.385,1.494,-0.325,6.652,2.457,-1.516,1.56,-2.508,-0.503,-3.0,0.934,1.971,3.924,-2.513,-2.501,0.989,3.465,1.087,-2.507,5.016,-0.021,1.978,-2.504,-2.502,3.459,-3.504,-2.527,-6.0,-0.093,3.786,-2.0,-1.346,0.488,4.972,1.995,0.0,0.0,0.0,0.0,0.0,0.0,0.0,0.0,0.0,0.0
BtcGF,BTCUSDc,208,22.6467,27.176,5,1.1859,22.73,365,30.9589,1,11,0,0.01,1.1,2.0,0.0,0.5,16385,1,20.999,4,0,2,0,0.6,5.964,3.952,0.963,-1.0,-1.0,2.824,-0.015,-3.0,1.994,1.954,-3.0,-2.007,-1.008,-3.0,0.975,6.296,1.993,-1.008,0.548,-3.016,1.204,-1.002,6.171,-2.013,0.23,5.306,-0.001,-3.001,2.444,-1.0,-3.0,1.8,0.94,-1.007,-4.0,5.936,-2.0,-2.028,-2.0,-3.0,-3.0,-3.0,-1.0,-4.0,4.055,4.034,-3.0,2.998,-3.0,0.0,-1.0,0.0,3.647,3.971,-1.0,-1.0,0.0,-1.0,1.993,-1.0,0.0,0.0,0.0,0.0,0.0,-1.0,0.0,0.0,-1.0,0.0,0.0,1.999,-1.0,0.0,0.0,-1.0,-2.0,-2.0,1.997,-2.0,-2.0,1.218,5.775,0.992,-1.012,-0.622,2.991,1.981,2.971,0.605,-1.022,-3.804,-2.011,-0.003,-3.0,-4.0,2.966,6.857,-2.018,0.168,4.364,4.953,3.329,-5.0,1.476,6.22,3.05,-2.005,-4.0,1.984,-3.006,1.311,-2.0,-4.0,5.434,-2.0,-3.0,-1.015,8.973,2.994,0.0,0.0,0.0,0.0,0.0,0.0,0.0,0.0,0.0,0.0
BtcGF,BTCUSDc,262,3.232,6.464,3,0.2024,40.3,380,39.4737,1,15,0,0.01,1.1,1.5,0.0,1.0,16385,1,3.859,0,0,2,0,0.8,4.472,2.97,-1.52,2.168,-1.0,0.993,2.976,-3.0,1.496,0.961,-0.508,-2.505,-0.506,-3.0,0.478,0.982,0.995,0.989,-2.504,-1.028,1.464,-1.501,-0.129,-2.51,0.24,-1.507,-0.5,-3.5,-1.016,-1.5,-0.505,1.958,-1.511,-1.505,-4.0,4.252,-2.0,-0.024,-2.0,-3.0,-0.534,-2.0,-1.0,-2.0,4.443,4.978,-0.536,2.0,-3.0,0.0,0.0,-1.0,1.485,2.978,-1.0,-1.0,0.0,-1.0,1.494,-1.0,0.0,0.0,0.0,0.0,0.0,-1.0,0.0,0.0,-1.0,0.0,0.0,1.499,-1.0,0.0,0.0,1.498,-2.0,2.327,1.498,1.3,-2.0,0.5,3.881,0.494,4.959,0.856,1.494,-0.325,6.246,2.457,-1.516,1.56,-2.508,-0.503,-3.0,0.934,1.971,3.924,-2.513,-2.501,0.989,3.465,0.687,-2.507,2.894,-0.021,1.978,-2.504,-2.502,3.459,-3.504,-2.527,-6.0,-0.395,3.306,-2.0,-1.764,0.488,4.972,1.995,0.0,0.0,0.0,0.0,0.0,0.0,0.0,0.0,0.0,0.0
BtcGF,BTCUSDc,252,6.7315,13.463,3,0.4375,26.23,389,38.3033,1,11,0,0.01,1.1,1.5,0.0,0.0,16385,1,9.931,0,0,2,0,0.8,4.719,2.97,-1.52,2.437,-1.0,1.489,2.976,-3.0,1.496,0.961,-0.508,-1.972,-1.506,-3.0,0.478,1.697,0.995,0.989,-2.504,-0.752,2.125,-1.501,-0.129,-2.51,-0.453,1.863,-0.5,-3.5,-0.646,-1.5,-0.505,2.388,-0.634,-1.505,-4.0,5.046,-2.0,-1.024,-2.0,-3.0,0.298,-3.0,-2.0,-5.0,4.343,5.018,-3.0,2.0,-3.0,0.0,0.0,-1.0,1.485,2.978,-1.0,-1.0,0.0,-1.0,1.494,-1.0,0.0,0.0,0.0,0.0,0.0,-1.0,0.0,0.0,-1.0,0.0,0.0,1.499,-1.0,0.0,0.0,1.498,-2.0,3.456,1.498,1.295,-2.0,0.5,3.33,0.494,4.959,1.08,1.494,-0.631,7.714,2.457,-1.516,-2.005,-2.508,-0.503,-3.0,-0.36,1.971,5.553,-2.513,-1.669,1.797,3.465,0.821,-2.507,0.401,3.349,1.916,-2.504,-2.501,4.125,-3.503,-1.675,-2.0,-1.818,5.007,-2.0,-1.042,-1.512,6.48,1.995,0.0,0.0,0.0,0.0,0.0,0.0,0.0,0.0,0.0,0.0
BtcGF,BTCUSDc,221,23.7113,35.567,4,1.3717,33.78,350,24.2857,1,13,0,0.01,1.1,2.5,0.0,0.5,16385,1,23.552,16,0,2,0,0.6,1.494,1.492,2.077,0.0,-2.0,-0.249,0.981,-3.0,2.493,3.314,4.83,-4.0,-4.0,-3.0,-2.0,7.926,3.002,-0.51,0.985,-6.0,0.708,-4.0,10.018,-1.516,-3.0,5.559,0.499,-2.501,3.822,-0.515,-3.0,3.174,2.001,-0.509,-4.0,10.203,-2.0,-0.534,-2.0,-3.0,1.871,-3.0,-1.0,-4.0,-3.0,5.47,-3.0,1.499,-3.0,0.0,-1.0,0.0,3.127,4.963,-1.0,-1.0,0.0,-1.0,-1.0,-1.0,0.0,0.0,0.0,0.0,0.0,-1.0,0.0,0.0,-1.0,0.0,0.0,2.499,-1.0,0.0,0.0,-1.0,-2.0,-2.0,2.496,-2.0,-1.0,-2.0,4.045,3.431,-0.515,0.857,1.992,0.978,9.53,1.381,-0.527,-3.185,-1.514,0.496,-3.0,-4.0,1.495,13.032,3.261,10.513,0.495,12.906,-4.0,-5.0,2.217,0.603,1.095,-1.507,-1.503,3.446,-2.507,-4.0,-6.0,-3.0,4.227,-2.0,-3.0,-4.0,8.975,0.681,0.0,0.0,0.0,0.0,0.0,0.0,0.0,0.0,0.0,0.0
BtcGF,BTCUSDc,90,0.801,1.602,3,0.068,973.66,383,29.765,1,15,0,0.01,1.1,2.0,0.0,0.5,16385,1,-13.996,4,0,2,0,0.2,5.964,3.952,0.963,-1.0,-3.0,2.138,-0.015,-3.0,1.994,1.954,-3.0,-2.007,-0.008,-3.0,-4.0,4.983,1.993,-1.008,-0.013,-3.016,-1.022,-1.002,8.271,-2.013,0.105,-1.009,-0.001,-3.001,2.444,-1.0,-3.0,0.8,-5.0,-1.007,-4.0,15.592,-2.0,-1.028,-2.0,-3.0,1.034,-3.0,-1.0,-3.999,2.54,3.977,-1.002,2.998,-3.0,0.0,-1.0,0.0,4.762,3.971,-1.0,-1.0,0.0,-1.0,1.993,-1.0,0.0,0.0,0.0,0.0,0.0,-1.0,0.0,0.0,-1.0,0.0,0.0,1.999,-1.0,0.0,0.0,-1.0,-2.0,-2.0,1.997,-2.0,-2.0,1.218,6.948,0.992,-1.013,0.068,2.991,1.931,2.971,2.586,-1.022,-3.804,-2.011,-0.003,-3.002,-4.0,1.966,4.953,-3.018,-4.002,1.986,4.953,4.644,-5.0,0.983,3.41,3.179,-2.005,-4.0,1.984,-3.006,-1.033,-6.0,-4.0,0.537,-3.0,-2.004,-1.015,8.973,2.994,0.0,0.0,0.0,0.0,0.0,0.0,0.0,0.0,0.0,0.0
BtcGF,BTCUSDc,59,30.7217,36.866,5,1.0366,49.15,342,21.0526,1,17,0,0.01,1.1,3.0,0.0,1.0,16385,1,18.746,14,0,2,0,0.0,1.993,1.991,0.151,0.0,-1.0,-3.0,2.977,-3.0,2.992,0.994,-3.0,-4.0,-3.0,-3.0,-4.0,-3.0,-0.009,0.988,-5.0,-6.0,0.456,-4.0,0.991,14.131,-0.003,4.282,0.999,-2.001,-0.007,-0.016,-3.0,4.926,-4.0,-0.011,-4.0,20.113,-2.0,-0.042,-2.0,-3.0,0.931,-2.0,-1.0,-4.0,-4.0,6.964,0.938,0.999,-3.0,0.0,0.0,-1.0,6.859,5.956,-1.0,-1.0,0.0,-1.0,-1.0,-1.0,0.0,0.0,0.0,0.0,0.0,-1.0,0.0,0.0,-1.0,0.0,0.0,2.998,-1.0,0.0,0.0,-1.0,-2.0,0.989,2.995,-2.0,-2.0,0.0,0.982,4.823,-0.019,10.845,-1.007,1.973,4.161,5.146,-1.033,5.114,-1.016,0.995,-3.0,-3.0,0.994,-3.0,-1.027,-1.002,0.994,6.928,-5.0,-5.0,11.929,8.665,9.883,-1.008,-4.0,5.884,-2.009,-4.0,-2.0,-4.0,3.921,-2.0,-3.0,-4.0,6.975,1.251,0.0,0.0,0.0,0.0,0.0,0.0,0.0,0.0,0.0,0.0
BtcGF,BTCUSDc,88,26.8808,32.257,5,1.1798,35.29,384,30.2083,1,11,0,0.01,1.1,2.0,0.0,0.5,16385,1,20.873,8,0,2,0,0.2,5.964,3.952,0.963,-1.0,-1.0,2.824,-0.015,-3.0,1.994,1.954,-3.0,-2.007,-1.008,-3.0,-1.025,4.983,1.993,-1.008,0.548,-3.016,2.311,-1.002,9.658,-0.024,0.23,5.306,-0.001,-3.001,2.444,-1.0,-3.0,1.8,-5.0,-1.007,-4.0,8.451,-2.0,-2.028,-2.0,-3.0,-4.0,-3.0,-1.0,-4.0,4.625,4.034,-1.002,2.998,-3.0,0.0,-1.0,0.0,3.647,3.971,-1.0,-1.0,0.0,-1.0,1.993,-1.0,0.0,0.0,0.0,0.0,0.0,-1.0,0.0,0.0,-1.0,0.0,0.0,1.999,-1.0,0.0,0.0,-1.0,-2.0,0.99,1.997,-2.0,-2.0,1.218,5.775,0.992,-1.013,0.068,2.991,1.981,-0.008,0.605,-1.022,-3.804,-2.011,-0.003,-3.002,-4.0,2.966,10.271,-2.018,-4.002,11.279,4.953,-2.001,-5.0,1.744,6.522,3.05,-2.005,-4.0,1.984,-3.006,8.384,-2.0,-5.0,0.936,-3.0,-2.004,-1.015,8.973,2.994,0.0,0.0,0.0,0.0,0.0,0.0,0.0,0.0,0.0,0.0
BtcGF,BTCUSDc,166,-9.6745,-19.349,3,-0.5305,0.0,352,23.5795,1,15,0,0.01,1.1,2.5,0.0,1.0,16385,1,-27.969,7,0,2,0,0.4,1.494,1.492,-0.41,0.0,-1.0,-0.502,0.981,-3.0,2.493,0.495,-3.0,-4.0,-3.0,-3.0,-4.0,-0.512,2.992,-0.51,-1.507,-6.0,0.708,-4.0,9.112,-1.516,-0.502,-0.511,0.499,-2.501,1.972,-0.515,-3.0,1.559,-0.518,-0.509,-4.0,9.907,-2.0,-0.535,-2.0,-3.0,0.441,-2.0,-1.0,-3.999,-4.0,5.47,0.447,1.499,-3.0,0.0,0.0,-1.0,5.343,4.963,-1.0,-1.0,0.0,-1.0,-1.0,-1.0,0.0,0.0,0.0,0.0,0.0,-1.0,0.0,0.0,-1.0,0.0,0.0,2.499,-1.0,0.0,0.0,-1.0,-2.0,0.491,2.496,-2.0,-2.0,-2.0,1.485,3.431,-0.516,1.831,1.992,0.978,2.307,1.381,-0.527,1.294,-1.514,0.496,-3.0,-3.0,1.495,5.826,1.261,-1.502,0.495,14.626,-4.0,-5.0,7.039,-1.525,1.095,-1.507,-4.0,2.213,-2.507,-4.0,-6.0,-3.0,2.542,-2.0,-3.0,-4.0,8.975,0.681,0.0,0.0,0.0,0.0,0.0,0.0,0.0,0.0,0.0,0.0
BtcGF,BTCUSDc,52,51.424,77.136,4,2.6461,88.21,361,19.1136,1,11,0,0.01,1.1,3.0,0.0,0.5,16385,1,9.098,15,0,2,0,0.0,1.993,1.991,3.136,0.0,-1.0,-1.0,1.977,-3.0,2.992,2.835,-3.0,-4.0,-4.0,-3.0,-3.0,-4.0,0.074,-0.012,-0.213,-6.0,7.106,-4.0,0.991,18.729,-3.0,6.281,0.999,-2.001,-0.007,-0.016,-3.0,2.814,-5.0,-0.011,-4.0,20.057,-2.0,-1.042,-2.0,-3.0,-4.0,-3.0,-1.0,-4.0,5.99,7.055,-4.0,1.999,-3.0,0.0,-1.0,0.0,6.556,5.956,-1.0,-1.0,0.0,-1.0,-1.0,-1.0,0.0,0.0,0.0,0.0,0.0,-1.0,0.0,0.0,-1.0,0.0,0.0,2.998,-1.0,0.0,0.0,-1.0,-2.0,-0.011,2.995,-2.0,-2.0,-2.0,5.027,5.364,-0.019,3.594,-1.007,2.794,4.015,5.146,-0.033,-2.565,-1.016,0.995,-2.003,-4.0,1.994,-4.0,-1.027,-3.002,65.038,11.13,-5.0,-5.0,4.898,7.202,1.879,0.776,-4.0,5.779,-2.009,-4.0,-2.0,-5.0,-4.0,-3.0,-3.0,-4.0,6.975,-3.0,0.0,0.0,0.0,0.0,0.0,0.0,0.0,0.0,0.0,0.0
BtcGF,BTCUSDc,89,6.1667,9.25,4,0.2985,168.63,384,29.1667,1,13,0,0.01,1.1,2.0,0.0,0.5,16385,1,-6.348,5,0,2,0,0.2,5.964,3.952,0.963,-1.0,-3.0,2.138,-0.015,-3.0,1.994,1.954,-3.0,-2.007,-1.008,-3.0,-4.0,4.983,1.993,-1.008,-0.013,-3.016,-1.022,-1.002,-2.006,-2.013,0.105,3.857,-0.001,-3.001,2.444,-1.0,-3.0,0.8,-5.0,-1.007,-4.0,15.592,-2.0,-1.027,-2.0,-3.0,1.034,-3.0,-1.0,-4.0,-3.0,3.977,-1.002,2.998,-3.0,0.0,-1.0,0.0,2.4,3.971,-1.0,-1.0,0.0,-1.0,1.993,-1.0,0.0,0.0,0.0,0.0,0.0,-1.0,0.0,0.0,-1.0,0.0,0.0,1.999,-1.0,0.0,0.0,-1.0,-2.0,-2.0,1.997,-2.0,-2.0,1.218,8.159,0.992,-1.013,0.068,2.991,1.981,-0.008,0.605,-1.022,-3.804,-2.011,-0.003,-3.002,-4.0,2.966,14.245,-3.018,-4.002,1.986,4.953,10.481,-5.0,1.054,2.531,3.179,-2.005,-2.003,1.984,-3.006,8.384,-6.0,-4.0,-0.538,-3.0,-2.004,-1.015,8.973,2.994,0.0,0.0,0.0,0.0,0.0,0.0,0.0,0.0,0.0,0.0
BtcGF,BTCUSDc,211,19.9633,29.945,4,1.6736,19.84,357,32.2129,1,17,0,0.01,1.1,2.0,0.0,0.5,16385,1,24.003,4,0,2,0,0.6,5.964,3.952,0.963,-1.0,-1.0,2.138,0.985,-3.0,1.994,0.954,-2.0,-2.007,-0.008,-3.0,-2.0,6.028,1.993,-0.008,-0.013,-3.016,-1.022,-1.002,4.575,-2.013,0.105,4.531,-0.001,-3.001,2.444,-1.0,-3.0,1.8,0.928,-1.007,-4.0,5.936,-2.0,-1.028,-2.0,-3.0,1.034,-3.0,-1.0,-3.999,4.107,3.977,-3.0,2.998,-3.0,0.0,0.0,-1.0,3.73,3.971,-1.0,-1.0,0.0,-1.0,1.993,-1.0,0.0,0.0,0.0,0.0,0.0,-1.0,0.0,0.0,-1.0,0.0,0.0,1.999,-1.0,0.0,0.0,-1.0,-2.0,-2.0,1.997,-1.0,-2.0,0.985,3.975,0.992,-1.013,0.268,1.991,2.18,-0.008,2.586,-1.022,2.131,-2.011,-0.003,-3.0,-4.0,2.966,10.089,-0.018,1.586,1.986,4.953,0.957,-5.0,-1.009,7.091,3.032,-2.005,-4.0,2.647,-3.006,-1.033,-2.0,-4.0,6.735,-2.0,-3.0,-1.015,8.973,2.994,0.0,0.0,0.0,0.0,0.0,0.0,0.0,0.0,0.0,0.0
BtcGF,BTCUSDc,263,7.3005,14.601,3,0.5386,20.88,377,40.0531,1,17,0,0.01,1.1,1.5,0.0,1.0,16385,1,11.553,0,0,2,0,0.8,4.472,2.97,-1.52,2.168,-1.0,0.993,2.976,-3.0,1.496,0.961,-0.508,-2.505,-0.506,-3.0,0.478,1.619,0.995,0.989,-2.504,-1.028,1.464,-1.501,-0.129,-2.51,0.423,2.5,-0.5,-3.5,-1.016,-1.5,-0.505,1.958,-1.511,-1.505,-4.0,4.252,-2.0,-0.024,-2.0,-3.0,-0.534,-2.0,-1.0,-2.0,5.032,4.978,-0.536,2.0,-3.0,0.0,0.0,-1.0,1.485,2.978,-1.0,-1.0,0.0,-1.0,1.494,-1.0,0.0,0.0,0.0,0.0,0.0,-1.0,0.0,0.0,-1.0,0.0,0.0,1.499,-1.0,0.0,0.0,1.498,-2.0,2.327,1.498,1.3,-2.0,0.5,2.981,0.494,4.959,0.867,1.494,-0.122,6.246,3.256,-1.516,1.56,-2.508,-0.503,-3.0,0.934,1.971,3.924,-2.513,-2.501,0.989,3.465,-0.039,-2.507,2.894,-0.021,1.978,-2.504,-2.502,3.793,-3.504,-2.527,-2.0,-1.395,3.306,-2.0,-1.764,0.488,4.972,1.995,0.0,0.0,0.0,0.0,0.0,0.0,0.0,0.0,0.0,0.0
BtcGF,BTCUSDc,285,-0.31,-0.62,3,-0.0197,0.0,339,24.4838,1,13,0,0.01,1.1,2.5,0.0,1.0,16385,1,-8.462,6,0,2,0,0.8,1.494,1.492,-0.41,0.0,-1.0,-0.502,0.981,-3.0,2.493,3.314,3.231,-4.0,-3.0,-3.0,-1.0,4.747,2.992,-0.51,-1.507,-6.0,0.708,-4.0,8.334,-1.516,-3.0,5.537,0.499,-2.501,1.972,-0.515,-3.0,2.559,-0.518,-0.509,-4.0,6.18,-2.0,-1.535,-2.0,-3.0,0.441,-2.0,-1.0,-2.0,-3.0,5.47,0.447,1.499,-3.0,0.0,0.0,-1.0,4.735,4.963,-1.0,-1.0,0.0,-1.0,-1.0,-1.0,0.0,0.0,0.0,0.0,0.0,-1.0,0.0,0.0,-1.0,0.0,0.0,2.499,-1.0,0.0,0.0,-1.0,-2.0,-1.999,2.496,-1.0,-1.999,-2.0,3.56,3.431,-0.516,-0.411,1.992,0.978,3.442,1.381,-0.527,1.294,-1.514,0.496,-3.0,-3.0,1.495,8.607,1.261,-1.502,0.495,11.801,-4.0,-5.0,0.576,-1.525,1.095,-1.507,-4.0,4.297,-2.507,-4.0,-6.0,-3.0,1.161,-2.0,-3.0,2.309,8.975,0.681,0.0,0.0,0.0,0.0,0.0,0.0,0.0,0.0,0.0,0.0
BtcGF,BTCUSDc,87,19.3447,29.017,4,1.0092,37.5,372,30.914,1,17,0,0.01,1.1,2.0,0.0,0.0,16385,1,18.136,5,0,2,0,0.2,6.9,3.952,0.963,-1.0,-1.0,2.138,0.985,-3.0,1.994,1.954,-3.0,-1.21,-0.008,-3.0,-4.0,14.874,1.993,-0.008,-0.013,-2.556,-1.022,-1.002,8.271,-2.013,0.105,4.531,-0.001,-3.001,2.444,-4.0,-3.0,1.06,-0.22,-1.007,-4.0,7.999,-2.0,-2.028,-2.0,-3.0,-3.0,-3.0,-1.0,-5.0,-1.002,3.977,-1.002,2.998,-3.0,0.0,-1.0,0.0,4.734,3.971,-1.0,-1.0,0.0,-1.0,1.993,-1.0,0.0,0.0,0.0,0.0,0.0,-1.0,0.0,0.0,-1.0,0.0,0.0,1.999,-1.0,0.0,0.0,-1.0,-3.0,1.99,1.997,-2.0,-2.0,0.985,4.221,0.992,-1.013,5.013,1.991,2.18,3.379,2.586,-1.022,-0.595,-2.011,-0.003,-3.002,-4.0,1.966,4.953,-2.018,6.219,1.986,4.953,0.957,-5.0,-1.009,6.061,3.032,-2.005,-4.0,3.647,-3.006,-1.033,-2.0,-5.0,0.936,-3.0,-2.004,-1.015,8.973,2.994,0.0,0.0,0.0,0.0,0.0,0.0,0.0,0.0,0.0,0.0
BtcGF,BTCUSDc,277,0.968,1.452,4,0.0544,540.08,344,23.5465,1,13,0,0.01,1.1,2.5,0.0,0.0,16385,1,-6.39,8,0,2,0,0.8,2.304,1.492,-0.41,0.0,-1.0,-0.249,0.981,-3.0,2.493,3.314,3.231,-4.0,-4.0,-3.0,-1.0,4.747,3.002,-0.51,-1.507,-5.999,0.708,-4.0,8.334,-1.516,-3.0,5.312,0.499,-2.501,2.604,-0.515,-3.0,2.442,1.203,-0.509,-4.0,9.799,-2.0,-0.535,-2.0,-3.0,2.21,-3.0,-2.0,-5.0,-3.0,5.47,-3.0,1.499,-3.0,0.0,0.0,-1.0,3.127,4.963,-1.0,-1.0,0.0,-1.0,-1.0,-1.0,0.0,0.0,0.0,0.0,0.0,-1.0,0.0,0.0,-1.0,0.0,0.0,2.499,-1.0,0.0,0.0,-1.0,-2.0,-2.0,2.496,-1.0,-1.999,-2.0,3.56,3.431,-0.516,-0.411,1.992,0.978,7.659,1.381,-0.527,-7.0,-1.514,0.496,-3.0,-4.0,1.495,8.572,1.261,0.103,0.495,11.801,-4.0,-5.0,0.576,0.382,5.604,-1.507,-3.999,4.297,-2.506,-4.0,-6.0,-3.0,1.904,-2.0,-2.999,2.309,8.975,0.681,0.0,0.0,0.0,0.0,0.0,0.0,0.0,0.0,0.0,0.0
BtcGF,BTCUSDc,149,22.3425,26.811,5,0.9657,33.82,372,30.6452,1,13,0,0.01,1.1,2.0,0.0,0.5,16385,1,17.743,8,0,2,0,0.4,5.964,3.952,0.963,-0.999,-2.0,2.138,-0.015,-3.0,1.994,1.954,-3.0,-2.007,-1.008,-3.0,-4.0,4.983,1.993,-1.008,-0.013,-3.016,-1.022,-1.002,7.75,-2.013,0.105,3.857,-0.001,-3.001,2.444,-1.0,-3.0,0.8,-5.0,-1.007,-4.0,9.062,-2.0,-1.027,-2.0,-3.0,1.034,-3.0,-1.0,-4.0,-3.0,3.977,-1.002,2.998,-3.0,0.0,-1.0,0.0,2.4,3.971,-1.0,-1.0,0.0,-1.0,1.993,-1.0,0.0,0.0,0.0,0.0,0.0,-1.0,0.0,0.0,-1.0,0.0,0.0,1.999,-1.0,0.0,0.0,-1.0,-2.0,-2.0,1.997,-2.0,-2.0,1.218,8.159,0.992,-1.013,0.068,2.991,1.981,2.971,0.605,-1.022,-3.804,-2.011,-0.003,-3.0,-4.0,2.966,13.343,-0.018,5.968,1.986,4.953,5.103,-5.0,1.054,2.531,3.179,-2.005,-2.003,1.984,-3.006,3.079,-6.0,-3.0,7.426,-2.0,-3.0,-1.015,8.973,2.994,0.0,0.0,0.0,0.0,0.0,0.0,0.0,0.0,0.0,0.0
BtcGF,BTCUSDc,230,6.7175,13.435,3,0.3934,117.89,337,20.7715,1,15,0,0.01,1.1,3.0,0.0,0.0,16385,1,-2.403,13,0,2,0,0.6,3.085,1.991,3.136,0.0,-2.0,-3.0,1.977,-3.0,2.992,1.994,-2.0,-4.0,-3.0,-3.0,-2.0,-2.999,0.074,-0.012,-2.01,-6.0,1.986,-4.0,0.991,8.081,-3.0,-4.0,0.999,-2.001,-0.007,-0.016,-3.0,5.935,5.573,-0.011,-4.0,12.348,-2.0,-1.042,-2.0,-3.0,-3.0,-3.0,-2.0,-5.0,-3.0,6.964,-3.0,1.999,-3.0,0.0,-1.0,0.0,5.799,5.956,-1.0,-1.0,0.0,-1.0,-1.0,-1.0,0.0,0.0,0.0,0.0,0.0,-1.0,0.0,0.0,-1.0,0.0,0.0,2.998,-1.0,0.0,0.0,-1.0,-2.0,-2.0,2.995,-1.0,-2.0,-2.0,1.982,4.823,-0.019,2.337,-1.007,1.973,5.391,2.158,-0.033,1.216,-1.016,0.995,-3.0,-4.0,1.994,-1.0,5.8,11.838,0.994,13.275,-4.0,-5.0,3.005,2.469,7.194,-1.008,-4.0,4.058,-2.008,-4.0,-6.0,-3.0,6.022,-2.0,-2.999,-4.0,6.975,1.251,0.0,0.0,0.0,0.0,0.0,0.0,0.0,0.0,0.0,0.0
BtcGF,BTCUSDc,239,8.4,10.08,5,0.296,82.7,333,21.021,1,17,0,0.01,1.1,3.0,0.0,1.0,16385,1,1.744,15,0,2,0,0.6,1.993,1.991,0.151,0.0,-1.0,-3.0,2.977,-3.0,2.992,1.994,-2.0,-4.0,-3.0,-3.0,-2.0,-3.0,-0.009,0.988,-5.0,-6.0,0.456,-4.0,0.991,8.081,-0.003,4.282,0.999,-2.001,-0.007,-0.016,-3.0,3.814,-4.0,-0.011,-4.0,9.495,-2.0,-0.042,-2.0,-3.0,0.931,-2.0,-1.0,-3.999,-4.0,6.964,0.938,0.999,-3.0,0.0,0.0,-1.0,6.859,5.956,-1.0,-1.0,0.0,-1.0,-1.0,-1.0,0.0,0.0,0.0,0.0,0.0,-1.0,0.0,0.0,-1.0,0.0,0.0,2.998,-1.0,0.0,0.0,-1.0,-2.0,-2.0,2.995,-1.0,-2.0,0.0,0.982,4.823,-0.019,2.831,-1.007,1.973,3.101,5.146,-1.033,5.114,-1.016,0.995,-3.0,-3.0,1.994,-3.0,-1.027,-1.002,0.994,13.275,-6.0,-4.0,4.671,6.744,9.883,-1.008,-4.0,5.884,-2.009,-4.0,-2.0,-4.0,3.809,-2.0,-3.0,-4.0,6.975,1.251,0.0,0.0,0.0,0.0,0.0,0.0,0.0,0.0,0.0,0.0
BtcGF,BTCUSDc,284,1.7033,2.044,5,0.0721,383.81,340,24.1176,1,11,0,0.01,1.1,2.5,0.0,1.0,16385,1,-5.801,9,0,2,0,0.8,1.494,1.492,-0.41,0.0,-1.0,-0.502,0.981,-3.0,2.493,2.9,2.597,-4.0,-3.0,-3.0,-1.0,5.221,2.992,-0.51,-1.507,-6.0,2.546,-4.0,8.337,-1.516,-3.0,6.454,0.499,-2.501,1.972,-0.515,-3.0,2.559,-0.518,-0.509,-4.0,7.39,-2.0,-1.535,-2.0,-3.0,0.441,-2.0,-1.0,-2.0,3.252,5.47,0.447,1.499,-3.0,0.0,0.0,-1.0,5.796,4.963,-1.0,-1.0,0.0,-1.0,-1.0,-1.0,0.0,0.0,0.0,0.0,0.0,-1.0,0.0,0.0,-1.0,0.0,0.0,2.499,-1.0,0.0,0.0,-1.0,-2.0,-1.999,2.496,-2.0,-1.0,-2.0,3.479,3.738,-0.516,-0.411,1.992,1.481,3.442,1.381,-0.527,1.294,-1.514,0.496,-3.0,-3.0,1.495,2.826,-1.522,-1.502,2.692,13.313,-6.0,-4.0,0.216,2.151,0.898,-0.587,-4.0,4.644,-2.507,-4.0,-2.0,-4.0,0.849,-2.0,-3.0,-4.0,8.975,-3.0,0.0,0.0,0.0,0.0,0.0,0.0,0.0,0.0,0.0,0.0
BtcGF,BTCUSDc,210,9.4927,14.239,4,0.5938,44.89,364,31.044,1,15,0,0.01,1.1,2.0,0.0,0.5,16385,1,7.847,3,0,2,0,0.6,5.964,3.952,0.963,-1.0,-2.0,2.138,-0.015,-3.0,1.994,1.954,-3.0,-2.007,-0.008,-3.0,-2.0,4.877,1.993,-1.008,-0.013,-3.016,-1.022,-1.002,4.575,-2.013,0.105,-1.009,-0.001,-3.001,2.444,-1.0,-3.0,1.8,0.94,-1.007,-4.0,6.386,-2.0,-1.028,-2.0,-3.0,1.034,-3.0,-1.0,-4.0,2.54,3.977,-3.0,2.998,-3.0,0.0,-1.0,0.0,3.758,3.971,-1.0,-1.0,0.0,-1.0,1.993,-1.0,0.0,0.0,0.0,0.0,0.0,-1.0,0.0,0.0,-1.0,0.0,0.0,1.999,-1.0,0.0,0.0,-1.0,-2.0,-2.0,1.997,-1.0,-2.0,1.218,6.307,0.992,-1.013,-0.622,2.991,1.931,2.971,0.605,-1.022,-3.804,-2.011,-0.003,-3.0,-4.0,2.966,9.842,-0.018,2.273,1.986,4.953,3.248,-5.0,0.983,3.108,3.179,-2.005,-4.0,1.984,-3.006,-1.033,-6.0,-3.0,7.084,-2.0,-2.999,-1.015,8.973,2.994,0.0,0.0,0.0,0.0,0.0,0.0,0.0,0.0,0.0,0.0
BtcGF,BTCUSDc,164,7.006,14.012,3,0.5953,85.32,352,23.5795,1,11,0,0.01,1.1,2.5,0.0,1.0,16385,1,2.057,12,0,2,0,0.4,1.494,1.492,-0.41,0.0,-1.0,-0.502,0.981,-3.0,2.493,1.9,-3.0,-4.0,-3.0,-3.0,-3.0,-0.512,2.992,-0.51,-1.507,-6.0,4.738,-4.0,12.447,-1.516,-0.502,7.788,0.499,-2.501,1.972,-0.515,-3.0,2.559,-0.518,-0.509,-4.0,10.578,-2.0,-1.535,-2.0,-3.0,0.441,-2.0,-1.0,-4.0,3.977,5.47,0.447,1.499,-3.0,0.0,0.0,-1.0,8.723,4.963,-1.0,-1.0,0.0,-1.0,-1.0,-1.0,0.0,0.0,0.0,0.0,0.0,-1.0,0.0,0.0,-1.0,0.0,0.0,2.499,-1.0,0.0,0.0,-1.0,-2.0,0.491,2.496,-2.0,-2.0,-2.0,3.479,3.816,-0.516,1.831,1.992,1.481,4.967,1.381,-0.527,1.294,-1.514,0.496,-3.0,-4.0,0.495,2.826,-1.522,-1.502,5.489,8.156,-6.0,-4.0,7.039,2.151,0.898,-0.587,-4.0,4.937,-2.507,-4.0,-2.0,-4.0,4.082,-2.0,-3.0,-4.0,8.975,-3.0,0.0,0.0,0.0,0.0,0.0,0.0,0.0,0.0,0.0,0.0
BtcGF,BTCUSDc,102,-9.94,-29.82,2,-0.6695,0.0,371,21.8329,1,15,0,0.01,1.1,2.5,0.0,0.5,16385,1,-50.145,6,0,2,0,0.2,1.494,1.492,2.077,0.0,-3.0,-0.249,0.981,-3.0,2.493,0.495,-3.0,-4.0,-3.0,-3.0,-4.0,-0.512,3.002,-0.51,0.985,-6.0,0.708,-4.0,11.705,-1.516,-3.0,-0.511,0.499,-2.501,3.822,-0.515,-3.0,2.174,-5.0,-0.509,-4.0,22.025,-2.0,-0.535,-2.0,-3.0,1.871,-3.0,-1.0,-3.999,-4.0,5.47,-4.0,1.499,-3.0,0.0,-1.0,0.0,5.999,4.963,-1.0,-1.0,0.0,-1.0,-1.0,-1.0,0.0,0.0,0.0,0.0,0.0,-1.0,0.0,0.0,-1.0,0.0,0.0,2.499,-1.0,0.0,0.0,-1.0,-2.0,-2.0,2.496,-2.0,-2.0,-2.0,1.485,3.431,-0.516,1.831,1.992,0.978,2.307,3.857,-0.527,-3.185,-1.514,0.496,-2.503,-4.0,0.495,3.372,0.261,-3.502,0.495,14.626,-4.0,-5.0,1.998,1.689,1.095,-1.507,-4.0,1.213,-2.507,-4.0,-6.0,-4.0,-4.0,-3.0,-0.728,-4.0,8.975,0.681,0.0,0.0,0.0,0.0,0.0,0.0,0.0,0.0,0.0,0.0
BtcGF,BTCUSDc,169,34.7192,41.663,5,1.2268,78.94,352,20.1705,1,13,0,0.01,1.1,3.0,0.0,0.0,16385,1,8.774,14,0,2,0,0.4,3.085,1.991,3.136,0.0,-2.0,-3.0,1.977,-3.0,2.992,3.379,-3.0,-4.0,-4.0,-3.0,-4.0,-4.0,0.074,-0.012,-2.01,-5.999,1.986,-4.0,0.991,16.007,-3.0,3.004,0.999,-2.001,-0.007,-0.016,-3.0,5.004,5.079,-0.011,-4.0,18.64,-2.0,-0.041,-2.0,-3.0,-3.0,-3.0,-2.0,-5.0,-3.0,6.964,-4.0,1.999,-3.0,0.0,-1.0,0.0,3.854,5.956,-1.0,-1.0,0.0,-1.0,-1.0,-1.0,0.0,0.0,0.0,0.0,0.0,-1.0,0.0,0.0,-1.0,0.0,0.0,2.998,-1.0,0.0,0.0,-1.0,-2.0,-2.0,2.995,-2.0,-2.0,-2.0,5.891,4.823,-0.019,3.594,-1.007,1.973,4.015,5.146,-0.033,-7.0,-1.016,0.995,-3.0,-4.0,1.994,-3.0,0.973,28.889,-0.006,7.928,-4.0,-5.0,3.372,1.669,7.194,-1.008,-1.004,6.484,-2.009,-4.0,-0.139,-3.0,7.725,-2.0,-3.0,-4.0,6.975,1.251,0.0,0.0,0.0,0.0,0.0,0.0,0.0,0.0,0.0,0.0
BtcGF,BTCUSDc,97,-8.255,-24.765,2,-0.592,0.0,371,22.1024,1,13,0,0.01,1.1,2.5,0.0,0.0,16385,1,-44.132,7,0,2,0,0.2,2.304,1.492,2.077,0.0,-3.0,-0.249,0.981,-3.0,2.493,2.314,-3.0,-4.0,-4.0,-3.0,-4.0,-0.512,3.002,-0.51,0.985,-5.999,0.708,-4.0,-1.508,-1.516,-3.0,5.334,0.499,-2.501,2.604,-0.515,-3.0,1.442,3.478,-0.509,-4.0,21.067,-2.0,-0.534,-2.0,-3.0,-3.0,-3.0,-2.0,-5.0,-3.0,5.47,-4.0,1.499,-3.0,0.0,-1.0,0.0,3.127,4.963,-1.0,-1.0,0.0,-1.0,-1.0,-1.0,0.0,0.0,0.0,0.0,0.0,-1.0,0.0,0.0,-1.0,0.0,0.0,2.499,-1.0,0.0,0.0,-1.0,-2.999,0.491,2.496,-2.0,-2.0,-2.0,4.045,3.431,-0.516,1.831,1.992,0.978,4.967,1.381,-0.527,-7.0,-1.514,0.496,-1.66,-4.0,1.495,12.148,0.261,-3.502,-0.505,6.44,-4.0,-5.0,2.217,0.603,5.604,-1.507,-1.503,4.446,-2.507,-4.0,-1.988,-4.0,-4.0,-2.0,-3.0,-4.0,8.975,0.681,0.0,0.0,0.0,0.0,0.0,0.0,0.0,0.0,0.0,0.0
BtcGF,BTCUSDc,114,-6.615,-13.23,3,-0.3891,0.0,363,19.2837,1,15,0,0.01,1.1,3.0,0.0,0.5,16385,1,-38.189,9,0,2,0,0.2,1.993,1.991,3.136,0.0,-3.0,-3.0,1.977,-3.0,2.992,0.994,-3.0,-4.0,-3.0,-3.0,-4.0,-4.0,0.074,-0.012,-2.01,-6.0,1.986,-4.0,0.991,14.131,-3.0,-4.0,0.999,-2.001,-0.007,-0.016,-3.0,10.74,-5.0,-0.011,-4.0,27.27,-2.0,-0.042,-2.0,-3.0,2.708,-3.0,-1.0,-3.999,-4.0,6.964,-4.0,1.999,-3.0,0.0,-1.0,0.0,7.237,5.956,-1.0,-1.0,0.0,-1.0,-1.0,-1.0,0.0,0.0,0.0,0.0,0.0,-1.0,0.0,0.0,-1.0,0.0,0.0,2.998,-1.0,0.0,0.0,-1.0,-2.0,-2.0,2.995,-2.0,-2.0,-2.0,1.982,4.823,-0.019,3.594,-1.007,1.973,0.634,5.146,-1.033,-2.565,-1.016,0.995,-2.003,-4.0,0.994,4.14,2.8,-3.002,0.994,6.928,-4.0,-5.0,3.005,2.963,2.144,-1.008,-4.0,3.058,-2.009,-4.0,-6.0,-4.0,-4.0,-3.0,-3.0,-4.0,6.975,1.251,0.0,0.0,0.0,0.0,0.0,0.0,0.0,0.0,0.0,0.0
BtcGF,BTCUSDc,49,-4.8357,-14.507,2,-0.3539,0.0,366,19.3989,1,13,0,0.01,1.1,3.0,0.0,0.0,16385,1,-38.3,11,0,2,0,0.0,3.085,1.991,3.136,0.0,-3.0,-3.0,1.977,-3.0,2.992,3.379,-3.0,-4.0,-4.0,-3.0,-3.999,-4.0,0.074,-0.012,-2.01,-5.999,1.986,-4.0,-1.009,-1.019,-3.0,3.004,0.999,-2.001,-0.007,-0.016,-3.0,5.004,5.079,-0.011,-4.0,26.104,-2.0,-0.041,-2.0,-3.0,-3.0,-3.0,-2.0,-5.0,-3.0,6.964,-4.0,1.999,-3.0,0.0,-1.0,0.0,3.854,5.956,-1.0,-1.0,0.0,-1.0,-1.0,-1.0,0.0,0.0,0.0,0.0,0.0,-1.0,0.0,0.0,-1.0,0.0,0.0,2.998,-1.0,0.0,0.0,-1.0,-3.0,0.989,2.995,-2.0,-2.0,-2.0,5.891,4.823,-0.019,3.594,-1.007,1.973,4.015,5.146,-0.033,-7.0,-1.016,0.995,-0.982,-4.0,1.994,-3.0,-2.027,-3.002,-0.006,7.928,-4.0,-5.0,3.372,1.669,7.194,-1.008,-1.004,6.484,-2.009,-4.0,-0.139,-4.0,-4.0,-2.0,-3.0,-4.0,6.975,1.251,0.0,0.0,0.0,0.0,0.0,0.0,0.0,0.0,0.0,0.0
BtcGF,BTCUSDc,195,19.2373,28.856,4,1.0106,15.08,388,38.9175,1,17,0,0.01,1.1,1.5,0.0,0.0,16385,1,24.504,0,0,2,0,0.6,4.983,2.97,-0.028,2.613,-1.0,0.993,2.976,-3.0,1.496,0.961,0.54,-1.972,-0.506,-3.0,0.478,2.273,0.995,0.989,-1.009,-0.752,1.464,-1.501,0.433,-2.51,-0.453,2.661,-0.5,-3.5,0.066,-1.5,-0.505,2.014,-1.029,-1.505,-4.0,5.338,-2.0,-1.024,-2.0,-3.0,-3.0,-3.0,-1.0,-4.999,4.93,4.978,-3.0,2.0,-3.0,0.0,0.0,-1.0,2.649,2.978,-1.0,-1.0,0.0,-1.0,1.494,-1.0,0.0,0.0,0.0,0.0,0.0,-1.0,0.0,0.0,-1.0,0.0,0.0,1.499,-1.0,0.0,0.0,1.498,-2.0,3.846,1.498,1.766,-2.0,0.5,3.124,0.494,4.959,1.697,0.494,-0.558,8.07,4.294,-1.516,-1.452,-2.508,-0.503,-3.0,0.814,1.971,5.805,-0.513,-0.461,0.989,3.465,-0.039,-2.507,3.522,1.676,1.978,-2.504,-2.502,4.081,-3.504,-2.527,-2.0,-0.275,4.928,-2.0,-0.177,0.488,4.972,1.995,0.0,0.0,0.0,0.0,0.0,0.0,0.0,0.0,0.0,0.0
BtcGF,BTCUSDc,181,10.545,21.09,3,1.1225,11.95,421,50.3563,1,13,0,0.01,1.1,1.0,0.0,0.0,16385,1,18.57,0,0,2,0,0.6,2.947,2.979,-1.019,1.898,-0.383,2.985,1.977,0.202,0.997,-0.013,-1.005,-0.735,-2.004,-1.004,-0.01,1.988,2.015,-0.007,-2.006,-1.927,-0.023,-0.001,1.205,-3.006,3.044,-0.013,0.999,-4.0,-0.715,0.0,0.995,2.034,2.813,-2.004,-1.705,-1.009,-1.014,1.323,-2.0,-3.0,-3.0,-3.0,1.389,-1.014,2.794,2.986,-3.0,1.0,-3.0,0.0,-1.0,0.0,0.99,1.986,0.995,-1.0,0.0,2.634,0.996,0.991,0.0,0.0,0.0,0.0,0.0,-1.0,0.0,0.0,-1.0,0.0,0.0,0.999,-1.0,0.0,0.0,0.998,-0.014,1.516,0.998,-0.013,-2.0,0.0,1.988,-0.004,5.15,-1.011,-0.004,-2.01,4.465,0.972,-1.017,0.329,-0.796,1.994,-1.016,-0.036,0.976,2.683,1.244,-1.209,-0.007,1.975,1.99,2.268,1.973,4.389,-0.017,-3.003,-2.002,2.505,-4.003,-1.012,-5.005,-1.881,2.189,3.036,-2.003,-0.008,2.982,0.997,0.0,0.0,0.0,0.0,0.0,0.0,0.0,0.0,0.0,0.0
BtcGF,BTCUSDc,24,47.2425,56.691,5,1.9855,63.14,384,29.6875,1,11,0,0.01,1.1,2.0,0.0,0.0,16385,1,20.895,8,0,2,0,0.0,6.493,3.952,0.963,-1.0,-1.0,2.824,-0.015,-3.0,1.994,1.954,-3.0,-1.21,-1.008,-3.0,-1.025,4.983,1.993,-1.008,0.548,-2.556,2.311,-1.002,9.658,-2.013,0.23,5.122,-0.001,-3.001,1.479,-1.0,-3.0,1.627,-5.0,-1.007,-4.0,10.377,-2.0,-2.028,-2.0,-3.0,-4.0,-3.0,-2.0,-5.0,4.625,4.034,-1.002,2.998,-3.0,0.0,-1.0,0.0,3.647,3.971,-1.0,-1.0,0.0,-1.0,1.993,-1.0,0.0,0.0,0.0,0.0,0.0,-1.0,0.0,0.0,-1.0,0.0,0.0,1.999,-1.0,0.0,0.0,-1.0,-2.999,1.99,1.997,-2.0,-2.0,1.218,5.775,0.992,-1.013,0.068,2.991,1.981,-0.008,0.605,-1.022,-7.0,-2.011,-0.003,-2.338,-4.0,2.966,8.256,-2.018,-4.002,35.786,4.953,-2.001,-5.0,1.744,6.522,2.917,-2.005,-4.0,2.984,-3.006,13.589,-2.0,-5.0,0.936,-3.0,-2.004,-1.015,8.973,2.994,0.0,0.0,0.0,0.0,0.0,0.0,0.0,0.0,0.0,0.0
BtcGF,BTCUSDc,242,9.3515,18.703,3,1.2854,9.67,417,50.8393,1,15,0,0.01,1.1,1.0,0.0,0.0,16385,1,16.894,0,0,2,0,0.8,2.947,2.979,-2.014,1.415,-0.638,2.985,1.977,0.202,0.997,-0.013,-1.005,-0.735,-1.004,-1.004,-0.01,1.988,2.015,-0.007,-3.003,-1.927,-0.023,-0.001,1.26,-3.006,3.044,-0.013,0.999,-4.0,-0.645,0.0,0.995,1.988,2.446,-2.004,-2.475,1.6,-1.014,-0.912,-2.0,-3.0,-0.463,0.269,1.389,-1.014,1.98,2.986,-3.0,1.0,-3.0,0.0,0.0,-1.0,1.322,1.986,0.995,-1.0,0.0,1.99,0.996,0.991,0.0,0.0,0.0,0.0,0.0,-1.0,0.0,0.0,-1.0,0.0,0.0,0.999,-1.0,0.0,0.0,0.998,-0.014,0.805,0.998,-0.013,-2.0,0.0,2.028,-0.004,4.965,-1.011,-0.004,-2.01,3.378,1.394,-1.017,0.636,-0.796,1.994,-1.016,-0.911,0.976,2.315,-2.015,-1.557,-0.007,1.975,1.99,2.449,1.973,4.409,-0.017,-3.003,-3.001,2.482,-4.001,1.995,-5.005,-2.502,2.299,2.77,-2.003,-0.008,2.982,0.997,0.0,0.0,0.0,0.0,0.0,0.0,0.0,0.0,0.0,0.0
BtcGF,BTCUSDc,297,2.177,6.531,2,0.2162,161.57,332,21.0843,1,13,0,0.01,1.1,3.0,0.0,1.0,16385,1,-4.021,16,0,2,0,0.8,1.993,1.991,0.151,0.0,-1.0,-3.0,1.977,-3.0,2.992,4.379,-2.0,-4.0,-3.0,-3.0,-1.0,-2.0,10.552,-0.012,-5.0,-6.0,1.986,-4.0,0.991,10.533,-3.0,3.246,0.999,-2.001,-0.007,-0.016,-3.0,10.127,2.81,-0.011,-4.0,7.865,-2.0,-1.042,-2.0,-3.0,0.931,-2.0,-1.0,-2.0,-3.0,6.964,0.938,1.999,-3.0,0.0,0.0,-1.0,6.034,5.956,-1.0,-1.0,0.0,-1.0,-1.0,-1.0,0.0,0.0,0.0,0.0,0.0,-1.0,0.0,0.0,-1.0,0.0,0.0,2.998,-1.0,0.0,0.0,-1.0,-2.0,-1.999,2.995,-1.0,-1.999,-2.0,5.15,4.823,-0.019,0.698,-1.007,1.973,2.077,5.146,-0.033,2.402,-1.016,0.995,-3.0,-3.0,1.994,-3.0,-1.027,-1.002,0.994,6.928,-4.0,-5.0,1.306,-1.029,2.144,-1.008,-4.0,6.359,-2.009,-4.0,-6.0,-3.0,2.146,-2.0,-3.0,-3.0,6.975,1.251,0.0,0.0,0.0,0.0,0.0,0.0,0.0,0.0,0.0,0.0
BtcGF,BTCUSDc,75,7.6623,22.987,2,0.8665,31.57,398,37.4372,1,17,0,0.01,1.1,1.5,0.0,0.0,16385,1,15.729,6,0,2,0,0.2,4.983,2.97,-0.028,2.613,-1.0,0.993,2.976,-3.0,1.496,0.961,0.54,-1.972,-0.506,-3.0,-1.522,8.561,0.995,0.989,-1.009,-0.752,1.464,-1.501,2.835,-2.51,-0.453,2.661,-0.5,-3.5,0.066,-1.5,-0.505,2.014,-1.029,-1.505,-4.0,6.454,-2.0,-1.024,-2.0,-3.0,-3.0,-3.0,-1.0,-5.0,0.984,4.978,-1.501,2.0,-3.0,0.0,-1.0,0.0,3.512,2.978,-1.0,-1.0,0.0,-1.0,1.494,-1.0,0.0,0.0,0.0,0.0,0.0,-1.0,0.0,0.0,-1.0,0.0,0.0,1.499,-1.0,0.0,0.0,1.498,-3.0,0.992,1.498,5.519,-2.0,0.5,3.124,0.494,4.959,4.809,0.494,-0.558,8.07,5.001,-1.516,-1.452,-2.508,-0.503,-3.502,-4.0,0.971,2.46,-2.513,3.258,0.989,3.465,-0.039,-2.507,3.722,1.676,1.978,-2.504,-2.502,4.081,-3.504,-2.527,-2.0,-5.0,4.913,-1.503,-4.0,0.488,4.972,1.995,0.0,0.0,0.0,0.0,0.0,0.0,0.0,0.0,0.0,0.0
BtcGF,BTCUSDc,196,18.1533,27.23,4,0.985,17.91,387,38.5013,1,11,0,0.01,1.1,1.5,0.0,0.5,16385,1,22.353,0,0,2,0,0.6,4.472,2.97,-0.028,2.437,-1.0,1.39,2.976,-3.0,1.496,0.961,-0.508,-2.505,-1.506,-3.0,0.478,1.696,0.995,0.989,-1.009,-1.028,2.482,-1.501,0.433,-2.51,-0.453,2.353,-0.5,-3.5,0.066,-1.5,-0.505,2.409,-0.119,-1.505,-4.0,6.126,-2.0,-1.024,-2.0,-3.0,-3.0,-3.0,-1.0,-4.0,4.909,5.018,-3.0,2.0,-3.0,0.0,-1.0,0.0,1.485,2.978,-1.0,-1.0,0.0,-1.0,1.494,-1.0,0.0,0.0,0.0,0.0,0.0,-1.0,0.0,0.0,-1.0,0.0,0.0,1.499,-1.0,0.0,0.0,1.498,-2.0,3.674,1.498,1.584,-2.0,0.5,3.33,0.494,4.959,1.609,1.494,-0.631,8.135,2.457,-1.516,-1.924,-2.508,-0.503,-3.0,0.625,1.971,6.353,-2.513,-1.02,2.268,3.465,1.333,-2.507,2.523,3.981,1.916,-2.504,-2.502,0.988,-3.504,-1.166,-2.0,-1.174,7.015,-2.0,-0.334,0.488,4.972,1.995,0.0,0.0,0.0,0.0,0.0,0.0,0.0,0.0,0.0,0.0
BtcGF,BTCUSDc,201,8.148,16.296,3,0.5299,19.31,385,39.4805,1,13,0,0.01,1.1,1.5,0.0,1.0,16385,1,13.15,0,0,2,0,0.6,4.472,2.97,-1.52,2.571,-1.0,0.993,2.976,-3.0,1.496,0.961,-0.508,-2.505,-0.506,-3.0,0.478,2.252,0.995,0.989,-2.504,-1.028,1.464,-1.501,0.428,-2.51,-1.501,2.154,-0.5,-3.5,-1.016,-1.5,-0.505,1.958,-1.511,-1.505,-4.0,4.685,-2.0,-1.024,-2.0,-3.0,-0.534,-2.0,-1.0,-4.0,3.471,4.978,-0.536,2.0,-3.0,0.0,0.0,-1.0,1.485,2.978,-1.0,-1.0,0.0,-1.0,1.494,-1.0,0.0,0.0,0.0,0.0,0.0,-1.0,0.0,0.0,-1.0,0.0,0.0,1.499,-1.0,0.0,0.0,1.498,-2.0,2.501,1.498,2.146,-2.0,0.5,4.48,0.494,4.959,1.385,1.494,-0.237,6.652,2.457,-1.516,1.56,-2.508,-0.503,-3.0,0.934,1.971,3.924,-2.513,-2.501,0.989,3.465,1.36,-2.507,4.884,-0.021,1.978,-2.504,-2.502,4.814,-3.504,-1.166,-6.0,-0.093,3.786,-2.0,-1.346,0.488,4.972,1.995,0.0,0.0,0.0,0.0,0.0,0.0,0.0,0.0,0.0,0.0
BtcGF,BTCUSDc,205,11.4373,17.156,4,0.664,39.87,366,30.6011,1,13,0,0.01,1.1,2.0,0.0,0.0,16385,1,10.316,5,0,2,0,0.6,6.493,3.952,0.963,-1.0,-2.0,2.138,-0.015,-3.0,1.994,1.954,-3.0,-1.21,-1.008,-3.0,-2.0,7.39,1.993,-1.008,-0.013,-2.556,-1.022,-1.002,6.142,-2.013,0.105,3.677,-0.001,-3.001,1.479,-1.0,-3.0,1.206,0.928,-1.007,-4.0,6.834,-2.0,-1.027,-2.0,-3.0,-3.0,-3.0,-2.0,-5.0,2.113,3.977,-3.0,2.998,-3.0,0.0,-1.0,0.0,2.4,3.971,-1.0,-1.0,0.0,-1.0,1.993,-1.0,0.0,0.0,0.0,0.0,0.0,-1.0,0.0,0.0,-1.0,0.0,0.0,1.999,-1.0,0.0,0.0,-1.0,-2.0,-2.0,1.997,-2.0,-1.0,1.218,5.528,0.992,-1.012,-0.622,2.991,1.981,4.656,0.605,-1.022,-7.0,-2.011,-0.003,-3.0,-4.0,2.966,10.465,-0.018,2.389,1.986,4.953,3.32,-5.0,1.054,2.531,3.046,-2.005,-2.003,2.984,-3.006,1.311,-6.0,-3.0,6.117,-2.0,-3.0,-1.015,8.973,2.994,0.0,0.0,0.0,0.0,0.0,0.0,0.0,0.0,0.0,0.0
BtcGF,BTCUSDc,39,16.914,25.371,4,0.9311,65.23,359,23.3983,1,17,0,0.01,1.1,2.5,0.0,0.0,16385,1,8.821,10,0,2,0,0.0,2.304,2.043,2.077,0.0,-1.0,-0.249,1.981,-3.0,2.493,0.495,-3.0,-4.0,-3.0,-3.0,-4.0,14.55,3.002,0.49,0.985,-6.0,-0.496,-4.0,11.705,-1.516,-3.0,6.4,0.499,-2.501,3.822,-4.0,-3.0,2.09,0.591,-0.509,-4.0,12.242,-2.0,-1.535,-2.0,-3.0,-3.0,-3.0,-1.0,-5.0,-4.0,5.47,-4.0,0.499,-3.0,0.0,-1.0,0.0,5.956,4.963,-1.0,-1.0,0.0,-1.0,-1.0,-1.0,0.0,0.0,0.0,0.0,0.0,-1.0,0.0,0.0,-1.0,0.0,0.0,2.499,-1.0,0.0,0.0,-1.0,-3.0,0.491,2.496,-2.0,-2.0,1.471,1.485,3.431,-0.516,7.929,0.992,0.978,6.614,3.857,-0.527,0.39,-1.514,0.496,-2.341,-4.0,0.495,3.372,1.261,9.178,0.495,14.626,-5.0,-5.0,-0.492,6.114,7.34,-1.507,-4.0,3.986,-2.507,-4.0,-2.0,-5.0,-4.0,-3.0,-0.728,-4.0,8.975,0.681,0.0,0.0,0.0,0.0,0.0,0.0,0.0,0.0,0.0,0.0
BtcGF,BTCUSDc,103,35.4942,42.593,5,1.5078,38.86,359,24.234,1,17,0,0.01,1.1,2.5,0.0,0.5,16385,1,26.043,12,0,2,0,0.2,1.494,1.492,2.077,0.0,-1.0,-0.249,1.981,-3.0,2.493,-0.505,-2.0,-4.0,-3.0,-3.0,-4.0,14.55,3.002,0.49,0.985,-6.0,-0.496,-4.0,11.705,-1.516,-3.0,6.4,0.499,-2.501,3.822,-0.515,-3.0,3.174,3.478,-0.509,-4.0,12.821,-2.0,-0.535,-2.0,-3.0,1.871,-3.0,-1.0,-4.0,-4.0,5.47,-4.0,0.499,-3.0,0.0,-1.0,0.0,5.956,4.963,-1.0,-1.0,0.0,-1.0,-1.0,-1.0,0.0,0.0,0.0,0.0,0.0,-1.0,0.0,0.0,-1.0,0.0,0.0,2.499,-1.0,0.0,0.0,-1.0,-2.0,0.491,2.496,-2.0,-2.0,1.471,1.485,3.431,-0.516,7.929,0.992,0.978,5.05,3.857,-0.527,3.63,-1.514,0.496,-2.503,-4.0,0.495,3.372,0.261,9.178,0.495,14.626,-5.0,-5.0,-0.492,8.928,7.689,-1.507,-4.0,2.986,-2.507,-4.0,-2.0,-5.0,-4.0,-3.0,-0.728,-4.0,8.975,0.681,0.0,0.0,0.0,0.0,0.0,0.0,0.0,0.0,0.0,0.0
BtcGF,BTCUSDc,176,30.1225,36.147,5,1.0947,44.57,346,20.2312,1,11,0,0.01,1.1,3.0,0.0,1.0,16385,1,20.036,15,0,2,0,0.4,1.993,1.991,0.151,0.0,-1.0,-3.0,1.977,-3.0,2.992,2.835,-3.0,-4.0,-3.0,-3.0,-3.0,-4.0,-0.009,-0.012,-5.0,-6.0,7.106,-4.0,0.991,16.092,-0.003,6.281,0.999,-2.001,-0.007,-0.016,-3.0,-4.0,-4.0,-0.011,-4.0,13.844,-2.0,-1.042,-2.0,-3.0,0.931,-2.0,-1.0,-4.0,5.99,6.964,0.938,1.999,-3.0,0.0,0.0,-1.0,11.043,5.956,-1.0,-1.0,0.0,-1.0,-1.0,-1.0,0.0,0.0,0.0,0.0,0.0,-1.0,0.0,0.0,-1.0,0.0,0.0,2.998,-1.0,0.0,0.0,-1.0,-2.0,0.989,2.995,-2.0,-2.0,-2.0,5.027,5.364,-0.019,3.594,-1.007,2.794,4.015,5.146,-0.033,2.402,-1.016,0.995,-3.0,-4.0,0.994,-3.0,-1.027,-1.002,7.882,11.13,-6.0,-4.0,10.714,3.21,1.879,0.776,-4.0,6.779,-2.009,-4.0,-2.0,-4.0,5.63,-2.0,-3.0,-4.0,6.975,-3.0,0.0,0.0,0.0,0.0,0.0,0.0,0.0,0.0,0.0,0.0
BtcGF,BTCUSDc,167,18.0053,27.008,4,1.2861,40.21,347,25.3602,1,17,0,0.01,1.1,2.5,0.0,1.0,16385,1,16.147,11,0,2,0,0.4,1.494,1.492,-0.41,0.0,-1.0,-0.502,1.981,-3.0,2.493,0.495,-3.0,-4.0,-3.0,-3.0,-4.0,8.861,2.992,0.49,-1.507,-6.0,-0.496,-4.0,9.112,-1.516,-0.502,6.4,0.499,-2.501,1.972,-0.515,-3.0,1.968,-0.518,-0.509,-4.0,9.907,-2.0,-0.535,-2.0,-3.0,0.441,-2.0,-1.0,-4.0,-4.0,5.47,0.447,0.499,-3.0,0.0,0.0,-1.0,5.343,4.963,-1.0,-1.0,0.0,-1.0,-1.0,-1.0,0.0,0.0,0.0,0.0,0.0,-1.0,0.0,0.0,-1.0,0.0,0.0,2.499,-1.0,0.0,0.0,-1.0,-2.0,0.491,2.496,-2.0,-2.0,1.471,1.485,3.431,-0.516,4.068,1.992,0.978,5.05,3.857,-0.527,3.63,-1.514,0.496,-3.0,-3.0,0.495,5.826,1.261,-1.502,0.495,14.626,-5.0,-5.0,7.039,5.714,7.689,-1.507,-4.0,3.986,-2.507,-4.0,-2.0,-4.0,2.542,-2.0,-3.0,-4.0,8.975,0.681,0.0,0.0,0.0,0.0,0.0,0.0,0.0,0.0,0.0,0.0
BtcGF,BTCUSDc,50,-7.0393,-10.559,4,-0.3106,0.0,359,19.7772,1,15,0,0.01,1.1,3.0,0.0,0.0,16385,1,-26.962,10,0,2,0,0.0,3.085,1.991,3.136,0.0,-3.0,-3.0,1.977,-3.0,2.992,0.994,-3.0,-4.0,-3.0,-3.0,-4.0,-4.0,0.074,-0.012,-2.01,-6.0,1.986,-4.0,0.991,14.131,-3.0,-4.0,0.999,-2.001,-0.007,-0.016,-3.0,4.935,7.967,-0.011,-4.0,18.714,-2.0,-1.042,-2.0,-3.0,-3.0,-3.0,-2.0,-5.0,-3.0,6.964,-4.0,1.999,-3.0,0.0,-1.0,0.0,7.237,5.956,-1.0,-1.0,0.0,-1.0,-1.0,-1.0,0.0,0.0,0.0,0.0,0.0,-1.0,0.0,0.0,-1.0,0.0,0.0,2.998,-1.0,0.0,0.0,-1.0,-3.0,0.989,2.995,-2.0,-2.0,-2.0,1.982,4.823,-0.019,3.594,-1.007,1.973,5.391,2.158,-1.033,1.216,-1.016,0.995,-1.771,-4.0,1.994,-1.0,3.801,-3.002,0.994,6.928,-4.0,-5.0,3.005,2.963,7.194,-1.008,-4.0,4.058,-2.009,-4.0,-6.0,-4.0,-4.0,-3.0,-3.0,-4.0,6.975,1.251,0.0,0.0,0.0,0.0,0.0,0.0,0.0,0.0,0.0,0.0
BtcGF,BTCUSDc,197,15.2015,30.403,3,1.218,14.08,391,38.8747,1,13,0,0.01,1.1,1.5,0.0,0.5,16385,1,26.121,0,0,2,0,0.6,4.472,2.97,-0.028,3.461,-2.0,0.993,2.976,-3.0,1.496,0.961,-0.508,-2.505,-1.506,-3.0,0.478,2.252,0.995,0.989,-1.009,-1.028,1.464,-1.501,0.428,-2.51,-0.453,2.154,-0.5,-3.5,0.066,-1.5,-0.505,2.409,-0.119,-1.505,-4.0,5.268,-2.0,-0.023,-2.0,-3.0,0.208,-3.0,-1.0,-4.0,4.934,4.978,-3.0,2.0,-3.0,0.0,-1.0,0.0,1.485,2.978,-1.0,-1.0,0.0,-1.0,1.494,-1.0,0.0,0.0,0.0,0.0,0.0,-1.0,0.0,0.0,-1.0,0.0,0.0,1.499,-1.0,0.0,0.0,1.498,-2.0,4.375,1.498,2.146,-2.0,0.5,4.48,0.494,4.959,1.609,1.494,-0.631,8.135,2.457,-1.516,-1.924,-2.508,-0.503,-3.0,0.617,1.971,6.353,-0.513,0.39,0.989,3.465,1.36,-2.507,4.884,0.965,1.978,-2.504,-1.004,0.988,-3.504,-1.166,-6.0,1.087,4.127,-2.0,-0.299,0.488,4.972,1.995,0.0,0.0,0.0,0.0,0.0,0.0,0.0,0.0,0.0,0.0
BtcGF,BTCUSDc,298,-5.8843,-17.653,2,-0.545,0.0,331,20.5438,1,15,0,0.01,1.1,3.0,0.0,1.0,16385,1,-24.969,12,0,2,0,0.8,1.993,1.991,0.151,0.0,-1.0,-3.0,1.977,-3.0,2.992,1.994,-2.0,-4.0,-3.0,-3.0,-1.0,-2.0,-0.009,-0.012,-5.0,-6.0,1.986,-4.0,0.991,6.679,-3.0,-4.0,0.999,-2.001,-0.007,-0.016,-3.0,10.517,3.284,-0.011,-4.0,7.865,-2.0,-0.042,-2.0,-3.0,0.931,-2.0,-1.0,-2.0,-4.0,6.964,0.938,1.999,-3.0,0.0,0.0,-1.0,6.034,5.956,-1.0,-1.0,0.0,-1.0,-1.0,-1.0,0.0,0.0,0.0,0.0,0.0,-1.0,0.0,0.0,-1.0,0.0,0.0,2.998,-1.0,0.0,0.0,-1.0,-2.0,-1.999,2.995,-1.0,-2.0,-2.0,1.982,4.823,-0.019,0.698,-1.007,1.973,0.634,5.146,-0.033,2.402,-1.016,0.995,-3.0,-3.0,1.994,-3.0,-1.027,-1.002,0.994,12.255,-4.0,-5.0,0.861,-1.029,2.144,-1.008,-4.0,4.058,-2.009,-4.0,-6.0,-3.0,3.175,-2.0,-3.0,-3.0,6.975,1.251,0.0,0.0,0.0,0.0,0.0,0.0,0.0,0.0,0.0,0.0
BtcGF,BTCUSDc,147,21.392,32.088,4,1.116,24.95,363,31.405,1,17,0,0.01,1.1,2.0,0.0,0.0,16385,1,24.083,7,0,2,0,0.4,6.9,3.952,0.963,-1.0,-1.0,2.138,0.985,-3.0,1.994,1.954,-3.0,-1.21,-0.008,-3.0,-4.0,11.024,1.993,-0.008,-0.013,-2.556,-1.022,-1.002,6.305,-2.013,0.105,4.531,-0.001,-3.001,2.444,-4.0,-3.0,1.06,-0.22,-1.007,-4.0,7.999,-2.0,-2.028,-2.0,-3.0,-3.0,-3.0,-1.0,-5.0,-1.002,3.977,-1.002,2.998,-3.0,0.0,-1.0,0.0,4.734,3.971,-1.0,-1.0,0.0,-1.0,1.993,-1.0,0.0,0.0,0.0,0.0,0.0,-1.0,0.0,0.0,-1.0,0.0,0.0,1.999,-1.0,0.0,0.0,-1.0,-2.0,-2.0,1.997,-2.0,-2.0,0.985,4.221,0.992,-1.013,2.141,1.991,2.18,3.379,2.586,-1.022,-0.595,-2.011,-0.003,-4.0,-4.0,2.966,12.496,-0.018,3.103,1.986,4.953,0.957,-5.0,-1.009,6.061,3.032,-2.005,-4.0,3.647,-3.006,-1.033,-2.0,-4.0,8.252,-2.0,-3.0,-1.015,8.973,2.994,0.0,0.0,0.0,0.0,0.0,0.0,0.0,0.0,0.0,0.0
BtcGF,BTCUSDc,268,5.062,7.593,4,0.3465,67.63,358,30.7263,1,11,0,0.01,1.1,2.0,0.0,0.5,16385,1,2.458,1,0,2,0,0.8,5.964,3.952,-1.027,-1.0,-1.0,2.138,-0.015,-3.0,1.994,1.954,-3.0,-2.007,-1.008,-3.0,0.975,5.631,1.993,-1.008,-2.006,-3.016,0.423,-1.002,5.129,-2.013,0.23,4.384,-0.001,-3.001,1.627,-1.0,-3.0,1.8,0.284,-1.007,-4.0,4.628,-2.0,-2.028,-2.0,-3.0,1.144,-3.0,-1.0,-2.0,-1.001,4.034,-3.0,2.998,-3.0,0.0,0.0,-1.0,3.647,3.971,-1.0,-1.0,0.0,-1.0,1.993,-1.0,0.0,0.0,0.0,0.0,0.0,-1.0,0.0,0.0,-1.0,0.0,0.0,1.999,-1.0,0.0,0.0,-1.0,-2.0,-1.999,1.997,-2.0,-1.0,1.218,5.775,0.992,-1.013,-1.521,2.991,1.981,2.971,0.605,-1.022,-3.804,-2.011,-0.003,-3.0,-4.0,2.966,5.691,-2.018,-0.783,3.489,4.953,2.445,-5.0,-0.43,5.292,3.05,-2.005,-3.999,1.984,-3.005,0.433,-2.0,-4.0,3.669,-2.0,-3.0,-1.015,8.973,2.994,0.0,0.0,0.0,0.0,0.0,0.0,0.0,0.0,0.0,0.0
BtcGF,BTCUSDc,184,6.7265,13.453,3,0.671,16.36,420,49.5238,1,11,0,0.01,1.1,1.0,0.0,0.5,16385,1,11.252,0,0,2,0,0.6,2.982,2.979,-1.019,1.368,0.734,3.206,1.977,-0.029,0.997,-0.013,-1.005,-1.005,-2.004,-1.004,-0.01,1.988,2.015,-0.007,-2.006,-2.018,-0.023,-0.001,1.355,-3.006,2.969,-0.013,0.999,-4.0,-0.318,0.0,0.995,2.039,2.818,-2.004,-2.02,-0.278,-1.014,-0.224,-2.0,-3.0,-3.0,-3.0,1.156,-0.003,2.794,3.01,-3.0,1.0,-3.0,0.0,-1.0,0.0,0.99,1.986,0.995,-1.0,0.0,2.634,0.996,0.991,0.0,0.0,0.0,0.0,0.0,-1.0,0.0,0.0,-1.0,0.0,0.0,0.999,-1.0,0.0,0.0,0.998,-0.014,0.517,0.998,-0.013,-2.0,0.0,1.988,-0.004,5.15,-1.011,-0.004,-2.01,3.697,0.972,-1.017,0.033,-0.585,1.994,-1.016,-0.028,0.976,2.888,-2.012,-1.209,-0.007,1.975,1.99,2.725,-0.022,4.744,-0.017,-3.003,-3.001,-0.008,-4.003,-1.012,-5.005,-2.226,3.898,3.221,-2.003,-0.008,2.982,0.997,0.0,0.0,0.0,0.0,0.0,0.0,0.0,0.0,0.0,0.0
BtcGF,BTCUSDc,260,8.996,17.992,3,0.6392,16.7,378,40.2116,1,11,0,0.01,1.1,1.5,0.0,1.0,16385,1,14.988,0,0,2,0,0.8,4.472,2.97,-1.52,2.168,-1.0,0.993,2.976,-3.0,1.496,0.961,-0.508,-2.505,-0.506,-3.0,0.478,1.697,0.995,0.989,-2.504,-1.028,2.125,-1.501,-0.129,-2.51,0.192,1.954,-0.5,-3.5,-1.016,-1.5,-0.505,1.958,-1.511,-1.505,-4.0,4.252,-2.0,-1.024,-2.0,-3.0,-0.534,-2.0,-1.0,-2.0,4.988,4.978,-0.536,2.0,-3.0,0.0,0.0,-1.0,1.485,2.978,-1.0,-1.0,0.0,-1.0,1.494,-1.0,0.0,0.0,0.0,0.0,0.0,-1.0,0.0,0.0,-1.0,0.0,0.0,1.499,-1.0,0.0,0.0,1.498,-2.0,2.327,1.498,1.295,-2.0,0.5,3.33,0.494,4.959,0.856,1.494,-0.254,6.246,2.457,-1.516,1.56,-2.508,-0.503,-3.0,0.934,1.971,3.924,-2.513,-2.501,1.797,3.465,0.821,-2.507,2.894,2.528,1.916,-2.504,-2.502,4.309,-3.504,-1.675,-2.0,-1.847,3.306,-2.0,-1.764,0.488,4.972,1.995,0.0,0.0,0.0,0.0,0.0,0.0,0.0,0.0,0.0,0.0
BtcGF,BTCUSDc,215,9.6873,14.531,4,0.5858,34.65,351,32.4786,1,17,0,0.01,1.1,2.0,0.0,1.0,16385,1,9.496,1,0,2,0,0.6,5.964,3.952,-1.027,-1.0,-1.0,1.991,0.985,-3.0,1.994,1.954,-3.0,-2.007,-0.008,-3.0,-2.0,6.028,1.993,-0.008,-2.006,-3.016,-1.022,-1.002,4.575,-2.013,-1.002,4.531,-0.001,-3.001,0.978,-1.0,-3.0,0.971,-1.015,-1.007,-4.0,5.305,-2.0,-1.028,-2.0,-3.0,-0.05,-2.0,-1.0,-3.999,1.98,3.977,-0.045,2.998,-3.0,0.0,0.0,-1.0,3.827,3.971,-1.0,-1.0,0.0,-1.0,1.993,-1.0,0.0,0.0,0.0,0.0,0.0,-1.0,0.0,0.0,-1.0,0.0,0.0,1.999,-1.0,0.0,0.0,-1.0,-2.0,-2.0,1.997,-1.0,-2.0,0.985,3.975,0.992,-1.013,0.268,2.991,3.521,-0.008,2.586,-1.022,2.131,-2.011,-0.003,-3.0,0.035,2.966,6.912,-2.018,-2.001,1.986,4.953,0.957,-5.0,-1.009,4.957,3.032,-2.005,-4.0,3.647,-3.006,-1.033,-2.0,-4.0,4.108,-2.0,-3.0,-1.015,8.973,2.994,0.0,0.0,0.0,0.0,0.0,0.0,0.0,0.0,0.0,0.0
BtcGF,BTCUSDc,299,4.3265,8.653,3,0.2927,84.55,324,21.6049,1,17,0,0.01,1.1,3.0,0.0,1.0,16385,1,1.337,16,0,2,0,0.8,1.993,1.991,0.151,0.0,-1.0,-3.0,2.977,-3.0,2.992,1.994,-2.0,-4.0,-3.0,-3.0,-1.0,-2.0,-0.008,0.988,-5.0,-6.0,0.456,-4.0,0.991,6.679,-3.0,3.948,0.999,-2.001,-0.007,-0.016,-3.0,9.935,3.284,-0.011,-4.0,7.865,-2.0,-0.042,-2.0,-3.0,0.931,-2.0,-1.0,-2.0,-3.999,6.964,0.938,0.999,-3.0,0.0,0.0,-1.0,6.034,5.956,-1.0,-1.0,0.0,-1.0,-1.0,-1.0,0.0,0.0,0.0,0.0,0.0,-1.0,0.0,0.0,-1.0,0.0,0.0,2.998,-1.0,0.0,0.0,-1.0,-2.0,-1.999,2.995,-1.0,-2.0,0.0,0.982,4.823,-0.019,1.271,-1.007,1.973,8.363,2.158,-1.033,5.114,-1.016,0.995,-3.0,-3.0,1.994,-3.0,-1.027,-1.002,0.994,12.255,-6.0,-4.0,0.861,-1.029,9.883,-1.008,-4.0,5.761,-2.009,-4.0,-2.0,-4.0,3.175,-2.0,-3.0,-3.0,6.975,1.251,0.0,0.0,0.0,0.0,0.0,0.0,0.0,0.0,0.0,0.0
BtcGF,BTCUSDc,212,12.13,18.195,4,0.7685,33.95,358,31.8436,1,11,0,0.01,1.1,2.0,0.0,1.0,16385,1,12.018,3,0,2,0,0.6,5.964,3.952,-1.027,-1.0,-1.0,1.991,-0.015,-3.0,1.994,1.954,-3.0,-2.007,-0.008,-3.0,0.975,6.296,1.993,-1.008,-2.006,-3.016,1.204,-1.002,6.171,-2.013,-1.002,5.306,-0.001,-3.001,0.978,-1.0,-3.0,1.141,-1.015,-1.007,-4.0,5.305,-2.0,-2.028,-2.0,-3.0,-0.05,-2.0,-1.0,-4.0,1.98,3.977,-0.045,2.998,-3.0,0.0,0.0,-1.0,4.908,3.971,-1.0,-1.0,0.0,-1.0,1.993,-1.0,0.0,0.0,0.0,0.0,0.0,-1.0,0.0,0.0,-1.0,0.0,0.0,1.999,-1.0,0.0,0.0,-1.0,-2.0,-2.0,1.997,-2.0,-2.0,1.218,5.775,0.992,-1.012,-0.622,2.991,2.551,-0.008,0.605,-1.022,0.177,-2.011,-0.003,-3.0,-0.965,2.966,2.938,-2.018,-2.001,4.364,4.953,3.329,-5.0,0.983,4.086,3.05,-2.005,-4.0,2.984,-3.006,1.311,-2.0,-4.0,3.847,-2.0,-3.0,-1.015,8.973,2.994,0.0,0.0,0.0,0.0,0.0,0.0,0.0,0.0,0.0,0.0
BtcGF,BTCUSDc,209,21.5625,25.875,5,1.4389,24.72,365,31.2329,1,13,0,0.01,1.1,2.0,0.0,0.5,16385,1,19.478,5,0,2,0,0.6,5.964,3.952,0.963,-1.0,-2.0,2.138,-0.015,-3.0,1.994,1.954,-3.0,-2.007,-1.008,-3.0,-2.0,7.39,1.993,-1.008,-0.013,-3.016,-1.022,-1.002,6.142,-2.013,0.105,3.857,-0.001,-3.001,2.444,-1.0,-3.0,1.8,0.94,-1.007,-4.0,6.386,-2.0,-1.027,-2.0,-3.0,1.034,-3.0,-1.0,-4.0,2.113,3.977,-3.0,2.998,-3.0,0.0,-1.0,0.0,2.4,3.971,-1.0,-1.0,0.0,-1.0,1.993,-1.0,0.0,0.0,0.0,0.0,0.0,-1.0,0.0,0.0,-1.0,0.0,0.0,1.999,-1.0,0.0,0.0,-1.0,-2.0,-2.0,1.997,-2.0,-1.0,1.218,7.518,0.992,-1.012,-0.622,2.991,1.981,2.971,0.605,-1.022,-3.804,-2.011,-0.003,-3.0,-4.0,2.966,10.831,-0.018,2.557,1.986,4.953,3.32,-5.0,1.054,2.531,3.179,-2.005,-2.003,1.984,-3.006,1.311,-6.0,-3.0,6.117,-2.0,-3.0,-1.015,8.973,2.994,0.0,0.0,0.0,0.0,0.0,0.0,0.0,0.0,0.0,0.0
BtcGF,BTCUSDc,13,24.9273,37.391,4,1.3372,32.64,407,37.1007,1,13,0,0.01,1.1,1.5,0.0,0.0,16385,1,25.188,5,0,2,0,0.0,4.719,2.97,-0.028,4.986,-3.0,0.993,2.976,-3.0,1.496,0.961,-0.508,-1.972,-1.506,-3.0,-1.521,4.752,0.995,0.989,-1.009,-0.752,1.464,-1.501,-3.505,-2.51,-0.453,2.021,-0.5,-3.5,-0.646,-1.5,-0.505,2.071,0.836,-1.505,-4.0,11.326,-2.0,-0.023,-2.0,-3.0,-3.0,-3.0,-2.0,-5.0,0.984,4.978,-1.501,2.0,-3.0,0.0,-1.0,0.0,1.485,2.978,-1.0,-1.0,0.0,-1.0,1.494,-1.0,0.0,0.0,0.0,0.0,0.0,-1.0,0.0,0.0,-1.0,0.0,0.0,1.499,-1.0,0.0,0.0,1.498,-3.0,0.992,1.498,11.203,-2.0,0.5,3.201,0.494,4.959,2.015,1.494,-0.631,10.997,2.457,-1.516,-2.005,-2.508,-0.503,-3.017,-4.0,1.971,7.086,-3.513,-4.501,0.989,3.465,7.46,-2.507,4.884,0.965,1.978,-2.504,-1.004,4.653,-3.504,5.964,-3.687,-4.0,4.003,-2.0,1.582,0.488,4.972,1.995,0.0,0.0,0.0,0.0,0.0,0.0,0.0,0.0,0.0,0.0
BtcGF,BTCUSDc,65,7.0815,14.163,3,0.7435,43.05,428,48.8318,1,13,0,0.01,1.1,1.0,0.0,0.5,16385,1,8.066,1,0,2,0,0.2,2.982,2.979,-1.019,2.856,1.645,2.985,1.977,-0.029,0.997,-0.013,-1.005,-1.005,-2.004,-1.004,-0.01,1.988,2.015,-0.007,-2.006,-2.018,-0.023,-0.001,1.355,-3.006,2.969,-0.013,0.999,-4.0,-0.318,0.0,0.995,2.039,-1.003,-2.004,2.097,-1.009,-1.014,1.631,-2.0,-3.0,-0.629,-3.0,0.969,-0.003,-0.011,2.986,-2.001,1.0,-3.0,0.0,-1.0,0.0,0.99,1.986,0.995,-1.0,0.0,4.721,0.996,0.991,0.0,0.0,0.0,0.0,0.0,-1.0,0.0,0.0,-1.0,0.0,0.0,0.999,-1.0,0.0,0.0,0.998,-0.014,1.87,0.998,-0.013,-2.0,0.0,1.988,-0.004,5.15,-1.011,-0.004,-2.01,4.414,0.972,-1.017,0.033,-0.585,1.994,-2.017,-1.724,0.976,3.707,-4.009,-5.001,-0.007,1.975,1.99,2.268,1.973,4.389,-0.017,-3.003,-2.002,-0.008,-4.003,-1.012,-5.005,-0.433,2.189,1.223,-2.003,-0.008,2.982,0.997,0.0,0.0,0.0,0.0,0.0,0.0,0.0,0.0,0.0,0.0
BtcGF,BTCUSDc,35,32.7058,39.247,5,2.2544,27.72,356,32.8652,1,17,0,0.01,1.1,2.0,0.0,1.0,16385,1,28.366,4,0,2,0,0.0,5.964,3.952,-1.027,-1.0,-1.0,1.991,0.985,-3.0,1.994,1.954,-3.0,-2.007,-0.008,-3.0,-4.0,14.874,1.993,-0.008,-2.006,-3.016,-1.022,-1.002,8.271,-2.013,-1.002,4.531,-0.001,-3.001,0.978,-1.0,-3.0,0.971,-1.015,-1.007,-4.0,10.743,-2.0,-1.028,-2.0,-3.0,-0.05,-2.0,-1.0,-4.0,1.98,3.977,-0.045,2.998,-3.0,0.0,0.0,-1.0,3.827,3.971,-1.0,-1.0,0.0,-1.0,1.993,-1.0,0.0,0.0,0.0,0.0,0.0,-1.0,0.0,0.0,-1.0,0.0,0.0,1.999,-1.0,0.0,0.0,-1.0,-2.0,-0.008,1.997,-2.0,-2.0,0.985,3.975,0.992,-1.013,5.013,2.991,3.657,-0.008,2.586,-1.022,2.131,-2.011,-0.003,-3.0,0.035,2.966,6.912,-2.018,-2.001,1.986,4.953,0.957,-5.0,0.983,5.757,3.032,-2.005,-4.0,3.647,-3.006,-1.033,-2.0,-4.0,4.18,-2.0,-3.0,-1.015,8.973,2.994,0.0,0.0,0.0,0.0,0.0,0.0,0.0,0.0,0.0,0.0
BtcGF,BTCUSDc,140,19.5787,29.368,4,1.0843,13.83,384,39.8438,1,11,0,0.01,1.1,1.5,0.0,1.0,16385,1,25.306,0,0,2,0,0.4,4.472,2.97,-1.52,2.746,-1.0,0.993,2.976,-3.0,1.496,0.961,-0.508,-2.505,-0.506,-3.0,-1.522,4.196,0.995,0.989,-2.504,-1.028,2.989,-1.501,1.557,-2.51,-1.501,2.353,-0.5,-3.5,-1.016,-1.5,-0.505,1.958,-1.511,-1.505,-4.0,5.558,-2.0,-1.024,-2.0,-3.0,-0.534,-2.0,-1.0,-4.0,3.471,4.978,-0.536,2.0,-3.0,0.0,0.0,-1.0,1.485,2.978,-1.0,-1.0,0.0,-1.0,1.494,-1.0,0.0,0.0,0.0,0.0,0.0,-1.0,0.0,0.0,-1.0,0.0,0.0,1.499,-1.0,0.0,0.0,1.498,-2.0,-0.506,1.498,1.943,-2.0,0.5,3.33,0.494,4.959,1.791,1.494,-0.237,6.652,2.457,-1.516,1.56,-2.508,-0.503,-3.0,0.934,1.971,3.924,-2.513,-2.501,3.194,3.465,2.364,-2.507,5.216,2.528,1.916,-2.504,-2.502,5.814,-3.504,-0.139,-2.0,-0.014,4.493,-2.0,-1.006,0.488,4.972,1.995,0.0,0.0,0.0,0.0,0.0,0.0,0.0,0.0,0.0,0.0
BtcGF,BTCUSDc,220,20.118,30.177,4,1.3534,31.81,350,23.4286,1,11,0,0.01,1.1,2.5,0.0,0.5,16385,1,20.577,19,0,2,0,0.6,1.494,1.492,2.077,0.0,-1.0,1.716,0.981,-3.0,2.493,2.9,3.153,-4.0,-4.0,-3.0,-1.0,6.31,3.002,-0.51,2.164,-6.0,3.444,-4.0,10.058,-1.516,-3.0,7.788,0.499,-2.501,3.822,-0.515,-3.0,3.174,2.001,-0.509,-4.0,11.3,-2.0,-1.535,-2.0,-3.0,-3.0,-3.0,-1.0,-4.0,3.801,5.544,-3.0,1.499,-3.0,0.0,-1.0,0.0,5.101,4.963,-1.0,-1.0,0.0,-1.0,-1.0,-1.0,0.0,0.0,0.0,0.0,0.0,-1.0,0.0,0.0,-1.0,0.0,0.0,2.499,-1.0,0.0,0.0,-1.0,-2.0,-2.0,2.496,-2.0,-2.0,-2.0,3.479,3.816,-0.515,0.857,1.992,1.481,9.177,1.381,-0.527,-3.185,-1.514,0.496,-3.0,-4.0,1.495,6.955,-1.522,1.355,3.972,14.622,-6.0,-4.0,2.984,4.967,0.898,-0.587,-4.0,3.937,-2.507,-4.0,-2.0,-4.0,2.01,-2.0,-3.0,-4.0,8.975,-3.0,0.0,0.0,0.0,0.0,0.0,0.0,0.0,0.0,0.0,0.0
BtcGF,BTCUSDc,231,17.5667,26.35,4,0.9248,40.32,332,21.3855,1,17,0,0.01,1.1,3.0,0.0,0.0,16385,1,15.725,17,0,2,0,0.6,3.085,2.686,3.136,0.0,-1.0,-3.0,2.977,-3.0,2.992,1.994,-2.0,-4.0,-3.0,-3.0,-2.0,-3.0,0.074,0.988,-2.01,-6.0,0.456,-4.0,0.991,8.081,-3.0,4.282,0.999,-2.001,8.872,-4.0,-3.0,5.472,3.346,-0.011,-4.0,12.936,-2.0,-1.042,-2.0,-3.0,-3.0,-3.0,-1.0,-4.999,-4.0,6.964,-3.0,0.999,-3.0,0.0,0.0,-1.0,5.741,5.956,-1.0,-1.0,0.0,-1.0,-1.0,-1.0,0.0,0.0,0.0,0.0,0.0,-1.0,0.0,0.0,-1.0,0.0,0.0,2.998,-1.0,0.0,0.0,-1.0,-2.0,-2.0,2.995,-1.0,-2.0,0.0,0.982,4.823,-0.019,2.831,-2.007,1.973,7.858,2.158,-1.033,1.36,-1.016,0.995,-3.0,-4.0,1.994,-1.0,5.8,3.168,0.994,13.275,-6.0,-4.0,0.016,7.24,9.464,-1.008,-4.0,5.884,-2.009,-4.0,-2.0,-4.0,5.444,-2.0,-3.0,-4.0,6.975,1.251,0.0,0.0,0.0,0.0,0.0,0.0,0.0,0.0,0.0,0.0
BtcGF,BTCUSDc,222,4.471,8.942,3,0.2966,128.03,349,23.7822,1,15,0,0.01,1.1,2.5,0.0,0.5,16385,1,-2.506,12,0,2,0,0.6,1.494,1.492,2.077,0.0,-2.0,-0.249,0.981,-3.0,2.493,1.495,4.83,-4.0,-3.0,-3.0,-2.0,4.213,3.002,-0.51,0.985,-6.0,0.708,-4.0,6.832,-1.516,-3.0,-0.511,0.499,-2.501,3.822,-0.515,-3.0,3.174,2.001,-0.509,-4.0,10.203,-2.0,-0.535,-2.0,-3.0,1.871,-3.0,-1.0,-4.0,-4.0,5.47,-3.0,1.499,-3.0,0.0,-1.0,0.0,4.779,4.963,-1.0,-1.0,0.0,-1.0,-1.0,-1.0,0.0,0.0,0.0,0.0,0.0,-1.0,0.0,0.0,-1.0,0.0,0.0,2.499,-1.0,0.0,0.0,-1.0,-2.0,-2.0,2.496,-1.0,-2.0,-2.0,1.485,3.431,-0.516,0.857,1.992,0.978,7.012,1.381,-0.527,-3.185,-1.514,0.496,-3.0,-4.0,1.495,9.916,3.261,9.946,0.495,12.397,-4.0,-5.0,1.998,1.291,1.095,-1.507,-4.0,1.213,-2.507,-4.0,-6.0,-3.0,4.27,-2.0,-2.999,-4.0,8.975,0.681,0.0,0.0,0.0,0.0,0.0,0.0,0.0,0.0,0.0,0.0
BtcGF,BTCUSDc,155,17.8687,26.803,4,1.2664,26.23,356,32.8652,1,17,0,0.01,1.1,2.0,0.0,1.0,16385,1,19.772,4,0,2,0,0.4,5.964,3.952,-1.027,-1.0,-1.0,1.991,0.985,-3.0,1.994,1.954,-3.0,-2.007,-0.008,-3.0,-4.0,11.024,1.993,-0.008,-2.006,-3.016,-1.022,-1.002,6.305,-2.013,-1.002,4.531,-0.001,-3.001,0.978,-1.0,-3.0,0.971,-1.015,-1.007,-4.0,6.987,-2.0,-1.028,-2.0,-3.0,-0.05,-2.0,-1.0,-4.0,1.98,3.977,-0.045,2.998,-3.0,0.0,0.0,-1.0,3.827,3.971,-1.0,-1.0,0.0,-1.0,1.993,-1.0,0.0,0.0,0.0,0.0,0.0,-1.0,0.0,0.0,-1.0,0.0,0.0,1.999,-1.0,0.0,0.0,-1.0,-2.0,-0.008,1.997,-2.0,-2.0,0.985,3.975,0.992,-1.013,2.141,2.991,3.657,-0.008,2.586,-1.022,2.131,-2.011,-0.003,-3.0,0.035,2.966,6.912,-2.018,-2.001,1.986,4.953,0.957,-5.0,0.983,5.757,3.032,-2.005,-4.0,3.647,-3.006,-1.033,-2.0,-4.0,4.18,-2.0,-3.0,-1.015,8.973,2.994,0.0,0.0,0.0,0.0,0.0,0.0,0.0,0.0,0.0,0.0
BtcGF,BTCUSDc,70,7.81,15.62,3,1.0186,6.4,413,52.0581,1,15,0,0.01,1.1,1.0,0.0,1.0,16385,1,14.62,0,0,2,0,0.2,2.982,2.979,-2.014,0.995,-0.014,2.976,1.977,-0.029,0.997,-0.013,-1.005,-1.005,-1.004,-1.004,-0.01,1.988,1.996,-0.007,-3.003,-2.018,-0.023,-0.001,0.983,-3.006,2.969,-0.013,0.999,-4.0,-1.016,0.0,0.995,1.965,1.99,-2.004,-3.002,0.989,-1.014,0.976,-2.0,-3.0,-1.025,-0.009,0.969,1.985,1.98,2.986,-1.027,1.0,-3.0,0.0,0.0,-1.0,0.99,1.986,0.995,-1.0,0.0,1.99,0.996,0.991,0.0,0.0,0.0,0.0,0.0,-1.0,0.0,0.0,-1.0,0.0,0.0,0.999,-1.0,0.0,0.0,0.998,-0.014,-0.01,0.998,-0.013,-2.0,0.0,1.988,-0.004,4.965,-1.011,-0.004,-2.01,2.969,0.972,-1.017,2.978,-1.009,1.994,-1.016,-2.046,0.976,1.951,-3.009,-2.002,-0.007,1.975,1.99,1.957,1.973,3.973,-0.017,-3.003,-3.001,1.975,-4.003,1.956,-5.005,-3.053,1.973,1.988,-2.003,-0.008,2.982,0.997,0.0,0.0,0.0,0.0,0.0,0.0,0.0,0.0,0.0,0.0
BtcGF,BTCUSDc,23,25.8233,38.735,4,1.7438,28.97,384,39.8438,1,17,0,0.01,1.1,1.5,0.0,1.0,16385,1,27.514,5,0,2,0,0.0,4.472,2.97,-1.52,2.746,-1.0,0.993,2.976,-3.0,1.496,0.961,-0.508,-2.505,-0.506,-3.0,-1.522,8.561,0.995,0.989,-2.504,-1.028,1.464,-1.501,2.835,-2.51,-1.501,2.661,-0.5,-3.5,-1.016,-1.5,-0.505,1.958,-1.511,-1.505,-4.0,7.508,-2.0,-0.024,-2.0,-3.0,-0.534,-2.0,-1.0,-4.0,3.471,4.978,-0.536,2.0,-3.0,0.0,0.0,-1.0,1.485,2.978,-1.0,-1.0,0.0,-1.0,1.494,-1.0,0.0,0.0,0.0,0.0,0.0,-1.0,0.0,0.0,-1.0,0.0,0.0,1.499,-1.0,0.0,0.0,1.498,-2.0,-0.506,1.498,10.221,-2.0,0.5,2.981,0.494,4.959,4.585,1.494,0.49,6.652,4.043,-1.516,1.56,-2.508,-0.503,-3.0,0.934,1.971,3.924,-2.513,-2.501,0.989,3.465,-0.039,-2.507,5.216,1.469,1.978,-2.504,-2.502,3.793,-3.504,-2.527,-2.0,-1.045,4.493,-2.0,-1.006,0.488,4.972,1.995,0.0,0.0,0.0,0.0,0.0,0.0,0.0,0.0,0.0,0.0
BtcGF,BTCUSDc,163,39.1525,46.983,5,2.2114,23.12,350,24.8571,1,17,0,0.01,1.1,2.5,0.0,0.5,16385,1,36.122,14,0,2,0,0.4,1.494,1.492,2.077,0.0,-1.0,-0.249,1.981,-3.0,2.493,-0.505,-2.0,-4.0,-3.0,-3.0,-4.0,8.861,3.002,0.49,0.985,-6.0,-0.496,-4.0,9.112,-1.516,-3.0,6.4,0.499,-2.501,3.822,-0.515,-3.0,3.174,3.478,-0.509,-4.0,11.8,-2.0,-0.535,-2.0,-3.0,1.871,-3.0,-1.0,-4.0,-4.0,5.47,-4.0,0.499,-3.0,0.0,-1.0,0.0,5.956,4.963,-1.0,-1.0,0.0,-1.0,-1.0,-1.0,0.0,0.0,0.0,0.0,0.0,-1.0,0.0,0.0,-1.0,0.0,0.0,2.499,-1.0,0.0,0.0,-1.0,-2.0,-2.0,2.496,-2.0,-2.0,1.471,1.485,3.431,-0.516,4.068,0.992,0.978,5.05,3.857,-0.527,3.63,-1.514,0.496,-4.0,-4.0,1.495,14.183,3.261,6.95,0.495,14.626,-5.0,-5.0,-0.492,8.928,7.689,-1.507,-4.0,2.986,-2.507,-4.0,-2.0,-4.0,5.231,-2.0,-3.0,-4.0,8.975,0.681,0.0,0.0,0.0,0.0,0.0,0.0,0.0,0.0,0.0,0.0
BtcGF,BTCUSDc,110,-7.0393,-10.559,4,-0.3106,0.0,359,19.7772,1,15,0,0.01,1.1,3.0,0.0,0.0,16385,1,-26.962,10,0,2,0,0.2,3.085,1.991,3.136,0.0,-3.0,-3.0,1.977,-3.0,2.992,0.994,-3.0,-4.0,-3.0,-3.0,-4.0,-4.0,0.074,-0.012,-2.01,-6.0,1.986,-4.0,0.991,14.131,-3.0,-4.0,0.999,-2.001,-0.007,-0.016,-3.0,4.935,7.967,-0.011,-4.0,18.714,-2.0,-1.042,-2.0,-3.0,-3.0,-3.0,-2.0,-5.0,-3.0,6.964,-4.0,1.999,-3.0,0.0,-1.0,0.0,7.237,5.956,-1.0,-1.0,0.0,-1.0,-1.0,-1.0,0.0,0.0,0.0,0.0,0.0,-1.0,0.0,0.0,-1.0,0.0,0.0,2.998,-1.0,0.0,0.0,-1.0,-2.999,0.989,2.995,-2.0,-2.0,-2.0,1.982,4.823,-0.019,3.594,-1.007,1.973,5.391,2.158,-1.033,1.216,-1.016,0.995,-1.771,-4.0,1.994,-1.0,3.8,-3.002,0.994,6.928,-4.0,-5.0,3.005,2.963,7.194,-1.008,-4.0,4.058,-2.009,-4.0,-6.0,-4.0,-4.0,-3.0,-3.0,-4.0,6.975,1.251,0.0,0.0,0.0,0.0,0.0,0.0,0.0,0.0,0.0,0.0
BtcGF,BTCUSDc,12,27.3353,41.003,4,1.4531,47.99,407,36.855,1,11,0,0.01,1.1,1.5,0.0,0.0,16385,1,21.327,5,0,2,0,0.0,4.719,2.97,-0.028,2.437,-1.0,1.39,2.976,-3.0,1.496,0.961,-0.508,-1.972,-1.506,-3.0,-1.522,4.196,0.995,0.989,-1.009,-0.752,2.989,-1.501,2.835,-2.51,-0.453,2.243,-0.5,-3.5,-0.646,-1.5,-0.505,2.388,-5.0,-1.505,-4.0,10.294,-2.0,-1.024,-2.0,-3.0,-4.0,-3.0,-2.0,-5.0,5.348,5.018,-1.501,2.0,-3.0,0.0,-1.0,0.0,1.485,2.978,-1.0,-1.0,0.0,-1.0,1.494,-1.0,0.0,0.0,0.0,0.0,0.0,-1.0,0.0,0.0,-1.0,0.0,0.0,1.499,-1.0,0.0,0.0,1.498,-2.999,0.992,1.498,1.943,-2.0,0.5,3.33,0.494,4.959,2.015,1.494,-0.631,10.997,2.457,-1.516,-2.005,-2.508,-0.503,-3.017,-4.0,1.971,7.086,-2.513,-4.501,19.168,3.465,-2.5,-2.507,2.723,4.186,1.916,-2.504,-2.502,4.125,-3.504,5.964,-2.0,-5.0,11.214,-1.503,-4.0,-2.512,6.48,1.995,0.0,0.0,0.0,0.0,0.0,0.0,0.0,0.0,0.0,0.0
BtcGF,BTCUSDc,165,-3.2127,-4.819,4,-0.1732,0.0,353,23.5127,1,13,0,0.01,1.1,2.5,0.0,1.0,16385,1,-16.71,11,0,2,0,0.4,1.494,1.492,-0.41,0.0,-1.0,-0.502,0.981,-3.0,2.493,2.314,-3.0,-4.0,-3.0,-3.0,-4.0,-0.512,2.992,-0.51,-1.507,-6.0,0.708,-4.0,12.383,-1.516,-0.502,5.559,0.499,-2.501,1.972,-0.515,-3.0,1.559,-0.518,-0.509,-4.0,9.907,-2.0,-1.535,-2.0,-3.0,0.441,-2.0,-1.0,-4.0,-3.0,5.47,0.447,1.499,-3.0,0.0,0.0,-1.0,5.343,4.963,-1.0,-1.0,0.0,-1.0,-1.0,-1.0,0.0,0.0,0.0,0.0,0.0,-1.0,0.0,0.0,-1.0,0.0,0.0,2.499,-1.0,0.0,0.0,-1.0,-2.0,0.491,2.496,-2.0,-2.0,-2.0,4.045,3.431,-0.516,1.831,1.992,0.978,4.967,1.381,-0.527,1.294,-1.514,0.496,-3.0,-3.0,0.495,12.815,1.261,-1.502,-0.505,6.44,-4.0,-5.0,6.285,-1.525,1.095,-1.507,-4.0,4.446,-2.507,-4.0,-6.0,-3.0,2.411,-2.0,-3.0,-4.0,8.975,0.681,0.0,0.0,0.0,0.0,0.0,0.0,0.0,0.0,0.0,0.0
BtcGF,BTCUSDc,192,19.7293,29.594,4,1.0349,17.13,393,38.4224,1,11,0,0.01,1.1,1.5,0.0,0.0,16385,1,24.526,1,0,2,0,0.6,4.719,2.97,-0.028,2.437,-1.0,1.39,2.976,-3.0,1.496,0.961,-0.508,-1.972,-1.506,-3.0,0.478,1.696,0.995,0.989,-1.009,-0.752,2.482,-1.501,0.433,-2.51,-0.453,2.243,-0.5,-3.5,-0.646,-1.5,-0.505,2.388,-0.119,-1.505,-4.0,7.209,-2.0,-1.024,-2.0,-3.0,-3.0,-3.0,-2.0,-5.0,4.909,5.018,-3.0,2.0,-3.0,0.0,-1.0,0.0,1.485,2.978,-1.0,-1.0,0.0,-1.0,1.494,-1.0,0.0,0.0,0.0,0.0,0.0,-1.0,0.0,0.0,-1.0,0.0,0.0,1.499,-1.0,0.0,0.0,1.498,-2.0,4.064,1.498,1.584,-2.0,0.5,3.33,0.494,4.959,1.609,1.494,-0.631,9.361,2.457,-1.516,-2.005,-2.508,-0.503,-3.0,0.625,1.971,6.072,-2.513,-1.02,2.268,3.465,1.333,-2.507,2.523,3.981,1.916,-2.504,-2.502,4.125,-3.504,-1.166,-2.0,-1.174,7.184,-2.0,-0.334,-2.512,6.48,1.995,0.0,0.0,0.0,0.0,0.0,0.0,0.0,0.0,0.0,0.0
BtcGF,BTCUSDc,106,-5.199,-10.398,3,-0.3672,0.0,352,23.5795,1,15,0,0.01,1.1,2.5,0.0,1.0,16385,1,-24.374,7,0,2,0,0.2,1.494,1.492,-0.41,0.0,-1.0,-0.502,0.981,-3.0,2.493,0.495,-3.0,-4.0,-3.0,-3.0,-4.0,-0.512,2.992,-0.51,-1.507,-6.0,0.708,-4.0,11.705,-1.516,-0.502,-0.511,0.499,-2.501,1.972,-0.515,-3.0,1.559,-0.518,-0.509,-4.0,15.47,-2.0,-0.535,-2.0,-3.0,0.441,-2.0,-1.0,-3.999,-4.0,5.47,0.447,1.499,-3.0,0.0,0.0,-1.0,5.343,4.963,-1.0,-1.0,0.0,-1.0,-1.0,-1.0,0.0,0.0,0.0,0.0,0.0,-1.0,0.0,0.0,-1.0,0.0,0.0,2.499,-1.0,0.0,0.0,-1.0,-2.0,0.491,2.496,-2.0,-2.0,-2.0,1.485,3.431,-0.516,1.831,1.992,0.978,2.307,1.381,-0.527,1.294,-1.514,0.496,-3.0,-3.0,1.495,5.826,1.261,-1.502,0.495,14.626,-4.0,-5.0,7.834,-1.525,1.095,-1.507,-4.0,2.213,-2.507,-4.0,-6.0,-3.0,2.542,-2.0,-3.0,-4.0,8.975,0.681,0.0,0.0,0.0,0.0,0.0,0.0,0.0,0.0,0.0,0.0
BtcGF,BTCUSDc,240,4.663,9.326,3,0.4744,19.44,421,49.6437,1,11,0,0.01,1.1,1.0,0.0,0.0,16385,1,7.513,0,0,2,0,0.8,2.947,2.979,-2.014,1.368,0.428,3.206,1.977,0.202,0.997,-0.013,-1.005,-0.735,-2.004,-1.004,-0.01,1.988,2.015,-0.007,-3.003,-1.927,-0.023,-0.001,1.205,-3.006,3.044,-0.013,0.999,-4.0,-0.715,0.0,0.995,2.241,2.445,-2.004,-2.187,-0.675,-1.014,-0.682,-2.0,-3.0,-0.558,-3.0,1.576,-1.014,2.409,3.01,-3.0,1.0,-3.0,0.0,0.0,-1.0,0.99,1.986,0.995,-1.0,0.0,2.377,0.996,0.991,0.0,0.0,0.0,0.0,0.0,-1.0,0.0,0.0,-1.0,0.0,0.0,0.999,-1.0,0.0,0.0,0.998,-0.014,0.539,0.998,-0.013,-2.0,0.0,1.988,-0.004,5.15,-1.011,-0.004,-2.01,3.77,0.972,-1.017,0.329,-0.796,1.994,-1.016,-0.971,0.976,2.548,-2.012,-1.557,-0.007,1.975,1.99,2.406,-0.022,4.409,-0.017,-3.003,-3.0,2.122,-4.002,-0.012,-5.005,-2.609,2.977,2.563,-2.003,-2.008,3.987,0.997,0.0,0.0,0.0,0.0,0.0,0.0,0.0,0.0,0.0,0.0
BtcGF,BTCUSDc,14,6.3853,19.156,2,0.6805,58.58,405,37.037,1,15,0,0.01,1.1,1.5,0.0,0.0,16385,1,7.935,4,0,2,0,0.0,4.719,2.97,-0.028,4.525,-3.0,0.993,2.976,-3.0,1.496,0.961,-0.508,-1.972,-0.506,-3.0,-1.522,3.482,0.995,0.989,-1.009,-0.752,1.464,-1.501,2.835,-2.51,-0.453,-1.507,-0.5,-3.5,0.066,-1.5,-0.505,2.014,0.836,-1.505,-4.0,7.945,-2.0,-1.024,-2.0,-3.0,-3.0,-3.0,-2.0,-5.0,3.721,4.978,-1.501,2.0,-3.0,0.0,-1.0,0.0,3.512,2.978,-1.0,-1.0,0.0,-1.0,1.494,-1.0,0.0,0.0,0.0,0.0,0.0,-1.0,0.0,0.0,-1.0,0.0,0.0,1.499,-1.0,0.0,0.0,1.498,-3.0,0.992,1.498,10.221,-2.0,0.5,3.124,0.494,4.959,2.015,1.494,-0.668,8.07,6.317,-1.516,-1.452,-2.508,-0.503,-3.502,-4.0,1.971,6.568,-2.512,-4.501,0.989,3.465,1.772,-2.507,5.216,1.637,1.978,-2.504,-2.502,4.366,-3.504,-2.527,-6.0,-4.0,4.621,-1.503,-4.0,0.488,4.972,1.995,0.0,0.0,0.0,0.0,0.0,0.0,0.0,0.0,0.0,0.0
BtcGF,BTCUSDc,25,11.914,17.871,4,0.5565,92.83,385,29.3506,1,13,0,0.01,1.1,2.0,0.0,0.0,16385,1,1.282,6,0,2,0,0.0,6.493,3.952,0.963,-1.0,-3.0,2.138,-0.015,-3.0,1.994,1.954,-3.0,-1.21,-1.008,-3.0,-3.999,4.983,1.993,-1.008,-0.013,-2.556,-1.022,-1.002,-2.006,-2.013,0.105,3.677,-0.001,-3.001,1.479,-1.0,-3.0,0.206,2.156,-1.007,-4.0,14.847,-2.0,-1.027,-2.0,-3.0,-3.0,-3.0,-2.0,-5.0,-3.0,3.977,-1.002,2.998,-3.0,0.0,-1.0,0.0,2.4,3.971,-1.0,-1.0,0.0,-1.0,1.993,-1.0,0.0,0.0,0.0,0.0,0.0,-1.0,0.0,0.0,-1.0,0.0,0.0,1.999,-1.0,0.0,0.0,-1.0,-3.0,1.99,1.997,-2.0,-2.0,1.218,5.528,0.992,-1.013,0.068,2.991,1.981,-0.008,0.605,-1.022,-7.0,-2.011,-0.003,-2.338,-4.0,2.966,12.23,-3.018,-4.002,1.986,4.953,13.627,-5.0,1.054,2.531,3.046,-2.005,-2.003,2.984,-3.006,13.589,-2.838,-4.0,-0.538,-2.0,-3.0,-1.015,8.973,2.994,0.0,0.0,0.0,0.0,0.0,0.0,0.0,0.0,0.0,0.0
BtcGF,BTCUSDc,223,28.68,34.416,5,1.6607,22.99,344,25.5814,1,17,0,0.01,1.1,2.5,0.0,0.5,16385,1,26.504,13,0,2,0,0.6,1.494,1.492,2.077,0.0,-1.0,-0.249,1.981,-3.0,2.493,1.495,3.738,-4.0,-3.0,-3.0,-2.0,5.912,3.002,0.49,0.985,-6.0,-0.496,-4.0,6.832,-1.516,-3.0,6.4,0.499,-2.501,3.822,-0.515,-3.0,3.174,1.985,-0.509,-4.0,9.601,-2.0,-0.535,-2.0,-3.0,1.871,-3.0,-1.0,-3.999,-4.0,5.47,-3.0,0.499,-3.0,0.0,0.0,-1.0,4.736,4.963,-1.0,-1.0,0.0,-1.0,-1.0,-1.0,0.0,0.0,0.0,0.0,0.0,-1.0,0.0,0.0,-1.0,0.0,0.0,2.499,-1.0,0.0,0.0,-1.0,-2.0,-2.0,2.496,-1.0,-2.0,1.471,1.485,3.431,-0.516,1.55,0.992,0.978,4.217,3.857,-0.527,3.63,-1.514,0.496,-3.0,-4.0,1.495,10.232,3.261,4.509,0.495,12.397,-6.0,-4.0,-0.492,7.169,7.689,-1.507,-4.0,2.986,-2.507,-4.0,-2.0,-4.0,3.797,-2.0,-3.0,-4.0,8.975,0.681,0.0,0.0,0.0,0.0,0.0,0.0,0.0,0.0,0.0,0.0
BtcGF,BTCUSDc,270,-0.0085,-0.017,3,-0.0007,0.0,355,30.7042,1,15,0,0.01,1.1,2.0,0.0,0.5,16385,1,-4.741,0,0,2,0,0.8,5.964,3.952,-1.027,-1.0,-1.0,2.138,-0.015,-3.0,1.994,1.954,-3.0,-2.007,-0.008,-3.0,2.259,4.425,1.993,-1.008,-2.006,-3.016,-1.022,-1.002,3.713,-2.013,0.105,-1.009,-0.001,-3.001,1.627,-1.0,-3.0,1.8,0.284,-1.007,-4.0,7.15,-2.0,-1.028,-2.0,-3.0,1.034,-2.0,-1.0,-2.0,-1.002,3.977,-3.0,2.998,-3.0,0.0,0.0,-1.0,3.019,3.971,-1.0,-1.0,0.0,-1.0,1.993,-1.0,0.0,0.0,0.0,0.0,0.0,-1.0,0.0,0.0,-1.0,0.0,0.0,1.999,-1.0,0.0,0.0,-1.0,-2.0,-1.999,1.997,-1.0,-2.0,1.218,5.376,0.992,-1.013,-1.521,2.991,1.931,2.971,0.605,-1.022,-3.804,-2.011,-0.003,-3.0,-4.0,2.966,8.681,-2.018,-0.783,1.986,4.953,2.434,-5.0,-0.43,2.18,3.179,-2.005,-4.0,2.984,-3.005,-1.033,-6.0,-3.0,5.057,-2.0,-3.0,-1.015,8.973,2.994,0.0,0.0,0.0,0.0,0.0,0.0,0.0,0.0,0.0,0.0
BtcGF,BTCUSDc,151,42.788,42.788,6,2.3779,18.65,362,32.0442,1,17,0,0.01,1.1,2.0,0.0,0.5,16385,1,34.81,8,0,2,0,0.4,5.964,3.952,0.963,-1.0,-1.0,2.138,0.985,-3.0,1.994,0.954,-2.0,-2.007,-0.008,-3.0,-4.0,11.024,1.993,-0.008,-0.013,-3.016,-1.022,-1.002,6.305,-2.013,0.105,4.531,-0.001,-3.001,2.444,-1.0,-3.0,1.8,2.156,-1.007,-4.0,7.654,-2.0,-1.028,-2.0,-3.0,1.034,-3.0,-1.0,-4.0,-1.002,3.977,-1.002,2.998,-3.0,0.0,-1.0,0.0,4.734,3.971,-1.0,-1.0,0.0,-1.0,1.993,-1.0,0.0,0.0,0.0,0.0,0.0,-1.0,0.0,0.0,-1.0,0.0,0.0,1.999,-1.0,0.0,0.0,-1.0,-2.0,-2.0,1.997,-2.0,-2.0,0.985,3.975,0.992,-1.013,2.141,1.991,2.18,-0.008,2.586,-1.022,2.131,-2.011,-0.003,-4.0,-4.0,2.966,12.931,-0.018,3.531,1.986,4.953,0.957,-5.0,-1.009,8.193,3.032,-2.005,-4.0,2.647,-3.006,-1.033,-2.0,-4.0,8.252,-2.0,-3.0,-1.015,8.973,2.994,0.0,0.0,0.0,0.0,0.0,0.0,0.0,0.0,0.0,0.0
BtcGF,BTCUSDc,227,14.1792,17.015,5,0.7504,46.5,340,25.5882,1,17,0,0.01,1.1,2.5,0.0,1.0,16385,1,9.103,12,0,2,0,0.6,1.494,1.492,-0.41,0.0,-1.0,-0.502,1.981,-3.0,2.493,1.495,3.738,-4.0,-3.0,-3.0,-2.0,5.912,2.992,0.49,-1.507,-6.0,-0.496,-4.0,6.832,-1.516,-0.502,6.4,0.499,-2.501,1.972,-0.515,-3.0,1.968,-0.518,-0.509,-4.0,7.416,-2.0,-0.535,-2.0,-3.0,0.441,-2.0,-1.0,-3.999,-4.0,5.47,0.447,0.499,-3.0,0.0,0.0,-1.0,5.343,4.963,-1.0,-1.0,0.0,-1.0,-1.0,-1.0,0.0,0.0,0.0,0.0,0.0,-1.0,0.0,0.0,-1.0,0.0,0.0,2.499,-1.0,0.0,0.0,-1.0,-2.0,-2.0,2.496,-1.0,-2.0,1.471,1.485,3.431,-0.516,1.55,1.992,0.978,4.217,3.857,-0.527,3.63,-1.514,0.496,-3.0,-3.0,1.495,5.826,1.261,-1.502,0.495,12.397,-6.0,-4.0,2.552,4.353,7.689,-1.507,-4.0,3.986,-2.507,-4.0,-2.0,-4.0,2.449,-2.0,-3.0,-4.0,8.975,0.681,0.0,0.0,0.0,0.0,0.0,0.0,0.0,0.0,0.0,0.0
BtcGF,BTCUSDc,55,47.605,57.126,5,1.7582,28.25,350,21.4286,1,17,0,0.01,1.1,3.0,0.0,0.5,16385,1,40.987,16,0,2,0,0.0,1.993,1.991,3.136,0.0,-1.0,-3.0,2.977,-3.0,2.992,-0.006,-2.0,-4.0,-3.0,-3.0,-4.0,-3.0,0.074,0.988,-2.01,-6.0,0.456,-4.0,0.991,14.131,-3.0,4.282,0.999,-2.001,8.872,-0.016,-3.0,4.926,7.967,-0.011,-4.0,16.044,-2.0,-0.042,-2.0,-3.0,2.708,-3.0,-1.0,-4.0,-4.0,6.964,-4.0,0.999,-3.0,0.0,-1.0,0.0,7.178,5.956,-1.0,-1.0,0.0,-1.0,-1.0,-1.0,0.0,0.0,0.0,0.0,0.0,-1.0,0.0,0.0,-1.0,0.0,0.0,2.998,-1.0,0.0,0.0,-1.0,-2.0,0.99,2.995,-2.0,-2.0,0.0,0.982,4.823,-0.019,10.845,-2.007,1.973,4.161,5.146,-1.033,5.114,-1.016,0.995,-2.003,-4.0,0.994,4.14,2.8,12.139,0.994,6.928,-5.0,-5.0,0.016,12.657,9.883,-1.008,-4.0,4.884,-2.009,-4.0,-2.0,-5.0,-4.0,-3.0,-3.0,-4.0,6.975,1.251,0.0,0.0,0.0,0.0,0.0,0.0,0.0,0.0,0.0,0.0
BtcGF,BTCUSDc,108,29.2567,43.885,4,1.5054,48.24,359,19.7772,1,11,0,0.01,1.1,3.0,0.0,0.0,16385,1,22.716,14,0,2,0,0.2,3.085,1.991,3.136,0.0,-1.0,-1.0,1.977,-3.0,2.992,2.835,-3.0,-4.0,-4.0,-3.0,-3.0,-4.0,0.074,-0.012,-0.213,-6.0,7.106,-4.0,0.991,19.729,-3.0,5.982,0.999,-2.001,5.805,-0.016,-3.0,6.649,-5.0,-0.011,-4.0,23.814,-2.0,-1.042,-2.0,-3.0,-4.0,-3.0,-2.0,-5.0,5.99,7.055,-4.0,1.999,-3.0,0.0,-1.0,0.0,6.556,5.956,-1.0,-1.0,0.0,-1.0,-1.0,-1.0,0.0,0.0,0.0,0.0,0.0,-1.0,0.0,0.0,-1.0,0.0,0.0,2.998,-1.0,0.0,0.0,-1.0,-3.0,0.989,2.995,-2.0,-2.0,-2.0,5.027,3.442,-0.019,3.594,-1.007,2.794,4.015,5.146,-0.033,-7.0,-1.016,0.995,-0.982,-4.0,1.994,-4.0,-1.027,-3.002,17.876,11.13,-5.0,-5.0,4.898,7.202,6.929,0.776,-4.0,6.779,-2.009,-4.0,-2.0,-5.0,-4.0,-3.0,-3.0,-4.0,6.975,-3.0,0.0,0.0,0.0,0.0,0.0,0.0,0.0,0.0,0.0,0.0
BtcGF,BTCUSDc,125,12.7425,25.485,3,1.3378,15.37,422,50.0,1,13,0,0.01,1.1,1.0,0.0,0.5,16385,1,21.568,0,0,2,0,0.4,2.982,2.979,-1.019,2.733,0.12,2.985,1.977,-0.029,0.997,-0.013,-1.005,-1.005,-2.004,-1.004,-0.01,1.988,2.015,-0.007,-2.006,-2.018,-0.023,-0.001,1.355,-3.006,2.969,-0.013,0.999,-4.0,-0.318,0.0,0.995,2.039,-1.003,-2.004,-0.732,-1.009,-1.014,1.631,-2.0,-3.0,-0.629,-3.0,0.969,-0.003,-0.011,2.986,-2.001,1.0,-3.0,0.0,-1.0,0.0,0.99,1.986,0.995,-1.0,0.0,3.162,0.996,0.991,0.0,0.0,0.0,0.0,0.0,-1.0,0.0,0.0,-1.0,0.0,0.0,0.999,-1.0,0.0,0.0,0.998,-0.014,1.616,0.998,-0.013,-2.0,0.0,1.988,-0.004,5.15,-1.011,-0.004,-2.01,4.304,0.972,-1.017,0.033,-0.585,1.994,-1.016,1.237,0.976,3.404,2.908,-0.525,-0.007,1.975,1.99,2.268,1.973,4.389,-0.017,-3.003,-2.002,-0.008,-4.003,-1.012,-5.005,-0.802,2.189,4.262,-2.003,-0.008,2.982,0.997,0.0,0.0,0.0,0.0,0.0,0.0,0.0,0.0,0.0,0.0
BtcGF,BTCUSDc,183,9.51,19.02,3,0.9264,12.15,420,50.4762,1,17,0,0.01,1.1,1.0,0.0,0.0,16385,1,16.709,0,0,2,0,0.6,2.947,2.979,-1.019,1.452,-1.014,2.985,1.977,0.202,0.997,-0.013,-0.668,-0.735,-1.004,-1.004,-0.01,1.988,2.015,-0.007,-2.006,-1.927,-0.023,-0.001,1.26,-3.006,3.044,-0.013,0.999,-4.0,-0.256,0.0,0.995,1.988,2.158,-2.004,-1.801,-1.009,-1.014,-0.912,-2.0,-3.0,-3.0,-3.0,0.969,-1.014,2.791,2.986,-3.0,1.0,-3.0,0.0,0.0,-1.0,1.737,1.986,0.995,-1.0,0.0,1.99,0.996,0.991,0.0,0.0,0.0,0.0,0.0,-1.0,0.0,0.0,-1.0,0.0,0.0,0.999,-1.0,0.0,0.0,0.998,-0.014,1.036,0.998,-0.013,-2.0,0.0,2.028,-0.004,4.965,-1.011,-1.004,-2.01,3.545,0.972,-1.017,0.636,-0.796,1.994,-1.016,0.082,0.976,2.628,0.796,-1.193,-0.007,1.975,1.99,2.744,1.973,4.084,-0.017,-3.003,-3.001,2.084,-4.003,1.995,-5.005,-1.113,2.698,3.116,-2.003,-0.008,2.982,0.997,0.0,0.0,0.0,0.0,0.0,0.0,0.0,0.0,0.0,0.0
BtcGF,BTCUSDc,280,4.4167,5.3,5,0.1913,148.02,344,23.2558,1,11,0,0.01,1.1,2.5,0.0,0.5,16385,1,-2.545,9,0,2,0,0.8,1.494,1.492,-0.41,0.0,-1.0,-0.249,0.981,-3.0,2.493,2.9,2.597,-4.0,-4.0,-3.0,-1.0,5.221,3.002,-0.51,-1.507,-6.0,2.546,-4.0,8.337,-1.516,-3.0,6.454,0.499,-2.501,2.791,-0.515,-3.0,3.174,1.202,-0.509,-4.0,9.39,-2.0,-1.535,-2.0,-3.0,2.001,-3.0,-1.0,-2.0,3.252,5.544,-3.0,1.499,-3.0,0.0,0.0,-1.0,5.101,4.963,-1.0,-1.0,0.0,-1.0,-1.0,-1.0,0.0,0.0,0.0,0.0,0.0,-1.0,0.0,0.0,-1.0,0.0,0.0,2.499,-1.0,0.0,0.0,-1.0,-2.0,-1.999,2.496,-2.0,-1.0,-2.0,3.479,3.738,-0.516,-0.411,1.992,1.481,6.53,1.381,-0.527,-3.185,-1.514,0.496,-3.0,-4.0,1.495,5.329,-1.522,0.103,2.692,13.313,-6.0,-4.0,0.216,3.743,0.898,-0.587,-3.999,3.644,-2.506,-4.0,-2.0,-4.0,0.885,-2.0,-3.0,-4.0,8.975,-3.0,0.0,0.0,0.0,0.0,0.0,0.0,0.0,0.0,0.0,0.0
BtcGF,BTCUSDc,168,18.426,36.852,3,1.2642,57.44,350,19.7143,1,11,0,0.01,1.1,3.0,0.0,0.0,16385,1,15.683,15,0,2,0,0.4,3.085,1.991,3.136,0.0,-1.0,-1.0,1.977,-3.0,2.992,2.835,-3.0,-4.0,-4.0,-3.0,-3.0,-4.0,0.074,-0.012,-0.213,-6.0,7.106,-4.0,0.991,16.092,-3.0,5.982,0.999,-2.001,5.805,-0.016,-3.0,6.649,-5.0,-0.011,-4.0,23.814,-2.0,-1.042,-2.0,-3.0,-3.0,-3.0,-2.0,-5.0,5.99,7.055,-4.0,1.999,-3.0,0.0,-1.0,0.0,6.556,5.956,-1.0,-1.0,0.0,-1.0,-1.0,-1.0,0.0,0.0,0.0,0.0,0.0,-1.0,0.0,0.0,-1.0,0.0,0.0,2.998,-1.0,0.0,0.0,-1.0,-2.0,-2.0,2.995,-2.0,-2.0,-2.0,5.027,3.442,-0.019,3.594,-1.007,2.794,4.015,5.146,-0.033,-7.0,-1.016,0.995,-3.0,-4.0,1.994,-4.0,-1.027,5.603,7.882,11.13,-6.0,-4.0,4.898,7.202,6.929,0.776,-4.0,6.779,-2.009,-4.0,-2.0,-5.0,-4.0,-2.0,-3.0,-4.0,6.975,-3.0,0.0,0.0,0.0,0.0,0.0,0.0,0.0,0.0,0.0,0.0
BtcGF,BTCUSDc,115,47.6042,57.125,5,1.7581,28.25,350,21.4286,1,17,0,0.01,1.1,3.0,0.0,0.5,16385,1,40.986,16,0,2,0,0.2,1.993,1.991,3.136,0.0,-1.0,-3.0,2.977,-3.0,2.992,-0.006,-2.0,-4.0,-3.0,-3.0,-4.0,-3.0,0.074,0.988,-2.01,-6.0,0.456,-4.0,0.991,14.131,-3.0,4.282,0.999,-2.001,8.872,-0.016,-3.0,4.926,7.967,-0.011,-4.0,16.044,-2.0,-0.042,-2.0,-3.0,2.708,-3.0,-1.0,-4.0,-4.0,6.964,-4.0,0.999,-3.0,0.0,-1.0,0.0,7.178,5.956,-1.0,-1.0,0.0,-1.0,-1.0,-1.0,0.0,0.0,0.0,0.0,0.0,-1.0,0.0,0.0,-1.0,0.0,0.0,2.998,-1.0,0.0,0.0,-1.0,-2.0,0.989,2.995,-2.0,-2.0,0.0,0.982,4.823,-0.019,10.845,-2.007,1.973,4.161,5.146,-1.033,5.114,-1.016,0.995,-2.003,-4.0,0.994,4.14,2.8,12.139,0.994,6.928,-5.0,-5.0,0.016,12.657,9.883,-1.008,-4.0,4.884,-2.009,-4.0,-2.0,-5.0,-4.0,-3.0,-3.0,-4.0,6.975,1.251,0.0,0.0,0.0,0.0,0.0,0.0,0.0,0.0,0.0,0.0
BtcGF,BTCUSDc,232,22.7293,34.094,4,1.4117,38.0,342,20.1754,1,11,0,0.01,1.1,3.0,0.0,0.5,16385,1,21.137,19,0,2,0,0.6,1.993,1.991,3.136,0.0,-1.0,-1.0,1.977,-3.0,2.992,3.835,-2.0,-4.0,-4.0,-3.0,-1.0,-3.0,0.074,-0.012,-0.213,-6.0,5.458,-4.0,0.991,12.938,-3.0,6.281,0.999,-2.001,-0.007,-0.016,-3.0,2.814,3.243,-0.011,-4.0,15.161,-2.0,-1.042,-2.0,-3.0,-3.0,-3.0,-1.0,-4.0,5.74,7.055,-3.0,1.999,-3.0,0.0,-1.0,0.0,6.556,5.956,-1.0,-1.0,0.0,-1.0,-1.0,-1.0,0.0,0.0,0.0,0.0,0.0,-1.0,0.0,0.0,-1.0,0.0,0.0,2.998,-1.0,0.0,0.0,-1.0,-2.0,-2.0,2.995,-2.0,-2.0,-2.0,5.027,5.364,-0.018,2.337,-1.007,2.794,12.212,2.158,-0.033,-2.565,-1.016,0.995,-3.0,-4.0,1.994,-4.0,-1.027,2.543,5.57,10.13,-6.0,-4.0,4.493,6.708,1.879,0.776,-4.0,5.779,-2.009,-4.0,-2.0,-4.0,3.155,-2.0,-3.0,-4.0,6.975,-3.0,0.0,0.0,0.0,0.0,0.0,0.0,0.0,0.0,0.0,0.0
BtcGF,BTCUSDc,175,35.2217,42.266,5,1.3008,29.55,343,20.9913,1,17,0,0.01,1.1,3.0,0.0,0.5,16385,1,29.776,17,0,2,0,0.4,1.993,1.991,3.136,0.0,-1.0,-3.0,2.977,-3.0,2.992,-0.006,-2.0,-4.0,-3.0,-3.0,-4.0,-3.0,0.074,0.988,-2.01,-6.0,0.456,-4.0,0.991,10.912,-3.0,4.282,0.999,-2.001,8.872,-0.016,-3.0,4.926,7.967,-0.011,-4.0,14.801,-2.0,-0.042,-2.0,-3.0,2.708,-3.0,-1.0,-4.0,-4.0,6.964,-4.0,0.999,-3.0,0.0,-1.0,0.0,7.178,5.956,-1.0,-1.0,0.0,-1.0,-1.0,-1.0,0.0,0.0,0.0,0.0,0.0,-1.0,0.0,0.0,-1.0,0.0,0.0,2.998,-1.0,0.0,0.0,-1.0,-2.0,-2.0,2.995,-2.0,-2.0,0.0,0.982,4.823,-0.019,5.994,-2.007,1.973,4.161,5.146,-1.033,5.114,-1.016,0.995,-4.0,-4.0,1.994,-3.0,0.973,6.369,0.994,6.928,-5.0,-5.0,0.016,12.657,9.883,-1.008,-4.0,4.884,-2.009,-4.0,-2.0,-4.0,7.177,-2.0,-3.0,-4.0,6.975,1.251,0.0,0.0,0.0,0.0,0.0,0.0,0.0,0.0,0.0,0.0
BtcGF,BTCUSDc,130,7.81,15.62,3,1.0186,6.4,413,52.0581,1,15,0,0.01,1.1,1.0,0.0,1.0,16385,1,14.62,0,0,2,0,0.4,2.982,2.979,-2.014,0.995,-0.014,2.976,1.977,-0.029,0.997,-0.013,-1.005,-1.005,-1.004,-1.004,-0.01,1.988,1.996,-0.007,-3.003,-2.018,-0.023,-0.001,0.983,-3.006,2.969,-0.013,0.999,-4.0,-1.016,0.0,0.995,1.965,1.99,-2.004,-3.002,0.989,-1.014,0.976,-2.0,-3.0,-1.025,-0.009,0.969,1.985,1.98,2.986,-1.027,1.0,-3.0,0.0,0.0,-1.0,0.99,1.986,0.995,-1.0,0.0,1.99,0.996,0.991,0.0,0.0,0.0,0.0,0.0,-1.0,0.0,0.0,-1.0,0.0,0.0,0.999,-1.0,0.0,0.0,0.998,-0.014,-0.01,0.998,-0.013,-2.0,0.0,1.988,-0.004,4.965,-1.011,-0.004,-2.01,2.969,0.972,-1.017,2.978,-1.009,1.994,-1.016,-2.046,0.976,1.951,-3.009,-2.002,-0.007,1.975,1.99,1.957,1.973,3.973,-0.017,-3.003,-3.001,1.975,-4.003,1.956,-5.005,-3.053,1.973,1.988,-2.003,-0.008,2.982,0.997,0.0,0.0,0.0,0.0,0.0,0.0,0.0,0.0,0.0,0.0
BtcGF,BTCUSDc,29,27.8508,33.421,5,1.2414,94.0,384,29.1667,1,13,0,0.01,1.1,2.0,0.0,0.5,16385,1,2.004,5,0,2,0,0.0,5.964,3.952,0.963,-1.0,-3.0,2.138,-0.015,-3.0,1.994,1.954,-3.0,-2.007,-1.008,-3.0,-3.999,4.983,1.993,-1.008,-0.013,-3.016,-1.022,-1.002,-2.006,-2.013,0.105,3.857,-0.001,-3.001,2.444,-1.0,-3.0,0.8,-5.0,-1.007,-4.0,31.411,-2.0,-1.027,-2.0,-3.0,1.034,-3.0,-1.0,-4.0,-3.0,3.977,-1.002,2.998,-3.0,0.0,-1.0,0.0,2.4,3.971,-1.0,-1.0,0.0,-1.0,1.993,-1.0,0.0,0.0,0.0,0.0,0.0,-1.0,0.0,0.0,-1.0,0.0,0.0,1.999,-1.0,0.0,0.0,-1.0,-2.0,-2.0,1.997,-2.0,-2.0,1.218,8.159,0.992,-1.013,0.068,2.991,1.981,-0.008,0.605,-1.022,-3.804,-2.011,-0.003,-3.002,-4.0,2.966,14.245,-3.018,-4.002,1.986,4.953,13.627,-5.0,1.054,2.531,3.179,-2.005,-2.003,1.984,-3.006,13.589,-6.0,-4.0,-0.538,-3.0,-2.004,-1.015,8.973,2.994,0.0,0.0,0.0,0.0,0.0,0.0,0.0,0.0,0.0,0.0
BtcGF,BTCUSDc,134,23.8407,35.761,4,1.1466,18.91,396,38.1313,1,15,0,0.01,1.1,1.5,0.0,0.0,16385,1,28.998,5,0,2,0,0.4,4.719,2.97,-0.028,4.391,-2.0,0.993,2.976,-3.0,1.496,0.961,-0.508,-1.972,-0.506,-3.0,-1.522,3.482,0.995,0.989,-1.009,-0.752,1.464,-1.501,1.557,-2.51,-0.453,-1.507,-0.5,-3.5,0.066,-1.5,-0.505,2.014,0.836,-1.505,-4.0,6.181,-2.0,-1.024,-2.0,-3.0,-3.0,-3.0,-2.0,-5.0,3.721,4.978,-1.501,2.0,-3.0,0.0,-1.0,0.0,3.512,2.978,-1.0,-1.0,0.0,-1.0,1.494,-1.0,0.0,0.0,0.0,0.0,0.0,-1.0,0.0,0.0,-1.0,0.0,0.0,1.499,-1.0,0.0,0.0,1.498,-2.0,7.257,1.498,2.706,-2.0,0.5,3.124,0.494,4.959,2.015,1.494,-0.668,8.07,5.141,-1.516,-1.452,-2.508,-0.503,-4.0,-4.0,1.971,6.568,-0.513,2.316,0.989,3.465,1.772,-2.507,5.216,1.637,1.978,-2.504,-2.502,4.366,-3.504,-2.527,-6.0,2.061,5.621,-2.0,1.325,0.488,4.972,1.995,0.0,0.0,0.0,0.0,0.0,0.0,0.0,0.0,0.0,0.0
BtcGF,BTCUSDc,145,22.8792,27.455,5,1.0285,36.7,373,30.563,1,13,0,0.01,1.1,2.0,0.0,0.0,16385,1,17.379,9,0,2,0,0.4,6.493,3.952,0.963,-0.999,-2.0,2.138,-0.015,-3.0,1.994,1.954,-3.0,-1.21,-1.008,-3.0,-4.0,4.983,1.993,-1.008,-0.013,-2.556,-1.022,-1.002,7.75,-2.013,0.105,3.677,-0.001,-3.001,1.479,-1.0,-3.0,0.206,2.156,-1.007,-4.0,10.07,-2.0,-1.027,-2.0,-3.0,-3.0,-3.0,-2.0,-5.0,-3.0,3.977,-1.002,2.998,-3.0,0.0,-1.0,0.0,2.4,3.971,-1.0,-1.0,0.0,-1.0,1.993,-1.0,0.0,0.0,0.0,0.0,0.0,-1.0,0.0,0.0,-1.0,0.0,0.0,1.999,-1.0,0.0,0.0,-1.0,-2.0,-2.0,1.997,-2.0,-2.0,1.218,5.528,0.992,-1.013,0.068,2.991,1.981,4.893,0.605,-1.022,-7.0,-2.011,-0.003,-3.0,-4.0,2.966,12.23,-0.018,5.424,1.986,4.953,5.103,-5.0,1.054,2.531,3.046,-2.005,-2.003,2.984,-3.006,3.079,-2.838,-3.0,7.426,-2.0,-3.0,-1.015,8.973,2.994,0.0,0.0,0.0,0.0,0.0,0.0,0.0,0.0,0.0,0.0
BtcGF,BTCUSDc,162,2.288,6.864,2,0.1742,326.68,360,22.7778,1,15,0,0.01,1.1,2.5,0.0,0.5,16385,1,-15.559,9,0,2,0,0.4,1.494,1.492,2.077,0.0,-2.0,-0.249,0.981,-3.0,2.493,0.495,-3.0,-4.0,-3.0,-3.0,-4.0,-0.512,3.002,-0.51,0.985,-6.0,0.708,-4.0,9.112,-1.516,-3.0,-0.511,0.499,-2.501,3.822,-0.515,-3.0,2.174,-5.0,-0.509,-4.0,13.639,-2.0,-0.535,-2.0,-3.0,1.871,-3.0,-1.0,-3.999,-4.0,5.47,-4.0,1.499,-3.0,0.0,-1.0,0.0,5.999,4.963,-1.0,-1.0,0.0,-1.0,-1.0,-1.0,0.0,0.0,0.0,0.0,0.0,-1.0,0.0,0.0,-1.0,0.0,0.0,2.499,-1.0,0.0,0.0,-1.0,-2.0,-1.999,2.496,-2.0,-2.0,-2.0,1.485,3.431,-0.516,1.831,1.992,0.978,2.307,3.857,-0.527,-3.185,-1.514,0.496,-4.0,-4.0,1.495,13.362,3.261,20.921,0.495,14.626,-4.0,-5.0,1.998,1.689,1.095,-1.507,-4.0,1.213,-2.507,-4.0,-6.0,-3.0,6.018,-2.0,-3.0,-4.0,8.975,0.681,0.0,0.0,0.0,0.0,0.0,0.0,0.0,0.0,0.0,0.0
BtcGF,BTCUSDc,170,17.4467,26.17,4,0.7931,121.81,348,20.1149,1,15,0,0.01,1.1,3.0,0.0,0.0,16385,1,-5.707,12,0,2,0,0.4,3.085,1.991,3.136,0.0,-2.0,-3.0,1.977,-3.0,2.992,0.994,-3.0,-4.0,-3.0,-3.0,-4.0,-4.0,0.074,-0.012,-2.01,-6.0,1.986,-4.0,0.991,10.912,-3.0,-4.0,0.999,-2.001,-0.007,-0.016,-3.0,4.935,7.967,-0.011,-4.0,14.865,-2.0,-1.042,-2.0,-3.0,-3.0,-3.0,-2.0,-5.0,-3.0,6.964,-4.0,1.999,-3.0,0.0,-1.0,0.0,7.237,5.956,-1.0,-1.0,0.0,-1.0,-1.0,-1.0,0.0,0.0,0.0,0.0,0.0,-1.0,0.0,0.0,-1.0,0.0,0.0,2.998,-1.0,0.0,0.0,-1.0,-2.0,-2.0,2.995,-2.0,-2.0,-2.0,1.982,4.823,-0.019,3.594,-1.007,1.973,5.391,2.158,-1.033,1.216,-1.016,0.995,-4.0,-4.0,1.994,-1.0,5.8,27.877,0.994,6.928,-4.0,-5.0,3.005,2.963,7.194,-1.008,-4.0,4.058,-2.009,-4.0,-6.0,-3.0,8.137,-2.0,-3.0,-4.0,6.975,1.251,0.0,0.0,0.0,0.0,0.0,0.0,0.0,0.0,0.0,0.0
BtcGF,BTCUSDc,269,3.756,5.634,4,0.2471,91.09,356,30.618,1,13,0,0.01,1.1,2.0,0.0,0.5,16385,1,0.502,1,0,2,0,0.8,5.964,3.952,-1.027,-0.999,-1.0,2.138,-0.015,-3.0,1.994,1.954,-3.0,-2.007,-1.008,-3.0,2.259,5.306,1.993,-1.008,-2.006,-3.016,-1.022,-1.002,5.126,-2.013,0.105,3.841,-0.001,-3.001,1.627,-1.0,-3.0,1.8,0.284,-1.007,-4.0,7.144,-2.0,-1.028,-2.0,-3.0,1.034,-3.0,-1.0,-2.0,-3.0,3.977,-3.0,2.998,-3.0,0.0,0.0,-1.0,2.4,3.971,-1.0,-1.0,0.0,-1.0,1.993,-1.0,0.0,0.0,0.0,0.0,0.0,-1.0,0.0,0.0,-1.0,0.0,0.0,1.999,-1.0,0.0,0.0,-1.0,-2.0,-2.0,1.997,-1.0,-1.999,1.218,6.358,0.992,-1.013,-1.521,2.991,1.981,2.971,0.605,-1.022,-3.804,-2.011,-0.003,-3.0,-4.0,2.966,9.665,-2.018,-0.783,1.986,4.953,2.421,-5.0,-0.155,2.369,3.179,-2.005,-3.999,2.984,-3.005,0.433,-5.999,-3.0,4.25,-2.0,-2.999,-1.015,8.973,2.994,0.0,0.0,0.0,0.0,0.0,0.0,0.0,0.0,0.0,0.0
BtcGF,BTCUSDc,245,7.0595,14.119,3,0.853,11.48,418,50.4785,1,13,0,0.01,1.1,1.0,0.0,0.5,16385,1,12.498,0,0,2,0,0.8,2.982,2.979,-2.014,1.415,-0.638,2.985,1.977,-0.029,0.997,-0.013,-1.005,-1.005,-2.004,-1.004,-0.01,1.988,2.015,-0.007,-3.003,-2.018,-0.023,-0.001,1.232,-3.006,2.969,-0.013,0.999,-4.0,-0.707,0.0,0.995,2.039,2.445,-2.004,-2.415,1.595,-1.014,1.52,-2.0,-3.0,-0.629,-3.0,0.969,-0.003,2.409,2.986,-3.0,1.0,-3.0,0.0,0.0,-1.0,0.99,1.986,0.995,-1.0,0.0,2.377,0.996,0.991,0.0,0.0,0.0,0.0,0.0,-1.0,0.0,0.0,-1.0,0.0,0.0,0.999,-1.0,0.0,0.0,0.998,-0.014,0.567,0.998,-0.013,-2.0,0.0,1.988,-0.004,5.15,-1.011,-0.004,-2.01,3.398,0.972,-1.017,0.033,-0.642,1.994,-1.016,-0.991,0.976,2.645,-2.015,-1.557,-0.007,1.975,1.99,2.268,1.973,4.346,-0.017,-3.003,-3.0,2.485,-4.002,-0.012,-5.004,-2.489,2.189,2.769,-2.003,-0.008,2.982,0.997,0.0,0.0,0.0,0.0,0.0,0.0,0.0,0.0,0.0,0.0
BtcGF,BTCUSDc,157,13.4347,20.152,4,0.6264,114.86,359,23.1198,1,13,0,0.01,1.1,2.5,0.0,0.0,16385,1,-2.994,10,0,2,0,0.4,2.304,1.492,2.077,0.0,-2.0,-0.249,0.981,-3.0,2.493,2.314,-3.0,-4.0,-4.0,-3.0,-4.0,-0.512,3.002,-0.51,0.985,-5.999,0.708,-4.0,12.383,-1.516,-3.0,5.334,0.499,-2.501,2.604,-0.515,-3.0,1.442,3.478,-0.509,-4.0,14.934,-2.0,-0.534,-2.0,-3.0,-3.0,-3.0,-2.0,-5.0,-3.0,5.47,-4.0,1.499,-3.0,0.0,-1.0,0.0,3.127,4.963,-1.0,-1.0,0.0,-1.0,-1.0,-1.0,0.0,0.0,0.0,0.0,0.0,-1.0,0.0,0.0,-1.0,0.0,0.0,2.499,-1.0,0.0,0.0,-1.0,-2.0,-2.0,2.496,-2.0,-2.0,-2.0,4.045,3.431,-0.516,1.831,1.992,0.978,4.967,1.381,-0.527,-7.0,-1.514,0.496,-3.0,-4.0,1.495,12.148,3.261,21.644,-0.505,6.44,-4.0,-5.0,2.217,0.603,5.604,-1.507,-1.503,4.446,-2.507,-4.0,-1.988,-3.0,5.845,-2.0,-3.0,-4.0,8.975,0.681,0.0,0.0,0.0,0.0,0.0,0.0,0.0,0.0,0.0,0.0
BtcGF,BTCUSDc,234,12.9967,19.495,4,0.6509,80.91,339,20.649,1,15,0,0.01,1.1,3.0,0.0,0.5,16385,1,3.722,14,0,2,0,0.6,1.993,1.991,3.136,0.0,-2.0,-3.0,1.977,-3.0,2.992,1.994,-2.0,-4.0,-3.0,-3.0,-2.0,-2.999,0.074,-0.012,-2.01,-6.0,1.986,-4.0,0.991,8.081,-3.0,-4.0,0.999,-2.001,-0.007,-0.016,-3.0,10.628,5.598,-0.011,-4.0,12.883,-2.0,-0.042,-2.0,-3.0,2.708,-3.0,-1.0,-4.0,-4.0,6.964,-3.0,1.999,-3.0,0.0,-1.0,0.0,5.799,5.956,-1.0,-1.0,0.0,-1.0,-1.0,-1.0,0.0,0.0,0.0,0.0,0.0,-1.0,0.0,0.0,-1.0,0.0,0.0,2.998,-1.0,0.0,0.0,-1.0,-2.0,-2.0,2.995,-1.0,-2.0,-2.0,1.982,4.823,-0.019,2.337,-1.007,1.973,9.479,2.158,-0.033,-2.565,-1.016,0.995,-3.0,-4.0,1.994,-1.0,5.8,11.773,0.994,13.275,-4.0,-5.0,3.005,2.469,2.144,-1.008,-4.0,3.058,-2.009,-4.0,-6.0,-3.0,6.022,-2.0,-2.999,-4.0,6.975,1.251,0.0,0.0,0.0,0.0,0.0,0.0,0.0,0.0,0.0,0.0
BtcGF,BTCUSDc,275,9.4607,14.191,4,0.5993,30.45,347,32.853,1,17,0,0.01,1.1,2.0,0.0,1.0,16385,1,9.87,0,0,2,0,0.8,5.964,3.952,-1.027,-1.0,-1.0,1.991,0.985,-3.0,1.994,1.954,-3.0,-2.007,-0.008,-3.0,2.259,4.947,1.993,-0.008,-2.006,-3.016,-1.022,-1.002,3.713,-2.013,1.266,4.312,-0.001,-3.001,0.978,-1.0,-3.0,0.971,-1.015,-1.007,-4.0,4.47,-2.0,-1.028,-2.0,-3.0,-0.05,-2.0,-1.0,-2.0,-1.001,3.977,-0.045,2.998,-3.0,0.0,0.0,-1.0,3.435,3.971,-1.0,-1.0,0.0,-1.0,1.993,-1.0,0.0,0.0,0.0,0.0,0.0,-1.0,0.0,0.0,-1.0,0.0,0.0,1.999,-1.0,0.0,0.0,-1.0,-2.0,-1.999,1.997,-1.0,-2.0,0.985,3.975,0.992,-1.013,-0.656,2.991,2.789,2.971,2.586,-1.022,2.131,-2.011,-0.003,-3.0,0.035,2.966,6.912,-2.018,-2.001,1.986,4.953,0.957,-5.0,-0.43,0.974,3.032,-2.005,-4.0,3.647,-3.006,-1.033,-2.0,-4.0,3.692,-2.0,-3.0,-1.015,8.973,2.994,0.0,0.0,0.0,0.0,0.0,0.0,0.0,0.0,0.0,0.0
BtcGF,BTCUSDc,281,3.6033,5.405,4,0.188,145.09,341,23.7537,1,13,0,0.01,1.1,2.5,0.0,0.5,16385,1,-2.437,8,0,2,0,0.8,1.494,1.492,-0.41,0.0,-1.0,-0.249,0.981,-3.0,2.493,3.314,3.231,-4.0,-4.0,-3.0,-1.0,4.747,3.002,-0.51,-1.507,-6.0,0.708,-4.0,8.334,-1.516,-3.0,5.537,0.499,-2.501,2.791,-0.515,-3.0,3.174,1.202,-0.509,-4.0,9.599,-2.0,-0.535,-2.0,-3.0,1.871,-3.0,-1.0,-2.0,-3.0,5.47,-3.0,1.499,-3.0,0.0,0.0,-1.0,3.127,4.963,-1.0,-1.0,0.0,-1.0,-1.0,-1.0,0.0,0.0,0.0,0.0,0.0,-1.0,0.0,0.0,-1.0,0.0,0.0,2.499,-1.0,0.0,0.0,-1.0,-2.0,-2.0,2.496,-1.0,-1.999,-2.0,3.56,3.431,-0.516,-0.411,1.992,0.978,6.883,1.381,-0.527,-3.185,-1.514,0.496,-3.0,-4.0,1.495,10.201,1.261,0.103,0.495,11.801,-4.0,-5.0,0.576,0.382,1.095,-1.507,-3.999,4.297,-2.506,-4.0,-5.999,-3.0,1.904,-2.0,-2.999,2.309,8.975,0.681,0.0,0.0,0.0,0.0,0.0,0.0,0.0,0.0,0.0,0.0
BtcGF,BTCUSDc,279,4.0787,6.118,4,0.2049,105.34,339,24.7788,1,17,0,0.01,1.1,2.5,0.0,0.0,16385,1,-0.327,6,0,2,0,0.8,2.304,2.043,-0.41,0.0,-1.0,-0.249,1.981,-3.0,2.493,1.495,2.61,-4.0,-3.0,-3.0,-1.0,4.226,3.002,0.49,-1.507,-6.0,-0.496,-4.0,5.7,-1.516,-3.0,6.123,0.499,-2.501,2.791,-4.0,-3.0,2.09,0.591,-0.509,-4.0,9.709,-2.0,-1.535,-2.0,-3.0,2.21,-2.0,-1.0,-5.0,-4.0,5.47,-3.0,0.499,-3.0,0.0,0.0,-1.0,3.842,4.963,-1.0,-1.0,0.0,-1.0,-1.0,-1.0,0.0,0.0,0.0,0.0,0.0,-1.0,0.0,0.0,-1.0,0.0,0.0,2.499,-1.0,0.0,0.0,-1.0,-2.0,-2.0,2.496,-1.0,-2.0,1.471,1.485,3.431,-0.516,0.307,0.992,0.978,4.522,3.857,-0.527,0.39,-1.514,0.496,-3.0,-4.0,1.495,8.459,3.261,0.673,0.495,11.184,-6.0,-4.0,0.216,-1.125,7.34,-1.507,-4.0,3.843,-2.506,-4.0,-2.0,-4.0,2.548,-2.0,-2.998,2.309,8.975,0.681,0.0,0.0,0.0,0.0,0.0,0.0,0.0,0.0,0.0,0.0
BtcGF,BTCUSDc,289,1.4567,4.37,2,0.1624,241.46,336,20.2381,1,13,0,0.01,1.1,3.0,0.0,0.0,16385,1,-6.182,17,0,2,0,0.8,3.085,1.991,0.151,0.0,-1.0,-2.0,1.977,-3.0,2.992,4.379,-2.0,-4.0,-4.0,-3.0,-1.0,-2.0,10.635,-0.012,-5.0,-5.999,1.986,-4.0,0.991,10.533,-3.0,2.976,0.999,-2.001,-0.007,-0.016,-3.0,6.004,2.313,-0.011,-4.0,12.264,-2.0,-0.042,-2.0,-3.0,3.104,-3.0,-2.0,-5.0,-3.0,6.964,-3.0,1.999,-3.0,0.0,0.0,-1.0,3.854,5.956,-1.0,-1.0,0.0,-1.0,-1.0,-1.0,0.0,0.0,0.0,0.0,0.0,-1.0,0.0,0.0,-1.0,0.0,0.0,2.998,-1.0,0.0,0.0,-1.0,-2.0,-2.0,2.995,-1.0,-1.999,-2.0,5.15,4.823,-0.019,0.698,-1.007,1.973,10.218,2.158,-0.033,-7.0,-1.016,0.995,-3.0,-4.0,1.994,-3.0,-1.027,0.989,0.994,6.928,-4.0,-5.0,1.306,1.389,7.194,-1.008,-3.999,6.359,-2.008,-4.0,-6.0,-3.0,3.033,-2.0,-2.999,-3.0,6.975,1.251,0.0,0.0,0.0,0.0,0.0,0.0,0.0,0.0,0.0,0.0
BtcGF,BTCUSDc,237,-1.396,-2.094,4,-0.0675,0.0,340,20.2941,1,13,0,0.01,1.1,3.0,0.0,1.0,16385,1,-15.001,14,0,2,0,0.6,1.993,1.991,0.151,0.0,-1.0,-3.0,1.977,-3.0,2.992,4.379,-2.0,-4.0,-3.0,-3.0,-2.0,-3.0,-0.009,-0.012,-5.0,-6.0,1.986,-4.0,0.991,12.888,-0.003,3.274,0.999,-2.001,-0.007,-0.016,-3.0,-4.0,4.105,-0.011,-4.0,9.495,-2.0,-1.042,-2.0,-3.0,0.931,-2.0,-1.0,-4.0,-3.0,6.964,0.938,1.999,-3.0,0.0,0.0,-1.0,6.859,5.956,-1.0,-1.0,0.0,-1.0,-1.0,-1.0,0.0,0.0,0.0,0.0,0.0,-1.0,0.0,0.0,-1.0,0.0,0.0,2.998,-1.0,0.0,0.0,-1.0,-2.0,-2.0,2.995,-2.0,-1.0,-2.0,5.891,4.823,-0.018,2.337,-1.007,1.973,3.835,5.146,-0.033,2.402,-1.016,0.995,-3.0,-3.0,1.994,-3.0,-1.027,-1.002,0.994,6.928,-4.0,-5.0,7.604,-1.029,2.144,-1.008,-4.0,6.484,-2.009,-4.0,-6.0,-3.0,3.519,-2.0,-3.0,-4.0,6.975,1.251,0.0,0.0,0.0,0.0,0.0,0.0,0.0,0.0,0.0,0.0
BtcGF,BTCUSDc,274,-1.128,-2.256,3,-0.0756,0.0,353,31.4448,1,15,0,0.01,1.1,2.0,0.0,1.0,16385,1,-5.975,0,0,2,0,0.8,5.964,3.952,-1.027,-0.999,-1.0,1.991,-0.015,-3.0,1.994,1.954,-3.0,-2.007,-0.008,-3.0,2.259,4.425,1.993,-1.008,-2.006,-3.016,-1.022,-1.002,3.713,-2.013,1.036,-1.009,-0.001,-3.001,0.978,-1.0,-3.0,1.141,-1.015,-1.007,-4.0,4.47,-2.0,-1.028,-2.0,-3.0,-0.05,-2.0,-1.0,-2.0,-1.002,3.977,-0.045,2.998,-3.0,0.0,0.0,-1.0,3.435,3.971,-1.0,-1.0,0.0,-1.0,1.993,-1.0,0.0,0.0,0.0,0.0,0.0,-1.0,0.0,0.0,-1.0,0.0,0.0,1.999,-1.0,0.0,0.0,-1.0,-2.0,-1.999,1.997,-1.0,-2.0,1.218,5.376,0.992,-1.013,-1.521,2.991,2.429,-0.008,0.605,-1.022,0.177,-2.011,-0.003,-3.0,0.035,2.966,6.912,-2.018,-2.001,1.986,4.953,2.434,-5.0,-0.43,0.974,3.179,-2.005,-4.0,2.984,-3.006,-1.033,-6.0,-3.0,3.692,-2.0,-3.0,-1.015,8.973,2.994,0.0,0.0,0.0,0.0,0.0,0.0,0.0,0.0,0.0,0.0
BtcGF,BTCUSDc,156,2.0175,4.035,3,0.1464,406.07,358,21.7877,1,11,0,0.01,1.1,2.5,0.0,0.0,16385,1,-12.35,13,0,2,0,0.4,2.304,1.492,2.077,0.0,-1.0,1.716,0.981,-3.0,2.493,1.9,-3.0,-4.0,-4.0,-3.0,-3.0,-0.512,3.002,-0.51,2.164,-6.0,4.738,-4.0,12.447,-1.516,-3.0,7.546,0.499,-2.501,2.604,-0.515,-3.0,2.958,-5.0,-0.509,-4.0,18.085,-2.0,-1.535,-2.0,-3.0,-3.0,-3.0,-2.0,-5.0,3.977,5.544,-4.0,1.499,-3.0,0.0,-1.0,0.0,5.101,4.963,-1.0,-1.0,0.0,-1.0,-1.0,-1.0,0.0,0.0,0.0,0.0,0.0,-1.0,0.0,0.0,-1.0,0.0,0.0,2.499,-1.0,0.0,0.0,-1.0,-2.0,-2.0,2.496,-2.0,-2.0,-2.0,3.479,2.296,-0.516,1.831,1.992,1.481,4.967,1.381,-0.527,-7.0,-1.514,0.496,-3.0,-4.0,1.495,8.832,-1.522,3.821,5.489,8.156,-6.0,-4.0,3.321,5.365,5.407,-0.587,-4.0,4.937,-2.507,-4.0,-2.0,-5.0,-4.0,-2.0,-3.0,-4.0,8.975,-3.0,0.0,0.0,0.0,0.0,0.0,0.0,0.0,0.0,0.0,0.0
BtcGF,BTCUSDc,71,7.81,15.62,3,1.0186,6.4,413,52.0581,1,17,0,0.01,1.1,1.0,0.0,1.0,16385,1,14.62,0,0,2,0,0.2,2.982,2.979,-2.014,0.995,-0.014,2.976,1.977,-0.029,0.997,-0.013,-1.005,-1.005,-1.004,-1.004,-0.01,1.988,1.996,-0.007,-3.003,-2.018,-0.023,-0.001,0.983,-3.006,2.969,-0.013,0.999,-4.0,-1.016,0.0,0.995,1.965,1.99,-2.004,-3.002,0.989,-1.014,0.976,-2.0,-3.0,-1.025,-0.009,0.969,1.985,1.98,2.986,-1.027,1.0,-3.0,0.0,0.0,-1.0,0.99,1.986,0.995,-1.0,0.0,1.99,0.996,0.991,0.0,0.0,0.0,0.0,0.0,-1.0,0.0,0.0,-1.0,0.0,0.0,0.999,-1.0,0.0,0.0,0.998,-0.014,-0.01,0.998,-0.013,-2.0,0.0,1.988,-0.004,4.965,-1.011,-0.004,-2.01,2.969,0.972,-1.017,2.978,-1.009,1.994,-1.016,-2.046,0.976,1.951,-3.009,-2.002,-0.007,1.975,1.99,1.957,1.973,3.973,-0.017,-3.003,-3.001,1.975,-4.003,1.956,-5.005,-3.053,1.973,1.988,-2.003,-0.008,2.982,0.997,0.0,0.0,0.0,0.0,0.0,0.0,0.0,0.0,0.0,0.0
BtcGF,BTCUSDc,182,15.7967,23.695,4,1.178,10.64,419,50.5967,1,15,0,0.01,1.1,1.0,0.0,0.0,16385,1,21.175,0,0,2,0,0.6,2.947,2.979,-1.019,1.851,-0.383,2.985,1.977,0.202,0.997,-0.013,-1.005,-0.735,-1.004,-1.004,-0.01,1.988,2.015,-0.007,-2.006,-1.927,-0.023,-0.001,1.26,-3.006,3.044,-0.013,0.999,-4.0,-0.256,0.0,0.995,1.988,2.813,-2.004,-2.039,-1.009,-1.014,-0.912,-2.0,-3.0,-3.0,-3.0,1.389,-1.014,1.98,2.986,-3.0,1.0,-3.0,0.0,-1.0,0.0,1.737,1.986,0.995,-1.0,0.0,1.99,0.996,0.991,0.0,0.0,0.0,0.0,0.0,-1.0,0.0,0.0,-1.0,0.0,0.0,0.999,-1.0,0.0,0.0,0.998,-0.014,1.516,0.998,-0.013,-2.0,0.0,2.028,-0.004,4.965,-1.011,-0.004,-2.01,3.545,1.706,-1.017,0.636,-0.796,1.994,-1.016,0.078,0.976,2.456,1.199,-1.209,-0.007,1.975,1.99,2.918,1.973,4.744,-0.017,-3.003,-3.001,2.505,-4.002,1.995,-5.005,-0.954,2.689,3.241,-2.003,-0.008,2.982,0.997,0.0,0.0,0.0,0.0,0.0,0.0,0.0,0.0,0.0,0.0
BtcGF,BTCUSDc,173,18.7813,28.172,4,0.8295,123.64,353,19.5467,1,13,0,0.01,1.1,3.0,0.0,0.5,16385,1,-6.66,13,0,2,0,0.4,1.993,1.991,3.136,0.0,-2.0,-3.0,1.977,-3.0,2.992,3.379,-3.0,-4.0,-4.0,-3.0,-4.0,-4.0,0.074,-0.012,-2.01,-6.0,1.986,-4.0,0.991,16.007,-3.0,3.274,0.999,-2.001,-0.007,-0.016,-3.0,1.814,-5.0,-0.011,-4.0,17.066,-2.0,-0.041,-2.0,-3.0,2.708,-3.0,-1.0,-4.0,-3.0,6.964,-4.0,1.999,-3.0,0.0,-1.0,0.0,3.854,5.956,-1.0,-1.0,0.0,-1.0,-1.0,-1.0,0.0,0.0,0.0,0.0,0.0,-1.0,0.0,0.0,-1.0,0.0,0.0,2.998,-1.0,0.0,0.0,-1.0,-2.0,-2.0,2.995,-2.0,-2.0,-2.0,5.891,4.823,-0.019,3.594,-1.007,1.973,4.015,5.146,-0.033,-2.565,-1.016,0.995,-3.0,-4.0,1.994,-3.0,0.973,30.832,-0.006,7.928,-4.0,-5.0,3.372,1.669,2.144,-1.008,-1.004,5.484,-2.009,-4.0,-6.0,-3.0,7.725,-2.0,-3.0,-4.0,6.975,1.251,0.0,0.0,0.0,0.0,0.0,0.0,0.0,0.0,0.0,0.0
BtcGF,BTCUSDc,246,10.1415,20.283,3,1.3942,8.39,416,51.2019,1,15,0,0.01,1.1,1.0,0.0,0.5,16385,1,18.582,0,0,2,0,0.8,2.982,2.979,-2.014,1.415,-0.638,2.985,1.977,-0.029,0.997,-0.013,-1.005,-1.005,-1.004,-1.004,-0.01,1.988,2.015,-0.007,-3.003,-2.018,-0.023,-0.001,1.266,-3.006,2.969,-0.013,0.999,-4.0,-0.707,0.0,0.995,2.039,2.445,-2.004,-2.415,1.6,-1.014,1.52,-2.0,-3.0,-0.629,0.269,0.969,-0.003,1.98,2.986,-3.0,1.0,-3.0,0.0,0.0,-1.0,1.322,1.986,0.995,-1.0,0.0,1.99,0.996,0.991,0.0,0.0,0.0,0.0,0.0,-1.0,0.0,0.0,-1.0,0.0,0.0,0.999,-1.0,0.0,0.0,0.998,-0.014,0.567,0.998,-0.013,-2.0,0.0,1.988,-0.004,4.965,-1.011,-0.004,-2.01,3.398,1.394,-1.017,0.033,-0.642,1.994,-1.016,-0.911,0.976,2.321,-2.015,-1.557,-0.007,1.975,1.99,2.449,1.973,4.409,-0.017,-3.003,-3.001,2.485,-4.002,1.995,-5.005,-2.502,2.299,2.77,-2.003,-0.008,2.982,0.997,0.0,0.0,0.0,0.0,0.0,0.0,0.0,0.0,0.0,0.0
BtcGF,BTCUSDc,226,-4.7833,-14.35,2,-0.4236,0.0,345,24.058,1,15,0,0.01,1.1,2.5,0.0,1.0,16385,1,-21.18,9,0,2,0,0.6,1.494,1.492,-0.41,0.0,-1.0,-0.502,0.981,-3.0,2.493,1.495,4.83,-4.0,-3.0,-3.0,-2.0,4.213,2.992,-0.51,-1.507,-6.0,0.708,-4.0,6.832,-1.516,-0.502,-0.511,0.499,-2.501,1.972,-0.515,-3.0,2.559,-0.518,-0.509,-4.0,7.416,-2.0,-0.535,-2.0,-3.0,0.441,-2.0,-1.0,-4.0,-4.0,5.47,0.447,1.499,-3.0,0.0,0.0,-1.0,5.343,4.963,-1.0,-1.0,0.0,-1.0,-1.0,-1.0,0.0,0.0,0.0,0.0,0.0,-1.0,0.0,0.0,-1.0,0.0,0.0,2.499,-1.0,0.0,0.0,-1.0,-2.0,-2.0,2.496,-1.0,-2.0,-2.0,1.485,3.431,-0.516,0.857,1.992,0.978,2.307,1.381,-0.527,1.294,-1.514,0.496,-3.0,-3.0,1.495,5.826,1.261,-1.502,0.495,12.397,-4.0,-5.0,5.042,-1.525,1.095,-1.507,-4.0,2.213,-2.507,-4.0,-6.0,-3.0,2.449,-2.0,-3.0,-4.0,8.975,0.681,0.0,0.0,0.0,0.0,0.0,0.0,0.0,0.0,0.0,0.0
BtcGF,BTCUSDc,188,7.81,15.62,3,1.0186,6.4,413,52.0581,1,11,0,0.01,1.1,1.0,0.0,1.0,16385,1,14.62,0,0,2,0,0.6,2.982,2.979,-2.014,0.995,-0.014,2.976,1.977,-0.029,0.997,-0.013,-1.005,-1.005,-1.004,-1.004,-0.01,1.988,1.996,-0.007,-3.003,-2.018,-0.023,-0.001,0.983,-3.006,2.969,-0.013,0.999,-4.0,-1.016,0.0,0.995,1.965,1.99,-2.004,-3.002,0.989,-1.014,0.976,-2.0,-3.0,-1.025,-0.009,0.969,1.985,1.98,2.986,-1.027,1.0,-3.0,0.0,0.0,-1.0,0.99,1.986,0.995,-1.0,0.0,1.99,0.996,0.991,0.0,0.0,0.0,0.0,0.0,-1.0,0.0,0.0,-1.0,0.0,0.0,0.999,-1.0,0.0,0.0,0.998,-0.014,-0.01,0.998,-0.013,-2.0,0.0,1.988,-0.004,4.965,-1.011,-0.004,-2.01,2.969,0.972,-1.017,2.978,-1.009,1.994,-1.016,-2.046,0.976,1.951,-3.009,-2.002,-0.007,1.975,1.99,1.957,1.973,3.973,-0.017,-3.003,-3.001,1.975,-4.003,1.956,-5.005,-3.053,1.973,1.988,-2.003,-0.008,2.982,0.997,0.0,0.0,0.0,0.0,0.0,0.0,0.0,0.0,0.0,0.0
BtcGF,BTCUSDc,288,19.2967,28.945,4,1.4343,38.74,335,20.8955,1,11,0,0.01,1.1,3.0,0.0,0.0,16385,1,17.733,14,0,2,0,0.8,3.085,1.991,0.151,0.0,-1.0,-0.999,1.977,-3.0,2.992,3.835,-2.0,-4.0,-4.0,-3.0,-1.0,-1.999,11.284,-0.012,-5.0,-6.0,4.317,-4.0,0.991,10.536,-3.0,4.293,0.999,-2.001,5.805,-0.016,-3.0,6.649,2.283,-0.011,-4.0,13.857,-2.0,-1.042,-2.0,-3.0,2.855,-3.0,-2.0,-5.0,5.038,7.055,-3.0,1.999,-3.0,0.0,0.0,-1.0,6.556,5.956,-1.0,-1.0,0.0,-1.0,-1.0,-1.0,0.0,0.0,0.0,0.0,0.0,-1.0,0.0,0.0,-1.0,0.0,0.0,2.998,-1.0,0.0,0.0,-1.0,-2.0,-1.999,2.995,-2.0,-1.0,-2.0,5.027,3.442,-0.019,0.698,-1.007,2.794,7.82,2.158,-0.033,-7.0,-1.016,0.995,-3.0,-4.0,1.994,-4.0,-1.027,0.989,3.885,9.748,-6.0,-4.0,0.861,5.187,6.929,0.776,-3.999,6.539,-2.008,-4.0,-2.0,-4.0,1.819,-2.0,-3.0,-4.0,6.975,-3.0,0.0,0.0,0.0,0.0,0.0,0.0,0.0,0.0,0.0,0.0
BtcGF,BTCUSDc,291,9.1633,10.996,5,0.373,72.72,326,21.4724,1,17,0,0.01,1.1,3.0,0.0,0.0,16385,1,3.0,15,0,2,0,0.8,3.085,2.686,0.151,0.0,-1.0,-2.0,2.977,-3.0,2.992,1.994,-2.0,-4.0,-3.0,-3.0,-1.0,-2.0,0.075,0.988,-5.0,-6.0,0.456,-4.0,0.991,6.679,-3.0,3.948,0.999,-2.001,6.011,-4.0,-3.0,5.472,3.346,-0.011,-4.0,12.157,-2.0,-1.042,-2.0,-3.0,3.104,-2.0,-1.0,-5.0,-4.0,6.964,-3.0,0.999,-3.0,0.0,0.0,-1.0,4.692,5.956,-1.0,-1.0,0.0,-1.0,-1.0,-1.0,0.0,0.0,0.0,0.0,0.0,-1.0,0.0,0.0,-1.0,0.0,0.0,2.998,-1.0,0.0,0.0,-1.0,-2.0,-2.0,2.995,-1.0,-2.0,0.0,0.982,4.823,-0.019,1.271,-2.007,1.973,6.258,2.158,-1.033,1.36,-1.016,0.995,-3.0,-4.0,1.994,-1.0,5.8,1.85,0.994,12.255,-6.0,-4.0,0.861,-0.533,9.464,-1.008,-4.0,5.761,-2.008,-4.0,-2.0,-4.0,3.932,-2.0,-2.998,-3.0,6.975,1.251,0.0,0.0,0.0,0.0,0.0,0.0,0.0,0.0,0.0,0.0
BtcGF,BTCUSDc,121,16.063,32.126,3,1.8531,11.51,423,50.3546,1,13,0,0.01,1.1,1.0,0.0,0.0,16385,1,28.427,0,0,2,0,0.4,2.947,2.979,-1.019,2.733,0.12,2.985,1.977,0.202,0.997,-0.013,-1.005,-0.735,-2.004,-1.004,-0.01,1.988,2.015,-0.007,-2.006,-1.927,-0.023,-0.001,1.205,-3.006,3.044,-0.013,0.999,-4.0,-0.715,0.0,0.995,2.034,3.512,-2.004,-0.301,-1.009,-1.014,1.323,-2.0,-3.0,-3.0,-3.0,1.389,-1.014,-0.011,2.986,-2.001,1.0,-3.0,0.0,-1.0,0.0,0.99,1.986,0.995,-1.0,0.0,3.162,0.996,0.991,0.0,0.0,0.0,0.0,0.0,-1.0,0.0,0.0,-1.0,0.0,0.0,0.999,-1.0,0.0,0.0,0.998,-0.014,2.641,0.998,-0.013,-2.0,0.0,1.988,-0.004,5.15,-1.011,-0.004,-2.01,5.18,0.972,-1.017,0.329,-0.796,1.994,-1.016,1.237,0.976,2.946,2.645,-0.525,-0.007,1.975,1.99,2.268,1.973,4.389,-0.017,-3.003,-2.002,2.505,-4.003,-1.012,-3.543,-0.802,2.189,3.907,-2.003,-0.008,2.982,0.997,0.0,0.0,0.0,0.0,0.0,0.0,0.0,0.0,0.0,0.0
BtcGF,BTCUSDc,30,8.7105,17.421,3,0.74,180.34,383,29.765,1,15,0,0.01,1.1,2.0,0.0,0.5,16385,1,-13.996,4,0,2,0,0.0,5.964,3.952,0.963,-1.0,-3.0,2.138,-0.015,-3.0,1.994,1.954,-3.0,-2.007,-0.008,-3.0,-4.0,4.983,1.993,-1.008,-0.013,-3.016,-1.022,-1.002,8.271,-2.013,0.105,-1.009,-0.001,-3.001,2.444,-1.0,-3.0,0.8,-5.0,-1.007,-4.0,31.411,-2.0,-1.028,-2.0,-3.0,1.034,-3.0,-1.0,-3.999,2.54,3.977,-1.002,2.998,-3.0,0.0,-1.0,0.0,4.762,3.971,-1.0,-1.0,0.0,-1.0,1.993,-1.0,0.0,0.0,0.0,0.0,0.0,-1.0,0.0,0.0,-1.0,0.0,0.0,1.999,-1.0,0.0,0.0,-1.0,-2.0,-2.0,1.997,-2.0,-2.0,1.218,6.948,0.992,-1.013,0.068,2.991,1.931,2.971,2.586,-1.022,-3.804,-2.011,-0.003,-3.002,-4.0,1.966,4.953,-3.018,-4.002,1.986,4.953,4.644,-5.0,0.983,3.41,3.179,-2.005,-4.0,1.984,-3.006,-1.033,-6.0,-4.0,0.537,-3.0,-2.004,-1.015,8.973,2.994,0.0,0.0,0.0,0.0,0.0,0.0,0.0,0.0,0.0,0.0
BtcGF,BTCUSDc,113,-10.404,-31.212,2,-0.6515,0.0,366,18.5792,1,13,0,0.01,1.1,3.0,0.0,0.5,16385,1,-56.171,10,0,2,0,0.2,1.993,1.991,3.136,0.0,-3.0,-3.0,1.977,-3.0,2.992,3.379,-3.0,-4.0,-4.0,-3.0,-4.0,-4.0,0.074,-0.012,-2.01,-6.0,1.986,-4.0,-1.009,-1.019,-3.0,3.274,0.999,-2.001,-0.007,-0.016,-3.0,1.814,-5.0,-0.011,-4.0,27.27,-2.0,-0.041,-2.0,-3.0,2.708,-3.0,-1.0,-4.0,-3.0,6.964,-4.0,1.999,-3.0,0.0,-1.0,0.0,3.854,5.956,-1.0,-1.0,0.0,-1.0,-1.0,-1.0,0.0,0.0,0.0,0.0,0.0,-1.0,0.0,0.0,-1.0,0.0,0.0,2.998,-1.0,0.0,0.0,-1.0,-2.0,-2.0,2.995,-2.0,-2.0,-2.0,5.891,4.823,-0.019,3.594,-1.007,1.973,4.015,5.146,-0.033,-2.565,-1.016,0.995,-2.003,-4.0,1.994,-3.0,-2.027,-3.002,-0.006,7.928,-4.0,-5.0,3.372,1.669,2.144,-1.008,-1.004,5.484,-2.009,-4.0,-6.0,-4.0,-4.0,-3.0,-3.0,-4.0,6.975,1.251,0.0,0.0,0.0,0.0,0.0,0.0,0.0,0.0,0.0,0.0
BtcGF,BTCUSDc,266,0.0127,0.019,4,0.0007,24157.89,357,30.5322,1,15,0,0.01,1.1,2.0,0.0,0.0,16385,1,-4.571,0,0,2,0,0.8,6.493,3.952,-1.027,-1.0,-1.0,2.138,-0.015,-3.0,1.994,1.954,-3.0,-1.21,-0.008,-3.0,2.259,4.425,1.993,-1.008,-2.006,-2.556,-1.022,-1.002,3.713,-2.013,0.105,-1.009,-0.001,-3.001,1.627,-1.0,-3.0,1.137,0.284,-1.007,-4.0,7.016,-2.0,-2.028,-2.0,-3.0,1.314,-2.0,-2.0,-5.0,0.542,3.977,-3.0,2.998,-3.0,0.0,0.0,-1.0,3.019,3.971,-1.0,-1.0,0.0,-1.0,1.993,-1.0,0.0,0.0,0.0,0.0,0.0,-1.0,0.0,0.0,-1.0,0.0,0.0,1.999,-1.0,0.0,0.0,-1.0,-2.0,-1.999,1.997,-1.0,-2.0,1.218,4.221,0.992,-1.013,-1.521,2.991,1.931,3.379,0.605,-1.022,-0.697,-2.011,-0.003,-3.0,-4.0,2.966,8.676,-2.018,-0.783,1.986,4.953,2.434,-5.0,-0.43,2.18,3.046,-2.005,-4.0,2.984,-3.004,-1.033,-6.0,-3.0,5.057,-2.0,-3.0,-1.015,8.973,2.994,0.0,0.0,0.0,0.0,0.0,0.0,0.0,0.0,0.0,0.0
BtcGF,BTCUSDc,219,13.2173,19.826,4,0.6835,43.19,344,24.7093,1,17,0,0.01,1.1,2.5,0.0,0.0,16385,1,11.264,12,0,2,0,0.6,2.304,2.043,2.077,0.0,-1.0,-0.249,1.981,-3.0,2.493,1.495,3.738,-4.0,-3.0,-3.0,-2.0,5.912,3.002,0.49,0.985,-6.0,-0.496,-4.0,6.832,-1.516,-3.0,6.4,0.499,-2.501,3.822,-4.0,-3.0,2.09,0.591,-0.509,-4.0,10.262,-2.0,-1.535,-2.0,-3.0,-3.0,-3.0,-1.0,-4.999,-4.0,5.47,-3.0,0.499,-3.0,0.0,0.0,-1.0,4.736,4.963,-1.0,-1.0,0.0,-1.0,-1.0,-1.0,0.0,0.0,0.0,0.0,0.0,-1.0,0.0,0.0,-1.0,0.0,0.0,2.499,-1.0,0.0,0.0,-1.0,-2.0,-2.0,2.496,-1.0,-2.0,1.471,1.485,3.431,-0.516,1.55,0.992,0.978,5.781,3.857,-0.527,0.39,-1.514,0.496,-3.0,-4.0,1.495,10.113,3.261,4.291,0.495,12.397,-6.0,-4.0,-0.492,4.753,7.34,-1.507,-4.0,3.986,-2.507,-4.0,-2.0,-4.0,3.797,-2.0,-3.0,-4.0,8.975,0.681,0.0,0.0,0.0,0.0,0.0,0.0,0.0,0.0,0.0,0.0
BtcGF,BTCUSDc,111,25.182,37.773,4,1.1625,42.73,349,20.9169,1,17,0,0.01,1.1,3.0,0.0,0.0,16385,1,21.634,15,0,2,0,0.2,3.085,2.686,3.136,0.0,-1.0,-3.0,2.977,-3.0,2.992,0.994,-3.0,-4.0,-3.0,-3.0,-4.0,-3.0,0.074,0.988,-2.01,-6.0,0.456,-4.0,0.991,14.131,-3.0,4.282,0.999,-2.001,8.872,-4.0,-3.0,5.472,3.346,-0.011,-4.0,15.34,-2.0,-1.042,-2.0,-3.0,-3.0,-3.0,-1.0,-5.0,-4.0,6.964,-4.0,0.999,-3.0,0.0,-1.0,0.0,7.178,5.956,-1.0,-1.0,0.0,-1.0,-1.0,-1.0,0.0,0.0,0.0,0.0,0.0,-1.0,0.0,0.0,-1.0,0.0,0.0,2.998,-1.0,0.0,0.0,-1.0,-3.0,0.989,2.995,-2.0,-2.0,0.0,0.982,4.823,-0.019,10.845,-2.007,1.973,8.918,2.158,-1.033,1.36,-1.016,0.995,-1.771,-4.0,0.994,4.14,3.8,12.139,0.994,6.928,-5.0,-5.0,0.016,9.161,9.464,-1.008,-4.0,5.884,-2.009,-4.0,-2.0,-5.0,-4.0,-3.0,-3.0,-4.0,6.975,1.251,0.0,0.0,0.0,0.0,0.0,0.0,0.0,0.0,0.0,0.0
BtcGF,BTCUSDc,104,20.9667,31.45,4,1.3362,51.14,352,23.5795,1,11,0,0.01,1.1,2.5,0.0,1.0,16385,1,15.368,12,0,2,0,0.2,1.494,1.492,-0.41,0.0,-1.0,-0.502,0.981,-3.0,2.493,1.9,-3.0,-4.0,-3.0,-3.0,-3.0,-0.512,2.992,-0.51,-1.507,-6.0,4.738,-4.0,15.198,-1.516,-0.502,7.788,0.499,-2.501,1.972,-0.515,-3.0,2.559,-0.518,-0.509,-4.0,15.47,-2.0,-1.535,-2.0,-3.0,0.441,-2.0,-1.0,-4.0,3.977,5.47,0.447,1.499,-3.0,0.0,0.0,-1.0,10.13,4.963,-1.0,-1.0,0.0,-1.0,-1.0,-1.0,0.0,0.0,0.0,0.0,0.0,-1.0,0.0,0.0,-1.0,0.0,0.0,2.499,-1.0,0.0,0.0,-1.0,-2.0,0.491,2.496,-2.0,-2.0,-2.0,3.479,3.816,-0.516,1.831,1.992,1.481,4.967,1.381,-0.527,1.294,-1.514,0.496,-3.0,-4.0,0.495,2.826,-1.522,-1.502,13.082,8.156,-5.0,-5.0,7.834,2.151,0.898,-0.587,-4.0,4.937,-2.507,-4.0,-2.0,-4.0,4.082,-2.0,-3.0,-4.0,8.975,-3.0,0.0,0.0,0.0,0.0,0.0,0.0,0.0,0.0,0.0,0.0
BtcGF,BTCUSDc,254,3.6955,7.391,3,0.2267,45.56,386,38.0829,1,15,0,0.01,1.1,1.5,0.0,0.0,16385,1,4.024,0,0,2,0,0.8,4.719,2.97,-1.52,2.491,-1.0,0.993,2.976,-3.0,1.496,0.961,-0.508,-1.972,-0.506,-3.0,0.478,0.982,0.995,0.989,-2.504,-0.752,1.464,-1.501,-0.129,-2.51,-0.453,-1.507,-0.5,-3.5,-0.537,-1.5,-0.505,2.014,-0.633,-1.505,-4.0,6.09,-2.0,-1.024,-2.0,-3.0,0.432,-2.0,-2.0,-5.0,3.721,4.978,-3.0,2.0,-3.0,0.0,0.0,-1.0,2.002,2.978,-1.0,-1.0,0.0,-1.0,1.494,-1.0,0.0,0.0,0.0,0.0,0.0,-1.0,0.0,0.0,-1.0,0.0,0.0,1.499,-1.0,0.0,0.0,1.498,-2.0,3.861,1.498,1.3,-2.0,0.5,3.124,0.494,4.959,1.08,1.494,-0.668,7.31,3.294,-1.516,-1.452,-2.508,-0.503,-3.0,-0.261,1.971,4.988,-2.513,-1.669,0.989,3.465,0.687,-2.507,2.894,0.8,1.978,-2.504,-2.502,4.335,-3.502,-2.527,-6.0,0.112,3.819,-2.0,-1.038,0.488,4.972,1.995,0.0,0.0,0.0,0.0,0.0,0.0,0.0,0.0,0.0,0.0
BtcGF,BTCUSDc,138,23.058,34.587,4,1.1442,17.92,394,38.0711,1,15,0,0.01,1.1,1.5,0.0,0.5,16385,1,28.39,5,0,2,0,0.4,4.472,2.97,-0.028,4.391,-2.0,0.993,2.976,-3.0,1.496,0.961,-0.508,-2.505,-0.506,-3.0,-1.522,3.482,0.995,0.989,-1.009,-1.028,1.464,-1.501,1.557,-2.51,-0.453,-1.507,-0.5,-3.5,0.066,-1.5,-0.505,2.409,-5.0,-1.505,-4.0,7.183,-2.0,-0.024,-2.0,-3.0,0.208,-3.0,-1.0,-3.999,3.721,4.978,-1.501,2.0,-3.0,0.0,-1.0,0.0,3.512,2.978,-1.0,-1.0,0.0,-1.0,1.494,-1.0,0.0,0.0,0.0,0.0,0.0,-1.0,0.0,0.0,-1.0,0.0,0.0,1.499,-1.0,0.0,0.0,1.498,-2.0,5.542,1.498,2.706,-2.0,0.5,4.892,0.494,4.959,2.015,1.494,-0.668,9.374,5.141,-1.516,-1.924,-2.508,-0.503,-4.0,-4.0,1.971,7.175,-0.513,2.314,0.989,3.465,1.772,-2.507,5.216,1.637,1.978,-2.504,-2.502,0.988,-3.504,-2.527,-6.0,2.061,5.621,-2.0,1.325,0.488,4.972,1.995,0.0,0.0,0.0,0.0,0.0,0.0,0.0,0.0,0.0,0.0
BtcGF,BTCUSDc,293,2.7973,8.392,2,0.3049,125.74,333,20.4204,1,13,0,0.01,1.1,3.0,0.0,0.5,16385,1,-2.16,17,0,2,0,0.8,1.993,1.991,0.151,0.0,-1.0,-2.0,1.977,-3.0,2.992,4.379,-2.0,-4.0,-4.0,-3.0,-1.0,-2.0,10.635,-0.012,-5.0,-6.0,1.986,-4.0,0.991,10.533,-3.0,3.246,0.999,-2.001,-0.007,-0.016,-3.0,9.047,2.313,-0.011,-4.0,12.023,-2.0,-0.042,-2.0,-3.0,2.708,-3.0,-1.0,-2.0,-3.0,6.964,-3.0,1.999,-3.0,0.0,0.0,-1.0,3.854,5.956,-1.0,-1.0,0.0,-1.0,-1.0,-1.0,0.0,0.0,0.0,0.0,0.0,-1.0,0.0,0.0,-1.0,0.0,0.0,2.998,-1.0,0.0,0.0,-1.0,-2.0,-2.0,2.995,-1.0,-1.999,-2.0,5.15,4.823,-0.019,0.698,-1.007,1.973,9.271,2.158,-0.033,-2.565,-1.016,0.995,-3.0,-4.0,1.994,-3.0,-1.027,0.989,0.994,6.928,-4.0,-5.0,1.306,1.389,2.144,-1.008,-3.999,6.359,-2.008,-4.0,-5.999,-3.0,3.033,-2.0,-2.999,-3.0,6.975,1.251,0.0,0.0,0.0,0.0,0.0,0.0,0.0,0.0,0.0,0.0
BtcGF,BTCUSDc,241,7.3055,14.611,3,0.8825,12.38,419,50.358,1,13,0,0.01,1.1,1.0,0.0,0.0,16385,1,12.802,0,0,2,0,0.8,2.947,2.979,-2.014,1.415,-0.638,2.985,1.977,0.202,0.997,-0.013,-1.005,-0.735,-2.004,-1.004,-0.01,1.988,2.015,-0.007,-3.003,-1.927,-0.023,-0.001,1.205,-3.006,3.044,-0.013,0.999,-4.0,-0.715,0.0,0.995,2.034,2.446,-2.004,-2.343,1.595,-1.014,1.323,-2.0,-3.0,-0.463,-3.0,1.389,-1.014,2.409,2.986,-3.0,1.0,-3.0,0.0,0.0,-1.0,0.99,1.986,0.995,-1.0,0.0,2.377,0.996,0.991,0.0,0.0,0.0,0.0,0.0,-1.0,0.0,0.0,-1.0,0.0,0.0,0.999,-1.0,0.0,0.0,0.998,-0.014,0.805,0.998,-0.013,-2.0,0.0,1.988,-0.004,5.15,-1.011,-0.004,-2.01,3.77,0.972,-1.017,0.329,-0.796,1.994,-1.016,-0.991,0.976,2.548,-2.015,-1.557,-0.007,1.975,1.99,2.268,1.973,4.346,-0.017,-3.003,-3.0,2.482,-4.002,-0.012,-5.005,-2.489,2.189,2.567,-2.003,-0.008,2.982,0.997,0.0,0.0,0.0,0.0,0.0,0.0,0.0,0.0,0.0,0.0
BtcGF,BTCUSDc,77,11.82,23.64,3,0.8539,45.99,404,36.8812,1,13,0,0.01,1.1,1.5,0.0,0.5,16385,1,12.768,6,0,2,0,0.2,4.472,2.97,-0.028,4.986,-3.0,0.993,2.976,-3.0,1.496,0.961,-0.508,-2.505,-1.506,-3.0,-1.522,4.752,0.995,0.989,-1.009,-1.028,1.464,-1.501,-3.505,-2.51,-0.453,2.154,-0.5,-3.5,0.066,-1.5,-0.505,2.409,-5.0,-1.505,-4.0,11.858,-2.0,-0.023,-2.0,-3.0,0.208,-3.0,-1.0,-4.0,0.984,4.978,-1.501,2.0,-3.0,0.0,-1.0,0.0,1.485,2.978,-1.0,-1.0,0.0,-1.0,1.494,-1.0,0.0,0.0,0.0,0.0,0.0,-1.0,0.0,0.0,-1.0,0.0,0.0,1.499,-1.0,0.0,0.0,1.498,-2.0,5.95,1.498,6.309,-2.0,0.5,4.892,0.494,4.959,2.015,1.494,-0.631,9.598,2.457,-1.516,-1.924,-2.508,-0.503,-3.502,-4.0,1.971,8.469,-3.513,-4.501,0.989,3.465,5.598,-2.507,4.884,0.965,1.978,-2.504,-1.004,0.988,-3.504,2.942,-6.0,-4.0,3.834,-1.503,-4.0,0.488,4.972,1.995,0.0,0.0,0.0,0.0,0.0,0.0,0.0,0.0,0.0,0.0
BtcGF,BTCUSDc,250,7.81,15.62,3,1.0186,6.4,413,52.0581,1,15,0,0.01,1.1,1.0,0.0,1.0,16385,1,14.62,0,0,2,0,0.8,2.982,2.979,-2.014,0.995,-0.014,2.976,1.977,-0.029,0.997,-0.013,-1.005,-1.005,-1.004,-1.004,-0.01,1.988,1.996,-0.007,-3.003,-2.018,-0.023,-0.001,0.983,-3.006,2.969,-0.013,0.999,-4.0,-1.016,0.0,0.995,1.965,1.99,-2.004,-3.002,0.989,-1.014,0.976,-2.0,-3.0,-1.025,-0.009,0.969,1.985,1.98,2.986,-1.027,1.0,-3.0,0.0,0.0,-1.0,0.99,1.986,0.995,-1.0,0.0,1.99,0.996,0.991,0.0,0.0,0.0,0.0,0.0,-1.0,0.0,0.0,-1.0,0.0,0.0,0.999,-1.0,0.0,0.0,0.998,-0.014,-0.01,0.998,-0.013,-2.0,0.0,1.988,-0.004,4.965,-1.011,-0.004,-2.01,2.969,0.972,-1.017,2.978,-1.009,1.994,-1.016,-2.046,0.976,1.951,-3.009,-2.002,-0.007,1.975,1.99,1.957,1.973,3.973,-0.017,-3.003,-3.001,1.975,-4.003,1.956,-5.005,-3.053,1.973,1.988,-2.003,-0.008,2.982,0.997,0.0,0.0,0.0,0.0,0.0,0.0,0.0,0.0,0.0,0.0
BtcGF,BTCUSDc,276,1.1275,2.255,3,0.1016,380.31,346,23.1214,1,11,0,0.01,1.1,2.5,0.0,0.0,16385,1,-6.321,9,0,2,0,0.8,2.304,1.492,-0.41,0.0,-1.0,0.343,0.981,-3.0,2.493,2.9,2.597,-4.0,-4.0,-3.0,-1.0,5.221,3.002,-0.51,-1.507,-6.0,2.546,-4.0,8.337,-1.516,-3.0,6.256,0.499,-2.501,2.604,-0.515,-3.0,2.958,1.202,-0.509,-4.0,10.276,-2.0,-1.535,-2.0,-3.0,2.001,-3.0,-2.0,-5.0,3.251,5.544,-3.0,1.499,-3.0,0.0,0.0,-1.0,5.101,4.963,-1.0,-1.0,0.0,-1.0,-1.0,-1.0,0.0,0.0,0.0,0.0,0.0,-1.0,0.0,0.0,-1.0,0.0,0.0,2.499,-1.0,0.0,0.0,-1.0,-2.0,-1.999,2.496,-2.0,-1.0,-2.0,3.479,2.296,-0.516,-0.411,1.992,1.481,5.849,1.381,-0.527,-7.0,-1.514,0.496,-3.0,-4.0,1.495,5.027,-1.522,0.103,2.692,13.313,-6.0,-4.0,0.216,3.743,5.407,-0.587,-3.999,4.644,-2.506,-4.0,-2.0,-4.0,0.885,-2.0,-3.0,-4.0,8.975,-3.0,0.0,0.0,0.0,0.0,0.0,0.0,0.0,0.0,0.0,0.0
BtcGF,BTCUSDc,199,20.0113,30.017,4,1.2924,13.28,386,39.1192,1,17,0,0.01,1.1,1.5,0.0,0.5,16385,1,26.032,0,0,2,0,0.6,4.472,2.97,-0.028,2.613,-1.0,0.993,2.976,-3.0,1.496,-0.039,1.54,-2.505,-0.506,-3.0,0.478,2.273,0.995,0.989,-1.009,-1.028,1.464,-1.501,0.433,-2.51,-0.453,2.661,-0.5,-3.5,0.066,-1.5,-0.505,2.409,-0.128,-1.505,-4.0,4.971,-2.0,-0.024,-2.0,-3.0,0.208,-3.0,-1.0,-3.999,4.93,4.978,-3.0,2.0,-3.0,0.0,0.0,-1.0,2.649,2.978,-1.0,-1.0,0.0,-1.0,1.494,-1.0,0.0,0.0,0.0,0.0,0.0,-1.0,0.0,0.0,-1.0,0.0,0.0,1.499,-1.0,0.0,0.0,1.498,-2.0,3.544,1.498,1.766,-2.0,0.5,2.981,0.494,4.959,1.697,0.494,-0.558,6.652,4.294,-1.516,-1.924,-2.508,-0.503,-3.0,0.814,1.971,5.872,-0.513,-0.336,0.989,3.465,-0.039,-2.507,3.522,2.922,1.978,-2.504,-2.502,1.322,-3.504,-2.527,-2.0,-0.275,4.928,-2.0,-0.177,0.488,4.972,1.995,0.0,0.0,0.0,0.0,0.0,0.0,0.0,0.0,0.0,0.0
BtcGF,BTCUSDc,236,15.56,18.672,5,0.6664,69.39,339,20.354,1,11,0,0.01,1.1,3.0,0.0,1.0,16385,1,5.715,15,0,2,0,0.6,1.993,1.991,0.151,0.0,-1.0,-3.0,1.977,-3.0,2.992,3.835,-2.0,-4.0,-3.0,-3.0,-1.0,-3.0,-0.009,-0.012,-5.0,-6.0,5.458,-4.0,0.991,12.938,-0.003,6.281,0.999,-2.001,-0.007,-0.016,-3.0,-4.0,-4.0,-0.011,-4.0,11.141,-2.0,-1.042,-2.0,-3.0,0.931,-2.0,-1.0,-4.0,5.74,6.964,0.938,1.999,-3.0,0.0,0.0,-1.0,8.622,5.956,-1.0,-1.0,0.0,-1.0,-1.0,-1.0,0.0,0.0,0.0,0.0,0.0,-1.0,0.0,0.0,-1.0,0.0,0.0,2.998,-1.0,0.0,0.0,-1.0,-2.0,-2.0,2.995,-2.0,-2.0,-2.0,5.027,5.364,-0.018,2.337,-1.007,2.794,3.835,5.146,-0.033,2.402,-1.016,0.995,-3.0,-4.0,1.994,-3.0,-1.027,-1.002,5.57,10.13,-6.0,-4.0,7.66,3.21,1.879,0.776,-4.0,6.779,-2.009,-4.0,-2.0,-4.0,3.122,-2.0,-3.0,-4.0,6.975,-3.0,0.0,0.0,0.0,0.0,0.0,0.0,0.0,0.0,0.0,0.0
BtcGF,BTCUSDc,296,20.0933,30.14,4,1.4374,35.02,331,21.4502,1,11,0,0.01,1.1,3.0,0.0,1.0,16385,1,19.585,17,0,2,0,0.8,1.993,1.991,0.151,0.0,-1.0,-3.0,1.977,-3.0,2.992,3.835,-2.0,-4.0,-3.0,-3.0,-1.0,-1.999,11.201,-0.012,-5.0,-6.0,4.317,-4.0,0.991,10.536,-3.0,4.535,0.999,-2.001,-0.007,-0.016,-3.0,10.127,2.62,-0.011,-4.0,9.785,-2.0,-1.042,-2.0,-3.0,0.931,-2.0,-1.0,-2.0,5.039,6.964,0.938,1.999,-3.0,0.0,0.0,-1.0,7.421,5.956,-1.0,-1.0,0.0,-1.0,-1.0,-1.0,0.0,0.0,0.0,0.0,0.0,-1.0,0.0,0.0,-1.0,0.0,0.0,2.998,-1.0,0.0,0.0,-1.0,-2.0,-1.999,2.995,-2.0,-1.0,-2.0,5.027,5.268,-0.019,0.698,-1.007,2.794,2.077,5.146,-0.033,2.402,-1.016,0.995,-3.0,-3.0,1.994,-3.0,-1.027,-1.002,3.885,9.748,-6.0,-4.0,0.861,3.21,1.879,0.776,-4.0,6.539,-2.009,-4.0,-2.0,-4.0,1.775,-2.0,-3.0,-4.0,6.975,-3.0,0.0,0.0,0.0,0.0,0.0,0.0,0.0,0.0,0.0,0.0
BtcGF,BTCUSDc,177,2.4727,3.709,4,0.1029,432.08,349,20.0573,1,13,0,0.01,1.1,3.0,0.0,1.0,16385,1,-12.317,14,0,2,0,0.4,1.993,1.991,0.151,0.0,-1.0,-3.0,1.977,-3.0,2.992,3.379,-3.0,-4.0,-3.0,-3.0,-4.0,-4.0,-0.009,-0.012,-5.0,-6.0,1.986,-4.0,0.991,16.007,-0.003,3.274,0.999,-2.001,-0.007,-0.016,-3.0,-5.0,4.801,-0.011,-4.0,12.779,-2.0,-1.042,-2.0,-3.0,0.931,-2.0,-1.0,-4.0,-3.0,6.964,0.938,1.999,-3.0,0.0,0.0,-1.0,6.859,5.956,-1.0,-1.0,0.0,-1.0,-1.0,-1.0,0.0,0.0,0.0,0.0,0.0,-1.0,0.0,0.0,-1.0,0.0,0.0,2.998,-1.0,0.0,0.0,-1.0,-2.0,0.989,2.995,-2.0,-2.0,-2.0,5.891,4.823,-0.019,3.594,-1.007,1.973,4.015,5.146,-0.033,2.402,-1.016,0.995,-3.0,-3.0,0.994,-3.0,-1.027,-1.002,-0.006,7.928,-4.0,-5.0,9.764,-1.029,2.144,-1.008,-4.0,6.484,-2.009,-4.0,-6.0,-3.0,3.638,-2.0,-3.0,-4.0,6.975,1.251,0.0,0.0,0.0,0.0,0.0,0.0,0.0,0.0,0.0,0.0
BtcGF,BTCUSDc,101,-7.802,-23.406,2,-0.5901,0.0,372,21.7742,1,13,0,0.01,1.1,2.5,0.0,0.5,16385,1,-43.731,8,0,2,0,0.2,1.494,1.492,2.077,0.0,-3.0,-0.249,0.981,-3.0,2.493,2.314,-3.0,-4.0,-4.0,-3.0,-4.0,-0.512,3.002,-0.51,0.985,-6.0,0.708,-4.0,-1.508,-1.516,-3.0,5.559,0.499,-2.501,3.822,-0.515,-3.0,2.174,-5.0,-0.509,-4.0,22.025,-2.0,-0.534,-2.0,-3.0,1.871,-3.0,-1.0,-4.0,-3.0,5.47,-4.0,1.499,-3.0,0.0,-1.0,0.0,3.127,4.963,-1.0,-1.0,0.0,-1.0,-1.0,-1.0,0.0,0.0,0.0,0.0,0.0,-1.0,0.0,0.0,-1.0,0.0,0.0,2.499,-1.0,0.0,0.0,-1.0,-2.0,-2.0,2.496,-2.0,-2.0,-2.0,4.045,3.431,-0.516,1.831,1.992,0.978,4.967,1.381,-0.527,-3.185,-1.514,0.496,-2.503,-4.0,1.495,19.561,0.261,-3.502,-0.505,6.44,-4.0,-5.0,2.217,0.603,1.095,-1.507,-1.503,3.446,-2.507,-4.0,-6.0,-4.0,-4.0,-3.0,-0.728,-4.0,8.975,0.681,0.0,0.0,0.0,0.0,0.0,0.0,0.0,0.0,0.0,0.0
BtcGF,BTCUSDc,207,14.362,21.543,4,0.7612,29.97,358,31.5642,1,17,0,0.01,1.1,2.0,0.0,0.0,16385,1,15.086,4,0,2,0,0.6,6.9,3.952,0.963,-1.0,-1.0,2.138,0.985,-3.0,1.994,1.954,-3.0,-1.21,-0.008,-3.0,-2.0,6.028,1.993,-0.008,-0.013,-2.556,-1.022,-1.002,4.575,-2.013,0.105,4.531,-0.001,-3.001,2.444,-4.0,-3.0,1.06,-0.22,-1.007,-4.0,6.451,-2.0,-2.028,-2.0,-3.0,-3.0,-3.0,-1.0,-4.999,4.107,3.977,-3.0,2.998,-3.0,0.0,0.0,-1.0,3.73,3.971,-1.0,-1.0,0.0,-1.0,1.993,-1.0,0.0,0.0,0.0,0.0,0.0,-1.0,0.0,0.0,-1.0,0.0,0.0,1.999,-1.0,0.0,0.0,-1.0,-2.0,-2.0,1.997,-1.0,-2.0,0.985,4.221,0.992,-1.013,0.268,1.991,2.18,3.379,2.586,-1.022,-0.595,-2.011,-0.003,-3.0,-4.0,2.966,9.995,-0.018,1.415,1.986,4.953,0.957,-5.0,-1.009,5.261,3.032,-2.005,-4.0,3.647,-3.006,-1.033,-2.0,-4.0,6.735,-2.0,-3.0,-1.015,8.973,2.994,0.0,0.0,0.0,0.0,0.0,0.0,0.0,0.0,0.0,0.0
BtcGF,BTCUSDc,85,6.3467,9.52,4,0.2964,156.02,385,29.3506,1,13,0,0.01,1.1,2.0,0.0,0.0,16385,1,-5.333,6,0,2,0,0.2,6.493,3.952,0.963,-1.0,-3.0,2.138,-0.015,-3.0,1.994,1.954,-3.0,-1.21,-1.008,-3.0,-4.0,4.983,1.993,-1.008,-0.013,-2.556,-1.022,-1.002,-2.006,-2.013,0.105,3.677,-0.001,-3.001,1.479,-1.0,-3.0,0.206,2.156,-1.007,-4.0,14.847,-2.0,-1.027,-2.0,-3.0,-3.0,-3.0,-2.0,-5.0,-3.0,3.977,-1.002,2.998,-3.0,0.0,-1.0,0.0,2.4,3.971,-1.0,-1.0,0.0,-1.0,1.993,-1.0,0.0,0.0,0.0,0.0,0.0,-1.0,0.0,0.0,-1.0,0.0,0.0,1.999,-1.0,0.0,0.0,-1.0,-2.999,1.99,1.997,-2.0,-2.0,1.218,5.528,0.992,-1.013,0.068,2.991,1.981,-0.008,0.605,-1.022,-7.0,-2.011,-0.003,-2.338,-4.0,2.966,12.23,-3.018,-4.002,1.986,4.953,10.481,-5.0,1.054,2.531,3.046,-2.005,-2.003,2.984,-3.006,8.384,-2.838,-4.0,-0.538,-2.0,-3.0,-1.015,8.973,2.994,0.0,0.0,0.0,0.0,0.0,0.0,0.0,0.0,0.0,0.0
BtcGF,BTCUSDc,128,7.81,15.62,3,1.0186,6.4,413,52.0581,1,11,0,0.01,1.1,1.0,0.0,1.0,16385,1,14.62,0,0,2,0,0.4,2.982,2.979,-2.014,0.995,-0.014,2.976,1.977,-0.029,0.997,-0.013,-1.005,-1.005,-1.004,-1.004,-0.01,1.988,1.996,-0.007,-3.003,-2.018,-0.023,-0.001,0.983,-3.006,2.969,-0.013,0.999,-4.0,-1.016,0.0,0.995,1.965,1.99,-2.004,-3.002,0.989,-1.014,0.976,-2.0,-3.0,-1.025,-0.009,0.969,1.985,1.98,2.986,-1.027,1.0,-3.0,0.0,0.0,-1.0,0.99,1.986,0.995,-1.0,0.0,1.99,0.996,0.991,0.0,0.0,0.0,0.0,0.0,-1.0,0.0,0.0,-1.0,0.0,0.0,0.999,-1.0,0.0,0.0,0.998,-0.014,-0.01,0.998,-0.013,-2.0,0.0,1.988,-0.004,4.965,-1.011,-0.004,-2.01,2.969,0.972,-1.017,2.978,-1.009,1.994,-1.016,-2.046,0.976,1.951,-3.009,-2.002,-0.007,1.975,1.99,1.957,1.973,3.973,-0.017,-3.003,-3.001,1.975,-4.003,1.956,-5.005,-3.053,1.973,1.988,-2.003,-0.008,2.982,0.997,0.0,0.0,0.0,0.0,0.0,0.0,0.0,0.0,0.0,0.0
BtcGF,BTCUSDc,60,5.504,11.008,3,0.4911,35.96,434,48.3871,1,11,0,0.01,1.1,1.0,0.0,0.0,16385,1,7.05,0,0,2,0,0.2,2.947,2.979,-1.019,1.368,1.061,3.206,1.977,0.202,0.997,-0.013,-1.005,-0.735,-2.004,-1.004,-0.01,1.988,2.015,-0.007,-2.006,-1.927,-0.023,-0.001,1.205,-3.006,3.044,-0.013,0.999,-4.0,-0.715,0.0,0.995,2.241,-1.003,-2.004,-0.066,0.34,-1.014,-0.682,-2.0,-3.0,-4.0,-3.0,1.576,-1.014,3.089,3.01,-2.001,1.0,-3.0,0.0,-1.0,0.0,0.99,1.986,0.995,-1.0,0.0,4.721,0.996,0.991,0.0,0.0,0.0,0.0,0.0,-1.0,0.0,0.0,-1.0,0.0,0.0,0.999,-1.0,0.0,0.0,0.998,-1.014,-0.005,0.998,-0.013,-2.0,0.0,1.988,-0.004,5.15,-1.011,-0.004,-2.01,5.29,0.972,-1.017,0.329,-0.796,1.994,-1.71,-1.724,0.976,2.946,-2.012,-5.001,-0.007,1.975,1.99,3.055,-0.022,4.853,-0.017,-3.003,-3.001,2.122,-4.003,-1.012,-3.543,-1.181,5.843,1.021,-2.003,-3.008,3.987,0.997,0.0,0.0,0.0,0.0,0.0,0.0,0.0,0.0,0.0,0.0
BtcGF,BTCUSDc,107,45.509,45.509,6,2.1671,36.37,347,25.3602,1,17,0,0.01,1.1,2.5,0.0,1.0,16385,1,28.959,11,0,2,0,0.2,1.494,1.492,-0.41,0.0,-1.0,-0.502,1.981,-3.0,2.493,0.495,-3.0,-4.0,-3.0,-3.0,-4.0,14.55,2.992,0.49,-1.507,-6.0,-0.496,-4.0,11.705,-1.516,-0.502,6.4,0.499,-2.501,1.972,-0.515,-3.0,1.968,-0.518,-0.509,-4.0,15.47,-2.0,-0.535,-2.0,-3.0,0.441,-2.0,-1.0,-4.0,-4.0,5.47,0.447,0.499,-3.0,0.0,0.0,-1.0,5.343,4.963,-1.0,-1.0,0.0,-1.0,-1.0,-1.0,0.0,0.0,0.0,0.0,0.0,-1.0,0.0,0.0,-1.0,0.0,0.0,2.499,-1.0,0.0,0.0,-1.0,-2.0,0.491,2.496,-2.0,-2.0,1.471,1.485,3.431,-0.516,7.929,1.992,0.978,5.05,3.857,-0.527,3.63,-1.514,0.496,-3.0,-3.0,0.495,5.826,1.261,-1.502,0.495,14.626,-5.0,-5.0,7.834,5.714,7.689,-1.507,-4.0,3.986,-2.507,-4.0,-2.0,-4.0,2.542,-2.0,-3.0,-4.0,8.975,0.681,0.0,0.0,0.0,0.0,0.0,0.0,0.0,0.0,0.0,0.0
BtcGF,BTCUSDc,105,-6.5735,-13.147,3,-0.371,0.0,354,23.1638,1,13,0,0.01,1.1,2.5,0.0,1.0,16385,1,-27.123,10,0,2,0,0.2,1.494,1.492,-0.41,0.0,-1.0,-0.502,0.981,-3.0,2.493,2.314,-3.0,-4.0,-3.0,-3.0,-4.0,-0.512,2.992,-0.51,-1.507,-6.0,0.708,-4.0,-1.508,-1.516,-0.502,5.559,0.499,-2.501,1.972,-0.515,-3.0,1.559,-0.518,-0.509,-4.0,15.47,-2.0,-1.535,-2.0,-3.0,0.441,-2.0,-1.0,-4.0,-3.0,5.47,0.447,1.499,-3.0,0.0,0.0,-1.0,5.343,4.963,-1.0,-1.0,0.0,-1.0,-1.0,-1.0,0.0,0.0,0.0,0.0,0.0,-1.0,0.0,0.0,-1.0,0.0,0.0,2.499,-1.0,0.0,0.0,-1.0,-2.0,0.491,2.496,-2.0,-2.0,-2.0,4.045,3.431,-0.516,1.831,1.992,0.978,4.967,1.381,-0.527,1.294,-1.514,0.496,-3.0,-3.0,0.495,12.815,1.261,-1.502,-0.505,6.44,-4.0,-5.0,6.285,-1.525,1.095,-1.507,-4.0,4.446,-2.507,-4.0,-6.0,-3.0,2.411,-2.0,-3.0,-4.0,8.975,0.681,0.0,0.0,0.0,0.0,0.0,0.0,0.0,0.0,0.0,0.0
BtcGF,BTCUSDc,290,-3.3285,-6.657,3,-0.2061,0.0,331,20.5438,1,15,0,0.01,1.1,3.0,0.0,0.0,16385,1,-14.235,12,0,2,0,0.8,3.085,1.991,0.151,0.0,-1.0,-3.0,1.977,-3.0,2.992,1.994,-2.0,-4.0,-3.0,-3.0,-1.0,-2.0,0.074,-0.012,-5.0,-6.0,1.986,-4.0,0.991,6.679,-3.0,-4.0,0.999,-2.001,-0.007,-0.016,-3.0,5.935,4.328,-0.011,-4.0,11.822,-2.0,-1.042,-2.0,-3.0,3.104,-2.0,-2.0,-5.0,-3.0,6.964,-3.0,1.999,-3.0,0.0,0.0,-1.0,4.751,5.956,-1.0,-1.0,0.0,-1.0,-1.0,-1.0,0.0,0.0,0.0,0.0,0.0,-1.0,0.0,0.0,-1.0,0.0,0.0,2.998,-1.0,0.0,0.0,-1.0,-2.0,-1.999,2.995,-1.0,-2.0,-2.0,1.982,4.823,-0.019,0.698,-1.007,1.973,5.391,2.158,-0.033,1.216,-1.016,0.995,-3.0,-4.0,1.994,-1.0,3.8,0.989,0.994,12.255,-4.0,-5.0,0.861,0.948,7.194,-1.008,-4.0,4.058,-2.007,-4.0,-6.0,-3.0,4.195,-2.0,-3.0,-3.0,6.975,1.251,0.0,0.0,0.0,0.0,0.0,0.0,0.0,0.0,0.0,0.0
BtcGF,BTCUSDc,228,28.9313,43.397,4,1.7969,35.6,341,20.8211,1,11,0,0.01,1.1,3.0,0.0,0.0,16385,1,27.949,18,0,2,0,0.6,3.085,1.991,3.136,0.0,-1.0,-1.0,1.977,-3.0,2.992,3.835,-2.0,-4.0,-4.0,-3.0,-1.0,-3.0,0.074,-0.012,-0.213,-6.0,5.458,-4.0,0.991,12.938,-3.0,5.982,0.999,-2.001,5.805,-0.016,-3.0,6.649,3.243,-0.011,-4.0,18.093,-2.0,-1.042,-2.0,-3.0,-3.0,-3.0,-2.0,-5.0,5.74,7.055,-3.0,1.999,-3.0,0.0,-1.0,0.0,6.556,5.956,-1.0,-1.0,0.0,-1.0,-1.0,-1.0,0.0,0.0,0.0,0.0,0.0,-1.0,0.0,0.0,-1.0,0.0,0.0,2.998,-1.0,0.0,0.0,-1.0,-2.0,-2.0,2.995,-2.0,-2.0,-2.0,5.027,3.442,-0.018,2.337,-1.007,2.794,10.45,2.158,-0.033,-7.0,-1.016,0.995,-3.0,-4.0,1.994,-4.0,-1.027,2.543,5.57,10.13,-6.0,-4.0,4.493,6.708,6.929,0.776,-4.0,6.779,-2.009,-4.0,-2.0,-4.0,3.155,-2.0,-3.0,-4.0,6.975,-3.0,0.0,0.0,0.0,0.0,0.0,0.0,0.0,0.0,0.0,0.0
BtcGF,BTCUSDc,218,3.599,7.198,3,0.2073,159.72,347,23.9193,1,15,0,0.01,1.1,2.5,0.0,0.0,16385,1,-4.299,10,0,2,0,0.6,2.304,1.492,2.077,0.0,-2.0,-0.249,0.981,-3.0,2.493,1.495,4.83,-4.0,-3.0,-3.0,-2.0,4.213,3.002,-0.51,0.985,-6.0,0.708,-4.0,6.832,-1.516,-3.0,-0.511,0.499,-2.501,3.822,-0.515,-3.0,2.357,1.985,-0.509,-4.0,9.764,-2.0,-1.535,-2.0,-3.0,-3.0,-3.0,-2.0,-5.0,-3.0,5.47,-3.0,1.499,-3.0,0.0,-1.0,0.0,4.779,4.963,-1.0,-1.0,0.0,-1.0,-1.0,-1.0,0.0,0.0,0.0,0.0,0.0,-1.0,0.0,0.0,-1.0,0.0,0.0,2.499,-1.0,0.0,0.0,-1.0,-2.0,-2.0,2.496,-1.0,-2.0,-2.0,1.485,3.431,-0.516,0.857,1.992,0.978,3.871,1.381,-0.527,0.268,-1.514,0.496,-3.0,-4.0,1.495,9.634,3.261,9.995,0.495,12.397,-4.0,-5.0,1.998,1.291,5.604,-1.507,-4.0,2.213,-2.506,-4.0,-6.0,-3.0,4.27,-2.0,-2.999,-4.0,8.975,0.681,0.0,0.0,0.0,0.0,0.0,0.0,0.0,0.0,0.0,0.0
BtcGF,BTCUSDc,112,19.9827,29.974,4,1.0282,69.65,361,19.1136,1,11,0,0.01,1.1,3.0,0.0,0.5,16385,1,9.098,15,0,2,0,0.2,1.993,1.991,3.136,0.0,-1.0,-1.0,1.977,-3.0,2.992,2.835,-3.0,-4.0,-4.0,-3.0,-3.0,-4.0,0.074,-0.012,-0.213,-6.0,7.106,-4.0,0.991,18.729,-3.0,6.281,0.999,-2.001,-0.007,-0.016,-3.0,2.814,-5.0,-0.011,-4.0,20.057,-2.0,-1.042,-2.0,-3.0,-4.0,-3.0,-1.0,-4.0,5.99,7.055,-4.0,1.999,-3.0,0.0,-1.0,0.0,6.556,5.956,-1.0,-1.0,0.0,-1.0,-1.0,-1.0,0.0,0.0,0.0,0.0,0.0,-1.0,0.0,0.0,-1.0,0.0,0.0,2.998,-1.0,0.0,0.0,-1.0,-2.0,-0.011,2.995,-2.0,-2.0,-2.0,5.027,5.364,-0.019,3.594,-1.007,2.794,4.015,5.146,-0.033,-2.565,-1.016,0.995,-2.003,-4.0,1.994,-4.0,-1.027,-3.002,17.876,11.13,-5.0,-5.0,4.898,7.202,1.879,0.776,-4.0,5.779,-2.009,-4.0,-2.0,-5.0,-4.0,-3.0,-3.0,-4.0,6.975,-3.0,0.0,0.0,0.0,0.0,0.0,0.0,0.0,0.0,0.0,0.0
BtcGF,BTCUSDc,126,15.3765,30.753,3,1.7334,11.42,420,50.4762,1,15,0,0.01,1.1,1.0,0.0,0.5,16385,1,27.241,0,0,2,0,0.4,2.982,2.979,-1.019,2.68,0.12,2.985,1.977,-0.029,0.997,-0.013,-1.005,-1.005,-1.004,-1.004,-0.01,1.988,2.015,-0.007,-2.006,-2.018,-0.023,-0.001,1.45,-3.006,2.969,-0.013,0.999,-4.0,-0.318,0.0,0.995,2.039,-1.003,-2.004,-0.732,-1.009,-1.014,1.631,-2.0,-3.0,-0.629,-3.0,0.969,-0.003,1.98,2.986,-2.001,1.0,-3.0,0.0,-1.0,0.0,2.29,1.986,0.995,-1.0,0.0,1.99,0.996,0.991,0.0,0.0,0.0,0.0,0.0,-1.0,0.0,0.0,-1.0,0.0,0.0,0.999,-1.0,0.0,0.0,0.998,-0.014,1.616,0.998,-0.013,-2.0,0.0,1.988,-0.004,4.965,-1.011,-0.004,-2.01,4.304,2.326,-1.017,0.033,-0.585,1.994,-2.016,-1.724,0.976,3.06,2.503,-0.525,-0.007,1.975,1.99,3.943,1.973,4.853,-0.017,-3.003,-3.001,-0.008,-4.003,1.995,-5.005,0.182,2.689,4.279,-2.003,-0.008,2.982,0.997,0.0,0.0,0.0,0.0,0.0,0.0,0.0,0.0,0.0,0.0
BtcGF,BTCUSDc,238,-9.8465,-19.693,3,-0.4711,0.0,339,20.059,1,15,0,0.01,1.1,3.0,0.0,1.0,16385,1,-28.029,11,0,2,0,0.6,1.993,1.991,0.151,0.0,-1.0,-2.999,1.977,-3.0,2.992,1.994,-2.0,-4.0,-3.0,-3.0,-2.0,-2.999,-0.009,-0.012,-5.0,-6.0,1.986,-4.0,0.991,8.081,-0.003,-4.0,0.999,-2.001,-0.007,-0.016,-3.0,3.814,-4.0,-0.011,-4.0,9.495,-2.0,-0.042,-2.0,-3.0,0.931,-2.0,-1.0,-4.0,-4.0,6.964,0.938,1.999,-3.0,0.0,0.0,-1.0,6.859,5.956,-1.0,-1.0,0.0,-1.0,-1.0,-1.0,0.0,0.0,0.0,0.0,0.0,-1.0,0.0,0.0,-1.0,0.0,0.0,2.998,-1.0,0.0,0.0,-1.0,-2.0,-2.0,2.995,-1.0,-2.0,-2.0,1.982,4.823,-0.019,2.337,-1.007,1.973,0.634,5.146,-0.033,2.402,-1.016,0.995,-3.0,-3.0,1.994,-3.0,-1.027,-1.002,0.994,13.275,-4.0,-5.0,7.66,-1.029,2.144,-1.008,-4.0,4.058,-2.009,-4.0,-6.0,-3.0,3.809,-2.0,-3.0,-4.0,6.975,1.251,0.0,0.0,0.0,0.0,0.0,0.0,0.0,0.0,0.0,0.0
BtcGF,BTCUSDc,282,-4.084,-12.252,2,-0.3631,0.0,340,23.5294,1,15,0,0.01,1.1,2.5,0.0,0.5,16385,1,-18.522,5,0,2,0,0.8,1.494,1.492,-0.41,0.0,-1.0,-0.249,0.981,-3.0,2.493,1.495,3.231,-4.0,-3.0,-3.0,-1.0,3.462,3.002,-0.51,-1.507,-6.0,0.708,-4.0,5.7,-1.516,-3.0,-0.511,0.499,-2.501,2.791,-0.515,-3.0,3.174,1.202,-0.509,-4.0,9.605,-2.0,-0.535,-2.0,-3.0,1.871,-2.0,-1.0,-2.0,-4.0,5.47,-3.0,1.499,-3.0,0.0,0.0,-1.0,3.885,4.963,-1.0,-1.0,0.0,-1.0,-1.0,-1.0,0.0,0.0,0.0,0.0,0.0,-1.0,0.0,0.0,-1.0,0.0,0.0,2.499,-1.0,0.0,0.0,-1.0,-2.0,-1.999,2.496,-1.0,-2.0,-2.0,1.485,3.431,-0.516,-0.411,1.992,0.978,5.748,1.381,-0.527,-3.185,-1.514,0.496,-3.0,-4.0,1.495,8.296,1.261,0.103,0.495,11.184,-4.0,-5.0,0.216,0.067,1.095,-1.507,-4.0,2.213,-2.506,-4.0,-6.0,-3.0,2.763,-2.0,-3.0,2.309,8.975,0.681,0.0,0.0,0.0,0.0,0.0,0.0,0.0,0.0,0.0,0.0
BtcGF,BTCUSDc,123,10.7525,21.505,3,1.029,15.03,421,50.1188,1,17,0,0.01,1.1,1.0,0.0,0.0,16385,1,18.272,0,0,2,0,0.4,2.947,2.979,-1.019,1.452,-1.014,2.985,1.977,0.202,0.997,-0.013,-0.668,-0.735,-1.004,-1.004,-0.01,1.988,2.015,-0.007,-2.006,-1.927,-0.023,-0.001,1.26,-3.006,3.044,-0.013,0.999,-4.0,-0.256,0.0,0.995,1.988,2.158,-2.004,-1.097,-1.009,-1.014,-0.912,-2.0,-3.0,-3.0,-3.0,0.969,-1.014,-0.011,2.986,-2.001,1.0,-3.0,0.0,-1.0,0.0,2.29,1.986,0.995,-1.0,0.0,1.99,0.996,0.991,0.0,0.0,0.0,0.0,0.0,-1.0,0.0,0.0,-1.0,0.0,0.0,0.999,-1.0,0.0,0.0,0.998,-0.014,1.779,0.998,-0.013,-2.0,0.0,2.028,-0.004,4.965,-1.011,-1.004,-2.01,3.545,0.972,-1.017,0.636,-0.796,1.994,-2.016,-1.724,0.976,3.131,1.575,-0.447,-0.007,1.975,1.99,3.514,1.973,4.084,-0.017,-3.003,-3.001,2.084,-4.003,1.995,-5.005,-0.134,2.875,4.256,-2.003,-0.008,2.982,0.997,0.0,0.0,0.0,0.0,0.0,0.0,0.0,0.0,0.0,0.0
BtcGF,BTCUSDc,171,15.518,23.277,4,0.7164,55.97,342,20.4678,1,17,0,0.01,1.1,3.0,0.0,0.0,16385,1,10.248,16,0,2,0,0.4,3.085,2.686,3.136,0.0,-1.0,-3.0,2.977,-3.0,2.992,0.994,-3.0,-4.0,-3.0,-3.0,-4.0,-3.0,0.074,0.988,-2.01,-6.0,0.456,-4.0,0.991,10.912,-3.0,4.282,0.999,-2.001,8.872,-4.0,-3.0,5.472,3.346,-0.011,-4.0,15.34,-2.0,-1.042,-2.0,-3.0,-3.0,-3.0,-1.0,-5.0,-4.0,6.964,-4.0,0.999,-3.0,0.0,-1.0,0.0,7.178,5.956,-1.0,-1.0,0.0,-1.0,-1.0,-1.0,0.0,0.0,0.0,0.0,0.0,-1.0,0.0,0.0,-1.0,0.0,0.0,2.998,-1.0,0.0,0.0,-1.0,-2.0,-2.0,2.995,-2.0,-2.0,0.0,0.982,4.823,-0.019,5.994,-2.007,1.973,8.918,2.158,-1.033,1.36,-1.016,0.995,-4.0,-4.0,1.994,-3.0,0.973,5.721,0.994,6.928,-5.0,-5.0,0.016,9.161,9.464,-1.008,-4.0,5.884,-2.009,-4.0,-2.0,-4.0,7.177,-2.0,-3.0,-4.0,6.975,1.251,0.0,0.0,0.0,0.0,0.0,0.0,0.0,0.0,0.0,0.0
BtcGF,BTCUSDc,194,14.6347,21.952,4,0.6283,21.46,392,38.2653,1,15,0,0.01,1.1,1.5,0.0,0.0,16385,1,17.242,0,0,2,0,0.6,4.719,2.97,-0.028,3.145,-2.0,0.993,2.976,-3.0,1.496,0.961,-0.508,-1.972,-0.506,-3.0,0.478,0.983,0.995,0.989,-1.009,-0.752,1.464,-1.501,0.433,-2.51,-0.453,-1.507,-0.5,-3.5,0.066,-1.5,-0.505,2.014,-0.128,-1.505,-4.0,5.022,-2.0,-1.024,-2.0,-3.0,-3.0,-3.0,-2.0,-5.0,3.721,4.978,-3.0,2.0,-3.0,0.0,-1.0,0.0,2.649,2.978,-1.0,-1.0,0.0,-1.0,1.494,-1.0,0.0,0.0,0.0,0.0,0.0,-1.0,0.0,0.0,-1.0,0.0,0.0,1.499,-1.0,0.0,0.0,1.498,-2.0,5.204,1.498,1.766,-2.0,0.5,3.124,0.494,4.959,1.609,1.494,-0.668,8.07,3.912,-1.516,-1.452,-2.508,-0.503,-3.0,0.81,1.971,5.53,-0.513,0.196,0.989,3.465,1.087,-2.507,5.016,1.432,1.978,-2.504,-2.502,4.366,-3.503,-2.527,-6.0,1.0,4.914,-2.0,-0.297,0.488,4.972,1.995,0.0,0.0,0.0,0.0,0.0,0.0,0.0,0.0,0.0,0.0
BtcGF,BTCUSDc,15,9.2297,27.689,2,1.0437,40.53,398,37.4372,1,17,0,0.01,1.1,1.5,0.0,0.0,16385,1,16.468,6,0,2,0,0.0,4.983,2.97,-0.028,2.613,-1.0,0.993,2.976,-3.0,1.496,0.961,0.54,-1.972,-0.506,-3.0,-1.522,8.561,0.995,0.989,-1.009,-0.752,1.464,-1.501,2.835,-2.51,-0.453,2.661,-0.5,-3.5,0.066,-1.5,-0.505,2.014,-1.029,-1.505,-4.0,6.454,-2.0,-1.024,-2.0,-3.0,-3.0,-3.0,-1.0,-5.0,0.984,4.978,-1.501,2.0,-3.0,0.0,-1.0,0.0,3.512,2.978,-1.0,-1.0,0.0,-1.0,1.494,-1.0,0.0,0.0,0.0,0.0,0.0,-1.0,0.0,0.0,-1.0,0.0,0.0,1.499,-1.0,0.0,0.0,1.498,-3.0,0.992,1.498,10.221,-2.0,0.5,3.124,0.494,4.959,4.809,0.494,-0.558,8.07,5.001,-1.516,-1.452,-2.508,-0.503,-3.502,-4.0,0.971,2.46,-2.513,3.258,0.989,3.465,-0.039,-2.507,3.722,1.676,1.978,-2.504,-2.502,4.081,-3.504,-2.527,-2.0,-5.0,4.913,-1.503,-4.0,0.488,4.972,1.995,0.0,0.0,0.0,0.0,0.0,0.0,0.0,0.0,0.0,0.0
BtcGF,BTCUSDc,292,16.8795,33.759,3,1.6729,31.27,334,20.9581,1,11,0,0.01,1.1,3.0,0.0,0.5,16385,1,23.204,17,0,2,0,0.8,1.993,1.991,0.151,0.0,-1.0,-2.0,1.977,-3.0,2.992,3.835,-2.0,-4.0,-4.0,-3.0,-1.0,-1.999,11.284,-0.012,-5.0,-6.0,4.317,-4.0,0.991,10.536,-3.0,4.535,0.999,-2.001,6.008,-0.016,-3.0,9.047,2.283,-0.011,-4.0,12.726,-2.0,-1.042,-2.0,-3.0,2.855,-3.0,-1.0,-2.0,5.039,7.055,-3.0,1.999,-3.0,0.0,0.0,-1.0,6.556,5.956,-1.0,-1.0,0.0,-1.0,-1.0,-1.0,0.0,0.0,0.0,0.0,0.0,-1.0,0.0,0.0,-1.0,0.0,0.0,2.998,-1.0,0.0,0.0,-1.0,-2.0,-1.999,2.995,-2.0,-1.0,-2.0,5.027,5.268,-0.019,0.698,-1.007,2.794,8.803,2.158,-0.033,-2.565,-1.016,0.995,-3.0,-4.0,1.994,-4.0,-1.027,0.989,3.885,9.748,-6.0,-4.0,0.861,5.187,1.879,0.776,-3.999,5.539,-2.008,-4.0,-2.0,-4.0,1.819,-2.0,-3.0,-4.0,6.975,-3.0,0.0,0.0,0.0,0.0,0.0,0.0,0.0,0.0,0.0,0.0
BtcGF,BTCUSDc,160,4.09,8.18,3,0.2796,149.46,361,22.1607,1,11,0,0.01,1.1,2.5,0.0,0.5,16385,1,-4.046,13,0,2,0,0.4,1.494,1.492,2.077,0.0,-1.0,1.716,0.981,-3.0,2.493,1.9,-3.0,-4.0,-4.0,-3.0,-3.0,-0.512,3.002,-0.51,2.164,-6.0,4.738,-4.0,12.447,0.971,-3.0,7.788,0.499,-2.501,3.822,-0.515,-3.0,3.174,-5.0,-0.509,-4.0,13.926,-2.0,-1.535,-2.0,-3.0,-3.0,-3.0,-1.0,-4.0,3.977,5.544,-4.0,1.499,-3.0,0.0,-1.0,0.0,5.101,4.963,-1.0,-1.0,0.0,-1.0,-1.0,-1.0,0.0,0.0,0.0,0.0,0.0,-1.0,0.0,0.0,-1.0,0.0,0.0,2.499,-1.0,0.0,0.0,-1.0,-2.0,-0.509,2.496,-2.0,-2.0,-2.0,3.479,3.816,-0.516,1.831,1.992,1.481,4.967,1.381,-0.527,-3.185,-1.514,0.496,-3.0,-4.0,1.495,10.466,-1.522,3.821,5.489,8.156,-6.0,-4.0,3.321,5.365,0.898,-0.587,-4.0,3.937,-2.507,-4.0,-2.0,-5.0,-4.0,-2.0,-3.0,-4.0,8.975,-3.0,0.0,0.0,0.0,0.0,0.0,0.0,0.0,0.0,0.0,0.0
BtcGF,BTCUSDc,283,12.458,18.687,4,0.8632,33.32,336,25.5952,1,17,0,0.01,1.1,2.5,0.0,0.5,16385,1,12.461,6,0,2,0,0.8,1.494,1.492,-0.41,0.0,-1.0,-0.249,1.981,-3.0,2.493,1.495,2.61,-4.0,-3.0,-3.0,-1.0,4.226,3.002,0.49,-1.507,-6.0,-0.496,-4.0,5.7,-1.516,-3.0,6.123,0.499,-2.501,2.791,-0.515,-3.0,3.174,1.203,-0.509,-4.0,9.418,-2.0,-0.535,-2.0,-3.0,1.871,-2.0,-1.0,-2.0,-3.999,5.47,-3.0,0.499,-3.0,0.0,0.0,-1.0,3.842,4.963,-1.0,-1.0,0.0,-1.0,-1.0,-1.0,0.0,0.0,0.0,0.0,0.0,-1.0,0.0,0.0,-1.0,0.0,0.0,2.499,-1.0,0.0,0.0,-1.0,-2.0,-1.999,2.496,-1.0,-2.0,1.471,1.485,3.431,-0.516,0.307,0.992,0.978,6.118,3.857,-0.527,3.63,-1.514,0.496,-3.0,-4.0,1.495,8.459,3.261,0.673,0.495,11.184,-6.0,-4.0,0.216,0.067,7.689,-1.507,-4.0,2.843,-2.506,-4.0,-2.0,-4.0,2.548,-2.0,-2.998,2.309,8.975,0.681,0.0,0.0,0.0,0.0,0.0,0.0,0.0,0.0,0.0,0.0
BtcGF,BTCUSDc,62,7.763,15.526,3,0.8813,24.21,426,49.2958,1,15,0,0.01,1.1,1.0,0.0,0.0,16385,1,11.767,0,0,2,0,0.2,2.947,2.979,-1.019,2.772,1.645,2.985,1.977,0.202,0.997,-0.013,-1.005,-0.735,-1.004,-1.004,-0.01,1.988,2.015,-0.007,-2.006,-1.927,-0.023,-0.001,1.26,-3.006,3.044,-0.013,0.999,-4.0,-0.256,0.0,0.995,1.988,3.512,-2.004,-0.241,-1.009,-1.014,-0.912,-2.0,-3.0,-3.0,-3.0,1.389,-1.014,1.98,2.986,-2.001,1.0,-3.0,0.0,-1.0,0.0,2.29,1.986,0.995,-1.0,0.0,1.99,0.996,0.991,0.0,0.0,0.0,0.0,0.0,-1.0,0.0,0.0,-1.0,0.0,0.0,0.999,-1.0,0.0,0.0,0.998,-1.013,-0.005,0.998,-0.013,-2.0,0.0,2.028,-0.004,4.965,-1.011,-0.004,-2.01,3.545,2.919,-1.017,0.636,-0.796,1.994,-2.017,-1.724,0.976,2.726,-3.009,-5.001,-0.007,1.975,1.99,-0.007,1.973,4.853,-0.017,-3.003,-3.001,2.505,-4.003,1.995,-5.005,0.554,2.689,1.223,-2.003,-0.008,2.982,0.997,0.0,0.0,0.0,0.0,0.0,0.0,0.0,0.0,0.0,0.0
BtcGF,BTCUSDc,235,33.91,40.692,5,1.4282,24.13,333,21.9219,1,17,0,0.01,1.1,3.0,0.0,0.5,16385,1,30.871,18,0,2,0,0.6,1.993,1.991,3.136,0.0,-1.0,-3.0,2.977,-3.0,2.992,1.994,-2.0,-4.0,-3.0,-3.0,-2.0,-3.0,0.074,0.988,-2.01,-6.0,0.456,-4.0,0.991,8.081,-3.0,4.282,0.999,-2.001,8.872,-0.016,-3.0,3.814,5.573,-0.011,-4.0,12.132,-2.0,-0.042,-2.0,-3.0,2.708,-3.0,-1.0,-3.999,-4.0,6.964,-3.0,0.999,-3.0,0.0,0.0,-1.0,5.741,5.956,-1.0,-1.0,0.0,-1.0,-1.0,-1.0,0.0,0.0,0.0,0.0,0.0,-1.0,0.0,0.0,-1.0,0.0,0.0,2.998,-1.0,0.0,0.0,-1.0,-2.0,-2.0,2.995,-1.0,-2.0,0.0,0.982,4.823,-0.019,2.831,-2.007,1.973,3.101,5.146,-1.033,5.114,-1.016,0.995,-3.0,-4.0,1.994,-1.0,5.8,3.434,0.994,13.275,-6.0,-4.0,0.016,10.242,9.883,-1.008,-4.0,4.884,-2.009,-4.0,-2.0,-4.0,5.444,-2.0,-3.0,-4.0,6.975,1.251,0.0,0.0,0.0,0.0,0.0,0.0,0.0,0.0,0.0,0.0
BtcGF,BTCUSDc,82,9.245,18.49,3,0.6386,35.26,386,39.1192,1,15,0,0.01,1.1,1.5,0.0,1.0,16385,1,11.971,3,0,2,0,0.2,4.472,2.97,-1.52,2.746,-1.0,0.993,2.976,-3.0,1.496,0.961,-0.508,-2.505,-0.506,-3.0,-1.522,3.482,0.995,0.989,-2.504,-1.028,1.464,-1.501,2.835,-2.51,-1.501,-1.507,-0.5,-3.5,-1.016,-1.5,-0.505,1.958,-1.511,-1.505,-4.0,7.508,-2.0,-0.024,-2.0,-3.0,-0.534,-2.0,-1.0,-3.999,3.471,4.978,-0.536,2.0,-3.0,0.0,0.0,-1.0,1.485,2.978,-1.0,-1.0,0.0,-1.0,1.494,-1.0,0.0,0.0,0.0,0.0,0.0,-1.0,0.0,0.0,-1.0,0.0,0.0,1.499,-1.0,0.0,0.0,1.498,-2.0,-0.506,1.498,5.519,-2.0,0.5,4.892,0.494,4.959,1.791,1.494,-0.325,6.652,2.457,-1.516,1.56,-2.508,-0.503,-3.0,0.934,1.971,3.924,-2.513,-2.501,0.989,3.465,1.772,-2.507,5.216,-0.021,1.978,-2.504,-2.502,3.459,-3.504,-2.527,-6.0,-0.045,4.493,-2.0,-1.006,0.488,4.972,1.995,0.0,0.0,0.0,0.0,0.0,0.0,0.0,0.0,0.0,0.0
BtcGF,BTCUSDc,295,25.44,30.528,5,1.0355,25.04,323,22.291,1,17,0,0.01,1.1,3.0,0.0,0.5,16385,1,22.883,16,0,2,0,0.8,1.993,1.991,0.151,0.0,-1.0,-2.0,2.977,-3.0,2.992,1.994,-2.0,-4.0,-3.0,-3.0,-1.0,-2.0,0.075,0.988,-5.0,-6.0,0.456,-4.0,0.991,6.679,-3.0,3.948,0.999,-2.001,6.011,-0.016,-3.0,11.811,4.328,-0.011,-4.0,11.806,-2.0,-0.042,-2.0,-3.0,2.708,-2.0,-1.0,-2.0,-3.999,6.964,-3.0,0.999,-3.0,0.0,0.0,-1.0,4.692,5.956,-1.0,-1.0,0.0,-1.0,-1.0,-1.0,0.0,0.0,0.0,0.0,0.0,-1.0,0.0,0.0,-1.0,0.0,0.0,2.998,-1.0,0.0,0.0,-1.0,-2.0,-1.999,2.995,-1.0,-2.0,0.0,0.982,4.823,-0.019,1.271,-2.007,1.973,8.363,2.158,-1.033,5.114,-1.016,0.995,-3.0,-4.0,1.994,-1.0,5.8,1.85,0.994,12.255,-6.0,-4.0,0.861,0.948,9.883,-1.008,-4.0,4.761,-2.008,-4.0,-2.0,-4.0,3.932,-2.0,-2.998,-3.0,6.975,1.251,0.0,0.0,0.0,0.0,0.0,0.0,0.0,0.0,0.0,0.0
BtcGF,BTCUSDc,233,14.2333,21.35,4,0.7372,77.45,343,20.4082,1,13,0,0.01,1.1,3.0,0.0,0.5,16385,1,4.815,15,0,2,0,0.6,1.993,1.991,3.136,0.0,-2.0,-3.0,1.977,-3.0,2.992,4.379,-2.0,-4.0,-4.0,-3.0,-2.0,-3.0,0.074,-0.012,-2.01,-6.0,1.986,-4.0,0.991,12.888,-3.0,3.274,0.999,-2.001,-0.007,-0.016,-3.0,2.814,3.284,-0.011,-4.0,12.883,-2.0,-0.041,-2.0,-3.0,2.708,-3.0,-1.0,-4.0,-3.0,6.964,-3.0,1.999,-3.0,0.0,-1.0,0.0,3.854,5.956,-1.0,-1.0,0.0,-1.0,-1.0,-1.0,0.0,0.0,0.0,0.0,0.0,-1.0,0.0,0.0,-1.0,0.0,0.0,2.998,-1.0,0.0,0.0,-1.0,-2.0,-2.0,2.995,-2.0,-1.0,-2.0,5.891,4.823,-0.018,2.337,-1.007,1.973,12.68,2.158,-0.033,-2.565,-1.016,0.995,-3.0,-4.0,1.994,-3.0,0.973,12.535,0.994,6.928,-4.0,-5.0,3.372,1.669,2.144,-1.008,-1.004,5.484,-2.009,-4.0,-6.0,-3.0,5.797,-2.0,-3.0,-4.0,6.975,1.251,0.0,0.0,0.0,0.0,0.0,0.0,0.0,0.0,0.0,0.0
BtcGF,BTCUSDc,204,21.7825,26.139,5,1.0649,28.51,366,30.6011,1,11,0,0.01,1.1,2.0,0.0,0.0,16385,1,18.688,4,0,2,0,0.6,6.493,3.952,0.963,-1.0,-1.0,2.824,-0.015,-3.0,1.994,1.954,-3.0,-1.21,-1.008,-3.0,0.975,6.296,1.993,-1.008,0.548,-2.556,1.204,-1.002,6.171,-2.013,0.23,5.122,-0.001,-3.001,1.479,-1.0,-3.0,1.627,0.94,-1.007,-4.0,7.445,-2.0,-2.028,-2.0,-3.0,-3.0,-3.0,-2.0,-5.0,4.055,4.034,-3.0,2.998,-3.0,0.0,-1.0,0.0,3.647,3.971,-1.0,-1.0,0.0,-1.0,1.993,-1.0,0.0,0.0,0.0,0.0,0.0,-1.0,0.0,0.0,-1.0,0.0,0.0,1.999,-1.0,0.0,0.0,-1.0,-2.0,-2.0,1.997,-2.0,-2.0,1.218,5.775,0.992,-1.012,-0.622,2.991,1.981,4.656,0.605,-1.022,-7.0,-2.011,-0.003,-3.0,-4.0,2.966,6.491,-2.018,0.168,4.364,4.953,3.329,-5.0,1.476,6.22,2.917,-2.005,-4.0,2.984,-3.006,1.311,-2.0,-4.0,5.434,-2.0,-3.0,-1.015,8.973,2.994,0.0,0.0,0.0,0.0,0.0,0.0,0.0,0.0,0.0,0.0
BtcGF,BTCUSDc,92,40.497,40.497,6,2.2204,28.11,362,31.768,1,11,0,0.01,1.1,2.0,0.0,1.0,16385,1,29.113,9,0,2,0,0.2,5.964,3.952,-1.027,-1.0,-1.0,1.991,-0.015,-3.0,1.994,1.954,-3.0,-2.007,-0.008,-3.0,-1.025,4.983,1.993,-1.008,-2.006,-3.016,2.311,-1.002,9.658,-2.013,-1.002,5.306,-0.001,-3.001,0.978,-1.0,-3.0,1.141,-1.015,-1.007,-4.0,10.743,-2.0,-2.028,-2.0,-3.0,-0.05,-2.0,-1.0,-4.0,1.98,3.977,-0.045,2.998,-3.0,0.0,0.0,-1.0,7.469,3.971,-1.0,-1.0,0.0,-1.0,1.993,-1.0,0.0,0.0,0.0,0.0,0.0,-1.0,0.0,0.0,-1.0,0.0,0.0,1.999,-1.0,0.0,0.0,-1.0,-2.0,-0.008,1.997,-2.0,-2.0,1.218,5.775,0.992,-1.013,0.068,2.991,2.551,-0.008,0.605,-1.022,0.177,-2.011,-0.003,-3.0,-0.965,2.966,2.938,-2.018,-2.001,11.279,4.953,-2.001,-5.0,0.983,4.086,3.05,-2.005,-4.0,2.984,-3.006,8.384,-2.0,-4.0,5.53,-2.0,-3.0,-1.015,8.973,2.994,0.0,0.0,0.0,0.0,0.0,0.0,0.0,0.0,0.0,0.0
BtcGF,BTCUSDc,118,-4.4227,-6.634,4,-0.1841,0.0,348,19.8276,1,15,0,0.01,1.1,3.0,0.0,1.0,16385,1,-24.754,10,0,2,0,0.2,1.993,1.991,0.151,0.0,-1.0,-3.0,1.977,-3.0,2.992,0.994,-3.0,-4.0,-3.0,-3.0,-4.0,-4.0,-0.009,-0.012,-5.0,-6.0,1.986,-4.0,0.991,14.131,-0.003,-4.0,0.999,-2.001,-0.007,-0.016,-3.0,3.926,-4.0,-0.011,-4.0,20.113,-2.0,-0.042,-2.0,-3.0,0.931,-2.0,-1.0,-3.999,-4.0,6.964,0.938,1.999,-3.0,0.0,0.0,-1.0,6.859,5.956,-1.0,-1.0,0.0,-1.0,-1.0,-1.0,0.0,0.0,0.0,0.0,0.0,-1.0,0.0,0.0,-1.0,0.0,0.0,2.998,-1.0,0.0,0.0,-1.0,-2.0,0.989,2.995,-2.0,-2.0,-2.0,1.982,4.823,-0.019,3.594,-1.007,1.973,0.634,5.146,-0.033,2.402,-1.016,0.995,-3.0,-3.0,1.994,-3.0,-1.027,-1.002,0.994,6.928,-4.0,-5.0,11.929,-1.029,2.144,-1.008,-4.0,4.058,-2.009,-4.0,-6.0,-3.0,3.921,-2.0,-3.0,-4.0,6.975,1.251,0.0,0.0,0.0,0.0,0.0,0.0,0.0,0.0,0.0,0.0
BtcGF,BTCUSDc,43,35.495,42.594,5,1.5078,38.86,359,24.234,1,17,0,0.01,1.1,2.5,0.0,0.5,16385,1,26.044,12,0,2,0,0.0,1.494,1.492,2.077,0.0,-1.0,-0.249,1.981,-3.0,2.493,-0.505,-2.0,-4.0,-3.0,-3.0,-4.0,14.55,3.002,0.49,0.985,-6.0,-0.496,-4.0,11.705,-1.516,-3.0,6.4,0.499,-2.501,3.822,-0.515,-3.0,3.174,3.478,-0.509,-4.0,12.821,-2.0,-0.535,-2.0,-3.0,1.871,-3.0,-1.0,-4.0,-4.0,5.47,-4.0,0.499,-3.0,0.0,-1.0,0.0,5.956,4.963,-1.0,-1.0,0.0,-1.0,-1.0,-1.0,0.0,0.0,0.0,0.0,0.0,-1.0,0.0,0.0,-1.0,0.0,0.0,2.499,-1.0,0.0,0.0,-1.0,-2.0,0.492,2.496,-2.0,-2.0,1.471,1.485,3.431,-0.516,7.929,0.992,0.978,5.05,3.857,-0.527,3.63,-1.514,0.496,-2.503,-4.0,0.495,3.372,0.261,9.178,0.495,14.626,-5.0,-5.0,-0.492,8.928,7.689,-1.507,-4.0,2.986,-2.507,-4.0,-2.0,-5.0,-4.0,-3.0,-0.728,-4.0,8.975,0.681,0.0,0.0,0.0,0.0,0.0,0.0,0.0,0.0,0.0,0.0
BtcGF,BTCUSDc,54,5.7515,11.503,3,0.3383,431.99,363,19.2837,1,15,0,0.01,1.1,3.0,0.0,0.5,16385,1,-38.189,9,0,2,0,0.0,1.993,1.991,3.136,0.0,-3.0,-3.0,1.977,-3.0,2.992,0.994,-3.0,-4.0,-3.0,-3.0,-4.0,-4.0,0.074,-0.012,-2.01,-6.0,1.986,-4.0,0.991,14.131,-3.0,-4.0,0.999,-2.001,-0.007,-0.016,-3.0,10.74,-5.0,-0.011,-4.0,52.003,-2.0,-0.042,-2.0,-3.0,2.708,-3.0,-1.0,-3.999,-4.0,6.964,-4.0,1.999,-3.0,0.0,-1.0,0.0,7.237,5.956,-1.0,-1.0,0.0,-1.0,-1.0,-1.0,0.0,0.0,0.0,0.0,0.0,-1.0,0.0,0.0,-1.0,0.0,0.0,2.998,-1.0,0.0,0.0,-1.0,-2.0,-2.0,2.995,-2.0,-2.0,-2.0,1.982,4.823,-0.019,3.594,-1.007,1.973,0.634,5.146,-1.033,-2.565,-1.016,0.995,-2.003,-4.0,0.994,4.14,2.8,-3.002,0.994,6.928,-4.0,-5.0,3.005,2.963,2.144,-1.008,-4.0,3.058,-2.009,-4.0,-6.0,-4.0,-4.0,-3.0,-3.0,-4.0,6.975,1.251,0.0,0.0,0.0,0.0,0.0,0.0,0.0,0.0,0.0,0.0
BtcGF,BTCUSDc,152,25.35,30.42,5,1.383,25.63,362,32.0442,1,11,0,0.01,1.1,2.0,0.0,1.0,16385,1,22.622,10,0,2,0,0.4,5.964,3.952,-1.027,-1.0,-1.0,1.991,-0.015,-3.0,1.994,1.954,-3.0,-2.007,-0.008,-3.0,-1.025,4.983,1.993,-1.008,-2.006,-3.016,2.311,-1.002,7.792,-2.013,-1.002,5.306,-0.001,-3.001,0.978,-1.0,-3.0,1.141,-1.015,-1.007,-4.0,6.987,-2.0,-2.028,-2.0,-3.0,-0.05,-2.0,-1.0,-4.0,1.98,3.977,-0.045,2.998,-3.0,0.0,0.0,-1.0,6.401,3.971,-1.0,-1.0,0.0,-1.0,1.993,-1.0,0.0,0.0,0.0,0.0,0.0,-1.0,0.0,0.0,-1.0,0.0,0.0,1.999,-1.0,0.0,0.0,-1.0,-2.0,-0.008,1.997,-2.0,-2.0,1.218,5.775,0.992,-1.013,0.068,2.991,2.551,-0.008,0.605,-1.022,0.177,-2.011,-0.003,-3.0,-0.965,2.966,2.938,-2.018,-2.001,6.085,4.953,5.111,-5.0,0.983,4.086,3.05,-2.005,-4.0,2.984,-3.006,3.079,-2.0,-4.0,5.53,-2.0,-3.0,-1.015,8.973,2.994,0.0,0.0,0.0,0.0,0.0,0.0,0.0,0.0,0.0,0.0
BtcGF,BTCUSDc,150,15.0287,22.543,4,0.7935,40.23,373,30.8311,1,15,0,0.01,1.1,2.0,0.0,0.5,16385,1,13.475,7,0,2,0,0.4,5.964,3.952,0.963,-1.0,-2.0,2.138,-0.015,-3.0,1.994,1.954,-3.0,-2.007,-0.008,-3.0,-4.0,4.983,1.993,-1.008,-0.013,-3.016,-1.022,-1.002,6.305,-2.013,0.105,-1.009,-0.001,-3.001,2.444,-1.0,-3.0,0.8,-5.0,-1.007,-4.0,9.062,-2.0,-1.028,-2.0,-3.0,1.034,-3.0,-1.0,-3.999,2.54,3.977,-1.002,2.998,-3.0,0.0,-1.0,0.0,4.762,3.971,-1.0,-1.0,0.0,-1.0,1.993,-1.0,0.0,0.0,0.0,0.0,0.0,-1.0,0.0,0.0,-1.0,0.0,0.0,1.999,-1.0,0.0,0.0,-1.0,-2.0,-1.999,1.997,-2.0,-2.0,1.218,6.948,0.992,-1.013,0.068,2.991,1.931,2.971,2.586,-1.022,-3.804,-2.011,-0.003,-4.0,-4.0,2.966,12.306,-0.018,5.141,1.986,4.953,4.644,-5.0,0.983,3.41,3.179,-2.005,-4.0,1.984,-3.006,-1.033,-6.0,-3.0,8.471,-2.0,-3.0,-1.015,8.973,2.994,0.0,0.0,0.0,0.0,0.0,0.0,0.0,0.0,0.0,0.0
BtcGF,BTCUSDc,57,-3.991,-7.982,3,-0.1781,0.0,351,19.6581,1,13,0,0.01,1.1,3.0,0.0,1.0,16385,1,-26.102,13,0,2,0,0.0,1.993,1.991,0.151,0.0,-1.0,-3.0,1.977,-3.0,2.992,3.379,-3.0,-4.0,-3.0,-3.0,-3.999,-4.0,-0.009,-0.012,-5.0,-6.0,1.986,-4.0,-1.009,-1.019,-0.003,3.274,0.999,-2.001,-0.007,-0.016,-3.0,-5.0,4.801,-0.011,-4.0,20.113,-2.0,-1.042,-2.0,-3.0,0.931,-2.0,-1.0,-4.0,-3.0,6.964,0.938,1.999,-3.0,0.0,0.0,-1.0,6.859,5.956,-1.0,-1.0,0.0,-1.0,-1.0,-1.0,0.0,0.0,0.0,0.0,0.0,-1.0,0.0,0.0,-1.0,0.0,0.0,2.998,-1.0,0.0,0.0,-1.0,-2.0,0.989,2.995,-2.0,-2.0,-2.0,5.891,4.823,-0.019,3.594,-1.007,1.973,4.015,5.146,-0.033,2.402,-1.016,0.995,-3.0,-3.0,0.994,-3.0,-1.027,-1.002,-0.006,7.928,-4.0,-5.0,9.764,-1.029,2.144,-1.008,-4.0,6.484,-2.009,-4.0,-6.0,-3.0,3.638,-2.0,-3.0,-4.0,6.975,1.251,0.0,0.0,0.0,0.0,0.0,0.0,0.0,0.0,0.0,0.0
BtcGF,BTCUSDc,294,-3.4155,-6.831,3,-0.2114,0.0,330,20.303,1,15,0,0.01,1.1,3.0,0.0,0.5,16385,1,-14.616,12,0,2,0,0.8,1.993,1.991,0.151,0.0,-1.0,-3.0,1.977,-3.0,2.992,1.994,-2.0,-4.0,-3.0,-3.0,-1.0,-2.0,0.074,-0.012,-5.0,-6.0,1.986,-4.0,0.991,6.679,-3.0,-4.0,0.999,-2.001,-0.007,-0.016,-3.0,9.437,4.328,-0.011,-4.0,12.029,-2.0,-0.042,-2.0,-3.0,2.708,-2.0,-1.0,-2.0,-4.0,6.964,-3.0,1.999,-3.0,0.0,0.0,-1.0,4.751,5.956,-1.0,-1.0,0.0,-1.0,-1.0,-1.0,0.0,0.0,0.0,0.0,0.0,-1.0,0.0,0.0,-1.0,0.0,0.0,2.998,-1.0,0.0,0.0,-1.0,-2.0,-1.999,2.995,-1.0,-2.0,-2.0,1.982,4.823,-0.019,0.698,-1.007,1.973,7.828,2.158,-0.033,-2.565,-1.016,0.995,-3.0,-4.0,1.994,-1.0,3.8,0.989,0.994,12.255,-4.0,-5.0,0.861,0.948,2.144,-1.008,-4.0,4.058,-2.008,-4.0,-6.0,-3.0,4.195,-2.0,-3.0,-3.0,6.975,1.251,0.0,0.0,0.0,0.0,0.0,0.0,0.0,0.0,0.0,0.0
BtcGF,BTCUSDc,2,6.6805,13.361,3,0.7188,31.25,452,48.6726,1,15,0,0.01,1.1,1.0,0.0,0.0,16385,1,9.186,0,0,2,0,0.0,2.947,2.979,-1.019,2.772,1.744,2.985,1.977,0.202,0.997,-0.013,-1.005,-0.735,-1.004,-1.004,-0.01,1.988,2.015,-0.007,-2.006,-1.927,-0.023,-0.001,0.979,-2.011,4.036,-0.013,0.999,-4.0,-0.256,0.0,0.995,1.988,4.59,-2.004,-0.241,-2.009,-1.014,-0.912,-2.0,-3.0,-3.0,-3.0,0.396,-1.014,1.98,2.986,-2.001,1.0,-3.0,-0.01,-1.0,0.0,1.29,-1.041,5.17,-1.0,0.0,1.99,1.979,0.991,-1.0,0.0,0.987,1.867,-1.0,-1.0,0.0,0.0,-1.0,-1.0,0.0,0.999,-2.0,0.0,0.0,0.998,-1.014,-0.005,0.992,-0.013,-3.0,0.0,1.028,0.98,4.965,-2.011,-0.004,-1.01,3.545,2.919,-1.017,0.636,-0.796,1.994,-2.017,-1.724,0.976,2.726,-3.008,-5.001,-1.007,0.975,1.99,-0.007,1.973,5.845,-0.017,-3.003,-3.001,2.505,-4.003,1.995,-5.005,0.554,2.689,1.223,-2.003,-0.008,1.982,0.997,0.0,0.0,0.0,0.0,0.0,0.0,0.0,0.0,0.0,0.0
BtcGF,BTCUSDc,0,6.7533,10.13,4,0.4556,40.63,460,48.0435,1,11,0,0.01,1.1,1.0,0.0,0.0,16385,1,6.014,0,0,2,0,0.0,2.947,2.979,-1.019,1.368,1.061,3.206,1.977,0.202,0.997,-0.013,-1.005,-0.735,-2.004,-1.004,-0.01,1.988,2.015,-0.007,-2.006,-1.927,-0.023,-0.001,0.979,-2.011,4.036,-0.013,0.999,-4.0,-0.715,0.0,0.995,2.241,-0.008,-2.004,-0.066,-0.66,-1.014,-1.682,-2.0,-3.0,-4.0,-3.0,0.396,-1.014,3.089,3.01,-2.001,1.0,-3.0,-0.01,-1.0,0.0,-0.01,-1.041,1.99,-1.0,0.0,5.108,5.283,-0.009,-1.0,0.0,0.987,1.867,-1.0,-1.0,0.0,0.0,-1.0,-1.0,0.0,0.999,-2.0,0.0,0.0,0.998,-1.013,-0.005,0.992,-0.013,0.089,0.0,0.988,0.98,5.15,-2.011,-0.004,-1.01,5.29,0.972,-1.017,0.329,-0.796,1.994,-1.71,-1.724,0.976,2.946,-2.012,-5.001,-1.007,0.975,1.99,3.055,-0.022,5.845,-0.017,-3.003,-3.001,2.122,-4.003,-1.012,-3.543,-1.181,5.843,1.021,-2.003,-3.008,2.987,0.997,0.0,0.0,0.0,0.0,0.0,0.0,0.0,0.0,0.0,0.0
BtcGF,BTCUSDc,9,12.2767,18.415,4,1.216,5.43,434,52.3041,1,13,0,0.01,1.1,1.0,0.0,1.0,16385,1,17.415,0,0,2,0,0.0,2.982,2.979,-2.014,0.995,-0.014,2.976,1.977,-0.029,0.997,-0.013,-1.005,-1.005,-1.004,-1.004,-0.01,1.988,1.996,-0.007,-3.003,-2.018,-0.023,-0.001,0.979,-2.011,3.961,-0.013,0.999,-4.0,-1.016,0.0,0.995,1.965,2.985,-2.004,-3.002,-0.011,-1.014,0.976,-2.0,-3.0,-1.025,-0.009,-0.024,1.985,1.98,2.986,-1.027,1.0,-3.0,-0.01,0.0,-1.0,-0.01,-1.041,1.99,-1.0,0.0,1.99,2.979,0.0,0.955,0.0,0.987,0.987,0.987,-1.0,0.0,0.0,-1.0,-1.0,0.0,0.999,-2.0,0.0,0.0,0.998,-0.014,-0.01,0.992,-0.013,-0.013,0.0,0.988,0.98,4.965,-2.011,-0.004,-1.01,2.969,0.972,0.953,2.978,-1.009,1.994,-1.016,-2.046,0.976,1.951,-3.009,-2.002,-1.007,0.975,1.99,1.957,1.973,4.965,-0.017,-3.003,-1.001,-0.008,-4.003,1.956,-5.005,-3.053,1.973,1.988,-2.003,-0.008,1.982,0.997,0.0,0.0,0.0,0.0,0.0,0.0,0.0,0.0,0.0,0.0
BtcGF,BTCUSDc,11,12.2767,18.415,4,1.216,5.43,434,52.3041,1,17,0,0.01,1.1,1.0,0.0,1.0,16385,1,17.415,0,0,2,0,0.0,2.982,2.979,-2.014,0.995,-0.014,2.976,1.977,-0.029,0.997,-0.013,-1.005,-1.005,-1.004,-1.004,-0.01,1.988,1.996,-0.007,-3.003,-2.018,-0.023,-0.001,0.979,-2.011,3.961,-0.013,0.999,-4.0,-1.016,0.0,0.995,1.965,2.985,-2.004,-3.002,-0.011,-1.014,0.976,-2.0,-3.0,-1.025,-0.009,-0.024,1.985,1.98,2.986,-1.027,1.0,-3.0,-0.01,0.0,-1.0,-0.01,-1.041,1.99,-1.0,0.0,1.99,2.979,0.0,0.955,0.0,0.987,0.987,0.987,-1.0,0.0,0.0,-1.0,-1.0,0.0,0.999,-2.0,0.0,0.0,0.998,-0.014,-0.01,0.992,-0.013,-0.013,0.0,0.988,0.98,4.965,-2.011,-0.004,-1.01,2.969,0.972,0.953,2.978,-1.009,1.994,-1.016,-2.046,0.976,1.951,-3.009,-2.002,-1.007,0.975,1.99,1.957,1.973,4.965,-0.017,-3.003,-1.001,-0.008,-4.003,1.956,-5.005,-3.053,1.973,1.988,-2.003,-0.008,1.982,0.997,0.0,0.0,0.0,0.0,0.0,0.0,0.0,0.0,0.0,0.0
BtcGF,BTCUSDc,7,12.904,19.356,4,1.1358,22.21,451,49.6674,1,17,0,0.01,1.1,1.0,0.0,0.5,16385,1,15.058,0,0,2,0,0.0,2.982,2.979,-1.019,1.452,-1.014,2.985,1.977,-0.029,0.997,-1.013,0.332,-1.005,-1.004,-1.004,-0.01,1.988,2.015,-0.007,-2.006,-2.018,-0.023,-0.001,0.979,-2.011,3.961,-0.013,0.999,-4.0,-0.318,0.0,0.995,2.039,4.507,-2.004,-0.9,-2.009,-1.014,1.631,-2.0,-3.0,-0.629,-3.0,-0.024,-0.003,-0.011,2.986,-2.001,1.0,-3.0,-0.01,-1.0,0.0,1.29,-1.041,1.99,-1.0,0.0,1.99,1.979,0.991,1.909,0.0,0.987,0.987,1.695,-1.0,0.0,0.0,-1.0,-1.0,0.0,0.999,-2.0,0.0,0.0,0.998,-0.014,1.87,0.992,-0.013,-3.0,0.0,0.988,0.98,4.965,-2.011,-1.004,-1.01,2.969,0.972,1.477,0.033,-0.585,1.994,-2.017,-1.724,-0.024,0.982,-4.009,1.297,-1.007,0.975,1.99,4.765,1.973,5.845,-0.017,-3.003,-3.001,-0.008,-4.003,1.995,-5.005,0.205,2.875,1.223,-2.003,-0.008,1.982,0.997,0.0,0.0,0.0,0.0,0.0,0.0,0.0,0.0,0.0,0.0
BtcGF,BTCUSDc,6,10.584,21.168,3,1.1112,60.96,452,48.8938,1,15,0,0.01,1.1,1.0,0.0,0.5,16385,1,8.263,1,0,2,0,0.0,2.982,2.979,-1.019,2.772,1.744,2.985,1.977,-0.029,0.997,-0.013,-1.005,-1.005,-1.004,-1.004,-0.01,1.988,2.015,-0.007,-2.006,-2.018,-0.023,-0.001,0.979,-2.011,3.961,-0.013,0.999,-4.0,-0.318,0.0,0.995,2.039,-0.008,-2.004,8.905,-2.009,-1.014,1.631,-2.0,-3.0,-0.629,-3.0,-0.024,-0.003,1.98,2.986,-2.001,1.0,-3.0,-0.01,-1.0,0.0,1.29,-1.041,1.99,-1.0,0.0,1.99,1.979,0.991,1.909,0.0,0.987,0.987,-1.0,-1.0,0.0,0.0,-1.0,-1.0,0.0,0.999,-2.0,0.0,0.0,0.998,-0.014,1.87,0.992,-0.013,-3.0,0.0,0.988,0.98,4.965,-2.011,-0.004,-1.01,4.414,2.919,1.477,0.033,-0.585,1.994,-2.017,-1.724,-0.024,0.982,-4.009,-5.001,-1.007,0.975,1.99,-0.007,1.973,5.845,-0.017,-3.003,-3.001,-0.008,-4.003,1.995,-5.005,0.554,2.689,1.223,-2.003,-0.008,1.982,0.997,0.0,0.0,0.0,0.0,0.0,0.0,0.0,0.0,0.0,0.0
BtcGF,BTCUSDc,4,4.875,9.75,3,0.3888,42.22,454,48.2379,1,11,0,0.01,1.1,1.0,0.0,0.5,16385,1,5.634,0,0,2,0,0.0,2.982,2.979,-1.019,1.368,1.061,3.206,1.977,-0.029,0.997,-0.013,-1.005,-1.005,-2.004,-1.004,-0.01,1.988,2.015,-0.007,-2.006,-2.018,-0.023,-0.001,0.979,-2.011,3.961,-0.013,0.999,-4.0,-0.318,0.0,0.995,2.039,-0.008,-2.004,-0.9,-0.66,-1.014,-4.002,-2.0,-3.0,-4.0,-3.0,-0.024,-0.003,3.089,3.01,-2.001,1.0,-3.0,-0.01,-1.0,0.0,-0.01,-1.041,1.99,-1.0,0.0,5.108,4.283,0.991,1.909,0.0,0.987,0.987,-1.0,-1.0,0.0,0.0,-1.0,-1.0,0.0,0.999,-2.0,0.0,0.0,0.998,-0.014,-1.005,0.992,-0.013,0.089,0.0,0.988,0.98,5.15,-2.011,-0.004,-1.01,4.414,0.972,1.477,0.033,-0.585,1.994,-2.017,-1.724,0.976,3.707,-2.012,-5.001,-1.007,0.975,1.99,3.055,-0.022,5.845,-0.017,-3.003,-3.001,-0.008,-4.003,-1.012,-5.005,-1.181,5.843,1.223,-2.003,-0.008,1.982,0.997,0.0,0.0,0.0,0.0,0.0,0.0,0.0,0.0,0.0,0.0
BtcGF,BTCUSDc,5,10.179,20.358,3,1.0687,63.39,454,48.6784,1,13,0,0.01,1.1,1.0,0.0,0.5,16385,1,7.453,1,0,2,0,0.0,2.982,2.979,-1.019,2.856,1.744,2.985,1.977,-0.029,0.997,-0.013,-1.005,-1.005,-2.004,-1.004,-0.01,1.988,2.015,-0.007,-2.006,-2.018,-0.023,-0.001,0.979,-2.011,3.961,-0.013,0.999,-4.0,-0.318,0.0,0.995,2.039,-0.008,-2.004,8.905,-2.009,-1.014,1.631,-2.0,-3.0,-0.629,-3.0,-0.024,-0.003,-0.011,2.986,-2.001,1.0,-3.0,-0.01,-1.0,0.0,-0.01,-1.041,1.99,-1.0,0.0,5.108,1.979,0.991,1.909,0.0,0.987,0.987,-1.0,-1.0,0.0,0.0,-1.0,-1.0,0.0,0.999,-2.0,0.0,0.0,0.998,-0.014,1.87,0.992,-0.013,-3.0,0.0,0.988,0.98,5.15,-2.011,-0.004,-1.01,4.414,0.972,1.477,0.033,-0.585,1.994,-2.017,-1.724,0.976,3.707,-4.009,-5.001,-1.007,0.975,1.99,2.268,1.973,5.381,-0.017,-3.003,-2.002,-0.008,-4.003,-1.012,-5.005,-0.433,2.189,1.223,-2.003,-0.008,1.982,0.997,0.0,0.0,0.0,0.0,0.0,0.0,0.0,0.0,0.0,0.0
BtcGF,BTCUSDc,8,12.2767,18.415,4,1.216,5.43,434,52.3041,1,11,0,0.01,1.1,1.0,0.0,1.0,16385,1,17.415,0,0,2,0,0.0,2.982,2.979,-2.014,0.995,-0.014,2.976,1.977,-0.029,0.997,-0.013,-1.005,-1.005,-1.004,-1.004,-0.01,1.988,1.996,-0.007,-3.003,-2.018,-0.023,-0.001,0.979,-2.011,3.961,-0.013,0.999,-4.0,-1.016,0.0,0.995,1.965,2.985,-2.004,-3.002,-0.011,-1.014,0.976,-2.0,-3.0,-1.025,-0.009,-0.024,1.985,1.98,2.986,-1.027,1.0,-3.0,-0.01,0.0,-1.0,-0.01,-1.041,1.99,-1.0,0.0,1.99,2.979,0.0,0.955,0.0,0.987,0.987,0.987,-1.0,0.0,0.0,-1.0,-1.0,0.0,0.999,-2.0,0.0,0.0,0.998,-0.014,-0.01,0.992,-0.013,-0.013,0.0,0.988,0.98,4.965,-2.011,-0.004,-1.01,2.969,0.972,0.953,2.978,-1.009,1.994,-1.016,-2.046,0.976,1.951,-3.009,-2.002,-1.007,0.975,1.99,1.957,1.973,4.965,-0.017,-3.003,-1.001,-0.008,-4.003,1.956,-5.005,-3.053,1.973,1.988,-2.003,-0.008,1.982,0.997,0.0,0.0,0.0,0.0,0.0,0.0,0.0,0.0,0.0,0.0
BtcGF,BTCUSDc,10,12.2767,18.415,4,1.216,5.43,434,52.3041,1,15,0,0.01,1.1,1.0,0.0,1.0,16385,1,17.415,0,0,2,0,0.0,2.982,2.979,-2.014,0.995,-0.014,2.976,1.977,-0.029,0.997,-0.013,-1.005,-1.005,-1.004,-1.004,-0.01,1.988,1.996,-0.007,-3.003,-2.018,-0.023,-0.001,0.979,-2.011,3.961,-0.013,0.999,-4.0,-1.016,0.0,0.995,1.965,2.985,-2.004,-3.002,-0.011,-1.014,0.976,-2.0,-3.0,-1.025,-0.009,-0.024,1.985,1.98,2.986,-1.027,1.0,-3.0,-0.01,0.0,-1.0,-0.01,-1.041,1.99,-1.0,0.0,1.99,2.979,0.0,0.955,0.0,0.987,0.987,0.987,-1.0,0.0,0.0,-1.0,-1.0,0.0,0.999,-2.0,0.0,0.0,0.998,-0.014,-0.01,0.992,-0.013,-0.013,0.0,0.988,0.98,4.965,-2.011,-0.004,-1.01,2.969,0.972,0.953,2.978,-1.009,1.994,-1.016,-2.046,0.976,1.951,-3.009,-2.002,-1.007,0.975,1.99,1.957,1.973,4.965,-0.017,-3.003,-1.001,-0.008,-4.003,1.956,-5.005,-3.053,1.973,1.988,-2.003,-0.008,1.982,0.997,0.0,0.0,0.0,0.0,0.0,0.0,0.0,0.0,0.0,0.0
BtcGF,BTCUSDc,3,10.5267,15.79,4,0.7225,27.22,452,49.3363,1,17,0,0.01,1.1,1.0,0.0,0.0,16385,1,11.492,0,0,2,0,0.0,2.947,2.979,-1.019,1.452,-1.014,2.985,1.977,0.202,0.997,-0.013,-0.668,-0.735,-1.004,-1.004,-0.01,1.988,2.015,-0.007,-2.006,-1.927,-0.023,-0.001,0.979,-2.011,4.036,-0.013,0.999,-4.0,-0.256,0.0,0.995,1.988,3.236,-2.004,-1.097,-2.009,-1.014,-0.912,-2.0,-3.0,-3.0,-3.0,-0.024,-1.014,-0.011,2.986,-2.001,1.0,-3.0,-0.01,-1.0,0.0,1.29,-1.041,4.04,-1.0,0.0,1.99,1.979,0.991,1.909,0.0,0.987,1.867,1.695,-1.0,0.0,0.0,-1.0,-1.0,0.0,0.999,-2.0,0.0,0.0,0.998,-1.014,-0.005,0.992,-0.013,-3.0,0.0,1.028,0.98,4.965,-2.011,-1.004,-1.01,3.545,0.972,1.477,0.636,-0.796,1.994,-2.017,-1.724,-0.024,0.982,-3.009,1.297,-1.007,0.975,1.99,4.765,1.973,5.076,-0.017,-3.003,-3.001,2.084,-4.003,1.995,-5.005,0.205,2.875,1.021,-2.003,-0.008,1.982,0.997,0.0,0.0,0.0,0.0,0.0,0.0,0.0,0.0,0.0,0.0
BtcGF,BTCUSDc,1,12.0867,18.13,4,1.0288,31.89,453,48.7859,1,13,0,0.01,1.1,1.0,0.0,0.0,16385,1,12.349,1,0,2,0,0.0,2.947,2.979,-1.019,2.856,1.744,2.985,1.977,0.202,0.997,-0.013,-1.005,-0.735,-2.004,-1.004,-0.01,1.988,2.015,-0.007,-2.006,-1.927,-0.023,-0.001,0.979,-2.011,4.036,-0.013,0.999,-4.0,-0.715,0.0,0.995,2.034,4.507,-2.004,1.781,-2.009,-1.014,1.323,-2.0,-3.0,-3.0,-3.0,0.396,-1.014,-0.011,2.986,-2.001,1.0,-3.0,-0.01,-1.0,0.0,-0.01,-1.041,1.99,-1.0,0.0,5.108,2.979,0.0,2.312,0.0,0.987,1.867,-1.0,-1.0,0.0,0.0,-1.0,-1.0,0.0,0.999,-2.0,0.0,0.0,0.998,-1.014,-0.005,0.992,-0.013,-3.0,0.0,0.988,0.98,5.15,-2.011,-0.004,-1.01,5.29,0.972,-1.017,0.329,-0.796,1.994,-1.71,-1.724,0.976,2.946,-4.009,-5.001,-1.007,0.975,1.99,2.268,1.973,5.381,-0.017,-3.003,-2.002,2.505,-4.003,-1.012,-3.543,-0.433,2.189,4.239,-2.003,-0.008,1.982,0.997,0.0,0.0,0.0,0.0,0.0,0.0,0.0,0.0,0.0,0.0
