leg,sym,pass,score,nbpR,segpos,rf,oneop,ops,win,sizing,smaP,slowP,mult,step,tpR,trailR,half,mgmtTF,stack,extop1R,nmonster,addtrig,lineplace,nback,buffer,w0,w1,w2,w3,w4,w5,w6,w7,w8,w9,w10,w11,w12,w13,w14,w15,w16,w17,w18,w19,w20,w21,w22,w23,w24,w25,w26,w27,w28,w29,w30,w31,w32,w33,w34,w35,w36,w37,w38,w39,w40,w41,w42,w43,w44,w45,w46,w47,w48,w49,w50,w51,w52,w53,w54,w55,w56,w57,w58,w59,w60,w61,w62,w63,w64,w65,w66,w67,w68,w69,w70,w71,w72,w73,w74,w75,w76,w77,w78,w79,w80,w81,w82,w83,w84,w85,w86,w87,w88,w89,w90,w91,w92,w93,w94,w95,w96,w97,w98,w99,w100,w101,w102,w103,w104,w105,w106,w107,w108,w109,w110,w111,w112,w113,w114,w115,w116,w117,w118,w119,w120,w121,w122,w123,w124,w125,w126,w127,w128,w129
GoldS210,XAUUSDc,41,-3.2053,-9.616,2,-0.3128,0.0,509,44.0079,1,5,0,0.015,1.4,1.0,0.0,0.5,15,1,-16.197,3,0,1,15,0.0,0.0,0.0,0.0,0.0,0.0,0.986,-0.936,-0.842,0.986,0.115,-1.407,-1.01,1.304,-1.047,-0.009,-4.001,0.284,0.137,-0.659,-3.0,-4.002,0.455,3.14,-1.812,2.318,0.08,1.277,3.722,-2.012,-5.0,-1.261,-4.0,0.915,-3.008,2.621,7.148,4.417,0.974,0.623,2.924,-3.0,-1.01,-1.002,-2.0,-0.002,0.777,-4.0,-3.063,0.165,-3.007,6.027,-0.009,-2.016,-2.007,-1.0,-4.009,-2.007,-3.02,-4.0,-0.009,4.924,6.577,-3.0,2.074,-1.035,-0.026,0.962,5.164,2.138,0.051,2.984,5.541,0.265,3.989,0.033,-2.006,-4.0,-1.001,-3.002,1.973,-0.12,2.348,-2.0,-0.046,-0.023,-1.015,-1.0,0.978,0.481,-0.271,-4.0,-2.001,3.17,-3.003,-2.017,3.922,0.504,6.211,-2.004,-1.029,0.0,-0.068,-2.0,-1.037,-3.042,-0.023,2.093,-0.019,0.973,4.57,-0.185,-5.0,-0.022,4.071,-0.42,-0.545,-4.016,2.18,0.011,-1.055,0.0,0.0,0.0,0.0,0.0,0.0,0.0,0.0,0.0,0.0
GoldS210,XAUUSDc,95,-21.2988,-127.793,1,-0.6719,0.0,490,8.9796,1,5,0,0.015,2.0,2.5,0.0,0.5,15,1,-173.039,17,0,1,5,0.25,0.0,0.0,0.0,0.0,0.0,-0.999,45.891,-4.0,-4.0,-3.0,-6.0,-0.501,0.488,-3.0,1.146,-3.503,-3.0,-5.0,-4.0,-3.0,15.966,6.824,-6.0,-6.0,16.264,-1.518,-1.636,-3.0,-5.0,-5.0,-4.0,-4.0,-1.517,-5.0,-2.512,-7.0,-6.0,1.64,-3.0,-1.524,-3.0,-3.0,-5.0,-2.0,-3.0,-4.0,-3.0,7.194,9.282,-4.999,0.0,-4.0,-6.0,-4.0,-1.0,-4.51,-4.0,1.406,-5.0,1.442,22.473,-2.501,-3.0,-2.0,-5.0,-1.528,-4.999,-4.999,-2.0,-6.0,16.253,2.682,-2.0,0.472,-3.0,-4.0,-4.0,0.498,-1.506,-4.0,-4.0,-3.0,-4.0,-3.0,-6.0,14.374,-1.0,-7.0,-5.0,-1.51,-4.0,3.523,-2.526,-0.4,-5.0,10.629,-2.0,-4.999,-4.0,-5.0,0.0,0.852,-2.0,-3.0,-1.593,2.362,-2.561,-4.0,-2.0,-5.0,-6.0,-5.0,4.367,-6.0,-3.0,-4.0,-6.0,-4.0,-4.0,16.52,0.0,0.0,0.0,0.0,0.0,0.0,0.0,0.0,0.0,0.0
GoldS210,XAUUSDc,84,10.1805,20.361,3,0.2728,109.41,503,22.4652,1,5,0,0.015,1.1,1.5,0.0,0.5,15,1,-1.916,28,0,1,5,0.25,0.0,0.0,0.0,0.0,0.0,1.479,4.981,-4.0,-1.508,-3.0,-6.0,7.461,-0.507,-3.0,-0.251,-4.502,-3.0,-5.0,-4.0,-3.0,-3.033,0.71,-3.519,1.46,2.8,-1.02,-2.131,-3.0,3.07,-5.0,-4.0,-4.0,-2.51,-2.511,11.124,-3.614,-6.0,1.374,-3.0,-0.022,-3.0,-0.515,-5.0,-2.0,-3.0,-4.0,-3.0,19.667,10.382,-2.509,29.579,-1.503,-6.0,-1.511,-1.0,-3.014,2.729,-1.771,-5.0,0.486,14.279,-1.007,-3.0,9.268,-4.0,-0.913,5.078,1.801,0.493,4.745,5.206,21.767,5.425,6.688,5.082,-4.0,-4.0,-0.501,-2.503,-1.509,8.785,7.453,15.963,0.944,-0.39,0.528,-1.0,-7.0,-2.521,5.343,-4.0,0.11,3.875,-2.049,-2.502,-0.068,-2.0,-4.999,-4.0,2.029,0.0,1.399,-2.0,-3.0,-2.559,0.465,4.118,-1.526,-0.539,2.168,-6.0,-5.0,1.481,-1.041,-3.0,2.185,-6.0,-1.533,-4.0,-1.508,0.0,0.0,0.0,0.0,0.0,0.0,0.0,0.0,0.0,0.0
GoldS210,XAUUSDc,102,6.028,12.056,3,0.6021,65.38,515,43.301,1,5,0,0.015,1.7,1.0,0.0,0.5,15,1,4.174,3,0,1,10,0.25,0.0,0.0,0.0,0.0,0.0,0.986,-0.899,-0.899,0.986,-1.598,-1.159,3.346,1.345,-1.047,-0.009,-4.001,-3.0,-2.992,0.09,-3.0,4.88,0.957,3.033,-1.607,2.522,0.004,1.863,3.819,-2.012,-5.0,-4.0,-4.0,-1.01,-3.008,3.886,5.398,9.209,1.251,-3.0,2.769,-3.0,-1.01,-1.007,-2.0,0.996,0.067,-4.0,3.127,0.118,-3.007,7.106,-0.009,-2.016,-2.007,-1.0,-4.009,-2.007,-0.747,-2.998,-0.009,7.469,-1.004,-3.0,2.753,6.198,-0.026,0.962,5.529,-1.004,-2.012,2.984,6.415,0.318,4.103,-0.005,-2.006,-4.0,-1.001,-3.002,1.973,0.463,5.953,-2.0,-0.046,-0.023,-1.015,-1.0,1.038,0.118,0.437,-4.0,-2.001,3.55,-3.003,-2.017,3.922,0.002,9.441,-2.004,-1.029,0.0,-0.068,-2.0,1.638,-3.042,-0.023,2.243,-0.019,0.973,1.927,-0.819,-5.0,-0.022,3.624,-4.0,0.033,0.556,1.978,0.011,-1.055,0.0,0.0,0.0,0.0,0.0,0.0,0.0,0.0,0.0,0.0
GoldS210,XAUUSDc,16,-25.3088,-151.853,1,-1.0,0.0,483,6.0041,1,5,0,0.015,1.1,3.0,0.0,0.5,15,1,-199.499,13,0,1,5,0.0,0.0,0.0,0.0,0.0,0.0,-0.999,0.46,-4.0,-3.0,-4.0,-6.0,-1.0,0.986,-3.0,-2.996,-3.004,-3.999,-4.0,-4.0,-3.0,-6.0,9.881,-5.0,15.424,-5.0,-4.999,-5.998,-4.0,-4.0,-6.0,-3.0,-4.0,-5.0,-5.0,-2.016,-6.0,-5.0,9.008,12.933,-1.029,-3.0,-3.0,-5.0,-2.0,-2.999,-4.0,-3.0,-5.999,41.647,-5.0,-7.0,-4.0,-6.0,-3.999,-1.0,-4.011,-3.998,-1.459,-3.999,1.938,35.129,-5.0,-3.0,-2.0,-5.0,-3.999,-4.0,-5.998,22.055,-6.0,11.466,4.783,-2.0,-2.996,-3.0,-4.0,-4.0,0.997,-1.007,-3.999,-5.0,-3.0,-5.0,-3.0,11.128,22.658,-1.0,-7.0,-5.0,10.403,-4.0,5.228,-3.999,0.132,-5.0,-5.0,-2.0,-5.0,-4.0,-4.0,0.0,-2.134,-2.0,-2.999,-4.0,3.599,-1.073,-4.0,-2.0,-5.0,-6.0,-5.0,-4.0,-5.0,-4.0,-4.0,-6.0,-3.0,-5.0,-4.0,0.0,0.0,0.0,0.0,0.0,0.0,0.0,0.0,0.0,0.0
GoldS210,XAUUSDc,104,-10.3027,-30.908,2,-0.5554,0.0,495,26.2626,1,5,0,0.015,1.1,1.5,0.0,0.5,15,1,-43.123,16,0,1,10,0.25,0.0,0.0,0.0,0.0,0.0,1.479,-2.227,-2.999,-1.508,-4.0,-4.999,7.461,-0.506,-3.0,-0.382,-4.502,-3.0,-5.0,-3.0,-3.0,-3.385,1.286,-0.824,-3.254,2.103,1.767,0.245,-3.0,-0.37,-5.0,-4.0,-4.0,-2.51,-2.511,4.212,6.567,-5.0,5.501,-3.0,8.074,-3.0,-0.515,-1.37,-3.0,-3.0,-3.0,-4.0,10.398,0.315,-2.51,16.611,-1.503,-3.423,-1.511,-1.0,-3.014,-1.406,-1.559,-0.435,0.486,9.789,-1.007,-3.0,5.867,-4.0,-1.018,1.508,-4.0,0.493,-0.133,2.709,12.705,0.025,3.848,8.945,-4.0,-4.0,-0.501,-2.503,-1.509,4.583,6.951,7.879,0.944,-0.954,-0.137,-1.0,-2.996,-2.521,4.931,-4.0,-0.907,0.404,-2.087,-2.502,-0.068,-2.0,8.678,-4.0,0.595,0.0,1.399,-2.0,-2.0,-2.559,0.465,-0.431,-1.526,-0.539,2.342,-3.053,-5.0,1.481,-0.041,-4.0,1.39,-6.0,5.379,-4.0,-1.508,0.0,0.0,0.0,0.0,0.0,0.0,0.0,0.0,0.0,0.0
GoldS210,XAUUSDc,85,10.181,20.362,3,0.2728,109.4,503,22.4652,1,5,0,0.015,1.4,1.5,0.0,0.5,15,1,-1.915,28,0,1,5,0.25,0.0,0.0,0.0,0.0,0.0,1.479,4.981,-4.0,-1.508,-3.0,-6.0,7.461,-0.507,-3.0,-0.251,-4.502,-3.0,-5.0,-4.0,-3.0,-3.033,0.71,-3.519,1.46,2.8,-1.02,-2.131,-3.0,3.07,-5.0,-4.0,-4.0,-2.51,-2.511,11.124,-3.614,-6.0,1.374,-3.0,-0.022,-3.0,-0.515,-5.0,-2.0,-2.999,-4.0,-3.0,19.667,10.382,-2.509,29.579,-1.503,-6.0,-1.511,-1.0,-3.014,2.729,-1.771,-5.0,0.486,14.279,-1.007,-3.0,9.268,-4.0,-0.913,5.078,1.801,0.493,4.745,5.206,21.767,5.425,6.688,5.082,-4.0,-4.0,-0.501,-2.503,-1.509,8.785,7.453,15.963,0.944,-0.39,0.528,-1.0,-7.0,-2.521,5.343,-4.0,0.11,3.875,-2.049,-2.502,-0.068,-2.0,-4.999,-4.0,2.029,0.0,1.399,-2.0,-3.0,-2.559,0.465,4.118,-1.526,-0.539,2.168,-6.0,-5.0,1.481,-1.041,-3.0,2.185,-6.0,-1.533,-4.0,-1.508,0.0,0.0,0.0,0.0,0.0,0.0,0.0,0.0,0.0,0.0
GoldS210,XAUUSDc,21,18.2747,27.412,4,1.4124,93.17,515,42.9126,1,5,0,0.015,1.4,1.0,0.0,0.5,15,1,1.871,5,0,1,10,0.0,0.0,0.0,0.0,0.0,0.0,0.986,-0.899,-0.899,0.986,-1.598,-1.159,-1.01,1.345,-1.047,-0.009,-4.001,-3.0,-2.992,0.09,-3.0,22.539,0.957,3.033,-1.607,3.745,1.464,1.902,3.819,-2.012,-5.0,-2.041,-4.0,-1.01,-3.008,3.886,6.253,11.832,1.251,-3.0,3.944,-3.0,-1.01,-1.007,-2.0,0.996,0.067,-4.0,3.122,0.118,-3.007,7.106,-0.009,-2.016,-2.007,-1.0,-4.009,-2.007,-0.747,-2.998,-0.009,7.772,-1.004,-3.0,2.753,8.901,-0.026,0.962,0.991,2.733,-2.012,2.984,6.415,0.318,4.103,-0.005,-2.006,-3.999,-1.001,-3.002,1.973,0.569,10.873,-2.0,-0.046,-0.023,-1.015,-1.0,1.038,0.118,0.683,-4.0,-2.001,3.55,-3.003,-2.017,3.922,0.002,0.259,-2.004,-1.029,0.0,-0.068,-2.0,1.638,-3.042,-0.023,2.243,-0.019,0.973,1.927,-0.819,-5.0,-0.022,3.624,-4.0,-0.967,-4.016,1.978,0.011,-1.055,0.0,0.0,0.0,0.0,0.0,0.0,0.0,0.0,0.0,0.0
GoldS210,XAUUSDc,43,-3.1897,-9.569,2,-0.3112,0.0,509,44.0079,1,5,0,0.015,2.0,1.0,0.0,0.5,15,1,-16.17,3,0,1,15,0.0,0.0,0.0,0.0,0.0,0.0,0.986,-0.936,-0.842,0.986,0.115,-1.407,-1.01,1.304,-1.047,-0.009,-4.001,0.284,0.137,-0.659,-3.0,-4.002,0.455,3.14,-1.812,2.318,0.08,1.277,3.722,-2.012,-5.0,-1.261,-4.0,0.915,-3.008,2.621,7.148,4.417,0.974,0.623,2.924,-3.0,-1.01,-1.002,-2.0,-0.002,0.777,-4.0,-3.063,0.165,-3.007,6.027,-0.009,-2.016,-2.007,-1.0,-4.009,-2.007,-3.02,-4.0,-0.009,4.924,6.597,-3.0,2.074,-1.035,-0.026,0.962,5.164,2.162,0.051,2.984,5.544,0.265,3.989,0.033,-2.006,-4.0,-1.001,-3.002,1.973,-0.12,2.348,-2.0,-0.046,-0.023,-1.015,-1.0,0.978,0.481,-0.271,-4.0,-2.001,3.17,-3.003,-2.017,3.922,0.504,6.211,-2.004,-1.029,0.0,-0.068,-2.0,-1.037,-3.042,-0.023,2.093,-0.019,0.973,4.57,-0.185,-5.0,-0.022,4.071,-0.42,-0.545,-4.016,2.18,0.011,-1.055,0.0,0.0,0.0,0.0,0.0,0.0,0.0,0.0,0.0,0.0
GoldS210,XAUUSDc,81,4.8795,9.759,3,0.3635,94.84,516,40.3101,1,5,0,0.015,1.4,1.0,0.0,0.5,15,1,0.504,7,0,1,5,0.25,0.0,0.0,0.0,0.0,0.0,0.986,-0.807,0.684,-0.014,-3.0,-0.189,3.346,5.184,-1.047,-0.009,-4.001,-3.0,-5.0,-4.0,-3.0,4.88,0.459,1.793,-0.913,3.461,0.386,2.169,2.597,-2.012,-5.0,-4.0,-4.0,-1.01,-3.008,4.924,6.485,-2.004,1.859,-3.0,-1.016,-3.0,-1.01,-1.007,-2.0,0.996,-0.758,-3.0,6.047,2.768,-3.006,14.877,-0.009,-2.016,-2.007,-1.0,-4.009,-2.007,-0.879,-5.0,-0.009,7.843,-1.004,-3.0,4.061,7.305,-0.026,0.962,2.985,-1.004,-2.012,2.984,5.7,2.993,4.464,0.644,-2.006,-4.0,-1.001,-3.002,1.973,-0.641,8.064,-2.0,-0.046,-0.023,-1.015,-1.0,1.586,2.014,0.628,-4.0,-1.541,5.468,-3.003,-2.017,3.922,0.286,10.374,-2.004,-1.029,0.0,-0.068,-2.0,-1.037,-3.042,-0.023,4.43,-0.019,0.973,1.927,-3.055,-5.0,-0.022,3.139,-3.0,-0.951,-4.016,-0.033,0.575,-1.055,0.0,0.0,0.0,0.0,0.0,0.0,0.0,0.0,0.0,0.0
GoldS210,XAUUSDc,18,-25.3077,-151.846,1,-1.0,0.0,483,6.0041,1,5,0,0.015,1.7,3.0,0.0,0.5,15,1,-199.492,13,0,1,5,0.0,0.0,0.0,0.0,0.0,0.0,-0.999,0.46,-4.0,-3.0,-4.0,-6.0,-1.0,0.986,-3.0,-2.996,-3.004,-3.999,-4.0,-4.0,-3.0,-6.0,9.881,-5.0,15.424,-5.0,-4.999,-5.998,-4.0,-4.0,-6.0,-3.0,-4.0,-5.0,-5.0,-2.016,-6.0,-5.0,9.008,12.933,-1.029,-3.0,-3.0,-5.0,-2.0,-2.999,-4.0,-3.0,-5.999,41.647,-5.0,-7.0,-4.0,-6.0,-3.999,-1.0,-4.011,-3.998,-1.459,-3.999,1.938,35.129,-5.0,-3.0,-2.0,-5.0,-3.999,-4.0,-5.998,22.055,-6.0,11.473,4.783,-2.0,-2.996,-3.0,-4.0,-4.0,0.997,-1.007,-3.999,-5.0,-3.0,-5.0,-3.0,11.128,22.658,-1.0,-7.0,-5.0,10.403,-4.0,5.228,-3.999,0.132,-5.0,-5.0,-2.0,-5.0,-4.0,-4.0,0.0,-2.134,-2.0,-2.999,-4.0,3.599,-1.073,-4.0,-2.0,-5.0,-6.0,-5.0,-4.0,-5.0,-4.0,-4.0,-6.0,-3.0,-5.0,-4.0,0.0,0.0,0.0,0.0,0.0,0.0,0.0,0.0,0.0,0.0
GoldS210,XAUUSDc,61,-0.7465,-1.493,3,-0.0676,0.0,505,45.1485,1,5,0,0.015,1.4,1.0,0.0,0.5,15,1,-10.652,2,0,1,20,0.0,0.0,0.0,0.0,0.0,0.0,0.986,-0.767,-0.813,0.986,0.219,-1.598,2.307,1.023,-1.047,-0.009,-4.001,-0.117,-0.743,-0.675,-3.0,6.157,-0.306,0.553,-1.901,1.377,0.024,1.161,3.18,-2.012,-5.0,-2.041,-4.0,1.865,-3.008,1.537,3.977,6.18,0.974,0.948,2.467,-3.0,1.933,-1.002,-2.0,-0.002,-1.998,-4.0,4.309,0.045,-3.007,4.744,-0.009,-2.016,-2.007,-1.0,-4.009,-2.007,-3.02,-2.04,-0.009,5.86,2.663,-3.0,2.208,2.562,-0.026,0.962,5.113,-1.004,0.021,2.984,2.857,-0.003,3.989,-0.005,-2.006,-4.0,-1.001,-3.002,1.973,-0.509,2.097,-2.0,-0.046,-0.023,-1.015,-1.0,0.926,0.342,-0.731,-4.0,-2.001,-0.016,-2.009,-2.017,3.922,0.002,8.271,-2.004,2.817,0.0,-0.068,-2.0,1.406,-3.042,-0.023,1.955,-0.019,0.973,3.979,-0.026,-4.999,-0.022,3.038,-4.0,-0.675,-2.031,2.166,0.011,-1.055,0.0,0.0,0.0,0.0,0.0,0.0,0.0,0.0,0.0,0.0
GoldS210,XAUUSDc,67,-2.665,-5.33,3,-0.198,0.0,477,30.608,1,5,0,0.015,2.0,1.5,0.0,0.5,15,1,-27.844,6,0,1,20,0.0,0.0,0.0,0.0,0.0,0.0,1.479,2.279,-3.0,-1.508,-1.495,-5.0,5.305,-0.507,-3.0,-0.495,-4.501,3.089,-1.267,-3.0,-3.0,18.514,-0.879,2.456,-0.615,2.429,1.6,-0.193,-3.0,-2.223,-5.0,-4.0,-4.0,-0.51,6.141,3.053,1.77,-2.485,4.451,3.473,7.134,-3.0,4.215,-0.496,-2.0,-2.0,-3.998,-4.0,11.486,-0.898,-2.51,-0.32,-1.503,-5.999,-1.511,-1.0,-3.014,-1.498,-5.0,1.906,0.486,6.367,-1.007,-3.0,4.093,-3.999,1.692,-0.013,-1.158,0.493,0.174,4.731,3.741,-0.503,4.444,4.79,-4.0,-4.0,-0.501,-2.503,2.81,0.522,2.017,1.935,0.944,-0.714,-0.463,-1.0,-2.482,5.078,0.894,-4.0,-1.349,-0.99,-1.475,-2.502,-0.068,-2.0,0.283,-4.0,5.198,0.0,1.399,-2.0,-2.0,-2.559,0.465,-0.002,-1.526,-0.539,8.398,-3.307,-4.999,1.03,-0.04,-4.0,1.861,-1.209,6.885,-3.999,-0.508,0.0,0.0,0.0,0.0,0.0,0.0,0.0,0.0,0.0,0.0
GoldS210,XAUUSDc,13,-17.5398,-105.239,1,-0.9252,0.0,484,8.8843,1,5,0,0.015,1.4,2.5,0.0,0.5,15,1,-174.57,17,0,1,5,0.0,0.0,0.0,0.0,0.0,0.0,-0.999,-0.355,-4.0,-3.0,-4.0,-6.0,-1.5,0.488,-3.0,1.146,-3.503,-3.999,-4.0,-4.0,-3.0,-6.0,6.824,-5.0,9.337,-5.0,-1.518,-1.635,-4.0,-4.0,-6.0,-3.0,-4.0,-1.517,-5.0,-2.513,-6.0,-5.0,1.64,10.011,-1.524,-3.0,-3.0,-5.0,-2.0,-2.999,-4.0,-3.0,-5.999,24.43,-5.0,0.0,-4.0,-6.0,-3.999,-1.0,-4.51,-3.998,-2.055,-3.999,1.442,31.549,-5.0,-3.0,-2.0,-5.0,-0.528,-4.0,64.333,16.17,-6.0,8.387,2.682,-2.0,0.476,-3.0,-4.0,-4.0,0.498,-1.506,-3.999,-5.0,-3.0,-5.0,-3.0,4.245,15.562,-1.0,-7.0,-5.0,7.82,-4.0,3.523,-0.526,-0.421,-5.0,-5.0,-2.0,-5.0,-4.0,-4.0,0.0,0.852,-2.0,-2.999,-1.593,2.362,-1.561,-4.0,-2.0,-5.0,-6.0,-5.0,11.739,-5.0,-4.0,-4.0,-6.0,-3.0,-5.0,-4.0,0.0,0.0,0.0,0.0,0.0,0.0,0.0,0.0,0.0,0.0
GoldS210,XAUUSDc,144,0.8915,1.783,3,0.0663,960.96,478,30.7531,1,5,0,0.015,1.1,1.5,0.0,0.5,15,1,-15.351,8,0,1,20,0.25,0.0,0.0,0.0,0.0,0.0,1.479,2.279,-3.0,-1.508,-1.495,-5.0,5.305,-0.507,-3.0,-0.495,-4.502,3.089,-1.272,-3.0,-3.0,13.134,5.299,2.456,-0.618,2.429,1.596,-2.499,-3.0,-2.223,-5.0,-4.0,-4.0,-0.51,4.756,3.041,1.77,-2.492,4.444,3.473,7.073,-3.0,4.104,-0.496,-2.0,3.806,-4.0,-4.0,9.158,-0.898,-2.51,10.116,-1.503,-5.998,-1.511,-1.0,-3.014,-1.498,-5.0,1.906,0.486,6.367,-1.007,-3.0,4.093,-4.0,1.692,-0.013,-1.158,0.493,0.174,4.722,2.722,0.497,4.444,4.789,-4.0,-4.0,-0.501,-2.503,2.81,0.522,2.017,1.935,0.944,-0.714,-0.463,-1.0,-2.482,5.064,0.894,-4.0,-4.0,-0.99,-1.475,-2.502,-0.068,-3.0,0.283,-4.0,5.198,0.0,1.399,-2.0,-2.0,-2.559,0.465,-0.002,-1.526,-0.539,8.398,-3.307,-4.999,1.03,-0.04,-4.0,1.861,-1.209,6.885,-4.0,-0.508,0.0,0.0,0.0,0.0,0.0,0.0,0.0,0.0,0.0,0.0
GoldS210,XAUUSDc,207,-3.7253,-22.352,1,-0.5341,0.0,480,30.4167,1,5,0,0.015,2.0,1.5,0.0,0.5,15,1,-29.048,4,0,1,15,0.5,0.0,0.0,0.0,0.0,0.0,1.479,1.474,-3.0,-1.508,-1.495,-5.0,4.371,-0.507,-3.0,-0.495,-4.502,2.843,-0.363,-3.0,-3.0,2.696,-0.978,3.372,-3.275,-0.556,1.819,-2.144,-3.0,-1.894,-5.0,-4.0,-4.0,-0.51,2.384,3.471,2.44,-2.455,4.353,1.607,4.78,-3.0,-0.515,-0.408,-2.0,2.702,-4.0,-4.0,7.26,-0.611,-2.51,7.44,-1.503,-2.83,-1.511,-1.0,-3.014,-1.479,-5.0,-4.0,0.486,5.052,-1.007,-3.0,3.794,-4.0,2.535,0.072,2.147,0.493,0.876,4.812,5.448,-0.063,4.444,5.777,-4.0,-4.0,-0.501,-2.503,3.212,1.215,2.595,2.138,0.944,-0.954,-0.511,-1.0,-2.349,6.154,1.926,-4.0,0.284,-0.359,-2.252,-2.502,-0.068,-2.0,5.78,-4.0,0.24,0.0,1.399,-2.0,-3.0,-2.559,0.465,0.257,-1.526,-0.539,9.893,-3.35,-5.0,0.998,-0.041,1.295,2.079,-6.0,5.002,-3.0,-1.508,0.0,0.0,0.0,0.0,0.0,0.0,0.0,0.0,0.0,0.0
GoldS210,XAUUSDc,22,18.2953,27.443,4,1.4144,93.07,515,42.9126,1,5,0,0.015,1.7,1.0,0.0,0.5,15,1,1.902,5,0,1,10,0.0,0.0,0.0,0.0,0.0,0.0,0.986,-0.899,-0.899,0.986,-1.598,-1.159,-1.01,1.345,-1.047,-0.009,-4.001,-3.0,-2.992,0.09,-3.0,22.539,0.957,3.033,-1.607,3.745,1.464,1.902,3.819,-2.012,-5.0,-2.041,-4.0,-1.01,-3.008,3.886,6.253,11.858,1.251,-3.0,3.944,-3.0,-1.01,-1.007,-2.0,0.996,0.067,-4.0,3.127,0.118,-3.007,7.106,-0.009,-2.016,-2.007,-1.0,-4.009,-2.007,-0.747,-2.998,-0.009,7.772,-1.004,-3.0,2.753,8.901,-0.026,0.962,0.991,2.733,-2.012,2.984,6.415,0.318,4.103,-0.005,-2.006,-3.999,-1.001,-3.002,1.973,0.569,10.873,-2.0,-0.046,-0.023,-1.015,-1.0,1.038,0.118,0.683,-4.0,-2.001,3.55,-3.003,-2.017,3.922,0.002,0.259,-2.004,-1.029,0.0,-0.068,-2.0,1.638,-3.042,-0.023,2.243,-0.019,0.973,1.927,-0.819,-5.0,-0.022,3.624,-4.0,-0.967,-4.016,1.978,0.011,-1.055,0.0,0.0,0.0,0.0,0.0,0.0,0.0,0.0,0.0,0.0
GoldS210,XAUUSDc,302,-2.5795,-5.159,3,-0.1766,0.0,499,46.8938,1,5,0,0.015,1.7,1.0,0.0,0.5,15,1,-7.49,0,0,1,20,0.75,0.0,0.0,0.0,0.0,0.0,0.986,-0.767,-0.813,0.986,0.219,-1.598,1.413,1.023,-1.047,-0.009,-4.001,-0.117,2.58,-0.829,-3.0,-1.203,-0.577,2.926,-1.899,1.298,0.024,0.163,2.435,-2.012,-5.0,-2.041,-4.0,0.356,-3.008,1.482,3.373,3.427,0.974,-0.44,1.431,-3.0,1.741,-1.002,-2.0,-0.002,0.464,-4.0,3.352,0.045,-3.007,4.557,-0.009,-2.016,-2.007,-1.0,-4.009,-2.007,-3.02,-1.04,-1.009,4.718,1.437,-3.0,2.208,1.131,-0.026,0.962,5.61,1.578,0.021,2.984,2.922,-0.003,3.989,-0.005,-0.346,-4.0,-1.001,-3.002,1.973,-0.581,2.097,-2.0,-0.046,-0.023,-1.015,-1.0,0.926,-0.254,-0.731,-4.0,-1.562,3.464,-2.009,-2.017,3.922,0.445,6.158,-2.004,2.588,0.0,-0.068,-2.0,1.406,-3.042,-0.023,1.955,-0.019,0.973,3.979,-1.418,-4.0,-0.022,3.038,-1.298,0.325,-0.341,2.166,0.011,-1.055,0.0,0.0,0.0,0.0,0.0,0.0,0.0,0.0,0.0,0.0
GoldS210,XAUUSDc,151,-4.1667,-12.5,2,-0.1781,0.0,459,22.0044,1,5,0,0.015,2.0,2.0,0.0,0.5,15,1,-47.745,19,0,1,20,0.25,0.0,0.0,0.0,0.0,0.0,1.972,7.05,-3.0,-1.01,-0.992,-5.0,9.105,-0.01,-3.0,0.011,-4.003,-2.0,-0.562,-3.0,-3.0,31.245,11.618,4.058,-2.566,3.045,1.224,-0.009,-3.0,1.253,-5.0,-4.0,-4.0,-0.014,-0.984,0.299,-4.0,-4.999,0.571,7.941,0.97,-3.0,6.505,0.01,-2.0,-2.0,-4.0,-4.0,2.823,-2.351,-2.014,2.302,-1.004,-5.998,-1.014,-1.0,-5.008,-3.999,-5.0,4.926,0.947,5.626,-2.001,-4.0,-0.061,-3.999,2.893,-0.947,-3.0,0.991,-0.089,1.092,-0.991,-0.999,6.819,-3.0,-4.0,-4.0,-0.002,-2.005,3.847,-4.0,0.016,4.826,-0.009,5.814,0.158,-1.0,-1.964,1.464,10.924,-4.0,-4.0,-3.021,-4.0,-5.0,-2.063,-3.0,-4.0,-1.676,2.243,0.0,-0.11,-2.0,-2.0,-2.076,0.953,1.009,-1.0,-2.0,13.57,-5.999,-4.999,2.078,6.013,-4.0,4.916,-5.0,10.93,-3.999,-0.01,0.0,0.0,0.0,0.0,0.0,0.0,0.0,0.0,0.0,0.0
GoldS210,XAUUSDc,48,-12.139,-36.417,2,-0.5461,0.0,470,20.6383,1,5,0,0.015,1.1,2.0,0.0,0.5,15,1,-73.394,13,0,1,15,0.0,0.0,0.0,0.0,0.0,0.0,1.972,-1.708,-3.0,-1.01,-0.992,-5.0,2.095,-0.009,-3.0,0.011,-4.003,-2.0,-0.75,-3.0,-3.0,-1.204,5.309,4.026,-6.0,7.948,1.551,0.676,-3.0,5.78,-5.0,-4.0,-4.0,-0.014,-5.0,8.573,-4.0,-4.998,-1.56,5.035,0.97,-3.0,-0.013,0.179,-2.0,-2.0,-4.0,-4.0,0.821,-1.698,-2.014,8.135,-1.004,-6.0,-1.014,-1.0,0.256,-4.0,-5.0,-4.0,0.947,4.074,-3.001,-3.0,-0.062,-4.0,-3.023,-0.702,7.833,0.991,5.099,1.038,0.014,-1.999,7.949,-3.0,-4.0,-4.0,-0.002,-2.005,5.459,-4.0,0.103,-4.0,-0.009,4.937,0.27,-1.0,-1.751,0.737,35.97,-4.0,-0.459,-3.021,-1.572,-5.0,-2.063,-2.0,-3.999,-1.88,1.934,0.0,-0.11,-2.0,-3.0,-2.076,0.953,1.389,-1.0,-2.0,13.835,-5.999,-5.0,2.054,5.84,-3.999,7.126,-6.0,7.427,-4.0,-0.01,0.0,0.0,0.0,0.0,0.0,0.0,0.0,0.0,0.0,0.0
GoldS210,XAUUSDc,23,18.3193,27.479,4,1.417,92.95,515,42.9126,1,5,0,0.015,2.0,1.0,0.0,0.5,15,1,1.938,5,0,1,10,0.0,0.0,0.0,0.0,0.0,0.0,0.986,-0.899,-0.899,0.986,-1.598,-1.159,-1.01,1.345,-1.047,-0.009,-4.001,-3.0,-2.992,0.09,-3.0,22.539,0.957,3.033,-1.607,3.745,1.464,1.902,3.819,-2.012,-5.0,-2.041,-4.0,-1.01,-3.008,3.886,6.253,11.884,1.251,-3.0,3.944,-3.0,-1.01,-1.007,-2.0,0.996,0.067,-4.0,3.137,0.118,-3.007,7.106,-0.009,-2.016,-2.007,-1.0,-4.009,-2.007,-0.747,-2.998,-0.009,7.772,-1.004,-3.0,2.753,8.901,-0.026,0.962,0.991,2.733,-2.012,2.984,6.415,0.318,4.103,-0.005,-2.006,-3.999,-1.001,-3.002,1.973,0.569,10.873,-2.0,-0.046,-0.023,-1.015,-1.0,1.038,0.118,0.683,-4.0,-2.001,3.55,-3.003,-2.017,3.922,0.002,0.259,-2.004,-1.029,0.0,-0.068,-2.0,1.638,-3.042,-0.023,2.243,-0.019,0.973,1.927,-0.819,-5.0,-0.022,3.624,-4.0,-0.967,-4.016,1.978,0.011,-1.055,0.0,0.0,0.0,0.0,0.0,0.0,0.0,0.0,0.0,0.0
GoldS210,XAUUSDc,109,-15.4685,-92.811,1,-0.8881,0.0,486,18.3128,1,5,0,0.015,1.4,2.0,0.0,0.5,15,1,-107.333,15,0,1,10,0.25,0.0,0.0,0.0,0.0,0.0,1.972,-1.557,-2.999,-1.01,-4.0,-4.999,8.598,-0.009,-3.0,0.214,-4.003,-3.0,-5.0,-3.0,-3.0,0.832,5.005,-2.025,-6.0,7.382,1.578,7.187,-3.0,7.009,-5.0,-4.0,-4.0,-2.014,-0.601,9.843,-5.0,-6.0,-1.762,-3.0,0.97,-3.0,0.016,-0.746,-3.0,-3.0,-3.0,-4.0,2.27,-0.4,-2.014,11.521,-1.004,-6.0,-1.014,-1.0,-0.166,-4.0,-0.391,2.66,0.947,9.526,-2.001,-4.0,-0.062,-4.0,-3.023,-0.632,-4.0,0.991,-6.0,1.571,0.091,-3.0,5.09,-2.999,-4.0,-4.0,-0.002,-2.005,-4.0,-4.0,0.155,-4.0,-0.009,10.263,1.321,-1.0,-2.156,-4.0,2.856,-4.0,0.225,-3.021,-1.289,-5.0,-2.063,-2.0,-4.999,-4.0,2.995,0.0,-0.11,-2.0,-2.0,-2.076,0.953,0.862,-0.793,-2.0,9.518,-6.0,-5.0,3.1,4.263,-4.0,7.933,-6.0,8.436,-4.0,-1.01,0.0,0.0,0.0,0.0,0.0,0.0,0.0,0.0,0.0,0.0
GoldS210,XAUUSDc,34,-0.0,-116.687,0,-0.9084,0.0,472,12.5,1,5,0,0.015,1.7,2.5,0.0,0.5,15,1,-146.603,14,0,1,10,0.0,0.0,0.0,0.0,0.0,0.0,-1.0,-0.888,-3.0,-4.0,-4.0,-4.999,-1.501,0.488,-3.0,0.809,-3.503,-3.0,-5.0,-3.0,-3.0,8.78,-0.777,-4.0,0.292,22.678,0.481,-1.754,-3.0,-5.0,-5.0,-4.0,-4.0,-1.517,1.971,-1.513,-5.0,-6.0,-1.143,-3.0,-0.201,-3.0,-3.0,-0.123,-3.0,-3.0,-3.0,-4.0,11.165,2.779,-5.0,-2.635,-4.0,-6.0,-0.486,-1.0,-4.51,-4.0,1.778,-5.0,1.442,15.186,-1.501,-4.0,-2.0,-0.484,-1.529,0.112,-4.0,5.15,-6.0,2.988,2.835,-2.0,11.506,-3.0,-4.0,-3.999,0.498,-1.506,-4.0,-4.0,-3.0,-4.0,-3.0,2.783,2.701,-1.0,-1.316,-4.0,35.894,-4.0,1.356,-2.526,-0.492,-5.0,-5.0,-2.0,-6.0,-4.0,-1.228,0.0,0.852,-2.0,-2.0,-1.593,1.484,-2.561,-0.094,-2.0,-2.999,-6.0,-5.0,1.374,4.005,-4.0,-4.0,-6.0,-0.457,-4.0,10.761,0.0,0.0,0.0,0.0,0.0,0.0,0.0,0.0,0.0,0.0
GoldS210,XAUUSDc,240,-4.352,-8.704,3,-0.2578,0.0,507,45.5621,1,5,0,0.015,1.1,1.0,0.0,0.5,15,1,-10.561,0,0,1,5,0.75,0.0,0.0,0.0,0.0,0.0,0.986,-0.807,-0.533,0.986,-1.551,-1.468,1.413,1.641,-1.047,-0.009,-4.001,0.17,-0.156,-4.0,-3.0,-1.203,-0.577,2.926,-1.038,1.696,0.24,0.248,2.435,-2.012,-5.0,-1.563,-4.0,0.356,-3.008,1.783,3.48,3.648,1.265,-0.432,1.635,-3.0,-1.01,-1.007,-2.0,0.996,0.242,-4.0,3.444,0.365,-3.007,4.722,-0.009,-2.016,-2.007,-1.0,-4.009,-2.007,-0.879,-3.0,-1.009,4.797,1.437,-3.0,2.493,1.131,-0.026,0.962,5.367,-1.004,-2.012,2.984,3.393,0.479,4.464,0.504,-0.408,-4.0,-1.001,-3.002,1.973,-0.147,3.145,-2.0,-0.046,-0.023,-1.015,-1.0,1.316,-0.244,-0.675,-4.0,-1.562,3.923,-3.003,-2.017,3.922,0.286,6.457,-2.004,2.606,0.0,-0.068,-2.0,1.429,-3.042,-0.023,2.562,-0.019,0.973,4.666,-1.012,-4.999,-0.022,2.429,-0.298,0.049,0.147,2.475,0.342,-1.055,0.0,0.0,0.0,0.0,0.0,0.0,0.0,0.0,0.0,0.0
GoldS210,XAUUSDc,105,-10.2907,-30.872,2,-0.5548,0.0,495,26.2626,1,5,0,0.015,1.4,1.5,0.0,0.5,15,1,-43.087,16,0,1,10,0.25,0.0,0.0,0.0,0.0,0.0,1.479,-2.227,-2.999,-1.508,-4.0,-4.999,7.461,-0.506,-3.0,-0.382,-4.502,-3.0,-5.0,-3.0,-3.0,-3.385,1.286,-0.824,-3.254,2.103,1.767,0.245,-3.0,-0.37,-5.0,-4.0,-4.0,-2.51,-2.511,4.215,6.567,-5.0,5.501,-3.0,8.074,-3.0,-0.515,-1.37,-3.0,-3.0,-3.0,-4.0,10.417,0.315,-2.51,16.611,-1.503,-3.423,-1.511,-1.0,-3.014,-1.406,-1.559,-0.435,0.486,9.789,-1.007,-3.0,5.867,-4.0,-1.018,1.508,-4.0,0.493,-0.133,2.709,12.705,0.025,3.848,8.955,-4.0,-4.0,-0.501,-2.503,-1.509,4.583,6.951,7.883,0.944,-0.954,-0.137,-1.0,-2.996,-2.521,4.931,-4.0,-0.907,0.404,-2.087,-2.502,-0.068,-2.0,8.678,-4.0,0.595,0.0,1.399,-2.0,-2.0,-2.559,0.465,-0.431,-1.526,-0.539,2.342,-3.053,-5.0,1.481,-0.041,-4.0,1.39,-6.0,5.379,-4.0,-1.508,0.0,0.0,0.0,0.0,0.0,0.0,0.0,0.0,0.0,0.0
GoldS210,XAUUSDc,35,-0.0,-116.419,0,-0.9082,0.0,472,12.5,1,5,0,0.015,2.0,2.5,0.0,0.5,15,1,-146.59,14,0,1,10,0.0,0.0,0.0,0.0,0.0,0.0,-1.0,-0.888,-3.0,-4.0,-4.0,-4.999,-1.501,0.488,-3.0,0.809,-3.503,-3.0,-5.0,-3.0,-3.0,8.78,-0.777,-4.0,0.292,22.69,0.481,-1.754,-3.0,-5.0,-5.0,-4.0,-4.0,-1.517,1.971,-1.513,-5.0,-6.0,-1.143,-3.0,-0.201,-3.0,-3.0,-0.123,-3.0,-3.0,-3.0,-4.0,11.165,2.779,-5.0,-2.635,-4.0,-6.0,-0.486,-1.0,-4.51,-4.0,1.778,-5.0,1.442,15.186,-1.501,-4.0,-2.0,-0.484,-1.529,0.112,-4.0,5.15,-6.0,2.988,2.835,-2.0,11.506,-2.999,-4.0,-3.999,0.498,-1.506,-4.0,-4.0,-3.0,-4.0,-3.0,2.783,2.701,-1.0,-1.316,-4.0,36.149,-4.0,1.356,-2.526,-0.492,-5.0,-5.0,-2.0,-6.0,-4.0,-1.228,0.0,0.852,-2.0,-2.0,-1.593,1.484,-2.561,-0.094,-2.0,-2.999,-6.0,-5.0,1.374,4.005,-4.0,-4.0,-6.0,-0.457,-4.0,10.761,0.0,0.0,0.0,0.0,0.0,0.0,0.0,0.0,0.0,0.0
GoldS210,XAUUSDc,59,-28.4565,-56.913,3,-0.5492,0.0,452,11.5044,1,5,0,0.015,2.0,3.0,0.0,0.5,15,1,-92.053,20,0,1,15,0.0,0.0,0.0,0.0,0.0,0.0,0.0,2.824,-3.0,-4.0,-4.0,-5.0,-1.001,0.987,-3.0,-3.0,-3.004,-2.0,-3.999,-3.0,-3.0,-5.0,13.06,7.398,2.073,17.876,0.34,-5.0,5.258,32.14,-5.0,-4.0,-4.0,-2.0,-5.0,-1.016,-4.0,-4.999,-0.104,9.447,0.306,-3.0,4.241,1.354,-2.0,-2.0,-4.0,-4.0,0.639,3.422,-5.0,-6.0,-5.0,-6.0,-4.0,-1.0,11.771,-4.0,-5.0,-4.0,1.938,9.567,-1.83,-3.0,-2.0,0.315,-5.0,3.966,-2.0,4.4,11.727,2.97,-2.999,-1.999,20.077,-3.0,-4.0,-4.0,0.997,-1.007,-3.999,-4.0,-3.0,-4.0,-3.0,2.158,1.759,-1.0,0.445,-5.0,-0.011,-4.0,1.098,-6.0,-0.213,-5.0,10.022,-2.0,-3.999,-0.789,-0.869,0.0,2.823,-2.0,-3.0,-4.0,2.162,-1.072,0.093,-2.0,-3.0,-5.999,-5.0,-4.0,-0.339,-3.999,-4.0,-6.0,1.92,-5.0,11.761,0.0,0.0,0.0,0.0,0.0,0.0,0.0,0.0,0.0,0.0
GoldS210,XAUUSDc,42,-3.1973,-9.592,2,-0.312,0.0,509,44.0079,1,5,0,0.015,1.7,1.0,0.0,0.5,15,1,-16.184,3,0,1,15,0.0,0.0,0.0,0.0,0.0,0.0,0.986,-0.936,-0.842,0.986,0.115,-1.407,-1.01,1.304,-1.047,-0.009,-4.001,0.284,0.137,-0.659,-3.0,-4.002,0.455,3.14,-1.812,2.318,0.08,1.277,3.722,-2.012,-5.0,-1.261,-4.0,0.915,-3.008,2.621,7.148,4.417,0.974,0.623,2.924,-3.0,-1.01,-1.002,-2.0,-0.002,0.777,-4.0,-3.063,0.165,-3.007,6.027,-0.009,-2.016,-2.007,-1.0,-4.009,-2.007,-3.02,-4.0,-0.009,4.924,6.588,-3.0,2.074,-1.035,-0.026,0.962,5.164,2.15,0.051,2.984,5.541,0.265,3.989,0.033,-2.006,-3.999,-1.001,-3.002,1.973,-0.12,2.348,-2.0,-0.046,-0.023,-1.015,-1.0,0.978,0.481,-0.271,-4.0,-2.001,3.17,-3.003,-2.017,3.922,0.504,6.211,-2.004,-1.029,0.0,-0.068,-2.0,-1.037,-3.042,-0.023,2.093,-0.019,0.973,4.57,-0.185,-5.0,-0.022,4.071,-0.42,-0.545,-4.016,2.18,0.011,-1.055,0.0,0.0,0.0,0.0,0.0,0.0,0.0,0.0,0.0,0.0
GoldS210,XAUUSDc,27,-6.8253,-20.476,2,-0.3431,0.0,495,26.0606,1,5,0,0.015,2.0,1.5,0.0,0.5,15,1,-46.117,12,0,1,10,0.0,0.0,0.0,0.0,0.0,0.0,1.479,-2.227,-3.0,-1.508,-4.0,-4.999,-0.016,-0.507,-3.0,-0.382,-4.502,-3.0,-5.0,-3.0,-3.0,-3.385,-2.238,-0.824,-3.254,6.865,3.925,0.245,-3.0,-0.37,-5.0,-4.0,-4.0,-2.51,-2.511,4.224,8.567,-5.0,5.501,-3.0,12.312,-3.0,-0.515,-1.37,-3.0,-3.0,-3.0,-4.0,10.458,0.315,-2.51,13.357,-1.503,-3.423,-1.511,-1.0,-3.014,-1.406,-1.559,-0.435,0.486,10.32,-1.007,-3.0,5.867,-4.0,-1.018,1.508,-4.0,0.493,-0.133,2.709,26.131,0.025,3.848,4.08,-4.0,-3.999,-0.501,-2.503,-1.509,5.077,15.014,7.924,0.944,-0.954,-0.137,-1.0,-2.995,-2.521,5.876,-4.0,-0.907,0.404,-2.087,-2.502,-0.068,-2.0,-3.011,-4.0,0.595,0.0,1.399,-2.0,-2.0,-2.559,0.465,-0.431,-1.526,-0.539,6.849,-3.053,-5.0,1.481,-0.041,-4.0,1.39,-6.0,5.379,-4.0,-1.508,0.0,0.0,0.0,0.0,0.0,0.0,0.0,0.0,0.0,0.0
GoldS210,XAUUSDc,80,4.8795,9.759,3,0.3635,94.84,516,40.3101,1,5,0,0.015,1.1,1.0,0.0,0.5,15,1,0.504,7,0,1,5,0.25,0.0,0.0,0.0,0.0,0.0,0.986,-0.807,0.684,-0.014,-3.0,-0.189,3.346,5.184,-1.047,-0.009,-4.001,-3.0,-5.0,-4.0,-3.0,4.88,0.459,1.793,-0.913,3.461,0.386,2.169,2.597,-2.012,-5.0,-4.0,-4.0,-1.01,-3.008,4.924,6.485,-2.004,1.859,-3.0,-1.016,-3.0,-1.01,-1.007,-2.0,0.996,-0.758,-3.0,6.047,2.768,-3.006,14.877,-0.009,-2.016,-2.007,-1.0,-4.009,-2.007,-0.879,-5.0,-0.009,7.843,-1.004,-3.0,4.061,7.305,-0.026,0.962,2.985,-1.004,-2.012,2.984,5.7,2.993,4.464,0.644,-2.006,-4.0,-1.001,-3.002,1.973,-0.641,8.064,-2.0,-0.046,-0.023,-1.015,-1.0,1.586,2.014,0.628,-4.0,-1.541,5.468,-3.003,-2.017,3.922,0.286,10.374,-2.004,-1.029,0.0,-0.068,-2.0,-1.037,-3.042,-0.023,4.43,-0.019,0.973,1.927,-3.055,-5.0,-0.022,3.139,-3.0,-0.951,-4.016,-0.033,0.575,-1.055,0.0,0.0,0.0,0.0,0.0,0.0,0.0,0.0,0.0,0.0
GoldS210,XAUUSDc,103,6.033,12.066,3,0.6026,65.32,515,43.301,1,5,0,0.015,2.0,1.0,0.0,0.5,15,1,4.184,3,0,1,10,0.25,0.0,0.0,0.0,0.0,0.0,0.986,-0.899,-0.899,0.986,-1.598,-1.159,3.346,1.345,-1.047,-0.009,-4.001,-3.0,-2.992,0.09,-3.0,4.88,0.957,3.033,-1.607,2.522,0.004,1.863,3.819,-2.012,-5.0,-4.0,-4.0,-1.01,-3.008,3.886,5.398,9.209,1.251,-3.0,2.769,-3.0,-1.01,-1.007,-2.0,0.996,0.067,-4.0,3.137,0.118,-3.007,7.106,-0.009,-2.016,-2.007,-1.0,-4.009,-2.007,-0.747,-2.998,-0.009,7.469,-1.004,-3.0,2.753,6.198,-0.026,0.962,5.529,-1.004,-2.012,2.984,6.415,0.318,4.103,-0.005,-2.006,-4.0,-1.001,-3.002,1.973,0.463,5.953,-2.0,-0.046,-0.023,-1.015,-1.0,1.038,0.118,0.437,-4.0,-2.001,3.55,-3.003,-2.017,3.922,0.002,9.441,-2.004,-1.029,0.0,-0.068,-2.0,1.638,-3.042,-0.023,2.243,-0.019,0.973,1.927,-0.819,-5.0,-0.022,3.624,-4.0,0.033,0.556,1.978,0.011,-1.055,0.0,0.0,0.0,0.0,0.0,0.0,0.0,0.0,0.0,0.0
GoldS210,XAUUSDc,65,-2.838,-5.676,3,-0.2109,0.0,477,30.608,1,5,0,0.015,1.4,1.5,0.0,0.5,15,1,-28.19,6,0,1,20,0.0,0.0,0.0,0.0,0.0,0.0,1.479,2.279,-3.0,-1.508,-1.495,-5.0,5.305,-0.507,-3.0,-0.495,-4.501,3.089,-1.272,-3.0,-3.0,18.514,-0.888,2.456,-0.617,2.429,1.6,-0.193,-3.0,-2.223,-5.0,-4.0,-4.0,-0.51,6.136,3.044,1.77,-2.492,4.444,3.473,7.082,-3.0,4.121,-0.496,-2.0,-2.0,-3.998,-4.0,11.367,-0.898,-2.51,-0.32,-1.503,-5.999,-1.511,-1.0,-3.014,-1.498,-5.0,1.906,0.486,6.367,-1.007,-3.0,4.093,-4.0,1.692,-0.013,-1.158,0.493,0.174,4.726,3.726,-0.503,4.444,4.789,-4.0,-4.0,-0.501,-2.503,2.81,0.522,2.017,1.935,0.944,-0.714,-0.463,-1.0,-2.482,5.064,0.894,-4.0,-1.349,-0.99,-1.475,-2.502,-0.068,-2.0,0.283,-4.0,5.198,0.0,1.399,-2.0,-2.0,-2.559,0.465,-0.002,-1.526,-0.539,8.398,-3.307,-4.999,1.03,-0.04,-4.0,1.861,-1.209,6.885,-4.0,-0.508,0.0,0.0,0.0,0.0,0.0,0.0,0.0,0.0,0.0,0.0
GoldS210,XAUUSDc,125,-0.6355,-1.271,3,-0.0341,0.0,483,29.6066,1,5,0,0.015,1.4,1.5,0.0,0.5,15,1,-11.976,13,0,1,15,0.25,0.0,0.0,0.0,0.0,0.0,1.479,-2.321,-3.0,-1.508,-1.495,-5.0,7.229,-0.506,-3.0,-0.495,-4.502,3.789,-1.363,-3.0,-3.0,-3.487,1.183,3.372,-3.275,2.006,1.819,-2.144,-3.0,-1.553,-4.999,-4.0,-4.0,-0.51,2.83,3.464,5.707,-2.454,4.62,2.829,8.041,-3.0,-0.515,-0.408,-2.0,3.449,-4.0,-4.0,10.773,-0.611,-2.51,13.689,-1.503,-2.829,-1.511,-1.0,-3.014,-1.479,-5.0,-3.999,0.486,5.052,-1.007,-3.0,3.794,-4.0,2.536,0.072,2.147,0.493,0.911,4.812,9.405,-0.063,4.444,9.016,-4.0,-4.0,-0.501,-2.503,3.883,2.402,2.595,2.79,0.944,-0.954,-0.511,-1.0,-3.349,2.596,2.618,-4.0,-4.0,-0.359,-2.252,-2.502,-0.068,-2.0,0.59,-4.0,0.24,0.0,1.399,-2.0,-3.0,-2.559,0.465,0.257,-1.526,-0.539,11.74,-3.35,-5.0,0.998,5.879,1.347,2.079,-6.0,5.002,-4.0,-0.508,0.0,0.0,0.0,0.0,0.0,0.0,0.0,0.0,0.0,0.0
GoldS210,XAUUSDc,183,-3.115,-9.345,2,-0.3602,0.0,512,44.3359,1,5,0,0.015,2.0,1.0,0.0,0.5,15,1,-12.539,0,0,1,10,0.5,0.0,0.0,0.0,0.0,0.0,0.986,-0.899,-0.899,0.986,-1.598,-1.159,1.89,1.345,-1.047,-0.009,-4.001,-3.0,-1.992,-0.503,-3.0,-0.162,-0.052,3.033,-1.607,1.856,0.004,1.456,3.083,-2.012,-5.0,-1.026,-4.0,0.734,-3.008,2.588,4.014,5.708,1.251,0.321,1.777,-3.0,-1.01,-1.007,-2.0,0.996,0.067,-4.0,1.656,0.118,-3.007,5.964,-0.009,-2.016,-2.007,-1.0,-4.009,-2.007,-0.747,-1.998,-0.009,5.705,1.904,-3.0,2.597,2.73,-0.026,0.962,3.992,-1.004,-2.012,2.984,4.386,0.318,4.103,-0.005,-2.006,-3.999,-1.001,-3.002,1.973,-0.155,4.078,-2.0,-0.046,-0.023,-1.015,-1.0,1.038,0.118,-0.392,-4.0,-2.001,3.55,-3.003,-2.017,3.922,0.002,5.198,-2.004,-1.029,0.0,-0.068,-2.0,1.638,-3.042,-0.023,2.243,-0.019,0.973,5.637,-0.819,-5.0,-0.022,3.624,-4.0,0.033,-1.287,1.978,0.011,-1.055,0.0,0.0,0.0,0.0,0.0,0.0,0.0,0.0,0.0,0.0
GoldS210,XAUUSDc,263,-4.09,-8.18,3,-0.2787,0.0,506,46.0474,1,5,0,0.015,2.0,1.0,0.0,0.5,15,1,-12.065,0,0,1,10,0.75,0.0,0.0,0.0,0.0,0.0,0.986,-0.899,-0.899,0.986,-1.598,-1.468,1.413,1.274,-1.047,-0.009,-4.001,0.17,1.885,-0.845,-3.0,-1.203,-0.577,2.603,-1.607,1.519,0.004,0.217,2.435,-2.012,-5.0,-1.563,-4.0,0.356,-3.008,1.783,3.48,3.648,1.19,-0.432,1.452,-3.0,-1.01,-1.007,-2.0,0.996,0.067,-4.0,3.444,0.118,-3.007,4.588,-0.009,-2.016,-2.007,-1.0,-4.009,-2.007,-0.747,-0.998,-1.009,4.797,1.437,-3.0,2.317,1.131,-0.026,0.962,5.864,-1.004,-2.012,2.984,3.195,0.318,4.103,-0.005,-0.184,-4.0,-1.001,-3.002,1.973,-0.57,2.988,-2.0,-0.046,-0.023,-1.015,-1.0,1.038,-0.244,-0.675,-4.0,-2.001,3.923,-3.003,-2.017,3.922,0.002,6.372,-2.004,2.606,0.0,-0.068,-2.0,1.429,-3.042,-0.023,2.243,-0.019,0.973,4.666,-1.283,-4.999,-0.022,3.429,-1.298,0.033,0.147,1.978,0.011,-1.055,0.0,0.0,0.0,0.0,0.0,0.0,0.0,0.0,0.0,0.0
GoldS210,XAUUSDc,260,-5.2225,-10.445,3,-0.3327,0.0,506,46.0474,1,5,0,0.015,1.1,1.0,0.0,0.5,15,1,-12.302,0,0,1,10,0.75,0.0,0.0,0.0,0.0,0.0,0.986,-0.899,-0.899,0.986,-1.598,-1.468,1.413,1.274,-1.047,-0.009,-4.001,0.17,-0.156,-0.845,-3.0,-1.203,-0.577,2.603,-1.607,1.519,0.004,0.217,2.435,-2.012,-5.0,-1.563,-4.0,0.356,-3.008,1.783,3.48,3.648,1.19,-0.432,1.452,-3.0,-1.01,-1.007,-2.0,0.996,0.067,-4.0,3.444,0.118,-3.007,4.588,-0.009,-2.016,-2.007,-1.0,-4.009,-2.007,-0.747,-0.998,-1.009,4.797,1.437,-3.0,2.317,1.131,-0.026,0.962,5.864,-1.004,-2.012,2.984,3.195,0.318,4.103,-0.005,-0.408,-4.0,-1.001,-3.002,1.973,-0.57,2.988,-2.0,-0.046,-0.023,-1.015,-1.0,1.038,-0.244,-0.675,-4.0,-2.001,3.923,-3.003,-2.017,3.922,0.002,6.372,-2.004,2.606,0.0,-0.068,-2.0,1.429,-3.042,-0.023,2.243,-0.019,0.973,4.666,-1.283,-4.999,-0.022,3.429,-1.298,0.033,0.147,1.978,0.011,-1.055,0.0,0.0,0.0,0.0,0.0,0.0,0.0,0.0,0.0,0.0
GoldS210,XAUUSDc,92,-21.2988,-127.793,1,-0.6719,0.0,490,8.9796,1,5,0,0.015,1.1,2.5,0.0,0.5,15,1,-173.039,17,0,1,5,0.25,0.0,0.0,0.0,0.0,0.0,-0.999,45.891,-4.0,-4.0,-3.0,-6.0,-0.501,0.488,-3.0,1.146,-3.503,-3.0,-5.0,-4.0,-3.0,15.966,6.824,-6.0,-6.0,16.264,-1.518,-1.636,-3.0,-5.0,-5.0,-4.0,-4.0,-1.517,-5.0,-2.512,-7.0,-6.0,1.64,-3.0,-1.524,-3.0,-3.0,-5.0,-2.0,-3.0,-4.0,-3.0,7.194,9.282,-4.999,0.0,-4.0,-6.0,-4.0,-1.0,-4.51,-4.0,1.406,-5.0,1.442,22.473,-2.501,-3.0,-2.0,-5.0,-1.528,-4.999,-4.999,-2.0,-6.0,16.253,2.682,-2.0,0.472,-3.0,-4.0,-4.0,0.498,-1.506,-4.0,-4.0,-3.0,-4.0,-3.0,-6.0,14.374,-1.0,-7.0,-5.0,-1.51,-4.0,3.523,-2.526,-0.4,-5.0,10.629,-2.0,-4.999,-4.0,-5.0,0.0,0.852,-2.0,-3.0,-1.593,2.362,-2.561,-4.0,-2.0,-5.0,-6.0,-5.0,4.367,-6.0,-3.0,-4.0,-6.0,-4.0,-4.0,16.52,0.0,0.0,0.0,0.0,0.0,0.0,0.0,0.0,0.0,0.0
GoldS210,XAUUSDc,243,-3.2195,-6.439,3,-0.203,0.0,507,45.5621,1,5,0,0.015,2.0,1.0,0.0,0.5,15,1,-10.324,0,0,1,5,0.75,0.0,0.0,0.0,0.0,0.0,0.986,-0.807,-0.533,0.986,-1.551,-1.468,1.413,1.641,-1.047,-0.009,-4.001,0.17,1.885,-4.0,-3.0,-1.203,-0.577,2.926,-1.038,1.696,0.24,0.248,2.435,-2.012,-5.0,-1.563,-4.0,0.356,-3.008,1.783,3.48,3.648,1.265,-0.432,1.635,-3.0,-1.01,-1.007,-2.0,0.996,0.242,-4.0,3.444,0.365,-3.007,4.722,-0.009,-2.016,-2.007,-1.0,-4.009,-2.007,-0.879,-3.0,-1.009,4.797,1.437,-3.0,2.493,1.131,-0.026,0.962,5.367,-1.004,-2.012,2.984,3.393,0.479,4.464,0.504,-0.184,-4.0,-1.001,-3.002,1.973,-0.147,3.145,-2.0,-0.046,-0.023,-1.015,-1.0,1.316,-0.244,-0.675,-4.0,-1.562,3.923,-3.003,-2.017,3.922,0.286,6.457,-2.004,2.606,0.0,-0.068,-2.0,1.429,-3.042,-0.023,2.562,-0.019,0.973,4.666,-1.012,-4.999,-0.022,2.429,-0.298,0.049,0.147,2.475,0.342,-1.055,0.0,0.0,0.0,0.0,0.0,0.0,0.0,0.0,0.0,0.0
GoldS210,XAUUSDc,169,-13.5685,-81.411,1,-0.7804,0.0,489,16.3599,1,5,0,0.015,1.4,2.0,0.0,0.5,15,1,-96.287,23,0,1,5,0.5,0.0,0.0,0.0,0.0,0.0,1.972,9.291,-3.999,-0.01,-4.0,-5.0,3.959,-0.01,-3.0,0.448,-4.003,-3.0,-4.0,-4.0,-3.0,10.876,1.512,-2.025,-5.999,4.396,-2.015,0.554,-3.0,2.977,-5.0,-4.0,-4.0,-1.014,-5.0,4.815,-7.0,-4.999,0.102,3.835,0.97,-3.0,-3.0,-4.0,-3.0,-3.0,-3.0,-4.0,-1.09,-0.363,-2.014,6.601,-1.004,-5.999,-1.014,-1.0,-5.008,-4.0,-0.683,-4.0,0.947,6.749,-3.001,-3.0,-0.062,-4.0,-3.023,-4.0,16.148,0.991,-6.0,3.711,1.475,-2.999,-0.023,-3.0,-4.0,-3.999,-0.002,-2.005,-4.0,10.377,1.001,10.114,-0.009,7.27,4.055,-1.0,-6.0,-6.0,8.876,-4.0,1.815,-3.021,-1.224,-5.0,-2.063,-2.0,-5.0,-4.0,1.192,0.0,-0.11,-2.0,-3.0,-2.076,0.953,3.478,-4.0,-2.0,19.1,-6.0,-5.0,4.361,-3.042,-3.0,7.043,-6.0,7.543,-3.0,-2.01,0.0,0.0,0.0,0.0,0.0,0.0,0.0,0.0,0.0,0.0
GoldS210,XAUUSDc,121,13.7487,20.623,4,0.8631,32.61,508,44.8819,1,5,0,0.015,1.4,1.0,0.0,0.5,15,1,13.897,3,0,1,15,0.25,0.0,0.0,0.0,0.0,0.0,0.986,-0.936,-0.842,0.986,0.115,-1.407,3.196,1.304,-1.047,-0.009,-4.001,0.284,0.136,-0.659,-3.0,3.724,0.455,3.14,-1.812,2.311,0.08,1.277,3.722,-2.012,-4.999,-1.261,-4.0,0.915,-3.008,2.621,5.362,4.417,0.974,0.623,2.755,-3.0,-1.01,-1.002,-2.0,-0.002,0.777,-4.0,3.223,0.165,-3.007,6.027,-0.009,-2.015,-2.007,-1.0,-4.009,-2.007,-3.02,-3.999,-0.009,4.924,3.005,-3.0,2.074,5.182,-0.026,0.962,7.708,2.138,0.051,2.984,5.541,0.265,3.989,0.033,-2.006,-4.0,-1.001,-3.002,1.973,-0.12,2.348,-2.0,-0.046,-0.023,-1.015,-1.0,0.978,0.481,-0.271,-4.0,-4.0,3.17,-3.003,-2.017,3.922,0.504,8.648,-2.004,-1.029,0.0,-0.068,-2.0,-1.037,-3.042,-0.023,2.093,-0.019,0.973,4.57,-0.185,-5.0,-0.022,7.019,-0.42,0.455,0.39,2.18,0.011,-1.055,0.0,0.0,0.0,0.0,0.0,0.0,0.0,0.0,0.0,0.0
GoldS210,XAUUSDc,184,-16.2687,-48.806,2,-0.894,0.0,491,27.6986,1,5,0,0.015,1.1,1.5,0.0,0.5,15,1,-55.502,6,0,1,10,0.5,0.0,0.0,0.0,0.0,0.0,1.479,2.414,-3.0,-1.508,-4.0,-4.999,4.414,-0.507,-3.0,-0.382,-4.502,-3.0,-4.0,-3.0,-3.0,2.696,-0.909,-0.824,-3.254,-0.492,1.767,0.245,-3.0,-0.602,-5.0,-4.0,-4.0,-1.51,-2.511,4.165,2.803,-4.999,5.159,2.078,4.797,-3.0,-0.515,-1.37,-3.0,2.098,-3.0,-4.0,7.523,0.315,-2.51,7.637,-1.503,-3.423,-1.511,-1.0,-3.014,-1.406,-1.559,0.301,0.486,6.705,-1.007,-3.0,5.379,-4.0,-1.018,1.508,-4.0,0.493,-0.792,2.709,6.153,0.025,3.848,5.676,-4.0,-3.999,-0.501,-2.503,-1.509,1.839,3.879,5.405,0.944,-0.953,-0.137,-1.0,-1.996,1.714,2.019,-4.0,-0.907,0.404,-2.087,-2.502,-0.067,-2.0,3.366,-4.0,0.595,0.0,1.399,-2.0,-2.0,-2.559,0.465,-0.431,-1.526,-0.539,13.487,-3.053,-5.0,1.481,-0.041,-4.0,1.39,-6.0,5.379,-3.0,-2.508,0.0,0.0,0.0,0.0,0.0,0.0,0.0,0.0,0.0,0.0
GoldS210,XAUUSDc,261,-5.2105,-10.421,3,-0.3322,0.0,506,46.0474,1,5,0,0.015,1.4,1.0,0.0,0.5,15,1,-12.289,0,0,1,10,0.75,0.0,0.0,0.0,0.0,0.0,0.986,-0.899,-0.899,0.986,-1.598,-1.468,1.413,1.274,-1.047,-0.009,-4.001,0.17,-0.132,-0.845,-3.0,-1.203,-0.577,2.603,-1.607,1.519,0.004,0.217,2.435,-2.012,-5.0,-1.563,-4.0,0.356,-3.008,1.783,3.48,3.648,1.19,-0.432,1.452,-3.0,-1.01,-1.007,-2.0,0.996,0.067,-4.0,3.444,0.118,-3.007,4.588,-0.009,-2.016,-2.007,-1.0,-4.009,-2.007,-0.747,-0.998,-1.009,4.797,1.437,-3.0,2.317,1.131,-0.026,0.962,5.864,-1.004,-2.012,2.984,3.195,0.318,4.103,-0.005,-0.408,-4.0,-1.001,-3.002,1.973,-0.57,2.988,-2.0,-0.046,-0.023,-1.015,-1.0,1.038,-0.244,-0.675,-4.0,-2.001,3.923,-3.003,-2.017,3.922,0.002,6.372,-2.004,2.606,0.0,-0.068,-2.0,1.429,-3.042,-0.023,2.243,-0.019,0.973,4.666,-1.283,-4.999,-0.022,3.429,-1.298,0.033,0.147,1.978,0.011,-1.055,0.0,0.0,0.0,0.0,0.0,0.0,0.0,0.0,0.0,0.0
GoldS210,XAUUSDc,12,-17.5408,-105.245,1,-0.9252,0.0,484,8.8843,1,5,0,0.015,1.1,2.5,0.0,0.5,15,1,-174.575,17,0,1,5,0.0,0.0,0.0,0.0,0.0,0.0,-0.999,-0.355,-4.0,-3.0,-4.0,-6.0,-1.5,0.488,-3.0,1.146,-3.503,-3.999,-4.0,-4.0,-3.0,-6.0,6.824,-5.0,9.334,-5.0,-1.518,-1.635,-4.0,-4.0,-6.0,-3.0,-4.0,-1.517,-5.0,-2.513,-6.0,-5.0,1.64,10.011,-1.524,-3.0,-3.0,-5.0,-2.0,-2.999,-4.0,-3.0,-5.999,24.43,-5.0,0.0,-4.0,-6.0,-3.999,-1.0,-4.51,-3.998,-2.055,-3.999,1.442,31.549,-5.0,-3.0,-2.0,-5.0,-0.528,-4.0,64.332,16.17,-6.0,8.385,2.682,-2.0,0.476,-3.0,-4.0,-4.0,0.498,-1.506,-3.999,-5.0,-3.0,-5.0,-3.0,4.245,15.562,-1.0,-7.0,-5.0,7.82,-4.0,3.523,-0.526,-0.421,-5.0,-5.0,-2.0,-5.0,-4.0,-4.0,0.0,0.852,-2.0,-2.999,-1.593,2.362,-1.561,-4.0,-2.0,-5.0,-6.0,-5.0,11.739,-5.0,-4.0,-4.0,-6.0,-3.0,-5.0,-4.0,0.0,0.0,0.0,0.0,0.0,0.0,0.0,0.0,0.0,0.0
GoldS210,XAUUSDc,141,-1.6597,-4.979,2,-0.2155,0.0,506,44.664,1,5,0,0.015,1.4,1.0,0.0,0.5,15,1,-11.801,1,0,1,20,0.25,0.0,0.0,0.0,0.0,0.0,0.986,-0.767,-0.813,0.986,0.219,-1.598,2.307,1.023,-1.047,-0.009,-4.001,-0.117,-0.743,-0.675,-3.0,3.82,-0.306,0.553,-1.901,1.377,0.024,1.161,3.18,-2.012,-5.0,-2.041,-4.0,1.472,-3.008,1.537,3.977,6.104,0.974,0.948,2.467,-3.0,1.933,-1.002,-2.0,-0.002,-2.0,-4.0,3.291,0.045,-3.007,4.744,-0.009,-2.015,-2.007,-1.0,-4.009,-2.007,-3.02,-2.04,-0.009,5.86,2.663,-3.0,2.208,2.562,-0.026,0.962,7.657,4.037,0.021,2.984,0.612,-0.003,3.989,-0.005,-2.006,-4.0,-1.001,-3.002,1.973,-0.509,2.097,-2.0,-0.046,-0.023,-1.015,-1.0,0.926,0.342,-0.731,-4.0,-4.0,-0.016,-2.009,-2.017,3.922,-3.0,8.271,-2.004,2.817,0.0,-0.068,-2.0,1.406,-3.042,-0.023,1.955,-0.019,0.973,3.979,-0.026,-4.999,-0.022,3.038,-4.0,-0.675,-2.031,2.166,0.011,-1.055,0.0,0.0,0.0,0.0,0.0,0.0,0.0,0.0,0.0,0.0
GoldS210,XAUUSDc,44,-2.3087,-6.926,2,-0.1566,0.0,484,29.7521,1,5,0,0.015,1.1,1.5,0.0,0.5,15,1,-19.718,10,0,1,15,0.0,0.0,0.0,0.0,0.0,0.0,1.479,-2.321,-3.0,-1.508,-1.495,-5.0,-0.016,-0.506,-3.0,-0.495,-4.502,3.789,-1.362,-3.0,-3.0,-3.487,1.434,3.372,-3.275,2.031,1.815,-2.144,-3.0,-1.553,-5.0,-4.0,-4.0,-0.51,2.83,3.464,9.792,-2.454,4.62,2.829,8.577,-3.0,-0.515,-0.408,-2.0,3.442,-4.0,-4.0,-1.013,-0.611,-2.51,13.689,-1.503,-2.83,-1.511,-1.0,-3.014,-1.479,-5.0,-4.0,0.486,5.052,-1.007,-3.0,3.794,-4.0,2.536,0.072,2.147,0.493,0.909,4.812,9.392,-0.063,4.444,10.614,-4.0,-4.0,-0.501,-2.503,3.883,2.402,2.595,2.79,0.944,-0.954,-0.511,-1.0,-2.349,4.868,2.618,-4.0,-1.238,-0.359,-2.252,-2.502,-0.068,-2.0,5.921,-4.0,0.24,0.0,1.399,-2.0,-3.0,-2.559,0.465,0.257,-1.526,-0.539,11.74,-3.35,-5.0,0.998,1.423,1.347,2.079,-6.0,5.002,-4.0,-0.508,0.0,0.0,0.0,0.0,0.0,0.0,0.0,0.0,0.0,0.0
GoldS210,XAUUSDc,106,-10.274,-30.822,2,-0.554,0.0,495,26.2626,1,5,0,0.015,1.7,1.5,0.0,0.5,15,1,-43.037,16,0,1,10,0.25,0.0,0.0,0.0,0.0,0.0,1.479,-2.227,-2.999,-1.508,-4.0,-4.999,7.461,-0.506,-3.0,-0.382,-4.502,-3.0,-5.0,-3.0,-3.0,-3.385,1.286,-0.824,-3.254,2.103,1.767,0.245,-3.0,-0.37,-5.0,-4.0,-4.0,-2.51,-2.511,4.219,6.567,-5.0,5.501,-3.0,8.074,-3.0,-0.515,-1.37,-3.0,-3.0,-3.0,-4.0,10.431,0.315,-2.51,16.611,-1.503,-3.423,-1.511,-1.0,-3.014,-1.406,-1.559,-0.435,0.486,9.789,-1.007,-3.0,5.867,-4.0,-1.018,1.508,-4.0,0.493,-0.133,2.709,12.705,0.025,3.848,8.968,-4.0,-4.0,-0.501,-2.503,-1.509,4.583,6.951,7.902,0.944,-0.954,-0.137,-1.0,-2.996,-2.521,4.931,-4.0,-0.907,0.404,-2.087,-2.502,-0.068,-2.0,8.678,-4.0,0.595,0.0,1.399,-2.0,-2.0,-2.559,0.465,-0.431,-1.526,-0.539,2.342,-3.053,-5.0,1.481,-0.041,-4.0,1.39,-6.0,5.379,-4.0,-1.508,0.0,0.0,0.0,0.0,0.0,0.0,0.0,0.0,0.0,0.0
GoldS210,XAUUSDc,40,-3.2053,-9.616,2,-0.3128,0.0,509,44.0079,1,5,0,0.015,1.1,1.0,0.0,0.5,15,1,-16.197,3,0,1,15,0.0,0.0,0.0,0.0,0.0,0.0,0.986,-0.936,-0.842,0.986,0.115,-1.407,-1.01,1.304,-1.047,-0.009,-4.001,0.284,0.137,-0.659,-3.0,-4.002,0.455,3.14,-1.812,2.318,0.08,1.277,3.722,-2.012,-5.0,-1.261,-4.0,0.915,-3.008,2.621,7.148,4.417,0.974,0.623,2.924,-3.0,-1.01,-1.002,-2.0,-0.002,0.777,-4.0,-3.063,0.165,-3.007,6.027,-0.009,-2.016,-2.007,-1.0,-4.009,-2.007,-3.02,-4.0,-0.009,4.924,6.577,-3.0,2.074,-1.035,-0.026,0.962,5.164,2.138,0.051,2.984,5.541,0.265,3.989,0.033,-2.006,-4.0,-1.001,-3.002,1.973,-0.12,2.348,-2.0,-0.046,-0.023,-1.015,-1.0,0.978,0.481,-0.271,-4.0,-2.001,3.17,-3.003,-2.017,3.922,0.504,6.211,-2.004,-1.029,0.0,-0.068,-2.0,-1.037,-3.042,-0.023,2.093,-0.019,0.973,4.57,-0.185,-5.0,-0.022,4.071,-0.42,-0.545,-4.016,2.18,0.011,-1.055,0.0,0.0,0.0,0.0,0.0,0.0,0.0,0.0,0.0,0.0
GoldS210,XAUUSDc,26,-6.8613,-20.584,2,-0.3449,0.0,495,26.0606,1,5,0,0.015,1.7,1.5,0.0,0.5,15,1,-46.225,12,0,1,10,0.0,0.0,0.0,0.0,0.0,0.0,1.479,-2.227,-3.0,-1.508,-4.0,-4.999,-0.016,-0.507,-3.0,-0.382,-4.502,-3.0,-5.0,-3.0,-3.0,-3.385,-2.238,-0.824,-3.254,6.865,3.925,0.245,-3.0,-0.37,-5.0,-4.0,-4.0,-2.51,-2.511,4.219,8.567,-5.0,5.501,-3.0,12.312,-3.0,-0.515,-1.37,-3.0,-3.0,-3.0,-4.0,10.431,0.315,-2.51,13.326,-1.503,-3.423,-1.511,-1.0,-3.014,-1.406,-1.559,-0.435,0.486,10.32,-1.007,-3.0,5.867,-4.0,-1.018,1.508,-4.0,0.493,-0.133,2.709,26.131,0.025,3.848,4.057,-4.0,-3.999,-0.501,-2.503,-1.509,5.077,15.014,7.902,0.944,-0.954,-0.137,-1.0,-2.995,-2.521,5.876,-4.0,-0.907,0.404,-2.087,-2.502,-0.068,-2.0,-3.011,-4.0,0.595,0.0,1.399,-2.0,-2.0,-2.559,0.465,-0.431,-1.526,-0.539,6.849,-3.053,-5.0,1.481,-0.041,-4.0,1.39,-6.0,5.379,-4.0,-1.508,0.0,0.0,0.0,0.0,0.0,0.0,0.0,0.0,0.0,0.0
GoldS210,XAUUSDc,87,10.184,20.368,3,0.2729,109.37,503,22.4652,1,5,0,0.015,2.0,1.5,0.0,0.5,15,1,-1.909,28,0,1,5,0.25,0.0,0.0,0.0,0.0,0.0,1.479,4.981,-4.0,-1.508,-3.0,-6.0,7.461,-0.507,-3.0,-0.251,-4.502,-3.0,-5.0,-4.0,-3.0,-3.033,0.71,-3.519,1.46,2.8,-1.02,-2.131,-3.0,3.07,-5.0,-4.0,-4.0,-2.51,-2.511,11.131,-3.614,-6.0,1.374,-3.0,-0.022,-3.0,-0.515,-5.0,-2.0,-3.0,-4.0,-3.0,19.667,10.382,-2.509,29.579,-1.503,-6.0,-1.511,-1.0,-3.014,2.729,-1.771,-5.0,0.486,14.279,-1.007,-3.0,9.268,-4.0,-0.913,5.078,1.801,0.493,4.745,5.206,21.767,5.425,6.688,5.082,-4.0,-4.0,-0.501,-2.503,-1.509,8.785,7.453,15.963,0.944,-0.39,0.528,-1.0,-7.0,-2.521,5.343,-4.0,0.11,3.875,-2.049,-2.502,-0.068,-2.0,-4.999,-4.0,2.029,0.0,1.399,-2.0,-3.0,-2.559,0.465,4.118,-1.526,-0.539,2.168,-6.0,-5.0,1.481,-1.041,-3.0,2.185,-6.0,-1.533,-4.0,-1.508,0.0,0.0,0.0,0.0,0.0,0.0,0.0,0.0,0.0,0.0
GoldS210,XAUUSDc,28,-15.1495,-90.897,1,-0.8277,0.0,482,18.2573,1,5,0,0.015,1.1,2.0,0.0,0.5,15,1,-109.156,14,0,1,10,0.0,0.0,0.0,0.0,0.0,0.0,1.972,-1.557,-3.0,-1.01,-4.0,-4.999,-2.001,-0.01,-3.0,0.214,-4.003,-3.0,-5.0,-3.0,-3.0,0.832,-1.516,-2.025,-4.999,15.26,-0.015,7.187,-3.0,-5.0,-5.0,-4.0,-4.0,-2.014,-0.601,9.833,-5.0,-6.0,-1.763,-3.0,0.97,-3.0,0.016,-0.746,-3.0,-3.0,-3.0,-4.0,2.27,-0.4,-2.014,11.521,-1.004,-6.0,-1.014,-1.0,-0.166,-4.0,-0.391,2.66,0.947,10.284,-2.001,-4.0,-0.062,-4.0,-3.023,-0.632,-4.0,0.991,-6.0,1.571,0.091,-1.999,5.09,-3.0,-4.0,-3.999,-0.002,-2.005,-4.0,-4.0,0.155,-4.0,-0.009,10.263,1.321,-1.0,-2.155,-4.0,18.224,-4.0,0.225,-3.021,-1.289,-5.0,-2.063,-2.0,-6.0,-4.0,2.995,0.0,-0.11,-2.0,-2.0,-2.076,0.953,0.862,-0.793,-2.0,17.161,-6.0,-5.0,3.1,4.263,-4.0,7.933,-6.0,8.436,-4.0,-1.01,0.0,0.0,0.0,0.0,0.0,0.0,0.0,0.0,0.0,0.0
GoldS210,XAUUSDc,123,13.7767,20.665,4,0.8654,32.55,508,44.8819,1,5,0,0.015,2.0,1.0,0.0,0.5,15,1,13.939,3,0,1,15,0.25,0.0,0.0,0.0,0.0,0.0,0.986,-0.936,-0.842,0.986,0.115,-1.407,3.196,1.304,-1.047,-0.009,-4.001,0.284,0.136,-0.659,-3.0,3.724,0.455,3.14,-1.812,2.311,0.08,1.277,3.722,-2.012,-4.999,-1.261,-4.0,0.915,-3.008,2.621,5.362,4.417,0.974,0.623,2.755,-3.0,-1.01,-1.002,-2.0,-0.002,0.777,-4.0,3.238,0.165,-3.007,6.027,-0.009,-2.015,-2.007,-1.0,-4.009,-2.007,-3.02,-3.999,-0.009,4.924,3.005,-3.0,2.074,5.182,-0.026,0.962,7.708,2.162,0.051,2.984,5.544,0.265,3.989,0.033,-2.006,-4.0,-1.001,-3.002,1.973,-0.12,2.348,-2.0,-0.046,-0.023,-1.015,-1.0,0.978,0.481,-0.271,-4.0,-4.0,3.17,-3.003,-2.017,3.922,0.504,8.648,-2.004,-1.029,0.0,-0.068,-2.0,-1.037,-3.042,-0.023,2.093,-0.019,0.973,4.57,-0.185,-5.0,-0.022,7.019,-0.42,0.455,0.39,2.18,0.011,-1.055,0.0,0.0,0.0,0.0,0.0,0.0,0.0,0.0,0.0,0.0
GoldS210,XAUUSDc,32,-0.0,-116.92,0,-0.9086,0.0,472,12.5,1,5,0,0.015,1.1,2.5,0.0,0.5,15,1,-146.637,14,0,1,10,0.0,0.0,0.0,0.0,0.0,0.0,-1.0,-0.888,-3.0,-4.0,-4.0,-4.999,-1.501,0.488,-3.0,0.809,-3.503,-3.0,-5.0,-3.0,-3.0,8.78,-0.789,-4.0,0.293,22.654,0.481,-1.754,-3.0,-5.0,-5.0,-4.0,-4.0,-1.517,1.971,-1.513,-5.0,-6.0,-1.143,-3.0,-0.201,-3.0,-3.0,-0.123,-3.0,-3.0,-3.0,-4.0,11.165,2.779,-5.0,-2.635,-4.0,-6.0,-0.486,-1.0,-4.51,-4.0,1.778,-5.0,1.442,15.186,-1.501,-4.0,-2.0,-0.484,-1.529,0.112,-4.0,5.15,-6.0,2.988,2.835,-1.999,11.506,-3.0,-4.0,-3.999,0.498,-1.506,-4.0,-4.0,-3.0,-4.0,-3.0,2.783,2.701,-1.0,-1.316,-4.0,35.695,-4.0,1.356,-2.526,-0.492,-5.0,-5.0,-2.0,-6.0,-4.0,-1.228,0.0,0.852,-2.0,-2.0,-1.593,1.484,-2.561,-0.094,-2.0,-2.999,-6.0,-5.0,1.374,4.005,-4.0,-4.0,-6.0,-0.457,-4.0,10.761,0.0,0.0,0.0,0.0,0.0,0.0,0.0,0.0,0.0,0.0
GoldS210,XAUUSDc,25,-6.8793,-20.638,2,-0.3457,0.0,495,26.0606,1,5,0,0.015,1.4,1.5,0.0,0.5,15,1,-46.279,12,0,1,10,0.0,0.0,0.0,0.0,0.0,0.0,1.479,-2.227,-3.0,-1.508,-4.0,-4.999,-0.016,-0.507,-3.0,-0.382,-4.502,-3.0,-5.0,-3.0,-3.0,-3.385,-2.242,-0.824,-3.254,6.865,3.925,0.245,-3.0,-0.37,-5.0,-4.0,-4.0,-2.51,-2.511,4.215,8.567,-5.0,5.501,-3.0,12.312,-3.0,-0.515,-1.37,-3.0,-3.0,-3.0,-4.0,10.417,0.315,-2.51,13.326,-1.503,-3.423,-1.511,-1.0,-3.014,-1.406,-1.559,-0.435,0.486,10.32,-1.007,-3.0,5.867,-4.0,-1.018,1.508,-4.0,0.493,-0.133,2.709,26.131,0.025,3.848,4.044,-4.0,-3.999,-0.501,-2.503,-1.509,5.077,15.014,7.883,0.944,-0.954,-0.137,-1.0,-2.995,-2.521,5.876,-4.0,-0.907,0.404,-2.087,-2.502,-0.068,-2.0,-3.011,-4.0,0.595,0.0,1.399,-2.0,-2.0,-2.559,0.465,-0.431,-1.526,-0.539,6.849,-3.053,-5.0,1.481,-0.041,-4.0,1.39,-6.0,5.379,-4.0,-1.508,0.0,0.0,0.0,0.0,0.0,0.0,0.0,0.0,0.0,0.0
GoldS210,XAUUSDc,245,-11.2807,-33.842,2,-0.6265,0.0,483,29.6066,1,5,0,0.015,1.4,1.5,0.0,0.5,15,1,-37.776,0,0,1,5,0.75,0.0,0.0,0.0,0.0,0.0,1.479,1.59,-4.0,-0.508,-4.0,-5.0,3.414,-0.507,-3.0,-0.251,-3.502,1.69,-3.0,-4.0,-3.0,-0.33,-1.463,3.761,1.262,-1.395,-1.021,-4.0,0.57,-1.437,-5.0,-4.0,-4.0,-0.51,1.313,4.008,1.696,-5.0,4.911,0.646,4.039,-3.0,-0.515,-4.0,-3.0,0.802,-3.0,-4.0,5.302,4.149,-2.51,7.448,-1.503,-2.749,-1.511,-1.0,-3.014,-0.543,-1.771,-3.0,-0.514,5.166,-2.501,-3.0,4.76,-4.0,-0.913,1.4,2.212,0.493,-2.141,6.514,4.073,0.289,4.784,0.725,0.0,-5.0,-0.501,-2.503,2.47,0.161,3.353,2.608,0.944,-0.39,0.298,-1.0,-6.0,0.313,1.069,-4.0,0.025,0.93,-2.049,-2.502,-0.068,-2.0,8.401,-4.0,5.383,0.0,1.399,-2.0,-2.0,-2.559,0.465,0.17,-1.526,-0.539,6.974,-2.546,-4.999,1.481,-1.041,0.808,1.9,-1.741,5.951,-2.999,1.631,0.0,0.0,0.0,0.0,0.0,0.0,0.0,0.0,0.0,0.0
GoldS210,XAUUSDc,108,-15.4702,-92.821,1,-0.8881,0.0,486,18.3128,1,5,0,0.015,1.1,2.0,0.0,0.5,15,1,-107.343,15,0,1,10,0.25,0.0,0.0,0.0,0.0,0.0,1.972,-1.557,-2.999,-1.01,-4.0,-4.999,8.598,-0.009,-3.0,0.214,-4.003,-3.0,-5.0,-3.0,-3.0,0.832,5.005,-2.025,-6.0,7.382,1.578,7.187,-3.0,7.009,-5.0,-4.0,-4.0,-2.014,-0.601,9.833,-5.0,-6.0,-1.762,-3.0,0.97,-3.0,0.016,-0.746,-3.0,-3.0,-3.0,-4.0,2.27,-0.4,-2.014,11.521,-1.004,-6.0,-1.014,-1.0,-0.166,-4.0,-0.391,2.66,0.947,9.526,-2.001,-4.0,-0.062,-4.0,-3.023,-0.632,-4.0,0.991,-6.0,1.571,0.091,-3.0,5.09,-2.999,-4.0,-4.0,-0.002,-2.005,-4.0,-4.0,0.155,-4.0,-0.009,10.263,1.321,-1.0,-2.156,-4.0,2.856,-4.0,0.225,-3.021,-1.289,-5.0,-2.063,-2.0,-4.999,-4.0,2.995,0.0,-0.11,-2.0,-2.0,-2.076,0.953,0.862,-0.793,-2.0,9.518,-6.0,-5.0,3.1,4.263,-4.0,7.933,-6.0,8.436,-4.0,-1.01,0.0,0.0,0.0,0.0,0.0,0.0,0.0,0.0,0.0,0.0
GoldS210,XAUUSDc,178,-20.2863,-60.859,2,-0.477,0.0,474,7.5949,1,5,0,0.015,1.7,3.0,0.0,0.5,15,1,-110.128,19,0,1,5,0.5,0.0,0.0,0.0,0.0,0.0,-1.0,24.869,-3.999,-3.0,-4.0,-5.0,-0.001,0.986,-3.0,-3.0,-3.004,-3.0,-4.0,-4.0,-3.0,-3.0,5.556,-5.0,-5.999,11.949,-5.0,-6.0,-3.0,27.033,-5.0,-4.0,-4.0,-4.0,-5.0,-2.016,-7.0,-4.999,9.008,7.349,-1.029,-3.0,-3.0,-4.0,-3.0,-3.0,-3.0,-4.0,-5.0,8.277,-5.0,-6.0,-4.0,-5.999,-4.0,-1.0,-4.011,-4.0,2.494,-4.0,1.938,4.352,2.861,-3.0,-2.0,-5.0,-5.0,-4.0,-6.0,-2.0,-6.0,14.888,5.783,-2.999,-3.0,-3.0,-4.0,-3.999,0.997,-1.007,-4.0,-3.0,-3.0,36.292,-3.0,13.496,10.587,-1.0,-6.0,-6.0,-0.012,-4.0,5.228,-6.0,0.424,-5.0,11.87,-2.0,-5.0,-4.0,-5.0,0.0,-2.134,-2.0,-3.0,-4.0,17.763,-2.072,-4.0,-2.0,46.269,-6.0,-5.0,-4.0,-6.0,-3.0,-4.0,-6.0,-4.0,-3.0,8.152,0.0,0.0,0.0,0.0,0.0,0.0,0.0,0.0,0.0,0.0
GoldS210,XAUUSDc,98,-41.086,-82.172,3,-0.4583,0.0,487,6.1602,1,5,0,0.015,1.7,3.0,0.0,0.5,15,1,-150.224,13,0,1,5,0.25,0.0,0.0,0.0,0.0,0.0,-0.999,69.512,-4.0,-4.0,-3.0,-6.0,-0.001,0.986,-3.0,-3.0,-3.004,-3.0,-5.0,-4.0,-3.0,-5.0,9.881,-6.0,-6.0,22.539,-4.999,-5.999,-3.0,-5.0,-5.0,-4.0,-4.0,-5.0,-5.0,-2.015,-7.0,-6.0,9.008,-3.0,-1.029,-3.0,-3.0,-5.0,-2.0,-2.999,-4.0,-3.0,-4.999,18.237,-4.999,-7.0,-4.0,-6.0,-4.0,-1.0,-4.011,-4.0,2.494,-5.0,1.938,11.397,4.159,-3.0,-2.0,-5.0,-4.999,-4.999,-4.999,-2.0,-6.0,33.316,4.783,-2.0,-3.0,-3.0,-4.0,-4.0,0.997,-1.007,-4.0,-4.0,-3.0,-4.0,-3.0,-6.0,20.918,-1.0,-7.0,-5.0,-1.012,-4.0,5.228,-6.0,0.424,-5.0,44.089,-2.0,-4.999,-4.0,-5.0,0.0,-2.134,-2.0,-3.0,-4.0,3.599,-2.073,-4.0,-2.0,-5.0,-6.0,-5.0,-4.0,-6.0,-3.0,-4.0,-6.0,-4.0,-4.0,27.599,0.0,0.0,0.0,0.0,0.0,0.0,0.0,0.0,0.0,0.0
GoldS210,XAUUSDc,223,0.025,0.05,3,0.002,5788.0,505,46.1386,1,5,0,0.015,2.0,1.0,0.0,0.5,15,1,-2.844,0,0,1,20,0.5,0.0,0.0,0.0,0.0,0.0,0.986,-0.767,-0.808,0.986,0.219,-1.598,1.89,1.023,-1.047,-0.009,-4.001,-0.117,0.257,-0.675,-3.0,-0.162,-0.306,3.652,-1.899,1.377,0.024,1.162,3.083,-2.012,-5.0,-2.041,-4.0,0.714,-3.008,1.537,3.724,4.486,0.974,0.074,1.736,-3.0,1.933,-1.002,-2.0,-0.002,0.909,-4.0,1.407,0.045,-3.007,4.744,-0.009,-2.016,-2.007,-1.0,-4.009,-2.007,-3.02,-2.04,-0.009,5.311,1.9,-3.0,2.208,1.946,-0.026,0.962,6.12,2.235,0.021,2.984,3.755,-0.003,3.989,-0.005,-2.006,-4.0,-1.001,-3.002,1.973,-0.509,2.097,-2.0,-0.046,-0.023,-1.015,-1.0,0.926,0.184,-0.731,-4.0,-0.919,2.981,-2.009,-2.017,3.922,-3.0,7.143,-2.004,2.817,0.0,-0.068,-2.0,1.406,-3.042,-0.023,1.955,-0.019,0.973,3.979,-0.916,-4.999,-0.022,3.038,-0.879,0.325,0.698,2.166,0.011,-1.055,0.0,0.0,0.0,0.0,0.0,0.0,0.0,0.0,0.0,0.0
GoldS210,XAUUSDc,208,-22.0945,-44.189,3,-0.6687,0.0,467,21.6274,1,5,0,0.015,1.1,2.0,0.0,0.5,15,1,-57.359,13,0,1,15,0.5,0.0,0.0,0.0,0.0,0.0,1.972,6.582,-3.0,-1.01,-0.992,-5.0,7.998,-0.01,-3.0,0.011,-4.003,-2.0,0.249,-3.0,-3.0,9.17,0.85,4.026,-6.0,3.533,1.551,0.676,-3.0,0.456,-5.0,-4.0,-4.0,-0.014,-5.0,8.573,-4.0,-5.0,-1.56,3.189,0.971,-3.0,-0.013,0.179,-2.0,-2.0,-4.0,-4.0,1.821,-1.698,-2.014,5.609,-1.004,-6.0,-1.014,-1.0,0.164,-4.0,-5.0,-4.0,0.947,4.074,-3.001,-3.0,-0.062,-4.0,-3.023,-0.702,7.833,0.991,5.003,1.038,0.014,-1.999,5.381,-3.0,-4.0,-4.0,-0.002,-2.005,4.277,7.725,0.103,4.014,-0.009,4.734,0.27,-1.0,-1.751,-0.027,6.967,-4.0,1.489,-3.021,-1.572,-5.0,-2.063,-2.0,-3.999,-1.88,1.934,0.0,-0.11,-2.0,-3.0,-2.076,0.953,1.389,-1.0,-2.0,11.07,-6.0,-5.0,2.054,5.84,-4.0,6.348,-6.0,7.427,-3.0,-1.01,0.0,0.0,0.0,0.0,0.0,0.0,0.0,0.0,0.0,0.0
GoldS210,XAUUSDc,93,-21.2987,-127.792,1,-0.6719,0.0,490,8.9796,1,5,0,0.015,1.4,2.5,0.0,0.5,15,1,-173.038,17,0,1,5,0.25,0.0,0.0,0.0,0.0,0.0,-0.999,45.891,-4.0,-4.0,-3.0,-6.0,-0.501,0.488,-3.0,1.146,-3.503,-3.0,-5.0,-4.0,-3.0,15.966,6.824,-6.0,-6.0,16.264,-1.518,-1.636,-3.0,-5.0,-5.0,-4.0,-4.0,-1.517,-5.0,-2.512,-7.0,-6.0,1.64,-3.0,-1.524,-3.0,-3.0,-5.0,-2.0,-2.999,-4.0,-3.0,7.194,9.282,-4.999,0.0,-4.0,-6.0,-4.0,-1.0,-4.51,-4.0,1.406,-5.0,1.442,22.473,-2.501,-3.0,-2.0,-5.0,-1.528,-4.999,-4.999,-2.0,-6.0,16.253,2.682,-2.0,0.472,-3.0,-4.0,-4.0,0.498,-1.506,-4.0,-4.0,-3.0,-4.0,-3.0,-6.0,14.374,-1.0,-7.0,-5.0,-1.51,-4.0,3.523,-2.526,-0.4,-5.0,10.629,-2.0,-4.999,-4.0,-5.0,0.0,0.852,-2.0,-3.0,-1.593,2.362,-2.561,-4.0,-2.0,-5.0,-6.0,-5.0,4.367,-6.0,-3.0,-4.0,-6.0,-4.0,-4.0,16.52,0.0,0.0,0.0,0.0,0.0,0.0,0.0,0.0,0.0,0.0
GoldS210,XAUUSDc,14,-17.5403,-105.242,1,-0.9252,0.0,484,8.8843,1,5,0,0.015,1.7,2.5,0.0,0.5,15,1,-174.573,17,0,1,5,0.0,0.0,0.0,0.0,0.0,0.0,-0.999,-0.355,-4.0,-3.0,-4.0,-6.0,-1.5,0.488,-3.0,1.146,-3.503,-3.999,-4.0,-4.0,-3.0,-6.0,6.824,-5.0,9.334,-5.0,-1.518,-1.635,-4.0,-4.0,-6.0,-3.0,-4.0,-1.517,-5.0,-2.513,-6.0,-5.0,1.64,10.011,-1.524,-3.0,-3.0,-5.0,-2.0,-2.999,-4.0,-3.0,-5.999,24.43,-5.0,0.0,-4.0,-6.0,-3.999,-1.0,-4.51,-3.998,-2.055,-3.999,1.442,31.549,-5.0,-3.0,-2.0,-5.0,-0.528,-4.0,64.333,16.17,-6.0,8.387,2.682,-2.0,0.476,-3.0,-4.0,-4.0,0.498,-1.506,-3.999,-5.0,-3.0,-5.0,-3.0,4.245,15.562,-1.0,-7.0,-5.0,7.82,-4.0,3.523,-0.526,-0.421,-5.0,-5.0,-2.0,-5.0,-4.0,-4.0,0.0,0.852,-2.0,-2.999,-1.593,2.362,-1.561,-4.0,-2.0,-5.0,-6.0,-5.0,11.739,-5.0,-4.0,-4.0,-6.0,-3.0,-5.0,-4.0,0.0,0.0,0.0,0.0,0.0,0.0,0.0,0.0,0.0,0.0
GoldS210,XAUUSDc,38,-24.1733,-145.04,1,-0.8833,0.0,466,9.4421,1,5,0,0.015,1.7,3.0,0.0,0.5,15,1,-178.125,17,0,1,10,0.0,0.0,0.0,0.0,0.0,0.0,-1.0,-0.219,-3.0,-4.0,-4.0,-4.999,-1.001,0.986,-3.0,-3.0,-3.004,-3.0,-5.0,-3.0,-3.0,-5.0,-0.048,-4.0,1.642,30.086,-3.0,-6.0,-3.0,-5.0,-5.0,-4.0,-4.0,-3.999,4.543,-1.016,-5.0,-6.0,-0.276,-3.0,0.508,-3.0,-3.0,0.501,-3.0,-3.0,-3.0,-4.0,2.993,7.75,-5.0,-6.999,-4.0,-6.0,0.031,-1.0,-4.011,-4.0,2.946,-5.0,1.938,20.205,-0.228,-4.0,-2.0,0.385,-5.0,6.914,-4.0,6.985,-6.0,4.846,-3.0,-2.0,15.831,-3.0,-4.0,-3.999,0.997,-1.007,-4.0,-4.0,-3.0,-4.0,-3.0,4.949,4.082,-1.0,0.524,-4.0,8.099,-4.0,2.487,-6.0,0.305,-5.0,-5.0,-2.0,-6.0,-4.0,-0.576,0.0,-2.134,-2.0,-2.0,-4.0,8.201,-2.073,0.594,-2.0,-2.999,-6.0,-5.0,-4.0,-4.0,-4.0,-4.0,-6.0,0.053,-4.0,18.167,0.0,0.0,0.0,0.0,0.0,0.0,0.0,0.0,0.0,0.0
GoldS210,XAUUSDc,205,-3.7413,-22.448,1,-0.5354,0.0,480,30.4167,1,5,0,0.015,1.4,1.5,0.0,0.5,15,1,-29.144,4,0,1,15,0.5,0.0,0.0,0.0,0.0,0.0,1.479,1.474,-3.0,-1.508,-1.495,-5.0,4.371,-0.507,-3.0,-0.495,-4.502,2.843,-0.363,-3.0,-3.0,2.696,-0.978,3.372,-3.275,-0.556,1.819,-2.144,-3.0,-1.894,-5.0,-4.0,-4.0,-0.51,2.384,3.464,2.44,-2.456,4.353,1.607,4.78,-3.0,-0.515,-0.408,-2.0,2.702,-4.0,-4.0,7.26,-0.611,-2.51,7.369,-1.503,-2.83,-1.511,-1.0,-3.014,-1.479,-5.0,-4.0,0.486,5.052,-1.007,-3.0,3.794,-4.0,2.536,0.072,2.147,0.493,0.868,4.812,5.448,-0.063,4.444,5.777,-4.0,-4.0,-0.501,-2.503,3.212,1.215,2.595,2.128,0.944,-0.954,-0.511,-1.0,-2.349,6.154,1.926,-4.0,0.284,-0.359,-2.252,-2.502,-0.068,-2.0,5.78,-4.0,0.24,0.0,1.399,-2.0,-3.0,-2.559,0.465,0.257,-1.526,-0.539,9.893,-3.35,-5.0,0.998,-0.041,1.295,2.079,-6.0,5.002,-3.0,-1.508,0.0,0.0,0.0,0.0,0.0,0.0,0.0,0.0,0.0,0.0
GoldS210,XAUUSDc,31,-15.1003,-90.602,1,-0.8272,0.0,482,18.2573,1,5,0,0.015,2.0,2.0,0.0,0.5,15,1,-108.878,14,0,1,10,0.0,0.0,0.0,0.0,0.0,0.0,1.972,-1.557,-3.0,-1.01,-4.0,-4.999,-2.001,-0.01,-3.0,0.214,-4.003,-3.0,-5.0,-3.0,-3.0,0.832,-1.508,-2.025,-5.0,15.277,-0.015,7.187,-3.0,-5.0,-5.0,-4.0,-4.0,-2.014,-0.601,9.877,-5.0,-6.0,-1.763,-3.0,0.97,-3.0,0.016,-0.746,-3.0,-3.0,-3.0,-4.0,2.27,-0.4,-2.014,11.521,-1.004,-6.0,-1.014,-1.0,-0.166,-4.0,-0.391,2.66,0.947,10.284,-2.001,-4.0,-0.062,-4.0,-3.023,-0.632,-4.0,0.991,-6.0,1.571,0.091,-2.0,5.09,-2.999,-4.0,-3.999,-0.002,-2.005,-4.0,-4.0,0.155,-4.0,-0.009,10.263,1.321,-1.0,-2.155,-4.0,18.451,-4.0,0.225,-3.021,-1.289,-5.0,-2.063,-2.0,-6.0,-4.0,2.995,0.0,-0.11,-2.0,-2.0,-2.076,0.953,0.862,-0.793,-2.0,17.161,-6.0,-5.0,3.1,4.263,-4.0,7.933,-6.0,8.436,-4.0,-1.01,0.0,0.0,0.0,0.0,0.0,0.0,0.0,0.0,0.0,0.0
GoldS210,XAUUSDc,49,-12.128,-36.384,2,-0.5457,0.0,470,20.6383,1,5,0,0.015,1.4,2.0,0.0,0.5,15,1,-73.37,13,0,1,15,0.0,0.0,0.0,0.0,0.0,0.0,1.972,-1.708,-3.0,-1.01,-0.992,-5.0,2.095,-0.009,-3.0,0.011,-4.003,-2.0,-0.75,-3.0,-3.0,-1.204,5.309,4.026,-6.0,7.948,1.561,0.676,-3.0,5.78,-5.0,-4.0,-4.0,-0.014,-5.0,8.574,-4.0,-4.998,-1.56,5.035,0.97,-3.0,-0.013,0.179,-2.0,-2.0,-4.0,-4.0,0.821,-1.698,-2.014,8.135,-1.004,-6.0,-1.014,-1.0,0.256,-4.0,-5.0,-4.0,0.947,4.074,-3.001,-3.0,-0.062,-4.0,-3.023,-0.702,7.833,0.991,5.111,1.038,0.014,-1.999,7.949,-2.999,-4.0,-4.0,-0.002,-2.005,5.459,-4.0,0.103,-4.0,-0.009,4.937,0.27,-1.0,-1.751,0.737,35.979,-4.0,-0.459,-3.021,-1.572,-5.0,-2.063,-2.0,-3.999,-1.88,1.934,0.0,-0.11,-2.0,-3.0,-2.076,0.953,1.389,-1.0,-2.0,13.835,-5.999,-5.0,2.054,5.84,-3.999,7.126,-6.0,7.427,-4.0,-0.01,0.0,0.0,0.0,0.0,0.0,0.0,0.0,0.0,0.0,0.0
GoldS210,XAUUSDc,83,4.8795,9.759,3,0.3635,94.84,516,40.3101,1,5,0,0.015,2.0,1.0,0.0,0.5,15,1,0.504,7,0,1,5,0.25,0.0,0.0,0.0,0.0,0.0,0.986,-0.807,0.684,-0.014,-3.0,-0.189,3.346,5.184,-1.047,-0.009,-4.001,-3.0,-5.0,-4.0,-3.0,4.88,0.459,1.793,-0.913,3.461,0.386,2.169,2.597,-2.012,-5.0,-4.0,-4.0,-1.01,-3.008,4.924,6.485,-2.004,1.859,-3.0,-1.016,-3.0,-1.01,-1.007,-2.0,0.996,-0.758,-3.0,6.047,2.768,-3.006,14.877,-0.009,-2.016,-2.007,-1.0,-4.009,-2.007,-0.879,-5.0,-0.009,7.843,-1.004,-3.0,4.061,7.305,-0.026,0.962,2.985,-1.004,-2.012,2.984,5.7,2.993,4.464,0.644,-2.006,-4.0,-1.001,-3.002,1.973,-0.641,8.064,-2.0,-0.046,-0.023,-1.015,-1.0,1.586,2.014,0.628,-4.0,-1.541,5.468,-3.003,-2.017,3.922,0.286,10.374,-2.004,-1.029,0.0,-0.068,-2.0,-1.037,-3.042,-0.023,4.43,-0.019,0.973,1.927,-3.055,-5.0,-0.022,3.139,-3.0,-0.951,-4.016,-0.033,0.575,-1.055,0.0,0.0,0.0,0.0,0.0,0.0,0.0,0.0,0.0,0.0
GoldS210,XAUUSDc,114,-0.0,-149.479,0,-0.9318,0.0,475,12.2105,1,5,0,0.015,1.7,2.5,0.0,0.5,15,1,-164.157,14,0,1,10,0.25,0.0,0.0,0.0,0.0,0.0,-1.0,-0.888,-2.999,-4.0,-4.0,-4.999,-0.501,0.489,-3.0,0.809,-3.503,-3.0,-5.0,-3.0,-3.0,8.78,8.725,-4.0,-0.708,11.679,2.932,-1.754,-3.0,-5.0,-5.0,-4.0,-4.0,-1.517,1.971,-1.513,-5.0,-6.0,-1.142,-3.0,-0.201,-3.0,-3.0,-0.123,-3.0,-3.0,-3.0,-4.0,11.165,2.779,-5.0,-2.635,-4.0,-6.0,-0.486,-1.0,-4.51,-4.0,1.778,-5.0,1.442,14.201,-1.501,-4.0,-2.0,-0.484,-1.529,0.112,-4.0,-2.0,-6.0,2.988,2.835,-3.0,11.506,-2.999,-4.0,-4.0,0.498,-1.506,-4.0,-4.0,-3.0,-4.0,-3.0,2.783,2.701,-1.0,-1.317,-4.0,4.978,-4.0,1.356,-2.526,-0.492,-5.0,6.029,-2.0,-4.999,-4.0,-1.228,0.0,0.852,-2.0,-2.0,-1.593,1.484,-2.561,-4.0,-2.0,-4.0,-6.0,-5.0,1.374,4.005,-4.0,-4.0,-6.0,-0.457,-4.0,9.941,0.0,0.0,0.0,0.0,0.0,0.0,0.0,0.0,0.0,0.0
GoldS210,XAUUSDc,52,5.5785,11.157,3,0.1645,714.72,460,15.0,1,5,0,0.015,1.1,2.5,0.0,0.5,15,1,-68.584,19,0,1,15,0.0,0.0,0.0,0.0,0.0,0.0,0.0,1.522,-3.0,-4.0,-0.488,-5.0,-1.501,0.489,-3.0,0.517,-3.503,-2.0,-3.999,-3.0,-3.0,3.905,9.185,4.485,0.262,12.912,2.823,-1.666,-3.0,16.716,-5.0,-4.0,-4.0,0.483,-5.0,-1.513,-4.0,-4.998,-0.84,7.241,-0.321,-3.0,1.681,0.767,-2.0,-2.0,-4.0,-4.0,8.02,0.005,-5.0,-3.142,-4.0,-6.0,-4.0,-1.0,3.766,-4.0,-5.0,-4.0,1.442,7.091,-2.501,-3.0,-2.0,-0.5,-1.529,-0.004,-2.0,2.935,2.803,1.882,2.935,-1.999,12.898,-3.0,-4.0,-4.0,0.498,-1.506,-3.999,-4.0,2.475,-4.0,-3.0,0.259,1.014,-1.0,-1.153,2.358,79.232,-4.0,0.32,-2.526,-0.892,-5.0,2.25,-2.0,-3.999,-1.334,-1.424,0.0,0.852,-2.0,-3.0,-1.593,1.57,-1.56,-0.448,-2.0,23.658,-5.999,-5.0,-0.353,5.09,-3.999,-4.0,-6.0,1.243,-5.0,6.862,0.0,0.0,0.0,0.0,0.0,0.0,0.0,0.0,0.0,0.0
GoldS210,XAUUSDc,62,-0.727,-1.454,3,-0.0658,0.0,505,45.1485,1,5,0,0.015,1.7,1.0,0.0,0.5,15,1,-10.613,2,0,1,20,0.0,0.0,0.0,0.0,0.0,0.0,0.986,-0.767,-0.813,0.986,0.219,-1.598,2.307,1.023,-1.047,-0.009,-4.001,-0.117,-0.743,-0.675,-3.0,6.157,-0.306,0.553,-1.899,1.377,0.024,1.162,3.18,-2.012,-5.0,-2.041,-4.0,1.865,-3.008,1.537,3.977,6.206,0.974,0.948,2.472,-3.0,1.933,-1.002,-2.0,-0.002,-1.998,-4.0,4.314,0.045,-3.007,4.744,-0.009,-2.016,-2.007,-1.0,-4.009,-2.007,-3.02,-2.04,-0.009,5.86,2.663,-3.0,2.208,2.562,-0.026,0.962,5.113,-1.004,0.021,2.984,2.857,-0.003,3.989,-0.005,-2.006,-4.0,-1.001,-3.002,1.973,-0.509,2.097,-2.0,-0.046,-0.023,-1.015,-1.0,0.926,0.342,-0.731,-4.0,-2.001,-0.016,-2.009,-2.017,3.922,0.002,8.271,-2.004,2.817,0.0,-0.068,-2.0,1.406,-3.042,-0.023,1.955,-0.019,0.973,3.979,-0.026,-4.999,-0.022,3.038,-4.0,-0.675,-2.031,2.166,0.011,-1.055,0.0,0.0,0.0,0.0,0.0,0.0,0.0,0.0,0.0,0.0
GoldS210,XAUUSDc,275,-10.117,-60.702,1,-0.8483,0.0,449,16.2584,1,5,0,0.015,2.0,2.5,0.0,0.5,15,1,-71.799,21,0,1,10,0.75,0.0,0.0,0.0,0.0,0.0,-1.0,8.3,-3.0,-4.0,-4.0,-5.0,-0.501,0.489,-3.0,0.809,-2.503,-2.0,-2.999,-3.0,-3.0,-3.0,0.843,-4.0,0.353,3.936,2.932,3.412,3.629,4.041,-5.0,-4.0,-4.0,0.483,0.68,-1.513,-5.0,-6.0,-1.143,2.8,-0.2,-3.0,1.488,-0.123,-3.0,-3.0,-3.0,-4.0,7.535,-0.054,-5.0,8.361,-4.0,-6.0,-0.486,-1.0,2.341,-4.0,1.778,6.885,0.442,7.552,-1.501,-3.0,-2.0,-0.484,-1.529,0.112,-2.0,-3.0,2.816,2.988,2.408,-3.0,6.921,-3.0,-2.0,-4.0,0.498,-1.506,-4.0,-3.0,1.768,6.621,-3.0,1.863,2.701,-1.0,-0.317,-5.0,14.72,-4.0,1.356,-1.526,-0.492,-5.0,0.784,-2.0,-2.999,0.284,-0.228,0.0,0.852,-2.0,-2.0,-1.593,1.484,-2.561,1.701,-2.0,9.097,-5.999,-4.999,1.374,2.635,-4.0,-3.0,1.387,-0.457,-3.0,1.552,0.0,0.0,0.0,0.0,0.0,0.0,0.0,0.0,0.0,0.0
GoldS210,XAUUSDc,203,-0.3565,-2.139,1,-0.0824,0.0,506,45.2569,1,5,0,0.015,2.0,1.0,0.0,0.5,15,1,-5.065,0,0,1,15,0.5,0.0,0.0,0.0,0.0,0.0,0.986,-0.936,-0.842,0.986,0.115,-1.407,1.861,1.304,-1.047,-0.009,-4.001,0.284,1.052,-0.659,-3.0,-0.162,-0.052,3.14,-1.812,1.653,0.08,1.277,3.083,-2.012,-5.0,-1.261,-4.0,0.734,-3.008,2.28,4.084,5.646,0.974,0.025,1.765,-3.0,-1.01,-1.002,-2.0,-0.002,0.777,-4.0,1.501,0.165,-3.007,5.678,-0.009,-2.016,-2.007,-1.0,-4.009,-2.007,-3.02,-4.0,-0.009,4.924,1.869,-3.0,2.074,2.579,-0.026,0.962,6.171,2.15,0.051,2.984,4.13,0.265,3.989,0.033,-2.006,-4.0,-1.001,-3.002,1.973,-0.386,2.348,-2.0,-0.046,-0.023,-1.015,-1.0,0.978,0.091,-0.45,-4.0,-0.919,3.17,-3.003,-2.017,3.922,0.504,7.034,-2.004,-1.029,0.0,-0.068,-2.0,-1.037,-3.042,-0.023,2.093,-0.019,0.973,4.57,-0.939,-5.0,-0.022,3.109,-0.456,0.455,-1.287,2.18,0.011,-1.055,0.0,0.0,0.0,0.0,0.0,0.0,0.0,0.0,0.0,0.0
GoldS210,XAUUSDc,66,-2.7805,-5.561,3,-0.2066,0.0,477,30.608,1,5,0,0.015,1.7,1.5,0.0,0.5,15,1,-28.075,6,0,1,20,0.0,0.0,0.0,0.0,0.0,0.0,1.479,2.279,-3.0,-1.508,-1.495,-5.0,5.305,-0.507,-3.0,-0.495,-4.501,3.089,-1.272,-3.0,-3.0,18.514,-0.883,2.456,-0.615,2.429,1.6,-0.193,-3.0,-2.223,-5.0,-4.0,-4.0,-0.51,6.136,3.048,1.77,-2.492,4.444,3.473,7.1,-3.0,4.157,-0.496,-2.0,-2.0,-3.998,-4.0,11.408,-0.898,-2.51,-0.32,-1.503,-5.999,-1.511,-1.0,-3.014,-1.498,-5.0,1.906,0.486,6.367,-1.007,-3.0,4.093,-4.0,1.692,-0.013,-1.158,0.493,0.174,4.726,3.735,-0.503,4.444,4.789,-4.0,-4.0,-0.501,-2.503,2.81,0.522,2.017,1.935,0.944,-0.714,-0.463,-1.0,-2.482,5.064,0.894,-4.0,-1.349,-0.99,-1.475,-2.502,-0.068,-2.0,0.283,-4.0,5.198,0.0,1.399,-2.0,-2.0,-2.559,0.465,-0.002,-1.526,-0.539,8.398,-3.307,-4.999,1.03,-0.04,-4.0,1.861,-1.209,6.885,-4.0,-0.508,0.0,0.0,0.0,0.0,0.0,0.0,0.0,0.0,0.0,0.0
GoldS210,XAUUSDc,181,-3.115,-9.345,2,-0.3602,0.0,512,44.3359,1,5,0,0.015,1.4,1.0,0.0,0.5,15,1,-12.539,0,0,1,10,0.5,0.0,0.0,0.0,0.0,0.0,0.986,-0.899,-0.899,0.986,-1.598,-1.159,1.89,1.345,-1.047,-0.009,-4.001,-3.0,-1.992,-0.503,-3.0,-0.162,-0.052,3.033,-1.607,1.856,0.004,1.456,3.083,-2.012,-5.0,-1.026,-4.0,0.734,-3.008,2.588,4.014,5.708,1.251,0.321,1.777,-3.0,-1.01,-1.007,-2.0,0.996,0.067,-4.0,1.656,0.118,-3.007,5.964,-0.009,-2.016,-2.007,-1.0,-4.009,-2.007,-0.747,-1.998,-0.009,5.705,1.904,-3.0,2.597,2.73,-0.026,0.962,3.992,-1.004,-2.012,2.984,4.386,0.318,4.103,-0.005,-2.006,-3.999,-1.001,-3.002,1.973,-0.155,4.078,-2.0,-0.046,-0.023,-1.015,-1.0,1.038,0.118,-0.392,-4.0,-2.001,3.55,-3.003,-2.017,3.922,0.002,5.198,-2.004,-1.029,0.0,-0.068,-2.0,1.638,-3.042,-0.023,2.243,-0.019,0.973,5.637,-0.819,-5.0,-0.022,3.624,-4.0,0.033,-1.287,1.978,0.011,-1.055,0.0,0.0,0.0,0.0,0.0,0.0,0.0,0.0,0.0,0.0
GoldS210,XAUUSDc,56,-28.763,-57.526,3,-0.552,0.0,452,11.5044,1,5,0,0.015,1.1,3.0,0.0,0.5,15,1,-92.666,20,0,1,15,0.0,0.0,0.0,0.0,0.0,0.0,0.0,2.824,-3.0,-4.0,-4.0,-5.0,-1.001,0.987,-3.0,-3.0,-3.004,-2.0,-3.999,-3.0,-3.0,-5.0,13.06,7.398,2.073,17.876,0.321,-5.0,5.258,32.14,-5.0,-4.0,-4.0,-2.0,-5.0,-1.016,-4.0,-4.998,-0.112,9.447,0.306,-3.0,4.241,1.354,-2.0,-2.0,-4.0,-4.0,0.639,3.422,-5.0,-6.0,-5.0,-6.0,-4.0,-1.0,11.624,-4.0,-5.0,-4.0,1.938,9.567,-1.83,-3.0,-2.0,0.315,-5.0,3.966,-2.0,4.317,11.415,2.97,-2.999,-1.999,20.031,-3.0,-4.0,-4.0,0.997,-1.007,-3.999,-4.0,-3.0,-4.0,-3.0,2.158,1.759,-1.0,0.445,-4.999,-0.011,-4.0,1.098,-6.0,-0.213,-5.0,10.022,-2.0,-3.999,-0.789,-0.869,0.0,2.823,-2.0,-3.0,-4.0,2.162,-1.072,0.093,-2.0,-3.0,-5.999,-5.0,-4.0,-0.339,-3.999,-4.0,-6.0,1.92,-5.0,11.761,0.0,0.0,0.0,0.0,0.0,0.0,0.0,0.0,0.0,0.0
GoldS210,XAUUSDc,78,111.1767,133.412,5,3.5702,96.34,435,14.2529,1,5,0,0.015,1.7,3.0,0.0,0.5,15,1,4.88,21,0,1,20,0.0,0.0,0.0,0.0,0.0,0.0,0.0,20.638,-3.0,-4.0,-4.0,-5.0,-0.001,0.986,-3.0,-3.0,-3.003,-2.0,3.649,-3.0,-3.0,-4.0,-3.999,5.377,4.081,7.672,-0.324,-4.0,3.995,16.491,-5.0,-4.0,-4.0,-2.0,2.256,-2.016,-4.0,-5.0,2.163,14.139,0.003,-3.0,21.994,1.021,-2.0,-2.0,-3.998,-4.0,2.88,0.343,-5.0,-5.0,-4.0,-5.999,-4.0,-1.0,8.507,-3.999,-5.0,22.286,1.938,11.804,-0.965,-4.0,-1.999,0.228,1.139,1.314,-3.0,-2.0,14.092,2.895,2.848,-1.999,16.585,-3.0,-4.0,-4.0,0.997,-1.007,-3.0,-4.0,-3.0,14.283,-3.0,0.874,1.384,-1.0,0.071,-3.999,5.045,-4.0,0.635,-6.0,1.835,-5.0,6.489,-2.0,-4.0,-0.453,0.204,0.0,3.002,-2.0,-2.0,-4.0,2.123,-1.073,-4.0,-2.0,125.532,-5.999,-4.999,1.255,1.378,-4.0,-4.0,-5.0,0.862,-4.0,4.951,0.0,0.0,0.0,0.0,0.0,0.0,0.0,0.0,0.0,0.0
GoldS210,XAUUSDc,29,-15.147,-90.882,1,-0.8277,0.0,482,18.2573,1,5,0,0.015,1.4,2.0,0.0,0.5,15,1,-109.147,14,0,1,10,0.0,0.0,0.0,0.0,0.0,0.0,1.972,-1.557,-3.0,-1.01,-4.0,-4.999,-2.001,-0.01,-3.0,0.214,-4.003,-3.0,-5.0,-3.0,-3.0,0.832,-1.516,-2.025,-5.0,15.266,-0.015,7.187,-3.0,-5.0,-5.0,-4.0,-4.0,-2.014,-0.601,9.843,-5.0,-6.0,-1.763,-3.0,0.97,-3.0,0.016,-0.746,-3.0,-3.0,-3.0,-4.0,2.27,-0.4,-2.014,11.521,-1.004,-6.0,-1.014,-1.0,-0.166,-4.0,-0.391,2.66,0.947,10.284,-2.001,-4.0,-0.062,-4.0,-3.023,-0.632,-4.0,0.991,-6.0,1.571,0.091,-1.999,5.09,-3.0,-4.0,-3.999,-0.002,-2.005,-4.0,-4.0,0.155,-4.0,-0.009,10.263,1.321,-1.0,-2.155,-4.0,18.224,-4.0,0.225,-3.021,-1.289,-5.0,-2.063,-2.0,-6.0,-4.0,2.995,0.0,-0.11,-2.0,-2.0,-2.076,0.953,0.862,-0.793,-2.0,17.161,-6.0,-5.0,3.1,4.263,-4.0,7.933,-6.0,8.436,-4.0,-1.01,0.0,0.0,0.0,0.0,0.0,0.0,0.0,0.0,0.0,0.0
GoldS210,XAUUSDc,198,-10.0733,-30.22,2,-0.3923,0.0,458,10.917,1,5,0,0.015,1.7,3.0,0.0,0.5,15,1,-65.212,25,0,1,10,0.5,0.0,0.0,0.0,0.0,0.0,-1.0,23.865,-3.0,-4.0,-4.0,-4.999,0.0,0.986,-3.0,-3.0,-3.004,-3.0,-4.0,-3.0,-3.0,-3.0,4.663,-4.0,0.642,8.664,1.368,-6.0,-3.0,21.7,-5.0,-4.0,-4.0,-3.0,4.543,-1.016,-5.0,-5.999,-0.274,7.349,0.508,-3.0,5.343,0.501,-3.0,-3.0,-3.0,-4.0,2.993,6.013,-5.0,-5.999,-4.0,-6.0,0.031,-1.0,-4.011,-4.0,2.946,-4.0,1.938,11.948,-0.228,-4.0,-2.0,0.385,-5.0,6.29,-4.0,-2.0,-6.0,4.846,-3.0,-2.999,11.843,-3.0,-4.0,-3.999,0.997,-1.007,-4.0,-3.0,-3.0,25.107,-3.0,4.949,4.082,-1.0,1.523,-5.0,8.099,-4.0,2.487,-6.0,0.305,-5.0,11.726,-2.0,-5.0,-4.0,-0.576,0.0,-2.134,-2.0,-2.0,-4.0,13.26,-2.072,-4.0,-2.0,32.992,-6.0,-5.0,-4.0,-4.0,-4.0,-3.0,-6.0,0.053,-3.0,8.152,0.0,0.0,0.0,0.0,0.0,0.0,0.0,0.0,0.0,0.0
GoldS210,XAUUSDc,20,18.2627,27.394,4,1.4111,93.24,515,42.9126,1,5,0,0.015,1.1,1.0,0.0,0.5,15,1,1.853,5,0,1,10,0.0,0.0,0.0,0.0,0.0,0.0,0.986,-0.899,-0.899,0.986,-1.598,-1.159,-1.01,1.345,-1.047,-0.009,-4.001,-3.0,-2.992,0.09,-3.0,22.539,0.957,3.033,-1.607,3.745,1.464,1.902,3.819,-2.012,-5.0,-2.041,-4.0,-1.01,-3.008,3.886,6.253,11.819,1.251,-3.0,3.944,-3.0,-1.01,-1.007,-2.0,0.996,0.067,-4.0,3.117,0.118,-3.007,7.106,-0.009,-2.016,-2.007,-1.0,-4.009,-2.007,-0.747,-2.998,-0.009,7.772,-1.004,-3.0,2.753,8.901,-0.026,0.962,0.991,2.733,-2.012,2.984,6.415,0.318,4.103,-0.005,-2.006,-3.999,-1.001,-3.002,1.973,0.569,10.873,-2.0,-0.046,-0.023,-1.015,-1.0,1.038,0.118,0.683,-4.0,-2.001,3.55,-3.003,-2.017,3.922,0.002,0.259,-2.004,-1.029,0.0,-0.068,-2.0,1.638,-3.042,-0.023,2.243,-0.019,0.973,1.927,-0.819,-5.0,-0.022,3.624,-4.0,-0.967,-4.016,1.978,0.011,-1.055,0.0,0.0,0.0,0.0,0.0,0.0,0.0,0.0,0.0,0.0
GoldS210,XAUUSDc,234,-12.5423,-37.627,2,-0.6883,0.0,442,17.4208,1,5,0,0.015,1.7,2.5,0.0,0.5,15,1,-50.562,19,0,1,20,0.5,0.0,0.0,0.0,0.0,0.0,0.0,13.236,-3.0,-4.0,-0.488,-5.0,-0.501,0.488,-3.0,0.517,-3.503,-2.0,3.052,-3.0,-3.0,-3.0,11.329,3.722,2.501,5.358,2.352,-1.493,-3.0,4.015,-5.0,-4.0,-4.0,0.483,0.637,-2.513,-4.0,-5.0,1.353,7.426,-0.502,-3.0,9.583,0.515,-2.0,-2.0,-4.0,-4.0,6.315,-1.698,-5.0,-2.464,-4.0,-5.999,-4.0,-1.0,-4.51,-3.999,-5.0,9.455,1.442,7.284,-1.501,-4.0,-1.999,-0.519,0.27,-0.406,-2.0,5.173,3.417,1.898,1.531,-1.999,9.099,-3.0,-4.0,-4.0,0.498,-1.506,-3.0,-3.0,1.064,7.482,-3.0,-0.179,0.77,-1.0,-1.447,2.611,16.548,-4.0,2.585,-2.526,3.853,-5.0,0.78,-3.0,-4.0,-1.065,-0.375,0.0,0.852,-2.0,-2.0,-1.593,1.548,-1.56,-4.0,-2.0,8.834,-5.999,-4.999,3.446,6.39,-4.0,-4.0,-5.0,0.197,-3.0,1.807,0.0,0.0,0.0,0.0,0.0,0.0,0.0,0.0,0.0,0.0
GoldS210,XAUUSDc,116,-20.1865,-121.119,1,-0.8718,0.0,469,9.3817,1,5,0,0.015,1.1,3.0,0.0,0.5,15,1,-146.971,19,0,1,10,0.25,0.0,0.0,0.0,0.0,0.0,-1.0,-0.219,-2.999,-4.0,-4.0,-4.999,-0.001,0.987,-3.0,-3.0,-3.004,-3.0,-5.0,-3.0,-3.0,-5.0,12.443,-4.0,0.642,15.977,1.368,-6.0,-3.0,-5.0,-5.0,-4.0,-4.0,-4.0,4.543,-1.016,-5.0,-6.0,-0.275,-3.0,0.508,-3.0,-3.0,0.501,-3.0,-3.0,-3.0,-4.0,2.993,7.75,-5.0,-6.999,-4.0,-6.0,0.031,-1.0,-4.011,-4.0,2.946,-5.0,1.938,18.992,-0.228,-4.0,-2.0,0.385,-5.0,6.914,-4.0,-2.0,-6.0,4.846,-3.0,-3.0,15.831,-2.999,-4.0,-4.0,0.997,-1.007,-4.0,-4.0,-3.0,-4.0,-3.0,4.949,4.082,-1.0,0.523,-4.0,7.099,-4.0,2.487,-6.0,0.305,-5.0,22.852,-2.0,-4.999,-4.0,-0.576,0.0,-2.134,-2.0,-2.0,-4.0,19.667,-2.073,-4.0,-2.0,-4.0,-6.0,-5.0,-4.0,-4.0,-4.0,-4.0,-6.0,0.053,-4.0,16.811,0.0,0.0,0.0,0.0,0.0,0.0,0.0,0.0,0.0,0.0
GoldS210,XAUUSDc,182,-3.115,-9.345,2,-0.3602,0.0,512,44.3359,1,5,0,0.015,1.7,1.0,0.0,0.5,15,1,-12.539,0,0,1,10,0.5,0.0,0.0,0.0,0.0,0.0,0.986,-0.899,-0.899,0.986,-1.598,-1.159,1.89,1.345,-1.047,-0.009,-4.001,-3.0,-1.992,-0.503,-3.0,-0.162,-0.052,3.033,-1.607,1.856,0.004,1.456,3.083,-2.012,-5.0,-1.026,-4.0,0.734,-3.008,2.588,4.014,5.708,1.251,0.321,1.777,-3.0,-1.01,-1.007,-2.0,0.996,0.067,-4.0,1.656,0.118,-3.007,5.964,-0.009,-2.016,-2.007,-1.0,-4.009,-2.007,-0.747,-1.998,-0.009,5.705,1.904,-3.0,2.597,2.73,-0.026,0.962,3.992,-1.004,-2.012,2.984,4.386,0.318,4.103,-0.005,-2.006,-3.999,-1.001,-3.002,1.973,-0.155,4.078,-2.0,-0.046,-0.023,-1.015,-1.0,1.038,0.118,-0.392,-4.0,-2.001,3.55,-3.003,-2.017,3.922,0.002,5.198,-2.004,-1.029,0.0,-0.068,-2.0,1.638,-3.042,-0.023,2.243,-0.019,0.973,5.637,-0.819,-5.0,-0.022,3.624,-4.0,0.033,-1.287,1.978,0.011,-1.055,0.0,0.0,0.0,0.0,0.0,0.0,0.0,0.0,0.0,0.0
GoldS210,XAUUSDc,51,-12.0597,-36.179,2,-0.5427,0.0,470,20.6383,1,5,0,0.015,2.0,2.0,0.0,0.5,15,1,-73.256,13,0,1,15,0.0,0.0,0.0,0.0,0.0,0.0,1.972,-1.708,-3.0,-1.01,-0.992,-5.0,2.095,-0.009,-3.0,0.011,-4.003,-2.0,-0.75,-3.0,-3.0,-1.204,5.309,4.026,-6.0,7.948,1.561,0.676,-3.0,5.78,-5.0,-4.0,-4.0,-0.014,-5.0,8.588,-4.0,-4.999,-1.56,5.035,0.97,-3.0,-0.013,0.179,-2.0,-2.0,-4.0,-4.0,0.821,-1.698,-2.014,8.135,-1.004,-6.0,-1.014,-1.0,0.258,-4.0,-5.0,-4.0,0.947,4.074,-3.001,-3.0,-0.062,-4.0,-3.023,-0.702,7.833,0.991,5.182,1.038,0.014,-1.999,7.949,-3.0,-4.0,-4.0,-0.002,-2.005,5.459,-4.0,0.103,-4.0,-0.009,4.937,0.27,-1.0,-1.751,0.766,36.07,-4.0,-0.459,-3.021,-1.572,-5.0,-2.063,-2.0,-3.999,-1.88,1.934,0.0,-0.11,-2.0,-3.0,-2.076,0.953,1.389,-1.0,-2.0,13.835,-5.999,-5.0,2.054,5.84,-3.999,7.126,-6.0,7.427,-4.0,-0.01,0.0,0.0,0.0,0.0,0.0,0.0,0.0,0.0,0.0,0.0
GoldS210,XAUUSDc,170,-13.5622,-81.373,1,-0.7803,0.0,489,16.3599,1,5,0,0.015,1.7,2.0,0.0,0.5,15,1,-96.249,23,0,1,5,0.5,0.0,0.0,0.0,0.0,0.0,1.972,9.291,-3.999,-0.01,-4.0,-5.0,3.959,-0.01,-3.0,0.448,-4.003,-3.0,-4.0,-4.0,-3.0,10.876,1.512,-2.025,-5.999,4.396,-2.015,0.554,-3.0,2.977,-5.0,-4.0,-4.0,-1.014,-5.0,4.815,-7.0,-4.999,0.102,3.835,0.97,-3.0,-3.0,-4.0,-3.0,-3.0,-3.0,-4.0,-1.09,-0.363,-2.014,6.601,-1.004,-5.999,-1.014,-1.0,-5.008,-4.0,-0.683,-4.0,0.947,6.749,-3.001,-3.0,-0.062,-4.0,-3.023,-4.0,16.148,0.991,-6.0,3.711,1.475,-2.999,-0.023,-3.0,-4.0,-3.999,-0.002,-2.005,-4.0,10.415,1.001,10.114,-0.009,7.27,4.055,-1.0,-6.0,-6.0,8.876,-4.0,1.815,-3.021,-1.224,-5.0,-2.063,-2.0,-5.0,-4.0,1.192,0.0,-0.11,-2.0,-3.0,-2.076,0.953,3.478,-4.0,-2.0,19.1,-6.0,-5.0,4.361,-3.042,-3.0,7.043,-6.0,7.543,-3.0,-2.01,0.0,0.0,0.0,0.0,0.0,0.0,0.0,0.0,0.0,0.0
GoldS210,XAUUSDc,113,-0.0,-149.479,0,-0.9318,0.0,475,12.2105,1,5,0,0.015,1.4,2.5,0.0,0.5,15,1,-164.157,14,0,1,10,0.25,0.0,0.0,0.0,0.0,0.0,-1.0,-0.888,-2.999,-4.0,-4.0,-4.999,-0.501,0.489,-3.0,0.809,-3.503,-3.0,-5.0,-3.0,-3.0,8.78,8.725,-4.0,-0.708,11.679,2.932,-1.754,-3.0,-5.0,-5.0,-4.0,-4.0,-1.517,1.971,-1.513,-5.0,-6.0,-1.142,-3.0,-0.201,-3.0,-3.0,-0.123,-3.0,-3.0,-3.0,-4.0,11.165,2.779,-5.0,-2.635,-4.0,-6.0,-0.486,-1.0,-4.51,-4.0,1.778,-5.0,1.442,14.201,-1.501,-4.0,-2.0,-0.484,-1.529,0.112,-4.0,-2.0,-6.0,2.988,2.835,-3.0,11.506,-2.999,-4.0,-4.0,0.498,-1.506,-4.0,-4.0,-3.0,-4.0,-3.0,2.783,2.701,-1.0,-1.317,-4.0,4.978,-4.0,1.356,-2.526,-0.492,-5.0,6.029,-2.0,-4.999,-4.0,-1.228,0.0,0.852,-2.0,-2.0,-1.593,1.484,-2.561,-4.0,-2.0,-4.0,-6.0,-5.0,1.374,4.005,-4.0,-4.0,-6.0,-0.457,-4.0,9.941,0.0,0.0,0.0,0.0,0.0,0.0,0.0,0.0,0.0,0.0
GoldS210,XAUUSDc,281,-4.2455,-8.491,3,-0.262,0.0,501,46.3074,1,5,0,0.015,1.4,1.0,0.0,0.5,15,1,-10.359,0,0,1,15,0.75,0.0,0.0,0.0,0.0,0.0,0.986,-0.936,-0.842,0.986,0.115,-1.468,1.413,1.213,-1.047,-0.009,-4.001,0.17,2.331,-0.82,-3.0,-1.203,-0.577,2.926,-1.812,1.435,0.08,0.16,2.435,-2.012,-5.0,-1.563,-4.0,0.356,-3.008,1.783,3.48,3.619,0.974,-0.482,1.425,-3.0,-1.01,-1.002,-2.0,-0.002,0.464,-4.0,3.366,0.165,-3.007,4.557,-0.009,-2.016,-2.007,-1.0,-4.009,-2.007,-3.02,-3.0,-1.009,4.62,1.437,-3.0,2.074,1.131,-0.026,0.962,5.661,1.529,0.051,2.984,2.917,0.265,3.989,0.033,-0.408,-4.0,-1.001,-3.002,1.973,-0.581,2.348,-2.0,-0.046,-0.023,-1.015,-1.0,0.978,-0.448,-0.675,-4.0,-1.562,3.779,-3.003,-2.017,3.922,0.445,6.087,-2.004,2.606,0.0,-0.068,-2.0,1.429,-3.042,-0.023,2.092,-0.019,0.973,4.539,-1.441,-4.999,-0.022,3.109,-1.298,0.455,0.147,2.18,0.011,-1.055,0.0,0.0,0.0,0.0,0.0,0.0,0.0,0.0,0.0,0.0
GoldS210,XAUUSDc,224,-6.8623,-20.587,2,-0.603,0.0,477,31.4465,1,5,0,0.015,1.1,1.5,0.0,0.5,15,1,-27.283,2,0,1,20,0.5,0.0,0.0,0.0,0.0,0.0,1.479,1.978,-3.0,-1.508,-1.495,-5.0,4.414,-0.507,-3.0,-0.495,-4.502,2.215,-0.272,-3.0,-3.0,2.696,3.137,2.456,-0.618,2.429,1.596,-2.499,-3.0,-2.223,-5.0,-4.0,-4.0,-0.51,2.262,3.041,1.264,-2.492,4.39,1.686,4.723,-3.0,4.104,-0.496,-2.0,2.401,-4.0,-4.0,5.793,-0.898,-2.51,5.688,-1.503,-5.999,-1.511,-1.0,-3.014,-1.498,-5.0,0.255,0.486,5.406,-1.007,-3.0,4.093,-4.0,1.692,-0.013,-1.158,0.493,0.174,4.722,3.722,-0.503,4.444,4.573,-4.0,-4.0,-0.501,-2.503,2.81,0.522,2.017,1.711,0.944,-0.714,-0.463,-1.0,-2.482,4.838,0.894,-4.0,0.243,-0.99,-1.475,-2.502,-0.068,-3.0,5.49,-4.0,5.198,0.0,1.399,-2.0,-2.0,-2.559,0.465,-0.002,-1.526,-0.539,5.635,-3.307,-4.999,1.03,-0.04,0.442,1.861,-1.209,6.72,-3.0,-1.508,0.0,0.0,0.0,0.0,0.0,0.0,0.0,0.0,0.0,0.0
GoldS210,XAUUSDc,71,1.9887,5.966,2,0.109,769.29,458,22.7074,1,5,0,0.015,2.0,2.0,0.0,0.5,15,1,-39.93,18,0,1,20,0.0,0.0,0.0,0.0,0.0,0.0,1.972,7.05,-3.0,-1.01,-0.992,-5.0,9.105,-0.01,-3.0,0.011,-4.002,-2.0,-0.562,-3.0,-3.0,41.896,1.763,4.058,-2.566,3.045,1.224,4.188,-3.0,1.253,-5.0,-4.0,-4.0,-0.014,-0.984,0.299,-4.0,-4.999,0.571,7.941,0.97,-3.0,6.505,0.01,-2.0,-2.0,-3.998,-4.0,2.823,-2.351,-2.014,2.302,-1.004,-5.999,-1.014,-1.0,0.49,-3.999,-5.0,4.926,0.947,5.626,-2.001,-4.0,-0.061,-3.999,2.893,-0.947,-3.0,0.991,-0.089,1.092,0.009,-1.999,6.819,-3.0,-4.0,-4.0,-0.002,-2.005,3.847,-4.0,0.016,4.826,-0.009,5.814,0.158,-1.0,-1.964,1.464,10.924,-4.0,-0.687,-3.021,-0.34,-5.0,-2.063,-2.0,-4.0,-1.676,2.243,0.0,-0.11,-2.0,-2.0,-2.076,0.953,1.009,-1.0,-2.0,13.57,-5.999,-4.999,2.078,6.013,-4.0,4.916,-5.0,10.93,-3.999,-0.01,0.0,0.0,0.0,0.0,0.0,0.0,0.0,0.0,0.0,0.0
GoldS210,XAUUSDc,248,-12.2985,-73.791,1,-0.8148,0.0,469,19.6162,1,5,0,0.015,1.1,2.0,0.0,0.5,15,1,-80.641,14,0,1,5,0.75,0.0,0.0,0.0,0.0,0.0,1.972,5.201,-4.0,-0.01,-4.0,-5.0,6.624,-0.01,-3.0,0.448,-3.003,-2.0,-3.0,-4.0,-3.0,2.85,-0.167,-4.0,-0.564,2.005,-2.015,-2.063,2.138,0.478,-5.0,-4.0,-4.0,-0.014,-5.0,9.422,-5.0,-6.0,-0.338,1.723,0.97,-3.0,-3.0,-4.0,-3.0,-3.0,-3.0,-4.0,5.023,3.834,-2.014,10.556,-1.004,-6.0,-1.014,-1.0,-5.008,-4.0,-0.683,-3.0,-0.053,4.805,-2.001,-3.0,-0.062,-4.0,-3.023,-4.0,14.461,0.991,-0.778,2.523,1.437,-3.0,4.909,-3.0,0.0,-5.0,-0.002,-2.005,2.175,3.569,1.001,3.371,-0.009,4.421,2.464,-1.0,-6.0,-6.0,4.554,-4.0,1.662,-2.021,-1.224,-5.0,-2.063,-2.0,-3.0,-0.659,0.974,0.0,-0.11,-2.0,-2.0,-2.076,0.953,1.747,-4.0,-2.0,10.825,-6.0,-4.999,3.73,-3.042,3.554,4.891,-5.0,8.991,-2.999,-2.01,0.0,0.0,0.0,0.0,0.0,0.0,0.0,0.0,0.0,0.0
GoldS210,XAUUSDc,146,1.015,2.03,3,0.0755,844.04,478,30.7531,1,5,0,0.015,1.7,1.5,0.0,0.5,15,1,-15.104,8,0,1,20,0.25,0.0,0.0,0.0,0.0,0.0,1.479,2.279,-3.0,-1.508,-1.495,-5.0,5.305,-0.507,-3.0,-0.495,-4.502,3.089,-1.272,-3.0,-3.0,13.134,5.306,2.456,-0.615,2.429,1.6,-2.499,-3.0,-2.223,-5.0,-4.0,-4.0,-0.51,4.756,3.048,1.77,-2.492,4.444,3.473,7.1,-3.0,4.157,-0.496,-2.0,3.823,-4.0,-4.0,9.223,-0.898,-2.51,10.163,-1.503,-5.998,-1.511,-1.0,-3.014,-1.498,-5.0,1.906,0.486,6.367,-1.007,-3.0,4.093,-4.0,1.692,-0.013,-1.158,0.493,0.174,4.726,2.735,0.497,4.444,4.789,-4.0,-4.0,-0.501,-2.503,2.81,0.522,2.017,1.935,0.944,-0.714,-0.463,-1.0,-2.482,5.064,0.894,-4.0,-4.0,-0.99,-1.475,-2.502,-0.068,-3.0,0.283,-4.0,5.198,0.0,1.399,-2.0,-2.0,-2.559,0.465,-0.002,-1.526,-0.539,8.398,-3.307,-4.999,1.03,-0.04,-4.0,1.861,-1.209,6.885,-4.0,-0.508,0.0,0.0,0.0,0.0,0.0,0.0,0.0,0.0,0.0,0.0
GoldS210,XAUUSDc,166,-8.7417,-52.45,1,-0.8271,0.0,497,25.1509,1,5,0,0.015,1.7,1.5,0.0,0.5,15,1,-59.567,10,0,1,5,0.5,0.0,0.0,0.0,0.0,0.0,1.479,2.653,-3.999,-0.508,-4.0,-5.0,4.414,-0.507,-3.0,-0.251,-4.502,-3.0,-4.0,-4.0,-3.0,2.696,-0.509,0.217,-1.683,-0.307,-1.021,-2.131,-3.0,-0.463,-5.0,-4.0,-4.0,-1.51,-2.511,6.292,2.877,-4.999,1.374,2.078,5.756,-3.0,-0.515,-4.0,-3.0,2.174,-3.0,-4.0,5.553,2.333,-2.51,8.257,-1.503,-5.999,-1.511,-1.0,-3.014,0.276,-1.771,-4.0,0.486,8.102,-1.007,-3.0,6.092,-4.0,-0.913,2.848,-0.161,0.493,-0.792,4.15,7.178,1.323,5.417,1.856,-4.0,-3.999,-0.501,-2.503,-1.509,2.053,4.381,5.828,0.944,-0.39,0.528,-1.0,-6.0,1.856,2.06,-4.0,0.11,0.903,-2.049,-2.502,-0.068,-2.0,0.377,-4.0,1.161,0.0,1.399,-2.0,-3.0,-2.559,0.465,1.316,-1.526,-0.539,11.775,-1.53,-5.0,1.481,-1.041,-3.0,2.185,-6.0,4.175,-3.0,-2.508,0.0,0.0,0.0,0.0,0.0,0.0,0.0,0.0,0.0,0.0
GoldS210,XAUUSDc,303,-1.713,-3.426,3,-0.1239,0.0,499,46.8938,1,5,0,0.015,2.0,1.0,0.0,0.5,15,1,-7.311,0,0,1,20,0.75,0.0,0.0,0.0,0.0,0.0,0.986,-0.767,-0.808,0.986,0.219,-1.598,1.413,1.023,-1.047,-0.009,-4.001,-0.117,4.134,-0.829,-3.0,-1.203,-0.577,2.926,-1.899,1.298,0.024,0.163,2.435,-2.012,-5.0,-2.041,-4.0,0.356,-3.008,1.482,3.373,3.427,0.974,-0.44,1.431,-3.0,1.741,-1.002,-2.0,-0.002,0.464,-4.0,3.352,0.045,-3.007,4.557,-0.009,-2.016,-2.007,-1.0,-4.009,-2.007,-3.02,-1.04,-1.009,4.718,1.437,-3.0,2.208,1.131,-0.026,0.962,5.61,1.59,0.021,2.984,2.922,-0.003,3.989,-0.005,-0.184,-4.0,-1.001,-3.002,1.973,-0.581,2.097,-2.0,-0.046,-0.023,-1.015,-1.0,0.926,-0.254,-0.731,-4.0,-1.562,3.464,-2.009,-2.017,3.922,0.445,6.158,-2.004,2.588,0.0,-0.068,-2.0,1.406,-3.042,-0.023,1.955,-0.019,0.973,3.979,-1.418,-4.0,-0.022,3.038,-1.298,0.325,-0.341,2.166,0.011,-1.055,0.0,0.0,0.0,0.0,0.0,0.0,0.0,0.0,0.0,0.0
GoldS210,XAUUSDc,97,-41.147,-82.294,3,-0.459,0.0,487,6.1602,1,5,0,0.015,1.4,3.0,0.0,0.5,15,1,-150.224,13,0,1,5,0.25,0.0,0.0,0.0,0.0,0.0,-0.999,69.39,-4.0,-4.0,-3.0,-6.0,-0.001,0.986,-3.0,-3.0,-3.004,-3.0,-5.0,-4.0,-3.0,-5.0,9.881,-6.0,-6.0,22.539,-4.999,-5.999,-3.0,-5.0,-5.0,-4.0,-4.0,-5.0,-5.0,-2.015,-7.0,-6.0,9.008,-3.0,-1.029,-3.0,-3.0,-5.0,-2.0,-2.999,-4.0,-3.0,-4.999,18.237,-4.999,-7.0,-4.0,-6.0,-4.0,-1.0,-4.011,-4.0,2.494,-5.0,1.938,11.397,4.159,-3.0,-2.0,-5.0,-4.999,-4.999,-4.999,-2.0,-6.0,33.316,4.783,-2.0,-3.0,-3.0,-4.0,-4.0,0.997,-1.007,-4.0,-4.0,-3.0,-4.0,-3.0,-6.0,20.918,-1.0,-7.0,-5.0,-1.012,-4.0,5.228,-6.0,0.424,-5.0,44.089,-2.0,-4.999,-4.0,-5.0,0.0,-2.134,-2.0,-3.0,-4.0,3.599,-2.073,-4.0,-2.0,-5.0,-6.0,-5.0,-4.0,-6.0,-3.0,-4.0,-6.0,-4.0,-4.0,27.599,0.0,0.0,0.0,0.0,0.0,0.0,0.0,0.0,0.0,0.0
GoldS210,XAUUSDc,242,-4.0775,-8.155,3,-0.2451,0.0,507,45.5621,1,5,0,0.015,1.7,1.0,0.0,0.5,15,1,-10.486,0,0,1,5,0.75,0.0,0.0,0.0,0.0,0.0,0.986,-0.807,-0.533,0.986,-1.551,-1.468,1.413,1.641,-1.047,-0.009,-4.001,0.17,0.331,-4.0,-3.0,-1.203,-0.577,2.926,-1.038,1.696,0.24,0.248,2.435,-2.012,-5.0,-1.563,-4.0,0.356,-3.008,1.783,3.48,3.648,1.265,-0.432,1.635,-3.0,-1.01,-1.007,-2.0,0.996,0.242,-4.0,3.444,0.365,-3.007,4.722,-0.009,-2.016,-2.007,-1.0,-4.009,-2.007,-0.879,-3.0,-1.009,4.797,1.437,-3.0,2.493,1.131,-0.026,0.962,5.367,-1.004,-2.012,2.984,3.393,0.479,4.464,0.504,-0.346,-4.0,-1.001,-3.002,1.973,-0.147,3.145,-2.0,-0.046,-0.023,-1.015,-1.0,1.316,-0.244,-0.675,-4.0,-1.562,3.923,-3.003,-2.017,3.922,0.286,6.457,-2.004,2.606,0.0,-0.068,-2.0,1.429,-3.042,-0.023,2.562,-0.019,0.973,4.666,-1.012,-4.999,-0.022,2.429,-0.298,0.049,0.147,2.475,0.342,-1.055,0.0,0.0,0.0,0.0,0.0,0.0,0.0,0.0,0.0,0.0
GoldS210,XAUUSDc,130,-8.7332,-52.399,1,-0.7628,0.0,469,20.6823,1,5,0,0.015,1.7,2.0,0.0,0.5,15,1,-68.313,14,0,1,15,0.25,0.0,0.0,0.0,0.0,0.0,1.972,-1.708,-3.0,-1.01,-0.992,-5.0,12.379,-0.009,-3.0,0.011,-4.003,-2.0,-0.751,-3.0,-3.0,-1.204,4.845,4.026,-6.0,7.904,1.561,0.676,-3.0,3.568,-4.999,-4.0,-4.0,-0.014,-5.0,8.579,-4.0,-4.999,-1.56,5.035,0.971,-3.0,-0.013,0.179,-2.0,-2.0,-4.0,-4.0,1.821,-1.698,-2.014,8.135,-1.004,-5.999,-1.014,-1.0,0.256,-4.0,-5.0,-3.999,0.947,4.074,-3.001,-3.0,-0.062,-4.0,-3.023,-0.702,7.833,0.991,5.14,1.038,0.014,-1.999,7.949,-3.0,-4.0,-4.0,-0.002,-2.005,5.459,-4.0,0.103,-4.0,-0.009,4.937,0.27,-1.0,-2.751,1.737,14.907,-4.0,-4.0,-3.021,-1.572,-5.0,-2.063,-2.0,-4.0,-1.88,1.934,0.0,-0.11,-2.0,-3.0,-2.076,0.953,1.389,-1.0,-2.0,13.835,-5.999,-5.0,2.054,5.84,-3.999,7.126,-6.0,7.427,-4.0,-0.01,0.0,0.0,0.0,0.0,0.0,0.0,0.0,0.0,0.0,0.0
GoldS210,XAUUSDc,152,-4.7333,-14.2,2,-0.2837,0.0,445,16.8539,1,5,0,0.015,1.1,2.5,0.0,0.5,15,1,-33.633,17,0,1,20,0.25,0.0,0.0,0.0,0.0,0.0,0.0,14.096,-3.0,-4.0,-0.488,-5.0,-0.5,0.488,-3.0,0.517,-3.503,-2.0,2.048,-3.0,-3.0,-4.0,17.132,3.705,2.498,5.358,2.337,-1.493,-3.0,5.869,-5.0,-4.0,-4.0,0.483,0.637,-2.513,-4.0,-5.0,1.353,11.036,-0.501,-3.0,9.297,0.515,-2.0,-2.0,-4.0,-4.0,6.315,-1.698,-5.0,-2.464,-4.0,-5.998,-4.0,-1.0,-4.51,-3.999,-5.0,14.933,1.442,9.067,-1.501,-4.0,-1.999,-0.519,0.27,-0.406,-3.0,12.115,4.471,1.898,0.522,-0.999,10.896,-3.0,-4.0,-4.0,0.498,-1.506,-3.0,-4.0,1.064,9.429,-3.0,-0.179,0.77,-1.0,-1.447,2.973,19.655,-4.0,-4.0,-2.526,-4.0,-5.0,0.78,-3.0,-4.0,-1.065,-0.375,0.0,0.852,-2.0,-2.0,-1.593,1.548,-1.561,-4.0,-2.0,16.433,-5.999,-4.999,3.446,6.39,-4.0,-4.0,-4.999,0.197,-4.0,2.807,0.0,0.0,0.0,0.0,0.0,0.0,0.0,0.0,0.0,0.0
GoldS210,XAUUSDc,50,-12.106,-36.318,2,-0.5447,0.0,470,20.6383,1,5,0,0.015,1.7,2.0,0.0,0.5,15,1,-73.337,13,0,1,15,0.0,0.0,0.0,0.0,0.0,0.0,1.972,-1.708,-3.0,-1.01,-0.992,-5.0,2.095,-0.009,-3.0,0.011,-4.003,-2.0,-0.75,-3.0,-3.0,-1.204,5.309,4.026,-6.0,7.948,1.561,0.676,-3.0,5.78,-5.0,-4.0,-4.0,-0.014,-5.0,8.579,-4.0,-4.999,-1.56,5.035,0.97,-3.0,-0.013,0.179,-2.0,-2.0,-4.0,-4.0,0.821,-1.698,-2.014,8.135,-1.004,-6.0,-1.014,-1.0,0.256,-4.0,-5.0,-4.0,0.947,4.074,-3.001,-3.0,-0.062,-4.0,-3.023,-0.702,7.833,0.991,5.14,1.038,0.014,-1.999,7.949,-3.0,-4.0,-3.999,-0.002,-2.005,5.459,-4.0,0.103,-4.0,-0.009,4.937,0.27,-1.0,-1.751,0.737,36.012,-4.0,-0.459,-3.021,-1.572,-5.0,-2.063,-2.0,-3.999,-1.88,1.934,0.0,-0.11,-2.0,-3.0,-2.076,0.953,1.389,-1.0,-2.0,13.835,-5.999,-5.0,2.054,5.84,-3.999,7.126,-6.0,7.427,-4.0,-0.01,0.0,0.0,0.0,0.0,0.0,0.0,0.0,0.0,0.0,0.0
GoldS210,XAUUSDc,82,4.8795,9.759,3,0.3635,94.84,516,40.3101,1,5,0,0.015,1.7,1.0,0.0,0.5,15,1,0.504,7,0,1,5,0.25,0.0,0.0,0.0,0.0,0.0,0.986,-0.807,0.684,-0.014,-3.0,-0.189,3.346,5.184,-1.047,-0.009,-4.001,-3.0,-5.0,-4.0,-3.0,4.88,0.459,1.793,-0.913,3.461,0.386,2.169,2.597,-2.012,-5.0,-4.0,-4.0,-1.01,-3.008,4.924,6.485,-2.004,1.859,-3.0,-1.016,-3.0,-1.01,-1.007,-2.0,0.996,-0.758,-3.0,6.047,2.768,-3.006,14.877,-0.009,-2.016,-2.007,-1.0,-4.009,-2.007,-0.879,-5.0,-0.009,7.843,-1.004,-3.0,4.061,7.305,-0.026,0.962,2.985,-1.004,-2.012,2.984,5.7,2.993,4.464,0.644,-2.006,-4.0,-1.001,-3.002,1.973,-0.641,8.064,-2.0,-0.046,-0.023,-1.015,-1.0,1.586,2.014,0.628,-4.0,-1.541,5.468,-3.003,-2.017,3.922,0.286,10.374,-2.004,-1.029,0.0,-0.068,-2.0,-1.037,-3.042,-0.023,4.43,-0.019,0.973,1.927,-3.055,-5.0,-0.022,3.139,-3.0,-0.951,-4.016,-0.033,0.575,-1.055,0.0,0.0,0.0,0.0,0.0,0.0,0.0,0.0,0.0,0.0
GoldS210,XAUUSDc,228,-10.824,-32.472,2,-0.5382,0.0,458,22.9258,1,5,0,0.015,1.1,2.0,0.0,0.5,15,1,-45.343,15,0,1,20,0.5,0.0,0.0,0.0,0.0,0.0,1.972,6.415,-3.0,-1.01,-0.992,-5.0,7.734,-0.01,-3.0,0.011,-4.003,-2.0,0.428,-3.0,-3.0,8.871,7.593,4.058,-2.569,3.045,1.214,-0.009,-3.0,0.254,-5.0,-4.0,-4.0,-0.014,-0.984,0.299,-4.0,-5.0,0.57,5.24,0.97,-3.0,6.283,0.01,-2.0,-2.0,-4.0,-4.0,2.823,-2.351,-2.014,2.302,-1.004,-5.999,-1.014,-1.0,-5.008,-3.999,-5.0,2.141,0.947,4.254,-2.001,-4.0,-0.061,-4.0,2.893,-0.947,2.323,0.991,-0.652,1.092,0.004,-1.999,5.308,-3.0,-4.0,-4.0,-0.002,-2.005,3.847,6.258,0.016,3.795,-0.009,5.134,0.158,-1.0,-1.964,1.14,8.989,-4.0,1.405,-3.021,1.145,-5.0,-2.063,-3.0,-4.0,-1.676,2.243,0.0,-0.11,-2.0,-2.0,-2.076,0.953,1.009,-1.0,-2.0,9.361,-5.999,-4.999,2.078,6.013,-4.0,4.916,-4.999,10.596,-3.0,-1.01,0.0,0.0,0.0,0.0,0.0,0.0,0.0,0.0,0.0,0.0
GoldS210,XAUUSDc,111,-15.4627,-92.776,1,-0.8881,0.0,486,18.3128,1,5,0,0.015,2.0,2.0,0.0,0.5,15,1,-107.298,15,0,1,10,0.25,0.0,0.0,0.0,0.0,0.0,1.972,-1.557,-2.999,-1.01,-4.0,-4.999,8.598,-0.009,-3.0,0.214,-4.003,-3.0,-5.0,-3.0,-3.0,0.832,5.005,-2.025,-6.0,7.382,1.578,7.187,-3.0,7.009,-5.0,-4.0,-4.0,-2.014,-0.601,9.877,-5.0,-6.0,-1.762,-3.0,0.97,-3.0,0.016,-0.746,-3.0,-3.0,-3.0,-4.0,2.27,-0.4,-2.014,11.521,-1.004,-6.0,-1.014,-1.0,-0.166,-4.0,-0.391,2.66,0.947,9.526,-2.001,-4.0,-0.062,-4.0,-3.023,-0.632,-4.0,0.991,-6.0,1.571,0.091,-3.0,5.09,-2.998,-4.0,-4.0,-0.002,-2.005,-4.0,-4.0,0.155,-4.0,-0.009,10.263,1.321,-1.0,-2.156,-4.0,2.856,-4.0,0.225,-3.021,-1.289,-5.0,-2.063,-2.0,-4.999,-4.0,2.995,0.0,-0.11,-2.0,-2.0,-2.076,0.953,0.862,-0.793,-2.0,9.518,-6.0,-5.0,3.1,4.263,-4.0,7.933,-6.0,8.436,-4.0,-1.01,0.0,0.0,0.0,0.0,0.0,0.0,0.0,0.0,0.0,0.0
GoldS210,XAUUSDc,171,-26.411,-79.233,2,-0.7757,0.0,489,16.3599,1,5,0,0.015,2.0,2.0,0.0,0.5,15,1,-94.788,23,0,1,5,0.5,0.0,0.0,0.0,0.0,0.0,1.972,9.291,-3.999,-0.01,-4.0,-5.0,3.959,-0.01,-3.0,0.448,-4.003,-3.0,-4.0,-4.0,-3.0,10.876,1.512,-2.025,-5.999,4.396,-2.015,0.554,-3.0,2.977,-5.0,-4.0,-4.0,-1.014,-5.0,4.815,-7.0,-4.999,0.102,3.835,0.97,-3.0,-3.0,-4.0,-3.0,-3.0,-3.0,-4.0,-1.09,-0.363,-2.014,6.601,-1.004,-5.999,-1.014,-1.0,-5.008,-4.0,-0.683,-4.0,0.947,6.749,-3.001,-3.0,-0.062,-4.0,-3.023,-4.0,16.148,0.991,-6.0,3.711,1.475,-2.999,-0.023,-3.0,-4.0,-3.999,-0.002,-2.005,-4.0,12.555,1.001,10.114,-0.009,7.27,4.055,-1.0,-6.0,-6.0,8.876,-4.0,1.815,-3.021,-1.224,-5.0,-2.063,-2.0,-5.0,-4.0,1.192,0.0,-0.11,-2.0,-3.0,-2.076,0.953,3.478,-4.0,-2.0,19.1,-6.0,-5.0,4.361,-3.042,-3.0,7.043,-6.0,7.543,-3.0,-2.01,0.0,0.0,0.0,0.0,0.0,0.0,0.0,0.0,0.0,0.0
GoldS210,XAUUSDc,199,-10.0733,-30.22,2,-0.3923,0.0,458,10.917,1,5,0,0.015,2.0,3.0,0.0,0.5,15,1,-65.212,25,0,1,10,0.5,0.0,0.0,0.0,0.0,0.0,-1.0,23.865,-3.0,-4.0,-4.0,-4.999,0.0,0.986,-3.0,-3.0,-3.004,-3.0,-4.0,-3.0,-3.0,-3.0,4.663,-4.0,0.642,8.664,1.368,-6.0,-3.0,21.7,-5.0,-4.0,-4.0,-3.0,4.543,-1.016,-5.0,-5.999,-0.274,7.349,0.508,-3.0,5.343,0.501,-3.0,-3.0,-3.0,-4.0,2.993,6.013,-5.0,-5.999,-4.0,-6.0,0.031,-1.0,-4.011,-4.0,2.946,-4.0,1.938,11.948,-0.228,-4.0,-2.0,0.385,-5.0,6.29,-4.0,-2.0,-6.0,4.846,-3.0,-2.999,11.843,-3.0,-4.0,-3.999,0.997,-1.007,-4.0,-3.0,-3.0,25.107,-3.0,4.949,4.082,-1.0,1.523,-5.0,8.099,-4.0,2.487,-6.0,0.305,-5.0,11.726,-2.0,-5.0,-4.0,-0.576,0.0,-2.134,-2.0,-2.0,-4.0,13.26,-2.072,-4.0,-2.0,32.992,-6.0,-5.0,-4.0,-4.0,-4.0,-3.0,-6.0,0.053,-3.0,8.152,0.0,0.0,0.0,0.0,0.0,0.0,0.0,0.0,0.0,0.0
GoldS210,XAUUSDc,200,-0.361,-2.166,1,-0.0834,0.0,506,45.2569,1,5,0,0.015,1.1,1.0,0.0,0.5,15,1,-5.092,0,0,1,15,0.5,0.0,0.0,0.0,0.0,0.0,0.986,-0.936,-0.842,0.986,0.115,-1.407,1.861,1.304,-1.047,-0.009,-4.001,0.284,1.052,-0.659,-3.0,-0.162,-0.052,3.14,-1.812,1.653,0.08,1.277,3.083,-2.012,-5.0,-1.261,-4.0,0.734,-3.008,2.28,4.084,5.646,0.974,0.025,1.765,-3.0,-1.01,-1.002,-2.0,-0.002,0.777,-4.0,1.501,0.165,-3.007,5.678,-0.009,-2.016,-2.007,-1.0,-4.009,-2.007,-3.02,-4.0,-0.009,4.924,1.869,-3.0,2.074,2.579,-0.026,0.962,6.171,2.126,0.051,2.984,4.127,0.265,3.989,0.033,-2.006,-4.0,-1.001,-3.002,1.973,-0.386,2.348,-2.0,-0.046,-0.023,-1.015,-1.0,0.978,0.091,-0.45,-4.0,-0.919,3.17,-3.003,-2.017,3.922,0.504,7.034,-2.004,-1.029,0.0,-0.068,-2.0,-1.037,-3.042,-0.023,2.093,-0.019,0.973,4.57,-0.939,-5.0,-0.022,3.109,-0.456,0.455,-1.287,2.18,0.011,-1.055,0.0,0.0,0.0,0.0,0.0,0.0,0.0,0.0,0.0,0.0
GoldS210,XAUUSDc,286,-9.47,-28.41,2,-0.5674,0.0,468,32.0513,1,5,0,0.015,1.7,1.5,0.0,0.5,15,1,-32.482,0,0,1,15,0.75,0.0,0.0,0.0,0.0,0.0,1.479,0.957,-3.0,-1.508,-1.495,-5.0,3.414,-0.507,-3.0,-0.495,-3.502,1.69,-1.999,-3.0,-3.0,-0.33,-1.697,3.032,0.18,-1.404,1.819,-4.0,0.595,-2.138,-5.0,-4.0,-4.0,-0.51,1.313,3.301,0.31,-2.456,3.855,0.57,3.718,-3.0,-0.515,-0.408,-2.0,1.775,-3.0,-4.0,4.663,3.259,-2.51,7.059,-1.503,-2.83,-1.511,-1.0,-3.014,-1.479,-5.0,-3.0,-0.514,4.521,-2.501,-3.0,3.794,-4.0,2.217,0.072,2.076,0.493,0.412,4.812,3.727,-0.063,4.444,3.977,0.0,-5.0,-0.501,-2.503,2.138,0.151,2.595,1.486,0.944,-0.954,-0.511,-1.0,-2.349,4.044,1.069,-4.0,-0.621,0.641,-2.252,-2.502,-0.068,-2.0,6.662,-4.0,4.993,0.0,1.399,-2.0,-2.0,-2.559,0.465,0.256,-1.526,-0.539,8.816,-3.35,-4.999,0.998,-0.041,-0.192,2.079,-2.166,5.002,-3.0,1.84,0.0,0.0,0.0,0.0,0.0,0.0,0.0,0.0,0.0,0.0
GoldS210,XAUUSDc,253,-0.0,-110.735,0,-0.9066,0.0,456,12.9386,1,5,0,0.015,1.4,2.5,0.0,0.5,15,1,-123.648,25,0,1,5,0.75,0.0,0.0,0.0,0.0,0.0,-1.0,8.861,-4.0,-3.0,-4.0,-5.0,-0.501,0.488,-3.0,1.146,-2.503,-2.0,-3.0,-4.0,-3.0,-3.0,1.129,-4.0,0.871,4.452,-1.519,-5.0,3.707,4.041,-5.0,-4.0,-4.0,0.483,-5.0,-1.513,-5.0,-6.0,0.984,2.8,-1.524,-3.0,-3.0,-4.0,-3.0,-3.0,-3.0,-4.0,9.627,0.13,-5.0,23.48,-4.0,-6.0,-4.0,-1.0,-4.51,-4.0,1.406,-3.0,0.442,7.776,-1.501,-3.0,-2.0,-5.0,-1.529,-4.0,6.386,-3.0,2.816,5.052,3.632,-3.0,7.738,-3.0,0.0,-5.0,0.498,-1.506,-4.0,-3.0,3.245,6.204,-3.0,2.193,4.517,-1.0,-6.0,-6.0,9.437,-4.0,3.301,-1.526,-0.4,-5.0,0.784,-2.0,-3.0,0.284,-4.0,0.0,0.852,-2.0,-2.0,-1.593,2.362,-2.561,-4.0,-2.0,8.131,-6.0,-4.999,2.871,-5.0,-3.0,-4.0,-5.0,1.271,-2.999,1.552,0.0,0.0,0.0,0.0,0.0,0.0,0.0,0.0,0.0,0.0
GoldS210,XAUUSDc,161,-2.482,-7.446,2,-0.2881,0.0,513,43.0799,1,5,0,0.015,1.4,1.0,0.0,0.5,15,1,-10.661,0,0,1,5,0.5,0.0,0.0,0.0,0.0,0.0,0.986,-0.807,-0.103,0.986,-0.905,-0.935,1.89,2.421,-1.047,-0.009,-4.001,-3.0,-4.0,-4.0,-3.0,-0.162,-0.052,4.17,0.094,2.184,0.386,1.596,2.597,-2.012,-5.0,-1.026,-4.0,0.734,-3.008,2.588,4.105,5.87,1.413,0.321,2.333,-3.0,-1.01,-1.007,-2.0,0.996,0.242,-4.0,1.838,0.966,-3.007,6.986,-0.009,-2.016,-2.007,-1.0,-4.009,-2.007,-0.879,-4.0,-0.009,5.901,1.904,-3.0,3.028,2.73,-0.026,0.962,2.985,-1.004,-2.012,2.984,4.934,1.107,4.464,0.644,-2.006,-3.999,-1.001,-3.002,1.973,-2.072,4.38,-2.0,-0.046,-0.023,-1.015,-1.0,1.586,0.693,-0.368,-4.0,-1.541,3.925,-3.003,-2.017,3.922,0.286,5.31,-2.004,-1.029,0.0,-0.068,-2.0,-1.037,-3.042,-0.023,3.122,-0.019,0.973,5.276,-0.006,-5.0,-0.022,2.926,-3.0,0.049,-1.287,-0.033,0.575,-1.055,0.0,0.0,0.0,0.0,0.0,0.0,0.0,0.0,0.0,0.0
GoldS210,XAUUSDc,115,-0.0,-149.478,0,-0.9318,0.0,475,12.2105,1,5,0,0.015,2.0,2.5,0.0,0.5,15,1,-164.156,14,0,1,10,0.25,0.0,0.0,0.0,0.0,0.0,-1.0,-0.888,-2.999,-4.0,-4.0,-4.999,-0.501,0.489,-3.0,0.809,-3.503,-3.0,-5.0,-3.0,-3.0,8.78,8.725,-4.0,-0.708,11.679,2.932,-1.754,-3.0,-5.0,-5.0,-4.0,-4.0,-1.517,1.971,-1.513,-5.0,-6.0,-1.142,-3.0,-0.201,-3.0,-3.0,-0.123,-3.0,-3.0,-3.0,-4.0,11.165,2.779,-5.0,-2.635,-4.0,-6.0,-0.486,-1.0,-4.51,-4.0,1.778,-5.0,1.442,14.201,-1.501,-4.0,-2.0,-0.484,-1.529,0.112,-4.0,-2.0,-6.0,2.988,2.835,-3.0,11.506,-2.998,-4.0,-4.0,0.498,-1.506,-4.0,-4.0,-3.0,-4.0,-3.0,2.783,2.701,-1.0,-1.317,-4.0,4.978,-4.0,1.356,-2.526,-0.492,-5.0,6.029,-2.0,-4.999,-4.0,-1.228,0.0,0.852,-2.0,-2.0,-1.593,1.484,-2.561,-4.0,-2.0,-4.0,-6.0,-5.0,1.374,4.005,-4.0,-4.0,-6.0,-0.457,-4.0,9.941,0.0,0.0,0.0,0.0,0.0,0.0,0.0,0.0,0.0,0.0
GoldS210,XAUUSDc,246,-11.223,-33.669,2,-0.6237,0.0,483,29.6066,1,5,0,0.015,1.7,1.5,0.0,0.5,15,1,-37.741,0,0,1,5,0.75,0.0,0.0,0.0,0.0,0.0,1.479,1.59,-4.0,-0.508,-4.0,-5.0,3.414,-0.507,-3.0,-0.251,-3.502,1.69,-2.999,-4.0,-3.0,-0.33,-1.463,3.761,1.262,-1.395,-1.021,-4.0,0.57,-1.437,-5.0,-4.0,-4.0,-0.51,1.313,4.008,1.696,-5.0,4.911,0.646,4.039,-3.0,-0.515,-4.0,-3.0,0.802,-3.0,-4.0,5.302,4.149,-2.51,7.483,-1.503,-2.749,-1.511,-1.0,-3.014,-0.543,-1.771,-3.0,-0.514,5.166,-2.501,-3.0,4.76,-4.0,-0.913,1.4,2.212,0.493,-2.141,6.514,4.073,0.289,4.784,0.725,0.0,-5.0,-0.501,-2.503,2.47,0.161,3.353,2.608,0.944,-0.39,0.298,-1.0,-6.0,0.313,1.069,-4.0,0.025,0.93,-2.049,-2.502,-0.068,-2.0,8.539,-4.0,5.383,0.0,1.399,-2.0,-2.0,-2.559,0.465,0.17,-1.526,-0.539,6.974,-2.546,-4.999,1.481,-1.041,0.808,1.9,-1.741,5.951,-3.0,1.631,0.0,0.0,0.0,0.0,0.0,0.0,0.0,0.0,0.0,0.0
GoldS210,XAUUSDc,186,-16.2663,-48.799,2,-0.8939,0.0,491,27.6986,1,5,0,0.015,1.7,1.5,0.0,0.5,15,1,-55.495,6,0,1,10,0.5,0.0,0.0,0.0,0.0,0.0,1.479,2.414,-3.0,-1.508,-4.0,-4.999,4.414,-0.507,-3.0,-0.382,-4.502,-3.0,-4.0,-3.0,-3.0,2.696,-0.909,-0.824,-3.254,-0.492,1.767,0.245,-3.0,-0.602,-5.0,-4.0,-4.0,-1.51,-2.511,4.172,2.803,-4.999,5.159,2.078,4.797,-3.0,-0.515,-1.37,-3.0,2.098,-3.0,-4.0,7.523,0.315,-2.51,7.637,-1.503,-3.423,-1.511,-1.0,-3.014,-1.406,-1.559,0.301,0.486,6.705,-1.007,-3.0,5.379,-4.0,-1.018,1.508,-4.0,0.493,-0.792,2.709,6.153,0.025,3.848,5.676,-4.0,-3.999,-0.501,-2.503,-1.509,1.839,3.879,5.405,0.944,-0.953,-0.137,-1.0,-1.996,1.714,2.019,-4.0,-0.907,0.404,-2.087,-2.502,-0.067,-2.0,3.366,-4.0,0.595,0.0,1.399,-2.0,-2.0,-2.559,0.465,-0.431,-1.526,-0.539,13.487,-3.053,-5.0,1.481,-0.041,-4.0,1.39,-6.0,5.379,-3.0,-2.508,0.0,0.0,0.0,0.0,0.0,0.0,0.0,0.0,0.0,0.0
GoldS210,XAUUSDc,227,-6.7527,-20.258,2,-0.5983,0.0,477,31.4465,1,5,0,0.015,2.0,1.5,0.0,0.5,15,1,-26.954,2,0,1,20,0.5,0.0,0.0,0.0,0.0,0.0,1.479,1.978,-3.0,-1.508,-1.495,-5.0,4.414,-0.507,-3.0,-0.495,-4.502,2.215,-0.267,-3.0,-3.0,2.696,3.148,2.456,-0.615,2.429,1.6,-2.499,-3.0,-2.223,-5.0,-4.0,-4.0,-0.51,2.262,3.053,1.264,-2.486,4.397,1.686,4.724,-3.0,4.215,-0.496,-2.0,2.401,-4.0,-4.0,5.793,-0.898,-2.51,5.806,-1.503,-5.999,-1.511,-1.0,-3.014,-1.498,-5.0,0.255,0.486,5.406,-1.007,-3.0,4.093,-3.999,1.692,-0.013,-1.158,0.493,0.174,4.731,3.741,-0.503,4.444,4.574,-4.0,-4.0,-0.501,-2.503,2.81,0.522,2.017,1.711,0.944,-0.714,-0.463,-1.0,-2.482,4.852,0.894,-4.0,0.249,-0.99,-1.475,-2.502,-0.068,-3.0,5.49,-4.0,5.198,0.0,1.399,-2.0,-2.0,-2.559,0.465,-0.002,-1.526,-0.539,5.635,-3.307,-4.999,1.03,-0.04,0.442,1.861,-1.209,6.72,-2.999,-1.508,0.0,0.0,0.0,0.0,0.0,0.0,0.0,0.0,0.0,0.0
GoldS210,XAUUSDc,70,1.783,5.349,2,0.0972,854.42,458,22.7074,1,5,0,0.015,1.7,2.0,0.0,0.5,15,1,-40.354,18,0,1,20,0.0,0.0,0.0,0.0,0.0,0.0,1.972,7.018,-3.0,-1.01,-0.992,-5.0,9.098,-0.01,-3.0,0.011,-4.002,-2.0,-0.57,-3.0,-3.0,41.703,1.751,4.058,-2.566,3.045,1.224,4.163,-3.0,1.253,-5.0,-4.0,-4.0,-0.014,-0.984,0.299,-4.0,-5.0,0.57,7.943,0.97,-3.0,6.388,0.01,-2.0,-2.0,-3.998,-4.0,2.823,-2.351,-2.014,2.302,-1.004,-5.999,-1.014,-1.0,0.48,-3.999,-5.0,4.926,0.947,5.626,-2.001,-4.0,-0.061,-4.0,2.893,-0.947,-3.0,0.991,-0.131,1.092,0.009,-1.999,6.819,-3.0,-4.0,-4.0,-0.002,-2.005,3.847,-4.0,0.016,4.826,-0.009,5.814,0.158,-1.0,-1.964,1.435,10.784,-4.0,-0.687,-3.021,-0.34,-5.0,-2.063,-2.0,-4.0,-1.676,2.243,0.0,-0.11,-2.0,-2.0,-2.076,0.953,1.009,-1.0,-2.0,13.57,-5.999,-4.999,2.078,6.013,-4.0,4.916,-5.0,10.93,-4.0,-0.01,0.0,0.0,0.0,0.0,0.0,0.0,0.0,0.0,0.0,0.0
GoldS210,XAUUSDc,142,-1.6427,-4.928,2,-0.2133,0.0,506,44.664,1,5,0,0.015,1.7,1.0,0.0,0.5,15,1,-11.75,1,0,1,20,0.25,0.0,0.0,0.0,0.0,0.0,0.986,-0.767,-0.813,0.986,0.219,-1.598,2.307,1.023,-1.047,-0.009,-4.001,-0.117,-0.743,-0.675,-3.0,3.82,-0.306,0.553,-1.899,1.377,0.024,1.162,3.18,-2.012,-5.0,-2.041,-4.0,1.472,-3.008,1.537,3.977,6.13,0.974,0.948,2.472,-3.0,1.933,-1.002,-2.0,-0.002,-2.0,-4.0,3.296,0.045,-3.007,4.744,-0.009,-2.015,-2.007,-1.0,-4.009,-2.007,-3.02,-2.04,-0.009,5.86,2.663,-3.0,2.208,2.562,-0.026,0.962,7.657,4.049,0.021,2.984,0.612,-0.003,3.989,-0.005,-2.006,-4.0,-1.001,-3.002,1.973,-0.509,2.097,-2.0,-0.046,-0.023,-1.015,-1.0,0.926,0.342,-0.731,-4.0,-4.0,-0.016,-2.009,-2.017,3.922,-3.0,8.271,-2.004,2.817,0.0,-0.068,-2.0,1.406,-3.042,-0.023,1.955,-0.019,0.973,3.979,-0.026,-4.999,-0.022,3.038,-4.0,-0.675,-2.031,2.166,0.011,-1.055,0.0,0.0,0.0,0.0,0.0,0.0,0.0,0.0,0.0,0.0
GoldS210,XAUUSDc,129,-8.7442,-52.465,1,-0.763,0.0,469,20.6823,1,5,0,0.015,1.4,2.0,0.0,0.5,15,1,-68.346,14,0,1,15,0.25,0.0,0.0,0.0,0.0,0.0,1.972,-1.708,-3.0,-1.01,-0.992,-5.0,12.379,-0.009,-3.0,0.011,-4.003,-2.0,-0.751,-3.0,-3.0,-1.204,4.845,4.026,-6.0,7.904,1.561,0.676,-3.0,3.568,-4.999,-4.0,-4.0,-0.014,-5.0,8.574,-4.0,-4.998,-1.56,5.035,0.971,-3.0,-0.013,0.179,-2.0,-2.0,-4.0,-4.0,1.821,-1.698,-2.014,8.135,-1.004,-5.999,-1.014,-1.0,0.256,-4.0,-5.0,-3.999,0.947,4.074,-3.001,-3.0,-0.062,-4.0,-3.023,-0.702,7.833,0.991,5.111,1.038,0.014,-1.999,7.949,-3.0,-4.0,-4.0,-0.002,-2.005,5.459,-4.0,0.103,-4.0,-0.009,4.937,0.27,-1.0,-2.751,1.737,14.874,-4.0,-4.0,-3.021,-1.572,-5.0,-2.063,-2.0,-4.0,-1.88,1.934,0.0,-0.11,-2.0,-3.0,-2.076,0.953,1.389,-1.0,-2.0,13.835,-5.999,-5.0,2.054,5.84,-3.999,7.126,-6.0,7.427,-4.0,-0.01,0.0,0.0,0.0,0.0,0.0,0.0,0.0,0.0,0.0,0.0
GoldS210,XAUUSDc,173,-17.5285,-105.171,1,-0.8328,0.0,478,10.6695,1,5,0,0.015,1.4,2.5,0.0,0.5,15,1,-130.108,23,0,1,5,0.5,0.0,0.0,0.0,0.0,0.0,-1.0,15.883,-3.999,-3.0,-4.0,-5.0,-0.501,0.488,-3.0,1.146,-3.503,-3.0,-4.0,-4.0,-3.0,-3.0,3.535,-5.0,-5.999,8.172,-1.519,-1.636,-3.0,10.72,-5.0,-4.0,-4.0,-0.517,-5.0,-2.513,-7.0,-4.999,1.64,5.592,-1.524,-3.0,-3.0,-4.0,-3.0,-3.0,-3.0,-4.0,2.664,2.839,-5.0,-0.727,-4.0,-5.999,-4.0,-1.0,-4.51,-4.0,1.406,-4.0,1.442,10.712,-2.501,-3.0,-2.0,-5.0,-1.529,-4.0,14.057,-2.0,-6.0,8.332,3.682,-2.999,0.472,-3.0,-4.0,-3.999,0.498,-1.506,-4.0,-3.0,4.323,16.806,-3.0,6.139,7.321,-1.0,-6.0,-6.0,20.422,-4.0,3.523,-2.526,-0.4,-5.0,2.826,-2.0,-5.0,-4.0,-5.0,0.0,0.852,-2.0,-3.0,-1.593,2.362,-2.56,-4.0,-2.0,21.937,-6.0,-5.0,4.367,-6.0,-3.0,-4.0,-6.0,-4.0,-3.0,4.23,0.0,0.0,0.0,0.0,0.0,0.0,0.0,0.0,0.0,0.0
GoldS210,XAUUSDc,37,-24.1788,-145.073,1,-0.8833,0.0,466,9.4421,1,5,0,0.015,1.4,3.0,0.0,0.5,15,1,-178.14,17,0,1,10,0.0,0.0,0.0,0.0,0.0,0.0,-1.0,-0.219,-3.0,-4.0,-4.0,-4.999,-1.001,0.986,-3.0,-3.0,-3.004,-3.0,-5.0,-3.0,-3.0,-5.0,-0.064,-4.0,1.642,30.068,-3.0,-6.0,-3.0,-5.0,-5.0,-4.0,-4.0,-3.999,4.543,-1.016,-5.0,-6.0,-0.276,-3.0,0.508,-3.0,-3.0,0.501,-3.0,-3.0,-3.0,-4.0,2.993,7.75,-5.0,-6.999,-4.0,-6.0,0.031,-1.0,-4.011,-4.0,2.946,-5.0,1.938,20.205,-0.228,-4.0,-2.0,0.385,-5.0,6.914,-4.0,6.985,-6.0,4.846,-3.0,-1.999,15.831,-3.0,-4.0,-3.999,0.997,-1.007,-4.0,-4.0,-3.0,-4.0,-3.0,4.949,4.082,-1.0,0.524,-4.0,8.099,-4.0,2.487,-6.0,0.305,-5.0,-5.0,-2.0,-6.0,-4.0,-0.576,0.0,-2.134,-2.0,-2.0,-4.0,8.201,-2.073,0.594,-2.0,-2.999,-6.0,-5.0,-4.0,-4.0,-4.0,-4.0,-6.0,0.053,-4.0,18.167,0.0,0.0,0.0,0.0,0.0,0.0,0.0,0.0,0.0,0.0
GoldS210,XAUUSDc,19,-25.3065,-151.839,1,-1.0,0.0,483,6.0041,1,5,0,0.015,2.0,3.0,0.0,0.5,15,1,-199.485,13,0,1,5,0.0,0.0,0.0,0.0,0.0,0.0,-0.999,0.46,-4.0,-3.0,-4.0,-6.0,-1.0,0.986,-3.0,-2.996,-3.004,-3.999,-4.0,-4.0,-3.0,-6.0,9.881,-5.0,15.423,-5.0,-4.999,-5.998,-4.0,-4.0,-6.0,-3.0,-4.0,-5.0,-5.0,-2.016,-6.0,-5.0,9.008,12.933,-1.029,-3.0,-3.0,-5.0,-2.0,-2.999,-4.0,-3.0,-5.999,41.647,-5.0,-7.0,-4.0,-6.0,-3.999,-1.0,-4.011,-3.998,-1.459,-3.999,1.938,35.129,-5.0,-3.0,-2.0,-5.0,-3.999,-4.0,-5.997,22.055,-6.0,11.48,4.783,-2.0,-2.996,-3.0,-4.0,-4.0,0.997,-1.007,-3.999,-5.0,-3.0,-5.0,-3.0,11.128,22.658,-1.0,-7.0,-5.0,10.403,-4.0,5.228,-3.999,0.132,-5.0,-5.0,-2.0,-5.0,-4.0,-4.0,0.0,-2.134,-2.0,-2.999,-4.0,3.599,-1.073,-4.0,-2.0,-5.0,-6.0,-5.0,-4.0,-5.0,-4.0,-4.0,-6.0,-3.0,-5.0,-4.0,0.0,0.0,0.0,0.0,0.0,0.0,0.0,0.0,0.0,0.0
GoldS210,XAUUSDc,134,-15.0373,-45.112,2,-0.6769,0.0,458,14.6288,1,5,0,0.015,1.7,2.5,0.0,0.5,15,1,-79.663,19,0,1,15,0.25,0.0,0.0,0.0,0.0,0.0,0.0,1.522,-3.0,-4.0,-0.488,-5.0,-0.501,0.489,-3.0,0.517,-3.503,-2.0,-4.0,-3.0,-3.0,3.905,8.508,4.485,0.262,12.851,2.838,-1.666,-3.0,12.069,-4.999,-4.0,-4.0,0.483,-5.0,-1.513,-4.0,-4.999,-0.84,7.241,-0.32,-3.0,1.681,0.767,-2.0,-2.0,-4.0,-4.0,9.02,0.005,-5.0,-3.142,-4.0,-5.999,-4.0,-1.0,3.811,-4.0,-5.0,-3.999,1.442,7.091,-2.501,-3.0,-2.0,-0.5,-1.529,-0.004,-2.0,2.965,2.873,1.882,2.935,-1.999,12.914,-3.0,-4.0,-4.0,0.498,-1.506,-3.999,-4.0,2.475,-4.0,-3.0,0.259,1.014,-1.0,-2.153,3.358,34.042,-4.0,-4.0,-2.526,-0.892,-5.0,2.25,-2.0,-4.0,-1.334,-1.424,0.0,0.852,-2.0,-3.0,-1.593,1.57,-1.559,-4.0,-2.0,23.658,-5.999,-5.0,-0.353,5.09,-3.999,-4.0,-6.0,1.243,-5.0,6.862,0.0,0.0,0.0,0.0,0.0,0.0,0.0,0.0,0.0,0.0
GoldS210,XAUUSDc,90,-10.989,-65.934,1,-0.6157,0.0,497,14.2857,1,5,0,0.015,1.7,2.0,0.0,0.5,15,1,-103.958,18,0,1,5,0.25,0.0,0.0,0.0,0.0,0.0,1.972,25.513,-4.0,-1.01,-3.0,-6.0,8.598,-0.01,-3.0,0.448,-4.003,-3.0,-5.0,-4.0,-3.0,2.948,3.767,-3.025,-6.0,9.99,-2.014,0.554,-3.0,13.545,-5.0,-4.0,-4.0,-2.014,-5.0,-3.01,-7.0,-6.0,0.102,-3.0,0.97,-3.0,-3.0,-5.0,-2.0,-2.999,-4.0,-3.0,-1.089,2.618,-2.013,35.023,-1.004,-6.0,-1.014,-1.0,-5.008,-4.0,-0.683,-5.0,0.947,15.548,-3.001,-3.0,-0.062,-4.0,-3.022,-4.999,13.883,0.991,-6.0,5.303,0.475,-2.0,-0.023,-3.0,-4.0,-4.0,-0.002,-2.005,-4.0,-4.0,1.001,-4.0,-0.009,5.123,7.83,-1.0,-7.0,-5.0,-2.008,-4.0,1.815,-3.021,-1.224,-5.0,-2.063,-2.0,-4.999,-4.0,3.173,0.0,-0.11,-2.0,-3.0,-2.076,0.953,7.773,-4.0,-2.0,22.577,-6.0,-5.0,4.361,-3.042,-3.0,9.881,-6.0,-1.044,-4.0,-1.01,0.0,0.0,0.0,0.0,0.0,0.0,0.0,0.0,0.0,0.0
GoldS210,XAUUSDc,256,-0.0,-100.182,0,-0.8399,0.0,451,9.7561,1,5,0,0.015,1.1,3.0,0.0,0.5,15,1,-118.915,26,0,1,5,0.75,0.0,0.0,0.0,0.0,0.0,-1.0,14.245,-4.0,-3.0,-4.0,-5.0,-0.001,0.986,-3.0,-3.0,-2.004,-2.0,-3.0,-4.0,-3.0,-3.0,2.425,-4.0,2.306,6.901,-5.0,-5.0,5.276,10.959,-5.0,-4.0,-4.0,-3.0,-5.0,-1.016,-5.0,-6.0,5.608,3.878,-1.029,-3.0,-3.0,-4.0,-3.0,-3.0,-3.0,-4.0,5.833,3.826,-5.0,8.968,-4.0,-6.0,-4.0,-1.0,-4.011,-4.0,2.494,-3.0,0.938,2.984,1.836,-3.0,-2.0,-5.0,-5.0,-4.0,-4.0,-3.0,-6.0,8.444,5.718,-3.0,9.8,-3.0,0.0,-5.0,0.997,-1.007,-4.0,-3.0,7.521,12.648,-3.0,6.002,6.571,-1.0,-6.0,-6.0,0.988,-4.0,4.939,-5.0,0.424,-5.0,5.722,-2.0,-3.0,1.226,-4.0,0.0,-2.134,-2.0,-2.0,-4.0,12.856,-2.073,-4.0,-2.0,15.733,-6.0,-4.999,-4.0,-5.0,-3.0,-4.0,-5.0,2.191,-2.999,3.848,0.0,0.0,0.0,0.0,0.0,0.0,0.0,0.0,0.0,0.0
GoldS210,XAUUSDc,250,-12.1913,-73.148,1,-0.8135,0.0,469,19.6162,1,5,0,0.015,1.7,2.0,0.0,0.5,15,1,-80.294,14,0,1,5,0.75,0.0,0.0,0.0,0.0,0.0,1.972,5.201,-4.0,-0.01,-4.0,-5.0,6.624,-0.01,-3.0,0.448,-3.003,-2.0,-2.999,-4.0,-3.0,2.85,-0.167,-4.0,-0.564,2.005,-2.015,-2.063,2.138,0.478,-5.0,-4.0,-4.0,-0.014,-5.0,9.422,-5.0,-6.0,-0.338,1.723,0.97,-3.0,-3.0,-4.0,-3.0,-3.0,-3.0,-4.0,5.023,3.835,-2.014,10.621,-1.004,-6.0,-1.014,-1.0,-5.008,-4.0,-0.683,-3.0,-0.053,4.805,-2.001,-3.0,-0.062,-4.0,-3.023,-4.0,14.461,0.991,-0.778,2.523,1.437,-3.0,4.909,-3.0,0.0,-5.0,-0.002,-2.005,2.175,4.146,1.001,3.371,-0.009,4.421,2.464,-1.0,-6.0,-6.0,4.554,-4.0,1.662,-2.021,-1.224,-5.0,-2.063,-2.0,-3.0,-0.659,0.974,0.0,-0.11,-2.0,-2.0,-2.076,0.953,1.747,-4.0,-2.0,10.825,-6.0,-4.999,3.73,-3.042,3.554,4.891,-5.0,8.991,-3.0,-2.01,0.0,0.0,0.0,0.0,0.0,0.0,0.0,0.0,0.0,0.0
GoldS210,XAUUSDc,63,-0.702,-1.404,3,-0.0636,0.0,505,45.1485,1,5,0,0.015,2.0,1.0,0.0,0.5,15,1,-10.563,2,0,1,20,0.0,0.0,0.0,0.0,0.0,0.0,0.986,-0.767,-0.808,0.986,0.219,-1.598,2.307,1.023,-1.047,-0.009,-4.001,-0.117,-0.743,-0.675,-3.0,6.157,-0.306,0.553,-1.899,1.377,0.024,1.162,3.18,-2.012,-5.0,-2.041,-4.0,1.865,-3.008,1.537,3.977,6.232,0.974,0.948,2.481,-3.0,1.933,-1.002,-2.0,-0.002,-1.998,-4.0,4.324,0.045,-3.007,4.744,-0.009,-2.016,-2.007,-1.0,-4.009,-2.007,-3.02,-2.04,-0.009,5.86,2.663,-3.0,2.208,2.562,-0.026,0.962,5.113,-1.004,0.021,2.984,2.857,-0.003,3.989,-0.005,-2.006,-4.0,-1.001,-3.002,1.973,-0.509,2.097,-2.0,-0.046,-0.023,-1.015,-1.0,0.926,0.342,-0.731,-4.0,-2.001,-0.016,-2.009,-2.017,3.922,0.002,8.271,-2.004,2.817,0.0,-0.068,-2.0,1.406,-3.042,-0.023,1.955,-0.019,0.973,3.979,-0.026,-4.999,-0.022,3.038,-4.0,-0.675,-2.031,2.166,0.011,-1.055,0.0,0.0,0.0,0.0,0.0,0.0,0.0,0.0,0.0,0.0
GoldS210,XAUUSDc,39,-24.1702,-145.021,1,-0.8833,0.0,466,9.4421,1,5,0,0.015,2.0,3.0,0.0,0.5,15,1,-178.124,17,0,1,10,0.0,0.0,0.0,0.0,0.0,0.0,-1.0,-0.219,-3.0,-4.0,-4.0,-4.999,-1.001,0.986,-3.0,-3.0,-3.004,-3.0,-5.0,-3.0,-3.0,-5.0,-0.048,-4.0,1.642,30.104,-3.0,-6.0,-3.0,-5.0,-5.0,-4.0,-4.0,-3.999,4.543,-1.016,-5.0,-6.0,-0.276,-3.0,0.508,-3.0,-3.0,0.501,-3.0,-3.0,-3.0,-4.0,2.993,7.75,-5.0,-6.999,-4.0,-6.0,0.031,-1.0,-4.011,-4.0,2.946,-5.0,1.938,20.205,-0.228,-4.0,-2.0,0.385,-5.0,6.914,-4.0,6.985,-6.0,4.846,-3.0,-2.0,15.831,-2.999,-4.0,-3.999,0.997,-1.007,-4.0,-4.0,-3.0,-4.0,-3.0,4.949,4.082,-1.0,0.524,-4.0,8.099,-4.0,2.487,-6.0,0.305,-5.0,-5.0,-2.0,-6.0,-4.0,-0.576,0.0,-2.134,-2.0,-2.0,-4.0,8.201,-2.073,0.594,-2.0,-2.999,-6.0,-5.0,-4.0,-4.0,-4.0,-4.0,-6.0,0.053,-4.0,18.167,0.0,0.0,0.0,0.0,0.0,0.0,0.0,0.0,0.0,0.0
GoldS210,XAUUSDc,177,-20.327,-60.981,2,-0.4779,0.0,474,7.5949,1,5,0,0.015,1.4,3.0,0.0,0.5,15,1,-110.25,19,0,1,5,0.5,0.0,0.0,0.0,0.0,0.0,-1.0,24.747,-3.999,-3.0,-4.0,-5.0,-0.001,0.986,-3.0,-3.0,-3.004,-3.0,-4.0,-4.0,-3.0,-3.0,5.556,-5.0,-5.999,11.949,-5.0,-6.0,-3.0,27.033,-5.0,-4.0,-4.0,-4.0,-5.0,-2.016,-7.0,-4.999,9.008,7.349,-1.029,-3.0,-3.0,-4.0,-3.0,-3.0,-3.0,-4.0,-5.0,8.277,-5.0,-6.0,-4.0,-5.999,-4.0,-1.0,-4.011,-4.0,2.494,-4.0,1.938,4.352,2.861,-3.0,-2.0,-5.0,-5.0,-4.0,-6.0,-2.0,-6.0,14.888,5.783,-2.999,-3.0,-3.0,-4.0,-3.999,0.997,-1.007,-4.0,-3.0,-3.0,36.292,-3.0,13.496,10.587,-1.0,-6.0,-6.0,-0.012,-4.0,5.228,-6.0,0.424,-5.0,11.87,-2.0,-5.0,-4.0,-5.0,0.0,-2.134,-2.0,-3.0,-4.0,17.763,-2.072,-4.0,-2.0,46.269,-6.0,-5.0,-4.0,-6.0,-3.0,-4.0,-6.0,-4.0,-3.0,8.152,0.0,0.0,0.0,0.0,0.0,0.0,0.0,0.0,0.0,0.0
GoldS210,XAUUSDc,255,-0.0,-126.229,0,-0.9171,0.0,458,12.6638,1,5,0,0.015,2.0,2.5,0.0,0.5,15,1,-137.36,24,0,1,5,0.75,0.0,0.0,0.0,0.0,0.0,-1.0,8.861,-4.0,-3.0,-4.0,-5.0,-0.501,0.488,-3.0,1.146,-2.503,-2.0,-2.999,-4.0,-3.0,-3.0,1.129,-4.0,0.871,4.452,-1.519,-5.0,3.707,4.041,-5.0,-4.0,-4.0,0.483,-5.0,-1.513,-5.0,-6.0,0.984,2.8,-1.524,-3.0,-3.0,-4.0,-3.0,-3.0,-3.0,-4.0,9.627,0.13,-5.0,8.567,-4.0,-6.0,-4.0,-1.0,-4.51,-4.0,1.406,-3.0,0.442,7.776,-1.501,-3.0,-2.0,-5.0,-1.529,-4.0,6.386,-3.0,2.816,5.052,3.632,-3.0,7.738,-3.0,-2.0,-4.0,0.498,-1.506,-4.0,-3.0,3.245,6.621,-3.0,2.193,4.517,-1.0,-6.0,-6.0,9.437,-4.0,3.301,-1.526,-0.4,-5.0,0.784,-2.0,-2.999,0.284,-4.0,0.0,0.852,-2.0,-2.0,-1.593,2.362,-2.561,-4.0,-2.0,8.131,-6.0,-4.999,2.871,-5.0,-3.0,-4.0,-5.0,1.271,-2.999,1.552,0.0,0.0,0.0,0.0,0.0,0.0,0.0,0.0,0.0,0.0
GoldS210,XAUUSDc,79,112.8133,135.376,5,3.624,94.94,435,14.2529,1,5,0,0.015,2.0,3.0,0.0,0.5,15,1,6.844,21,0,1,20,0.0,0.0,0.0,0.0,0.0,0.0,0.0,20.762,-3.0,-4.0,-4.0,-5.0,0.0,0.986,-3.0,-3.0,-3.003,-2.0,3.661,-3.0,-3.0,-4.0,-3.999,5.411,4.081,7.672,-0.319,-4.0,3.995,16.491,-5.0,-4.0,-4.0,-2.0,2.256,-2.016,-4.0,-4.999,2.164,14.138,0.003,-3.0,22.66,1.021,-2.0,-2.0,-3.998,-4.0,2.88,0.343,-5.0,-5.0,-4.0,-5.999,-4.0,-1.0,8.772,-3.999,-5.0,22.371,1.938,11.804,-0.965,-4.0,-1.999,0.228,1.139,1.314,-3.0,-2.0,14.3,2.895,2.848,-1.999,16.604,-3.0,-4.0,-4.0,0.997,-1.007,-3.0,-4.0,-3.0,14.827,-3.0,0.874,1.384,-1.0,0.071,-4.0,5.045,-4.0,0.635,-6.0,1.835,-5.0,6.489,-2.0,-4.0,-0.453,0.204,0.0,3.002,-2.0,-2.0,-4.0,2.123,-1.073,-4.0,-2.0,125.532,-5.999,-4.999,1.255,1.378,-4.0,-4.0,-5.0,0.862,-3.999,4.951,0.0,0.0,0.0,0.0,0.0,0.0,0.0,0.0,0.0,0.0
GoldS210,XAUUSDc,15,-17.5372,-105.223,1,-0.925,0.0,484,8.8843,1,5,0,0.015,2.0,2.5,0.0,0.5,15,1,-174.571,17,0,1,5,0.0,0.0,0.0,0.0,0.0,0.0,-0.999,-0.355,-4.0,-3.0,-4.0,-6.0,-1.5,0.488,-3.0,1.146,-3.503,-3.999,-4.0,-4.0,-3.0,-6.0,6.824,-5.0,9.333,-5.0,-1.518,-1.635,-4.0,-4.0,-6.0,-3.0,-4.0,-1.517,-5.0,-2.513,-6.0,-5.0,1.64,10.011,-1.524,-3.0,-3.0,-5.0,-2.0,-2.999,-4.0,-3.0,-5.999,24.43,-5.0,0.0,-4.0,-6.0,-3.999,-1.0,-4.51,-3.998,-2.055,-3.999,1.442,31.549,-5.0,-3.0,-2.0,-5.0,-0.528,-4.0,64.35,16.17,-6.0,8.39,2.682,-2.0,0.476,-3.0,-4.0,-4.0,0.498,-1.506,-3.999,-5.0,-3.0,-5.0,-3.0,4.245,15.562,-1.0,-7.0,-5.0,7.82,-4.0,3.523,-0.526,-0.421,-5.0,-5.0,-2.0,-5.0,-4.0,-4.0,0.0,0.852,-2.0,-2.999,-1.593,2.362,-1.561,-4.0,-2.0,-5.0,-6.0,-5.0,11.739,-5.0,-4.0,-4.0,-6.0,-3.0,-5.0,-4.0,0.0,0.0,0.0,0.0,0.0,0.0,0.0,0.0,0.0,0.0
GoldS210,XAUUSDc,267,-10.6807,-32.042,2,-0.6461,0.0,480,31.0417,1,5,0,0.015,2.0,1.5,0.0,0.5,15,1,-36.513,0,0,1,10,0.75,0.0,0.0,0.0,0.0,0.0,1.479,1.351,-3.0,-1.508,-4.0,-5.0,3.414,-0.506,-3.0,-0.382,-3.502,1.69,-2.999,-3.0,-3.0,-0.33,-1.637,2.84,0.438,-1.395,1.767,-1.573,0.602,-1.437,-5.0,-4.0,-4.0,-0.51,1.313,3.183,0.804,-5.0,3.986,0.646,3.757,-3.0,-0.515,-1.37,-3.0,0.802,-3.0,-4.0,5.002,3.69,-2.51,7.29,-1.503,-3.423,-1.511,-1.0,-3.014,-1.406,-1.559,0.465,-0.514,5.064,-2.501,-3.0,4.501,-4.0,-1.018,0.904,-0.538,0.493,-2.141,5.999,3.811,0.025,3.848,3.956,-2.0,-4.0,-0.501,-2.503,2.128,0.161,2.851,2.608,0.944,-0.954,-0.137,-1.0,-1.996,0.313,1.069,-4.0,-0.907,0.93,-2.087,-2.502,-0.068,-2.0,7.859,-4.0,5.348,0.0,1.399,-2.0,-2.0,-2.559,0.465,-0.431,-1.526,-0.539,10.495,-3.053,-4.999,1.481,-0.041,-0.192,1.39,-2.053,4.907,-3.0,0.84,0.0,0.0,0.0,0.0,0.0,0.0,0.0,0.0,0.0,0.0
GoldS210,XAUUSDc,58,-28.617,-57.234,3,-0.5506,0.0,452,11.5044,1,5,0,0.015,1.7,3.0,0.0,0.5,15,1,-92.374,20,0,1,15,0.0,0.0,0.0,0.0,0.0,0.0,0.0,2.824,-3.0,-4.0,-4.0,-5.0,-1.001,0.987,-3.0,-3.0,-3.004,-2.0,-3.999,-3.0,-3.0,-5.0,13.06,7.398,2.073,17.876,0.34,-5.0,5.258,32.14,-5.0,-4.0,-4.0,-2.0,-5.0,-1.016,-4.0,-4.999,-0.104,9.447,0.306,-3.0,4.241,1.354,-2.0,-2.0,-4.0,-4.0,0.639,3.422,-5.0,-6.0,-5.0,-6.0,-4.0,-1.0,11.688,-4.0,-5.0,-4.0,1.938,9.567,-1.83,-3.0,-2.0,0.315,-5.0,3.966,-2.0,4.358,11.552,2.97,-2.999,-1.999,20.054,-3.0,-4.0,-3.999,0.997,-1.007,-3.999,-4.0,-3.0,-4.0,-3.0,2.158,1.759,-1.0,0.445,-4.999,-0.011,-4.0,1.098,-6.0,-0.213,-5.0,10.022,-2.0,-3.999,-0.789,-0.869,0.0,2.823,-2.0,-3.0,-4.0,2.162,-1.072,0.093,-2.0,-3.0,-5.999,-5.0,-4.0,-0.339,-3.999,-4.0,-6.0,1.92,-5.0,11.761,0.0,0.0,0.0,0.0,0.0,0.0,0.0,0.0,0.0,0.0
GoldS210,XAUUSDc,17,-25.3072,-151.843,1,-1.0,0.0,483,6.0041,1,5,0,0.015,1.4,3.0,0.0,0.5,15,1,-199.489,13,0,1,5,0.0,0.0,0.0,0.0,0.0,0.0,-0.999,0.46,-4.0,-3.0,-4.0,-6.0,-1.0,0.986,-3.0,-2.996,-3.004,-3.999,-4.0,-4.0,-3.0,-6.0,9.881,-5.0,15.427,-5.0,-4.999,-5.998,-4.0,-4.0,-6.0,-3.0,-4.0,-5.0,-5.0,-2.016,-6.0,-5.0,9.008,12.933,-1.029,-3.0,-3.0,-5.0,-2.0,-2.999,-4.0,-3.0,-5.999,41.647,-5.0,-7.0,-4.0,-6.0,-3.999,-1.0,-4.011,-3.998,-1.459,-3.999,1.938,35.129,-5.0,-3.0,-2.0,-5.0,-3.999,-4.0,-5.998,22.055,-6.0,11.473,4.783,-2.0,-2.996,-3.0,-4.0,-4.0,0.997,-1.007,-3.999,-5.0,-3.0,-5.0,-3.0,11.128,22.658,-1.0,-7.0,-5.0,10.403,-4.0,5.228,-3.999,0.132,-5.0,-5.0,-2.0,-5.0,-4.0,-4.0,0.0,-2.134,-2.0,-2.999,-4.0,3.599,-1.073,-4.0,-2.0,-5.0,-6.0,-5.0,-4.0,-5.0,-4.0,-4.0,-6.0,-3.0,-5.0,-4.0,0.0,0.0,0.0,0.0,0.0,0.0,0.0,0.0,0.0,0.0
GoldS210,XAUUSDc,264,-10.5747,-31.724,2,-0.6381,0.0,479,31.1065,1,5,0,0.015,1.1,1.5,0.0,0.5,15,1,-35.658,0,0,1,10,0.75,0.0,0.0,0.0,0.0,0.0,1.479,1.351,-3.0,-1.508,-4.0,-5.0,3.414,-0.506,-3.0,-0.382,-3.502,1.69,-3.0,-3.0,-3.0,-0.33,-1.637,2.84,0.438,-1.395,1.767,-1.573,0.602,-1.437,-5.0,-4.0,-4.0,-0.51,1.313,3.183,0.804,-5.0,3.986,0.646,3.757,-3.0,-0.515,-1.37,-3.0,0.802,-3.0,-4.0,5.002,3.679,-2.51,7.184,-1.503,-3.423,-1.511,-1.0,-3.014,-1.406,-1.559,0.465,-0.514,5.064,-2.501,-3.0,4.501,-4.0,-1.018,0.904,-0.538,0.493,-2.141,5.999,3.811,0.025,3.848,3.943,0.0,-5.0,-0.501,-2.503,2.114,0.161,2.851,2.608,0.944,-0.954,-0.137,-1.0,-1.996,0.313,1.069,-4.0,-0.907,0.93,-2.087,-2.502,-0.068,-2.0,7.322,-4.0,5.348,0.0,1.399,-2.0,-2.0,-2.559,0.465,-0.431,-1.526,-0.539,10.495,-3.053,-4.999,1.481,-0.041,-0.192,1.39,-2.053,4.907,-3.0,0.84,0.0,0.0,0.0,0.0,0.0,0.0,0.0,0.0,0.0,0.0
GoldS210,XAUUSDc,232,-12.7083,-38.125,2,-0.6912,0.0,442,17.4208,1,5,0,0.015,1.1,2.5,0.0,0.5,15,1,-51.06,19,0,1,20,0.5,0.0,0.0,0.0,0.0,0.0,0.0,13.228,-3.0,-4.0,-0.488,-5.0,-0.501,0.488,-3.0,0.517,-3.503,-2.0,3.048,-3.0,-3.0,-3.0,11.304,3.705,2.498,5.358,2.337,-1.493,-3.0,4.015,-5.0,-4.0,-4.0,0.483,0.637,-2.513,-4.0,-5.0,1.353,7.423,-0.502,-3.0,9.297,0.515,-2.0,-2.0,-4.0,-4.0,6.315,-1.698,-5.0,-2.464,-4.0,-5.999,-4.0,-1.0,-4.51,-3.999,-5.0,9.444,1.442,7.284,-1.501,-4.0,-1.999,-0.519,0.27,-0.406,-2.0,5.143,3.347,1.898,1.522,-1.999,9.099,-3.0,-4.0,-4.0,0.498,-1.506,-3.0,-3.0,1.064,7.482,-3.0,-0.179,0.77,-1.0,-1.447,2.611,16.548,-4.0,2.567,-2.526,3.853,-5.0,0.78,-3.0,-4.0,-1.065,-0.375,0.0,0.852,-2.0,-2.0,-1.593,1.548,-1.56,-4.0,-2.0,8.834,-5.999,-4.999,3.446,6.39,-4.0,-4.0,-4.999,0.197,-3.0,1.807,0.0,0.0,0.0,0.0,0.0,0.0,0.0,0.0,0.0,0.0
GoldS210,XAUUSDc,265,-10.5747,-31.724,2,-0.6381,0.0,479,31.1065,1,5,0,0.015,1.4,1.5,0.0,0.5,15,1,-35.658,0,0,1,10,0.75,0.0,0.0,0.0,0.0,0.0,1.479,1.351,-3.0,-1.508,-4.0,-5.0,3.414,-0.506,-3.0,-0.382,-3.502,1.69,-3.0,-3.0,-3.0,-0.33,-1.637,2.84,0.438,-1.395,1.767,-1.573,0.602,-1.437,-5.0,-4.0,-4.0,-0.51,1.313,3.183,0.804,-5.0,3.986,0.646,3.757,-3.0,-0.515,-1.37,-3.0,0.802,-3.0,-4.0,5.002,3.679,-2.51,7.184,-1.503,-3.423,-1.511,-1.0,-3.014,-1.406,-1.559,0.465,-0.514,5.064,-2.501,-3.0,4.501,-4.0,-1.018,0.904,-0.538,0.493,-2.141,5.999,3.811,0.025,3.848,3.943,0.0,-5.0,-0.501,-2.503,2.114,0.161,2.851,2.608,0.944,-0.954,-0.137,-1.0,-1.996,0.313,1.069,-4.0,-0.907,0.93,-2.087,-2.502,-0.068,-2.0,7.322,-4.0,5.348,0.0,1.399,-2.0,-2.0,-2.559,0.465,-0.431,-1.526,-0.539,10.495,-3.053,-4.999,1.481,-0.041,-0.192,1.39,-2.053,4.907,-3.0,0.84,0.0,0.0,0.0,0.0,0.0,0.0,0.0,0.0,0.0,0.0
GoldS210,XAUUSDc,278,-10.4873,-31.462,2,-0.5891,0.0,439,12.9841,1,5,0,0.015,1.7,3.0,0.0,0.5,15,1,-50.136,31,0,1,10,0.75,0.0,0.0,0.0,0.0,0.0,-1.0,13.462,-3.0,-4.0,-4.0,-5.0,-0.001,0.987,-3.0,-3.0,-2.004,-2.0,-2.999,-3.0,-3.0,-3.0,2.082,-4.0,1.682,6.122,1.186,-5.0,5.142,10.674,-5.0,-4.0,-4.0,-2.0,2.482,-1.016,-5.0,-6.0,-0.276,3.878,0.509,-3.0,3.646,0.501,-3.0,-3.0,-3.0,-4.0,3.993,3.495,-5.0,8.968,-4.0,-6.0,0.031,-1.0,7.219,-4.0,2.946,11.72,0.938,10.58,-0.228,-3.0,-2.0,0.385,-5.0,4.61,-2.0,-3.0,-6.0,4.846,-3.0,-3.0,7.803,-3.0,0.0,-5.0,0.997,-1.007,-4.0,-3.0,5.028,10.972,-3.0,3.772,4.082,-1.0,1.523,-5.0,7.545,-4.0,2.487,-5.0,0.305,-5.0,5.722,-2.0,-3.0,1.226,0.424,0.0,-2.134,-2.0,-2.0,-4.0,11.112,-2.073,3.617,-2.0,16.674,-5.999,-4.999,-4.0,-4.0,-4.0,-3.0,-5.0,0.053,-3.0,3.848,0.0,0.0,0.0,0.0,0.0,0.0,0.0,0.0,0.0,0.0
GoldS210,XAUUSDc,290,-14.5013,-43.504,2,-0.6729,0.0,451,23.2816,1,5,0,0.015,1.7,2.0,0.0,0.5,15,1,-50.619,5,0,1,15,0.75,0.0,0.0,0.0,0.0,0.0,1.972,4.098,-3.0,-1.01,-0.992,-5.0,6.534,-0.01,-3.0,0.011,-3.003,-2.0,-1.999,-3.0,-3.0,2.658,-0.478,4.026,-1.293,1.988,1.561,-1.92,2.116,-0.597,-5.0,-4.0,-4.0,-0.014,-5.0,7.824,-4.0,-5.0,-1.56,1.623,0.97,-3.0,-0.013,0.179,-2.0,-2.0,-3.0,-4.0,2.821,3.411,-2.014,10.621,-1.004,-6.0,-1.014,-1.0,-0.372,-4.0,-5.0,-3.0,-0.053,4.316,-2.001,-3.0,-0.062,-4.0,-3.023,-0.702,7.248,0.991,3.819,1.038,0.014,-1.999,4.381,-2.999,0.0,-5.0,-0.002,-2.005,1.655,4.115,0.103,1.846,-0.009,3.456,0.27,-1.0,-1.751,-0.047,8.59,-4.0,0.331,-2.021,-1.572,-5.0,-2.063,-2.0,-3.0,-1.88,2.935,0.0,-0.11,-2.0,-2.0,-2.076,0.953,1.388,-1.0,-2.0,8.936,-6.0,-4.999,2.054,5.84,1.928,5.126,-5.0,7.427,-3.0,-1.01,0.0,0.0,0.0,0.0,0.0,0.0,0.0,0.0,0.0,0.0
GoldS210,XAUUSDc,69,1.6983,5.095,2,0.0923,895.56,458,22.7074,1,5,0,0.015,1.4,2.0,0.0,0.5,15,1,-40.534,18,0,1,20,0.0,0.0,0.0,0.0,0.0,0.0,1.972,7.018,-3.0,-1.01,-0.992,-5.0,9.098,-0.01,-3.0,0.011,-4.002,-2.0,-0.57,-3.0,-3.0,41.629,1.739,4.058,-2.567,3.045,1.224,4.148,-3.0,1.253,-5.0,-4.0,-4.0,-0.014,-0.984,0.299,-4.0,-5.0,0.57,7.943,0.971,-3.0,6.318,0.01,-2.0,-2.0,-3.998,-4.0,2.823,-2.351,-2.014,2.302,-1.004,-5.999,-1.014,-1.0,0.473,-3.999,-5.0,4.926,0.947,5.626,-2.001,-4.0,-0.061,-4.0,2.893,-0.947,-3.0,0.991,-0.15,1.092,0.004,-1.999,6.819,-3.0,-4.0,-4.0,-0.002,-2.005,3.847,-4.0,0.016,4.826,-0.009,5.814,0.158,-1.0,-1.964,1.435,10.731,-4.0,-0.687,-3.021,-0.34,-5.0,-2.063,-2.0,-4.0,-1.676,2.243,0.0,-0.11,-2.0,-2.0,-2.076,0.953,1.009,-1.0,-2.0,13.57,-5.999,-4.999,2.078,6.013,-4.0,4.916,-4.999,10.93,-4.0,-0.01,0.0,0.0,0.0,0.0,0.0,0.0,0.0,0.0,0.0,0.0
GoldS210,XAUUSDc,283,-3.119,-6.238,3,-0.2052,0.0,501,46.3074,1,5,0,0.015,2.0,1.0,0.0,0.5,15,1,-10.123,0,0,1,15,0.75,0.0,0.0,0.0,0.0,0.0,0.986,-0.936,-0.842,0.986,0.115,-1.468,1.413,1.213,-1.047,-0.009,-4.001,0.17,4.348,-0.82,-3.0,-1.203,-0.577,2.926,-1.812,1.435,0.08,0.16,2.435,-2.012,-5.0,-1.563,-4.0,0.356,-3.008,1.783,3.48,3.619,0.974,-0.482,1.425,-3.0,-1.01,-1.002,-2.0,-0.002,0.464,-4.0,3.366,0.165,-3.007,4.557,-0.009,-2.016,-2.007,-1.0,-4.009,-2.007,-3.02,-3.0,-1.009,4.62,1.437,-3.0,2.074,1.131,-0.026,0.962,5.661,1.541,0.051,2.984,2.917,0.265,3.989,0.033,-0.184,-4.0,-1.001,-3.002,1.973,-0.581,2.348,-2.0,-0.046,-0.023,-1.015,-1.0,0.978,-0.448,-0.675,-4.0,-1.562,3.779,-3.003,-2.017,3.922,0.445,6.087,-2.004,2.606,0.0,-0.068,-2.0,1.429,-3.042,-0.023,2.092,-0.019,0.973,4.539,-1.441,-4.999,-0.022,3.109,-1.298,0.455,0.147,2.18,0.011,-1.055,0.0,0.0,0.0,0.0,0.0,0.0,0.0,0.0,0.0,0.0
GoldS210,XAUUSDc,210,-21.9985,-43.997,3,-0.666,0.0,467,21.6274,1,5,0,0.015,1.7,2.0,0.0,0.5,15,1,-57.167,13,0,1,15,0.5,0.0,0.0,0.0,0.0,0.0,1.972,6.582,-3.0,-1.01,-0.992,-5.0,7.998,-0.01,-3.0,0.011,-4.003,-2.0,0.249,-3.0,-3.0,9.17,0.85,4.026,-6.0,3.533,1.561,0.676,-3.0,0.456,-5.0,-4.0,-4.0,-0.014,-5.0,8.579,-4.0,-5.0,-1.56,3.189,0.971,-3.0,-0.013,0.179,-2.0,-2.0,-4.0,-4.0,1.821,-1.698,-2.014,5.609,-1.004,-6.0,-1.014,-1.0,0.164,-4.0,-5.0,-4.0,0.947,4.074,-3.001,-3.0,-0.062,-4.0,-3.023,-0.702,7.833,0.991,5.044,1.038,0.014,-1.999,5.381,-3.0,-4.0,-4.0,-0.002,-2.005,4.277,7.839,0.103,4.035,-0.009,4.734,0.27,-1.0,-1.751,-0.027,6.967,-4.0,1.489,-3.021,-1.572,-5.0,-2.063,-2.0,-3.999,-1.88,1.934,0.0,-0.11,-2.0,-3.0,-2.076,0.953,1.389,-1.0,-2.0,11.07,-6.0,-5.0,2.054,5.84,-4.0,6.348,-6.0,7.427,-3.0,-1.01,0.0,0.0,0.0,0.0,0.0,0.0,0.0,0.0,0.0,0.0
GoldS210,XAUUSDc,160,-2.482,-7.446,2,-0.2881,0.0,513,43.0799,1,5,0,0.015,1.1,1.0,0.0,0.5,15,1,-10.661,0,0,1,5,0.5,0.0,0.0,0.0,0.0,0.0,0.986,-0.807,-0.103,0.986,-0.905,-0.935,1.89,2.421,-1.047,-0.009,-4.001,-3.0,-4.0,-4.0,-3.0,-0.162,-0.052,4.17,0.094,2.184,0.386,1.596,2.597,-2.012,-5.0,-1.026,-4.0,0.734,-3.008,2.588,4.105,5.87,1.413,0.321,2.333,-3.0,-1.01,-1.007,-2.0,0.996,0.242,-4.0,1.838,0.966,-3.007,6.986,-0.009,-2.016,-2.007,-1.0,-4.009,-2.007,-0.879,-4.0,-0.009,5.901,1.904,-3.0,3.028,2.73,-0.026,0.962,2.985,-1.004,-2.012,2.984,4.934,1.107,4.464,0.644,-2.006,-3.999,-1.001,-3.002,1.973,-2.072,4.38,-2.0,-0.046,-0.023,-1.015,-1.0,1.586,0.693,-0.368,-4.0,-1.541,3.925,-3.003,-2.017,3.922,0.286,5.31,-2.004,-1.029,0.0,-0.068,-2.0,-1.037,-3.042,-0.023,3.122,-0.019,0.973,5.276,-0.006,-5.0,-0.022,2.926,-3.0,0.049,-1.287,-0.033,0.575,-1.055,0.0,0.0,0.0,0.0,0.0,0.0,0.0,0.0,0.0,0.0
GoldS210,XAUUSDc,175,-17.5283,-105.17,1,-0.8328,0.0,478,10.6695,1,5,0,0.015,2.0,2.5,0.0,0.5,15,1,-130.107,23,0,1,5,0.5,0.0,0.0,0.0,0.0,0.0,-1.0,15.883,-3.999,-3.0,-4.0,-5.0,-0.501,0.488,-3.0,1.146,-3.503,-3.0,-4.0,-4.0,-3.0,-3.0,3.535,-5.0,-5.999,8.172,-1.519,-1.636,-3.0,10.72,-5.0,-4.0,-4.0,-0.517,-5.0,-2.513,-7.0,-4.999,1.64,5.592,-1.524,-3.0,-3.0,-4.0,-3.0,-3.0,-3.0,-4.0,2.664,2.839,-5.0,-0.727,-4.0,-5.999,-4.0,-1.0,-4.51,-4.0,1.406,-4.0,1.442,10.712,-2.501,-3.0,-2.0,-5.0,-1.529,-4.0,14.057,-2.0,-6.0,8.332,3.682,-2.999,0.472,-3.0,-4.0,-3.999,0.498,-1.506,-4.0,-3.0,4.323,16.806,-3.0,6.139,7.321,-1.0,-6.0,-6.0,20.422,-4.0,3.523,-2.526,-0.4,-5.0,2.826,-2.0,-5.0,-4.0,-5.0,0.0,0.852,-2.0,-3.0,-1.593,2.362,-2.559,-4.0,-2.0,21.937,-6.0,-5.0,4.367,-6.0,-3.0,-4.0,-6.0,-4.0,-3.0,4.23,0.0,0.0,0.0,0.0,0.0,0.0,0.0,0.0,0.0,0.0
GoldS210,XAUUSDc,143,-1.622,-4.866,2,-0.2107,0.0,506,44.664,1,5,0,0.015,2.0,1.0,0.0,0.5,15,1,-11.688,1,0,1,20,0.25,0.0,0.0,0.0,0.0,0.0,0.986,-0.767,-0.808,0.986,0.219,-1.598,2.307,1.023,-1.047,-0.009,-4.001,-0.117,-0.743,-0.675,-3.0,3.82,-0.306,0.553,-1.899,1.377,0.024,1.162,3.18,-2.012,-5.0,-2.041,-4.0,1.472,-3.008,1.537,3.977,6.156,0.974,0.948,2.481,-3.0,1.933,-1.002,-2.0,-0.002,-2.0,-4.0,3.306,0.045,-3.007,4.744,-0.009,-2.015,-2.007,-1.0,-4.009,-2.007,-3.02,-2.04,-0.009,5.86,2.663,-3.0,2.208,2.562,-0.026,0.962,7.657,4.061,0.021,2.984,0.612,-0.003,3.989,-0.005,-2.006,-4.0,-1.001,-3.002,1.973,-0.509,2.097,-2.0,-0.046,-0.023,-1.015,-1.0,0.926,0.342,-0.731,-4.0,-4.0,-0.016,-2.009,-2.017,3.922,-3.0,8.271,-2.004,2.817,0.0,-0.068,-2.0,1.406,-3.042,-0.023,1.955,-0.019,0.973,3.979,-0.026,-4.999,-0.022,3.038,-4.0,-0.675,-2.031,2.166,0.011,-1.055,0.0,0.0,0.0,0.0,0.0,0.0,0.0,0.0,0.0,0.0
GoldS210,XAUUSDc,140,-1.667,-5.001,2,-0.2164,0.0,506,44.664,1,5,0,0.015,1.1,1.0,0.0,0.5,15,1,-11.823,1,0,1,20,0.25,0.0,0.0,0.0,0.0,0.0,0.986,-0.767,-0.813,0.986,0.219,-1.598,2.307,1.023,-1.047,-0.009,-4.001,-0.117,-0.743,-0.675,-3.0,3.82,-0.306,0.553,-1.903,1.377,0.024,1.161,3.18,-2.012,-5.0,-2.041,-4.0,1.472,-3.008,1.537,3.977,6.091,0.974,0.948,2.465,-3.0,1.933,-1.002,-2.0,-0.002,-2.0,-4.0,3.286,0.045,-3.007,4.744,-0.009,-2.015,-2.007,-1.0,-4.009,-2.007,-3.02,-2.04,-0.009,5.86,2.663,-3.0,2.208,2.562,-0.026,0.962,7.657,4.037,0.021,2.984,0.612,-0.003,3.989,-0.005,-2.006,-4.0,-1.001,-3.002,1.973,-0.509,2.097,-2.0,-0.046,-0.023,-1.015,-1.0,0.926,0.342,-0.731,-4.0,-4.0,-0.016,-2.009,-2.017,3.922,-3.0,8.271,-2.004,2.817,0.0,-0.068,-2.0,1.406,-3.042,-0.023,1.955,-0.019,0.973,3.979,-0.026,-4.999,-0.022,3.038,-4.0,-0.675,-2.031,2.166,0.011,-1.055,0.0,0.0,0.0,0.0,0.0,0.0,0.0,0.0,0.0,0.0
GoldS210,XAUUSDc,86,10.182,20.364,3,0.2729,109.39,503,22.4652,1,5,0,0.015,1.7,1.5,0.0,0.5,15,1,-1.913,28,0,1,5,0.25,0.0,0.0,0.0,0.0,0.0,1.479,4.981,-4.0,-1.508,-3.0,-6.0,7.461,-0.507,-3.0,-0.251,-4.502,-3.0,-5.0,-4.0,-3.0,-3.033,0.71,-3.519,1.46,2.8,-1.02,-2.131,-3.0,3.07,-5.0,-4.0,-4.0,-2.51,-2.511,11.126,-3.614,-6.0,1.374,-3.0,-0.022,-3.0,-0.515,-5.0,-2.0,-2.999,-4.0,-3.0,19.667,10.382,-2.509,29.579,-1.503,-6.0,-1.511,-1.0,-3.014,2.729,-1.771,-5.0,0.486,14.279,-1.007,-3.0,9.268,-4.0,-0.913,5.078,1.801,0.493,4.745,5.206,21.767,5.425,6.688,5.082,-4.0,-4.0,-0.501,-2.503,-1.509,8.785,7.453,15.963,0.944,-0.39,0.528,-1.0,-7.0,-2.521,5.343,-4.0,0.11,3.875,-2.049,-2.502,-0.068,-2.0,-4.999,-4.0,2.029,0.0,1.399,-2.0,-3.0,-2.559,0.465,4.118,-1.526,-0.539,2.168,-6.0,-5.0,1.481,-1.041,-3.0,2.185,-6.0,-1.533,-4.0,-1.508,0.0,0.0,0.0,0.0,0.0,0.0,0.0,0.0,0.0,0.0
GoldS210,XAUUSDc,268,-7.9655,-47.793,1,-0.7076,0.0,463,22.2462,1,5,0,0.015,1.1,2.0,0.0,0.5,15,1,-54.643,9,0,1,10,0.75,0.0,0.0,0.0,0.0,0.0,1.972,4.815,-3.0,-1.01,-4.0,-5.0,6.624,-0.009,-3.0,0.214,-3.003,-2.0,-3.0,-3.0,-3.0,2.85,-0.397,-4.0,-0.978,1.753,1.578,2.759,2.115,0.478,-5.0,-4.0,-4.0,-0.014,-1.123,7.84,-5.0,-6.0,-1.763,1.723,0.971,-3.0,0.016,-0.746,-3.0,-3.0,-3.0,-4.0,3.27,3.701,-2.014,10.457,-1.004,-6.0,-1.014,-1.0,-0.622,-4.0,-0.391,2.353,-0.053,4.642,-2.001,-3.0,-0.062,-4.0,-3.023,-0.632,3.146,0.991,-0.778,1.571,0.091,-3.0,4.364,-3.0,0.0,-5.0,-0.002,-2.005,1.618,3.569,0.155,3.371,-0.009,4.779,1.321,-1.0,-1.156,-5.0,8.562,-4.0,0.225,-2.021,-1.289,-5.0,-2.063,-2.0,-3.0,-0.659,3.979,0.0,-0.11,-2.0,-2.0,-2.076,0.953,0.862,-0.793,-2.0,11.819,-5.999,-4.999,3.1,2.889,1.889,4.17,-5.0,7.48,-3.0,-2.01,0.0,0.0,0.0,0.0,0.0,0.0,0.0,0.0,0.0,0.0
GoldS210,XAUUSDc,64,-2.8765,-5.753,3,-0.2137,0.0,477,30.608,1,5,0,0.015,1.1,1.5,0.0,0.5,15,1,-28.267,6,0,1,20,0.0,0.0,0.0,0.0,0.0,0.0,1.479,2.279,-3.0,-1.508,-1.495,-5.0,5.305,-0.507,-3.0,-0.495,-4.501,3.089,-1.272,-3.0,-3.0,18.514,-0.89,2.456,-0.618,2.429,1.596,-0.193,-3.0,-2.223,-5.0,-4.0,-4.0,-0.51,6.136,3.041,1.77,-2.492,4.444,3.473,7.073,-3.0,4.104,-0.496,-2.0,-2.0,-3.998,-4.0,11.334,-0.898,-2.51,-0.32,-1.503,-5.999,-1.511,-1.0,-3.014,-1.498,-5.0,1.906,0.486,6.367,-1.007,-3.0,4.093,-4.0,1.692,-0.013,-1.158,0.493,0.174,4.722,3.722,-0.503,4.444,4.789,-4.0,-4.0,-0.501,-2.503,2.81,0.522,2.017,1.935,0.944,-0.714,-0.463,-1.0,-2.482,5.064,0.894,-4.0,-1.349,-0.99,-1.475,-2.502,-0.068,-2.0,0.283,-4.0,5.198,0.0,1.399,-2.0,-2.0,-2.559,0.465,-0.002,-1.526,-0.539,8.398,-3.307,-4.999,1.03,-0.04,-4.0,1.861,-1.209,6.885,-4.0,-0.508,0.0,0.0,0.0,0.0,0.0,0.0,0.0,0.0,0.0,0.0
GoldS210,XAUUSDc,269,-7.9655,-47.793,1,-0.7076,0.0,463,22.2462,1,5,0,0.015,1.4,2.0,0.0,0.5,15,1,-54.643,9,0,1,10,0.75,0.0,0.0,0.0,0.0,0.0,1.972,4.815,-3.0,-1.01,-4.0,-5.0,6.624,-0.009,-3.0,0.214,-3.003,-2.0,-3.0,-3.0,-3.0,2.85,-0.397,-4.0,-0.978,1.753,1.578,2.759,2.115,0.478,-5.0,-4.0,-4.0,-0.014,-1.123,7.84,-5.0,-6.0,-1.763,1.723,0.971,-3.0,0.016,-0.746,-3.0,-3.0,-3.0,-4.0,3.27,3.701,-2.014,10.457,-1.004,-6.0,-1.014,-1.0,-0.622,-4.0,-0.391,2.353,-0.053,4.642,-2.001,-3.0,-0.062,-4.0,-3.023,-0.632,3.146,0.991,-0.778,1.571,0.091,-3.0,4.364,-3.0,0.0,-5.0,-0.002,-2.005,1.618,3.569,0.155,3.371,-0.009,4.779,1.321,-1.0,-1.156,-5.0,8.562,-4.0,0.225,-2.021,-1.289,-5.0,-2.063,-2.0,-3.0,-0.659,3.979,0.0,-0.11,-2.0,-2.0,-2.076,0.953,0.862,-0.793,-2.0,11.819,-5.999,-4.999,3.1,2.889,1.889,4.17,-5.0,7.48,-3.0,-2.01,0.0,0.0,0.0,0.0,0.0,0.0,0.0,0.0,0.0,0.0
GoldS210,XAUUSDc,188,-9.07,-54.42,1,-0.6834,0.0,481,19.7505,1,5,0,0.015,1.1,2.0,0.0,0.5,15,1,-68.649,17,0,1,10,0.5,0.0,0.0,0.0,0.0,0.0,1.972,8.905,-3.0,-1.01,-4.0,-4.999,3.96,-0.01,-3.0,0.214,-4.003,-3.0,-4.0,-3.0,-3.0,10.229,0.948,-2.025,-6.0,3.205,1.578,6.104,-3.0,2.738,-5.0,-4.0,-4.0,-1.014,-0.601,9.753,-5.0,-5.999,-1.761,3.835,0.97,-3.0,0.016,-0.746,-3.0,-3.0,-3.0,-4.0,2.27,-0.939,-2.014,6.549,-1.004,-6.0,-1.014,-1.0,-0.166,-4.0,-0.391,3.164,0.947,5.122,-2.001,-4.0,-0.062,-4.0,-3.023,-0.632,-4.0,0.991,-6.0,1.571,0.091,-2.999,5.09,-3.0,-4.0,-3.999,-0.002,-2.005,-4.0,9.899,0.155,9.373,-0.009,6.669,1.321,-1.0,-1.156,-5.0,13.174,-4.0,0.225,-3.021,-1.289,-5.0,-2.062,-2.0,-5.0,-4.0,2.995,0.0,-0.11,-2.0,-2.0,-2.076,0.953,0.862,-0.793,-2.0,15.446,-6.0,-5.0,3.1,4.08,-4.0,5.615,-6.0,8.436,-3.0,-2.01,0.0,0.0,0.0,0.0,0.0,0.0,0.0,0.0,0.0,0.0
GoldS210,XAUUSDc,72,-5.3527,-16.058,2,-0.3774,0.0,444,17.3423,1,5,0,0.015,1.1,2.5,0.0,0.5,15,1,-35.491,17,0,1,20,0.0,0.0,0.0,0.0,0.0,0.0,0.0,14.096,-3.0,-4.0,-0.488,-5.0,-0.501,0.488,-3.0,0.517,-3.502,-2.0,2.048,-3.0,-3.0,-4.0,3.609,3.705,2.498,5.358,2.337,5.997,-3.0,5.869,-5.0,-4.0,-4.0,0.483,0.637,-2.513,-4.0,-5.0,1.353,11.036,-0.501,-3.0,9.297,0.515,-2.0,-2.0,-3.998,-4.0,6.315,-1.697,-5.0,-2.464,-4.0,-5.999,-4.0,-1.0,4.055,-3.999,-5.0,14.933,1.442,9.067,-1.501,-4.0,-1.999,-0.519,0.27,-0.406,-3.0,-2.0,4.471,1.898,1.522,-1.999,10.896,-3.0,-4.0,-4.0,0.498,-1.506,-3.0,-4.0,1.064,9.429,-3.0,-0.179,0.77,-1.0,-1.447,2.973,19.655,-4.0,-0.025,-2.526,0.748,-5.0,0.78,-2.0,-4.0,-1.065,-0.375,0.0,0.852,-2.0,-2.0,-1.593,1.548,-1.561,-4.0,-2.0,16.433,-5.999,-4.999,3.446,6.39,-4.0,-4.0,-4.999,0.197,-4.0,2.807,0.0,0.0,0.0,0.0,0.0,0.0,0.0,0.0,0.0,0.0
GoldS210,XAUUSDc,145,0.935,1.87,3,0.0696,916.26,478,30.7531,1,5,0,0.015,1.4,1.5,0.0,0.5,15,1,-15.264,8,0,1,20,0.25,0.0,0.0,0.0,0.0,0.0,1.479,2.279,-3.0,-1.508,-1.495,-5.0,5.305,-0.507,-3.0,-0.495,-4.502,3.089,-1.272,-3.0,-3.0,13.134,5.301,2.456,-0.617,2.429,1.6,-2.499,-3.0,-2.223,-5.0,-4.0,-4.0,-0.51,4.756,3.044,1.77,-2.492,4.444,3.473,7.082,-3.0,4.121,-0.496,-2.0,3.813,-4.0,-4.0,9.182,-0.898,-2.51,10.128,-1.503,-5.998,-1.511,-1.0,-3.014,-1.498,-5.0,1.906,0.486,6.367,-1.007,-3.0,4.093,-4.0,1.692,-0.013,-1.158,0.493,0.174,4.726,2.726,0.497,4.444,4.789,-4.0,-4.0,-0.501,-2.503,2.81,0.522,2.017,1.935,0.944,-0.714,-0.463,-1.0,-2.482,5.064,0.894,-4.0,-4.0,-0.99,-1.475,-2.502,-0.068,-3.0,0.283,-4.0,5.198,0.0,1.399,-2.0,-2.0,-2.559,0.465,-0.002,-1.526,-0.539,8.398,-3.307,-4.999,1.03,-0.04,-4.0,1.861,-1.209,6.885,-4.0,-0.508,0.0,0.0,0.0,0.0,0.0,0.0,0.0,0.0,0.0,0.0
GoldS210,XAUUSDc,117,-20.1865,-121.119,1,-0.8718,0.0,469,9.3817,1,5,0,0.015,1.4,3.0,0.0,0.5,15,1,-146.971,19,0,1,10,0.25,0.0,0.0,0.0,0.0,0.0,-1.0,-0.219,-2.999,-4.0,-4.0,-4.999,-0.001,0.987,-3.0,-3.0,-3.004,-3.0,-5.0,-3.0,-3.0,-5.0,12.443,-4.0,0.642,15.977,1.368,-6.0,-3.0,-5.0,-5.0,-4.0,-4.0,-4.0,4.543,-1.016,-5.0,-6.0,-0.275,-3.0,0.508,-3.0,-3.0,0.501,-3.0,-3.0,-3.0,-4.0,2.993,7.75,-5.0,-6.999,-4.0,-6.0,0.031,-1.0,-4.011,-4.0,2.946,-5.0,1.938,18.992,-0.228,-4.0,-2.0,0.385,-5.0,6.914,-4.0,-2.0,-6.0,4.846,-3.0,-3.0,15.831,-2.999,-4.0,-4.0,0.997,-1.007,-4.0,-4.0,-3.0,-4.0,-3.0,4.949,4.082,-1.0,0.523,-4.0,7.099,-4.0,2.487,-6.0,0.305,-5.0,22.852,-2.0,-4.999,-4.0,-0.576,0.0,-2.134,-2.0,-2.0,-4.0,19.667,-2.073,-4.0,-2.0,-4.0,-6.0,-5.0,-4.0,-4.0,-4.0,-4.0,-6.0,0.053,-4.0,16.811,0.0,0.0,0.0,0.0,0.0,0.0,0.0,0.0,0.0,0.0
GoldS210,XAUUSDc,282,-3.983,-7.966,3,-0.2493,0.0,501,46.3074,1,5,0,0.015,1.7,1.0,0.0,0.5,15,1,-10.297,0,0,1,15,0.75,0.0,0.0,0.0,0.0,0.0,0.986,-0.936,-0.842,0.986,0.115,-1.468,1.413,1.213,-1.047,-0.009,-4.001,0.17,2.794,-0.82,-3.0,-1.203,-0.577,2.926,-1.812,1.435,0.08,0.16,2.435,-2.012,-5.0,-1.563,-4.0,0.356,-3.008,1.783,3.48,3.619,0.974,-0.482,1.425,-3.0,-1.01,-1.002,-2.0,-0.002,0.464,-4.0,3.366,0.165,-3.007,4.557,-0.009,-2.016,-2.007,-1.0,-4.009,-2.007,-3.02,-3.0,-1.009,4.62,1.437,-3.0,2.074,1.131,-0.026,0.962,5.661,1.529,0.051,2.984,2.917,0.265,3.989,0.033,-0.346,-4.0,-1.001,-3.002,1.973,-0.581,2.348,-2.0,-0.046,-0.023,-1.015,-1.0,0.978,-0.448,-0.675,-4.0,-1.562,3.779,-3.003,-2.017,3.922,0.445,6.087,-2.004,2.606,0.0,-0.068,-2.0,1.429,-3.042,-0.023,2.092,-0.019,0.973,4.539,-1.441,-4.999,-0.022,3.109,-1.298,0.455,0.147,2.18,0.011,-1.055,0.0,0.0,0.0,0.0,0.0,0.0,0.0,0.0,0.0,0.0
GoldS210,XAUUSDc,162,-2.482,-7.446,2,-0.2881,0.0,513,43.0799,1,5,0,0.015,1.7,1.0,0.0,0.5,15,1,-10.661,0,0,1,5,0.5,0.0,0.0,0.0,0.0,0.0,0.986,-0.807,-0.103,0.986,-0.905,-0.935,1.89,2.421,-1.047,-0.009,-4.001,-3.0,-4.0,-4.0,-3.0,-0.162,-0.052,4.17,0.094,2.184,0.386,1.596,2.597,-2.012,-5.0,-1.026,-4.0,0.734,-3.008,2.588,4.105,5.87,1.413,0.321,2.333,-3.0,-1.01,-1.007,-2.0,0.996,0.242,-4.0,1.838,0.966,-3.007,6.986,-0.009,-2.016,-2.007,-1.0,-4.009,-2.007,-0.879,-4.0,-0.009,5.901,1.904,-3.0,3.028,2.73,-0.026,0.962,2.985,-1.004,-2.012,2.984,4.934,1.107,4.464,0.644,-2.006,-3.999,-1.001,-3.002,1.973,-2.072,4.38,-2.0,-0.046,-0.023,-1.015,-1.0,1.586,0.693,-0.368,-4.0,-1.541,3.925,-3.003,-2.017,3.922,0.286,5.31,-2.004,-1.029,0.0,-0.068,-2.0,-1.037,-3.042,-0.023,3.122,-0.019,0.973,5.276,-0.006,-5.0,-0.022,2.926,-3.0,0.049,-1.287,-0.033,0.575,-1.055,0.0,0.0,0.0,0.0,0.0,0.0,0.0,0.0,0.0,0.0
GoldS210,XAUUSDc,285,-9.5313,-28.594,2,-0.5706,0.0,468,32.0513,1,5,0,0.015,1.4,1.5,0.0,0.5,15,1,-32.528,0,0,1,15,0.75,0.0,0.0,0.0,0.0,0.0,1.479,0.957,-3.0,-1.508,-1.495,-5.0,3.414,-0.507,-3.0,-0.495,-3.502,1.69,-2.0,-3.0,-3.0,-0.33,-1.697,3.032,0.18,-1.404,1.819,-4.0,0.595,-2.138,-5.0,-4.0,-4.0,-0.51,1.313,3.301,0.31,-2.456,3.855,0.57,3.718,-3.0,-0.515,-0.408,-2.0,1.775,-3.0,-4.0,4.663,3.253,-2.51,7.024,-1.503,-2.83,-1.511,-1.0,-3.014,-1.479,-5.0,-3.0,-0.514,4.521,-2.501,-3.0,3.794,-4.0,2.217,0.072,2.076,0.493,0.412,4.812,3.727,-0.063,4.444,3.977,0.0,-5.0,-0.501,-2.503,2.138,0.151,2.595,1.482,0.944,-0.954,-0.511,-1.0,-2.349,4.044,1.069,-4.0,-0.621,0.641,-2.252,-2.502,-0.068,-2.0,6.524,-4.0,4.993,0.0,1.399,-2.0,-2.0,-2.559,0.465,0.256,-1.526,-0.539,8.816,-3.35,-4.999,0.998,-0.041,-0.192,2.079,-2.166,5.002,-3.0,1.84,0.0,0.0,0.0,0.0,0.0,0.0,0.0,0.0,0.0,0.0
GoldS210,XAUUSDc,266,-10.5167,-31.55,2,-0.6351,0.0,479,31.1065,1,5,0,0.015,1.7,1.5,0.0,0.5,15,1,-35.622,0,0,1,10,0.75,0.0,0.0,0.0,0.0,0.0,1.479,1.351,-3.0,-1.508,-4.0,-5.0,3.414,-0.506,-3.0,-0.382,-3.502,1.69,-2.999,-3.0,-3.0,-0.33,-1.637,2.84,0.438,-1.395,1.767,-1.573,0.602,-1.437,-5.0,-4.0,-4.0,-0.51,1.313,3.183,0.804,-5.0,3.986,0.646,3.757,-3.0,-0.515,-1.37,-3.0,0.802,-3.0,-4.0,5.002,3.679,-2.51,7.219,-1.503,-3.423,-1.511,-1.0,-3.014,-1.406,-1.559,0.465,-0.514,5.064,-2.501,-3.0,4.501,-4.0,-1.018,0.904,-0.538,0.493,-2.141,5.999,3.811,0.025,3.848,3.943,0.0,-5.0,-0.501,-2.503,2.114,0.161,2.851,2.608,0.944,-0.954,-0.137,-1.0,-1.996,0.313,1.069,-4.0,-0.907,0.93,-2.087,-2.502,-0.068,-2.0,7.46,-4.0,5.348,0.0,1.399,-2.0,-2.0,-2.559,0.465,-0.431,-1.526,-0.539,10.495,-3.053,-4.999,1.481,-0.041,-0.192,1.39,-2.053,4.907,-3.0,0.84,0.0,0.0,0.0,0.0,0.0,0.0,0.0,0.0,0.0,0.0
GoldS210,XAUUSDc,89,-10.989,-65.934,1,-0.6157,0.0,497,14.2857,1,5,0,0.015,1.4,2.0,0.0,0.5,15,1,-103.958,18,0,1,5,0.25,0.0,0.0,0.0,0.0,0.0,1.972,25.513,-4.0,-1.01,-3.0,-6.0,8.598,-0.01,-3.0,0.448,-4.003,-3.0,-5.0,-4.0,-3.0,2.948,3.767,-3.025,-6.0,9.99,-2.014,0.554,-3.0,13.545,-5.0,-4.0,-4.0,-2.014,-5.0,-3.01,-7.0,-6.0,0.102,-3.0,0.97,-3.0,-3.0,-5.0,-2.0,-2.999,-4.0,-3.0,-1.089,2.618,-2.013,35.023,-1.004,-6.0,-1.014,-1.0,-5.008,-4.0,-0.683,-5.0,0.947,15.548,-3.001,-3.0,-0.062,-4.0,-3.022,-4.999,13.883,0.991,-6.0,5.303,0.475,-2.0,-0.023,-3.0,-4.0,-4.0,-0.002,-2.005,-4.0,-4.0,1.001,-4.0,-0.009,5.123,7.83,-1.0,-7.0,-5.0,-2.008,-4.0,1.815,-3.021,-1.224,-5.0,-2.063,-2.0,-4.999,-4.0,3.173,0.0,-0.11,-2.0,-3.0,-2.076,0.953,7.773,-4.0,-2.0,22.577,-6.0,-5.0,4.361,-3.042,-3.0,9.881,-6.0,-1.044,-4.0,-1.01,0.0,0.0,0.0,0.0,0.0,0.0,0.0,0.0,0.0,0.0
GoldS210,XAUUSDc,189,-9.0683,-54.41,1,-0.6834,0.0,481,19.7505,1,5,0,0.015,1.4,2.0,0.0,0.5,15,1,-68.639,17,0,1,10,0.5,0.0,0.0,0.0,0.0,0.0,1.972,8.905,-3.0,-1.01,-4.0,-4.999,3.96,-0.01,-3.0,0.214,-4.003,-3.0,-4.0,-3.0,-3.0,10.229,0.948,-2.025,-6.0,3.205,1.578,6.104,-3.0,2.738,-5.0,-4.0,-4.0,-1.014,-0.601,9.763,-5.0,-5.999,-1.761,3.835,0.97,-3.0,0.016,-0.746,-3.0,-3.0,-3.0,-4.0,2.27,-0.939,-2.014,6.549,-1.004,-6.0,-1.014,-1.0,-0.166,-4.0,-0.391,3.164,0.947,5.122,-2.001,-4.0,-0.062,-4.0,-3.023,-0.632,-4.0,0.991,-6.0,1.571,0.091,-2.999,5.09,-3.0,-4.0,-3.999,-0.002,-2.005,-4.0,9.899,0.155,9.373,-0.009,6.669,1.321,-1.0,-1.156,-5.0,13.174,-4.0,0.225,-3.021,-1.289,-5.0,-2.062,-2.0,-5.0,-4.0,2.995,0.0,-0.11,-2.0,-2.0,-2.076,0.953,0.862,-0.793,-2.0,15.446,-6.0,-5.0,3.1,4.08,-4.0,5.615,-6.0,8.436,-3.0,-2.01,0.0,0.0,0.0,0.0,0.0,0.0,0.0,0.0,0.0,0.0
GoldS210,XAUUSDc,149,-4.4377,-13.313,2,-0.1884,0.0,459,22.0044,1,5,0,0.015,1.4,2.0,0.0,0.5,15,1,-48.292,19,0,1,20,0.25,0.0,0.0,0.0,0.0,0.0,1.972,7.018,-3.0,-1.01,-0.992,-5.0,9.098,-0.01,-3.0,0.011,-4.003,-2.0,-0.57,-3.0,-3.0,30.979,11.594,4.058,-2.567,3.045,1.224,-0.009,-3.0,1.253,-5.0,-4.0,-4.0,-0.014,-0.984,0.299,-4.0,-5.0,0.57,7.943,0.971,-3.0,6.318,0.01,-2.0,-2.0,-4.0,-4.0,2.823,-2.351,-2.014,2.302,-1.004,-5.998,-1.014,-1.0,-5.008,-3.999,-5.0,4.926,0.947,5.626,-2.001,-4.0,-0.061,-4.0,2.893,-0.947,-3.0,0.991,-0.15,1.092,-0.996,-0.999,6.819,-3.0,-4.0,-4.0,-0.002,-2.005,3.847,-4.0,0.016,4.826,-0.009,5.814,0.158,-1.0,-1.964,1.435,10.731,-4.0,-4.0,-3.021,-4.0,-5.0,-2.063,-3.0,-4.0,-1.676,2.243,0.0,-0.11,-2.0,-2.0,-2.076,0.953,1.009,-1.0,-2.0,13.57,-5.999,-4.999,2.078,6.013,-4.0,4.916,-4.999,10.93,-4.0,-0.01,0.0,0.0,0.0,0.0,0.0,0.0,0.0,0.0,0.0,0.0
GoldS210,XAUUSDc,91,-10.9892,-65.935,1,-0.6157,0.0,497,14.2857,1,5,0,0.015,2.0,2.0,0.0,0.5,15,1,-103.959,18,0,1,5,0.25,0.0,0.0,0.0,0.0,0.0,1.972,25.513,-4.0,-1.01,-3.0,-6.0,8.598,-0.01,-3.0,0.448,-4.003,-3.0,-5.0,-4.0,-3.0,2.948,3.767,-3.025,-6.0,9.99,-2.014,0.554,-3.0,13.545,-5.0,-4.0,-4.0,-2.014,-5.0,-3.01,-7.0,-6.0,0.102,-3.0,0.97,-3.0,-3.0,-5.0,-2.0,-3.0,-4.0,-3.0,-1.089,2.618,-2.013,35.023,-1.004,-6.0,-1.014,-1.0,-5.008,-4.0,-0.683,-5.0,0.947,15.548,-3.001,-3.0,-0.062,-4.0,-3.022,-4.999,13.883,0.991,-6.0,5.303,0.475,-2.0,-0.023,-3.0,-4.0,-4.0,-0.002,-2.005,-4.0,-4.0,1.001,-4.0,-0.009,5.123,7.83,-1.0,-7.0,-5.0,-2.008,-4.0,1.815,-3.021,-1.224,-5.0,-2.063,-2.0,-4.999,-4.0,3.173,0.0,-0.11,-2.0,-3.0,-2.076,0.953,7.773,-4.0,-2.0,22.577,-6.0,-5.0,4.361,-3.042,-3.0,9.881,-6.0,-1.044,-4.0,-1.01,0.0,0.0,0.0,0.0,0.0,0.0,0.0,0.0,0.0,0.0
GoldS210,XAUUSDc,271,-8.8993,-53.396,1,-0.73,0.0,465,21.9355,1,5,0,0.015,2.0,2.0,0.0,0.5,15,1,-63.146,8,0,1,10,0.75,0.0,0.0,0.0,0.0,0.0,1.972,4.815,-3.0,-1.01,-4.0,-5.0,6.624,-0.009,-3.0,0.214,-3.003,-2.0,-2.999,-3.0,-3.0,3.335,-0.397,-4.0,-0.978,1.753,1.578,2.759,2.115,0.478,-5.0,-4.0,-4.0,-0.014,-1.123,7.84,-5.0,-6.0,-1.763,1.723,0.971,-3.0,0.016,-0.746,-3.0,-3.0,-3.0,-4.0,3.27,3.716,-2.014,1.913,-1.004,-6.0,-1.014,-1.0,-0.622,-4.0,-0.391,2.353,-0.053,4.642,-2.001,-3.0,-0.062,-4.0,-3.023,-0.632,3.146,0.991,-0.778,1.571,0.091,-3.0,4.364,-3.0,-2.0,-4.0,-0.002,-2.005,1.644,6.75,0.155,3.603,-0.009,4.779,1.321,-1.0,-1.156,-5.0,8.562,-4.0,0.225,-2.021,-1.289,-5.0,-2.063,-2.0,-2.999,-0.659,3.979,0.0,-0.11,-2.0,-2.0,-2.076,0.953,0.862,-0.793,-2.0,11.819,-5.999,-4.999,3.1,2.889,1.889,4.17,-5.0,7.48,-3.0,-2.01,0.0,0.0,0.0,0.0,0.0,0.0,0.0,0.0,0.0,0.0
GoldS210,XAUUSDc,279,-10.8553,-32.566,2,-0.6098,0.0,441,12.9252,1,5,0,0.015,2.0,3.0,0.0,0.5,15,1,-51.287,31,0,1,10,0.75,0.0,0.0,0.0,0.0,0.0,-1.0,13.643,-3.0,-4.0,-4.0,-5.0,-0.001,0.987,-3.0,-3.0,-2.004,-2.0,-2.999,-3.0,-3.0,-3.0,2.082,-4.0,1.682,6.122,1.186,-5.0,5.142,10.674,-5.0,-4.0,-4.0,-2.0,2.482,-1.016,-5.0,-6.0,-0.276,3.878,0.509,-3.0,3.646,0.501,-3.0,-3.0,-3.0,-4.0,3.993,3.495,-5.0,7.968,-4.0,-6.0,0.031,-1.0,7.219,-4.0,2.946,11.759,0.938,10.58,-0.228,-3.0,-2.0,0.385,-5.0,4.61,-2.0,-3.0,-6.0,4.846,-3.0,-3.0,7.803,-3.0,-2.0,-4.0,0.997,-1.007,-4.0,-3.0,5.028,11.6,-3.0,3.772,4.082,-1.0,1.523,-5.0,7.545,-4.0,2.487,-5.0,0.305,-5.0,5.722,-2.0,-2.999,1.226,0.424,0.0,-2.134,-2.0,-2.0,-4.0,11.112,-2.073,3.617,-2.0,16.721,-5.999,-4.999,-4.0,-4.0,-4.0,-3.0,-5.0,0.053,-3.0,3.848,0.0,0.0,0.0,0.0,0.0,0.0,0.0,0.0,0.0,0.0
GoldS210,XAUUSDc,60,-0.7575,-1.515,3,-0.0686,0.0,505,45.1485,1,5,0,0.015,1.1,1.0,0.0,0.5,15,1,-10.674,2,0,1,20,0.0,0.0,0.0,0.0,0.0,0.0,0.986,-0.767,-0.813,0.986,0.219,-1.598,2.307,1.023,-1.047,-0.009,-4.001,-0.117,-0.743,-0.675,-3.0,6.157,-0.306,0.553,-1.903,1.377,0.024,1.161,3.18,-2.012,-5.0,-2.041,-4.0,1.865,-3.008,1.537,3.977,6.167,0.974,0.948,2.465,-3.0,1.933,-1.002,-2.0,-0.002,-1.998,-4.0,4.304,0.045,-3.007,4.744,-0.009,-2.016,-2.007,-1.0,-4.009,-2.007,-3.02,-2.04,-0.009,5.86,2.663,-3.0,2.208,2.562,-0.026,0.962,5.113,-1.004,0.021,2.984,2.857,-0.003,3.989,-0.005,-2.006,-4.0,-1.001,-3.002,1.973,-0.509,2.097,-2.0,-0.046,-0.023,-1.015,-1.0,0.926,0.342,-0.731,-4.0,-2.001,-0.016,-2.009,-2.017,3.922,0.002,8.271,-2.004,2.817,0.0,-0.068,-2.0,1.406,-3.042,-0.023,1.955,-0.019,0.973,3.979,-0.026,-4.999,-0.022,3.038,-4.0,-0.675,-2.031,2.166,0.011,-1.055,0.0,0.0,0.0,0.0,0.0,0.0,0.0,0.0,0.0,0.0
GoldS210,XAUUSDc,156,56.4213,84.632,4,1.7711,81.67,436,13.9908,1,5,0,0.015,1.1,3.0,0.0,0.5,15,1,15.509,22,0,1,20,0.25,0.0,0.0,0.0,0.0,0.0,0.0,20.621,-3.0,-4.0,-4.0,-5.0,0.0,0.986,-3.0,-3.0,-3.004,-2.0,3.645,-3.0,-3.0,-4.0,13.19,5.332,4.078,7.672,-0.348,-4.0,3.995,16.491,-5.0,-4.0,-4.0,-2.0,2.256,-2.016,-4.0,-5.0,2.163,14.136,0.004,-3.0,21.5,1.021,-2.0,-2.0,-4.0,-4.0,2.88,0.343,-5.0,-5.0,-4.0,-5.998,-4.0,-1.0,-4.011,-3.999,-5.0,22.243,1.938,11.804,-0.965,-4.0,-1.999,0.228,1.139,1.314,-3.0,16.456,13.957,2.895,1.835,-0.999,16.562,-3.0,-4.0,-4.0,0.997,-1.007,-3.0,-4.0,-3.0,14.058,-3.0,0.874,1.384,-1.0,0.071,-3.999,5.045,-4.0,-4.0,-6.0,-4.0,-5.0,6.489,-3.0,-4.0,-0.453,0.204,0.0,3.002,-2.0,-2.0,-4.0,2.123,-1.073,-4.0,-2.0,66.123,-5.999,-4.999,1.255,1.378,-4.0,-4.0,-4.999,0.862,-4.0,4.951,0.0,0.0,0.0,0.0,0.0,0.0,0.0,0.0,0.0,0.0
GoldS210,XAUUSDc,257,-0.0,-100.142,0,-0.8396,0.0,451,9.7561,1,5,0,0.015,1.4,3.0,0.0,0.5,15,1,-118.875,26,0,1,5,0.75,0.0,0.0,0.0,0.0,0.0,-1.0,14.285,-4.0,-3.0,-4.0,-5.0,-0.001,0.986,-3.0,-3.0,-2.004,-2.0,-3.0,-4.0,-3.0,-3.0,2.425,-4.0,2.306,6.901,-5.0,-5.0,5.276,10.959,-5.0,-4.0,-4.0,-3.0,-5.0,-1.016,-5.0,-6.0,5.608,3.878,-1.029,-3.0,-3.0,-4.0,-3.0,-3.0,-3.0,-4.0,5.833,3.826,-5.0,8.968,-4.0,-6.0,-4.0,-1.0,-4.011,-4.0,2.494,-3.0,0.938,2.984,1.836,-3.0,-2.0,-5.0,-5.0,-4.0,-4.0,-3.0,-6.0,8.444,5.718,-3.0,9.8,-3.0,0.0,-5.0,0.997,-1.007,-4.0,-3.0,7.521,12.648,-3.0,6.002,6.571,-1.0,-6.0,-6.0,0.988,-4.0,4.939,-5.0,0.424,-5.0,5.722,-2.0,-3.0,1.226,-4.0,0.0,-2.134,-2.0,-2.0,-4.0,12.856,-2.073,-4.0,-2.0,15.733,-6.0,-4.999,-4.0,-5.0,-3.0,-4.0,-5.0,2.191,-2.999,3.848,0.0,0.0,0.0,0.0,0.0,0.0,0.0,0.0,0.0,0.0
GoldS210,XAUUSDc,33,-0.0,-116.909,0,-0.9086,0.0,472,12.5,1,5,0,0.015,1.4,2.5,0.0,0.5,15,1,-146.626,14,0,1,10,0.0,0.0,0.0,0.0,0.0,0.0,-1.0,-0.888,-3.0,-4.0,-4.0,-4.999,-1.501,0.488,-3.0,0.809,-3.503,-3.0,-5.0,-3.0,-3.0,8.78,-0.789,-4.0,0.292,22.666,0.481,-1.754,-3.0,-5.0,-5.0,-4.0,-4.0,-1.517,1.971,-1.513,-5.0,-6.0,-1.143,-3.0,-0.201,-3.0,-3.0,-0.123,-3.0,-3.0,-3.0,-4.0,11.165,2.779,-5.0,-2.635,-4.0,-6.0,-0.486,-1.0,-4.51,-4.0,1.778,-5.0,1.442,15.186,-1.501,-4.0,-2.0,-0.484,-1.529,0.112,-4.0,5.15,-6.0,2.988,2.835,-1.999,11.506,-3.0,-4.0,-3.999,0.498,-1.506,-4.0,-4.0,-3.0,-4.0,-3.0,2.783,2.701,-1.0,-1.316,-4.0,35.695,-4.0,1.356,-2.526,-0.492,-5.0,-5.0,-2.0,-6.0,-4.0,-1.228,0.0,0.852,-2.0,-2.0,-1.593,1.484,-2.561,-0.094,-2.0,-2.999,-6.0,-5.0,1.374,4.005,-4.0,-4.0,-6.0,-0.457,-4.0,10.761,0.0,0.0,0.0,0.0,0.0,0.0,0.0,0.0,0.0,0.0
GoldS210,XAUUSDc,291,-16.6607,-49.982,2,-0.7027,0.0,453,22.9581,1,5,0,0.015,2.0,2.0,0.0,0.5,15,1,-59.701,5,0,1,15,0.75,0.0,0.0,0.0,0.0,0.0,1.972,4.098,-3.0,-1.01,-0.992,-5.0,6.534,-0.01,-3.0,0.011,-3.003,-2.0,-1.999,-3.0,-3.0,2.922,-0.478,4.026,-1.293,1.988,1.561,-1.92,2.116,-0.597,-5.0,-4.0,-4.0,-0.014,-5.0,7.824,-4.0,-5.0,-1.56,1.623,0.97,-3.0,-0.013,0.179,-2.0,-2.0,-3.0,-4.0,2.821,3.416,-2.014,1.913,-1.004,-6.0,-1.014,-1.0,-0.368,-4.0,-5.0,-3.0,-0.053,4.316,-2.001,-3.0,-0.062,-4.0,-3.023,-0.702,7.248,0.991,3.819,1.038,0.014,-1.999,4.381,-3.0,-2.0,-4.0,-0.002,-2.005,1.655,6.719,0.103,2.199,-0.009,3.456,0.27,-1.0,-1.751,-0.047,8.59,-4.0,0.331,-2.021,-1.572,-5.0,-2.063,-2.0,-2.999,-1.88,2.935,0.0,-0.11,-2.0,-2.0,-2.076,0.953,1.388,-1.0,-2.0,8.936,-6.0,-4.999,2.054,5.84,1.928,5.126,-5.0,7.427,-3.0,-1.01,0.0,0.0,0.0,0.0,0.0,0.0,0.0,0.0,0.0,0.0
GoldS210,XAUUSDc,185,-16.2677,-48.803,2,-0.8939,0.0,491,27.6986,1,5,0,0.015,1.4,1.5,0.0,0.5,15,1,-55.499,6,0,1,10,0.5,0.0,0.0,0.0,0.0,0.0,1.479,2.414,-3.0,-1.508,-4.0,-4.999,4.414,-0.507,-3.0,-0.382,-4.502,-3.0,-4.0,-3.0,-3.0,2.696,-0.909,-0.824,-3.254,-0.492,1.767,0.245,-3.0,-0.602,-5.0,-4.0,-4.0,-1.51,-2.511,4.168,2.803,-4.999,5.159,2.078,4.797,-3.0,-0.515,-1.37,-3.0,2.098,-3.0,-4.0,7.523,0.315,-2.51,7.637,-1.503,-3.423,-1.511,-1.0,-3.014,-1.406,-1.559,0.301,0.486,6.705,-1.007,-3.0,5.379,-4.0,-1.018,1.508,-4.0,0.493,-0.792,2.709,6.153,0.025,3.848,5.676,-4.0,-3.999,-0.501,-2.503,-1.509,1.839,3.879,5.405,0.944,-0.953,-0.137,-1.0,-1.996,1.714,2.019,-4.0,-0.907,0.404,-2.087,-2.502,-0.067,-2.0,3.366,-4.0,0.595,0.0,1.399,-2.0,-2.0,-2.559,0.465,-0.431,-1.526,-0.539,13.487,-3.053,-5.0,1.481,-0.041,-4.0,1.39,-6.0,5.379,-3.0,-2.508,0.0,0.0,0.0,0.0,0.0,0.0,0.0,0.0,0.0,0.0
GoldS210,XAUUSDc,273,-7.5835,-45.501,1,-0.7961,0.0,447,16.5548,1,5,0,0.015,1.4,2.5,0.0,0.5,15,1,-58.228,22,0,1,10,0.75,0.0,0.0,0.0,0.0,0.0,-1.0,8.3,-3.0,-4.0,-4.0,-5.0,-0.501,0.489,-3.0,0.809,-2.503,-2.0,-3.0,-3.0,-3.0,-3.0,0.843,-4.0,0.353,3.936,2.932,3.343,3.629,4.041,-5.0,-4.0,-4.0,0.483,0.68,-1.513,-5.0,-6.0,-1.143,2.8,-0.2,-3.0,1.488,-0.123,-3.0,-3.0,-3.0,-4.0,7.535,-0.054,-5.0,23.088,-4.0,-6.0,-0.486,-1.0,2.341,-4.0,1.778,6.847,0.442,7.552,-1.501,-3.0,-2.0,-0.484,-1.529,0.112,-2.0,-3.0,2.816,2.988,2.408,-3.0,6.921,-3.0,0.0,-5.0,0.498,-1.506,-4.0,-3.0,1.768,6.204,-3.0,1.863,2.701,-1.0,-0.317,-5.0,14.72,-4.0,1.356,-1.526,-0.492,-5.0,0.784,-2.0,-3.0,0.284,-0.228,0.0,0.852,-2.0,-2.0,-1.593,1.484,-2.561,1.701,-2.0,9.097,-5.999,-4.999,1.374,2.635,-4.0,-3.0,1.387,-0.457,-3.0,1.552,0.0,0.0,0.0,0.0,0.0,0.0,0.0,0.0,0.0,0.0
GoldS210,XAUUSDc,308,-7.0793,-21.238,2,-0.4812,0.0,443,24.8307,1,5,0,0.015,1.1,2.0,0.0,0.5,15,1,-27.953,5,0,1,20,0.75,0.0,0.0,0.0,0.0,0.0,1.972,4.91,-3.0,-1.01,-0.992,-5.0,6.213,-0.009,-3.0,0.011,-3.003,-2.0,-2.0,-3.0,-3.0,2.715,5.611,4.058,-2.569,2.555,1.214,-2.014,2.119,-0.687,-5.0,-4.0,-4.0,-0.014,-0.984,6.858,-4.0,-5.0,0.57,3.652,0.97,-3.0,5.427,0.01,-2.0,-2.0,-3.0,-4.0,2.823,2.934,-2.014,10.379,-1.004,-6.0,-1.014,-1.0,-5.008,-3.999,-5.0,1.764,-0.053,3.774,-2.001,-3.0,-0.061,-3.999,2.893,-0.947,1.626,0.991,2.911,1.092,0.004,-1.999,4.317,-3.0,0.0,-5.0,-0.002,-2.005,2.77,3.536,0.016,1.962,-0.009,3.784,0.158,-1.0,-1.964,0.294,7.157,-4.0,0.055,-2.021,0.324,-5.0,-2.063,-2.0,-3.0,-1.676,2.243,0.0,4.582,-2.0,-2.0,-2.076,0.953,1.009,-1.0,-2.0,7.73,-5.999,-4.0,2.078,6.013,2.097,4.662,-5.0,8.172,-3.0,-0.01,0.0,0.0,0.0,0.0,0.0,0.0,0.0,0.0,0.0,0.0
GoldS210,XAUUSDc,225,-6.8467,-20.54,2,-0.6023,0.0,477,31.4465,1,5,0,0.015,1.4,1.5,0.0,0.5,15,1,-27.236,2,0,1,20,0.5,0.0,0.0,0.0,0.0,0.0,1.479,1.978,-3.0,-1.508,-1.495,-5.0,4.414,-0.507,-3.0,-0.495,-4.502,2.215,-0.272,-3.0,-3.0,2.696,3.139,2.456,-0.617,2.429,1.6,-2.499,-3.0,-2.223,-5.0,-4.0,-4.0,-0.51,2.262,3.044,1.264,-2.492,4.39,1.686,4.723,-3.0,4.121,-0.496,-2.0,2.401,-4.0,-4.0,5.793,-0.898,-2.51,5.7,-1.503,-5.999,-1.511,-1.0,-3.014,-1.498,-5.0,0.255,0.486,5.406,-1.007,-3.0,4.093,-4.0,1.692,-0.013,-1.158,0.493,0.174,4.726,3.726,-0.503,4.444,4.573,-4.0,-4.0,-0.501,-2.503,2.81,0.522,2.017,1.711,0.944,-0.714,-0.463,-1.0,-2.482,4.838,0.894,-4.0,0.243,-0.99,-1.475,-2.502,-0.068,-3.0,5.49,-4.0,5.198,0.0,1.399,-2.0,-2.0,-2.559,0.465,-0.002,-1.526,-0.539,5.635,-3.307,-4.999,1.03,-0.04,0.442,1.861,-1.209,6.72,-3.0,-1.508,0.0,0.0,0.0,0.0,0.0,0.0,0.0,0.0,0.0,0.0
GoldS210,XAUUSDc,110,-15.4662,-92.797,1,-0.8881,0.0,486,18.3128,1,5,0,0.015,1.7,2.0,0.0,0.5,15,1,-107.319,15,0,1,10,0.25,0.0,0.0,0.0,0.0,0.0,1.972,-1.557,-2.999,-1.01,-4.0,-4.999,8.598,-0.009,-3.0,0.214,-4.003,-3.0,-5.0,-3.0,-3.0,0.832,5.005,-2.025,-6.0,7.382,1.578,7.187,-3.0,7.009,-5.0,-4.0,-4.0,-2.014,-0.601,9.857,-5.0,-6.0,-1.762,-3.0,0.97,-3.0,0.016,-0.746,-3.0,-3.0,-3.0,-4.0,2.27,-0.4,-2.014,11.521,-1.004,-6.0,-1.014,-1.0,-0.166,-4.0,-0.391,2.66,0.947,9.526,-2.001,-4.0,-0.062,-4.0,-3.023,-0.632,-4.0,0.991,-6.0,1.571,0.091,-3.0,5.09,-2.999,-4.0,-4.0,-0.002,-2.005,-4.0,-4.0,0.155,-4.0,-0.009,10.263,1.321,-1.0,-2.156,-4.0,2.856,-4.0,0.225,-3.021,-1.289,-5.0,-2.063,-2.0,-4.999,-4.0,2.995,0.0,-0.11,-2.0,-2.0,-2.076,0.953,0.862,-0.793,-2.0,9.518,-6.0,-5.0,3.1,4.263,-4.0,7.933,-6.0,8.436,-4.0,-1.01,0.0,0.0,0.0,0.0,0.0,0.0,0.0,0.0,0.0,0.0
GoldS210,XAUUSDc,270,-7.8582,-47.149,1,-0.7048,0.0,463,22.2462,1,5,0,0.015,1.7,2.0,0.0,0.5,15,1,-54.295,9,0,1,10,0.75,0.0,0.0,0.0,0.0,0.0,1.972,4.815,-3.0,-1.01,-4.0,-5.0,6.624,-0.009,-3.0,0.214,-3.003,-2.0,-2.999,-3.0,-3.0,2.85,-0.397,-4.0,-0.978,1.753,1.578,2.759,2.115,0.478,-5.0,-4.0,-4.0,-0.014,-1.123,7.84,-5.0,-6.0,-1.763,1.723,0.971,-3.0,0.016,-0.746,-3.0,-3.0,-3.0,-4.0,3.27,3.702,-2.014,10.522,-1.004,-6.0,-1.014,-1.0,-0.622,-4.0,-0.391,2.353,-0.053,4.642,-2.001,-3.0,-0.062,-4.0,-3.023,-0.632,3.146,0.991,-0.778,1.571,0.091,-3.0,4.364,-3.0,0.0,-5.0,-0.002,-2.005,1.618,4.146,0.155,3.371,-0.009,4.779,1.321,-1.0,-1.156,-5.0,8.562,-4.0,0.225,-2.021,-1.289,-5.0,-2.063,-2.0,-3.0,-0.659,3.979,0.0,-0.11,-2.0,-2.0,-2.076,0.953,0.862,-0.793,-2.0,11.819,-5.999,-4.999,3.1,2.889,1.889,4.17,-5.0,7.48,-3.0,-2.01,0.0,0.0,0.0,0.0,0.0,0.0,0.0,0.0,0.0,0.0
GoldS210,XAUUSDc,309,-7.0533,-21.16,2,-0.4803,0.0,443,24.8307,1,5,0,0.015,1.4,2.0,0.0,0.5,15,1,-27.887,5,0,1,20,0.75,0.0,0.0,0.0,0.0,0.0,1.972,4.91,-3.0,-1.01,-0.992,-5.0,6.213,-0.009,-3.0,0.011,-3.003,-2.0,-2.0,-3.0,-3.0,2.728,5.617,4.058,-2.567,2.555,1.224,-2.014,2.119,-0.687,-5.0,-4.0,-4.0,-0.014,-0.984,6.867,-4.0,-5.0,0.57,3.655,0.97,-3.0,5.462,0.01,-2.0,-2.0,-3.0,-4.0,2.823,2.934,-2.014,10.379,-1.004,-6.0,-1.014,-1.0,-5.008,-3.999,-5.0,1.764,-0.053,3.774,-2.001,-3.0,-0.061,-3.999,2.893,-0.947,1.626,0.991,2.911,1.092,0.004,-1.999,4.317,-3.0,0.0,-5.0,-0.002,-2.005,2.77,3.536,0.016,1.962,-0.009,3.784,0.158,-1.0,-1.964,0.294,7.157,-4.0,0.055,-2.021,0.324,-5.0,-2.063,-2.0,-3.0,-1.676,2.243,0.0,4.582,-2.0,-2.0,-2.076,0.953,1.009,-1.0,-2.0,7.73,-5.999,-4.0,2.078,6.013,2.097,4.662,-5.0,8.172,-3.0,-0.01,0.0,0.0,0.0,0.0,0.0,0.0,0.0,0.0,0.0,0.0
GoldS210,XAUUSDc,154,-4.5363,-13.609,2,-0.2735,0.0,445,16.8539,1,5,0,0.015,1.7,2.5,0.0,0.5,15,1,-33.042,17,0,1,20,0.25,0.0,0.0,0.0,0.0,0.0,0.0,14.104,-3.0,-4.0,-0.488,-5.0,-0.5,0.488,-3.0,0.517,-3.503,-2.0,2.052,-3.0,-3.0,-4.0,17.157,3.722,2.501,5.358,2.352,-1.493,-3.0,5.869,-5.0,-4.0,-4.0,0.483,0.637,-2.513,-4.0,-5.0,1.353,11.039,-0.502,-3.0,9.583,0.515,-2.0,-2.0,-4.0,-4.0,6.315,-1.698,-5.0,-2.464,-4.0,-5.998,-4.0,-1.0,-4.51,-3.999,-5.0,14.944,1.442,9.067,-1.501,-4.0,-1.999,-0.519,0.27,-0.406,-3.0,12.145,4.541,1.898,0.531,-0.999,10.912,-3.0,-4.0,-4.0,0.498,-1.506,-3.0,-4.0,1.064,9.429,-3.0,-0.179,0.77,-1.0,-1.447,2.973,19.751,-4.0,-4.0,-2.526,-4.0,-5.0,0.78,-3.0,-4.0,-1.065,-0.375,0.0,0.852,-2.0,-2.0,-1.593,1.548,-1.561,-4.0,-2.0,16.433,-5.999,-4.999,3.446,6.39,-4.0,-4.0,-5.0,0.197,-4.0,2.807,0.0,0.0,0.0,0.0,0.0,0.0,0.0,0.0,0.0,0.0
GoldS210,XAUUSDc,101,6.0255,12.051,3,0.6019,65.41,515,43.301,1,5,0,0.015,1.4,1.0,0.0,0.5,15,1,4.169,3,0,1,10,0.25,0.0,0.0,0.0,0.0,0.0,0.986,-0.899,-0.899,0.986,-1.598,-1.159,3.346,1.345,-1.047,-0.009,-4.001,-3.0,-2.992,0.09,-3.0,4.88,0.957,3.033,-1.607,2.522,0.004,1.863,3.819,-2.012,-5.0,-4.0,-4.0,-1.01,-3.008,3.886,5.398,9.209,1.251,-3.0,2.769,-3.0,-1.01,-1.007,-2.0,0.996,0.067,-4.0,3.122,0.118,-3.007,7.106,-0.009,-2.016,-2.007,-1.0,-4.009,-2.007,-0.747,-2.998,-0.009,7.469,-1.004,-3.0,2.753,6.198,-0.026,0.962,5.529,-1.004,-2.012,2.984,6.415,0.318,4.103,-0.005,-2.006,-4.0,-1.001,-3.002,1.973,0.463,5.953,-2.0,-0.046,-0.023,-1.015,-1.0,1.038,0.118,0.437,-4.0,-2.001,3.55,-3.003,-2.017,3.922,0.002,9.441,-2.004,-1.029,0.0,-0.068,-2.0,1.638,-3.042,-0.023,2.243,-0.019,0.973,1.927,-0.819,-5.0,-0.022,3.624,-4.0,0.033,0.556,1.978,0.011,-1.055,0.0,0.0,0.0,0.0,0.0,0.0,0.0,0.0,0.0,0.0
GoldS210,XAUUSDc,258,-0.0,-100.02,0,-0.8386,0.0,451,9.7561,1,5,0,0.015,1.7,3.0,0.0,0.5,15,1,-118.753,26,0,1,5,0.75,0.0,0.0,0.0,0.0,0.0,-1.0,14.407,-4.0,-3.0,-4.0,-5.0,-0.001,0.986,-3.0,-3.0,-2.004,-2.0,-2.999,-4.0,-3.0,-3.0,2.425,-4.0,2.306,6.901,-5.0,-5.0,5.276,10.959,-5.0,-4.0,-4.0,-3.0,-5.0,-1.016,-5.0,-6.0,5.608,3.878,-1.029,-3.0,-3.0,-4.0,-3.0,-3.0,-3.0,-4.0,5.833,3.826,-5.0,8.968,-4.0,-6.0,-4.0,-1.0,-4.011,-4.0,2.494,-3.0,0.938,2.984,1.836,-3.0,-2.0,-5.0,-5.0,-4.0,-4.0,-3.0,-6.0,8.444,5.718,-3.0,9.8,-3.0,0.0,-5.0,0.997,-1.007,-4.0,-3.0,7.521,12.648,-3.0,6.002,6.571,-1.0,-6.0,-6.0,0.988,-4.0,4.939,-5.0,0.424,-5.0,5.722,-2.0,-3.0,1.226,-4.0,0.0,-2.134,-2.0,-2.0,-4.0,12.856,-2.073,-4.0,-2.0,15.733,-6.0,-4.999,-4.0,-5.0,-3.0,-4.0,-5.0,2.191,-3.0,3.848,0.0,0.0,0.0,0.0,0.0,0.0,0.0,0.0,0.0,0.0
GoldS210,XAUUSDc,222,0.0225,0.045,3,0.0018,6431.11,505,46.1386,1,5,0,0.015,1.7,1.0,0.0,0.5,15,1,-2.849,0,0,1,20,0.5,0.0,0.0,0.0,0.0,0.0,0.986,-0.767,-0.813,0.986,0.219,-1.598,1.89,1.023,-1.047,-0.009,-4.001,-0.117,0.257,-0.675,-3.0,-0.162,-0.306,3.652,-1.899,1.377,0.024,1.162,3.083,-2.012,-5.0,-2.041,-4.0,0.714,-3.008,1.537,3.724,4.486,0.974,0.074,1.736,-3.0,1.933,-1.002,-2.0,-0.002,0.909,-4.0,1.407,0.045,-3.007,4.744,-0.009,-2.016,-2.007,-1.0,-4.009,-2.007,-3.02,-2.04,-0.009,5.311,1.9,-3.0,2.208,1.946,-0.026,0.962,6.12,2.235,0.021,2.984,3.755,-0.003,3.989,-0.005,-2.006,-4.0,-1.001,-3.002,1.973,-0.509,2.097,-2.0,-0.046,-0.023,-1.015,-1.0,0.926,0.184,-0.731,-4.0,-0.919,2.981,-2.009,-2.017,3.922,-3.0,7.143,-2.004,2.817,0.0,-0.068,-2.0,1.406,-3.042,-0.023,1.955,-0.019,0.973,3.979,-0.916,-4.999,-0.022,3.038,-0.879,0.325,0.698,2.166,0.011,-1.055,0.0,0.0,0.0,0.0,0.0,0.0,0.0,0.0,0.0,0.0
GoldS210,XAUUSDc,135,-14.9067,-44.72,2,-0.6729,0.0,458,14.6288,1,5,0,0.015,2.0,2.5,0.0,0.5,15,1,-79.431,19,0,1,15,0.25,0.0,0.0,0.0,0.0,0.0,0.0,1.522,-3.0,-4.0,-0.488,-5.0,-0.501,0.489,-3.0,0.517,-3.503,-2.0,-4.0,-3.0,-3.0,3.905,8.508,4.485,0.262,12.851,2.838,-1.666,-3.0,12.069,-4.999,-4.0,-4.0,0.483,-5.0,-1.513,-4.0,-4.999,-0.84,7.241,-0.32,-3.0,1.681,0.767,-2.0,-2.0,-4.0,-4.0,9.02,0.005,-5.0,-3.142,-4.0,-5.999,-4.0,-1.0,3.867,-4.0,-5.0,-3.999,1.442,7.091,-2.501,-3.0,-2.0,-0.5,-1.529,-0.004,-2.0,2.996,2.96,1.882,2.935,-1.999,12.929,-2.999,-4.0,-4.0,0.498,-1.506,-3.999,-4.0,2.475,-4.0,-3.0,0.259,1.014,-1.0,-2.153,3.4,34.202,-4.0,-4.0,-2.526,-0.892,-5.0,2.25,-2.0,-4.0,-1.334,-1.424,0.0,0.852,-2.0,-3.0,-1.593,1.57,-1.559,-4.0,-2.0,23.658,-5.999,-5.0,-0.353,5.09,-3.999,-4.0,-6.0,1.243,-5.0,6.862,0.0,0.0,0.0,0.0,0.0,0.0,0.0,0.0,0.0,0.0
GoldS210,XAUUSDc,76,110.2717,132.326,5,3.5408,97.13,435,14.2529,1,5,0,0.015,1.1,3.0,0.0,0.5,15,1,3.794,21,0,1,20,0.0,0.0,0.0,0.0,0.0,0.0,0.0,20.621,-3.0,-4.0,-4.0,-5.0,-0.001,0.986,-3.0,-3.0,-3.003,-2.0,3.645,-3.0,-3.0,-4.0,-3.999,5.332,4.078,7.672,-0.348,-4.0,3.995,16.491,-5.0,-4.0,-4.0,-2.0,2.256,-2.016,-4.0,-5.0,2.163,14.136,0.004,-3.0,21.5,1.021,-2.0,-2.0,-3.998,-4.0,2.88,0.344,-5.0,-5.0,-4.0,-5.999,-4.0,-1.0,8.447,-3.999,-5.0,22.243,1.938,11.804,-0.965,-4.0,-1.999,0.228,1.139,1.314,-3.0,-2.0,13.957,2.895,2.835,-1.999,16.562,-3.0,-4.0,-4.0,0.997,-1.007,-3.0,-4.0,-3.0,14.058,-3.0,0.874,1.384,-1.0,0.071,-3.999,5.045,-4.0,0.635,-6.0,1.835,-5.0,6.489,-2.0,-4.0,-0.453,0.204,0.0,3.002,-2.0,-2.0,-4.0,2.123,-1.073,-4.0,-2.0,125.532,-5.999,-4.999,1.255,1.378,-4.0,-4.0,-4.999,0.862,-4.0,4.951,0.0,0.0,0.0,0.0,0.0,0.0,0.0,0.0,0.0,0.0
GoldS210,XAUUSDc,300,-2.8565,-5.713,3,-0.1924,0.0,499,46.8938,1,5,0,0.015,1.1,1.0,0.0,0.5,15,1,-7.557,0,0,1,20,0.75,0.0,0.0,0.0,0.0,0.0,0.986,-0.767,-0.813,0.986,0.219,-1.598,1.413,1.023,-1.047,-0.009,-4.001,-0.117,2.093,-0.829,-3.0,-1.203,-0.577,2.926,-1.903,1.298,0.024,0.162,2.435,-2.012,-5.0,-2.041,-4.0,0.356,-3.008,1.482,3.373,3.427,0.974,-0.44,1.431,-3.0,1.741,-1.002,-2.0,-0.002,0.464,-4.0,3.352,0.045,-3.007,4.557,-0.009,-2.016,-2.007,-1.0,-4.009,-2.007,-3.02,-1.04,-1.009,4.718,1.437,-3.0,2.208,1.131,-0.026,0.962,5.61,1.578,0.021,2.984,2.922,-0.003,3.989,-0.005,-0.408,-4.0,-1.001,-3.002,1.973,-0.581,2.097,-2.0,-0.046,-0.023,-1.015,-1.0,0.926,-0.254,-0.731,-4.0,-1.562,3.464,-2.009,-2.017,3.922,0.445,6.158,-2.004,2.588,0.0,-0.068,-2.0,1.406,-3.042,-0.023,1.955,-0.019,0.973,3.979,-1.418,-4.0,-0.022,3.038,-1.298,0.325,-0.341,2.166,0.011,-1.055,0.0,0.0,0.0,0.0,0.0,0.0,0.0,0.0,0.0,0.0
GoldS210,XAUUSDc,167,-8.7293,-52.376,1,-0.8269,0.0,497,25.1509,1,5,0,0.015,2.0,1.5,0.0,0.5,15,1,-59.493,10,0,1,5,0.5,0.0,0.0,0.0,0.0,0.0,1.479,2.653,-3.999,-0.508,-4.0,-5.0,4.414,-0.507,-3.0,-0.251,-4.502,-3.0,-4.0,-4.0,-3.0,2.696,-0.509,0.217,-1.683,-0.307,-1.021,-2.131,-3.0,-0.463,-5.0,-4.0,-4.0,-1.51,-2.511,6.295,2.877,-4.999,1.374,2.078,5.756,-3.0,-0.515,-4.0,-3.0,2.174,-3.0,-4.0,5.553,2.333,-2.51,8.328,-1.503,-5.999,-1.511,-1.0,-3.014,0.276,-1.771,-4.0,0.486,8.102,-1.007,-3.0,6.092,-4.0,-0.913,2.848,-0.161,0.493,-0.792,4.15,7.178,1.323,5.417,1.856,-4.0,-3.999,-0.501,-2.503,-1.509,2.053,4.381,5.828,0.944,-0.39,0.528,-1.0,-6.0,1.856,2.06,-4.0,0.11,0.903,-2.049,-2.502,-0.068,-2.0,0.377,-4.0,1.161,0.0,1.399,-2.0,-3.0,-2.559,0.465,1.316,-1.526,-0.539,11.775,-1.53,-5.0,1.481,-1.041,-3.0,2.185,-6.0,4.175,-3.0,-2.508,0.0,0.0,0.0,0.0,0.0,0.0,0.0,0.0,0.0,0.0
GoldS210,XAUUSDc,163,-2.482,-7.446,2,-0.2881,0.0,513,43.0799,1,5,0,0.015,2.0,1.0,0.0,0.5,15,1,-10.661,0,0,1,5,0.5,0.0,0.0,0.0,0.0,0.0,0.986,-0.807,-0.103,0.986,-0.905,-0.935,1.89,2.421,-1.047,-0.009,-4.001,-3.0,-4.0,-4.0,-3.0,-0.162,-0.052,4.17,0.094,2.184,0.386,1.596,2.597,-2.012,-5.0,-1.026,-4.0,0.734,-3.008,2.588,4.105,5.87,1.413,0.321,2.333,-3.0,-1.01,-1.007,-2.0,0.996,0.242,-4.0,1.838,0.966,-3.007,6.986,-0.009,-2.016,-2.007,-1.0,-4.009,-2.007,-0.879,-4.0,-0.009,5.901,1.904,-3.0,3.028,2.73,-0.026,0.962,2.985,-1.004,-2.012,2.984,4.934,1.107,4.464,0.644,-2.006,-3.999,-1.001,-3.002,1.973,-2.072,4.38,-2.0,-0.046,-0.023,-1.015,-1.0,1.586,0.693,-0.368,-4.0,-1.541,3.925,-3.003,-2.017,3.922,0.286,5.31,-2.004,-1.029,0.0,-0.068,-2.0,-1.037,-3.042,-0.023,3.122,-0.019,0.973,5.276,-0.006,-5.0,-0.022,2.926,-3.0,0.049,-1.287,-0.033,0.575,-1.055,0.0,0.0,0.0,0.0,0.0,0.0,0.0,0.0,0.0,0.0
GoldS210,XAUUSDc,176,-20.3403,-61.021,2,-0.4783,0.0,474,7.5949,1,5,0,0.015,1.1,3.0,0.0,0.5,15,1,-110.29,19,0,1,5,0.5,0.0,0.0,0.0,0.0,0.0,-1.0,24.707,-3.999,-3.0,-4.0,-5.0,-0.001,0.986,-3.0,-3.0,-3.004,-3.0,-4.0,-4.0,-3.0,-3.0,5.556,-5.0,-5.999,11.949,-5.0,-6.0,-3.0,27.033,-5.0,-4.0,-4.0,-4.0,-5.0,-2.016,-7.0,-4.999,9.008,7.349,-1.029,-3.0,-3.0,-4.0,-3.0,-3.0,-3.0,-4.0,-5.0,8.277,-5.0,-6.0,-4.0,-5.999,-4.0,-1.0,-4.011,-4.0,2.494,-4.0,1.938,4.352,2.861,-3.0,-2.0,-5.0,-5.0,-4.0,-6.0,-2.0,-6.0,14.888,5.783,-2.999,-3.0,-3.0,-4.0,-3.999,0.997,-1.007,-4.0,-3.0,-3.0,36.292,-3.0,13.496,10.587,-1.0,-6.0,-6.0,-0.012,-4.0,5.228,-6.0,0.424,-5.0,11.87,-2.0,-5.0,-4.0,-5.0,0.0,-2.134,-2.0,-3.0,-4.0,17.763,-2.072,-4.0,-2.0,46.269,-6.0,-5.0,-4.0,-6.0,-3.0,-4.0,-6.0,-4.0,-3.0,8.152,0.0,0.0,0.0,0.0,0.0,0.0,0.0,0.0,0.0,0.0
GoldS210,XAUUSDc,94,-21.2987,-127.792,1,-0.6719,0.0,490,8.9796,1,5,0,0.015,1.7,2.5,0.0,0.5,15,1,-173.038,17,0,1,5,0.25,0.0,0.0,0.0,0.0,0.0,-0.999,45.891,-4.0,-4.0,-3.0,-6.0,-0.501,0.488,-3.0,1.146,-3.503,-3.0,-5.0,-4.0,-3.0,15.966,6.824,-6.0,-6.0,16.264,-1.518,-1.636,-3.0,-5.0,-5.0,-4.0,-4.0,-1.517,-5.0,-2.512,-7.0,-6.0,1.64,-3.0,-1.524,-3.0,-3.0,-5.0,-2.0,-2.999,-4.0,-3.0,7.194,9.282,-4.999,0.0,-4.0,-6.0,-4.0,-1.0,-4.51,-4.0,1.406,-5.0,1.442,22.473,-2.501,-3.0,-2.0,-5.0,-1.528,-4.999,-4.999,-2.0,-6.0,16.253,2.682,-2.0,0.472,-3.0,-4.0,-4.0,0.498,-1.506,-4.0,-4.0,-3.0,-4.0,-3.0,-6.0,14.374,-1.0,-7.0,-5.0,-1.51,-4.0,3.523,-2.526,-0.4,-5.0,10.629,-2.0,-4.999,-4.0,-5.0,0.0,0.852,-2.0,-3.0,-1.593,2.362,-2.561,-4.0,-2.0,-5.0,-6.0,-5.0,4.367,-6.0,-3.0,-4.0,-6.0,-4.0,-4.0,16.52,0.0,0.0,0.0,0.0,0.0,0.0,0.0,0.0,0.0,0.0
GoldS210,XAUUSDc,99,-40.9455,-81.891,3,-0.4568,0.0,487,6.1602,1,5,0,0.015,2.0,3.0,0.0,0.5,15,1,-150.225,13,0,1,5,0.25,0.0,0.0,0.0,0.0,0.0,-0.999,69.794,-4.0,-4.0,-3.0,-6.0,-0.001,0.986,-3.0,-3.0,-3.004,-3.0,-5.0,-4.0,-3.0,-5.0,9.881,-6.0,-6.0,22.539,-4.999,-5.999,-3.0,-5.0,-5.0,-4.0,-4.0,-5.0,-5.0,-2.015,-7.0,-6.0,9.008,-3.0,-1.029,-3.0,-3.0,-5.0,-2.0,-3.0,-4.0,-3.0,-4.999,18.237,-4.999,-7.0,-4.0,-6.0,-4.0,-1.0,-4.011,-4.0,2.494,-5.0,1.938,11.397,4.159,-3.0,-2.0,-5.0,-4.999,-4.999,-4.999,-2.0,-6.0,33.316,4.783,-2.0,-3.0,-3.0,-4.0,-4.0,0.997,-1.007,-4.0,-4.0,-3.0,-4.0,-3.0,-6.0,20.918,-1.0,-7.0,-5.0,-1.012,-4.0,5.228,-6.0,0.424,-5.0,44.089,-2.0,-4.999,-4.0,-5.0,0.0,-2.134,-2.0,-3.0,-4.0,3.599,-2.073,-4.0,-2.0,-5.0,-6.0,-5.0,-4.0,-6.0,-3.0,-4.0,-6.0,-4.0,-4.0,27.599,0.0,0.0,0.0,0.0,0.0,0.0,0.0,0.0,0.0,0.0
GoldS210,XAUUSDc,164,-8.7423,-52.454,1,-0.8271,0.0,497,25.1509,1,5,0,0.015,1.1,1.5,0.0,0.5,15,1,-59.571,10,0,1,5,0.5,0.0,0.0,0.0,0.0,0.0,1.479,2.653,-3.999,-0.508,-4.0,-5.0,4.414,-0.507,-3.0,-0.251,-4.502,-3.0,-4.0,-4.0,-3.0,2.696,-0.509,0.217,-1.683,-0.307,-1.021,-2.131,-3.0,-0.463,-5.0,-4.0,-4.0,-1.51,-2.511,6.288,2.877,-4.999,1.374,2.078,5.756,-3.0,-0.515,-4.0,-3.0,2.174,-3.0,-4.0,5.553,2.333,-2.51,8.257,-1.503,-5.999,-1.511,-1.0,-3.014,0.276,-1.771,-4.0,0.486,8.102,-1.007,-3.0,6.092,-4.0,-0.913,2.848,-0.161,0.493,-0.792,4.15,7.178,1.323,5.417,1.856,-4.0,-3.999,-0.501,-2.503,-1.509,2.053,4.381,5.828,0.944,-0.39,0.528,-1.0,-6.0,1.856,2.06,-4.0,0.11,0.903,-2.049,-2.502,-0.068,-2.0,0.377,-4.0,1.161,0.0,1.399,-2.0,-3.0,-2.559,0.465,1.316,-1.526,-0.539,11.775,-1.53,-5.0,1.481,-1.041,-3.0,2.185,-6.0,4.175,-3.0,-2.508,0.0,0.0,0.0,0.0,0.0,0.0,0.0,0.0,0.0,0.0
GoldS210,XAUUSDc,238,24.2108,29.053,5,0.608,88.12,433,14.7806,1,5,0,0.015,1.7,3.0,0.0,0.5,15,1,3.451,25,0,1,20,0.5,0.0,0.0,0.0,0.0,0.0,0.0,19.398,-3.0,-4.0,-4.0,-5.0,-0.001,0.986,-3.0,-3.0,-3.004,-2.0,4.649,-3.0,-3.0,-3.0,5.528,5.377,4.081,7.672,-0.324,-4.0,3.995,12.985,-5.0,-4.0,-4.0,-2.0,2.256,-2.016,-4.0,-5.0,2.163,9.613,0.003,-3.0,21.395,1.021,-2.0,-2.0,-4.0,-4.0,2.88,0.343,-5.0,-5.0,-4.0,-5.999,-4.0,-1.0,-4.011,-3.999,-5.0,14.569,1.938,9.61,-0.965,-4.0,-1.999,0.228,1.139,1.314,-2.0,7.355,11.933,2.895,2.848,-1.999,13.872,-3.0,-4.0,-4.0,0.997,-1.007,-3.0,-3.0,-3.0,11.42,-3.0,0.874,1.384,-1.0,0.071,-4.0,5.045,-4.0,3.754,-6.0,6.561,-5.0,6.489,-3.0,-4.0,-0.453,0.204,0.0,3.002,-2.0,-2.0,-4.0,11.005,-1.072,-4.0,-2.0,22.602,-5.999,-4.999,1.255,1.378,-4.0,-4.0,-5.0,0.862,-3.0,3.951,0.0,0.0,0.0,0.0,0.0,0.0,0.0,0.0,0.0,0.0
GoldS210,XAUUSDc,206,-3.7387,-22.432,1,-0.5351,0.0,480,30.4167,1,5,0,0.015,1.7,1.5,0.0,0.5,15,1,-29.128,4,0,1,15,0.5,0.0,0.0,0.0,0.0,0.0,1.479,1.474,-3.0,-1.508,-1.495,-5.0,4.371,-0.507,-3.0,-0.495,-4.502,2.843,-0.363,-3.0,-3.0,2.696,-0.978,3.372,-3.275,-0.556,1.819,-2.144,-3.0,-1.894,-5.0,-4.0,-4.0,-0.51,2.384,3.466,2.44,-2.456,4.353,1.607,4.78,-3.0,-0.515,-0.408,-2.0,2.702,-4.0,-4.0,7.26,-0.611,-2.51,7.369,-1.503,-2.83,-1.511,-1.0,-3.014,-1.479,-5.0,-4.0,0.486,5.052,-1.007,-3.0,3.794,-4.0,2.536,0.072,2.147,0.493,0.872,4.812,5.448,-0.063,4.444,5.777,-4.0,-4.0,-0.501,-2.503,3.212,1.215,2.595,2.138,0.944,-0.954,-0.511,-1.0,-2.349,6.154,1.926,-4.0,0.284,-0.359,-2.252,-2.502,-0.068,-2.0,5.78,-4.0,0.24,0.0,1.399,-2.0,-3.0,-2.559,0.465,0.257,-1.526,-0.539,9.893,-3.35,-5.0,0.998,-0.041,1.295,2.079,-6.0,5.002,-3.0,-1.508,0.0,0.0,0.0,0.0,0.0,0.0,0.0,0.0,0.0,0.0
GoldS210,XAUUSDc,147,1.173,2.346,3,0.0873,730.35,478,30.7531,1,5,0,0.015,2.0,1.5,0.0,0.5,15,1,-14.788,8,0,1,20,0.25,0.0,0.0,0.0,0.0,0.0,1.479,2.279,-3.0,-1.508,-1.495,-5.0,5.305,-0.507,-3.0,-0.495,-4.502,3.089,-1.267,-3.0,-3.0,13.134,5.31,2.456,-0.615,2.429,1.6,-2.499,-3.0,-2.223,-5.0,-4.0,-4.0,-0.51,4.761,3.053,1.77,-2.485,4.451,3.473,7.134,-3.0,4.215,-0.496,-2.0,3.837,-4.0,-4.0,9.301,-0.898,-2.51,10.234,-1.503,-5.998,-1.511,-1.0,-3.014,-1.498,-5.0,1.906,0.486,6.367,-1.007,-3.0,4.093,-3.999,1.692,-0.013,-1.158,0.493,0.174,4.731,2.741,0.497,4.444,4.79,-4.0,-4.0,-0.501,-2.503,2.81,0.522,2.017,1.935,0.944,-0.714,-0.463,-1.0,-2.482,5.078,0.894,-4.0,-4.0,-0.99,-1.475,-2.502,-0.068,-3.0,0.283,-4.0,5.198,0.0,1.399,-2.0,-2.0,-2.559,0.465,-0.002,-1.526,-0.539,8.398,-3.307,-4.999,1.03,-0.04,-4.0,1.861,-1.209,6.885,-3.999,-0.508,0.0,0.0,0.0,0.0,0.0,0.0,0.0,0.0,0.0,0.0
GoldS210,XAUUSDc,46,-2.2837,-6.851,2,-0.1549,0.0,484,29.7521,1,5,0,0.015,1.7,1.5,0.0,0.5,15,1,-19.643,10,0,1,15,0.0,0.0,0.0,0.0,0.0,0.0,1.479,-2.321,-3.0,-1.508,-1.495,-5.0,-0.016,-0.506,-3.0,-0.495,-4.502,3.789,-1.362,-3.0,-3.0,-3.487,1.434,3.372,-3.275,2.031,1.819,-2.144,-3.0,-1.553,-5.0,-4.0,-4.0,-0.51,2.83,3.466,9.792,-2.455,4.62,2.829,8.577,-3.0,-0.515,-0.408,-2.0,3.459,-4.0,-4.0,-1.013,-0.611,-2.51,13.689,-1.503,-2.83,-1.511,-1.0,-3.014,-1.479,-5.0,-4.0,0.486,5.052,-1.007,-3.0,3.794,-4.0,2.536,0.072,2.147,0.493,0.915,4.812,9.428,-0.063,4.444,10.614,-4.0,-3.999,-0.501,-2.503,3.883,2.402,2.595,2.8,0.944,-0.954,-0.511,-1.0,-2.349,4.868,2.618,-4.0,-1.238,-0.359,-2.252,-2.502,-0.068,-2.0,5.921,-4.0,0.24,0.0,1.399,-2.0,-3.0,-2.559,0.465,0.257,-1.526,-0.539,11.74,-3.35,-5.0,0.998,1.423,1.347,2.079,-6.0,5.002,-4.0,-0.508,0.0,0.0,0.0,0.0,0.0,0.0,0.0,0.0,0.0,0.0
GoldS210,XAUUSDc,118,-20.1865,-121.119,1,-0.8718,0.0,469,9.3817,1,5,0,0.015,1.7,3.0,0.0,0.5,15,1,-146.971,19,0,1,10,0.25,0.0,0.0,0.0,0.0,0.0,-1.0,-0.219,-2.999,-4.0,-4.0,-4.999,-0.001,0.987,-3.0,-3.0,-3.004,-3.0,-5.0,-3.0,-3.0,-5.0,12.443,-4.0,0.642,15.977,1.368,-6.0,-3.0,-5.0,-5.0,-4.0,-4.0,-4.0,4.543,-1.016,-5.0,-6.0,-0.275,-3.0,0.508,-3.0,-3.0,0.501,-3.0,-3.0,-3.0,-4.0,2.993,7.75,-5.0,-6.999,-4.0,-6.0,0.031,-1.0,-4.011,-4.0,2.946,-5.0,1.938,18.992,-0.228,-4.0,-2.0,0.385,-5.0,6.914,-4.0,-2.0,-6.0,4.846,-3.0,-3.0,15.831,-2.999,-4.0,-4.0,0.997,-1.007,-4.0,-4.0,-3.0,-4.0,-3.0,4.949,4.082,-1.0,0.523,-4.0,7.099,-4.0,2.487,-6.0,0.305,-5.0,22.852,-2.0,-4.999,-4.0,-0.576,0.0,-2.134,-2.0,-2.0,-4.0,19.667,-2.073,-4.0,-2.0,-4.0,-6.0,-5.0,-4.0,-4.0,-4.0,-4.0,-6.0,0.053,-4.0,16.811,0.0,0.0,0.0,0.0,0.0,0.0,0.0,0.0,0.0,0.0
GoldS210,XAUUSDc,100,6.023,12.046,3,0.6016,65.43,515,43.301,1,5,0,0.015,1.1,1.0,0.0,0.5,15,1,4.164,3,0,1,10,0.25,0.0,0.0,0.0,0.0,0.0,0.986,-0.899,-0.899,0.986,-1.598,-1.159,3.346,1.345,-1.047,-0.009,-4.001,-3.0,-2.992,0.09,-3.0,4.88,0.957,3.033,-1.607,2.522,0.004,1.863,3.819,-2.012,-5.0,-4.0,-4.0,-1.01,-3.008,3.886,5.398,9.209,1.251,-3.0,2.769,-3.0,-1.01,-1.007,-2.0,0.996,0.067,-4.0,3.117,0.118,-3.007,7.106,-0.009,-2.016,-2.007,-1.0,-4.009,-2.007,-0.747,-2.998,-0.009,7.469,-1.004,-3.0,2.753,6.198,-0.026,0.962,5.529,-1.004,-2.012,2.984,6.415,0.318,4.103,-0.005,-2.006,-4.0,-1.001,-3.002,1.973,0.463,5.953,-2.0,-0.046,-0.023,-1.015,-1.0,1.038,0.118,0.437,-4.0,-2.001,3.55,-3.003,-2.017,3.922,0.002,9.441,-2.004,-1.029,0.0,-0.068,-2.0,1.638,-3.042,-0.023,2.243,-0.019,0.973,1.927,-0.819,-5.0,-0.022,3.624,-4.0,0.033,0.556,1.978,0.011,-1.055,0.0,0.0,0.0,0.0,0.0,0.0,0.0,0.0,0.0,0.0
GoldS210,XAUUSDc,259,-16.8413,-101.048,1,-0.838,0.0,453,9.713,1,5,0,0.015,2.0,3.0,0.0,0.5,15,1,-119.781,26,0,1,5,0.75,0.0,0.0,0.0,0.0,0.0,-1.0,14.689,-4.0,-3.0,-4.0,-5.0,-0.001,0.986,-3.0,-3.0,-2.004,-2.0,-2.999,-4.0,-3.0,-3.0,2.425,-4.0,2.306,6.901,-5.0,-5.0,5.276,10.959,-5.0,-4.0,-4.0,-3.0,-5.0,-1.016,-5.0,-6.0,5.608,3.878,-1.029,-3.0,-3.0,-4.0,-3.0,-3.0,-3.0,-4.0,5.833,3.826,-5.0,7.968,-4.0,-6.0,-4.0,-1.0,-4.011,-4.0,2.494,-3.0,0.938,2.984,1.836,-3.0,-2.0,-5.0,-5.0,-4.0,-4.0,-3.0,-6.0,8.444,5.718,-3.0,9.8,-3.0,-2.0,-4.0,0.997,-1.007,-4.0,-3.0,7.521,13.336,-3.0,6.002,6.571,-1.0,-6.0,-6.0,0.988,-4.0,4.939,-5.0,0.424,-5.0,5.722,-2.0,-2.999,1.226,-4.0,0.0,-2.134,-2.0,-2.0,-4.0,12.856,-2.073,-4.0,-2.0,15.733,-6.0,-4.999,-4.0,-5.0,-3.0,-4.0,-5.0,2.191,-2.999,3.848,0.0,0.0,0.0,0.0,0.0,0.0,0.0,0.0,0.0,0.0
GoldS210,XAUUSDc,96,-41.1675,-82.335,3,-0.4592,0.0,487,6.1602,1,5,0,0.015,1.1,3.0,0.0,0.5,15,1,-150.225,13,0,1,5,0.25,0.0,0.0,0.0,0.0,0.0,-0.999,69.35,-4.0,-4.0,-3.0,-6.0,-0.001,0.986,-3.0,-3.0,-3.004,-3.0,-5.0,-4.0,-3.0,-5.0,9.881,-6.0,-6.0,22.539,-4.999,-5.999,-3.0,-5.0,-5.0,-4.0,-4.0,-5.0,-5.0,-2.015,-7.0,-6.0,9.008,-3.0,-1.029,-3.0,-3.0,-5.0,-2.0,-3.0,-4.0,-3.0,-4.999,18.237,-4.999,-7.0,-4.0,-6.0,-4.0,-1.0,-4.011,-4.0,2.494,-5.0,1.938,11.397,4.159,-3.0,-2.0,-5.0,-4.999,-4.999,-4.999,-2.0,-6.0,33.316,4.783,-2.0,-3.0,-3.0,-4.0,-4.0,0.997,-1.007,-4.0,-4.0,-3.0,-4.0,-3.0,-6.0,20.918,-1.0,-7.0,-5.0,-1.012,-4.0,5.228,-6.0,0.424,-5.0,44.089,-2.0,-4.999,-4.0,-5.0,0.0,-2.134,-2.0,-3.0,-4.0,3.599,-2.073,-4.0,-2.0,-5.0,-6.0,-5.0,-4.0,-6.0,-3.0,-4.0,-6.0,-4.0,-4.0,27.599,0.0,0.0,0.0,0.0,0.0,0.0,0.0,0.0,0.0,0.0
GoldS210,XAUUSDc,305,-4.3465,-26.079,1,-0.6609,0.0,465,32.6882,1,5,0,0.015,1.4,1.5,0.0,0.5,15,1,-30.013,0,0,1,20,0.75,0.0,0.0,0.0,0.0,0.0,1.479,1.451,-3.0,-1.508,-1.495,-5.0,3.414,-0.506,-3.0,-0.495,-3.502,1.361,-2.0,-3.0,-3.0,-0.329,1.951,2.324,-0.617,2.124,1.6,-4.0,0.584,-2.223,-5.0,-4.0,-4.0,-0.51,1.28,2.902,0.125,-2.492,3.878,0.635,3.723,-3.0,3.598,-0.496,-2.0,1.557,-3.0,-4.0,4.413,2.937,-2.51,7.097,-1.503,-2.749,-1.511,-1.0,-3.014,-1.498,-5.0,0.419,-0.514,4.37,-2.501,-3.0,4.093,-3.999,1.692,-0.013,-1.158,0.493,-0.124,4.726,3.343,-0.503,4.444,3.87,0.0,-5.0,-0.501,-2.503,2.212,0.15,2.017,1.381,0.944,-0.713,-0.463,-1.0,-2.482,4.196,0.894,-4.0,-0.754,0.01,-1.475,-2.502,-0.068,-2.0,6.217,-4.0,4.699,0.0,1.399,-2.0,-2.0,-2.559,0.465,-0.002,-1.526,-0.539,4.464,-3.307,-4.0,1.03,-0.04,-0.192,1.861,-1.632,5.387,-3.0,1.74,0.0,0.0,0.0,0.0,0.0,0.0,0.0,0.0,0.0,0.0
GoldS210,XAUUSDc,277,-10.493,-31.479,2,-0.5894,0.0,439,12.9841,1,5,0,0.015,1.4,3.0,0.0,0.5,15,1,-50.153,31,0,1,10,0.75,0.0,0.0,0.0,0.0,0.0,-1.0,13.462,-3.0,-4.0,-4.0,-5.0,-0.001,0.987,-3.0,-3.0,-2.004,-2.0,-3.0,-3.0,-3.0,-3.0,2.082,-4.0,1.682,6.122,1.186,-5.0,5.142,10.674,-5.0,-4.0,-4.0,-2.0,2.482,-1.016,-5.0,-6.0,-0.276,3.878,0.509,-3.0,3.646,0.501,-3.0,-3.0,-3.0,-4.0,3.993,3.495,-5.0,8.968,-4.0,-6.0,0.031,-1.0,7.219,-4.0,2.946,11.704,0.938,10.58,-0.228,-3.0,-2.0,0.385,-5.0,4.61,-2.0,-3.0,-6.0,4.846,-3.0,-3.0,7.803,-3.0,0.0,-5.0,0.997,-1.007,-4.0,-3.0,5.028,10.972,-3.0,3.772,4.082,-1.0,1.523,-5.0,7.545,-4.0,2.487,-5.0,0.305,-5.0,5.722,-2.0,-3.0,1.226,0.424,0.0,-2.134,-2.0,-2.0,-4.0,11.112,-2.073,3.617,-2.0,16.674,-5.999,-4.999,-4.0,-4.0,-4.0,-3.0,-5.0,0.053,-3.0,3.848,0.0,0.0,0.0,0.0,0.0,0.0,0.0,0.0,0.0,0.0
GoldS210,XAUUSDc,133,-15.1033,-45.31,2,-0.6787,0.0,458,14.6288,1,5,0,0.015,1.4,2.5,0.0,0.5,15,1,-79.775,19,0,1,15,0.25,0.0,0.0,0.0,0.0,0.0,0.0,1.522,-3.0,-4.0,-0.488,-5.0,-0.501,0.489,-3.0,0.517,-3.503,-2.0,-4.0,-3.0,-3.0,3.905,8.508,4.485,0.262,12.851,2.838,-1.666,-3.0,12.069,-4.999,-4.0,-4.0,0.483,-5.0,-1.513,-4.0,-4.998,-0.84,7.241,-0.32,-3.0,1.681,0.767,-2.0,-2.0,-4.0,-4.0,9.02,0.005,-5.0,-3.142,-4.0,-5.999,-4.0,-1.0,3.781,-4.0,-5.0,-3.999,1.442,7.091,-2.501,-3.0,-2.0,-0.5,-1.529,-0.004,-2.0,2.95,2.821,1.882,2.935,-1.999,12.898,-3.0,-4.0,-4.0,0.498,-1.506,-3.999,-4.0,2.475,-4.0,-3.0,0.259,1.014,-1.0,-2.153,3.358,33.956,-4.0,-4.0,-2.526,-0.892,-5.0,2.25,-2.0,-4.0,-1.334,-1.424,0.0,0.852,-2.0,-3.0,-1.593,1.57,-1.559,-4.0,-2.0,23.658,-5.999,-5.0,-0.353,5.09,-3.999,-4.0,-6.0,1.243,-5.0,6.862,0.0,0.0,0.0,0.0,0.0,0.0,0.0,0.0,0.0,0.0
GoldS210,XAUUSDc,30,-15.1267,-90.76,1,-0.8275,0.0,482,18.2573,1,5,0,0.015,1.7,2.0,0.0,0.5,15,1,-109.031,14,0,1,10,0.0,0.0,0.0,0.0,0.0,0.0,1.972,-1.557,-3.0,-1.01,-4.0,-4.999,-2.001,-0.01,-3.0,0.214,-4.003,-3.0,-5.0,-3.0,-3.0,0.832,-1.508,-2.025,-5.0,15.272,-0.015,7.187,-3.0,-5.0,-5.0,-4.0,-4.0,-2.014,-0.601,9.857,-5.0,-6.0,-1.763,-3.0,0.97,-3.0,0.016,-0.746,-3.0,-3.0,-3.0,-4.0,2.27,-0.4,-2.014,11.521,-1.004,-6.0,-1.014,-1.0,-0.166,-4.0,-0.391,2.66,0.947,10.284,-2.001,-4.0,-0.062,-4.0,-3.023,-0.632,-4.0,0.991,-6.0,1.571,0.091,-2.0,5.09,-3.0,-4.0,-3.999,-0.002,-2.005,-4.0,-4.0,0.155,-4.0,-0.009,10.263,1.321,-1.0,-2.155,-4.0,18.319,-4.0,0.225,-3.021,-1.289,-5.0,-2.063,-2.0,-6.0,-4.0,2.995,0.0,-0.11,-2.0,-2.0,-2.076,0.953,0.862,-0.793,-2.0,17.161,-6.0,-5.0,3.1,4.263,-4.0,7.933,-6.0,8.436,-4.0,-1.01,0.0,0.0,0.0,0.0,0.0,0.0,0.0,0.0,0.0,0.0
GoldS210,XAUUSDc,194,-9.496,-56.976,1,-0.667,0.0,466,14.3777,1,5,0,0.015,1.7,2.5,0.0,0.5,15,1,-76.547,21,0,1,10,0.5,0.0,0.0,0.0,0.0,0.0,-1.0,15.301,-3.0,-4.0,-4.0,-4.999,-0.5,0.488,-3.0,0.809,-3.503,-3.0,-4.0,-3.0,-3.0,-3.0,2.807,-4.0,-0.708,5.934,2.932,9.747,-3.0,10.252,-5.0,-4.0,-4.0,-0.517,1.971,-1.513,-5.0,-5.999,-1.141,5.592,-0.201,-3.0,2.111,-0.123,-3.0,-3.0,-3.0,-4.0,7.865,1.621,-5.0,-1.635,-4.0,-6.0,-0.486,-1.0,-4.51,-4.0,1.778,-4.0,1.442,8.476,-1.501,-4.0,-2.0,-0.484,-1.529,0.112,-4.0,-2.0,-6.0,2.988,2.835,-2.999,9.178,-3.0,-4.0,-3.999,0.498,-1.506,-4.0,-3.0,2.456,15.715,-3.0,2.783,2.701,-1.0,-0.317,-5.0,25.549,-4.0,1.356,-2.526,-0.492,-5.0,2.757,-2.0,-5.0,-4.0,-1.228,0.0,0.852,-2.0,-2.0,-1.593,1.484,-2.56,-4.0,-2.0,15.584,-6.0,-5.0,1.374,3.689,-4.0,-3.0,2.783,-0.457,-3.0,4.23,0.0,0.0,0.0,0.0,0.0,0.0,0.0,0.0,0.0,0.0
GoldS210,XAUUSDc,187,-16.241,-48.723,2,-0.8925,0.0,491,27.6986,1,5,0,0.015,2.0,1.5,0.0,0.5,15,1,-55.419,6,0,1,10,0.5,0.0,0.0,0.0,0.0,0.0,1.479,2.414,-3.0,-1.508,-4.0,-4.999,4.414,-0.507,-3.0,-0.382,-4.502,-3.0,-4.0,-3.0,-3.0,2.696,-0.909,-0.824,-3.254,-0.492,1.767,0.245,-3.0,-0.602,-5.0,-4.0,-4.0,-1.51,-2.511,4.177,2.803,-4.999,5.159,2.078,4.797,-3.0,-0.515,-1.37,-3.0,2.098,-3.0,-4.0,7.523,0.315,-2.51,7.708,-1.503,-3.423,-1.511,-1.0,-3.014,-1.406,-1.559,0.301,0.486,6.705,-1.007,-3.0,5.379,-4.0,-1.018,1.508,-4.0,0.493,-0.792,2.709,6.153,0.025,3.848,5.676,-4.0,-3.999,-0.501,-2.503,-1.509,1.839,3.879,5.405,0.944,-0.953,-0.137,-1.0,-1.996,1.714,2.019,-4.0,-0.907,0.404,-2.087,-2.502,-0.067,-2.0,3.366,-4.0,0.595,0.0,1.399,-2.0,-2.0,-2.559,0.465,-0.431,-1.526,-0.539,13.487,-3.053,-5.0,1.481,-0.041,-4.0,1.39,-6.0,5.379,-3.0,-2.508,0.0,0.0,0.0,0.0,0.0,0.0,0.0,0.0,0.0,0.0
GoldS210,XAUUSDc,280,-4.2575,-8.515,3,-0.2625,0.0,501,46.3074,1,5,0,0.015,1.1,1.0,0.0,0.5,15,1,-10.372,0,0,1,15,0.75,0.0,0.0,0.0,0.0,0.0,0.986,-0.936,-0.842,0.986,0.115,-1.468,1.413,1.213,-1.047,-0.009,-4.001,0.17,2.307,-0.82,-3.0,-1.203,-0.577,2.926,-1.812,1.435,0.08,0.16,2.435,-2.012,-5.0,-1.563,-4.0,0.356,-3.008,1.783,3.48,3.619,0.974,-0.482,1.425,-3.0,-1.01,-1.002,-2.0,-0.002,0.464,-4.0,3.366,0.165,-3.007,4.557,-0.009,-2.016,-2.007,-1.0,-4.009,-2.007,-3.02,-3.0,-1.009,4.62,1.437,-3.0,2.074,1.131,-0.026,0.962,5.661,1.529,0.051,2.984,2.917,0.265,3.989,0.033,-0.408,-4.0,-1.001,-3.002,1.973,-0.581,2.348,-2.0,-0.046,-0.023,-1.015,-1.0,0.978,-0.448,-0.675,-4.0,-1.562,3.779,-3.003,-2.017,3.922,0.445,6.087,-2.004,2.606,0.0,-0.068,-2.0,1.429,-3.042,-0.023,2.092,-0.019,0.973,4.539,-1.441,-4.999,-0.022,3.109,-1.298,0.455,0.147,2.18,0.011,-1.055,0.0,0.0,0.0,0.0,0.0,0.0,0.0,0.0,0.0,0.0
GoldS210,XAUUSDc,55,5.911,11.822,3,0.1752,676.7,460,15.0,1,5,0,0.015,2.0,2.5,0.0,0.5,15,1,-68.178,19,0,1,15,0.0,0.0,0.0,0.0,0.0,0.0,0.0,1.522,-3.0,-4.0,-0.488,-5.0,-1.501,0.489,-3.0,0.517,-3.503,-2.0,-3.999,-3.0,-3.0,3.905,9.185,4.485,0.262,12.912,2.838,-1.666,-3.0,16.716,-5.0,-4.0,-4.0,0.483,-5.0,-1.513,-4.0,-4.999,-0.84,7.241,-0.321,-3.0,1.681,0.767,-2.0,-2.0,-4.0,-4.0,8.02,0.005,-5.0,-3.142,-4.0,-6.0,-4.0,-1.0,3.867,-4.0,-5.0,-4.0,1.442,7.091,-2.501,-3.0,-2.0,-0.5,-1.529,-0.004,-2.0,2.996,2.96,1.882,2.935,-1.999,12.929,-3.0,-4.0,-4.0,0.498,-1.506,-3.999,-4.0,2.475,-4.0,-3.0,0.259,1.014,-1.0,-1.153,2.4,79.491,-4.0,0.32,-2.526,-0.892,-5.0,2.25,-2.0,-3.999,-1.334,-1.424,0.0,0.852,-2.0,-3.0,-1.593,1.57,-1.56,-0.448,-2.0,23.658,-5.999,-5.0,-0.353,5.09,-3.999,-4.0,-6.0,1.243,-5.0,6.862,0.0,0.0,0.0,0.0,0.0,0.0,0.0,0.0,0.0,0.0
GoldS210,XAUUSDc,211,-20.817,-41.634,3,-0.6303,0.0,467,21.6274,1,5,0,0.015,2.0,2.0,0.0,0.5,15,1,-54.804,13,0,1,15,0.5,0.0,0.0,0.0,0.0,0.0,1.972,6.582,-3.0,-1.01,-0.992,-5.0,7.998,-0.01,-3.0,0.011,-4.003,-2.0,0.249,-3.0,-3.0,9.17,0.85,4.026,-6.0,3.533,1.561,0.676,-3.0,0.456,-5.0,-4.0,-4.0,-0.014,-5.0,8.588,-4.0,-4.999,-1.56,3.189,0.971,-3.0,-0.013,0.179,-2.0,-2.0,-4.0,-4.0,1.821,-1.698,-2.014,5.609,-1.004,-6.0,-1.014,-1.0,0.167,-4.0,-5.0,-4.0,0.947,4.074,-3.001,-3.0,-0.062,-4.0,-3.023,-0.702,7.833,0.991,5.086,1.038,0.014,-1.999,5.381,-3.0,-4.0,-4.0,-0.002,-2.005,4.277,10.147,0.103,4.035,-0.009,4.734,0.27,-1.0,-1.751,-0.027,6.967,-4.0,1.489,-3.021,-1.572,-5.0,-2.063,-2.0,-3.999,-1.88,1.934,0.0,-0.11,-2.0,-3.0,-2.076,0.953,1.389,-1.0,-2.0,11.07,-6.0,-5.0,2.054,5.84,-4.0,6.348,-6.0,7.427,-3.0,-1.01,0.0,0.0,0.0,0.0,0.0,0.0,0.0,0.0,0.0,0.0
GoldS210,XAUUSDc,298,-14.7265,-29.453,3,-0.5726,0.0,427,14.0515,1,5,0,0.015,1.7,3.0,0.0,0.5,15,1,-44.037,29,0,1,15,0.75,0.0,0.0,0.0,0.0,0.0,0.0,15.011,-3.0,-4.0,-4.0,-5.0,-0.001,0.986,-3.0,-3.0,-2.004,-2.0,-1.999,-3.0,-3.0,-3.0,1.961,7.398,8.665,6.874,0.34,-5.0,5.157,7.679,-5.0,-4.0,-4.0,-2.0,-5.0,-1.016,-4.0,-5.0,-0.104,3.726,0.306,-3.0,3.56,1.354,-2.0,-2.0,-3.0,-4.0,2.639,2.716,-5.0,9.968,-5.0,-6.0,-4.0,-1.0,7.58,-4.0,-5.0,-3.0,0.938,9.354,-0.83,-3.0,-2.0,0.315,-5.0,3.161,-2.0,4.358,8.088,2.97,-3.0,-1.999,10.942,-2.999,0.0,-5.0,0.997,-1.007,-3.999,-3.0,4.814,7.2,-3.0,2.158,1.759,-1.0,0.445,-3.999,8.077,-4.0,2.235,-5.0,-0.213,-5.0,5.614,-2.0,-3.0,-0.789,0.132,0.0,2.823,-2.0,-2.0,-4.0,9.598,-1.072,3.237,-2.0,12.584,-6.0,-4.999,-3.999,0.661,-4.0,-3.999,-5.0,1.92,-4.0,4.275,0.0,0.0,0.0,0.0,0.0,0.0,0.0,0.0,0.0,0.0
GoldS210,XAUUSDc,47,-2.2477,-6.743,2,-0.1525,0.0,484,29.7521,1,5,0,0.015,2.0,1.5,0.0,0.5,15,1,-19.535,10,0,1,15,0.0,0.0,0.0,0.0,0.0,0.0,1.479,-2.321,-3.0,-1.508,-1.495,-5.0,-0.016,-0.506,-3.0,-0.495,-4.502,3.789,-1.362,-3.0,-3.0,-3.487,1.434,3.372,-3.275,2.031,1.819,-2.144,-3.0,-1.553,-5.0,-4.0,-4.0,-0.51,2.83,3.471,9.792,-2.455,4.627,2.829,8.577,-3.0,-0.515,-0.408,-2.0,3.473,-4.0,-4.0,-1.013,-0.611,-2.51,13.689,-1.503,-2.83,-1.511,-1.0,-3.014,-1.479,-5.0,-4.0,0.486,5.052,-1.007,-3.0,3.794,-4.0,2.535,0.072,2.147,0.493,0.919,4.812,9.465,-0.063,4.444,10.619,-4.0,-4.0,-0.501,-2.503,3.883,2.402,2.595,2.8,0.944,-0.954,-0.511,-1.0,-2.349,4.906,2.618,-4.0,-1.238,-0.359,-2.252,-2.502,-0.068,-2.0,5.921,-4.0,0.24,0.0,1.399,-2.0,-3.0,-2.559,0.465,0.257,-1.526,-0.539,11.74,-3.35,-5.0,0.998,1.423,1.347,2.079,-6.0,5.002,-4.0,-0.508,0.0,0.0,0.0,0.0,0.0,0.0,0.0,0.0,0.0,0.0
GoldS210,XAUUSDc,155,-4.1867,-12.56,2,-0.2546,0.0,445,16.8539,1,5,0,0.015,2.0,2.5,0.0,0.5,15,1,-31.993,17,0,1,20,0.25,0.0,0.0,0.0,0.0,0.0,0.0,14.184,-3.0,-4.0,-0.488,-5.0,-0.501,0.488,-3.0,0.517,-3.503,-2.0,2.06,-3.0,-3.0,-4.0,17.174,3.735,2.501,5.358,2.352,-1.493,-3.0,5.869,-5.0,-4.0,-4.0,0.483,0.637,-2.513,-4.0,-4.999,1.354,11.038,-0.502,-3.0,10.003,0.515,-2.0,-2.0,-4.0,-4.0,6.315,-1.698,-5.0,-2.464,-4.0,-5.998,-4.0,-1.0,-4.51,-3.999,-5.0,14.965,1.442,9.067,-1.501,-4.0,-1.999,-0.519,0.27,-0.406,-3.0,12.176,4.65,1.898,0.531,-0.999,10.927,-3.0,-4.0,-4.0,0.498,-1.506,-3.0,-4.0,1.066,9.429,-3.0,-0.179,0.77,-1.0,-1.447,3.015,20.041,-4.0,-4.0,-2.526,-4.0,-5.0,0.78,-3.0,-4.0,-1.065,-0.375,0.0,0.852,-2.0,-2.0,-1.593,1.548,-1.561,-4.0,-2.0,16.433,-5.999,-4.999,3.446,6.39,-4.0,-4.0,-5.0,0.197,-3.999,2.807,0.0,0.0,0.0,0.0,0.0,0.0,0.0,0.0,0.0,0.0
GoldS210,XAUUSDc,24,-6.8913,-20.674,2,-0.3464,0.0,495,26.0606,1,5,0,0.015,1.1,1.5,0.0,0.5,15,1,-46.315,12,0,1,10,0.0,0.0,0.0,0.0,0.0,0.0,1.479,-2.227,-3.0,-1.508,-4.0,-4.999,-0.016,-0.507,-3.0,-0.382,-4.502,-3.0,-5.0,-3.0,-3.0,-3.385,-2.242,-0.824,-3.254,6.865,3.925,0.245,-3.0,-0.37,-5.0,-4.0,-4.0,-2.51,-2.511,4.212,8.567,-5.0,5.501,-3.0,12.312,-3.0,-0.515,-1.37,-3.0,-3.0,-3.0,-4.0,10.398,0.315,-2.51,13.326,-1.503,-3.423,-1.511,-1.0,-3.014,-1.406,-1.559,-0.435,0.486,10.32,-1.007,-3.0,5.867,-4.0,-1.018,1.508,-4.0,0.493,-0.133,2.709,26.131,0.025,3.848,4.034,-4.0,-3.999,-0.501,-2.503,-1.509,5.077,15.014,7.879,0.944,-0.954,-0.137,-1.0,-2.995,-2.521,5.876,-4.0,-0.907,0.404,-2.087,-2.502,-0.068,-2.0,-3.011,-4.0,0.595,0.0,1.399,-2.0,-2.0,-2.559,0.465,-0.431,-1.526,-0.539,6.849,-3.053,-5.0,1.481,-0.041,-4.0,1.39,-6.0,5.379,-4.0,-1.508,0.0,0.0,0.0,0.0,0.0,0.0,0.0,0.0,0.0,0.0
GoldS210,XAUUSDc,247,-11.3957,-34.187,2,-0.6343,0.0,484,29.5455,1,5,0,0.015,2.0,1.5,0.0,0.5,15,1,-38.658,0,0,1,5,0.75,0.0,0.0,0.0,0.0,0.0,1.479,1.59,-4.0,-0.508,-4.0,-5.0,3.414,-0.507,-3.0,-0.251,-3.502,1.69,-2.999,-4.0,-3.0,-0.33,-1.463,3.761,1.262,-1.395,-1.021,-4.0,0.57,-1.437,-5.0,-4.0,-4.0,-0.51,1.313,4.008,1.696,-5.0,4.911,0.646,4.039,-3.0,-0.515,-4.0,-3.0,0.802,-3.0,-4.0,5.302,4.16,-2.51,7.554,-1.503,-2.749,-1.511,-1.0,-3.014,-0.543,-1.771,-3.0,-0.514,5.166,-2.501,-3.0,4.76,-4.0,-0.913,1.4,2.212,0.493,-2.141,6.514,4.073,0.289,4.784,0.725,-2.0,-4.0,-0.501,-2.503,2.47,0.161,3.353,2.608,0.944,-0.39,0.298,-1.0,-6.0,0.313,1.069,-4.0,0.025,0.93,-2.049,-2.502,-0.068,-2.0,8.938,-4.0,5.383,0.0,1.399,-2.0,-2.0,-2.559,0.465,0.17,-1.526,-0.539,6.974,-2.546,-4.999,1.481,-1.041,0.808,1.9,-1.741,5.951,-2.999,1.631,0.0,0.0,0.0,0.0,0.0,0.0,0.0,0.0,0.0,0.0
GoldS210,XAUUSDc,36,-24.1817,-145.09,1,-0.8833,0.0,466,9.4421,1,5,0,0.015,1.1,3.0,0.0,0.5,15,1,-178.139,17,0,1,10,0.0,0.0,0.0,0.0,0.0,0.0,-1.0,-0.219,-3.0,-4.0,-4.0,-4.999,-1.001,0.986,-3.0,-3.0,-3.004,-3.0,-5.0,-3.0,-3.0,-5.0,-0.064,-4.0,1.643,30.05,-3.0,-6.0,-3.0,-5.0,-5.0,-4.0,-4.0,-3.999,4.543,-1.016,-5.0,-6.0,-0.276,-3.0,0.508,-3.0,-3.0,0.501,-3.0,-3.0,-3.0,-4.0,2.993,7.75,-5.0,-6.999,-4.0,-6.0,0.031,-1.0,-4.011,-4.0,2.946,-5.0,1.938,20.205,-0.228,-4.0,-2.0,0.385,-5.0,6.914,-4.0,6.985,-6.0,4.846,-3.0,-1.999,15.831,-3.0,-4.0,-3.999,0.997,-1.007,-4.0,-4.0,-3.0,-4.0,-3.0,4.949,4.082,-1.0,0.524,-4.0,8.099,-4.0,2.487,-6.0,0.305,-5.0,-5.0,-2.0,-6.0,-4.0,-0.576,0.0,-2.134,-2.0,-2.0,-4.0,8.201,-2.073,0.594,-2.0,-2.999,-6.0,-5.0,-4.0,-4.0,-4.0,-4.0,-6.0,0.053,-4.0,18.167,0.0,0.0,0.0,0.0,0.0,0.0,0.0,0.0,0.0,0.0
GoldS210,XAUUSDc,119,-20.1863,-121.118,1,-0.8718,0.0,469,9.3817,1,5,0,0.015,2.0,3.0,0.0,0.5,15,1,-146.97,19,0,1,10,0.25,0.0,0.0,0.0,0.0,0.0,-1.0,-0.219,-2.999,-4.0,-4.0,-4.999,-0.001,0.987,-3.0,-3.0,-3.004,-3.0,-5.0,-3.0,-3.0,-5.0,12.443,-4.0,0.642,15.977,1.368,-6.0,-3.0,-5.0,-5.0,-4.0,-4.0,-4.0,4.543,-1.016,-5.0,-6.0,-0.275,-3.0,0.508,-3.0,-3.0,0.501,-3.0,-3.0,-3.0,-4.0,2.993,7.75,-5.0,-6.999,-4.0,-6.0,0.031,-1.0,-4.011,-4.0,2.946,-5.0,1.938,18.992,-0.228,-4.0,-2.0,0.385,-5.0,6.914,-4.0,-2.0,-6.0,4.846,-3.0,-3.0,15.831,-2.998,-4.0,-4.0,0.997,-1.007,-4.0,-4.0,-3.0,-4.0,-3.0,4.949,4.082,-1.0,0.523,-4.0,7.099,-4.0,2.487,-6.0,0.305,-5.0,22.852,-2.0,-4.999,-4.0,-0.576,0.0,-2.134,-2.0,-2.0,-4.0,19.667,-2.073,-4.0,-2.0,-4.0,-6.0,-5.0,-4.0,-4.0,-4.0,-4.0,-6.0,0.053,-4.0,16.811,0.0,0.0,0.0,0.0,0.0,0.0,0.0,0.0,0.0,0.0
GoldS210,XAUUSDc,124,-0.658,-1.316,3,-0.0353,0.0,483,29.6066,1,5,0,0.015,1.1,1.5,0.0,0.5,15,1,-12.021,13,0,1,15,0.25,0.0,0.0,0.0,0.0,0.0,1.479,-2.321,-3.0,-1.508,-1.495,-5.0,7.229,-0.506,-3.0,-0.495,-4.502,3.789,-1.363,-3.0,-3.0,-3.487,1.183,3.372,-3.275,2.006,1.815,-2.144,-3.0,-1.553,-4.999,-4.0,-4.0,-0.51,2.83,3.464,5.707,-2.454,4.62,2.829,8.041,-3.0,-0.515,-0.408,-2.0,3.442,-4.0,-4.0,10.754,-0.611,-2.51,13.689,-1.503,-2.829,-1.511,-1.0,-3.014,-1.479,-5.0,-3.999,0.486,5.052,-1.007,-3.0,3.794,-4.0,2.536,0.072,2.147,0.493,0.909,4.812,9.392,-0.063,4.444,9.016,-4.0,-4.0,-0.501,-2.503,3.883,2.402,2.595,2.79,0.944,-0.954,-0.511,-1.0,-3.349,2.596,2.618,-4.0,-4.0,-0.359,-2.252,-2.502,-0.068,-2.0,0.59,-4.0,0.24,0.0,1.399,-2.0,-3.0,-2.559,0.465,0.257,-1.526,-0.539,11.74,-3.35,-5.0,0.998,5.879,1.347,2.079,-6.0,5.002,-4.0,-0.508,0.0,0.0,0.0,0.0,0.0,0.0,0.0,0.0,0.0,0.0
GoldS210,XAUUSDc,219,-8.9693,-26.908,2,-0.4594,0.0,444,12.3874,1,5,0,0.015,2.0,3.0,0.0,0.5,15,1,-55.639,25,0,1,15,0.5,0.0,0.0,0.0,0.0,0.0,0.0,21.648,-3.0,-4.0,-4.0,-5.0,-0.001,0.986,-3.0,-3.0,-3.004,-2.0,-3.0,-3.0,-3.0,-3.0,4.509,7.398,2.073,9.813,0.34,-5.0,5.258,13.547,-5.0,-4.0,-4.0,-2.0,-5.0,-1.016,-4.0,-4.999,-0.104,6.351,0.307,-3.0,4.241,1.354,-2.0,-2.0,-4.0,-4.0,1.639,3.422,-5.0,-5.0,-5.0,-6.0,-4.0,-1.0,11.324,-4.0,-5.0,-4.0,1.938,9.567,-1.83,-3.0,-2.0,0.315,-5.0,3.966,-2.0,4.4,11.692,2.97,-2.999,-1.999,13.034,-3.0,-4.0,-4.0,0.997,-1.007,-3.999,-3.0,-3.0,12.49,-3.0,2.158,1.759,-1.0,0.445,-4.999,-0.011,-4.0,3.9,-6.0,-0.213,-5.0,8.807,-2.0,-3.999,-0.789,-0.869,0.0,2.823,-2.0,-3.0,-4.0,11.374,-1.071,-4.0,-2.0,26.731,-6.0,-5.0,-4.0,0.661,-4.0,-3.999,-6.0,1.92,-4.0,6.843,0.0,0.0,0.0,0.0,0.0,0.0,0.0,0.0,0.0,0.0
GoldS210,XAUUSDc,201,-0.361,-2.166,1,-0.0834,0.0,506,45.2569,1,5,0,0.015,1.4,1.0,0.0,0.5,15,1,-5.092,0,0,1,15,0.5,0.0,0.0,0.0,0.0,0.0,0.986,-0.936,-0.842,0.986,0.115,-1.407,1.861,1.304,-1.047,-0.009,-4.001,0.284,1.052,-0.659,-3.0,-0.162,-0.052,3.14,-1.812,1.653,0.08,1.277,3.083,-2.012,-5.0,-1.261,-4.0,0.734,-3.008,2.28,4.084,5.646,0.974,0.025,1.765,-3.0,-1.01,-1.002,-2.0,-0.002,0.777,-4.0,1.501,0.165,-3.007,5.678,-0.009,-2.016,-2.007,-1.0,-4.009,-2.007,-3.02,-4.0,-0.009,4.924,1.869,-3.0,2.074,2.579,-0.026,0.962,6.171,2.126,0.051,2.984,4.127,0.265,3.989,0.033,-2.006,-4.0,-1.001,-3.002,1.973,-0.386,2.348,-2.0,-0.046,-0.023,-1.015,-1.0,0.978,0.091,-0.45,-4.0,-0.919,3.17,-3.003,-2.017,3.922,0.504,7.034,-2.004,-1.029,0.0,-0.068,-2.0,-1.037,-3.042,-0.023,2.093,-0.019,0.973,4.57,-0.939,-5.0,-0.022,3.109,-0.456,0.455,-1.287,2.18,0.011,-1.055,0.0,0.0,0.0,0.0,0.0,0.0,0.0,0.0,0.0,0.0
GoldS210,XAUUSDc,137,-36.6625,-73.325,3,-0.6528,0.0,450,11.1111,1,5,0,0.015,1.4,3.0,0.0,0.5,15,1,-100.721,20,0,1,15,0.25,0.0,0.0,0.0,0.0,0.0,0.0,2.824,-3.0,-4.0,-4.0,-5.0,-0.001,0.987,-3.0,-3.0,-3.004,-2.0,-4.0,-3.0,-3.0,-5.0,12.171,7.398,2.073,17.797,0.34,-5.0,5.258,24.396,-4.999,-4.0,-4.0,-2.0,-5.0,-1.016,-4.0,-4.998,-0.112,9.447,0.307,-3.0,4.241,1.354,-2.0,-2.0,-4.0,-4.0,1.639,3.422,-5.0,-6.0,-5.0,-5.999,-4.0,-1.0,11.645,-4.0,-5.0,-3.999,1.938,9.567,-1.83,-3.0,-2.0,0.315,-5.0,3.966,-2.0,4.338,11.454,2.97,-2.999,-1.999,20.031,-3.0,-4.0,-4.0,0.997,-1.007,-3.999,-4.0,-3.0,-4.0,-3.0,2.158,1.759,-1.0,-0.555,-3.999,-0.011,-4.0,-4.0,-6.0,-0.213,-5.0,10.022,-2.0,-4.0,-0.789,-0.869,0.0,2.823,-2.0,-3.0,-4.0,2.162,-1.071,-4.0,-2.0,-3.0,-5.999,-5.0,-4.0,-0.338,-3.999,-4.0,-6.0,1.92,-5.0,11.761,0.0,0.0,0.0,0.0,0.0,0.0,0.0,0.0,0.0,0.0
GoldS210,XAUUSDc,202,-0.359,-2.154,1,-0.0829,0.0,506,45.2569,1,5,0,0.015,1.7,1.0,0.0,0.5,15,1,-5.08,0,0,1,15,0.5,0.0,0.0,0.0,0.0,0.0,0.986,-0.936,-0.842,0.986,0.115,-1.407,1.861,1.304,-1.047,-0.009,-4.001,0.284,1.052,-0.659,-3.0,-0.162,-0.052,3.14,-1.812,1.653,0.08,1.277,3.083,-2.012,-5.0,-1.261,-4.0,0.734,-3.008,2.28,4.084,5.646,0.974,0.025,1.765,-3.0,-1.01,-1.002,-2.0,-0.002,0.777,-4.0,1.501,0.165,-3.007,5.678,-0.009,-2.016,-2.007,-1.0,-4.009,-2.007,-3.02,-4.0,-0.009,4.924,1.869,-3.0,2.074,2.579,-0.026,0.962,6.171,2.138,0.051,2.984,4.127,0.265,3.989,0.033,-2.006,-4.0,-1.001,-3.002,1.973,-0.386,2.348,-2.0,-0.046,-0.023,-1.015,-1.0,0.978,0.091,-0.45,-4.0,-0.919,3.17,-3.003,-2.017,3.922,0.504,7.034,-2.004,-1.029,0.0,-0.068,-2.0,-1.037,-3.042,-0.023,2.093,-0.019,0.973,4.57,-0.939,-5.0,-0.022,3.109,-0.456,0.455,-1.287,2.18,0.011,-1.055,0.0,0.0,0.0,0.0,0.0,0.0,0.0,0.0,0.0,0.0
GoldS210,XAUUSDc,220,0.02,0.04,3,0.0016,7235.0,505,46.1386,1,5,0,0.015,1.1,1.0,0.0,0.5,15,1,-2.854,0,0,1,20,0.5,0.0,0.0,0.0,0.0,0.0,0.986,-0.767,-0.813,0.986,0.219,-1.598,1.89,1.023,-1.047,-0.009,-4.001,-0.117,0.257,-0.675,-3.0,-0.162,-0.306,3.652,-1.903,1.377,0.024,1.161,3.083,-2.012,-5.0,-2.041,-4.0,0.714,-3.008,1.537,3.724,4.486,0.974,0.074,1.736,-3.0,1.933,-1.002,-2.0,-0.002,0.909,-4.0,1.407,0.045,-3.007,4.744,-0.009,-2.016,-2.007,-1.0,-4.009,-2.007,-3.02,-2.04,-0.009,5.311,1.9,-3.0,2.208,1.946,-0.026,0.962,6.12,2.235,0.021,2.984,3.755,-0.003,3.989,-0.005,-2.006,-4.0,-1.001,-3.002,1.973,-0.509,2.097,-2.0,-0.046,-0.023,-1.015,-1.0,0.926,0.184,-0.731,-4.0,-0.919,2.981,-2.009,-2.017,3.922,-3.0,7.143,-2.004,2.817,0.0,-0.068,-2.0,1.406,-3.042,-0.023,1.955,-0.019,0.973,3.979,-0.916,-4.999,-0.022,3.038,-0.879,0.325,0.698,2.166,0.011,-1.055,0.0,0.0,0.0,0.0,0.0,0.0,0.0,0.0,0.0,0.0
GoldS210,XAUUSDc,226,-6.814,-20.442,2,-0.6009,0.0,477,31.4465,1,5,0,0.015,1.7,1.5,0.0,0.5,15,1,-27.138,2,0,1,20,0.5,0.0,0.0,0.0,0.0,0.0,1.479,1.978,-3.0,-1.508,-1.495,-5.0,4.414,-0.507,-3.0,-0.495,-4.502,2.215,-0.272,-3.0,-3.0,2.696,3.144,2.456,-0.615,2.429,1.6,-2.499,-3.0,-2.223,-5.0,-4.0,-4.0,-0.51,2.262,3.048,1.264,-2.492,4.39,1.686,4.724,-3.0,4.157,-0.496,-2.0,2.401,-4.0,-4.0,5.793,-0.898,-2.51,5.735,-1.503,-5.999,-1.511,-1.0,-3.014,-1.498,-5.0,0.255,0.486,5.406,-1.007,-3.0,4.093,-4.0,1.692,-0.013,-1.158,0.493,0.174,4.726,3.735,-0.503,4.444,4.573,-4.0,-4.0,-0.501,-2.503,2.81,0.522,2.017,1.711,0.944,-0.714,-0.463,-1.0,-2.482,4.838,0.894,-4.0,0.249,-0.99,-1.475,-2.502,-0.068,-3.0,5.49,-4.0,5.198,0.0,1.399,-2.0,-2.0,-2.559,0.465,-0.002,-1.526,-0.539,5.635,-3.307,-4.999,1.03,-0.04,0.442,1.861,-1.209,6.72,-3.0,-1.508,0.0,0.0,0.0,0.0,0.0,0.0,0.0,0.0,0.0,0.0
GoldS210,XAUUSDc,304,-4.352,-26.112,1,-0.6613,0.0,465,32.6882,1,5,0,0.015,1.1,1.5,0.0,0.5,15,1,-30.046,0,0,1,20,0.75,0.0,0.0,0.0,0.0,0.0,1.479,1.451,-3.0,-1.508,-1.495,-5.0,3.414,-0.506,-3.0,-0.495,-3.502,1.361,-2.0,-3.0,-3.0,-0.33,1.949,2.324,-0.618,2.124,1.596,-4.0,0.584,-2.223,-5.0,-4.0,-4.0,-0.51,1.28,2.899,0.125,-2.492,3.878,0.635,3.723,-3.0,3.581,-0.496,-2.0,1.557,-3.0,-4.0,4.413,2.937,-2.51,7.097,-1.503,-2.749,-1.511,-1.0,-3.014,-1.498,-5.0,0.419,-0.514,4.37,-2.501,-3.0,4.093,-3.999,1.692,-0.013,-1.158,0.493,-0.124,4.722,3.343,-0.503,4.444,3.869,0.0,-5.0,-0.501,-2.503,2.212,0.15,2.017,1.381,0.944,-0.713,-0.463,-1.0,-2.482,4.196,0.894,-4.0,-0.754,0.01,-1.475,-2.502,-0.068,-2.0,6.217,-4.0,4.699,0.0,1.399,-2.0,-2.0,-2.559,0.465,-0.002,-1.526,-0.539,4.464,-3.307,-4.0,1.03,-0.04,-0.192,1.861,-1.632,5.387,-3.0,1.74,0.0,0.0,0.0,0.0,0.0,0.0,0.0,0.0,0.0,0.0
GoldS210,XAUUSDc,307,-8.7607,-26.282,2,-0.6702,0.0,466,32.618,1,5,0,0.015,2.0,1.5,0.0,0.5,15,1,-30.753,0,0,1,20,0.75,0.0,0.0,0.0,0.0,0.0,1.479,1.451,-3.0,-1.508,-1.495,-5.0,3.414,-0.506,-3.0,-0.495,-3.502,1.361,-1.999,-3.0,-3.0,-0.33,1.96,2.324,-0.615,2.124,1.6,-4.0,0.584,-2.223,-5.0,-4.0,-4.0,-0.51,1.28,2.911,0.125,-2.486,3.878,0.635,3.724,-3.0,3.692,-0.496,-2.0,1.557,-3.0,-4.0,4.413,2.948,-2.51,7.205,-1.503,-2.749,-1.511,-1.0,-3.014,-1.498,-5.0,0.419,-0.514,4.37,-2.501,-3.0,4.093,-3.999,1.692,-0.013,-1.158,0.493,-0.124,4.731,3.343,-0.503,4.444,3.87,-2.0,-4.0,-0.501,-2.503,2.212,0.15,2.017,1.381,0.944,-0.713,-0.463,-1.0,-2.482,4.21,0.894,-4.0,-0.754,0.01,-1.475,-2.502,-0.068,-2.0,6.754,-4.0,4.699,0.0,1.399,-2.0,-2.0,-2.559,0.465,-0.002,-1.526,-0.539,4.464,-3.307,-4.0,1.03,-0.04,-0.192,1.861,-1.632,5.387,-2.999,1.74,0.0,0.0,0.0,0.0,0.0,0.0,0.0,0.0,0.0,0.0
GoldS210,XAUUSDc,196,-10.0733,-30.22,2,-0.3923,0.0,458,10.917,1,5,0,0.015,1.1,3.0,0.0,0.5,15,1,-65.212,25,0,1,10,0.5,0.0,0.0,0.0,0.0,0.0,-1.0,23.865,-3.0,-4.0,-4.0,-4.999,0.0,0.986,-3.0,-3.0,-3.004,-3.0,-4.0,-3.0,-3.0,-3.0,4.663,-4.0,0.642,8.664,1.368,-6.0,-3.0,21.7,-5.0,-4.0,-4.0,-3.0,4.543,-1.016,-5.0,-5.999,-0.274,7.349,0.508,-3.0,5.343,0.501,-3.0,-3.0,-3.0,-4.0,2.993,6.013,-5.0,-5.999,-4.0,-6.0,0.031,-1.0,-4.011,-4.0,2.946,-4.0,1.938,11.948,-0.228,-4.0,-2.0,0.385,-5.0,6.29,-4.0,-2.0,-6.0,4.846,-3.0,-2.999,11.843,-3.0,-4.0,-3.999,0.997,-1.007,-4.0,-3.0,-3.0,25.107,-3.0,4.949,4.082,-1.0,1.523,-5.0,8.099,-4.0,2.487,-6.0,0.305,-5.0,11.726,-2.0,-5.0,-4.0,-0.576,0.0,-2.134,-2.0,-2.0,-4.0,13.26,-2.072,-4.0,-2.0,32.992,-6.0,-5.0,-4.0,-4.0,-4.0,-3.0,-6.0,0.053,-3.0,8.152,0.0,0.0,0.0,0.0,0.0,0.0,0.0,0.0,0.0,0.0
GoldS210,XAUUSDc,139,-36.4055,-72.811,3,-0.6512,0.0,450,11.1111,1,5,0,0.015,2.0,3.0,0.0,0.5,15,1,-100.207,20,0,1,15,0.25,0.0,0.0,0.0,0.0,0.0,0.0,2.824,-3.0,-4.0,-4.0,-5.0,-0.001,0.987,-3.0,-3.0,-3.004,-2.0,-4.0,-3.0,-3.0,-5.0,12.171,7.398,2.073,17.797,0.34,-5.0,5.258,24.396,-4.999,-4.0,-4.0,-2.0,-5.0,-1.016,-4.0,-4.999,-0.104,9.447,0.307,-3.0,4.241,1.354,-2.0,-2.0,-4.0,-4.0,1.639,3.422,-5.0,-6.0,-5.0,-5.999,-4.0,-1.0,11.771,-4.0,-5.0,-3.999,1.938,9.567,-1.83,-3.0,-2.0,0.315,-5.0,3.966,-2.0,4.4,11.727,2.97,-2.999,-1.999,20.077,-2.999,-4.0,-4.0,0.997,-1.007,-3.999,-4.0,-3.0,-4.0,-3.0,2.158,1.759,-1.0,-0.555,-4.0,-0.011,-4.0,-4.0,-6.0,-0.213,-5.0,10.022,-2.0,-4.0,-0.789,-0.869,0.0,2.823,-2.0,-3.0,-4.0,2.162,-1.071,-4.0,-2.0,-3.0,-5.999,-5.0,-4.0,-0.338,-3.999,-4.0,-6.0,1.92,-5.0,11.761,0.0,0.0,0.0,0.0,0.0,0.0,0.0,0.0,0.0,0.0
GoldS210,XAUUSDc,128,-8.7493,-52.496,1,-0.7631,0.0,469,20.6823,1,5,0,0.015,1.1,2.0,0.0,0.5,15,1,-68.368,14,0,1,15,0.25,0.0,0.0,0.0,0.0,0.0,1.972,-1.708,-3.0,-1.01,-0.992,-5.0,12.379,-0.009,-3.0,0.011,-4.003,-2.0,-0.751,-3.0,-3.0,-1.204,4.845,4.026,-6.0,7.904,1.551,0.676,-3.0,3.568,-4.999,-4.0,-4.0,-0.014,-5.0,8.573,-4.0,-4.998,-1.56,5.035,0.971,-3.0,-0.013,0.179,-2.0,-2.0,-4.0,-4.0,1.821,-1.698,-2.014,8.135,-1.004,-5.999,-1.014,-1.0,0.256,-4.0,-5.0,-3.999,0.947,4.074,-3.001,-3.0,-0.062,-4.0,-3.023,-0.702,7.833,0.991,5.099,1.038,0.014,-1.999,7.949,-2.999,-4.0,-4.0,-0.002,-2.005,5.459,-4.0,0.103,-4.0,-0.009,4.937,0.27,-1.0,-2.751,1.737,14.865,-4.0,-4.0,-3.021,-1.572,-5.0,-2.063,-2.0,-4.0,-1.88,1.934,0.0,-0.11,-2.0,-3.0,-2.076,0.953,1.389,-1.0,-2.0,13.835,-5.999,-5.0,2.054,5.84,-3.999,7.126,-6.0,7.427,-4.0,-0.01,0.0,0.0,0.0,0.0,0.0,0.0,0.0,0.0,0.0,0.0
GoldS210,XAUUSDc,88,-10.9892,-65.935,1,-0.6157,0.0,497,14.2857,1,5,0,0.015,1.1,2.0,0.0,0.5,15,1,-103.959,18,0,1,5,0.25,0.0,0.0,0.0,0.0,0.0,1.972,25.513,-4.0,-1.01,-3.0,-6.0,8.598,-0.01,-3.0,0.448,-4.003,-3.0,-5.0,-4.0,-3.0,2.948,3.767,-3.025,-6.0,9.99,-2.014,0.554,-3.0,13.545,-5.0,-4.0,-4.0,-2.014,-5.0,-3.01,-7.0,-6.0,0.102,-3.0,0.97,-3.0,-3.0,-5.0,-2.0,-3.0,-4.0,-3.0,-1.089,2.618,-2.013,35.023,-1.004,-6.0,-1.014,-1.0,-5.008,-4.0,-0.683,-5.0,0.947,15.548,-3.001,-3.0,-0.062,-4.0,-3.022,-4.999,13.883,0.991,-6.0,5.303,0.475,-2.0,-0.023,-3.0,-4.0,-4.0,-0.002,-2.005,-4.0,-4.0,1.001,-4.0,-0.009,5.123,7.83,-1.0,-7.0,-5.0,-2.008,-4.0,1.815,-3.021,-1.224,-5.0,-2.063,-2.0,-4.999,-4.0,3.173,0.0,-0.11,-2.0,-3.0,-2.076,0.953,7.773,-4.0,-2.0,22.577,-6.0,-5.0,4.361,-3.042,-3.0,9.881,-6.0,-1.044,-4.0,-1.01,0.0,0.0,0.0,0.0,0.0,0.0,0.0,0.0,0.0,0.0
GoldS210,XAUUSDc,126,-0.603,-1.206,3,-0.0324,0.0,483,29.6066,1,5,0,0.015,1.7,1.5,0.0,0.5,15,1,-11.911,13,0,1,15,0.25,0.0,0.0,0.0,0.0,0.0,1.479,-2.321,-3.0,-1.508,-1.495,-5.0,7.229,-0.506,-3.0,-0.495,-4.502,3.789,-1.363,-3.0,-3.0,-3.487,1.183,3.372,-3.275,2.006,1.819,-2.144,-3.0,-1.553,-4.999,-4.0,-4.0,-0.51,2.83,3.466,5.707,-2.455,4.62,2.829,8.041,-3.0,-0.515,-0.408,-2.0,3.459,-4.0,-4.0,10.786,-0.611,-2.51,13.689,-1.503,-2.829,-1.511,-1.0,-3.014,-1.479,-5.0,-3.999,0.486,5.052,-1.007,-3.0,3.794,-4.0,2.536,0.072,2.147,0.493,0.915,4.812,9.428,-0.063,4.444,9.02,-4.0,-4.0,-0.501,-2.503,3.883,2.402,2.595,2.8,0.944,-0.954,-0.511,-1.0,-3.349,2.596,2.618,-4.0,-4.0,-0.359,-2.252,-2.502,-0.068,-2.0,0.59,-4.0,0.24,0.0,1.399,-2.0,-3.0,-2.559,0.465,0.257,-1.526,-0.539,11.74,-3.35,-5.0,0.998,5.879,1.347,2.079,-6.0,5.002,-4.0,-0.508,0.0,0.0,0.0,0.0,0.0,0.0,0.0,0.0,0.0,0.0
GoldS210,XAUUSDc,165,-8.742,-52.452,1,-0.8271,0.0,497,25.1509,1,5,0,0.015,1.4,1.5,0.0,0.5,15,1,-59.569,10,0,1,5,0.5,0.0,0.0,0.0,0.0,0.0,1.479,2.653,-3.999,-0.508,-4.0,-5.0,4.414,-0.507,-3.0,-0.251,-4.502,-3.0,-4.0,-4.0,-3.0,2.696,-0.509,0.217,-1.683,-0.307,-1.021,-2.131,-3.0,-0.463,-5.0,-4.0,-4.0,-1.51,-2.511,6.29,2.877,-4.999,1.374,2.078,5.756,-3.0,-0.515,-4.0,-3.0,2.174,-3.0,-4.0,5.553,2.333,-2.51,8.257,-1.503,-5.999,-1.511,-1.0,-3.014,0.276,-1.771,-4.0,0.486,8.102,-1.007,-3.0,6.092,-4.0,-0.913,2.848,-0.161,0.493,-0.792,4.15,7.178,1.323,5.417,1.856,-4.0,-3.999,-0.501,-2.503,-1.509,2.053,4.381,5.828,0.944,-0.39,0.528,-1.0,-6.0,1.856,2.06,-4.0,0.11,0.903,-2.049,-2.502,-0.068,-2.0,0.377,-4.0,1.161,0.0,1.399,-2.0,-3.0,-2.559,0.465,1.316,-1.526,-0.539,11.775,-1.53,-5.0,1.481,-1.041,-3.0,2.185,-6.0,4.175,-3.0,-2.508,0.0,0.0,0.0,0.0,0.0,0.0,0.0,0.0,0.0,0.0
GoldS210,XAUUSDc,297,-14.79,-29.58,3,-0.575,0.0,427,14.0515,1,5,0,0.015,1.4,3.0,0.0,0.5,15,1,-44.164,29,0,1,15,0.75,0.0,0.0,0.0,0.0,0.0,0.0,14.95,-3.0,-4.0,-4.0,-5.0,-0.001,0.986,-3.0,-3.0,-2.004,-2.0,-2.0,-3.0,-3.0,-3.0,1.961,7.398,8.665,6.874,0.34,-5.0,5.157,7.679,-5.0,-4.0,-4.0,-2.0,-5.0,-1.016,-4.0,-5.0,-0.112,3.726,0.306,-3.0,3.56,1.354,-2.0,-2.0,-3.0,-4.0,2.639,2.716,-5.0,9.968,-5.0,-6.0,-4.0,-1.0,7.58,-4.0,-5.0,-3.0,0.938,9.354,-0.83,-3.0,-2.0,0.315,-5.0,3.161,-2.0,4.338,8.088,2.97,-3.0,-1.999,10.942,-2.999,0.0,-5.0,0.997,-1.007,-3.999,-3.0,4.814,7.163,-3.0,2.158,1.759,-1.0,0.445,-3.999,8.077,-4.0,2.235,-5.0,-0.213,-5.0,5.614,-2.0,-3.0,-0.789,0.132,0.0,2.823,-2.0,-2.0,-4.0,9.598,-1.072,3.237,-2.0,12.584,-6.0,-4.999,-3.999,0.661,-4.0,-3.999,-5.0,1.92,-4.0,4.275,0.0,0.0,0.0,0.0,0.0,0.0,0.0,0.0,0.0,0.0
GoldS210,XAUUSDc,301,-2.843,-5.686,3,-0.1916,0.0,499,46.8938,1,5,0,0.015,1.4,1.0,0.0,0.5,15,1,-7.554,0,0,1,20,0.75,0.0,0.0,0.0,0.0,0.0,0.986,-0.767,-0.813,0.986,0.219,-1.598,1.413,1.023,-1.047,-0.009,-4.001,-0.117,2.117,-0.829,-3.0,-1.202,-0.577,2.926,-1.901,1.298,0.024,0.162,2.435,-2.012,-5.0,-2.041,-4.0,0.356,-3.008,1.482,3.373,3.427,0.974,-0.44,1.431,-3.0,1.741,-1.002,-2.0,-0.002,0.464,-4.0,3.352,0.045,-3.007,4.557,-0.009,-2.016,-2.007,-1.0,-4.009,-2.007,-3.02,-1.04,-1.009,4.718,1.437,-3.0,2.208,1.131,-0.026,0.962,5.61,1.578,0.021,2.984,2.922,-0.003,3.989,-0.005,-0.408,-4.0,-1.001,-3.002,1.973,-0.581,2.097,-2.0,-0.046,-0.023,-1.015,-1.0,0.926,-0.254,-0.731,-4.0,-1.562,3.464,-2.009,-2.017,3.922,0.445,6.158,-2.004,2.588,0.0,-0.068,-2.0,1.406,-3.042,-0.023,1.955,-0.019,0.973,3.979,-1.418,-4.0,-0.022,3.038,-1.298,0.325,-0.341,2.166,0.011,-1.055,0.0,0.0,0.0,0.0,0.0,0.0,0.0,0.0,0.0,0.0
GoldS210,XAUUSDc,319,6.76,10.14,4,0.2529,141.58,418,16.0287,1,5,0,0.015,2.0,3.0,0.0,0.5,15,1,-4.216,26,0,1,20,0.75,0.0,0.0,0.0,0.0,0.0,0.0,16.072,-3.0,-4.0,-4.0,-5.0,-0.001,0.987,-3.0,-3.0,-2.004,-2.0,-1.999,-3.0,-3.0,-3.0,2.963,5.411,4.081,6.814,-0.319,-4.0,5.183,7.782,-5.0,-4.0,-4.0,-2.0,2.256,-1.016,-4.0,-5.0,2.163,6.951,0.003,-3.0,16.851,1.021,-2.0,-2.0,-3.0,-4.0,2.88,0.343,-5.0,8.563,-4.0,-6.0,-4.0,-1.0,-4.011,-3.999,-5.0,8.953,0.938,8.242,-0.965,-3.0,-1.999,0.228,1.139,1.314,-2.0,4.773,7.067,2.895,2.848,-1.999,10.522,-2.999,-2.0,-4.0,0.997,-1.007,-3.0,-3.0,4.455,8.258,-3.0,0.874,1.384,-1.0,0.071,-4.0,6.045,-4.0,1.675,-5.0,3.948,-5.0,4.587,-2.0,-2.999,-0.453,0.204,0.0,10.428,-2.0,-2.0,-4.0,9.267,-1.073,3.237,-2.0,11.356,-5.999,-4.0,1.255,1.379,-4.0,-4.0,-5.0,0.862,-2.999,4.456,0.0,0.0,0.0,0.0,0.0,0.0,0.0,0.0,0.0,0.0
GoldS210,XAUUSDc,168,-13.5685,-81.411,1,-0.7804,0.0,489,16.3599,1,5,0,0.015,1.1,2.0,0.0,0.5,15,1,-96.287,23,0,1,5,0.5,0.0,0.0,0.0,0.0,0.0,1.972,9.291,-3.999,-0.01,-4.0,-5.0,3.959,-0.01,-3.0,0.448,-4.003,-3.0,-4.0,-4.0,-3.0,10.876,1.512,-2.025,-5.999,4.396,-2.015,0.554,-3.0,2.977,-5.0,-4.0,-4.0,-1.014,-5.0,4.815,-7.0,-4.999,0.102,3.835,0.97,-3.0,-3.0,-4.0,-3.0,-3.0,-3.0,-4.0,-1.09,-0.363,-2.014,6.601,-1.004,-5.999,-1.014,-1.0,-5.008,-4.0,-0.683,-4.0,0.947,6.749,-3.001,-3.0,-0.062,-4.0,-3.023,-4.0,16.148,0.991,-6.0,3.711,1.475,-2.999,-0.023,-3.0,-4.0,-3.999,-0.002,-2.005,-4.0,10.377,1.001,10.114,-0.009,7.27,4.055,-1.0,-6.0,-6.0,8.876,-4.0,1.815,-3.021,-1.224,-5.0,-2.063,-2.0,-5.0,-4.0,1.192,0.0,-0.11,-2.0,-3.0,-2.076,0.953,3.478,-4.0,-2.0,19.1,-6.0,-5.0,4.361,-3.042,-3.0,7.043,-6.0,7.543,-3.0,-2.01,0.0,0.0,0.0,0.0,0.0,0.0,0.0,0.0,0.0,0.0
GoldS210,XAUUSDc,284,-9.5327,-28.598,2,-0.5706,0.0,468,32.0513,1,5,0,0.015,1.1,1.5,0.0,0.5,15,1,-32.532,0,0,1,15,0.75,0.0,0.0,0.0,0.0,0.0,1.479,0.957,-3.0,-1.508,-1.495,-5.0,3.414,-0.507,-3.0,-0.495,-3.502,1.69,-2.0,-3.0,-3.0,-0.33,-1.697,3.032,0.18,-1.404,1.815,-4.0,0.595,-2.138,-5.0,-4.0,-4.0,-0.51,1.313,3.301,0.31,-2.456,3.855,0.57,3.718,-3.0,-0.515,-0.408,-2.0,1.775,-3.0,-4.0,4.663,3.253,-2.51,7.024,-1.503,-2.83,-1.511,-1.0,-3.014,-1.479,-5.0,-3.0,-0.514,4.521,-2.501,-3.0,3.794,-4.0,2.217,0.072,2.076,0.493,0.412,4.812,3.727,-0.063,4.444,3.977,0.0,-5.0,-0.501,-2.503,2.138,0.151,2.595,1.482,0.944,-0.954,-0.511,-1.0,-2.349,4.044,1.069,-4.0,-0.621,0.641,-2.252,-2.502,-0.068,-2.0,6.524,-4.0,4.993,0.0,1.399,-2.0,-2.0,-2.559,0.465,0.256,-1.526,-0.539,8.816,-3.35,-4.999,0.998,-0.041,-0.192,2.079,-2.166,5.002,-3.0,1.84,0.0,0.0,0.0,0.0,0.0,0.0,0.0,0.0,0.0,0.0
GoldS210,XAUUSDc,317,4.7795,9.559,3,0.2389,146.73,416,16.1058,1,5,0,0.015,1.4,3.0,0.0,0.5,15,1,-4.467,26,0,1,20,0.75,0.0,0.0,0.0,0.0,0.0,0.0,16.051,-3.0,-4.0,-4.0,-5.0,-0.001,0.987,-3.0,-3.0,-2.004,-2.0,-2.0,-3.0,-3.0,-2.999,2.963,5.343,4.079,6.814,-0.328,-4.0,5.183,7.782,-5.0,-4.0,-4.0,-2.0,2.256,-1.016,-4.0,-5.0,2.163,6.952,0.003,-3.0,16.014,1.021,-2.0,-2.0,-3.0,-4.0,2.88,0.343,-5.0,9.563,-4.0,-6.0,-4.0,-1.0,-4.011,-3.999,-5.0,8.932,0.938,8.242,-0.965,-3.0,-1.999,0.228,1.139,1.314,-2.0,4.773,7.064,2.895,2.835,-1.999,10.522,-3.0,0.0,-5.0,0.997,-1.007,-3.0,-3.0,4.454,6.983,-3.0,0.874,1.384,-1.0,0.071,-4.0,6.045,-4.0,1.675,-5.0,3.948,-5.0,4.587,-2.0,-3.0,-0.453,0.204,0.0,10.428,-2.0,-2.0,-4.0,9.267,-1.072,3.237,-2.0,11.026,-5.999,-4.0,1.255,1.379,-4.0,-4.0,-5.0,0.862,-3.0,4.456,0.0,0.0,0.0,0.0,0.0,0.0,0.0,0.0,0.0,0.0
GoldS210,XAUUSDc,204,-3.7425,-22.455,1,-0.5355,0.0,480,30.4167,1,5,0,0.015,1.1,1.5,0.0,0.5,15,1,-29.151,4,0,1,15,0.5,0.0,0.0,0.0,0.0,0.0,1.479,1.474,-3.0,-1.508,-1.495,-5.0,4.371,-0.507,-3.0,-0.495,-4.502,2.843,-0.363,-3.0,-3.0,2.696,-0.978,3.372,-3.275,-0.556,1.815,-2.144,-3.0,-1.894,-5.0,-4.0,-4.0,-0.51,2.384,3.464,2.44,-2.456,4.353,1.607,4.78,-3.0,-0.515,-0.408,-2.0,2.702,-4.0,-4.0,7.26,-0.611,-2.51,7.369,-1.503,-2.83,-1.511,-1.0,-3.014,-1.479,-5.0,-4.0,0.486,5.052,-1.007,-3.0,3.794,-4.0,2.536,0.072,2.147,0.493,0.866,4.812,5.448,-0.063,4.444,5.776,-4.0,-4.0,-0.501,-2.503,3.212,1.215,2.595,2.128,0.944,-0.954,-0.511,-1.0,-2.349,6.154,1.926,-4.0,0.284,-0.359,-2.252,-2.502,-0.068,-2.0,5.78,-4.0,0.24,0.0,1.399,-2.0,-3.0,-2.559,0.465,0.257,-1.526,-0.539,9.893,-3.35,-5.0,0.998,-0.041,1.295,2.079,-6.0,5.002,-3.0,-1.508,0.0,0.0,0.0,0.0,0.0,0.0,0.0,0.0,0.0,0.0
GoldS210,XAUUSDc,193,-9.496,-56.976,1,-0.667,0.0,466,14.3777,1,5,0,0.015,1.4,2.5,0.0,0.5,15,1,-76.547,21,0,1,10,0.5,0.0,0.0,0.0,0.0,0.0,-1.0,15.301,-3.0,-4.0,-4.0,-4.999,-0.5,0.488,-3.0,0.809,-3.503,-3.0,-4.0,-3.0,-3.0,-3.0,2.807,-4.0,-0.708,5.934,2.932,9.747,-3.0,10.252,-5.0,-4.0,-4.0,-0.517,1.971,-1.513,-5.0,-5.999,-1.141,5.592,-0.201,-3.0,2.111,-0.123,-3.0,-3.0,-3.0,-4.0,7.865,1.621,-5.0,-1.635,-4.0,-6.0,-0.486,-1.0,-4.51,-4.0,1.778,-4.0,1.442,8.476,-1.501,-4.0,-2.0,-0.484,-1.529,0.112,-4.0,-2.0,-6.0,2.988,2.835,-2.999,9.178,-3.0,-4.0,-3.999,0.498,-1.506,-4.0,-3.0,2.456,15.715,-3.0,2.783,2.701,-1.0,-0.317,-5.0,25.549,-4.0,1.356,-2.526,-0.492,-5.0,2.757,-2.0,-5.0,-4.0,-1.228,0.0,0.852,-2.0,-2.0,-1.593,1.484,-2.56,-4.0,-2.0,15.584,-6.0,-5.0,1.374,3.689,-4.0,-3.0,2.783,-0.457,-3.0,4.23,0.0,0.0,0.0,0.0,0.0,0.0,0.0,0.0,0.0,0.0
GoldS210,XAUUSDc,107,-10.2483,-30.745,2,-0.5526,0.0,495,26.2626,1,5,0,0.015,2.0,1.5,0.0,0.5,15,1,-42.96,16,0,1,10,0.25,0.0,0.0,0.0,0.0,0.0,1.479,-2.227,-2.999,-1.508,-4.0,-4.999,7.461,-0.506,-3.0,-0.382,-4.502,-3.0,-5.0,-3.0,-3.0,-3.385,1.286,-0.824,-3.254,2.103,1.767,0.245,-3.0,-0.37,-5.0,-4.0,-4.0,-2.51,-2.511,4.224,6.567,-5.0,5.501,-3.0,8.074,-3.0,-0.515,-1.37,-3.0,-3.0,-3.0,-4.0,10.458,0.315,-2.51,16.611,-1.503,-3.423,-1.511,-1.0,-3.014,-1.406,-1.559,-0.435,0.486,9.789,-1.007,-3.0,5.867,-4.0,-1.018,1.508,-4.0,0.493,-0.133,2.709,12.705,0.025,3.848,8.991,-4.0,-4.0,-0.501,-2.503,-1.509,4.583,6.951,7.924,0.944,-0.954,-0.137,-1.0,-2.996,-2.521,4.931,-4.0,-0.907,0.404,-2.087,-2.502,-0.068,-2.0,8.678,-4.0,0.595,0.0,1.399,-2.0,-2.0,-2.559,0.465,-0.431,-1.526,-0.539,2.342,-3.053,-5.0,1.481,-0.041,-4.0,1.39,-6.0,5.379,-4.0,-1.508,0.0,0.0,0.0,0.0,0.0,0.0,0.0,0.0,0.0,0.0
GoldS210,XAUUSDc,179,-20.192,-60.576,2,-0.4748,0.0,474,7.5949,1,5,0,0.015,2.0,3.0,0.0,0.5,15,1,-109.845,19,0,1,5,0.5,0.0,0.0,0.0,0.0,0.0,-1.0,25.151,-3.999,-3.0,-4.0,-5.0,-0.001,0.986,-3.0,-3.0,-3.004,-3.0,-4.0,-4.0,-3.0,-3.0,5.556,-5.0,-5.999,11.949,-5.0,-6.0,-3.0,27.033,-5.0,-4.0,-4.0,-4.0,-5.0,-2.016,-7.0,-4.999,9.008,7.349,-1.029,-3.0,-3.0,-4.0,-3.0,-3.0,-3.0,-4.0,-5.0,8.277,-5.0,-6.0,-4.0,-5.999,-4.0,-1.0,-4.011,-4.0,2.494,-4.0,1.938,4.352,2.861,-3.0,-2.0,-5.0,-5.0,-4.0,-6.0,-2.0,-6.0,14.888,5.783,-2.999,-3.0,-3.0,-4.0,-3.999,0.997,-1.007,-4.0,-3.0,-3.0,36.292,-3.0,13.496,10.587,-1.0,-6.0,-6.0,-0.012,-4.0,5.228,-6.0,0.424,-5.0,11.87,-2.0,-5.0,-4.0,-5.0,0.0,-2.134,-2.0,-3.0,-4.0,17.763,-2.071,-4.0,-2.0,46.269,-6.0,-5.0,-4.0,-6.0,-3.0,-4.0,-6.0,-4.0,-3.0,8.152,0.0,0.0,0.0,0.0,0.0,0.0,0.0,0.0,0.0,0.0
GoldS210,XAUUSDc,218,-9.1683,-27.505,2,-0.4689,0.0,444,12.3874,1,5,0,0.015,1.7,3.0,0.0,0.5,15,1,-56.236,25,0,1,15,0.5,0.0,0.0,0.0,0.0,0.0,0.0,21.376,-3.0,-4.0,-4.0,-5.0,-0.001,0.986,-3.0,-3.0,-3.004,-2.0,-3.0,-3.0,-3.0,-3.0,4.509,7.398,2.073,9.813,0.34,-5.0,5.258,13.547,-5.0,-4.0,-4.0,-2.0,-5.0,-1.016,-4.0,-5.0,-0.104,6.351,0.307,-3.0,4.241,1.354,-2.0,-2.0,-4.0,-4.0,1.639,3.422,-5.0,-5.0,-5.0,-6.0,-4.0,-1.0,11.24,-4.0,-5.0,-4.0,1.938,9.567,-1.83,-3.0,-2.0,0.315,-5.0,3.966,-2.0,4.358,11.517,2.97,-2.999,-1.999,13.011,-3.0,-4.0,-4.0,0.997,-1.007,-3.999,-3.0,-3.0,12.49,-3.0,2.158,1.759,-1.0,0.445,-4.999,-0.011,-4.0,3.9,-6.0,-0.213,-5.0,8.807,-2.0,-3.999,-0.789,-0.869,0.0,2.823,-2.0,-3.0,-4.0,11.374,-1.071,-4.0,-2.0,26.731,-6.0,-5.0,-4.0,0.661,-4.0,-3.999,-6.0,1.92,-4.0,6.843,0.0,0.0,0.0,0.0,0.0,0.0,0.0,0.0,0.0,0.0
GoldS210,XAUUSDc,306,-4.3092,-25.855,1,-0.6567,0.0,465,32.6882,1,5,0,0.015,1.7,1.5,0.0,0.5,15,1,-29.927,0,0,1,20,0.75,0.0,0.0,0.0,0.0,0.0,1.479,1.451,-3.0,-1.508,-1.495,-5.0,3.414,-0.506,-3.0,-0.495,-3.502,1.361,-1.999,-3.0,-3.0,-0.33,1.956,2.324,-0.615,2.124,1.6,-4.0,0.584,-2.223,-5.0,-4.0,-4.0,-0.51,1.28,2.906,0.125,-2.492,3.878,0.635,3.724,-3.0,3.634,-0.496,-2.0,1.557,-3.0,-4.0,4.413,2.938,-2.51,7.134,-1.503,-2.749,-1.511,-1.0,-3.014,-1.498,-5.0,0.419,-0.514,4.37,-2.501,-3.0,4.093,-3.999,1.692,-0.013,-1.158,0.493,-0.124,4.726,3.343,-0.503,4.444,3.87,0.0,-5.0,-0.501,-2.503,2.212,0.15,2.017,1.381,0.944,-0.713,-0.463,-1.0,-2.482,4.196,0.894,-4.0,-0.754,0.01,-1.475,-2.502,-0.068,-2.0,6.355,-4.0,4.699,0.0,1.399,-2.0,-2.0,-2.559,0.465,-0.002,-1.526,-0.539,4.464,-3.307,-4.0,1.03,-0.04,-0.192,1.861,-1.632,5.387,-3.0,1.74,0.0,0.0,0.0,0.0,0.0,0.0,0.0,0.0,0.0,0.0
GoldS210,XAUUSDc,54,5.7225,11.445,3,0.1692,697.71,460,15.0,1,5,0,0.015,1.7,2.5,0.0,0.5,15,1,-68.408,19,0,1,15,0.0,0.0,0.0,0.0,0.0,0.0,0.0,1.522,-3.0,-4.0,-0.488,-5.0,-1.501,0.489,-3.0,0.517,-3.503,-2.0,-3.999,-3.0,-3.0,3.905,9.185,4.485,0.262,12.912,2.838,-1.666,-3.0,16.716,-5.0,-4.0,-4.0,0.483,-5.0,-1.513,-4.0,-4.999,-0.84,7.241,-0.321,-3.0,1.681,0.767,-2.0,-2.0,-4.0,-4.0,8.02,0.005,-5.0,-3.142,-4.0,-6.0,-4.0,-1.0,3.811,-4.0,-5.0,-4.0,1.442,7.091,-2.501,-3.0,-2.0,-0.5,-1.529,-0.004,-2.0,2.965,2.873,1.882,2.935,-1.999,12.914,-3.0,-4.0,-3.999,0.498,-1.506,-3.999,-4.0,2.475,-4.0,-3.0,0.259,1.014,-1.0,-1.153,2.358,79.344,-4.0,0.32,-2.526,-0.892,-5.0,2.25,-2.0,-3.999,-1.334,-1.424,0.0,0.852,-2.0,-3.0,-1.593,1.57,-1.56,-0.448,-2.0,23.658,-5.999,-5.0,-0.353,5.09,-3.999,-4.0,-6.0,1.243,-5.0,6.862,0.0,0.0,0.0,0.0,0.0,0.0,0.0,0.0,0.0,0.0
GoldS210,XAUUSDc,45,-2.3,-6.9,2,-0.156,0.0,484,29.7521,1,5,0,0.015,1.4,1.5,0.0,0.5,15,1,-19.692,10,0,1,15,0.0,0.0,0.0,0.0,0.0,0.0,1.479,-2.321,-3.0,-1.508,-1.495,-5.0,-0.016,-0.506,-3.0,-0.495,-4.502,3.789,-1.362,-3.0,-3.0,-3.487,1.434,3.372,-3.275,2.031,1.819,-2.144,-3.0,-1.553,-5.0,-4.0,-4.0,-0.51,2.83,3.464,9.792,-2.454,4.62,2.829,8.577,-3.0,-0.515,-0.408,-2.0,3.449,-4.0,-4.0,-1.013,-0.611,-2.51,13.689,-1.503,-2.83,-1.511,-1.0,-3.014,-1.479,-5.0,-4.0,0.486,5.052,-1.007,-3.0,3.794,-4.0,2.536,0.072,2.147,0.493,0.911,4.812,9.405,-0.063,4.444,10.614,-4.0,-4.0,-0.501,-2.503,3.883,2.402,2.595,2.79,0.944,-0.954,-0.511,-1.0,-2.349,4.868,2.618,-4.0,-1.238,-0.359,-2.252,-2.502,-0.068,-2.0,5.921,-4.0,0.24,0.0,1.399,-2.0,-3.0,-2.559,0.465,0.257,-1.526,-0.539,11.74,-3.35,-5.0,0.998,1.423,1.347,2.079,-6.0,5.002,-4.0,-0.508,0.0,0.0,0.0,0.0,0.0,0.0,0.0,0.0,0.0,0.0
GoldS210,XAUUSDc,195,-9.4915,-56.949,1,-0.6668,0.0,466,14.3777,1,5,0,0.015,2.0,2.5,0.0,0.5,15,1,-76.52,21,0,1,10,0.5,0.0,0.0,0.0,0.0,0.0,-1.0,15.301,-3.0,-4.0,-4.0,-4.999,-0.5,0.488,-3.0,0.809,-3.503,-3.0,-4.0,-3.0,-3.0,-3.0,2.807,-4.0,-0.708,5.934,2.932,9.755,-3.0,10.252,-5.0,-4.0,-4.0,-0.517,1.971,-1.513,-5.0,-5.999,-1.141,5.592,-0.201,-3.0,2.111,-0.123,-3.0,-3.0,-3.0,-4.0,7.865,1.621,-5.0,-1.635,-4.0,-6.0,-0.486,-1.0,-4.51,-4.0,1.778,-4.0,1.442,8.476,-1.501,-4.0,-2.0,-0.484,-1.529,0.112,-4.0,-2.0,-6.0,2.988,2.835,-2.999,9.178,-3.0,-4.0,-3.999,0.498,-1.506,-4.0,-3.0,2.456,15.715,-3.0,2.783,2.701,-1.0,-0.317,-5.0,25.549,-4.0,1.356,-2.526,-0.492,-5.0,2.757,-2.0,-5.0,-4.0,-1.228,0.0,0.852,-2.0,-2.0,-1.593,1.484,-2.56,-4.0,-2.0,15.584,-6.0,-5.0,1.374,3.689,-4.0,-3.0,2.802,-0.457,-3.0,4.23,0.0,0.0,0.0,0.0,0.0,0.0,0.0,0.0,0.0,0.0
GoldS210,XAUUSDc,294,-7.596,-45.576,1,-0.7638,0.0,435,17.4713,1,5,0,0.015,1.7,2.5,0.0,0.5,15,1,-59.654,20,0,1,15,0.75,0.0,0.0,0.0,0.0,0.0,0.0,9.866,-3.0,-4.0,-0.488,-5.0,-0.501,0.488,-3.0,0.517,-2.503,-2.0,-1.999,-3.0,-3.0,-3.0,0.742,4.485,5.801,4.431,2.838,-5.0,3.637,2.269,-5.0,-4.0,-4.0,0.483,-5.0,-1.513,-4.0,-5.0,-0.84,2.674,-0.321,-3.0,1.431,0.767,-2.0,-2.0,-3.0,-4.0,6.664,-0.47,-5.0,23.932,-4.0,-6.0,-4.0,-1.0,2.379,-4.0,-5.0,-3.0,0.442,7.105,-1.501,-3.0,-2.0,-0.5,-1.529,-0.004,-2.0,2.965,10.681,1.882,2.287,-1.999,6.945,-2.999,0.0,-5.0,0.498,-1.506,-3.999,-3.0,1.645,4.091,-3.0,0.259,1.014,-1.0,-1.153,1.139,14.499,-4.0,1.283,-1.526,-0.892,-5.0,0.721,-2.0,-3.0,-1.334,-0.423,0.0,0.852,-2.0,-2.0,-1.593,1.57,-1.56,1.419,-2.0,6.572,-6.0,-4.999,5.837,6.09,-4.0,-3.999,-5.0,1.243,-4.0,2.132,0.0,0.0,0.0,0.0,0.0,0.0,0.0,0.0,0.0,0.0
GoldS210,XAUUSDc,230,-10.684,-32.052,2,-0.5324,0.0,458,22.9258,1,5,0,0.015,1.7,2.0,0.0,0.5,15,1,-45.004,15,0,1,20,0.5,0.0,0.0,0.0,0.0,0.0,1.972,6.415,-3.0,-1.01,-0.992,-5.0,7.734,-0.01,-3.0,0.011,-4.003,-2.0,0.43,-3.0,-3.0,8.952,7.611,4.058,-2.566,3.045,1.224,-0.009,-3.0,0.254,-5.0,-4.0,-4.0,-0.014,-0.984,0.299,-4.0,-5.0,0.57,5.243,0.97,-3.0,6.388,0.01,-2.0,-2.0,-4.0,-4.0,2.823,-2.351,-2.014,2.302,-1.004,-5.999,-1.014,-1.0,-5.008,-3.999,-5.0,2.141,0.947,4.254,-2.001,-4.0,-0.061,-4.0,2.893,-0.947,2.323,0.991,-0.627,1.092,0.009,-1.999,5.308,-3.0,-4.0,-4.0,-0.002,-2.005,3.847,6.415,0.016,3.795,-0.009,5.134,0.158,-1.0,-1.964,1.14,8.989,-4.0,1.417,-3.021,1.145,-5.0,-2.063,-3.0,-4.0,-1.676,2.243,0.0,-0.11,-2.0,-2.0,-2.076,0.953,1.009,-1.0,-2.0,9.361,-5.999,-4.999,2.078,6.013,-4.0,4.916,-5.0,10.596,-3.0,-1.01,0.0,0.0,0.0,0.0,0.0,0.0,0.0,0.0,0.0,0.0
GoldS210,XAUUSDc,157,56.614,84.921,4,1.7771,81.4,436,13.9908,1,5,0,0.015,1.4,3.0,0.0,0.5,15,1,15.798,22,0,1,20,0.25,0.0,0.0,0.0,0.0,0.0,0.0,20.624,-3.0,-4.0,-4.0,-5.0,0.0,0.986,-3.0,-3.0,-3.004,-2.0,3.649,-3.0,-3.0,-4.0,13.19,5.343,4.079,7.672,-0.328,-4.0,3.995,16.491,-5.0,-4.0,-4.0,-2.0,2.256,-2.016,-4.0,-5.0,2.163,14.139,0.004,-3.0,21.652,1.021,-2.0,-2.0,-4.0,-4.0,2.88,0.343,-5.0,-5.0,-4.0,-5.998,-4.0,-1.0,-4.011,-3.999,-5.0,22.243,1.938,11.804,-0.965,-4.0,-1.999,0.228,1.139,1.314,-3.0,16.477,13.997,2.895,1.835,-0.999,16.562,-3.0,-4.0,-4.0,0.997,-1.007,-3.0,-4.0,-3.0,14.092,-3.0,0.874,1.384,-1.0,0.071,-3.999,5.045,-4.0,-4.0,-6.0,-4.0,-5.0,6.489,-3.0,-4.0,-0.453,0.204,0.0,3.002,-2.0,-2.0,-4.0,2.123,-1.073,-4.0,-2.0,66.123,-5.999,-4.999,1.255,1.378,-4.0,-4.0,-4.999,0.862,-4.0,4.951,0.0,0.0,0.0,0.0,0.0,0.0,0.0,0.0,0.0,0.0
GoldS210,XAUUSDc,213,-11.2192,-67.315,1,-0.7709,0.0,452,15.4867,1,5,0,0.015,1.4,2.5,0.0,0.5,15,1,-83.68,22,0,1,15,0.5,0.0,0.0,0.0,0.0,0.0,0.0,14.3,-3.0,-4.0,-0.488,-5.0,-0.501,0.488,-3.0,0.517,-3.503,-2.0,-3.0,-3.0,-3.0,-3.0,2.68,4.485,0.262,6.672,2.838,-1.666,-3.0,5.562,-5.0,-4.0,-4.0,0.483,-5.0,-1.513,-4.0,-5.0,-0.84,4.769,-0.32,-3.0,1.681,0.767,-2.0,-2.0,-4.0,-4.0,7.019,0.005,-5.0,-2.142,-4.0,-6.0,-4.0,-1.0,3.527,-4.0,-5.0,-4.0,1.442,7.091,-2.501,-3.0,-2.0,-0.5,-1.529,-0.004,-2.0,2.95,14.615,1.882,2.935,-1.999,8.284,-2.999,-4.0,-4.0,0.498,-1.506,-3.999,-3.0,2.316,7.804,-3.0,0.259,1.014,-1.0,-1.153,1.403,15.856,-4.0,2.695,-2.526,-0.892,-5.0,1.715,-2.0,-3.999,-1.334,-1.424,0.0,0.852,-2.0,-3.0,-1.593,1.57,-1.559,-4.0,-2.0,12.35,-6.0,-5.0,-0.353,5.09,-4.0,-3.999,-6.0,1.243,-4.0,3.608,0.0,0.0,0.0,0.0,0.0,0.0,0.0,0.0,0.0,0.0
GoldS210,XAUUSDc,221,0.021,0.042,3,0.0016,6890.48,505,46.1386,1,5,0,0.015,1.4,1.0,0.0,0.5,15,1,-2.852,0,0,1,20,0.5,0.0,0.0,0.0,0.0,0.0,0.986,-0.767,-0.813,0.986,0.219,-1.598,1.89,1.023,-1.047,-0.009,-4.001,-0.117,0.257,-0.675,-3.0,-0.162,-0.306,3.652,-1.901,1.377,0.024,1.161,3.083,-2.012,-5.0,-2.041,-4.0,0.714,-3.008,1.537,3.724,4.486,0.974,0.074,1.736,-3.0,1.933,-1.002,-2.0,-0.002,0.909,-4.0,1.407,0.045,-3.007,4.744,-0.009,-2.016,-2.007,-1.0,-4.009,-2.007,-3.02,-2.04,-0.009,5.311,1.9,-3.0,2.208,1.946,-0.026,0.962,6.12,2.235,0.021,2.984,3.755,-0.003,3.989,-0.005,-2.006,-4.0,-1.001,-3.002,1.973,-0.509,2.097,-2.0,-0.046,-0.023,-1.015,-1.0,0.926,0.184,-0.731,-4.0,-0.919,2.981,-2.009,-2.017,3.922,-3.0,7.143,-2.004,2.817,0.0,-0.068,-2.0,1.406,-3.042,-0.023,1.955,-0.019,0.973,3.979,-0.916,-4.999,-0.022,3.038,-0.879,0.325,0.698,2.166,0.011,-1.055,0.0,0.0,0.0,0.0,0.0,0.0,0.0,0.0,0.0,0.0
GoldS210,XAUUSDc,292,-7.8047,-46.828,1,-0.7687,0.0,435,17.4713,1,5,0,0.015,1.1,2.5,0.0,0.5,15,1,-59.727,20,0,1,15,0.75,0.0,0.0,0.0,0.0,0.0,0.0,9.866,-3.0,-4.0,-0.488,-5.0,-0.501,0.488,-3.0,0.517,-2.503,-2.0,-2.0,-3.0,-3.0,-3.0,0.742,4.485,5.801,4.431,2.823,-5.0,3.637,2.269,-5.0,-4.0,-4.0,0.483,-5.0,-1.513,-4.0,-5.0,-0.84,2.674,-0.321,-3.0,1.431,0.767,-2.0,-2.0,-3.0,-4.0,6.664,-0.47,-5.0,22.753,-4.0,-6.0,-4.0,-1.0,2.379,-4.0,-5.0,-3.0,0.442,7.105,-1.501,-3.0,-2.0,-0.5,-1.529,-0.004,-2.0,2.935,10.681,1.882,2.287,-1.999,6.945,-2.999,0.0,-5.0,0.498,-1.506,-3.999,-3.0,1.645,4.064,-3.0,0.259,1.014,-1.0,-1.153,1.139,14.499,-4.0,1.283,-1.526,-0.892,-5.0,0.721,-2.0,-3.0,-1.334,-0.423,0.0,0.852,-2.0,-2.0,-1.593,1.57,-1.56,1.419,-2.0,6.572,-6.0,-4.999,5.837,6.09,-4.0,-3.999,-5.0,1.243,-4.0,2.132,0.0,0.0,0.0,0.0,0.0,0.0,0.0,0.0,0.0,0.0
GoldS210,XAUUSDc,57,-28.7125,-57.425,3,-0.5514,0.0,452,11.5044,1,5,0,0.015,1.4,3.0,0.0,0.5,15,1,-92.565,20,0,1,15,0.0,0.0,0.0,0.0,0.0,0.0,0.0,2.824,-3.0,-4.0,-4.0,-5.0,-1.001,0.987,-3.0,-3.0,-3.004,-2.0,-3.999,-3.0,-3.0,-5.0,13.06,7.398,2.073,17.876,0.34,-5.0,5.258,32.14,-5.0,-4.0,-4.0,-2.0,-5.0,-1.016,-4.0,-4.998,-0.112,9.447,0.306,-3.0,4.241,1.354,-2.0,-2.0,-4.0,-4.0,0.639,3.422,-5.0,-6.0,-5.0,-6.0,-4.0,-1.0,11.645,-4.0,-5.0,-4.0,1.938,9.567,-1.83,-3.0,-2.0,0.315,-5.0,3.966,-2.0,4.338,11.454,2.97,-2.999,-1.999,20.031,-2.999,-4.0,-4.0,0.997,-1.007,-3.999,-4.0,-3.0,-4.0,-3.0,2.158,1.759,-1.0,0.445,-4.999,-0.011,-4.0,1.098,-6.0,-0.213,-5.0,10.022,-2.0,-3.999,-0.789,-0.869,0.0,2.823,-2.0,-3.0,-4.0,2.162,-1.072,0.093,-2.0,-3.0,-5.999,-5.0,-4.0,-0.339,-3.999,-4.0,-6.0,1.92,-5.0,11.761,0.0,0.0,0.0,0.0,0.0,0.0,0.0,0.0,0.0,0.0
GoldS210,XAUUSDc,236,23.4892,28.187,5,0.5899,90.83,433,14.7806,1,5,0,0.015,1.1,3.0,0.0,0.5,15,1,2.585,25,0,1,20,0.5,0.0,0.0,0.0,0.0,0.0,0.0,19.381,-3.0,-4.0,-4.0,-5.0,-0.001,0.986,-3.0,-3.0,-3.004,-2.0,4.645,-3.0,-3.0,-3.0,5.528,5.332,4.078,7.672,-0.348,-4.0,3.995,12.985,-5.0,-4.0,-4.0,-2.0,2.256,-2.016,-4.0,-5.0,2.163,9.61,0.003,-3.0,20.917,1.021,-2.0,-2.0,-4.0,-4.0,2.88,0.343,-5.0,-5.0,-4.0,-5.999,-4.0,-1.0,-4.011,-3.999,-5.0,14.526,1.938,9.61,-0.965,-4.0,-1.999,0.228,1.139,1.314,-2.0,7.314,11.797,2.895,2.835,-1.999,13.872,-3.0,-4.0,-4.0,0.997,-1.007,-3.0,-3.0,-3.0,11.385,-3.0,0.874,1.384,-1.0,0.071,-4.0,5.045,-4.0,3.729,-6.0,6.561,-5.0,6.489,-3.0,-4.0,-0.453,0.204,0.0,3.002,-2.0,-2.0,-4.0,11.005,-1.072,-4.0,-2.0,22.602,-5.999,-4.999,1.255,1.378,-4.0,-4.0,-4.999,0.862,-3.0,3.951,0.0,0.0,0.0,0.0,0.0,0.0,0.0,0.0,0.0,0.0
GoldS210,XAUUSDc,241,-4.34,-8.68,3,-0.2573,0.0,507,45.5621,1,5,0,0.015,1.4,1.0,0.0,0.5,15,1,-10.548,0,0,1,5,0.75,0.0,0.0,0.0,0.0,0.0,0.986,-0.807,-0.533,0.986,-1.551,-1.468,1.413,1.641,-1.047,-0.009,-4.001,0.17,-0.132,-4.0,-3.0,-1.203,-0.577,2.926,-1.038,1.696,0.24,0.248,2.435,-2.012,-5.0,-1.563,-4.0,0.356,-3.008,1.783,3.48,3.648,1.265,-0.432,1.635,-3.0,-1.01,-1.007,-2.0,0.996,0.242,-4.0,3.444,0.365,-3.007,4.722,-0.009,-2.016,-2.007,-1.0,-4.009,-2.007,-0.879,-3.0,-1.009,4.797,1.437,-3.0,2.493,1.131,-0.026,0.962,5.367,-1.004,-2.012,2.984,3.393,0.479,4.464,0.504,-0.408,-4.0,-1.001,-3.002,1.973,-0.147,3.145,-2.0,-0.046,-0.023,-1.015,-1.0,1.316,-0.244,-0.675,-4.0,-1.562,3.923,-3.003,-2.017,3.922,0.286,6.457,-2.004,2.606,0.0,-0.068,-2.0,1.429,-3.042,-0.023,2.562,-0.019,0.973,4.666,-1.012,-4.999,-0.022,2.429,-0.298,0.049,0.147,2.475,0.342,-1.055,0.0,0.0,0.0,0.0,0.0,0.0,0.0,0.0,0.0,0.0
GoldS210,XAUUSDc,295,-10.3297,-61.978,1,-0.8147,0.0,437,17.1625,1,5,0,0.015,2.0,2.5,0.0,0.5,15,1,-71.263,19,0,1,15,0.75,0.0,0.0,0.0,0.0,0.0,0.0,9.866,-3.0,-4.0,-0.488,-5.0,-0.501,0.488,-3.0,0.517,-2.503,-2.0,-1.999,-3.0,-3.0,-3.0,0.742,4.485,5.801,4.431,2.838,-5.0,3.637,2.269,-5.0,-4.0,-4.0,0.483,-5.0,-1.513,-4.0,-5.0,-0.84,2.674,-0.321,-3.0,1.431,0.767,-2.0,-2.0,-3.0,-4.0,6.664,-0.47,-5.0,7.854,-4.0,-6.0,-4.0,-1.0,2.385,-4.0,-5.0,-3.0,0.442,7.105,-1.501,-3.0,-2.0,-0.5,-1.529,-0.004,-2.0,2.996,10.681,1.882,2.287,-1.999,6.945,-3.0,-2.0,-4.0,0.498,-1.506,-3.999,-3.0,1.645,4.731,-3.0,0.259,1.014,-1.0,-1.153,1.139,14.499,-4.0,1.283,-1.526,-0.892,-5.0,0.721,-2.0,-2.999,-1.334,-0.423,0.0,0.852,-2.0,-2.0,-1.593,1.57,-1.561,1.419,-2.0,6.572,-6.0,-4.999,5.837,6.09,-4.0,-3.999,-5.0,1.243,-4.0,2.132,0.0,0.0,0.0,0.0,0.0,0.0,0.0,0.0,0.0,0.0
GoldS210,XAUUSDc,254,-0.0,-109.529,0,-0.9056,0.0,456,12.9386,1,5,0,0.015,1.7,2.5,0.0,0.5,15,1,-123.648,25,0,1,5,0.75,0.0,0.0,0.0,0.0,0.0,-1.0,8.861,-4.0,-3.0,-4.0,-5.0,-0.501,0.488,-3.0,1.146,-2.503,-2.0,-2.999,-4.0,-3.0,-3.0,1.129,-4.0,0.871,4.452,-1.519,-5.0,3.707,4.041,-5.0,-4.0,-4.0,0.483,-5.0,-1.513,-5.0,-6.0,0.984,2.8,-1.524,-3.0,-3.0,-4.0,-3.0,-3.0,-3.0,-4.0,9.627,0.13,-5.0,24.686,-4.0,-6.0,-4.0,-1.0,-4.51,-4.0,1.406,-3.0,0.442,7.776,-1.501,-3.0,-2.0,-5.0,-1.529,-4.0,6.386,-3.0,2.816,5.052,3.632,-3.0,7.738,-3.0,0.0,-5.0,0.498,-1.506,-4.0,-3.0,3.245,6.204,-3.0,2.193,4.517,-1.0,-6.0,-6.0,9.437,-4.0,3.301,-1.526,-0.4,-5.0,0.784,-2.0,-3.0,0.284,-4.0,0.0,0.852,-2.0,-2.0,-1.593,2.362,-2.561,-4.0,-2.0,8.131,-6.0,-4.999,2.871,-5.0,-3.0,-4.0,-5.0,1.271,-3.0,1.552,0.0,0.0,0.0,0.0,0.0,0.0,0.0,0.0,0.0,0.0
GoldS210,XAUUSDc,293,-7.7997,-46.798,1,-0.7685,0.0,435,17.4713,1,5,0,0.015,1.4,2.5,0.0,0.5,15,1,-59.697,20,0,1,15,0.75,0.0,0.0,0.0,0.0,0.0,0.0,9.866,-3.0,-4.0,-0.488,-5.0,-0.501,0.488,-3.0,0.517,-2.503,-2.0,-2.0,-3.0,-3.0,-3.0,0.742,4.485,5.801,4.431,2.838,-5.0,3.637,2.269,-5.0,-4.0,-4.0,0.483,-5.0,-1.513,-4.0,-5.0,-0.84,2.674,-0.321,-3.0,1.431,0.767,-2.0,-2.0,-3.0,-4.0,6.664,-0.47,-5.0,22.753,-4.0,-6.0,-4.0,-1.0,2.379,-4.0,-5.0,-3.0,0.442,7.105,-1.501,-3.0,-2.0,-0.5,-1.529,-0.004,-2.0,2.95,10.681,1.882,2.287,-1.999,6.945,-2.999,0.0,-5.0,0.498,-1.506,-3.999,-3.0,1.645,4.064,-3.0,0.259,1.014,-1.0,-1.153,1.139,14.499,-4.0,1.283,-1.526,-0.892,-5.0,0.721,-2.0,-3.0,-1.334,-0.423,0.0,0.852,-2.0,-2.0,-1.593,1.57,-1.56,1.419,-2.0,6.572,-6.0,-4.999,5.837,6.09,-4.0,-3.999,-5.0,1.243,-4.0,2.132,0.0,0.0,0.0,0.0,0.0,0.0,0.0,0.0,0.0,0.0
GoldS210,XAUUSDc,131,-8.7097,-52.258,1,-0.7623,0.0,469,20.6823,1,5,0,0.015,2.0,2.0,0.0,0.5,15,1,-68.23,14,0,1,15,0.25,0.0,0.0,0.0,0.0,0.0,1.972,-1.708,-3.0,-1.01,-0.992,-5.0,12.379,-0.009,-3.0,0.011,-4.003,-2.0,-0.751,-3.0,-3.0,-1.204,4.845,4.026,-6.0,7.904,1.561,0.676,-3.0,3.568,-4.999,-4.0,-4.0,-0.014,-5.0,8.588,-4.0,-4.999,-1.56,5.035,0.971,-3.0,-0.013,0.179,-2.0,-2.0,-4.0,-4.0,1.821,-1.698,-2.014,8.135,-1.004,-5.999,-1.014,-1.0,0.258,-4.0,-5.0,-3.999,0.947,4.074,-3.001,-3.0,-0.062,-4.0,-3.023,-0.702,7.833,0.991,5.182,1.038,0.014,-1.999,7.949,-2.999,-4.0,-4.0,-0.002,-2.005,5.459,-4.0,0.103,-4.0,-0.009,4.937,0.27,-1.0,-2.751,1.766,14.965,-4.0,-4.0,-3.021,-1.572,-5.0,-2.063,-2.0,-4.0,-1.88,1.934,0.0,-0.11,-2.0,-3.0,-2.076,0.953,1.389,-1.0,-2.0,13.835,-5.999,-5.0,2.054,5.84,-3.999,7.126,-6.0,7.427,-4.0,-0.01,0.0,0.0,0.0,0.0,0.0,0.0,0.0,0.0,0.0,0.0
GoldS210,XAUUSDc,217,-9.2507,-27.752,2,-0.4727,0.0,444,12.3874,1,5,0,0.015,1.4,3.0,0.0,0.5,15,1,-56.483,25,0,1,15,0.5,0.0,0.0,0.0,0.0,0.0,0.0,21.376,-3.0,-4.0,-4.0,-5.0,-0.001,0.986,-3.0,-3.0,-3.004,-2.0,-3.0,-3.0,-3.0,-3.0,4.509,7.398,2.073,9.813,0.34,-5.0,5.258,13.547,-5.0,-4.0,-4.0,-2.0,-5.0,-1.016,-4.0,-5.0,-0.112,6.351,0.307,-3.0,4.241,1.354,-2.0,-2.0,-4.0,-4.0,1.639,3.422,-5.0,-5.0,-5.0,-6.0,-4.0,-1.0,11.193,-4.0,-5.0,-4.0,1.938,9.567,-1.83,-3.0,-2.0,0.315,-5.0,3.966,-2.0,4.338,11.42,2.97,-2.999,-1.999,12.985,-2.999,-4.0,-4.0,0.997,-1.007,-3.999,-3.0,-3.0,12.44,-3.0,2.158,1.759,-1.0,0.445,-4.999,-0.011,-4.0,3.9,-6.0,-0.213,-5.0,8.807,-2.0,-3.999,-0.789,-0.869,0.0,2.823,-2.0,-3.0,-4.0,11.374,-1.071,-4.0,-2.0,26.731,-6.0,-5.0,-4.0,0.661,-4.0,-3.999,-6.0,1.92,-4.0,6.843,0.0,0.0,0.0,0.0,0.0,0.0,0.0,0.0,0.0,0.0
GoldS210,XAUUSDc,74,-5.1143,-15.343,2,-0.365,0.0,444,17.3423,1,5,0,0.015,1.7,2.5,0.0,0.5,15,1,-34.776,17,0,1,20,0.0,0.0,0.0,0.0,0.0,0.0,0.0,14.104,-3.0,-4.0,-0.488,-5.0,-0.501,0.488,-3.0,0.517,-3.502,-2.0,2.052,-3.0,-3.0,-4.0,3.634,3.722,2.501,5.358,2.352,6.135,-3.0,5.869,-5.0,-4.0,-4.0,0.483,0.637,-2.513,-4.0,-5.0,1.353,11.039,-0.502,-3.0,9.583,0.515,-2.0,-2.0,-3.998,-4.0,6.315,-1.698,-5.0,-2.464,-4.0,-5.999,-4.0,-1.0,4.072,-3.999,-5.0,14.944,1.442,9.067,-1.501,-4.0,-1.999,-0.519,0.27,-0.406,-3.0,-2.0,4.541,1.898,1.531,-1.999,10.912,-3.0,-4.0,-4.0,0.498,-1.506,-3.0,-4.0,1.064,9.429,-3.0,-0.179,0.77,-1.0,-1.447,2.973,19.751,-4.0,-0.025,-2.526,0.748,-5.0,0.78,-2.0,-4.0,-1.065,-0.375,0.0,0.852,-2.0,-2.0,-1.593,1.548,-1.561,-4.0,-2.0,16.433,-5.999,-4.999,3.446,6.39,-4.0,-4.0,-5.0,0.197,-4.0,2.807,0.0,0.0,0.0,0.0,0.0,0.0,0.0,0.0,0.0,0.0
GoldS210,XAUUSDc,68,1.666,4.998,2,0.0905,912.67,458,22.7074,1,5,0,0.015,1.1,2.0,0.0,0.5,15,1,-40.617,18,0,1,20,0.0,0.0,0.0,0.0,0.0,0.0,1.972,7.018,-3.0,-1.01,-0.992,-5.0,9.098,-0.01,-3.0,0.011,-4.002,-2.0,-0.572,-3.0,-3.0,41.615,1.733,4.058,-2.569,3.045,1.214,4.134,-3.0,1.253,-5.0,-4.0,-4.0,-0.014,-0.984,0.299,-4.0,-5.0,0.57,7.94,0.971,-3.0,6.283,0.01,-2.0,-2.0,-3.998,-4.0,2.823,-2.351,-2.014,2.302,-1.004,-5.999,-1.014,-1.0,0.468,-3.999,-5.0,4.926,0.947,5.626,-2.001,-4.0,-0.061,-4.0,2.893,-0.947,-3.0,0.991,-0.156,1.092,0.004,-1.999,6.819,-3.0,-4.0,-4.0,-0.002,-2.005,3.847,-4.0,0.016,4.826,-0.009,5.814,0.158,-1.0,-1.964,1.435,10.731,-4.0,-0.687,-3.021,-0.34,-5.0,-2.063,-2.0,-4.0,-1.676,2.243,0.0,-0.11,-2.0,-2.0,-2.076,0.953,1.009,-1.0,-2.0,13.57,-5.999,-4.999,2.078,6.013,-4.0,4.916,-4.999,10.93,-4.0,-0.01,0.0,0.0,0.0,0.0,0.0,0.0,0.0,0.0,0.0,0.0
GoldS210,XAUUSDc,122,13.76,20.64,4,0.864,32.59,508,44.8819,1,5,0,0.015,1.7,1.0,0.0,0.5,15,1,13.914,3,0,1,15,0.25,0.0,0.0,0.0,0.0,0.0,0.986,-0.936,-0.842,0.986,0.115,-1.407,3.196,1.304,-1.047,-0.009,-4.001,0.284,0.136,-0.659,-3.0,3.724,0.455,3.14,-1.812,2.311,0.08,1.277,3.722,-2.012,-4.999,-1.261,-4.0,0.915,-3.008,2.621,5.362,4.417,0.974,0.623,2.755,-3.0,-1.01,-1.002,-2.0,-0.002,0.777,-4.0,3.228,0.165,-3.007,6.027,-0.009,-2.015,-2.007,-1.0,-4.009,-2.007,-3.02,-3.999,-0.009,4.924,3.005,-3.0,2.074,5.182,-0.026,0.962,7.708,2.15,0.051,2.984,5.541,0.265,3.989,0.033,-2.006,-4.0,-1.001,-3.002,1.973,-0.12,2.348,-2.0,-0.046,-0.023,-1.015,-1.0,0.978,0.481,-0.271,-4.0,-4.0,3.17,-3.003,-2.017,3.922,0.504,8.648,-2.004,-1.029,0.0,-0.068,-2.0,-1.037,-3.042,-0.023,2.093,-0.019,0.973,4.57,-0.185,-5.0,-0.022,7.019,-0.42,0.455,0.39,2.18,0.011,-1.055,0.0,0.0,0.0,0.0,0.0,0.0,0.0,0.0,0.0,0.0
GoldS210,XAUUSDc,53,5.617,11.234,3,0.1658,709.93,460,15.0,1,5,0,0.015,1.4,2.5,0.0,0.5,15,1,-68.52,19,0,1,15,0.0,0.0,0.0,0.0,0.0,0.0,0.0,1.522,-3.0,-4.0,-0.488,-5.0,-1.501,0.489,-3.0,0.517,-3.503,-2.0,-3.999,-3.0,-3.0,3.905,9.185,4.485,0.262,12.912,2.838,-1.666,-3.0,16.716,-5.0,-4.0,-4.0,0.483,-5.0,-1.513,-4.0,-4.998,-0.84,7.241,-0.321,-3.0,1.681,0.767,-2.0,-2.0,-4.0,-4.0,8.02,0.005,-5.0,-3.142,-4.0,-6.0,-4.0,-1.0,3.781,-4.0,-5.0,-4.0,1.442,7.091,-2.501,-3.0,-2.0,-0.5,-1.529,-0.004,-2.0,2.95,2.821,1.882,2.935,-1.999,12.898,-2.999,-4.0,-4.0,0.498,-1.506,-3.999,-4.0,2.475,-4.0,-3.0,0.259,1.014,-1.0,-1.153,2.358,79.245,-4.0,0.32,-2.526,-0.892,-5.0,2.25,-2.0,-3.999,-1.334,-1.424,0.0,0.852,-2.0,-3.0,-1.593,1.57,-1.56,-0.448,-2.0,23.658,-5.999,-5.0,-0.353,5.09,-3.999,-4.0,-6.0,1.243,-5.0,6.862,0.0,0.0,0.0,0.0,0.0,0.0,0.0,0.0,0.0,0.0
GoldS210,XAUUSDc,191,-8.6935,-52.161,1,-0.6554,0.0,481,19.7505,1,5,0,0.015,2.0,2.0,0.0,0.5,15,1,-67.275,17,0,1,10,0.5,0.0,0.0,0.0,0.0,0.0,1.972,8.905,-3.0,-1.01,-4.0,-4.999,3.96,-0.01,-3.0,0.214,-4.003,-3.0,-4.0,-3.0,-3.0,10.229,0.948,-2.025,-6.0,3.205,1.578,6.104,-3.0,2.738,-5.0,-4.0,-4.0,-1.014,-0.601,9.797,-5.0,-5.999,-1.761,3.835,0.97,-3.0,0.016,-0.746,-3.0,-3.0,-3.0,-4.0,2.27,-0.939,-2.014,6.549,-1.004,-6.0,-1.014,-1.0,-0.166,-4.0,-0.391,3.164,0.947,5.122,-2.001,-4.0,-0.062,-4.0,-3.023,-0.632,-4.0,0.991,-6.0,1.571,0.091,-2.999,5.09,-3.0,-4.0,-3.999,-0.002,-2.005,-4.0,12.114,0.155,9.373,-0.009,6.669,1.321,-1.0,-1.156,-5.0,13.174,-4.0,0.225,-3.021,-1.289,-5.0,-2.062,-2.0,-5.0,-4.0,2.995,0.0,-0.11,-2.0,-2.0,-2.076,0.953,0.862,-0.793,-2.0,15.446,-6.0,-5.0,3.1,4.08,-4.0,5.615,-6.0,8.436,-3.0,-2.01,0.0,0.0,0.0,0.0,0.0,0.0,0.0,0.0,0.0,0.0
GoldS210,XAUUSDc,235,-12.2943,-36.883,2,-0.6827,0.0,442,17.4208,1,5,0,0.015,2.0,2.5,0.0,0.5,15,1,-49.818,19,0,1,20,0.5,0.0,0.0,0.0,0.0,0.0,0.0,13.336,-3.0,-4.0,-0.488,-5.0,-0.501,0.488,-3.0,0.517,-3.503,-2.0,3.06,-3.0,-3.0,-3.0,11.346,3.735,2.501,5.358,2.352,-1.493,-3.0,4.015,-5.0,-4.0,-4.0,0.483,0.637,-2.513,-4.0,-5.0,1.353,7.425,-0.502,-3.0,10.003,0.515,-2.0,-2.0,-4.0,-4.0,6.315,-1.698,-5.0,-2.464,-4.0,-5.999,-4.0,-1.0,-4.51,-3.999,-5.0,9.476,1.442,7.284,-1.501,-4.0,-1.999,-0.519,0.27,-0.406,-2.0,5.204,3.506,1.898,1.531,-1.999,9.099,-2.999,-4.0,-4.0,0.498,-1.506,-3.0,-3.0,1.066,7.482,-3.0,-0.179,0.77,-1.0,-1.447,2.653,16.548,-4.0,2.585,-2.526,3.853,-5.0,0.78,-3.0,-4.0,-1.065,-0.375,0.0,0.852,-2.0,-2.0,-1.593,1.548,-1.56,-4.0,-2.0,8.834,-5.999,-4.999,3.446,6.39,-4.0,-4.0,-5.0,0.197,-2.999,1.807,0.0,0.0,0.0,0.0,0.0,0.0,0.0,0.0,0.0,0.0
GoldS210,XAUUSDc,244,-11.2807,-33.842,2,-0.6265,0.0,483,29.6066,1,5,0,0.015,1.1,1.5,0.0,0.5,15,1,-37.776,0,0,1,5,0.75,0.0,0.0,0.0,0.0,0.0,1.479,1.59,-4.0,-0.508,-4.0,-5.0,3.414,-0.507,-3.0,-0.251,-3.502,1.69,-3.0,-4.0,-3.0,-0.33,-1.463,3.761,1.262,-1.395,-1.021,-4.0,0.57,-1.437,-5.0,-4.0,-4.0,-0.51,1.313,4.008,1.696,-5.0,4.911,0.646,4.039,-3.0,-0.515,-4.0,-3.0,0.802,-3.0,-4.0,5.302,4.149,-2.51,7.448,-1.503,-2.749,-1.511,-1.0,-3.014,-0.543,-1.771,-3.0,-0.514,5.166,-2.501,-3.0,4.76,-4.0,-0.913,1.4,2.212,0.493,-2.141,6.514,4.073,0.289,4.784,0.725,0.0,-5.0,-0.501,-2.503,2.47,0.161,3.353,2.608,0.944,-0.39,0.298,-1.0,-6.0,0.313,1.069,-4.0,0.025,0.93,-2.049,-2.502,-0.068,-2.0,8.401,-4.0,5.383,0.0,1.399,-2.0,-2.0,-2.559,0.465,0.17,-1.526,-0.539,6.974,-2.546,-4.999,1.481,-1.041,0.808,1.9,-1.741,5.951,-2.999,1.631,0.0,0.0,0.0,0.0,0.0,0.0,0.0,0.0,0.0,0.0
GoldS210,XAUUSDc,231,-9.7647,-29.294,2,-0.4878,0.0,458,22.9258,1,5,0,0.015,2.0,2.0,0.0,0.5,15,1,-42.426,15,0,1,20,0.5,0.0,0.0,0.0,0.0,0.0,1.972,6.457,-3.0,-1.01,-0.992,-5.0,7.741,-0.01,-3.0,0.011,-4.003,-2.0,0.438,-3.0,-3.0,9.132,7.623,4.058,-2.566,3.045,1.224,-0.009,-3.0,0.254,-5.0,-4.0,-4.0,-0.014,-0.984,0.299,-4.0,-5.0,0.57,5.241,0.97,-3.0,6.505,0.01,-2.0,-2.0,-4.0,-4.0,2.823,-2.351,-2.014,2.302,-1.004,-5.999,-1.014,-1.0,-5.008,-3.999,-5.0,2.141,0.947,4.254,-2.001,-4.0,-0.061,-3.999,2.893,-0.947,2.323,0.991,-0.593,1.092,0.009,-1.999,5.308,-2.999,-4.0,-4.0,-0.002,-2.005,3.847,8.743,0.016,3.795,-0.009,5.134,0.158,-1.0,-1.964,1.169,8.989,-4.0,1.417,-3.021,1.145,-5.0,-2.063,-3.0,-4.0,-1.676,2.243,0.0,-0.11,-2.0,-2.0,-2.076,0.953,1.009,-1.0,-2.0,9.361,-5.999,-4.999,2.078,6.013,-4.0,4.916,-5.0,10.596,-2.999,-1.01,0.0,0.0,0.0,0.0,0.0,0.0,0.0,0.0,0.0,0.0
GoldS210,XAUUSDc,174,-17.5285,-105.171,1,-0.8328,0.0,478,10.6695,1,5,0,0.015,1.7,2.5,0.0,0.5,15,1,-130.108,23,0,1,5,0.5,0.0,0.0,0.0,0.0,0.0,-1.0,15.883,-3.999,-3.0,-4.0,-5.0,-0.501,0.488,-3.0,1.146,-3.503,-3.0,-4.0,-4.0,-3.0,-3.0,3.535,-5.0,-5.999,8.172,-1.519,-1.636,-3.0,10.72,-5.0,-4.0,-4.0,-0.517,-5.0,-2.513,-7.0,-4.999,1.64,5.592,-1.524,-3.0,-3.0,-4.0,-3.0,-3.0,-3.0,-4.0,2.664,2.839,-5.0,-0.727,-4.0,-5.999,-4.0,-1.0,-4.51,-4.0,1.406,-4.0,1.442,10.712,-2.501,-3.0,-2.0,-5.0,-1.529,-4.0,14.057,-2.0,-6.0,8.332,3.682,-2.999,0.472,-3.0,-4.0,-3.999,0.498,-1.506,-4.0,-3.0,4.323,16.806,-3.0,6.139,7.321,-1.0,-6.0,-6.0,20.422,-4.0,3.523,-2.526,-0.4,-5.0,2.826,-2.0,-5.0,-4.0,-5.0,0.0,0.852,-2.0,-3.0,-1.593,2.362,-2.56,-4.0,-2.0,21.937,-6.0,-5.0,4.367,-6.0,-3.0,-4.0,-6.0,-4.0,-3.0,4.23,0.0,0.0,0.0,0.0,0.0,0.0,0.0,0.0,0.0,0.0
GoldS210,XAUUSDc,180,-3.115,-9.345,2,-0.3602,0.0,512,44.3359,1,5,0,0.015,1.1,1.0,0.0,0.5,15,1,-12.539,0,0,1,10,0.5,0.0,0.0,0.0,0.0,0.0,0.986,-0.899,-0.899,0.986,-1.598,-1.159,1.89,1.345,-1.047,-0.009,-4.001,-3.0,-1.992,-0.503,-3.0,-0.162,-0.052,3.033,-1.607,1.856,0.004,1.456,3.083,-2.012,-5.0,-1.026,-4.0,0.734,-3.008,2.588,4.014,5.708,1.251,0.321,1.777,-3.0,-1.01,-1.007,-2.0,0.996,0.067,-4.0,1.656,0.118,-3.007,5.964,-0.009,-2.016,-2.007,-1.0,-4.009,-2.007,-0.747,-1.998,-0.009,5.705,1.904,-3.0,2.597,2.73,-0.026,0.962,3.992,-1.004,-2.012,2.984,4.386,0.318,4.103,-0.005,-2.006,-3.999,-1.001,-3.002,1.973,-0.155,4.078,-2.0,-0.046,-0.023,-1.015,-1.0,1.038,0.118,-0.392,-4.0,-2.001,3.55,-3.003,-2.017,3.922,0.002,5.198,-2.004,-1.029,0.0,-0.068,-2.0,1.638,-3.042,-0.023,2.243,-0.019,0.973,5.637,-0.819,-5.0,-0.022,3.624,-4.0,0.033,-1.287,1.978,0.011,-1.055,0.0,0.0,0.0,0.0,0.0,0.0,0.0,0.0,0.0,0.0
GoldS210,XAUUSDc,75,-6.952,-13.904,3,-0.3378,0.0,444,17.3423,1,5,0,0.015,2.0,2.5,0.0,0.5,15,1,-33.337,17,0,1,20,0.0,0.0,0.0,0.0,0.0,0.0,0.0,14.184,-3.0,-4.0,-0.488,-5.0,-0.5,0.488,-3.0,0.517,-3.502,-2.0,2.06,-3.0,-3.0,-4.0,3.651,3.735,2.501,5.358,2.352,6.502,-3.0,5.869,-5.0,-4.0,-4.0,0.483,0.637,-2.513,-4.0,-4.999,1.354,11.038,-0.502,-3.0,10.003,0.515,-2.0,-2.0,-3.998,-4.0,6.315,-1.698,-5.0,-2.464,-4.0,-5.999,-4.0,-1.0,4.124,-3.999,-5.0,14.965,1.442,9.067,-1.501,-4.0,-1.999,-0.519,0.27,-0.406,-3.0,-2.0,4.65,1.898,1.531,-1.999,10.927,-3.0,-4.0,-4.0,0.498,-1.506,-3.0,-4.0,1.066,9.429,-3.0,-0.179,0.77,-1.0,-1.447,3.015,20.041,-4.0,-0.025,-2.526,0.748,-5.0,0.78,-2.0,-4.0,-1.065,-0.375,0.0,0.852,-2.0,-2.0,-1.593,1.548,-1.561,-4.0,-2.0,16.433,-5.999,-4.999,3.446,6.39,-4.0,-4.0,-5.0,0.197,-3.999,2.807,0.0,0.0,0.0,0.0,0.0,0.0,0.0,0.0,0.0,0.0
GoldS210,XAUUSDc,197,-10.0733,-30.22,2,-0.3923,0.0,458,10.917,1,5,0,0.015,1.4,3.0,0.0,0.5,15,1,-65.212,25,0,1,10,0.5,0.0,0.0,0.0,0.0,0.0,-1.0,23.865,-3.0,-4.0,-4.0,-4.999,0.0,0.986,-3.0,-3.0,-3.004,-3.0,-4.0,-3.0,-3.0,-3.0,4.663,-4.0,0.642,8.664,1.368,-6.0,-3.0,21.7,-5.0,-4.0,-4.0,-3.0,4.543,-1.016,-5.0,-5.999,-0.274,7.349,0.508,-3.0,5.343,0.501,-3.0,-3.0,-3.0,-4.0,2.993,6.013,-5.0,-5.999,-4.0,-6.0,0.031,-1.0,-4.011,-4.0,2.946,-4.0,1.938,11.948,-0.228,-4.0,-2.0,0.385,-5.0,6.29,-4.0,-2.0,-6.0,4.846,-3.0,-2.999,11.843,-3.0,-4.0,-3.999,0.997,-1.007,-4.0,-3.0,-3.0,25.107,-3.0,4.949,4.082,-1.0,1.523,-5.0,8.099,-4.0,2.487,-6.0,0.305,-5.0,11.726,-2.0,-5.0,-4.0,-0.576,0.0,-2.134,-2.0,-2.0,-4.0,13.26,-2.072,-4.0,-2.0,32.992,-6.0,-5.0,-4.0,-4.0,-4.0,-3.0,-6.0,0.053,-3.0,8.152,0.0,0.0,0.0,0.0,0.0,0.0,0.0,0.0,0.0,0.0
GoldS210,XAUUSDc,120,13.7453,20.618,4,0.8627,32.62,508,44.8819,1,5,0,0.015,1.1,1.0,0.0,0.5,15,1,13.892,3,0,1,15,0.25,0.0,0.0,0.0,0.0,0.0,0.986,-0.936,-0.842,0.986,0.115,-1.407,3.196,1.304,-1.047,-0.009,-4.001,0.284,0.136,-0.659,-3.0,3.724,0.455,3.14,-1.812,2.311,0.08,1.277,3.722,-2.012,-4.999,-1.261,-4.0,0.915,-3.008,2.621,5.362,4.417,0.974,0.623,2.755,-3.0,-1.01,-1.002,-2.0,-0.002,0.777,-4.0,3.218,0.165,-3.007,6.027,-0.009,-2.015,-2.007,-1.0,-4.009,-2.007,-3.02,-3.999,-0.009,4.924,3.005,-3.0,2.074,5.182,-0.026,0.962,7.708,2.138,0.051,2.984,5.541,0.265,3.989,0.033,-2.006,-4.0,-1.001,-3.002,1.973,-0.12,2.348,-2.0,-0.046,-0.023,-1.015,-1.0,0.978,0.481,-0.271,-4.0,-4.0,3.17,-3.003,-2.017,3.922,0.504,8.648,-2.004,-1.029,0.0,-0.068,-2.0,-1.037,-3.042,-0.023,2.093,-0.019,0.973,4.57,-0.185,-5.0,-0.022,7.019,-0.42,0.455,0.39,2.18,0.011,-1.055,0.0,0.0,0.0,0.0,0.0,0.0,0.0,0.0,0.0,0.0
GoldS210,XAUUSDc,249,-12.2985,-73.791,1,-0.8148,0.0,469,19.6162,1,5,0,0.015,1.4,2.0,0.0,0.5,15,1,-80.641,14,0,1,5,0.75,0.0,0.0,0.0,0.0,0.0,1.972,5.201,-4.0,-0.01,-4.0,-5.0,6.624,-0.01,-3.0,0.448,-3.003,-2.0,-3.0,-4.0,-3.0,2.85,-0.167,-4.0,-0.564,2.005,-2.015,-2.063,2.138,0.478,-5.0,-4.0,-4.0,-0.014,-5.0,9.422,-5.0,-6.0,-0.338,1.723,0.97,-3.0,-3.0,-4.0,-3.0,-3.0,-3.0,-4.0,5.023,3.834,-2.014,10.556,-1.004,-6.0,-1.014,-1.0,-5.008,-4.0,-0.683,-3.0,-0.053,4.805,-2.001,-3.0,-0.062,-4.0,-3.023,-4.0,14.461,0.991,-0.778,2.523,1.437,-3.0,4.909,-3.0,0.0,-5.0,-0.002,-2.005,2.175,3.569,1.001,3.371,-0.009,4.421,2.464,-1.0,-6.0,-6.0,4.554,-4.0,1.662,-2.021,-1.224,-5.0,-2.063,-2.0,-3.0,-0.659,0.974,0.0,-0.11,-2.0,-2.0,-2.076,0.953,1.747,-4.0,-2.0,10.825,-6.0,-4.999,3.73,-3.042,3.554,4.891,-5.0,8.991,-2.999,-2.01,0.0,0.0,0.0,0.0,0.0,0.0,0.0,0.0,0.0,0.0
GoldS210,XAUUSDc,77,110.505,132.606,5,3.5487,96.93,435,14.2529,1,5,0,0.015,1.4,3.0,0.0,0.5,15,1,4.074,21,0,1,20,0.0,0.0,0.0,0.0,0.0,0.0,0.0,20.624,-3.0,-4.0,-4.0,-5.0,-0.001,0.986,-3.0,-3.0,-3.003,-2.0,3.649,-3.0,-3.0,-4.0,-3.999,5.343,4.079,7.672,-0.328,-4.0,3.995,16.491,-5.0,-4.0,-4.0,-2.0,2.256,-2.016,-4.0,-5.0,2.163,14.139,0.004,-3.0,21.652,1.021,-2.0,-2.0,-3.998,-4.0,2.88,0.343,-5.0,-5.0,-4.0,-5.999,-4.0,-1.0,8.46,-3.999,-5.0,22.243,1.938,11.804,-0.965,-4.0,-1.999,0.228,1.139,1.314,-3.0,-2.0,13.997,2.895,2.835,-1.999,16.562,-3.0,-4.0,-4.0,0.997,-1.007,-3.0,-4.0,-3.0,14.092,-3.0,0.874,1.384,-1.0,0.071,-3.999,5.045,-4.0,0.635,-6.0,1.835,-5.0,6.489,-2.0,-4.0,-0.453,0.204,0.0,3.002,-2.0,-2.0,-4.0,2.123,-1.073,-4.0,-2.0,125.532,-5.999,-4.999,1.255,1.378,-4.0,-4.0,-4.999,0.862,-4.0,4.951,0.0,0.0,0.0,0.0,0.0,0.0,0.0,0.0,0.0,0.0
GoldS210,XAUUSDc,150,-4.361,-13.083,2,-0.1856,0.0,459,22.0044,1,5,0,0.015,1.7,2.0,0.0,0.5,15,1,-48.134,19,0,1,20,0.25,0.0,0.0,0.0,0.0,0.0,1.972,7.018,-3.0,-1.01,-0.992,-5.0,9.098,-0.01,-3.0,0.011,-4.003,-2.0,-0.57,-3.0,-3.0,31.051,11.606,4.058,-2.566,3.045,1.224,-0.009,-3.0,1.253,-5.0,-4.0,-4.0,-0.014,-0.984,0.299,-4.0,-5.0,0.57,7.943,0.97,-3.0,6.388,0.01,-2.0,-2.0,-4.0,-4.0,2.823,-2.351,-2.014,2.302,-1.004,-5.998,-1.014,-1.0,-5.008,-3.999,-5.0,4.926,0.947,5.626,-2.001,-4.0,-0.061,-4.0,2.893,-0.947,-3.0,0.991,-0.131,1.092,-0.991,-0.999,6.819,-3.0,-4.0,-4.0,-0.002,-2.005,3.847,-4.0,0.016,4.826,-0.009,5.814,0.158,-1.0,-1.964,1.435,10.784,-4.0,-4.0,-3.021,-4.0,-5.0,-2.063,-3.0,-4.0,-1.676,2.243,0.0,-0.11,-2.0,-2.0,-2.076,0.953,1.009,-1.0,-2.0,13.57,-5.999,-4.999,2.078,6.013,-4.0,4.916,-5.0,10.93,-4.0,-0.01,0.0,0.0,0.0,0.0,0.0,0.0,0.0,0.0,0.0,0.0
GoldS210,XAUUSDc,274,-7.3773,-44.264,1,-0.7744,0.0,447,16.5548,1,5,0,0.015,1.7,2.5,0.0,0.5,15,1,-58.211,22,0,1,10,0.75,0.0,0.0,0.0,0.0,0.0,-1.0,8.3,-3.0,-4.0,-4.0,-5.0,-0.501,0.489,-3.0,0.809,-2.503,-2.0,-2.999,-3.0,-3.0,-3.0,0.843,-4.0,0.353,3.936,2.932,3.343,3.629,4.041,-5.0,-4.0,-4.0,0.483,0.68,-1.513,-5.0,-6.0,-1.143,2.8,-0.2,-3.0,1.488,-0.123,-3.0,-3.0,-3.0,-4.0,7.535,-0.054,-5.0,24.308,-4.0,-6.0,-0.486,-1.0,2.341,-4.0,1.778,6.863,0.442,7.552,-1.501,-3.0,-2.0,-0.484,-1.529,0.112,-2.0,-3.0,2.816,2.988,2.408,-3.0,6.921,-3.0,0.0,-5.0,0.498,-1.506,-4.0,-3.0,1.768,6.204,-3.0,1.863,2.701,-1.0,-0.317,-5.0,14.72,-4.0,1.356,-1.526,-0.492,-5.0,0.784,-2.0,-3.0,0.284,-0.228,0.0,0.852,-2.0,-2.0,-1.593,1.484,-2.561,1.701,-2.0,9.097,-5.999,-4.999,1.374,2.635,-4.0,-3.0,1.387,-0.457,-3.0,1.552,0.0,0.0,0.0,0.0,0.0,0.0,0.0,0.0,0.0,0.0
GoldS210,XAUUSDc,215,-11.1615,-66.969,1,-0.77,0.0,452,15.4867,1,5,0,0.015,2.0,2.5,0.0,0.5,15,1,-83.334,22,0,1,15,0.5,0.0,0.0,0.0,0.0,0.0,0.0,14.3,-3.0,-4.0,-0.488,-5.0,-0.501,0.488,-3.0,0.517,-3.503,-2.0,-3.0,-3.0,-3.0,-3.0,2.68,4.485,0.262,6.672,2.838,-1.666,-3.0,5.562,-5.0,-4.0,-4.0,0.483,-5.0,-1.513,-4.0,-4.999,-0.84,4.769,-0.32,-3.0,1.681,0.767,-2.0,-2.0,-4.0,-4.0,7.019,0.005,-5.0,-2.142,-4.0,-6.0,-4.0,-1.0,3.616,-4.0,-5.0,-4.0,1.442,7.091,-2.501,-3.0,-2.0,-0.5,-1.529,-0.004,-2.0,2.996,14.764,1.882,2.935,-1.999,8.315,-3.0,-4.0,-4.0,0.498,-1.506,-3.999,-3.0,2.316,7.835,-3.0,0.259,1.014,-1.0,-1.153,1.403,15.856,-4.0,2.695,-2.526,-0.892,-5.0,1.715,-2.0,-3.999,-1.334,-1.424,0.0,0.852,-2.0,-3.0,-1.593,1.57,-1.559,-4.0,-2.0,12.35,-6.0,-5.0,-0.353,5.09,-4.0,-3.999,-6.0,1.243,-4.0,3.608,0.0,0.0,0.0,0.0,0.0,0.0,0.0,0.0,0.0,0.0
GoldS210,XAUUSDc,212,-11.2313,-67.388,1,-0.7711,0.0,452,15.4867,1,5,0,0.015,1.1,2.5,0.0,0.5,15,1,-83.753,22,0,1,15,0.5,0.0,0.0,0.0,0.0,0.0,0.0,14.3,-3.0,-4.0,-0.488,-5.0,-0.501,0.488,-3.0,0.517,-3.503,-2.0,-3.0,-3.0,-3.0,-3.0,2.68,4.485,0.262,6.672,2.823,-1.666,-3.0,5.562,-5.0,-4.0,-4.0,0.483,-5.0,-1.513,-4.0,-5.0,-0.84,4.769,-0.32,-3.0,1.681,0.767,-2.0,-2.0,-4.0,-4.0,7.019,0.005,-5.0,-2.142,-4.0,-6.0,-4.0,-1.0,3.512,-4.0,-5.0,-4.0,1.442,7.091,-2.501,-3.0,-2.0,-0.5,-1.529,-0.004,-2.0,2.935,14.588,1.882,2.935,-1.999,8.284,-3.0,-4.0,-4.0,0.498,-1.506,-3.999,-3.0,2.316,7.804,-3.0,0.259,1.014,-1.0,-1.153,1.403,15.856,-4.0,2.695,-2.526,-0.892,-5.0,1.715,-2.0,-3.999,-1.334,-1.424,0.0,0.852,-2.0,-3.0,-1.593,1.57,-1.559,-4.0,-2.0,12.35,-6.0,-5.0,-0.353,5.09,-4.0,-3.999,-6.0,1.243,-4.0,3.608,0.0,0.0,0.0,0.0,0.0,0.0,0.0,0.0,0.0,0.0
GoldS210,XAUUSDc,252,-0.0,-110.735,0,-0.9066,0.0,456,12.9386,1,5,0,0.015,1.1,2.5,0.0,0.5,15,1,-123.648,25,0,1,5,0.75,0.0,0.0,0.0,0.0,0.0,-1.0,8.861,-4.0,-3.0,-4.0,-5.0,-0.501,0.488,-3.0,1.146,-2.503,-2.0,-3.0,-4.0,-3.0,-3.0,1.129,-4.0,0.871,4.452,-1.519,-5.0,3.707,4.041,-5.0,-4.0,-4.0,0.483,-5.0,-1.513,-5.0,-6.0,0.984,2.8,-1.524,-3.0,-3.0,-4.0,-3.0,-3.0,-3.0,-4.0,9.627,0.13,-5.0,23.48,-4.0,-6.0,-4.0,-1.0,-4.51,-4.0,1.406,-3.0,0.442,7.776,-1.501,-3.0,-2.0,-5.0,-1.529,-4.0,6.386,-3.0,2.816,5.052,3.632,-3.0,7.738,-3.0,0.0,-5.0,0.498,-1.506,-4.0,-3.0,3.245,6.204,-3.0,2.193,4.517,-1.0,-6.0,-6.0,9.437,-4.0,3.301,-1.526,-0.4,-5.0,0.784,-2.0,-3.0,0.284,-4.0,0.0,0.852,-2.0,-2.0,-1.593,2.362,-2.561,-4.0,-2.0,8.131,-6.0,-4.999,2.871,-5.0,-3.0,-4.0,-5.0,1.271,-2.999,1.552,0.0,0.0,0.0,0.0,0.0,0.0,0.0,0.0,0.0,0.0
GoldS210,XAUUSDc,289,-14.7243,-44.173,2,-0.6763,0.0,451,23.2816,1,5,0,0.015,1.4,2.0,0.0,0.5,15,1,-50.831,5,0,1,15,0.75,0.0,0.0,0.0,0.0,0.0,1.972,4.098,-3.0,-1.01,-0.992,-5.0,6.534,-0.01,-3.0,0.011,-3.003,-2.0,-2.0,-3.0,-3.0,2.658,-0.478,4.026,-1.293,1.988,1.561,-1.92,2.116,-0.597,-5.0,-4.0,-4.0,-0.014,-5.0,7.824,-4.0,-5.0,-1.56,1.623,0.97,-3.0,-0.013,0.179,-2.0,-2.0,-3.0,-4.0,2.821,3.4,-2.014,10.556,-1.004,-6.0,-1.014,-1.0,-0.372,-4.0,-5.0,-3.0,-0.053,4.316,-2.001,-3.0,-0.062,-4.0,-3.023,-0.702,7.248,0.991,3.819,1.038,0.014,-1.999,4.381,-2.999,0.0,-5.0,-0.002,-2.005,1.655,3.539,0.103,1.83,-0.009,3.456,0.27,-1.0,-1.751,-0.047,8.59,-4.0,0.331,-2.021,-1.572,-5.0,-2.063,-2.0,-3.0,-1.88,2.935,0.0,-0.11,-2.0,-2.0,-2.076,0.953,1.388,-1.0,-2.0,8.936,-6.0,-4.999,2.054,5.84,1.928,5.126,-5.0,7.427,-3.0,-1.01,0.0,0.0,0.0,0.0,0.0,0.0,0.0,0.0,0.0,0.0
GoldS210,XAUUSDc,262,-4.948,-9.896,3,-0.3202,0.0,506,46.0474,1,5,0,0.015,1.7,1.0,0.0,0.5,15,1,-12.227,0,0,1,10,0.75,0.0,0.0,0.0,0.0,0.0,0.986,-0.899,-0.899,0.986,-1.598,-1.468,1.413,1.274,-1.047,-0.009,-4.001,0.17,0.331,-0.845,-3.0,-1.203,-0.577,2.603,-1.607,1.519,0.004,0.217,2.435,-2.012,-5.0,-1.563,-4.0,0.356,-3.008,1.783,3.48,3.648,1.19,-0.432,1.452,-3.0,-1.01,-1.007,-2.0,0.996,0.067,-4.0,3.444,0.118,-3.007,4.588,-0.009,-2.016,-2.007,-1.0,-4.009,-2.007,-0.747,-0.998,-1.009,4.797,1.437,-3.0,2.317,1.131,-0.026,0.962,5.864,-1.004,-2.012,2.984,3.195,0.318,4.103,-0.005,-0.346,-4.0,-1.001,-3.002,1.973,-0.57,2.988,-2.0,-0.046,-0.023,-1.015,-1.0,1.038,-0.244,-0.675,-4.0,-2.001,3.923,-3.003,-2.017,3.922,0.002,6.372,-2.004,2.606,0.0,-0.068,-2.0,1.429,-3.042,-0.023,2.243,-0.019,0.973,4.666,-1.283,-4.999,-0.022,3.429,-1.298,0.033,0.147,1.978,0.011,-1.055,0.0,0.0,0.0,0.0,0.0,0.0,0.0,0.0,0.0,0.0
GoldS210,XAUUSDc,190,-9.0568,-54.341,1,-0.6826,0.0,481,19.7505,1,5,0,0.015,1.7,2.0,0.0,0.5,15,1,-68.57,17,0,1,10,0.5,0.0,0.0,0.0,0.0,0.0,1.972,8.905,-3.0,-1.01,-4.0,-4.999,3.96,-0.01,-3.0,0.214,-4.003,-3.0,-4.0,-3.0,-3.0,10.229,0.948,-2.025,-6.0,3.205,1.578,6.104,-3.0,2.738,-5.0,-4.0,-4.0,-1.014,-0.601,9.777,-5.0,-5.999,-1.761,3.835,0.97,-3.0,0.016,-0.746,-3.0,-3.0,-3.0,-4.0,2.27,-0.939,-2.014,6.549,-1.004,-6.0,-1.014,-1.0,-0.166,-4.0,-0.391,3.164,0.947,5.122,-2.001,-4.0,-0.062,-4.0,-3.023,-0.632,-4.0,0.991,-6.0,1.571,0.091,-2.999,5.09,-3.0,-4.0,-3.999,-0.002,-2.005,-4.0,9.954,0.155,9.373,-0.009,6.669,1.321,-1.0,-1.156,-5.0,13.174,-4.0,0.225,-3.021,-1.289,-5.0,-2.062,-2.0,-5.0,-4.0,2.995,0.0,-0.11,-2.0,-2.0,-2.076,0.953,0.862,-0.793,-2.0,15.446,-6.0,-5.0,3.1,4.08,-4.0,5.615,-6.0,8.436,-3.0,-2.01,0.0,0.0,0.0,0.0,0.0,0.0,0.0,0.0,0.0,0.0
GoldS210,XAUUSDc,229,-10.799,-32.397,2,-0.5373,0.0,458,22.9258,1,5,0,0.015,1.4,2.0,0.0,0.5,15,1,-45.279,15,0,1,20,0.5,0.0,0.0,0.0,0.0,0.0,1.972,6.415,-3.0,-1.01,-0.992,-5.0,7.734,-0.01,-3.0,0.011,-4.003,-2.0,0.43,-3.0,-3.0,8.882,7.599,4.058,-2.567,3.045,1.224,-0.009,-3.0,0.254,-5.0,-4.0,-4.0,-0.014,-0.984,0.299,-4.0,-5.0,0.57,5.243,0.97,-3.0,6.318,0.01,-2.0,-2.0,-4.0,-4.0,2.823,-2.351,-2.014,2.302,-1.004,-5.999,-1.014,-1.0,-5.008,-3.999,-5.0,2.141,0.947,4.254,-2.001,-4.0,-0.061,-4.0,2.893,-0.947,2.323,0.991,-0.646,1.092,0.004,-1.999,5.308,-3.0,-4.0,-4.0,-0.002,-2.005,3.847,6.258,0.016,3.795,-0.009,5.134,0.158,-1.0,-1.964,1.14,8.989,-4.0,1.405,-3.021,1.145,-5.0,-2.063,-3.0,-4.0,-1.676,2.243,0.0,-0.11,-2.0,-2.0,-2.076,0.953,1.009,-1.0,-2.0,9.361,-5.999,-4.999,2.078,6.013,-4.0,4.916,-4.999,10.596,-3.0,-1.01,0.0,0.0,0.0,0.0,0.0,0.0,0.0,0.0,0.0,0.0
GoldS210,XAUUSDc,138,-36.567,-73.134,3,-0.6522,0.0,450,11.1111,1,5,0,0.015,1.7,3.0,0.0,0.5,15,1,-100.53,20,0,1,15,0.25,0.0,0.0,0.0,0.0,0.0,0.0,2.824,-3.0,-4.0,-4.0,-5.0,-0.001,0.987,-3.0,-3.0,-3.004,-2.0,-4.0,-3.0,-3.0,-5.0,12.171,7.398,2.073,17.797,0.34,-5.0,5.258,24.396,-4.999,-4.0,-4.0,-2.0,-5.0,-1.016,-4.0,-4.999,-0.104,9.447,0.307,-3.0,4.241,1.354,-2.0,-2.0,-4.0,-4.0,1.639,3.422,-5.0,-6.0,-5.0,-5.999,-4.0,-1.0,11.688,-4.0,-5.0,-3.999,1.938,9.567,-1.83,-3.0,-2.0,0.315,-5.0,3.966,-2.0,4.358,11.552,2.97,-2.999,-1.999,20.054,-3.0,-4.0,-4.0,0.997,-1.007,-3.999,-4.0,-3.0,-4.0,-3.0,2.158,1.759,-1.0,-0.555,-3.999,-0.011,-4.0,-4.0,-6.0,-0.213,-5.0,10.022,-2.0,-4.0,-0.789,-0.869,0.0,2.823,-2.0,-3.0,-4.0,2.162,-1.071,-4.0,-2.0,-3.0,-5.999,-5.0,-4.0,-0.338,-3.999,-4.0,-6.0,1.92,-5.0,11.761,0.0,0.0,0.0,0.0,0.0,0.0,0.0,0.0,0.0,0.0
GoldS210,XAUUSDc,158,57.1333,85.7,4,1.7934,80.66,436,13.9908,1,5,0,0.015,1.7,3.0,0.0,0.5,15,1,16.577,22,0,1,20,0.25,0.0,0.0,0.0,0.0,0.0,0.0,20.638,-3.0,-4.0,-4.0,-5.0,0.0,0.986,-3.0,-3.0,-3.004,-2.0,3.649,-3.0,-3.0,-4.0,13.19,5.377,4.081,7.672,-0.324,-4.0,3.995,16.491,-5.0,-4.0,-4.0,-2.0,2.256,-2.016,-4.0,-5.0,2.163,14.139,0.003,-3.0,21.994,1.021,-2.0,-2.0,-4.0,-4.0,2.88,0.343,-5.0,-5.0,-4.0,-5.998,-4.0,-1.0,-4.011,-3.999,-5.0,22.286,1.938,11.804,-0.965,-4.0,-1.999,0.228,1.139,1.314,-3.0,16.497,14.092,2.895,1.848,-0.999,16.585,-3.0,-4.0,-4.0,0.997,-1.007,-3.0,-4.0,-3.0,14.283,-3.0,0.874,1.384,-1.0,0.071,-3.999,5.045,-4.0,-4.0,-6.0,-4.0,-5.0,6.489,-3.0,-4.0,-0.453,0.204,0.0,3.002,-2.0,-2.0,-4.0,2.123,-1.073,-4.0,-2.0,66.123,-5.999,-4.999,1.255,1.378,-4.0,-4.0,-5.0,0.862,-4.0,4.951,0.0,0.0,0.0,0.0,0.0,0.0,0.0,0.0,0.0,0.0
GoldS210,XAUUSDc,272,-7.5835,-45.501,1,-0.7961,0.0,447,16.5548,1,5,0,0.015,1.1,2.5,0.0,0.5,15,1,-58.228,22,0,1,10,0.75,0.0,0.0,0.0,0.0,0.0,-1.0,8.3,-3.0,-4.0,-4.0,-5.0,-0.501,0.489,-3.0,0.809,-2.503,-2.0,-3.0,-3.0,-3.0,-3.0,0.843,-4.0,0.353,3.936,2.932,3.343,3.629,4.041,-5.0,-4.0,-4.0,0.483,0.68,-1.513,-5.0,-6.0,-1.143,2.8,-0.2,-3.0,1.488,-0.123,-3.0,-3.0,-3.0,-4.0,7.535,-0.054,-5.0,23.088,-4.0,-6.0,-0.486,-1.0,2.341,-4.0,1.778,6.847,0.442,7.552,-1.501,-3.0,-2.0,-0.484,-1.529,0.112,-2.0,-3.0,2.816,2.988,2.408,-3.0,6.921,-3.0,0.0,-5.0,0.498,-1.506,-4.0,-3.0,1.768,6.204,-3.0,1.863,2.701,-1.0,-0.317,-5.0,14.72,-4.0,1.356,-1.526,-0.492,-5.0,0.784,-2.0,-3.0,0.284,-0.228,0.0,0.852,-2.0,-2.0,-1.593,1.484,-2.561,1.701,-2.0,9.097,-5.999,-4.999,1.374,2.635,-4.0,-3.0,1.387,-0.457,-3.0,1.552,0.0,0.0,0.0,0.0,0.0,0.0,0.0,0.0,0.0,0.0
GoldS210,XAUUSDc,276,-10.493,-31.479,2,-0.5894,0.0,439,12.9841,1,5,0,0.015,1.1,3.0,0.0,0.5,15,1,-50.153,31,0,1,10,0.75,0.0,0.0,0.0,0.0,0.0,-1.0,13.462,-3.0,-4.0,-4.0,-5.0,-0.001,0.987,-3.0,-3.0,-2.004,-2.0,-3.0,-3.0,-3.0,-3.0,2.082,-4.0,1.682,6.122,1.186,-5.0,5.142,10.674,-5.0,-4.0,-4.0,-2.0,2.482,-1.016,-5.0,-6.0,-0.276,3.878,0.509,-3.0,3.646,0.501,-3.0,-3.0,-3.0,-4.0,3.993,3.495,-5.0,8.968,-4.0,-6.0,0.031,-1.0,7.219,-4.0,2.946,11.704,0.938,10.58,-0.228,-3.0,-2.0,0.385,-5.0,4.61,-2.0,-3.0,-6.0,4.846,-3.0,-3.0,7.803,-3.0,0.0,-5.0,0.997,-1.007,-4.0,-3.0,5.028,10.972,-3.0,3.772,4.082,-1.0,1.523,-5.0,7.545,-4.0,2.487,-5.0,0.305,-5.0,5.722,-2.0,-3.0,1.226,0.424,0.0,-2.134,-2.0,-2.0,-4.0,11.112,-2.073,3.617,-2.0,16.674,-5.999,-4.999,-4.0,-4.0,-4.0,-3.0,-5.0,0.053,-3.0,3.848,0.0,0.0,0.0,0.0,0.0,0.0,0.0,0.0,0.0,0.0
GoldS210,XAUUSDc,209,-22.0825,-44.165,3,-0.6685,0.0,467,21.6274,1,5,0,0.015,1.4,2.0,0.0,0.5,15,1,-57.335,13,0,1,15,0.5,0.0,0.0,0.0,0.0,0.0,1.972,6.582,-3.0,-1.01,-0.992,-5.0,7.998,-0.01,-3.0,0.011,-4.003,-2.0,0.249,-3.0,-3.0,9.17,0.85,4.026,-6.0,3.533,1.561,0.676,-3.0,0.456,-5.0,-4.0,-4.0,-0.014,-5.0,8.574,-4.0,-5.0,-1.56,3.189,0.971,-3.0,-0.013,0.179,-2.0,-2.0,-4.0,-4.0,1.821,-1.698,-2.014,5.609,-1.004,-6.0,-1.014,-1.0,0.164,-4.0,-5.0,-4.0,0.947,4.074,-3.001,-3.0,-0.062,-4.0,-3.023,-0.702,7.833,0.991,5.015,1.038,0.014,-1.999,5.381,-2.999,-4.0,-4.0,-0.002,-2.005,4.277,7.725,0.103,4.014,-0.009,4.734,0.27,-1.0,-1.751,-0.027,6.967,-4.0,1.489,-3.021,-1.572,-5.0,-2.063,-2.0,-3.999,-1.88,1.934,0.0,-0.11,-2.0,-3.0,-2.076,0.953,1.389,-1.0,-2.0,11.07,-6.0,-5.0,2.054,5.84,-4.0,6.348,-6.0,7.427,-3.0,-1.01,0.0,0.0,0.0,0.0,0.0,0.0,0.0,0.0,0.0,0.0
GoldS210,XAUUSDc,127,-0.5465,-1.093,3,-0.0293,0.0,483,29.6066,1,5,0,0.015,2.0,1.5,0.0,0.5,15,1,-11.798,13,0,1,15,0.25,0.0,0.0,0.0,0.0,0.0,1.479,-2.321,-3.0,-1.508,-1.495,-5.0,7.229,-0.506,-3.0,-0.495,-4.502,3.789,-1.363,-3.0,-3.0,-3.487,1.183,3.372,-3.275,2.006,1.819,-2.144,-3.0,-1.553,-4.999,-4.0,-4.0,-0.51,2.83,3.471,5.707,-2.455,4.627,2.829,8.041,-3.0,-0.515,-0.408,-2.0,3.473,-4.0,-4.0,10.818,-0.611,-2.51,13.689,-1.503,-2.829,-1.511,-1.0,-3.014,-1.479,-5.0,-3.999,0.486,5.052,-1.007,-3.0,3.794,-4.0,2.535,0.072,2.147,0.493,0.919,4.812,9.465,-0.063,4.444,9.021,-4.0,-4.0,-0.501,-2.503,3.883,2.402,2.595,2.8,0.944,-0.954,-0.511,-1.0,-3.349,2.61,2.618,-4.0,-4.0,-0.359,-2.252,-2.502,-0.068,-2.0,0.59,-4.0,0.24,0.0,1.399,-2.0,-3.0,-2.559,0.465,0.257,-1.526,-0.539,11.74,-3.35,-5.0,0.998,5.879,1.347,2.079,-6.0,5.002,-4.0,-0.508,0.0,0.0,0.0,0.0,0.0,0.0,0.0,0.0,0.0,0.0
GoldS210,XAUUSDc,314,-6.8007,-20.402,2,-0.586,0.0,426,19.0141,1,5,0,0.015,1.7,2.5,0.0,0.5,15,1,-34.52,19,0,1,20,0.75,0.0,0.0,0.0,0.0,0.0,0.0,10.894,-3.0,-4.0,-0.488,-5.0,-0.501,0.489,-3.0,0.517,-2.503,-2.0,-1.999,-3.0,-3.0,-3.0,8.525,3.722,2.501,4.684,2.352,-4.0,3.651,2.121,-5.0,-4.0,-4.0,0.483,0.637,-1.513,-4.0,-5.0,1.353,5.302,-0.502,-3.0,8.448,0.515,-2.0,-2.0,-3.0,-4.0,6.315,-1.698,-5.0,23.356,-4.0,-6.0,-4.0,-1.0,-4.51,-3.999,-5.0,6.063,0.442,6.36,-1.501,-3.0,-1.999,-0.519,0.27,-0.406,-2.0,3.279,9.085,1.898,1.531,-1.999,6.859,-3.0,0.0,-5.0,0.498,-1.506,-3.0,-3.0,1.064,4.249,-3.0,-0.179,0.77,-1.0,-1.447,1.561,12.399,-4.0,0.865,-1.526,2.136,-5.0,0.111,-2.0,-3.0,-1.065,-0.375,0.0,6.911,-2.0,-2.0,-1.593,1.548,-1.56,1.419,-2.0,5.247,-5.999,-4.0,3.446,6.39,-4.0,-4.0,-5.0,0.197,-3.0,2.522,0.0,0.0,0.0,0.0,0.0,0.0,0.0,0.0,0.0,0.0
GoldS210,XAUUSDc,296,-14.81,-29.62,3,-0.5755,0.0,427,14.0515,1,5,0,0.015,1.1,3.0,0.0,0.5,15,1,-44.204,29,0,1,15,0.75,0.0,0.0,0.0,0.0,0.0,0.0,14.95,-3.0,-4.0,-4.0,-5.0,-0.001,0.986,-3.0,-3.0,-2.004,-2.0,-2.0,-3.0,-3.0,-3.0,1.961,7.398,8.665,6.874,0.321,-5.0,5.157,7.679,-5.0,-4.0,-4.0,-2.0,-5.0,-1.016,-4.0,-5.0,-0.112,3.726,0.306,-3.0,3.56,1.354,-2.0,-2.0,-3.0,-4.0,2.639,2.716,-5.0,9.968,-5.0,-6.0,-4.0,-1.0,7.58,-4.0,-5.0,-3.0,0.938,9.354,-0.83,-3.0,-2.0,0.315,-5.0,3.161,-2.0,4.317,8.088,2.97,-3.0,-1.999,10.942,-2.999,0.0,-5.0,0.997,-1.007,-3.999,-3.0,4.814,7.163,-3.0,2.158,1.759,-1.0,0.445,-3.999,8.077,-4.0,2.235,-5.0,-0.213,-5.0,5.614,-2.0,-3.0,-0.789,0.132,0.0,2.823,-2.0,-2.0,-4.0,9.598,-1.072,3.237,-2.0,12.584,-6.0,-4.999,-3.999,0.661,-4.0,-3.999,-5.0,1.92,-4.0,4.275,0.0,0.0,0.0,0.0,0.0,0.0,0.0,0.0,0.0,0.0
GoldS210,XAUUSDc,159,58.2927,87.439,4,1.8298,79.05,436,13.9908,1,5,0,0.015,2.0,3.0,0.0,0.5,15,1,18.316,22,0,1,20,0.25,0.0,0.0,0.0,0.0,0.0,0.0,20.762,-3.0,-4.0,-4.0,-5.0,-0.001,0.986,-3.0,-3.0,-3.004,-2.0,3.661,-3.0,-3.0,-4.0,13.19,5.411,4.081,7.672,-0.319,-4.0,3.995,16.491,-5.0,-4.0,-4.0,-2.0,2.256,-2.016,-4.0,-4.999,2.164,14.138,0.003,-3.0,22.66,1.021,-2.0,-2.0,-4.0,-4.0,2.88,0.343,-5.0,-5.0,-4.0,-5.998,-4.0,-1.0,-4.011,-3.999,-5.0,22.371,1.938,11.804,-0.965,-4.0,-1.999,0.228,1.139,1.314,-3.0,16.539,14.3,2.895,1.848,-0.999,16.604,-3.0,-4.0,-4.0,0.997,-1.007,-3.0,-4.0,-3.0,14.827,-3.0,0.874,1.384,-1.0,0.071,-4.0,5.045,-4.0,-4.0,-6.0,-4.0,-5.0,6.489,-3.0,-4.0,-0.453,0.204,0.0,3.002,-2.0,-2.0,-4.0,2.123,-1.073,-4.0,-2.0,66.123,-5.999,-4.999,1.255,1.378,-4.0,-4.0,-5.0,0.862,-3.999,4.951,0.0,0.0,0.0,0.0,0.0,0.0,0.0,0.0,0.0,0.0
GoldS210,XAUUSDc,239,25.6183,30.742,5,0.6433,83.28,433,14.7806,1,5,0,0.015,2.0,3.0,0.0,0.5,15,1,5.14,25,0,1,20,0.5,0.0,0.0,0.0,0.0,0.0,0.0,19.553,-3.0,-4.0,-4.0,-5.0,-0.001,0.986,-3.0,-3.0,-3.004,-2.0,4.661,-3.0,-3.0,-3.0,5.528,5.411,4.081,7.672,-0.319,-4.0,3.995,12.985,-5.0,-4.0,-4.0,-2.0,2.256,-2.016,-4.0,-5.0,2.163,9.612,0.003,-3.0,22.041,1.021,-2.0,-2.0,-4.0,-4.0,2.88,0.343,-5.0,-5.0,-4.0,-5.999,-4.0,-1.0,-4.011,-3.999,-5.0,14.654,1.938,9.61,-0.965,-4.0,-1.999,0.228,1.139,1.314,-2.0,7.397,12.098,2.895,2.848,-1.999,13.872,-2.999,-4.0,-4.0,0.997,-1.007,-3.0,-3.0,-3.0,11.964,-3.0,0.874,1.384,-1.0,0.071,-4.0,5.045,-4.0,3.754,-6.0,6.561,-5.0,6.489,-3.0,-4.0,-0.453,0.204,0.0,3.002,-2.0,-2.0,-4.0,11.005,-1.072,-4.0,-2.0,22.602,-5.999,-4.999,1.255,1.378,-4.0,-4.0,-5.0,0.862,-2.999,3.951,0.0,0.0,0.0,0.0,0.0,0.0,0.0,0.0,0.0,0.0
GoldS210,XAUUSDc,251,-26.5063,-79.519,2,-0.8258,0.0,471,19.3206,1,5,0,0.015,2.0,2.0,0.0,0.5,15,1,-89.269,13,0,1,5,0.75,0.0,0.0,0.0,0.0,0.0,1.972,5.201,-4.0,-0.01,-4.0,-5.0,6.624,-0.01,-3.0,0.448,-3.003,-2.0,-2.999,-4.0,-3.0,3.335,-0.167,-4.0,-0.564,2.005,-2.015,-2.063,2.138,0.478,-5.0,-4.0,-4.0,-0.014,-5.0,9.422,-5.0,-6.0,-0.338,1.723,0.97,-3.0,-3.0,-4.0,-3.0,-3.0,-3.0,-4.0,5.023,3.849,-2.014,1.913,-1.004,-6.0,-1.014,-1.0,-5.008,-4.0,-0.683,-3.0,-0.053,4.805,-2.001,-3.0,-0.062,-4.0,-3.023,-4.0,14.461,0.991,-0.778,2.523,1.437,-3.0,4.909,-3.0,-2.0,-4.0,-0.002,-2.005,2.175,6.75,1.001,3.603,-0.009,4.421,2.464,-1.0,-6.0,-6.0,4.554,-4.0,1.662,-2.021,-1.224,-5.0,-2.063,-2.0,-2.999,-0.659,0.974,0.0,-0.11,-2.0,-2.0,-2.076,0.953,1.747,-4.0,-2.0,10.825,-6.0,-4.999,3.73,-3.042,3.554,4.891,-5.0,8.991,-2.999,-2.01,0.0,0.0,0.0,0.0,0.0,0.0,0.0,0.0,0.0,0.0
GoldS210,XAUUSDc,316,4.6995,9.399,3,0.234,149.23,416,16.1058,1,5,0,0.015,1.1,3.0,0.0,0.5,15,1,-4.627,26,0,1,20,0.75,0.0,0.0,0.0,0.0,0.0,0.0,16.051,-3.0,-4.0,-4.0,-5.0,-0.001,0.987,-3.0,-3.0,-2.004,-2.0,-2.0,-3.0,-3.0,-3.0,2.963,5.332,4.078,6.814,-0.348,-4.0,5.183,7.782,-5.0,-4.0,-4.0,-2.0,2.256,-1.016,-4.0,-5.0,2.163,6.949,0.003,-3.0,15.889,1.021,-2.0,-2.0,-3.0,-4.0,2.88,0.343,-5.0,9.563,-4.0,-6.0,-4.0,-1.0,-4.011,-3.999,-5.0,8.932,0.938,8.242,-0.965,-3.0,-1.999,0.228,1.139,1.314,-2.0,4.773,7.064,2.895,2.835,-1.999,10.522,-3.0,0.0,-5.0,0.997,-1.007,-3.0,-3.0,4.454,6.983,-3.0,0.874,1.384,-1.0,0.071,-3.999,6.045,-4.0,1.675,-5.0,3.948,-5.0,4.587,-2.0,-3.0,-0.453,0.204,0.0,10.428,-2.0,-2.0,-4.0,9.267,-1.072,3.237,-2.0,11.026,-5.999,-4.0,1.255,1.379,-4.0,-4.0,-5.0,0.862,-3.0,4.456,0.0,0.0,0.0,0.0,0.0,0.0,0.0,0.0,0.0,0.0
GoldS210,XAUUSDc,287,-4.821,-28.926,1,-0.5786,0.0,469,31.9829,1,5,0,0.015,2.0,1.5,0.0,0.5,15,1,-33.397,0,0,1,15,0.75,0.0,0.0,0.0,0.0,0.0,1.479,0.957,-3.0,-1.508,-1.495,-5.0,3.414,-0.507,-3.0,-0.495,-3.502,1.69,-1.999,-3.0,-3.0,-0.33,-1.697,3.032,0.18,-1.404,1.819,-4.0,0.595,-2.138,-5.0,-4.0,-4.0,-0.51,1.313,3.301,0.31,-2.456,3.855,0.57,3.718,-3.0,-0.515,-0.408,-2.0,1.775,-3.0,-4.0,4.663,3.264,-2.51,7.13,-1.503,-2.83,-1.511,-1.0,-3.014,-1.479,-5.0,-3.0,-0.514,4.521,-2.501,-3.0,3.794,-4.0,2.217,0.072,2.076,0.493,0.412,4.812,3.727,-0.063,4.444,3.986,-2.0,-4.0,-0.501,-2.503,2.138,0.151,2.595,1.486,0.944,-0.954,-0.511,-1.0,-2.349,4.044,1.069,-4.0,-0.621,0.641,-2.252,-2.502,-0.068,-2.0,7.061,-4.0,4.993,0.0,1.399,-2.0,-2.0,-2.559,0.465,0.256,-1.526,-0.539,8.816,-3.35,-4.999,0.998,-0.041,-0.192,2.079,-2.166,5.002,-3.0,1.84,0.0,0.0,0.0,0.0,0.0,0.0,0.0,0.0,0.0,0.0
GoldS210,XAUUSDc,136,-36.7115,-73.423,3,-0.6532,0.0,450,11.1111,1,5,0,0.015,1.1,3.0,0.0,0.5,15,1,-100.819,20,0,1,15,0.25,0.0,0.0,0.0,0.0,0.0,0.0,2.824,-3.0,-4.0,-4.0,-5.0,-0.001,0.987,-3.0,-3.0,-3.004,-2.0,-4.0,-3.0,-3.0,-5.0,12.171,7.398,2.073,17.797,0.321,-5.0,5.258,24.396,-4.999,-4.0,-4.0,-1.999,-5.0,-1.016,-4.0,-4.998,-0.112,9.447,0.307,-3.0,4.241,1.354,-2.0,-2.0,-4.0,-4.0,1.639,3.422,-5.0,-6.0,-5.0,-5.999,-4.0,-1.0,11.624,-4.0,-5.0,-3.999,1.938,9.567,-1.83,-3.0,-2.0,0.315,-5.0,3.966,-2.0,4.317,11.415,2.97,-2.999,-1.999,20.031,-2.999,-4.0,-4.0,0.997,-1.007,-3.999,-4.0,-3.0,-4.0,-3.0,2.158,1.759,-1.0,-0.555,-3.999,-0.011,-4.0,-4.0,-6.0,-0.213,-5.0,10.022,-2.0,-4.0,-0.789,-0.869,0.0,2.823,-2.0,-3.0,-4.0,2.162,-1.071,-4.0,-2.0,-3.0,-5.999,-5.0,-4.0,-0.338,-3.999,-4.0,-6.0,1.92,-5.0,11.761,0.0,0.0,0.0,0.0,0.0,0.0,0.0,0.0,0.0,0.0
GoldS210,XAUUSDc,237,23.7008,28.441,5,0.5952,90.02,433,14.7806,1,5,0,0.015,1.4,3.0,0.0,0.5,15,1,2.839,25,0,1,20,0.5,0.0,0.0,0.0,0.0,0.0,0.0,19.389,-3.0,-4.0,-4.0,-5.0,-0.001,0.986,-3.0,-3.0,-3.004,-2.0,4.649,-3.0,-3.0,-3.0,5.528,5.343,4.079,7.672,-0.328,-4.0,3.995,12.985,-5.0,-4.0,-4.0,-2.0,2.256,-2.016,-4.0,-5.0,2.163,9.613,0.003,-3.0,21.063,1.021,-2.0,-2.0,-4.0,-4.0,2.88,0.343,-5.0,-5.0,-4.0,-5.999,-4.0,-1.0,-4.011,-3.999,-5.0,14.526,1.938,9.61,-0.965,-4.0,-1.999,0.228,1.139,1.314,-2.0,7.335,11.837,2.895,2.835,-1.999,13.872,-3.0,-4.0,-4.0,0.997,-1.007,-3.0,-3.0,-3.0,11.385,-3.0,0.874,1.384,-1.0,0.071,-4.0,5.045,-4.0,3.729,-6.0,6.561,-5.0,6.489,-3.0,-4.0,-0.453,0.204,0.0,3.002,-2.0,-2.0,-4.0,11.005,-1.072,-4.0,-2.0,22.602,-5.999,-4.999,1.255,1.378,-4.0,-4.0,-4.999,0.862,-3.0,3.951,0.0,0.0,0.0,0.0,0.0,0.0,0.0,0.0,0.0,0.0
GoldS210,XAUUSDc,73,-5.294,-15.882,2,-0.3747,0.0,444,17.3423,1,5,0,0.015,1.4,2.5,0.0,0.5,15,1,-35.315,17,0,1,20,0.0,0.0,0.0,0.0,0.0,0.0,0.0,14.098,-3.0,-4.0,-0.488,-5.0,-0.501,0.488,-3.0,0.517,-3.502,-2.0,2.052,-3.0,-3.0,-4.0,3.62,3.71,2.499,5.358,2.352,6.027,-3.0,5.869,-5.0,-4.0,-4.0,0.483,0.637,-2.513,-4.0,-5.0,1.353,11.039,-0.501,-3.0,9.379,0.515,-2.0,-2.0,-3.998,-4.0,6.315,-1.698,-5.0,-2.464,-4.0,-5.999,-4.0,-1.0,4.061,-3.999,-5.0,14.933,1.442,9.067,-1.501,-4.0,-1.999,-0.519,0.27,-0.406,-3.0,-2.0,4.489,1.898,1.522,-1.999,10.896,-3.0,-4.0,-4.0,0.498,-1.506,-3.0,-4.0,1.064,9.429,-3.0,-0.179,0.77,-1.0,-1.447,2.973,19.655,-4.0,-0.025,-2.526,0.748,-5.0,0.78,-2.0,-4.0,-1.065,-0.375,0.0,0.852,-2.0,-2.0,-1.593,1.548,-1.561,-4.0,-2.0,16.433,-5.999,-4.999,3.446,6.39,-4.0,-4.0,-4.999,0.197,-4.0,2.807,0.0,0.0,0.0,0.0,0.0,0.0,0.0,0.0,0.0,0.0
GoldS210,XAUUSDc,192,-9.496,-56.976,1,-0.667,0.0,466,14.3777,1,5,0,0.015,1.1,2.5,0.0,0.5,15,1,-76.547,21,0,1,10,0.5,0.0,0.0,0.0,0.0,0.0,-1.0,15.301,-3.0,-4.0,-4.0,-4.999,-0.5,0.488,-3.0,0.809,-3.503,-3.0,-4.0,-3.0,-3.0,-3.0,2.807,-4.0,-0.708,5.934,2.932,9.747,-3.0,10.252,-5.0,-4.0,-4.0,-0.517,1.971,-1.513,-5.0,-5.999,-1.141,5.592,-0.201,-3.0,2.111,-0.123,-3.0,-3.0,-3.0,-4.0,7.865,1.621,-5.0,-1.635,-4.0,-6.0,-0.486,-1.0,-4.51,-4.0,1.778,-4.0,1.442,8.476,-1.501,-4.0,-2.0,-0.484,-1.529,0.112,-4.0,-2.0,-6.0,2.988,2.835,-2.999,9.178,-3.0,-4.0,-3.999,0.498,-1.506,-4.0,-3.0,2.456,15.715,-3.0,2.783,2.701,-1.0,-0.317,-5.0,25.549,-4.0,1.356,-2.526,-0.492,-5.0,2.757,-2.0,-5.0,-4.0,-1.228,0.0,0.852,-2.0,-2.0,-1.593,1.484,-2.56,-4.0,-2.0,15.584,-6.0,-5.0,1.374,3.689,-4.0,-3.0,2.783,-0.457,-3.0,4.23,0.0,0.0,0.0,0.0,0.0,0.0,0.0,0.0,0.0,0.0
GoldS210,XAUUSDc,153,-4.6813,-14.044,2,-0.2811,0.0,445,16.8539,1,5,0,0.015,1.4,2.5,0.0,0.5,15,1,-33.477,17,0,1,20,0.25,0.0,0.0,0.0,0.0,0.0,0.0,14.098,-3.0,-4.0,-0.488,-5.0,-0.5,0.488,-3.0,0.517,-3.503,-2.0,2.052,-3.0,-3.0,-4.0,17.143,3.71,2.499,5.358,2.352,-1.493,-3.0,5.869,-5.0,-4.0,-4.0,0.483,0.637,-2.513,-4.0,-5.0,1.353,11.039,-0.501,-3.0,9.379,0.515,-2.0,-2.0,-4.0,-4.0,6.315,-1.698,-5.0,-2.464,-4.0,-5.998,-4.0,-1.0,-4.51,-3.999,-5.0,14.933,1.442,9.067,-1.501,-4.0,-1.999,-0.519,0.27,-0.406,-3.0,12.13,4.489,1.898,0.522,-0.999,10.896,-3.0,-4.0,-4.0,0.498,-1.506,-3.0,-4.0,1.064,9.429,-3.0,-0.179,0.77,-1.0,-1.447,2.973,19.655,-4.0,-4.0,-2.526,-4.0,-5.0,0.78,-3.0,-4.0,-1.065,-0.375,0.0,0.852,-2.0,-2.0,-1.593,1.548,-1.561,-4.0,-2.0,16.433,-5.999,-4.999,3.446,6.39,-4.0,-4.0,-4.999,0.197,-4.0,2.807,0.0,0.0,0.0,0.0,0.0,0.0,0.0,0.0,0.0,0.0
GoldS210,XAUUSDc,112,-0.0,-149.479,0,-0.9318,0.0,475,12.2105,1,5,0,0.015,1.1,2.5,0.0,0.5,15,1,-164.157,14,0,1,10,0.25,0.0,0.0,0.0,0.0,0.0,-1.0,-0.888,-2.999,-4.0,-4.0,-4.999,-0.501,0.489,-3.0,0.809,-3.503,-3.0,-5.0,-3.0,-3.0,8.78,8.725,-4.0,-0.708,11.679,2.932,-1.754,-3.0,-5.0,-5.0,-4.0,-4.0,-1.517,1.971,-1.513,-5.0,-6.0,-1.142,-3.0,-0.201,-3.0,-3.0,-0.123,-3.0,-3.0,-3.0,-4.0,11.165,2.779,-5.0,-2.635,-4.0,-6.0,-0.486,-1.0,-4.51,-4.0,1.778,-5.0,1.442,14.201,-1.501,-4.0,-2.0,-0.484,-1.529,0.112,-4.0,-2.0,-6.0,2.988,2.835,-3.0,11.506,-2.999,-4.0,-4.0,0.498,-1.506,-4.0,-4.0,-3.0,-4.0,-3.0,2.783,2.701,-1.0,-1.317,-4.0,4.978,-4.0,1.356,-2.526,-0.492,-5.0,6.029,-2.0,-4.999,-4.0,-1.228,0.0,0.852,-2.0,-2.0,-1.593,1.484,-2.561,-4.0,-2.0,-4.0,-6.0,-5.0,1.374,4.005,-4.0,-4.0,-6.0,-0.457,-4.0,9.941,0.0,0.0,0.0,0.0,0.0,0.0,0.0,0.0,0.0,0.0
GoldS210,XAUUSDc,132,-15.1327,-45.398,2,-0.6796,0.0,458,14.6288,1,5,0,0.015,1.1,2.5,0.0,0.5,15,1,-79.837,19,0,1,15,0.25,0.0,0.0,0.0,0.0,0.0,0.0,1.522,-3.0,-4.0,-0.488,-5.0,-0.501,0.489,-3.0,0.517,-3.503,-2.0,-4.0,-3.0,-3.0,3.905,8.508,4.485,0.262,12.851,2.823,-1.666,-3.0,12.069,-4.999,-4.0,-4.0,0.483,-5.0,-1.513,-4.0,-4.998,-0.84,7.241,-0.32,-3.0,1.681,0.767,-2.0,-2.0,-4.0,-4.0,9.02,0.005,-5.0,-3.142,-4.0,-5.999,-4.0,-1.0,3.766,-4.0,-5.0,-3.999,1.442,7.091,-2.501,-3.0,-2.0,-0.5,-1.529,-0.004,-2.0,2.935,2.803,1.882,2.935,-1.999,12.898,-2.999,-4.0,-4.0,0.498,-1.506,-3.999,-4.0,2.475,-4.0,-3.0,0.259,1.014,-1.0,-2.153,3.358,33.93,-4.0,-4.0,-2.526,-0.892,-5.0,2.25,-2.0,-4.0,-1.334,-1.424,0.0,0.852,-2.0,-3.0,-1.593,1.57,-1.559,-4.0,-2.0,23.658,-5.999,-5.0,-0.353,5.09,-3.999,-4.0,-6.0,1.243,-5.0,6.862,0.0,0.0,0.0,0.0,0.0,0.0,0.0,0.0,0.0,0.0
GoldS210,XAUUSDc,172,-17.5285,-105.171,1,-0.8328,0.0,478,10.6695,1,5,0,0.015,1.1,2.5,0.0,0.5,15,1,-130.108,23,0,1,5,0.5,0.0,0.0,0.0,0.0,0.0,-1.0,15.883,-3.999,-3.0,-4.0,-5.0,-0.501,0.488,-3.0,1.146,-3.503,-3.0,-4.0,-4.0,-3.0,-3.0,3.535,-5.0,-5.999,8.172,-1.519,-1.636,-3.0,10.72,-5.0,-4.0,-4.0,-0.517,-5.0,-2.513,-7.0,-4.999,1.64,5.592,-1.524,-3.0,-3.0,-4.0,-3.0,-3.0,-3.0,-4.0,2.664,2.839,-5.0,-0.727,-4.0,-5.999,-4.0,-1.0,-4.51,-4.0,1.406,-4.0,1.442,10.712,-2.501,-3.0,-2.0,-5.0,-1.529,-4.0,14.057,-2.0,-6.0,8.332,3.682,-2.999,0.472,-3.0,-4.0,-3.999,0.498,-1.506,-4.0,-3.0,4.323,16.806,-3.0,6.139,7.321,-1.0,-6.0,-6.0,20.422,-4.0,3.523,-2.526,-0.4,-5.0,2.826,-2.0,-5.0,-4.0,-5.0,0.0,0.852,-2.0,-3.0,-1.593,2.362,-2.56,-4.0,-2.0,21.937,-6.0,-5.0,4.367,-6.0,-3.0,-4.0,-6.0,-4.0,-3.0,4.23,0.0,0.0,0.0,0.0,0.0,0.0,0.0,0.0,0.0,0.0
GoldS210,XAUUSDc,216,-9.2847,-27.854,2,-0.4741,0.0,444,12.3874,1,5,0,0.015,1.1,3.0,0.0,0.5,15,1,-56.585,25,0,1,15,0.5,0.0,0.0,0.0,0.0,0.0,0.0,21.376,-3.0,-4.0,-4.0,-5.0,-0.001,0.986,-3.0,-3.0,-3.004,-2.0,-3.0,-3.0,-3.0,-3.0,4.509,7.398,2.073,9.813,0.321,-5.0,5.258,13.547,-5.0,-4.0,-4.0,-2.0,-5.0,-1.016,-4.0,-5.0,-0.112,6.351,0.307,-3.0,4.241,1.354,-2.0,-2.0,-4.0,-4.0,1.639,3.422,-5.0,-5.0,-5.0,-6.0,-4.0,-1.0,11.172,-4.0,-5.0,-4.0,1.938,9.567,-1.83,-3.0,-2.0,0.315,-5.0,3.966,-2.0,4.317,11.38,2.97,-2.999,-1.999,12.985,-3.0,-4.0,-4.0,0.997,-1.007,-3.999,-3.0,-3.0,12.44,-3.0,2.158,1.759,-1.0,0.445,-4.999,-0.011,-4.0,3.9,-6.0,-0.213,-5.0,8.807,-2.0,-3.999,-0.789,-0.869,0.0,2.823,-2.0,-3.0,-4.0,11.374,-1.071,-4.0,-2.0,26.731,-6.0,-5.0,-4.0,0.661,-4.0,-3.999,-6.0,1.92,-4.0,6.843,0.0,0.0,0.0,0.0,0.0,0.0,0.0,0.0,0.0,0.0
GoldS210,XAUUSDc,148,-4.4637,-13.391,2,-0.1894,0.0,459,22.0044,1,5,0,0.015,1.1,2.0,0.0,0.5,15,1,-48.356,19,0,1,20,0.25,0.0,0.0,0.0,0.0,0.0,1.972,7.018,-3.0,-1.01,-0.992,-5.0,9.098,-0.01,-3.0,0.011,-4.003,-2.0,-0.572,-3.0,-3.0,30.965,11.588,4.058,-2.569,3.045,1.214,-0.009,-3.0,1.253,-5.0,-4.0,-4.0,-0.014,-0.984,0.299,-4.0,-5.0,0.57,7.94,0.971,-3.0,6.283,0.01,-2.0,-2.0,-4.0,-4.0,2.823,-2.351,-2.014,2.302,-1.004,-5.998,-1.014,-1.0,-5.008,-3.999,-5.0,4.926,0.947,5.626,-2.001,-4.0,-0.061,-4.0,2.893,-0.947,-3.0,0.991,-0.156,1.092,-0.996,-0.999,6.819,-3.0,-4.0,-4.0,-0.002,-2.005,3.847,-4.0,0.016,4.826,-0.009,5.814,0.158,-1.0,-1.964,1.435,10.731,-4.0,-4.0,-3.021,-4.0,-5.0,-2.063,-3.0,-4.0,-1.676,2.243,0.0,-0.11,-2.0,-2.0,-2.076,0.953,1.009,-1.0,-2.0,13.57,-5.999,-4.999,2.078,6.013,-4.0,4.916,-4.999,10.93,-4.0,-0.01,0.0,0.0,0.0,0.0,0.0,0.0,0.0,0.0,0.0,0.0
GoldS210,XAUUSDc,299,-14.9635,-29.927,3,-0.5708,0.0,429,13.986,1,5,0,0.015,2.0,3.0,0.0,0.5,15,1,-44.794,29,0,1,15,0.75,0.0,0.0,0.0,0.0,0.0,0.0,15.293,-3.0,-4.0,-4.0,-5.0,-0.001,0.986,-3.0,-3.0,-2.004,-2.0,-1.999,-3.0,-3.0,-3.0,1.961,7.398,8.665,6.874,0.34,-5.0,5.157,7.679,-5.0,-4.0,-4.0,-2.0,-5.0,-1.016,-4.0,-5.0,-0.104,3.726,0.306,-3.0,3.56,1.354,-2.0,-2.0,-3.0,-4.0,2.639,2.716,-5.0,8.968,-5.0,-6.0,-4.0,-1.0,7.588,-4.0,-5.0,-3.0,0.938,9.354,-0.83,-3.0,-2.0,0.315,-5.0,3.161,-2.0,4.4,8.088,2.97,-3.0,-1.999,10.942,-3.0,-2.0,-4.0,0.997,-1.007,-3.999,-3.0,4.814,8.112,-3.0,2.158,1.759,-1.0,0.445,-3.999,8.077,-4.0,2.235,-5.0,-0.213,-5.0,5.614,-2.0,-2.999,-0.789,0.132,0.0,2.823,-2.0,-2.0,-4.0,9.598,-1.073,3.237,-2.0,12.867,-6.0,-4.999,-3.999,0.661,-4.0,-3.999,-5.0,1.92,-4.0,4.275,0.0,0.0,0.0,0.0,0.0,0.0,0.0,0.0,0.0,0.0
GoldS210,XAUUSDc,315,-12.1207,-36.362,2,-0.716,0.0,428,18.6916,1,5,0,0.015,2.0,2.5,0.0,0.5,15,1,-45.148,18,0,1,20,0.75,0.0,0.0,0.0,0.0,0.0,0.0,10.904,-3.0,-4.0,-0.488,-5.0,-0.501,0.489,-3.0,0.517,-2.503,-2.0,-1.999,-3.0,-3.0,-3.0,8.542,3.735,2.501,4.684,2.352,-4.0,3.651,2.121,-5.0,-4.0,-4.0,0.483,0.637,-1.513,-4.0,-5.0,1.353,5.301,-0.502,-3.0,8.873,0.515,-2.0,-2.0,-3.0,-4.0,6.315,-1.698,-5.0,7.238,-4.0,-6.0,-4.0,-1.0,-4.51,-3.999,-5.0,6.069,0.442,6.36,-1.501,-3.0,-1.999,-0.519,0.27,-0.406,-2.0,3.279,9.087,1.898,1.531,-1.999,6.859,-2.999,-2.0,-4.0,0.498,-1.506,-3.0,-3.0,1.066,4.889,-3.0,-0.179,0.77,-1.0,-1.447,1.603,12.399,-4.0,0.865,-1.526,2.136,-5.0,0.111,-2.0,-2.999,-1.065,-0.375,0.0,6.911,-2.0,-2.0,-1.593,1.548,-1.561,1.419,-2.0,5.247,-5.999,-4.0,3.446,6.39,-4.0,-4.0,-5.0,0.197,-2.999,2.522,0.0,0.0,0.0,0.0,0.0,0.0,0.0,0.0,0.0,0.0
GoldS210,XAUUSDc,310,-6.7837,-20.351,2,-0.4706,0.0,443,24.8307,1,5,0,0.015,1.7,2.0,0.0,0.5,15,1,-27.463,5,0,1,20,0.75,0.0,0.0,0.0,0.0,0.0,1.972,4.91,-3.0,-1.01,-0.992,-5.0,6.213,-0.009,-3.0,0.011,-3.003,-2.0,-1.999,-3.0,-3.0,2.793,5.628,4.058,-2.566,2.555,1.224,-2.014,2.119,-0.687,-5.0,-4.0,-4.0,-0.014,-0.984,6.881,-4.0,-5.0,0.57,3.655,0.97,-3.0,5.532,0.01,-2.0,-2.0,-3.0,-4.0,2.823,2.935,-2.014,10.444,-1.004,-6.0,-1.014,-1.0,-5.008,-3.999,-5.0,1.764,-0.053,3.774,-2.001,-3.0,-0.061,-3.999,2.893,-0.947,1.626,0.991,2.911,1.092,0.009,-1.999,4.317,-3.0,0.0,-5.0,-0.002,-2.005,2.77,4.112,0.016,1.962,-0.009,3.784,0.158,-1.0,-1.964,0.294,7.157,-4.0,0.055,-2.021,0.324,-5.0,-2.063,-2.0,-3.0,-1.676,2.243,0.0,4.582,-2.0,-2.0,-2.076,0.953,1.009,-1.0,-2.0,7.73,-5.999,-4.0,2.078,6.013,2.097,4.662,-5.0,8.172,-3.0,-0.01,0.0,0.0,0.0,0.0,0.0,0.0,0.0,0.0,0.0,0.0
GoldS210,XAUUSDc,214,-11.1935,-67.161,1,-0.7705,0.0,452,15.4867,1,5,0,0.015,1.7,2.5,0.0,0.5,15,1,-83.526,22,0,1,15,0.5,0.0,0.0,0.0,0.0,0.0,0.0,14.3,-3.0,-4.0,-0.488,-5.0,-0.501,0.488,-3.0,0.517,-3.503,-2.0,-3.0,-3.0,-3.0,-3.0,2.68,4.485,0.262,6.672,2.838,-1.666,-3.0,5.562,-5.0,-4.0,-4.0,0.483,-5.0,-1.513,-4.0,-5.0,-0.84,4.769,-0.32,-3.0,1.681,0.767,-2.0,-2.0,-4.0,-4.0,7.019,0.005,-5.0,-2.142,-4.0,-6.0,-4.0,-1.0,3.557,-4.0,-5.0,-4.0,1.442,7.091,-2.501,-3.0,-2.0,-0.5,-1.529,-0.004,-2.0,2.965,14.678,1.882,2.935,-1.999,8.3,-3.0,-4.0,-4.0,0.498,-1.506,-3.999,-3.0,2.316,7.835,-3.0,0.259,1.014,-1.0,-1.153,1.403,15.856,-4.0,2.695,-2.526,-0.892,-5.0,1.715,-2.0,-3.999,-1.334,-1.424,0.0,0.852,-2.0,-3.0,-1.593,1.57,-1.559,-4.0,-2.0,12.35,-6.0,-5.0,-0.353,5.09,-4.0,-3.999,-6.0,1.243,-4.0,3.608,0.0,0.0,0.0,0.0,0.0,0.0,0.0,0.0,0.0,0.0
GoldS210,XAUUSDc,318,4.9455,9.891,3,0.2492,141.81,416,16.1058,1,5,0,0.015,1.7,3.0,0.0,0.5,15,1,-4.135,26,0,1,20,0.75,0.0,0.0,0.0,0.0,0.0,0.0,16.051,-3.0,-4.0,-4.0,-5.0,-0.001,0.987,-3.0,-3.0,-2.004,-2.0,-1.999,-3.0,-3.0,-3.0,2.963,5.377,4.081,6.814,-0.324,-4.0,5.183,7.782,-5.0,-4.0,-4.0,-2.0,2.256,-1.016,-4.0,-5.0,2.163,6.952,0.003,-3.0,16.293,1.021,-2.0,-2.0,-3.0,-4.0,2.88,0.343,-5.0,9.563,-4.0,-6.0,-4.0,-1.0,-4.011,-3.999,-5.0,8.932,0.938,8.242,-0.965,-3.0,-1.999,0.228,1.139,1.314,-2.0,4.773,7.064,2.895,2.848,-1.999,10.522,-3.0,0.0,-5.0,0.997,-1.007,-3.0,-3.0,4.454,6.983,-3.0,0.874,1.384,-1.0,0.071,-4.0,6.045,-4.0,1.675,-5.0,3.948,-5.0,4.587,-2.0,-3.0,-0.453,0.204,0.0,10.428,-2.0,-2.0,-4.0,9.267,-1.072,3.237,-2.0,11.026,-5.999,-4.0,1.255,1.379,-4.0,-4.0,-5.0,0.862,-3.0,4.456,0.0,0.0,0.0,0.0,0.0,0.0,0.0,0.0,0.0,0.0
GoldS210,XAUUSDc,311,-8.795,-26.385,2,-0.5354,0.0,445,24.4944,1,5,0,0.015,2.0,2.0,0.0,0.5,15,1,-36.101,5,0,1,20,0.75,0.0,0.0,0.0,0.0,0.0,1.972,4.91,-3.0,-1.01,-0.992,-5.0,6.22,-0.009,-3.0,0.011,-3.003,-2.0,-1.999,-3.0,-3.0,3.305,5.64,4.058,-2.566,2.555,1.224,-2.014,2.119,-0.687,-5.0,-4.0,-4.0,-0.014,-0.984,6.902,-4.0,-5.0,0.57,3.653,0.97,-3.0,5.649,0.01,-2.0,-2.0,-3.0,-4.0,2.823,2.95,-2.014,1.737,-1.004,-6.0,-1.014,-1.0,-5.008,-3.999,-5.0,1.764,-0.053,3.774,-2.001,-3.0,-0.061,-3.999,2.893,-0.947,1.626,0.991,2.913,1.092,0.009,-1.999,4.317,-2.999,-2.0,-4.0,-0.002,-2.005,2.77,6.716,0.016,2.315,-0.009,3.784,0.158,-1.0,-1.964,0.323,7.157,-4.0,0.055,-2.021,0.324,-5.0,-2.063,-2.0,-2.999,-1.676,2.243,0.0,4.582,-2.0,-2.0,-2.076,0.953,1.009,-1.0,-2.0,7.73,-5.999,-4.0,2.078,6.013,2.097,4.662,-5.0,8.172,-2.999,-0.01,0.0,0.0,0.0,0.0,0.0,0.0,0.0,0.0,0.0,0.0
GoldS210,XAUUSDc,288,-14.7277,-44.183,2,-0.6763,0.0,451,23.2816,1,5,0,0.015,1.1,2.0,0.0,0.5,15,1,-50.841,5,0,1,15,0.75,0.0,0.0,0.0,0.0,0.0,1.972,4.098,-3.0,-1.01,-0.992,-5.0,6.534,-0.01,-3.0,0.011,-3.003,-2.0,-2.0,-3.0,-3.0,2.658,-0.478,4.026,-1.293,1.988,1.551,-1.92,2.116,-0.597,-5.0,-4.0,-4.0,-0.014,-5.0,7.824,-4.0,-5.0,-1.56,1.623,0.97,-3.0,-0.013,0.179,-2.0,-2.0,-3.0,-4.0,2.821,3.4,-2.014,10.556,-1.004,-6.0,-1.014,-1.0,-0.372,-4.0,-5.0,-3.0,-0.053,4.316,-2.001,-3.0,-0.062,-4.0,-3.023,-0.702,7.248,0.991,3.819,1.038,0.014,-1.999,4.381,-2.999,0.0,-5.0,-0.002,-2.005,1.655,3.539,0.103,1.83,-0.009,3.456,0.27,-1.0,-1.751,-0.047,8.59,-4.0,0.331,-2.021,-1.572,-5.0,-2.063,-2.0,-3.0,-1.88,2.935,0.0,-0.11,-2.0,-2.0,-2.076,0.953,1.388,-1.0,-2.0,8.936,-6.0,-4.999,2.054,5.84,1.928,5.126,-5.0,7.427,-3.0,-1.01,0.0,0.0,0.0,0.0,0.0,0.0,0.0,0.0,0.0,0.0
GoldS210,XAUUSDc,233,-12.6563,-37.969,2,-0.6903,0.0,442,17.4208,1,5,0,0.015,1.4,2.5,0.0,0.5,15,1,-50.904,19,0,1,20,0.5,0.0,0.0,0.0,0.0,0.0,0.0,13.23,-3.0,-4.0,-0.488,-5.0,-0.501,0.488,-3.0,0.517,-3.503,-2.0,3.052,-3.0,-3.0,-3.0,11.315,3.71,2.499,5.358,2.352,-1.493,-3.0,4.015,-5.0,-4.0,-4.0,0.483,0.637,-2.513,-4.0,-5.0,1.353,7.426,-0.502,-3.0,9.379,0.515,-2.0,-2.0,-4.0,-4.0,6.315,-1.698,-5.0,-2.464,-4.0,-5.999,-4.0,-1.0,-4.51,-3.999,-5.0,9.444,1.442,7.284,-1.501,-4.0,-1.999,-0.519,0.27,-0.406,-2.0,5.158,3.365,1.898,1.522,-1.999,9.099,-3.0,-4.0,-4.0,0.498,-1.506,-3.0,-3.0,1.064,7.482,-3.0,-0.179,0.77,-1.0,-1.447,2.611,16.548,-4.0,2.567,-2.526,3.853,-5.0,0.78,-3.0,-4.0,-1.065,-0.375,0.0,0.852,-2.0,-2.0,-1.593,1.548,-1.56,-4.0,-2.0,8.834,-5.999,-4.999,3.446,6.39,-4.0,-4.0,-4.999,0.197,-3.0,1.807,0.0,0.0,0.0,0.0,0.0,0.0,0.0,0.0,0.0,0.0
GoldS210,XAUUSDc,313,-7.2833,-21.85,2,-0.6025,0.0,426,19.0141,1,5,0,0.015,1.4,2.5,0.0,0.5,15,1,-34.762,19,0,1,20,0.75,0.0,0.0,0.0,0.0,0.0,0.0,10.894,-3.0,-4.0,-0.488,-5.0,-0.501,0.489,-3.0,0.517,-2.503,-2.0,-2.0,-3.0,-3.0,-2.999,8.511,3.71,2.499,4.684,2.352,-4.0,3.651,2.121,-5.0,-4.0,-4.0,0.483,0.637,-1.513,-4.0,-5.0,1.353,5.302,-0.502,-3.0,8.243,0.515,-2.0,-2.0,-3.0,-4.0,6.315,-1.698,-5.0,22.15,-4.0,-6.0,-4.0,-1.0,-4.51,-3.999,-5.0,6.063,0.442,6.36,-1.501,-3.0,-1.999,-0.519,0.27,-0.406,-2.0,3.279,9.085,1.898,1.522,-1.999,6.859,-3.0,0.0,-5.0,0.498,-1.506,-3.0,-3.0,1.064,4.249,-3.0,-0.179,0.77,-1.0,-1.447,1.561,12.399,-4.0,0.865,-1.526,2.136,-5.0,0.111,-2.0,-3.0,-1.065,-0.375,0.0,6.911,-2.0,-2.0,-1.593,1.548,-1.56,1.419,-2.0,5.247,-5.999,-4.0,3.446,6.39,-4.0,-4.0,-5.0,0.197,-3.0,2.522,0.0,0.0,0.0,0.0,0.0,0.0,0.0,0.0,0.0,0.0
GoldS210,XAUUSDc,312,-7.3227,-21.968,2,-0.6038,0.0,426,19.0141,1,5,0,0.015,1.1,2.5,0.0,0.5,15,1,-34.88,19,0,1,20,0.75,0.0,0.0,0.0,0.0,0.0,0.0,10.894,-3.0,-4.0,-0.488,-5.0,-0.501,0.489,-3.0,0.517,-2.503,-2.0,-2.0,-3.0,-3.0,-3.0,8.5,3.705,2.498,4.684,2.337,-4.0,3.651,2.121,-5.0,-4.0,-4.0,0.483,0.637,-1.513,-4.0,-5.0,1.353,5.299,-0.502,-3.0,8.161,0.515,-2.0,-2.0,-3.0,-4.0,6.315,-1.698,-5.0,22.15,-4.0,-6.0,-4.0,-1.0,-4.51,-3.999,-5.0,6.063,0.442,6.36,-1.501,-3.0,-1.999,-0.519,0.27,-0.406,-2.0,3.279,9.085,1.898,1.522,-1.999,6.859,-3.0,0.0,-5.0,0.498,-1.506,-3.0,-3.0,1.064,4.249,-3.0,-0.179,0.77,-1.0,-1.447,1.561,12.399,-4.0,0.865,-1.526,2.136,-5.0,0.111,-2.0,-3.0,-1.065,-0.375,0.0,6.911,-2.0,-2.0,-1.593,1.548,-1.56,1.419,-2.0,5.247,-5.999,-4.0,3.446,6.39,-4.0,-4.0,-5.0,0.197,-3.0,2.522,0.0,0.0,0.0,0.0,0.0,0.0,0.0,0.0,0.0,0.0
GoldS210,XAUUSDc,0,98.1725,117.807,5,5.8739,39.0,511,40.7045,1,5,0,0.015,1.1,1.0,0.0,0.5,15,1,71.858,11,0,1,5,0.0,0.0,0.0,0.0,0.0,0.0,0.986,-0.807,1.677,-0.005,-1.002,-0.189,-1.009,6.734,-1.047,-0.009,-4.001,-3.999,-4.0,-4.0,-3.0,42.947,0.459,1.793,14.758,0.105,0.386,4.15,2.597,-2.012,-5.0,-3.0,-4.0,-1.01,-3.008,2.481,38.035,14.677,2.2,1.246,-1.016,-3.0,-1.01,-1.007,-2.0,0.996,-0.758,-4.0,-2.063,-0.142,3.051,20.838,-0.009,-2.016,-2.006,-2.0,-4.009,-2.007,-1.863,-3.999,-0.009,13.785,-1.004,-3.0,0.959,-0.994,-1.026,0.962,2.985,8.074,-1.012,2.984,7.824,6.416,3.125,0.644,-1.006,-5.0,-1.001,-3.002,1.973,-5.0,2.194,-2.0,-2.005,0.977,2.606,2.841,2.586,0.028,2.053,-2.029,-0.541,0.049,-0.028,-1.0,1.929,1.236,0.858,-2.004,4.825,4.921,-0.09,-2.0,-1.037,-1.042,-3.0,4.43,5.657,-1.0,-4.0,-3.015,-6.0,0.978,4.139,-4.0,-0.951,-3.016,0.948,0.575,-1.055,0.0,0.0,0.0,0.0,0.0,0.0,0.0,0.0,0.0,0.0
GoldS210,XAUUSDc,3,98.2008,117.841,5,5.8756,38.99,511,40.7045,1,5,0,0.015,2.0,1.0,0.0,0.5,15,1,71.892,11,0,1,5,0.0,0.0,0.0,0.0,0.0,0.0,0.986,-0.807,1.677,-0.005,-1.002,-0.189,-1.009,6.734,-1.047,-0.009,-4.001,-3.999,-4.0,-4.0,-3.0,42.947,0.459,1.793,14.758,0.105,0.386,4.15,2.597,-2.012,-5.0,-3.0,-4.0,-1.01,-3.008,2.481,38.035,14.701,2.2,1.246,-1.016,-3.0,-1.01,-1.007,-2.0,0.996,-0.758,-4.0,-2.063,-0.142,3.051,20.838,-0.009,-2.016,-2.006,-2.0,-4.009,-2.007,-1.863,-3.999,-0.009,13.785,-1.004,-3.0,0.959,-0.994,-1.026,0.962,2.985,8.074,-1.012,2.984,7.834,6.416,3.125,0.644,-1.006,-5.0,-1.001,-3.002,1.973,-5.0,2.194,-2.0,-2.005,0.977,2.606,2.841,2.586,0.028,2.053,-2.029,-0.541,0.049,-0.028,-1.0,1.929,1.236,0.858,-2.004,4.825,4.921,-0.09,-2.0,-1.037,-1.042,-3.0,4.43,5.657,-1.0,-4.0,-3.015,-6.0,0.978,4.139,-4.0,-0.951,-3.016,0.948,0.575,-1.055,0.0,0.0,0.0,0.0,0.0,0.0,0.0,0.0,0.0,0.0
GoldS210,XAUUSDc,2,98.1917,117.83,5,5.875,39.0,511,40.7045,1,5,0,0.015,1.7,1.0,0.0,0.5,15,1,71.881,11,0,1,5,0.0,0.0,0.0,0.0,0.0,0.0,0.986,-0.807,1.677,-0.005,-1.002,-0.189,-1.009,6.734,-1.047,-0.009,-4.001,-3.999,-4.0,-4.0,-3.0,42.947,0.459,1.793,14.758,0.105,0.386,4.15,2.597,-2.012,-5.0,-3.0,-4.0,-1.01,-3.008,2.481,38.035,14.693,2.2,1.246,-1.016,-3.0,-1.01,-1.007,-2.0,0.996,-0.758,-4.0,-2.063,-0.142,3.051,20.838,-0.009,-2.016,-2.006,-2.0,-4.009,-2.007,-1.863,-3.999,-0.009,13.785,-1.004,-3.0,0.959,-0.994,-1.026,0.962,2.985,8.074,-1.012,2.984,7.831,6.416,3.125,0.644,-1.006,-5.0,-1.001,-3.002,1.973,-5.0,2.194,-2.0,-2.005,0.977,2.606,2.841,2.586,0.028,2.053,-2.029,-0.541,0.049,-0.028,-1.0,1.929,1.236,0.858,-2.004,4.825,4.921,-0.09,-2.0,-1.037,-1.042,-3.0,4.43,5.657,-1.0,-4.0,-3.015,-6.0,0.978,4.139,-4.0,-0.951,-3.016,0.948,0.575,-1.055,0.0,0.0,0.0,0.0,0.0,0.0,0.0,0.0,0.0,0.0
GoldS210,XAUUSDc,1,98.1817,117.818,5,5.8745,39.0,511,40.7045,1,5,0,0.015,1.4,1.0,0.0,0.5,15,1,71.869,11,0,1,5,0.0,0.0,0.0,0.0,0.0,0.0,0.986,-0.807,1.677,-0.005,-1.002,-0.189,-1.009,6.734,-1.047,-0.009,-4.001,-3.999,-4.0,-4.0,-3.0,42.947,0.459,1.793,14.758,0.105,0.386,4.15,2.597,-2.012,-5.0,-3.0,-4.0,-1.01,-3.008,2.481,38.035,14.684,2.2,1.246,-1.016,-3.0,-1.01,-1.007,-2.0,0.996,-0.758,-4.0,-2.063,-0.142,3.051,20.838,-0.009,-2.016,-2.006,-2.0,-4.009,-2.007,-1.863,-3.999,-0.009,13.785,-1.004,-3.0,0.959,-0.994,-1.026,0.962,2.985,8.074,-1.012,2.984,7.828,6.416,3.125,0.644,-1.006,-5.0,-1.001,-3.002,1.973,-5.0,2.194,-2.0,-2.005,0.977,2.606,2.841,2.586,0.028,2.053,-2.029,-0.541,0.049,-0.028,-1.0,1.929,1.236,0.858,-2.004,4.825,4.921,-0.09,-2.0,-1.037,-1.042,-3.0,4.43,5.657,-1.0,-4.0,-3.015,-6.0,0.978,4.139,-4.0,-0.951,-3.016,0.948,0.575,-1.055,0.0,0.0,0.0,0.0,0.0,0.0,0.0,0.0,0.0,0.0
GoldS210,XAUUSDc,4,-5.432,-16.296,2,-0.244,0.0,498,21.8876,1,5,0,0.015,1.1,1.5,0.0,0.5,15,1,-46.324,16,0,1,5,0.0,0.0,0.0,0.0,0.0,0.0,1.479,-1.988,-5.0,0.492,-1.619,-6.0,-0.015,-0.507,-3.0,-0.251,-4.502,-3.999,-4.0,-4.0,-3.0,-3.033,0.71,-3.519,26.029,-5.0,-1.02,-2.13,-4.0,-0.198,-5.0,-3.0,-4.0,-2.51,-2.511,6.948,-2.614,-5.0,1.374,4.168,-0.022,-3.0,-0.515,-5.0,-2.0,-2.999,-4.0,-4.0,-2.563,1.946,8.625,21.419,-1.503,-6.0,-1.51,-2.0,-3.014,12.767,-3.247,-3.999,0.486,21.015,-0.036,-3.0,1.947,-3.0,0.087,5.243,-4.998,0.493,-5.0,5.206,21.305,11.057,1.973,0.712,-3.0,-5.0,-0.501,-2.503,-1.509,-5.0,2.601,-5.0,-1.507,0.61,3.205,5.557,-6.0,-5.0,3.149,-3.521,1.11,-2.515,-1.513,-1.0,-1.058,-2.539,-4.0,-4.0,8.39,14.635,-1.519,-2.0,-2.999,-0.559,-3.0,5.118,7.551,-1.0,-4.0,-2.522,-6.0,2.481,-0.041,-4.0,2.185,-5.0,8.767,-4.0,-2.508,0.0,0.0,0.0,0.0,0.0,0.0,0.0,0.0,0.0,0.0
GoldS210,XAUUSDc,5,-5.4263,-16.279,2,-0.2437,0.0,498,21.8876,1,5,0,0.015,1.4,1.5,0.0,0.5,15,1,-46.307,16,0,1,5,0.0,0.0,0.0,0.0,0.0,0.0,1.479,-1.988,-5.0,0.492,-1.619,-6.0,-0.015,-0.507,-3.0,-0.251,-4.502,-3.999,-4.0,-4.0,-3.0,-3.033,0.71,-3.519,26.029,-5.0,-1.02,-2.13,-4.0,-0.198,-5.0,-3.0,-4.0,-2.51,-2.511,6.948,-2.614,-5.0,1.374,4.168,-0.022,-3.0,-0.515,-5.0,-2.0,-2.999,-4.0,-4.0,-2.563,1.946,8.625,21.419,-1.503,-6.0,-1.51,-2.0,-3.014,12.767,-3.247,-3.999,0.486,21.015,-0.036,-3.0,1.947,-3.0,0.087,5.243,-4.998,0.493,-5.0,5.206,21.322,11.057,1.973,0.712,-3.0,-5.0,-0.501,-2.503,-1.509,-5.0,2.601,-5.0,-1.507,0.61,3.205,5.557,-6.0,-5.0,3.149,-3.521,1.11,-2.515,-1.513,-1.0,-1.058,-2.539,-4.0,-4.0,8.39,14.635,-1.519,-2.0,-2.999,-0.559,-3.0,5.118,7.551,-1.0,-4.0,-2.522,-6.0,2.481,-0.041,-4.0,2.185,-5.0,8.767,-4.0,-2.508,0.0,0.0,0.0,0.0,0.0,0.0,0.0,0.0,0.0,0.0
GoldS210,XAUUSDc,7,-5.4113,-16.234,2,-0.2431,0.0,498,21.8876,1,5,0,0.015,2.0,1.5,0.0,0.5,15,1,-46.262,16,0,1,5,0.0,0.0,0.0,0.0,0.0,0.0,1.479,-1.988,-5.0,0.492,-1.619,-6.0,-0.015,-0.507,-3.0,-0.251,-4.502,-3.999,-4.0,-4.0,-3.0,-3.033,0.71,-3.519,26.029,-5.0,-1.02,-2.13,-4.0,-0.198,-5.0,-3.0,-4.0,-2.51,-2.511,6.955,-2.614,-5.0,1.374,4.168,-0.022,-3.0,-0.515,-5.0,-2.0,-2.999,-4.0,-4.0,-2.563,1.946,8.625,21.419,-1.503,-6.0,-1.51,-2.0,-3.014,12.767,-3.247,-3.999,0.486,21.015,-0.036,-3.0,1.947,-3.0,0.087,5.243,-4.998,0.493,-5.0,5.206,21.36,11.057,1.973,0.712,-3.0,-5.0,-0.501,-2.503,-1.509,-5.0,2.601,-5.0,-1.507,0.61,3.205,5.557,-6.0,-5.0,3.149,-3.521,1.11,-2.515,-1.513,-1.0,-1.058,-2.539,-4.0,-4.0,8.39,14.635,-1.519,-2.0,-2.999,-0.559,-3.0,5.118,7.551,-1.0,-4.0,-2.522,-6.0,2.481,-0.041,-4.0,2.185,-5.0,8.767,-4.0,-2.508,0.0,0.0,0.0,0.0,0.0,0.0,0.0,0.0,0.0,0.0
GoldS210,XAUUSDc,10,-10.8125,-21.625,3,-0.1981,0.0,494,14.17,1,5,0,0.015,1.7,2.0,0.0,0.5,15,1,-114.296,16,0,1,5,0.0,0.0,0.0,0.0,0.0,0.0,1.972,-1.171,-5.0,0.99,-4.999,-6.0,-2.0,-0.01,-3.0,0.448,-4.003,-3.999,-4.0,-4.0,-3.0,-6.0,3.767,-3.025,-4.998,-5.0,-2.014,0.555,-4.0,4.254,-5.0,-3.0,-4.0,-2.014,-5.0,-3.011,-6.0,-5.0,0.102,7.09,0.97,-3.0,-3.0,-5.0,-2.0,-2.999,-4.0,-4.0,-1.089,9.48,88.671,-3.001,-1.004,-6.0,-1.013,-2.0,-5.008,-3.998,-2.651,-3.999,0.947,23.953,5.011,-3.0,-0.062,-3.0,-2.022,-4.0,29.855,0.991,-5.0,5.303,0.475,-2.0,0.978,-3.0,-3.0,-5.0,-0.002,-2.005,-3.999,-5.0,1.001,-5.0,-1.009,-0.635,12.82,8.292,-6.0,-5.0,4.235,-3.028,2.815,-2.021,-0.974,-1.0,-3.05,-4.999,-4.0,-4.0,-2.013,-3.036,-4.0,-2.0,-2.999,-0.076,-3.0,8.773,10.23,-1.0,-4.0,-2.03,-6.0,5.361,-2.042,-4.0,9.881,-5.0,11.173,-4.0,-2.01,0.0,0.0,0.0,0.0,0.0,0.0,0.0,0.0,0.0,0.0
GoldS210,XAUUSDc,9,-10.816,-21.632,3,-0.1981,0.0,494,14.17,1,5,0,0.015,1.4,2.0,0.0,0.5,15,1,-114.303,16,0,1,5,0.0,0.0,0.0,0.0,0.0,0.0,1.972,-1.171,-5.0,0.99,-4.999,-6.0,-2.0,-0.01,-3.0,0.448,-4.003,-3.999,-4.0,-4.0,-3.0,-6.0,3.767,-3.025,-4.995,-5.0,-2.014,0.555,-4.0,4.244,-5.0,-3.0,-4.0,-2.014,-5.0,-3.011,-6.0,-5.0,0.102,7.09,0.97,-3.0,-3.0,-5.0,-2.0,-2.999,-4.0,-4.0,-1.089,9.48,88.671,-3.001,-1.004,-6.0,-1.013,-2.0,-5.008,-3.998,-2.651,-3.999,0.947,23.953,5.011,-3.0,-0.062,-3.0,-2.022,-4.0,29.855,0.991,-5.0,5.303,0.475,-2.0,0.978,-3.0,-3.0,-5.0,-0.002,-2.005,-3.999,-5.0,1.001,-5.0,-1.009,-0.635,12.82,8.292,-6.0,-5.0,4.235,-3.028,2.815,-2.021,-0.974,-1.0,-3.05,-4.999,-4.0,-4.0,-2.013,-3.036,-4.0,-2.0,-2.999,-0.076,-3.0,8.773,10.23,-1.0,-4.0,-2.03,-6.0,5.361,-2.042,-4.0,9.881,-5.0,11.173,-4.0,-2.01,0.0,0.0,0.0,0.0,0.0,0.0,0.0,0.0,0.0,0.0
GoldS210,XAUUSDc,8,-10.818,-21.636,3,-0.1982,0.0,494,14.17,1,5,0,0.015,1.1,2.0,0.0,0.5,15,1,-114.307,16,0,1,5,0.0,0.0,0.0,0.0,0.0,0.0,1.972,-1.171,-5.0,0.99,-4.999,-6.0,-2.0,-0.01,-3.0,0.448,-4.003,-3.999,-4.0,-4.0,-3.0,-6.0,3.767,-3.025,-4.998,-5.0,-2.014,0.555,-4.0,4.244,-5.0,-3.0,-4.0,-2.014,-5.0,-3.011,-6.0,-5.0,0.102,7.09,0.97,-3.0,-3.0,-5.0,-2.0,-2.999,-4.0,-4.0,-1.089,9.48,88.671,-3.001,-1.004,-6.0,-1.013,-2.0,-5.008,-3.998,-2.651,-3.999,0.947,23.953,5.011,-3.0,-0.062,-3.0,-2.022,-4.0,29.854,0.991,-5.0,5.303,0.475,-2.0,0.978,-3.0,-3.0,-5.0,-0.002,-2.005,-3.999,-5.0,1.001,-5.0,-1.009,-0.635,12.82,8.292,-6.0,-5.0,4.235,-3.028,2.815,-2.021,-0.974,-1.0,-3.05,-4.999,-4.0,-4.0,-2.013,-3.036,-4.0,-2.0,-2.999,-0.076,-3.0,8.773,10.23,-1.0,-4.0,-2.03,-6.0,5.361,-2.042,-4.0,9.881,-5.0,11.173,-4.0,-2.01,0.0,0.0,0.0,0.0,0.0,0.0,0.0,0.0,0.0,0.0
GoldS210,XAUUSDc,6,-5.4197,-16.259,2,-0.2434,0.0,498,21.8876,1,5,0,0.015,1.7,1.5,0.0,0.5,15,1,-46.287,16,0,1,5,0.0,0.0,0.0,0.0,0.0,0.0,1.479,-1.988,-5.0,0.492,-1.619,-6.0,-0.015,-0.507,-3.0,-0.251,-4.502,-3.999,-4.0,-4.0,-3.0,-3.033,0.71,-3.519,26.029,-5.0,-1.02,-2.13,-4.0,-0.198,-5.0,-3.0,-4.0,-2.51,-2.511,6.95,-2.614,-5.0,1.374,4.168,-0.022,-3.0,-0.515,-5.0,-2.0,-2.999,-4.0,-4.0,-2.563,1.946,8.625,21.419,-1.503,-6.0,-1.51,-2.0,-3.014,12.767,-3.247,-3.999,0.486,21.015,-0.036,-3.0,1.947,-3.0,0.087,5.243,-4.998,0.493,-5.0,5.206,21.34,11.057,1.973,0.712,-3.0,-5.0,-0.501,-2.503,-1.509,-5.0,2.601,-5.0,-1.507,0.61,3.205,5.557,-6.0,-5.0,3.149,-3.521,1.11,-2.515,-1.513,-1.0,-1.058,-2.539,-4.0,-4.0,8.39,14.635,-1.519,-2.0,-2.999,-0.559,-3.0,5.118,7.551,-1.0,-4.0,-2.522,-6.0,2.481,-0.041,-4.0,2.185,-5.0,8.767,-4.0,-2.508,0.0,0.0,0.0,0.0,0.0,0.0,0.0,0.0,0.0,0.0
GoldS210,XAUUSDc,11,-10.798,-21.596,3,-0.1978,0.0,494,14.17,1,5,0,0.015,2.0,2.0,0.0,0.5,15,1,-114.267,16,0,1,5,0.0,0.0,0.0,0.0,0.0,0.0,1.972,-1.171,-5.0,0.99,-4.999,-6.0,-2.0,-0.01,-3.0,0.448,-4.003,-3.999,-4.0,-4.0,-3.0,-6.0,3.767,-3.025,-4.999,-5.0,-2.014,0.555,-4.0,4.264,-5.0,-3.0,-4.0,-2.014,-5.0,-3.011,-6.0,-5.0,0.102,7.09,0.97,-3.0,-3.0,-5.0,-2.0,-2.999,-4.0,-4.0,-1.089,9.48,88.671,-3.001,-1.004,-6.0,-1.013,-2.0,-5.008,-3.998,-2.651,-3.999,0.947,23.953,5.011,-3.0,-0.062,-3.0,-2.022,-4.0,29.863,0.991,-5.0,5.303,0.475,-2.0,0.978,-3.0,-3.0,-5.0,-0.002,-2.005,-3.999,-5.0,1.001,-5.0,-1.009,-0.623,12.82,8.292,-6.0,-5.0,4.235,-3.028,2.815,-2.021,-0.974,-1.0,-3.05,-4.999,-4.0,-4.0,-2.013,-3.036,-4.0,-2.0,-2.999,-0.076,-3.0,8.773,10.23,-1.0,-4.0,-2.03,-6.0,5.361,-2.042,-4.0,9.881,-5.0,11.173,-4.0,-2.01,0.0,0.0,0.0,0.0,0.0,0.0,0.0,0.0,0.0,0.0
