leg,sym,pass,score,nbpR,segpos,rf,oneop,ops,win,sizing,smaP,slowP,mult,step,tpR,trailR,half,mgmtTF,stack,extop1R,nmonster,addtrig,lineplace,nback,buffer,w0,w1,w2,w3,w4,w5,w6,w7,w8,w9,w10,w11,w12,w13,w14,w15,w16,w17,w18,w19,w20,w21,w22,w23,w24,w25,w26,w27,w28,w29,w30,w31,w32,w33,w34,w35,w36,w37,w38,w39,w40,w41,w42,w43,w44,w45,w46,w47,w48,w49,w50,w51,w52,w53,w54,w55,w56,w57,w58,w59,w60,w61,w62,w63,w64,w65,w66,w67,w68,w69,w70,w71,w72,w73,w74,w75,w76,w77,w78,w79,w80,w81,w82,w83,w84,w85,w86,w87,w88,w89,w90,w91,w92,w93,w94,w95,w96,w97,w98,w99,w100,w101,w102,w103,w104,w105,w106,w107,w108,w109,w110,w111,w112,w113,w114,w115,w116,w117,w118,w119,w120,w121,w122,w123,w124,w125,w126,w127,w128,w129
GoldS210,XAUUSDc,120,1.7493,5.248,2,0.2062,64.62,498,43.3735,1,5,150,0.015,1.1,1.0,0.0,0.5,15,1,1.857,0,1,0,0,0.5,0.0,0.0,0.0,0.0,0.0,1.389,-0.996,-0.409,-0.014,-3.0,0.056,2.98,1.016,-4.0,0.427,-4.001,0.145,2.146,-0.618,-3.0,-1.477,-1.034,0.684,-3.176,1.544,0.981,2.308,0.559,-2.006,-5.0,-2.025,-4.0,0.459,-1.946,1.955,4.256,1.806,2.739,-1.033,2.699,-3.0,1.112,0.346,-1.0,-0.987,-1.931,-4.0,4.51,1.513,-4.006,5.14,2.63,-1.006,1.03,-1.0,-4.006,-2.007,-1.077,-0.998,1.269,6.371,1.061,-3.0,5.516,2.379,-1.011,3.036,4.286,-1.003,-0.443,4.269,3.596,0.297,4.014,0.525,-3.0,-0.513,0.041,-3.0,2.816,-0.79,0.434,-1.965,1.029,0.143,-0.978,-1.0,3.475,-0.025,-2.933,-4.0,-1.204,0.002,-3.002,-1.163,6.534,0.059,2.04,-0.899,2.105,0.0,-1.229,-2.0,1.281,-3.04,1.105,1.985,0.007,2.486,4.4,-5.002,-5.0,0.525,4.989,-2.011,0.164,-2.668,2.008,0.074,0.129,0.0,0.0,0.0,0.0,0.0,0.0,0.0,0.0,0.0,0.0
GoldS210,XAUUSDc,123,2.013,6.039,2,0.2398,56.15,498,43.3735,1,5,150,0.015,1.4,1.0,0.0,0.5,15,1,2.648,0,1,0,0,0.5,0.0,0.0,0.0,0.0,0.0,1.389,-0.996,-0.409,-0.014,-3.0,0.056,3.017,1.025,-4.0,0.427,-4.001,0.145,2.287,-0.617,-3.0,-1.474,-1.034,0.684,-3.174,1.583,0.981,2.325,0.559,-2.006,-5.0,-2.008,-4.0,0.464,-1.945,1.977,4.37,1.808,2.74,-0.985,2.699,-3.0,1.114,0.346,-2.0,0.017,-1.931,-4.0,4.582,1.587,-4.007,5.148,2.638,-1.006,1.035,-1.0,-4.006,-2.007,-1.077,-0.998,1.269,6.371,1.086,-3.0,5.518,2.379,-1.011,3.036,4.286,-1.003,-0.443,4.278,3.607,0.297,4.017,0.529,-3.0,-0.513,0.041,-3.0,2.817,-0.79,0.449,-1.961,1.029,0.143,-0.978,-1.0,3.475,-0.025,-2.893,-4.0,-1.186,0.006,-3.002,-1.163,6.534,0.065,2.058,-0.899,2.105,0.0,-1.229,-2.0,1.281,-3.04,1.105,1.985,0.007,2.486,4.4,-5.002,-5.0,0.525,4.989,-2.011,0.164,-2.668,2.008,0.074,0.129,0.0,0.0,0.0,0.0,0.0,0.0,0.0,0.0,0.0,0.0
GoldS210,XAUUSDc,70,19.734,39.468,3,1.2905,26.1,498,40.7631,1,5,210,0.015,2.0,1.0,0.0,0.5,15,1,29.165,10,1,0,0,0.25,0.0,0.0,0.0,0.0,0.0,1.239,-0.992,-0.306,-0.014,-3.0,-2.728,8.531,1.104,-4.0,1.014,-4.001,0.365,4.07,-1.018,-3.0,-1.542,-0.983,0.724,-6.0,1.898,0.977,1.343,1.17,-2.006,-5.0,-1.929,-4.0,0.693,-2.001,-0.793,5.486,5.421,2.897,-0.604,-1.016,-3.0,1.637,0.164,-1.999,0.034,-1.94,-4.0,6.568,-1.212,-4.006,-1.964,3.598,0.515,-2.018,-1.0,-4.006,-2.007,-1.113,-3.0,1.338,11.544,-1.287,-3.0,14.482,6.279,-1.011,6.349,-0.971,-1.004,2.948,8.324,-0.027,0.381,4.038,0.369,-3.0,-0.717,1.65,-3.0,3.996,-0.893,1.013,-1.911,2.688,0.331,-0.957,-1.0,1.566,-0.383,-0.149,-4.0,-1.395,0.062,-1.725,0.613,9.207,0.116,2.22,0.909,2.176,0.0,0.49,-2.0,1.132,-3.042,3.023,1.604,0.007,5.472,4.526,-2.539,-5.0,0.386,8.603,-1.994,0.091,-2.78,2.111,0.111,-0.152,0.0,0.0,0.0,0.0,0.0,0.0,0.0,0.0,0.0,0.0
GoldS210,XAUUSDc,190,7.9573,11.936,4,0.7441,26.14,498,45.1807,1,5,210,0.015,2.0,1.0,0.0,0.5,15,1,8.816,0,1,0,0,0.75,0.0,0.0,0.0,0.0,0.0,1.239,-0.992,-0.368,0.986,-1.057,-0.282,3.287,1.104,-4.0,0.515,-4.001,0.237,3.375,-1.018,-3.0,-1.568,-0.983,3.087,-0.632,1.851,0.977,3.262,3.538,-2.006,-5.0,-1.929,-4.0,0.693,-2.001,1.694,5.131,1.433,1.576,-0.604,1.955,-3.0,1.453,0.164,-1.999,0.034,-1.94,-4.0,4.851,2.114,-4.005,3.513,2.352,-1.492,0.5,-1.0,-4.006,-2.007,-1.515,-3.0,1.256,5.145,0.676,-3.0,4.768,0.955,-1.011,2.164,3.86,-1.004,-1.27,4.002,2.844,0.381,4.038,0.369,-3.0,-0.717,-0.497,-3.0,2.432,-0.893,0.882,-1.911,0.466,0.331,-0.957,-1.0,2.184,-0.403,-0.149,-4.0,-1.427,2.693,-1.725,-1.402,5.563,0.116,2.219,-1.494,2.176,0.0,1.008,-2.0,1.132,-3.042,0.457,1.559,0.007,1.693,4.526,-0.227,-4.999,0.386,4.215,-1.994,0.091,-2.78,2.111,0.111,-0.494,0.0,0.0,0.0,0.0,0.0,0.0,0.0,0.0,0.0,0.0
GoldS210,XAUUSDc,63,19.322,28.983,4,0.9017,35.55,498,41.3655,1,5,150,0.015,1.4,1.0,0.0,0.5,15,1,18.68,6,1,0,0,0.25,0.0,0.0,0.0,0.0,0.0,1.389,-0.996,-0.409,-0.014,-3.0,-2.809,5.69,1.025,-4.0,0.427,-4.001,0.145,2.411,-0.617,-3.0,-1.474,-1.034,0.684,-3.174,1.583,0.981,-0.422,0.559,-2.006,-5.0,-2.008,-4.0,0.464,-1.945,1.977,4.514,2.041,4.352,-0.985,-1.016,-3.0,1.114,0.346,-2.0,0.017,-1.931,-4.0,6.926,1.637,-4.007,-1.987,3.572,0.275,-2.035,-1.0,-4.006,-2.007,-1.077,-0.998,1.269,11.203,-2.598,-3.0,14.794,6.74,-1.011,4.88,1.811,-1.004,1.863,6.365,-0.038,0.297,4.017,0.529,-3.0,-0.513,1.65,-3.0,3.371,-0.79,0.449,-1.961,2.294,0.143,-0.978,-1.0,1.566,-0.025,-2.893,-4.0,-1.186,0.006,-3.003,-1.163,11.316,0.065,2.058,0.909,2.105,0.0,-0.279,-2.0,1.281,-3.041,3.023,1.985,0.007,5.472,4.4,-5.001,-5.0,0.525,7.281,-2.011,0.164,-2.668,2.008,0.074,2.055,0.0,0.0,0.0,0.0,0.0,0.0,0.0,0.0,0.0,0.0
GoldS210,XAUUSDc,188,1.44,2.88,3,0.1255,78.51,498,45.3815,1,5,270,0.015,1.7,1.0,0.0,0.5,15,1,0.619,0,1,0,0,0.75,0.0,0.0,0.0,0.0,0.0,1.12,-0.996,-0.334,0.986,-1.081,-0.236,2.579,1.053,-4.0,0.506,-4.001,-3.0,2.374,-1.143,-3.0,-1.703,-0.807,3.055,-1.347,1.683,0.966,2.349,3.538,-2.006,-5.0,-1.977,-4.0,0.599,-2.003,1.789,4.199,1.135,1.373,-0.855,1.743,-3.0,1.451,0.121,-2.0,0.026,-1.802,-4.0,3.89,1.885,-4.006,3.501,2.338,-1.492,0.683,-1.0,-4.005,-2.007,-1.515,-0.974,1.256,5.145,0.288,-3.0,3.879,0.948,-0.916,1.812,3.833,1.012,-1.27,3.99,2.836,-2.0,4.026,0.223,-3.0,-0.766,-0.497,-3.0,2.432,-0.919,2.96,-1.94,0.471,0.342,-0.97,-1.0,2.184,-0.436,-0.662,-4.0,-1.936,3.652,-1.81,-1.461,5.541,0.078,2.208,-1.494,2.108,0.0,1.008,-2.0,1.006,-0.572,0.457,1.483,0.007,1.693,4.648,-0.532,-5.0,0.008,4.215,-2.002,0.079,-2.573,0.011,0.074,-0.929,0.0,0.0,0.0,0.0,0.0,0.0,0.0,0.0,0.0,0.0
GoldS210,XAUUSDc,129,9.3247,13.987,4,0.6556,29.72,498,43.1727,1,5,150,0.015,2.0,1.0,0.0,0.5,15,1,9.83,0,1,0,0,0.5,0.0,0.0,0.0,0.0,0.0,1.389,-0.992,-0.404,-0.014,-3.0,0.056,3.878,1.104,-4.0,0.438,-4.001,0.149,3.668,-0.592,-3.0,-1.439,-1.034,0.741,-3.172,1.941,0.997,3.034,0.559,-2.006,-5.0,-1.929,-4.0,0.681,-1.943,2.063,5.652,1.812,2.76,-0.604,2.728,-3.0,1.121,0.345,-2.0,0.034,-1.931,-4.0,5.257,2.133,-4.006,5.171,2.664,-1.006,1.052,-1.0,-4.006,-2.007,-1.077,-3.0,1.269,6.371,1.579,-3.0,6.432,2.379,-1.011,3.036,4.292,-1.003,-0.443,4.298,3.643,0.297,4.038,0.557,-3.0,-0.513,0.041,-3.0,2.823,-0.777,0.631,-1.911,1.029,0.143,-0.957,-1.0,3.475,-0.025,-2.204,-4.0,-1.13,0.061,-3.002,-1.163,6.556,0.135,2.219,-0.899,2.198,0.0,-1.229,-2.0,1.281,-3.04,1.105,1.999,0.007,2.486,4.415,-5.002,-5.0,0.525,4.989,-1.994,0.164,-2.669,2.015,0.078,0.129,0.0,0.0,0.0,0.0,0.0,0.0,0.0,0.0,0.0,0.0
GoldS210,XAUUSDc,203,-3.4507,-10.352,2,-0.1616,0.0,476,27.521,1,5,270,0.015,2.0,1.5,0.0,0.5,15,1,-44.44,4,1,0,0,0.75,0.0,0.0,0.0,0.0,0.0,1.756,0.089,-4.0,-0.508,-4.0,-2.744,1.885,-0.506,-4.0,-3.0,-4.0,-3.0,-2.998,-3.0,-3.0,-3.432,-5.0,2.992,-3.383,-0.641,4.455,-1.317,-3.0,-0.899,-5.0,-4.0,-4.0,-1.432,-1.478,0.884,-1.358,-3.175,8.174,1.062,5.017,-3.0,4.162,0.758,-2.0,2.173,-4.0,-4.0,2.154,0.041,-3.323,5.525,1.475,-1.527,3.191,-1.0,-2.998,-1.291,-2.451,-3.0,3.038,5.188,-1.506,-3.0,21.152,-4.0,0.26,4.81,-1.306,0.527,-6.0,4.319,4.94,-3.0,5.382,0.041,-3.0,-2.0,-0.554,-2.488,2.155,3.553,1.236,-3.998,1.908,1.536,-0.322,-1.0,-4.261,-2.507,32.691,-4.0,-1.203,0.914,-0.626,-1.866,4.286,-2.0,2.097,-4.0,5.474,0.0,4.316,-2.0,-2.0,-2.558,1.241,2.538,1.4,0.89,4.828,-2.008,-4.999,1.082,0.027,-1.399,1.415,-6.0,1.102,-3.999,-1.43,0.0,0.0,0.0,0.0,0.0,0.0,0.0,0.0,0.0,0.0
GoldS210,XAUUSDc,130,10.4233,15.635,4,0.7129,26.59,498,43.1727,1,5,210,0.015,2.0,1.0,0.0,0.5,15,1,11.478,0,1,0,0,0.5,0.0,0.0,0.0,0.0,0.0,1.239,-0.992,-0.306,-0.014,-3.0,0.152,4.16,1.104,-4.0,1.014,-4.001,0.365,3.815,-1.018,-3.0,-1.542,-0.983,0.456,-6.0,1.898,0.977,4.24,1.09,-2.006,-5.0,-1.929,-4.0,0.693,-2.001,2.181,5.486,2.24,1.908,-0.604,2.728,-3.0,1.637,0.164,-1.999,0.034,-1.94,-4.0,5.399,-1.212,-4.006,5.171,2.664,-0.973,1.052,-1.0,-4.006,-2.007,-1.113,-3.0,1.338,6.512,1.882,-3.0,6.432,2.343,-1.011,3.403,4.681,-1.003,-0.443,4.96,3.907,0.381,4.038,0.369,-3.0,-0.717,0.041,-3.0,2.823,-0.893,1.013,-1.911,1.029,0.331,-0.957,-1.0,3.475,-0.383,-0.149,-4.0,-1.395,0.061,-1.724,-0.896,4.425,0.116,2.219,-0.899,2.176,0.0,-0.46,-2.0,1.132,-3.041,1.105,1.604,0.007,2.486,4.526,-2.539,-5.0,0.386,5.252,-1.994,0.091,-2.78,2.111,0.111,-0.151,0.0,0.0,0.0,0.0,0.0,0.0,0.0,0.0,0.0,0.0
GoldS210,XAUUSDc,62,21.321,42.642,3,1.1977,24.16,498,41.1647,1,5,270,0.015,1.1,1.0,0.0,0.5,15,1,32.339,9,1,0,0,0.25,0.0,0.0,0.0,0.0,0.0,1.12,-0.996,0.2,-0.014,-4.0,-1.682,8.313,1.016,-4.0,1.022,-4.001,-3.0,2.166,-1.18,-3.0,-1.714,-0.807,0.883,-3.992,-1.018,0.955,-0.263,2.165,-2.006,-5.0,-2.025,-4.0,0.466,-2.004,-0.611,4.076,6.603,2.686,-1.033,1.747,-3.0,3.483,0.121,-2.0,0.013,-1.803,-4.0,3.631,-0.278,-4.007,-1.995,3.564,0.412,-1.848,-1.0,-4.005,-2.007,-0.919,-0.998,1.317,11.633,-1.287,-3.0,14.792,9.15,-0.916,5.516,-1.005,1.009,2.948,8.298,-0.041,-2.0,4.014,0.186,-0.814,-0.766,1.65,-3.0,3.989,-0.922,3.912,-1.965,2.693,0.729,-0.978,-1.0,5.703,-3.008,-0.918,-4.0,-1.98,1.003,-1.81,0.554,9.178,0.032,2.144,0.909,2.083,0.0,1.993,-2.0,1.006,-0.608,3.023,1.483,0.007,3.83,2.095,-2.844,-5.0,0.008,10.454,-2.011,0.079,-2.497,0.011,0.074,-0.929,0.0,0.0,0.0,0.0,0.0,0.0,0.0,0.0,0.0,0.0
GoldS210,XAUUSDc,125,4.0485,8.097,3,0.269,41.88,498,43.5743,1,5,270,0.015,1.4,1.0,0.0,0.5,15,1,4.706,0,1,0,0,0.5,0.0,0.0,0.0,0.0,0.0,1.12,-0.996,-0.068,-0.014,-4.0,1.198,3.569,1.025,-4.0,1.022,-4.001,-3.0,2.307,-1.165,-3.0,-1.711,-0.807,0.399,-3.991,-0.966,0.955,2.686,1.316,-2.006,-5.0,-2.008,-4.0,0.499,-2.003,2.386,4.199,2.31,1.698,-0.985,1.751,-3.0,1.954,0.121,-2.0,0.017,-1.803,-4.0,3.704,-0.709,-4.007,5.148,2.638,-0.973,1.227,-1.0,-4.005,-2.007,-0.919,-0.998,1.317,6.512,1.445,-3.0,5.518,2.336,-0.916,2.585,4.648,1.01,-0.443,4.942,3.896,-2.0,4.017,0.204,-0.776,-0.766,0.041,-3.0,2.817,-0.922,3.506,-1.961,1.034,0.652,-0.978,-1.0,3.385,-0.043,-0.866,-4.0,-1.962,1.006,-1.809,-0.955,4.396,0.038,2.161,-0.899,2.083,0.0,-0.423,-2.0,1.006,-0.608,1.105,1.483,0.007,2.486,5.182,-2.844,-5.0,0.008,5.606,-2.01,0.079,-2.497,0.011,0.074,-0.928,0.0,0.0,0.0,0.0,0.0,0.0,0.0,0.0,0.0,0.0
GoldS210,XAUUSDc,155,-18.748,-112.488,1,-0.7127,0.0,467,16.06,1,5,270,0.015,2.0,2.0,0.0,0.5,15,1,-136.606,14,1,0,0,0.5,0.0,0.0,0.0,0.0,0.0,2.478,2.814,-4.0,-1.002,-4.0,-4.0,-1.98,-0.006,-4.0,-3.0,-4.0,-3.0,-3.0,-3.0,-3.0,-6.0,-5.0,-4.0,-5.999,-4.0,-2.005,0.873,-3.0,-4.999,-5.0,-4.0,-4.0,-0.815,-0.838,1.233,0.553,-4.999,-1.801,9.38,1.332,-3.0,0.983,1.396,-2.0,-2.0,-4.0,-4.0,4.867,-1.793,-0.778,-0.783,-0.943,-6.0,9.487,-1.0,-1.903,-4.0,-0.311,-3.0,-1.0,-2.663,1.066,-3.0,5.106,-4.0,-1.895,-1.406,-4.0,1.108,-6.0,-1.999,0.024,-3.0,0.192,-2.999,-3.0,-2.0,1.874,-1.975,-0.04,-4.0,-0.479,-3.998,4.336,0.386,3.679,-1.0,-1.792,-4.0,0.143,-4.0,-0.387,-1.173,-3.999,-6.0,3.328,-2.0,-5.0,-1.68,14.268,0.0,2.478,-2.0,-2.0,-2.048,3.476,23.144,3.152,-2.0,20.315,-6.0,-5.0,2.503,-1.678,0.04,-0.803,-6.0,2.202,-3.999,-0.736,0.0,0.0,0.0,0.0,0.0,0.0,0.0,0.0,0.0,0.0
GoldS210,XAUUSDc,180,-0.111,-0.333,2,-0.0149,0.0,498,45.1807,1,5,150,0.015,1.1,1.0,0.0,0.5,15,1,-2.336,0,1,0,0,0.75,0.0,0.0,0.0,0.0,0.0,1.389,-0.996,-0.409,0.986,-1.101,-0.363,2.028,1.016,-4.0,0.427,-4.001,0.145,1.635,-0.757,-3.0,-1.591,-1.034,3.391,-0.554,1.544,0.97,1.299,3.437,-2.006,-5.0,-2.025,-4.0,0.459,-1.946,1.581,3.852,1.221,1.869,-1.033,1.778,-3.0,1.112,0.346,-1.0,-0.987,-1.931,-4.0,3.857,1.08,-4.006,3.482,2.318,-1.492,0.478,-1.0,-4.006,-2.007,-1.515,-0.998,1.256,5.099,0.15,-3.0,3.598,0.991,-1.011,2.164,3.909,-1.004,-1.27,3.691,2.8,0.297,4.014,0.525,-0.569,-0.602,-0.497,-3.0,2.425,-0.79,0.434,-1.965,0.466,0.143,-0.978,-1.0,2.184,-0.112,-2.933,-4.0,-1.349,2.493,-3.003,-1.296,5.199,0.059,2.04,-1.494,2.105,0.0,0.679,-2.0,1.281,-3.04,0.457,1.647,0.007,1.693,4.4,-0.227,-5.0,0.467,4.119,-2.011,0.164,-2.668,2.008,0.074,-0.494,0.0,0.0,0.0,0.0,0.0,0.0,0.0,0.0,0.0,0.0
GoldS210,XAUUSDc,12,-7.7775,-46.665,1,-0.7748,0.0,462,30.303,1,5,150,0.015,1.1,1.5,0.0,0.5,15,1,-55.851,2,1,0,0,0.0,0.0,0.0,0.0,0.0,0.0,2.295,-0.011,-4.0,-0.508,-4.0,-4.025,0.675,0.493,-2.0,0.285,-4.0,1.763,-1.0,-4.0,-3.0,-0.391,-0.004,4.48,-0.82,-0.933,3.837,-1.68,-3.0,-2.462,-5.0,-0.021,-4.0,-0.238,2.419,3.749,1.535,0.292,0.096,-0.474,-0.021,-3.0,2.381,1.221,-1.0,-0.488,-3.0,-4.0,1.468,5.523,-3.503,-0.69,1.023,-6.0,0.986,-1.0,-2.901,-1.314,-1.895,-0.394,2.491,2.149,-1.425,-3.0,-1.301,-4.0,0.791,0.997,-0.974,-3.0,-6.0,4.934,-0.509,-0.237,4.658,3.607,-3.0,-2.0,-1.492,-2.492,4.342,-0.78,-0.162,0.778,5.261,0.477,-0.433,-1.0,-0.826,2.325,-2.243,-4.0,-0.198,-0.925,-2.432,-2.24,2.656,-0.481,2.899,-4.0,3.882,0.0,1.747,-2.0,-2.0,-2.555,0.511,0.356,-1.448,-0.481,7.278,-1.668,-5.0,1.906,0.081,-1.45,1.403,-5.998,3.623,-3.0,9.185,0.0,0.0,0.0,0.0,0.0,0.0,0.0,0.0,0.0,0.0
GoldS210,XAUUSDc,68,29.134,43.701,4,1.3142,23.58,498,40.9639,1,5,270,0.015,1.7,1.0,0.0,0.5,15,1,33.398,9,1,0,0,0.25,0.0,0.0,0.0,0.0,0.0,1.12,-0.996,0.213,-0.014,-4.0,-1.682,8.39,1.053,-4.0,1.024,-4.001,-3.0,2.7,-1.143,-3.0,-1.703,-0.807,0.916,-3.987,-0.847,0.966,-0.011,2.165,-2.006,-5.0,-1.977,-4.0,0.599,-2.003,-0.551,4.559,6.609,2.694,-0.855,1.779,-3.0,3.49,0.121,-2.0,0.026,-1.803,-4.0,3.89,-0.262,-4.007,-1.976,3.584,0.412,-1.835,-1.0,-4.005,-2.007,-0.919,-0.974,1.317,11.633,-1.287,-3.0,14.806,9.15,-0.916,5.516,-0.998,1.012,2.948,8.312,-0.035,-2.0,4.026,0.223,-3.0,-0.766,1.65,-3.0,3.996,-0.919,4.004,-1.94,2.693,0.729,-0.97,-1.0,5.703,-3.008,-0.662,-4.0,-1.936,1.021,-1.81,0.554,9.185,0.078,2.209,0.909,2.108,0.0,1.993,-2.0,1.006,-0.572,3.023,1.483,0.007,3.83,2.103,-2.844,-5.0,0.008,10.454,-2.002,0.079,-2.497,0.011,0.074,-0.929,0.0,0.0,0.0,0.0,0.0,0.0,0.0,0.0,0.0,0.0
GoldS210,XAUUSDc,201,-2.4875,-4.975,3,-0.1028,0.0,477,27.4633,1,5,150,0.015,2.0,1.5,0.0,0.5,15,1,-39.063,4,1,0,0,0.75,0.0,0.0,0.0,0.0,0.0,2.295,0.089,-4.0,-0.508,-3.999,-3.023,1.104,-0.506,-4.0,0.312,-4.0,2.652,-3.0,-3.0,-3.0,-3.432,-2.568,3.474,2.32,-0.205,5.047,-3.999,-3.0,-0.899,-5.0,-4.0,-4.0,-1.238,-1.31,3.886,-1.124,-5.999,5.628,1.062,5.048,-3.0,2.537,1.221,-2.0,2.173,-4.0,-4.0,3.317,0.62,-3.503,4.89,1.475,-1.658,2.775,-1.0,-2.901,-1.158,-2.487,-3.0,3.038,4.578,-1.506,-3.0,21.152,-4.0,0.835,5.307,-0.925,-3.0,-6.0,3.015,4.735,0.253,4.848,0.183,-3.0,-2.0,-0.553,-2.488,2.155,3.857,-1.061,-3.998,1.893,0.734,-0.322,-1.0,-4.261,-1.617,30.088,-4.0,-0.172,-0.324,-2.432,-2.439,4.286,-2.0,1.902,-4.0,5.519,0.0,3.644,-2.0,-2.0,-2.555,1.241,2.537,-1.448,0.89,4.102,-2.008,-4.999,1.824,0.081,-1.399,1.578,-6.0,4.184,-3.999,-0.336,0.0,0.0,0.0,0.0,0.0,0.0,0.0,0.0,0.0,0.0
GoldS210,XAUUSDc,131,5.6105,11.221,3,0.4257,37.05,498,42.9719,1,5,270,0.015,2.0,1.0,0.0,0.5,15,1,7.064,0,1,0,0,0.5,0.0,0.0,0.0,0.0,0.0,1.12,-0.992,-0.048,-0.014,-4.0,1.198,4.42,1.104,-4.0,1.033,-4.001,-3.0,3.727,-1.11,-3.0,-1.673,-0.807,0.456,-3.985,-0.602,0.971,3.418,1.316,-2.006,-5.0,-1.929,-4.0,0.833,-2.001,2.472,5.486,2.31,1.718,-0.604,1.931,-3.0,1.961,0.121,-2.0,0.034,-1.803,-4.0,4.379,-0.687,-4.007,5.171,2.664,-0.973,1.244,-1.0,-4.005,-2.007,-0.919,-3.0,1.317,6.512,1.882,-3.0,6.432,2.343,-0.916,2.585,4.655,1.017,-0.443,4.96,3.907,-2.0,4.038,0.257,-3.0,-0.766,0.041,-3.0,2.823,-0.909,3.678,-1.911,1.034,0.652,-0.957,-1.0,3.385,-0.043,-0.149,-4.0,-1.905,1.061,-1.809,-0.955,4.418,0.116,2.322,-0.899,2.176,0.0,-0.423,-2.0,1.006,-3.042,1.105,1.497,0.007,2.486,5.197,-2.844,-5.0,0.008,5.606,-1.994,0.079,-2.498,0.018,0.078,-0.928,0.0,0.0,0.0,0.0,0.0,0.0,0.0,0.0,0.0,0.0
GoldS210,XAUUSDc,202,1.214,2.428,3,0.044,1403.95,477,27.8826,1,5,210,0.015,2.0,1.5,0.0,0.5,15,1,-31.66,4,1,0,0,0.75,0.0,0.0,0.0,0.0,0.0,1.994,0.089,-4.0,-0.508,-4.0,-2.875,1.524,-0.506,-4.0,-3.0,-4.0,2.553,-3.0,-3.0,-3.0,-3.432,-5.0,2.992,-2.025,-0.641,4.699,-1.318,-3.0,-0.899,-5.0,-4.0,-4.0,-1.339,-1.478,3.902,-1.326,-2.991,8.57,1.062,5.059,-3.0,3.294,0.851,-1.999,2.173,-4.0,-4.0,3.628,0.062,-3.444,5.335,1.475,-1.527,2.775,-1.0,-3.001,-1.291,-2.496,-3.0,3.069,5.188,-1.506,-3.0,20.985,-4.0,0.172,2.177,-1.189,-3.0,-6.0,4.319,4.94,0.405,4.993,0.251,-3.0,-2.0,-0.554,-2.488,2.155,3.588,-1.25,-3.998,1.893,1.272,-0.322,-1.0,-4.261,1.483,32.691,-4.0,-0.428,-0.254,-0.428,-1.866,4.301,-2.0,1.89,-4.0,5.474,0.0,4.316,-2.0,-2.0,-2.558,1.241,2.381,1.729,0.89,4.274,-2.007,-4.999,1.684,0.027,-1.399,1.438,-6.0,4.415,-4.0,-0.647,0.0,0.0,0.0,0.0,0.0,0.0,0.0,0.0,0.0,0.0
GoldS210,XAUUSDc,143,-2.0877,-6.263,2,-0.0953,0.0,477,25.9958,1,5,270,0.015,2.0,1.5,0.0,0.5,15,1,-40.351,9,1,0,0,0.5,0.0,0.0,0.0,0.0,0.0,1.756,0.089,-4.0,-1.508,-4.0,-2.745,2.436,-0.506,-4.0,-3.0,-4.0,-3.0,-3.0,-3.0,-3.0,-3.432,-5.0,4.164,-3.383,-0.641,4.455,-1.22,-3.0,-0.899,-5.0,-4.0,-4.0,-1.432,-1.478,1.878,-1.358,-3.174,4.092,1.062,5.038,-3.0,5.563,0.758,-2.0,2.173,-4.0,-4.0,2.154,0.041,-3.189,1.086,1.475,-6.0,5.125,-1.0,-2.998,-1.291,-1.609,-3.0,3.244,3.621,-0.615,-3.0,24.778,-4.0,0.26,6.463,-1.306,0.528,-6.0,0.084,7.481,-3.0,5.801,0.041,-3.0,-2.0,0.458,-2.488,3.093,3.553,1.236,-3.998,2.944,2.217,-0.322,-1.0,-4.261,-2.507,32.691,-4.0,-1.203,0.914,-0.625,-0.046,8.055,-2.0,2.097,-4.0,5.474,0.0,2.737,-2.0,-2.0,-2.558,2.291,2.538,1.4,2.48,5.908,-6.0,-5.0,1.082,0.026,-1.399,1.415,-6.0,1.102,-3.999,-1.43,0.0,0.0,0.0,0.0,0.0,0.0,0.0,0.0,0.0,0.0
GoldS210,XAUUSDc,93,57.3817,172.145,2,1.6056,126.36,469,16.8443,1,5,150,0.015,2.0,2.0,0.0,0.5,15,1,-45.382,13,1,0,0,0.25,0.0,0.0,0.0,0.0,0.0,3.287,2.877,-4.0,-1.002,-3.0,-5.0,-1.947,-0.006,-4.0,1.307,-4.0,-2.0,-3.0,-3.0,-3.0,-6.0,-2.063,-4.0,-0.362,-3.999,-1.005,-1.812,-3.0,-4.999,-5.0,-4.0,-4.0,-0.456,-0.542,3.769,0.929,-5.999,-4.998,9.38,0.977,-3.0,4.912,2.098,-2.0,-2.0,-4.0,-4.0,-0.102,-2.025,-2.974,-2.461,-0.943,-5.999,-0.315,-1.0,-1.578,-4.0,-0.69,-3.0,-1.0,2.68,-0.251,-3.0,233.104,-3.999,-0.743,-0.146,-4.0,-3.0,-6.0,1.961,0.024,-2.0,3.432,-2.999,-3.0,-2.0,6.318,-1.975,-0.039,-4.0,-0.109,-3.998,6.272,0.36,3.679,-1.0,-1.792,-5.0,-4.999,-4.0,1.327,-2.981,-1.828,-5.999,3.328,-2.0,-5.0,-1.651,14.336,0.0,-2.519,-2.0,-2.0,-2.019,7.765,23.143,-0.582,-2.0,57.298,-6.999,-5.0,3.634,-1.343,0.04,-0.562,-6.0,7.406,-3.999,6.311,0.0,0.0,0.0,0.0,0.0,0.0,0.0,0.0,0.0,0.0
GoldS210,XAUUSDc,132,-2.6407,-15.844,1,-0.4402,0.0,464,29.9569,1,5,150,0.015,1.1,1.5,0.0,0.5,15,1,-24.498,6,1,0,0,0.5,0.0,0.0,0.0,0.0,0.0,2.295,-0.011,-4.0,-1.508,-3.0,-3.025,7.349,0.493,-2.0,0.285,-4.0,1.763,-1.0,-4.0,-3.0,-0.391,-0.004,3.48,-1.82,-0.933,3.837,-4.0,-3.0,-2.462,-5.0,-0.021,-4.0,-0.238,2.419,3.749,1.535,-0.126,-2.408,-0.474,6.739,-3.0,2.381,1.221,-1.0,-0.488,-4.0,-4.0,1.468,5.439,-3.503,-0.69,1.023,-6.0,4.603,-1.0,-2.901,-1.314,-1.895,-0.394,2.491,6.643,-0.425,-3.0,14.125,-4.0,0.791,6.856,-0.974,-2.999,-5.999,2.387,4.838,-0.237,4.658,3.607,-3.0,-2.0,0.458,-2.492,3.012,-0.78,-0.162,0.778,2.929,0.477,-0.433,-1.0,-4.407,2.325,-2.243,-4.0,-0.198,-0.925,-2.431,-2.24,7.793,-2.0,2.899,-4.0,3.882,0.0,1.095,-2.0,-2.0,-2.554,2.291,0.356,-1.448,2.48,7.278,-7.0,-5.0,1.906,0.081,-1.45,1.403,-5.999,3.623,-3.0,3.617,0.0,0.0,0.0,0.0,0.0,0.0,0.0,0.0,0.0,0.0
GoldS210,XAUUSDc,186,0.323,0.969,2,0.049,233.33,498,44.9799,1,5,150,0.015,1.7,1.0,0.0,0.5,15,1,-1.292,0,1,0,0,0.75,0.0,0.0,0.0,0.0,0.0,1.389,-0.996,-0.407,0.986,-1.081,-0.363,2.291,1.053,-4.0,0.429,-4.001,0.145,2.178,-0.758,-3.0,-1.585,-1.034,3.416,-0.554,1.696,0.98,1.503,3.437,-2.006,-5.0,-1.977,-4.0,0.515,-1.945,1.641,4.321,1.221,1.877,-0.855,1.792,-3.0,1.119,0.345,-2.0,0.026,-1.93,-4.0,4.115,1.312,-4.006,3.501,2.338,-1.492,0.491,-1.0,-4.006,-2.007,-1.515,-0.974,1.256,5.099,0.288,-3.0,3.879,0.991,-1.011,2.164,3.912,-1.004,-1.27,3.706,2.814,0.297,4.026,0.538,-3.0,-0.602,-0.497,-3.0,2.432,-0.787,0.526,-1.94,0.466,0.143,-0.97,-1.0,2.184,-0.112,-2.7,-4.0,-1.313,2.511,-3.003,-1.296,5.206,0.097,2.105,-1.494,2.13,0.0,0.679,-2.0,1.281,-3.04,0.457,1.647,0.007,1.693,4.408,-0.227,-5.0,0.467,4.119,-2.002,0.164,-2.668,2.008,0.074,-0.494,0.0,0.0,0.0,0.0,0.0,0.0,0.0,0.0,0.0,0.0
GoldS210,XAUUSDc,83,19.493,38.986,3,0.5554,114.11,479,24.8434,1,5,270,0.015,2.0,1.5,0.0,0.5,15,1,-5.501,17,1,0,0,0.25,0.0,0.0,0.0,0.0,0.0,1.756,0.089,-5.0,-1.508,-4.0,-2.745,2.438,-0.506,-4.0,-3.0,-4.0,-3.0,-3.0,-3.0,-3.0,-3.432,-5.0,8.582,-3.383,-0.641,4.455,-1.221,-3.0,-0.899,-5.0,-4.0,-4.0,-1.432,-1.478,-2.612,-1.358,-3.175,4.092,1.062,5.038,-3.0,8.303,0.758,-2.0,2.173,-4.0,-4.0,2.154,0.04,-3.181,1.086,1.475,-5.998,-0.998,-1.0,-2.998,-1.291,-1.609,-3.0,3.244,18.024,2.081,-3.0,57.492,-4.0,0.26,12.661,-1.306,0.527,-5.999,0.086,-0.509,-3.0,5.801,0.041,-3.0,-2.0,3.484,-2.488,5.906,3.553,1.236,-3.998,6.002,2.412,-0.322,-1.0,-4.261,-2.507,32.691,-4.0,-1.203,0.915,-0.626,-6.0,-0.655,-2.0,2.098,-3.999,5.474,0.0,8.349,-2.0,-2.0,-2.558,5.394,2.538,1.4,4.813,2.102,-6.0,-5.0,1.082,0.026,-1.399,1.415,-6.0,1.102,-3.999,-1.43,0.0,0.0,0.0,0.0,0.0,0.0,0.0,0.0,0.0,0.0
GoldS210,XAUUSDc,183,0.1527,0.458,2,0.021,437.34,498,45.1807,1,5,150,0.015,1.4,1.0,0.0,0.5,15,1,-1.545,0,1,0,0,0.75,0.0,0.0,0.0,0.0,0.0,1.389,-0.996,-0.409,0.986,-1.095,-0.363,2.063,1.025,-4.0,0.427,-4.001,0.145,1.781,-0.757,-3.0,-1.591,-1.034,3.391,-0.554,1.583,0.97,1.32,3.437,-2.006,-5.0,-2.008,-4.0,0.464,-1.945,1.603,3.966,1.221,1.87,-0.985,1.778,-3.0,1.114,0.346,-2.0,0.017,-1.931,-4.0,3.929,1.149,-4.007,3.49,2.326,-1.492,0.483,-1.0,-4.006,-2.007,-1.515,-0.998,1.256,5.099,0.154,-3.0,3.6,0.991,-1.011,2.164,3.909,-1.004,-1.27,3.7,2.806,0.297,4.017,0.529,-0.543,-0.602,-0.497,-3.0,2.426,-0.79,0.449,-1.961,0.466,0.143,-0.978,-1.0,2.184,-0.112,-2.893,-4.0,-1.331,2.497,-3.003,-1.296,5.199,0.065,2.058,-1.494,2.105,0.0,0.679,-2.0,1.281,-3.04,0.457,1.647,0.007,1.693,4.4,-0.227,-5.0,0.467,4.119,-2.011,0.164,-2.668,2.008,0.074,-0.494,0.0,0.0,0.0,0.0,0.0,0.0,0.0,0.0,0.0,0.0
GoldS210,XAUUSDc,151,-26.692,-53.384,3,-0.6185,0.0,460,19.1304,1,5,210,0.015,1.7,2.0,0.0,0.5,15,1,-84.055,13,1,0,0,0.5,0.0,0.0,0.0,0.0,0.0,2.798,1.755,-4.0,-1.002,-3.0,-5.0,-1.983,-0.007,-4.0,-3.0,-4.0,-2.0,-3.0,-3.0,-3.0,-5.0,0.174,7.234,-6.0,-4.0,-1.005,-2.839,-2.999,-5.0,-5.0,-3.0,-4.0,-0.663,-0.927,4.472,0.437,-5.0,-1.247,2.778,1.055,-3.0,5.645,1.537,-2.0,-2.0,-4.0,-4.0,9.013,8.071,-2.567,-1.734,0.051,-6.0,8.486,-1.0,-1.901,-4.0,-0.795,5.417,-1.0,-2.822,1.066,-3.0,35.417,-4.0,-1.789,-4.0,-1.172,1.22,-6.0,-2.0,0.018,-2.0,3.72,-2.997,-3.0,-2.0,1.875,-1.975,-0.59,-4.0,0.409,-4.0,3.828,0.182,1.268,-1.0,-3.163,0.89,0.566,-4.0,0.484,-2.743,-3.999,-6.0,1.939,-2.0,-5.0,-1.796,8.054,0.0,2.478,-2.0,-2.0,-2.047,3.476,6.121,3.518,-2.0,17.49,-5.999,-5.0,3.142,1.476,-0.544,3.026,-5.999,6.385,-3.999,1.948,0.0,0.0,0.0,0.0,0.0,0.0,0.0,0.0,0.0,0.0
GoldS210,XAUUSDc,153,-14.7982,-88.789,1,-0.6085,0.0,469,17.0576,1,5,150,0.015,2.0,2.0,0.0,0.5,15,1,-112.906,12,1,0,0,0.5,0.0,0.0,0.0,0.0,0.0,3.287,2.877,-4.0,-1.002,-3.0,-5.0,-1.98,-0.006,-4.0,1.307,-4.0,-2.0,-3.0,-3.0,-3.0,-6.0,-2.063,-4.0,-0.362,-3.999,-1.005,-1.811,-3.0,-4.999,-5.0,-4.0,-4.0,-0.456,-0.542,3.769,0.929,-6.0,-4.998,9.38,0.978,-3.0,4.912,2.098,-2.0,-2.0,-4.0,-4.0,-0.103,-2.025,-2.974,-2.461,-0.943,-6.0,8.845,-1.0,-1.578,-4.0,-0.69,-3.0,-1.0,2.68,-0.251,-3.0,5.363,-4.0,-0.743,-0.146,-4.0,-2.999,-6.0,1.961,0.024,-2.0,3.432,-2.999,-3.0,-2.0,1.875,-1.975,-0.04,-4.0,-0.109,-3.998,3.091,0.36,3.679,-1.0,-1.792,-5.0,-4.999,-4.0,1.327,-2.981,-1.827,-5.999,3.328,-2.0,-5.0,-1.652,14.336,0.0,5.958,-2.0,-2.0,-2.018,3.476,23.143,-0.582,-2.0,22.384,-7.0,-5.0,3.634,-1.344,0.04,-0.562,-6.0,7.406,-3.999,2.344,0.0,0.0,0.0,0.0,0.0,0.0,0.0,0.0,0.0,0.0
GoldS210,XAUUSDc,127,10.7017,12.842,5,0.5181,26.41,498,43.5743,1,5,210,0.015,1.7,1.0,0.0,0.5,15,1,9.451,0,1,0,0,0.5,0.0,0.0,0.0,0.0,0.0,1.239,-0.996,-0.319,-0.014,-3.0,0.152,3.473,1.053,-4.0,1.005,-4.001,0.36,2.778,-1.045,-3.0,-1.575,-0.983,0.424,-6.0,1.653,0.972,3.707,1.09,-2.006,-5.0,-1.977,-4.0,0.459,-2.003,2.132,4.559,2.24,1.895,-0.855,2.699,-3.0,1.635,0.164,-2.0,0.026,-1.94,-4.0,4.902,-1.227,-4.006,5.159,2.65,-0.973,1.043,-1.0,-4.006,-2.007,-1.113,-0.974,1.338,6.512,1.504,-3.0,5.607,2.336,-1.011,3.403,4.68,1.264,-0.443,4.948,3.899,0.379,4.026,0.335,-3.0,-0.717,0.041,-3.0,2.823,-0.903,0.908,-1.94,1.029,0.331,-0.97,-1.0,3.475,-0.383,-0.662,-4.0,-1.425,0.02,-1.724,-0.896,4.41,0.078,2.105,-0.899,2.108,0.0,-0.46,-2.0,1.132,-3.041,1.105,1.59,0.007,2.486,4.519,-2.539,-5.0,0.386,5.252,-2.002,0.091,-2.779,2.104,0.107,-0.151,0.0,0.0,0.0,0.0,0.0,0.0,0.0,0.0,0.0,0.0
GoldS210,XAUUSDc,142,-0.7047,-2.114,2,-0.0338,0.0,478,25.9414,1,5,210,0.015,2.0,1.5,0.0,0.5,15,1,-36.202,10,1,0,0,0.5,0.0,0.0,0.0,0.0,0.0,1.994,0.089,-4.0,-1.508,-3.0,-3.876,1.757,-0.506,-4.0,-3.0,-4.0,2.776,-2.999,-3.0,-3.0,-3.432,-5.0,3.922,-6.0,-0.64,4.699,-4.999,-2.999,-0.899,-5.0,-4.0,-4.0,-1.339,-1.478,4.896,-1.326,-2.991,4.488,1.062,6.798,-3.0,3.547,0.851,-1.999,2.173,-4.0,-4.0,4.662,0.061,-3.445,0.674,1.475,-6.0,4.709,-1.0,-3.001,-1.291,-1.94,-3.0,3.313,3.621,-0.615,-3.0,24.424,-3.999,0.172,3.994,-1.189,-2.999,-6.0,0.084,7.652,0.405,4.993,0.251,-3.0,-2.0,0.458,-2.488,3.093,3.588,-1.25,-3.998,2.929,1.272,-0.322,-1.0,-4.261,1.517,32.691,-4.0,-0.384,-0.254,-0.427,-0.046,8.07,-2.0,1.89,-4.0,5.474,0.0,2.662,-2.0,-2.0,-2.557,2.291,2.381,1.729,2.48,4.274,-5.999,-5.0,1.684,0.026,-1.399,1.438,-6.0,4.415,-4.0,-0.163,0.0,0.0,0.0,0.0,0.0,0.0,0.0,0.0,0.0,0.0
GoldS210,XAUUSDc,149,-16.333,-48.999,2,-0.7215,0.0,452,21.0177,1,5,270,0.015,1.4,2.0,0.0,0.5,15,1,-62.196,14,1,0,0,0.5,0.0,0.0,0.0,0.0,0.0,2.414,1.276,-4.0,-1.002,-4.0,-4.0,4.42,0.993,-4.0,-3.0,-4.0,-3.0,-2.0,-3.0,-3.0,9.197,0.124,7.608,-5.0,-0.382,-1.005,0.262,-3.0,3.632,-5.0,-3.0,-4.0,-0.843,-0.984,5.281,0.263,-4.999,-1.928,0.695,1.33,-3.0,0.144,1.396,-2.0,-2.0,-4.0,-4.0,4.16,2.451,-0.778,-0.849,0.046,-6.0,8.922,-1.0,-1.955,-3.999,-0.345,0.938,6.731,-2.908,1.066,-3.0,6.104,-4.0,-1.944,-0.428,2.841,1.051,-6.0,-2.0,0.009,-3.0,0.059,-3.0,-3.0,-2.0,1.874,-1.975,-0.855,-4.0,0.27,7.263,4.336,0.119,0.397,-1.0,-3.679,-4.0,0.063,-4.0,-0.822,2.13,0.904,-6.0,1.345,-1.999,1.1,-1.864,6.004,0.0,2.478,-2.0,2.181,-2.048,3.476,2.271,2.854,-2.0,14.673,-6.0,-5.0,2.211,1.227,-0.803,2.545,-5.999,2.1,-3.0,-0.84,0.0,0.0,0.0,0.0,0.0,0.0,0.0,0.0,0.0,0.0
GoldS210,XAUUSDc,124,5.1475,10.295,3,0.3982,32.94,498,43.5743,1,5,210,0.015,1.4,1.0,0.0,0.5,15,1,6.904,0,1,0,0,0.5,0.0,0.0,0.0,0.0,0.0,1.239,-0.996,-0.326,-0.014,-2.999,0.152,3.299,1.025,-4.0,1.003,-4.001,0.36,2.399,-1.054,-3.0,-1.583,-0.983,0.399,-6.0,1.533,0.961,3.508,1.09,-2.006,-5.0,-2.008,-4.0,0.383,-2.003,2.095,4.199,2.24,1.888,-0.985,2.699,-3.0,1.63,0.165,-2.0,0.017,-1.94,-4.0,4.714,-1.235,-4.007,5.148,2.638,-0.973,1.035,-1.0,-4.006,-2.007,-1.113,-0.998,1.338,6.512,1.445,-3.0,5.518,2.336,-1.011,3.403,4.674,1.264,-0.443,4.942,3.896,0.377,4.017,0.316,-3.0,-0.717,0.041,-3.0,2.817,-0.906,0.831,-1.961,1.029,0.331,-0.978,-1.0,3.475,-0.383,-0.866,-4.0,-1.451,0.006,-1.724,-0.896,4.403,0.046,2.058,-0.899,2.083,0.0,-0.46,-2.0,1.132,-3.041,1.105,1.59,0.007,2.486,4.511,-2.539,-5.0,0.386,5.252,-2.011,0.091,-2.779,2.104,0.107,-0.151,0.0,0.0,0.0,0.0,0.0,0.0,0.0,0.0,0.0,0.0
GoldS210,XAUUSDc,152,-32.5455,-65.091,3,-0.6684,0.0,459,18.5185,1,5,270,0.015,1.7,2.0,0.0,0.5,15,1,-95.762,14,1,0,0,0.5,0.0,0.0,0.0,0.0,0.0,2.441,1.755,-4.0,-1.002,-4.0,-4.0,-1.983,-0.007,-4.0,-3.0,-4.0,-3.0,-3.0,-3.0,-3.0,-5.0,0.743,7.775,-5.0,-4.0,-2.005,0.475,-3.0,-5.0,-5.0,-3.0,-4.0,-0.835,-0.933,1.225,0.364,-4.998,-1.872,2.778,1.331,-3.0,0.439,1.396,-2.0,-2.0,-4.0,-4.0,4.384,8.006,-0.778,-0.823,0.051,-6.0,9.128,-1.0,-1.934,-4.0,-0.328,5.417,-1.0,-2.822,1.066,-3.0,36.777,-4.0,-1.925,-0.419,-1.172,1.082,-6.0,-2.0,0.018,-3.0,0.124,-2.999,-3.0,-2.0,1.874,-1.975,-0.59,-4.0,0.362,-4.0,4.336,0.208,1.268,-1.0,-3.163,-4.0,0.095,-4.0,-0.644,-1.173,-3.999,-6.0,1.915,-2.0,-5.0,-1.796,8.054,0.0,2.478,-2.0,7.388,-2.048,3.476,6.359,2.941,-2.0,15.187,-6.0,-5.0,2.316,1.332,-0.544,2.991,-5.999,2.136,-4.0,0.184,0.0,0.0,0.0,0.0,0.0,0.0,0.0,0.0,0.0,0.0
GoldS210,XAUUSDc,119,5.4753,16.426,2,0.1349,780.59,462,7.1429,1,5,270,0.015,2.0,3.0,0.0,0.5,15,1,-111.794,14,1,0,0,0.25,0.0,0.0,0.0,0.0,0.0,-1.0,38.749,-5.0,-2.0,-4.0,-4.0,-0.851,1.006,-4.0,-3.0,-4.0,-3.0,-3.0,-3.0,-3.0,-6.0,-5.0,-4.0,-5.999,-4.0,-5.0,-4.999,-3.0,-4.999,-5.0,-4.0,-4.0,-3.0,1.918,-6.0,-3.0,-5.0,4.519,54.595,-0.048,-3.0,-3.0,2.777,-2.0,-2.0,-4.0,-4.0,7.348,-8.0,-6.0,-6.0,-4.0,-5.998,4.359,-1.0,1.407,-4.0,5.717,-3.0,-1.0,1.924,14.075,-3.0,-2.996,-5.0,-4.0,-4.999,-4.0,-1.999,-5.999,-1.998,1.734,-3.0,-3.0,-2.999,-3.0,-2.0,11.983,0.73,-3.998,-4.0,-4.0,-3.998,-3.0,5.473,44.084,-1.0,122.22,-4.0,2.396,-4.0,2.288,-4.999,-4.0,-6.0,-5.0,-2.0,-4.999,0.943,0.308,0.0,-5.999,-2.0,-2.0,-4.0,2.278,-0.853,1.866,-2.0,-0.567,-6.0,-5.0,-4.0,-5.0,-4.0,-3.999,-6.0,1.959,-4.999,9.065,0.0,0.0,0.0,0.0,0.0,0.0,0.0,0.0,0.0,0.0
GoldS210,XAUUSDc,200,3.8267,5.74,4,0.1356,171.86,473,30.0211,1,5,270,0.015,1.7,1.5,0.0,0.5,15,1,-4.125,9,1,0,0,0.75,0.0,0.0,0.0,0.0,0.0,1.756,0.044,-4.0,-0.508,-4.0,-2.746,12.489,-0.507,-4.0,-3.0,-4.0,-3.0,-3.0,-3.0,-3.0,1.733,-1.801,2.847,-3.417,-1.793,3.289,-1.319,-3.0,-1.979,-5.0,0.548,-4.0,-1.432,-1.487,0.36,8.167,-3.182,5.311,0.131,4.334,-3.0,4.063,0.758,-2.0,1.074,-3.999,-4.0,12.16,5.828,-3.323,4.799,1.239,-1.527,3.146,-1.0,-2.998,-1.392,-2.46,-0.134,2.706,4.908,-1.506,-3.0,10.708,-4.0,0.238,4.731,-1.346,0.527,-6.0,4.008,4.239,-3.0,5.249,-0.081,-3.0,-2.0,-0.554,-2.488,2.065,0.004,2.176,6.648,1.908,1.384,-0.38,-1.0,-4.367,-2.507,6.306,-4.0,-1.315,0.528,-0.833,-1.866,4.14,-2.0,1.954,-4.0,4.328,0.0,4.316,-2.0,1.446,3.652,1.241,1.012,1.4,0.89,4.595,-2.008,-5.0,1.082,0.026,-1.424,1.287,-5.999,1.069,-4.0,-0.429,0.0,0.0,0.0,0.0,0.0,0.0,0.0,0.0,0.0,0.0
GoldS210,XAUUSDc,182,-0.065,-0.13,3,-0.0049,0.0,497,45.4728,1,5,270,0.015,1.1,1.0,0.0,0.5,15,1,-2.133,0,1,0,0,0.75,0.0,0.0,0.0,0.0,0.0,1.12,-0.996,-0.347,0.986,-1.101,-0.236,2.318,1.016,-4.0,0.504,-4.001,-3.0,1.836,-1.18,-3.0,-1.714,-0.807,3.022,-1.352,1.512,0.955,2.097,3.538,-2.006,-5.0,-2.025,-4.0,0.466,-2.004,0.456,3.721,1.129,1.365,-1.033,1.719,-3.0,1.444,0.121,-2.0,0.013,-1.803,-4.0,3.631,1.769,-4.007,3.482,2.318,-1.492,0.67,-1.0,-4.005,-2.007,-1.515,-0.998,1.256,5.145,0.15,-3.0,3.598,0.948,-0.916,1.812,3.826,1.009,-1.27,3.976,2.83,-2.0,4.014,0.186,-0.814,-0.766,-0.497,-3.0,2.425,-0.922,2.892,-1.965,0.471,0.342,-0.978,-1.0,2.184,-0.436,-0.918,-4.0,-1.98,3.634,-1.81,-1.461,5.534,0.032,2.143,-1.494,2.083,0.0,1.008,-2.0,1.006,-0.608,0.457,1.483,0.007,1.693,4.64,-0.532,-5.0,0.008,4.215,-2.011,0.079,-2.573,0.011,0.074,-0.929,0.0,0.0,0.0,0.0,0.0,0.0,0.0,0.0,0.0,0.0
GoldS210,XAUUSDc,81,57.9533,86.93,4,1.3839,57.54,479,25.261,1,5,150,0.015,2.0,1.5,0.0,0.5,15,1,36.914,14,1,0,0,0.25,0.0,0.0,0.0,0.0,0.0,2.295,0.089,-4.0,-1.508,-3.0,-4.024,52.12,-0.506,-4.0,0.312,-4.0,2.652,-3.0,-3.0,-3.0,-3.432,-2.568,3.715,-1.805,-0.205,5.556,-4.0,-3.0,-0.899,-5.0,-4.0,-4.0,-1.238,-1.31,4.65,-1.124,-5.999,1.546,1.062,-0.021,-3.0,2.537,1.221,-2.0,2.173,-4.0,-4.0,-1.095,1.509,-3.503,0.328,1.475,-5.999,-1.414,-1.0,-2.901,-1.158,-1.878,-3.0,3.084,21.543,-1.425,-3.0,57.631,-3.999,0.835,10.501,-0.925,-3.0,-6.0,3.015,-0.509,0.253,4.848,0.183,-3.0,-2.0,3.485,-2.488,4.423,3.857,-1.061,-3.998,5.261,0.734,-0.322,-1.0,-4.261,-1.618,30.088,-4.0,0.042,-0.324,-2.432,-2.24,-0.655,-2.0,1.902,-3.999,5.519,0.0,3.723,-2.0,-2.0,-2.555,5.394,2.537,-1.448,8.654,4.102,-6.999,-5.0,1.906,0.082,-1.399,1.578,-6.0,4.184,-3.999,3.569,0.0,0.0,0.0,0.0,0.0,0.0,0.0,0.0,0.0,0.0
GoldS210,XAUUSDc,208,-10.4945,-20.989,3,-0.5185,0.0,450,23.1111,1,5,210,0.015,1.4,2.0,0.0,0.5,15,1,-34.513,8,1,0,0,0.75,0.0,0.0,0.0,0.0,0.0,2.771,1.276,-3.0,-1.002,-3.999,-5.0,2.919,0.993,-4.0,-3.0,-4.0,3.951,-2.0,-3.0,-3.0,9.524,-0.434,5.415,-5.0,-0.382,-0.005,2.431,-3.0,3.631,-5.0,-3.0,-4.0,-0.671,-0.944,7.023,0.351,-5.0,-1.279,0.695,1.056,-3.0,4.903,1.537,-2.0,-2.0,-4.0,-4.0,7.168,2.516,-2.568,7.522,0.046,-6.0,4.972,-1.0,-1.916,-3.999,-1.529,0.938,6.633,2.744,0.617,-3.0,2.761,-4.0,-1.807,-4.0,3.03,1.112,-6.0,4.59,0.009,-2.0,3.649,-3.0,-3.0,-2.0,0.389,-1.975,-0.855,-4.0,0.317,5.308,2.246,0.093,0.397,-1.0,-3.679,0.791,0.534,-4.0,0.271,0.56,1.214,-6.0,1.37,-2.0,1.099,-1.863,6.004,0.0,5.385,-2.0,-2.0,-2.047,2.025,2.033,3.431,-2.0,11.415,-5.999,-5.0,3.037,1.41,-0.804,2.58,-5.999,5.768,-3.0,0.307,0.0,0.0,0.0,0.0,0.0,0.0,0.0,0.0,0.0,0.0
GoldS210,XAUUSDc,165,-23.0572,-138.343,1,-0.9248,0.0,463,10.7991,1,5,150,0.015,2.0,2.5,0.0,0.5,15,1,-165.943,16,1,0,0,0.5,0.0,0.0,0.0,0.0,0.0,-1.0,6.444,-4.0,-2.0,-3.0,-5.0,-1.436,0.496,-4.0,2.388,-4.0,-2.0,-3.0,-3.0,-3.0,-6.0,-1.549,-4.0,1.367,-3.999,-0.495,-4.999,-3.0,-4.999,-5.0,-4.0,-4.0,0.415,0.569,1.211,2.426,-6.0,-4.998,25.113,-1.51,-3.0,-2.999,3.026,-2.0,-2.0,-4.0,-4.0,2.438,-8.0,-5.999,-5.999,-4.0,-6.0,1.117,-1.0,-0.117,-4.0,2.455,-3.0,-1.0,7.19,0.937,-3.0,-2.998,-5.0,1.29,2.093,-4.0,-2.999,-6.0,4.101,0.756,-2.0,5.848,-2.999,-3.0,-2.0,3.292,-1.156,-4.0,-4.0,1.431,-3.998,-3.0,-0.749,11.44,-1.0,21.6,-5.0,-4.999,-4.0,3.056,-2.458,-1.027,-5.999,2.322,-2.0,-5.0,-0.42,-0.288,0.0,15.084,-2.0,-2.0,-1.435,-2.0,-1.444,-4.0,-2.0,-4.997,-7.0,-5.0,6.512,0.483,-4.0,-4.0,-6.0,1.019,-4.999,4.802,0.0,0.0,0.0,0.0,0.0,0.0,0.0,0.0,0.0,0.0
GoldS210,XAUUSDc,181,3.474,6.948,3,0.3337,28.83,498,45.7831,1,5,210,0.015,1.1,1.0,0.0,0.5,15,1,4.945,0,1,0,0,0.75,0.0,0.0,0.0,0.0,0.0,1.239,-0.996,-0.394,0.986,-1.101,-0.282,2.194,1.016,-4.0,0.504,-4.001,0.237,1.763,-1.059,-3.0,-1.601,-0.983,3.022,-0.635,1.436,0.961,2.534,3.538,-2.006,-5.0,-2.025,-4.0,0.369,-2.004,1.585,3.726,1.433,1.555,-1.033,1.778,-3.0,1.444,0.165,-2.0,0.013,-1.94,-4.0,4.094,1.616,-4.007,3.482,2.318,-1.492,0.478,-1.0,-4.006,-2.007,-1.515,-0.998,1.256,5.145,0.15,-3.0,3.598,0.948,-1.011,2.164,3.852,1.263,-1.27,3.976,2.83,0.377,4.014,0.298,-0.695,-0.717,-0.497,-3.0,2.425,-0.906,0.702,-1.965,0.466,0.331,-0.978,-1.0,2.184,-0.403,-0.918,-4.0,-1.493,2.634,-1.725,-1.402,5.541,0.04,2.04,-1.494,2.083,0.0,1.008,-2.0,1.132,-3.041,0.457,1.545,0.007,1.693,4.511,-0.227,-5.0,0.386,4.215,-2.011,0.091,-2.779,2.104,0.107,-0.494,0.0,0.0,0.0,0.0,0.0,0.0,0.0,0.0,0.0,0.0
GoldS210,XAUUSDc,128,4.2645,8.529,3,0.2978,39.76,498,43.3735,1,5,270,0.015,1.7,1.0,0.0,0.5,15,1,5.138,0,1,0,0,0.5,0.0,0.0,0.0,0.0,0.0,1.12,-0.996,-0.061,-0.014,-4.0,1.198,3.739,1.053,-4.0,1.024,-4.001,-3.0,2.7,-1.143,-3.0,-1.703,-0.807,0.424,-3.987,-0.847,0.966,2.885,1.316,-2.006,-5.0,-1.977,-4.0,0.599,-2.003,2.423,4.559,2.31,1.705,-0.855,1.779,-3.0,1.959,0.121,-2.0,0.026,-1.803,-4.0,3.89,-0.702,-4.007,5.159,2.65,-0.973,1.235,-1.0,-4.005,-2.007,-0.919,-0.974,1.317,6.512,1.504,-3.0,5.607,2.336,-0.916,2.585,4.654,1.013,-0.443,4.948,3.899,-2.0,4.026,0.223,-3.0,-0.766,0.041,-3.0,2.823,-0.919,3.572,-1.94,1.034,0.652,-0.97,-1.0,3.385,-0.043,-0.662,-4.0,-1.936,1.02,-1.809,-0.955,4.403,0.078,2.208,-0.899,2.108,0.0,-0.423,-2.0,1.006,-0.572,1.105,1.483,0.007,2.486,5.19,-2.844,-5.0,0.008,5.606,-2.002,0.079,-2.497,0.011,0.074,-0.928,0.0,0.0,0.0,0.0,0.0,0.0,0.0,0.0,0.0,0.0
GoldS210,XAUUSDc,29,-3.1765,-6.353,3,-0.1561,0.0,445,22.9213,1,5,270,0.015,1.4,2.0,0.0,0.5,15,1,-23.611,11,1,0,0,0.0,0.0,0.0,0.0,0.0,0.0,2.414,1.276,-5.0,-0.002,-1.979,-4.0,4.418,0.993,-4.0,-3.0,-4.0,-3.0,-2.0,-3.0,-3.0,9.197,3.055,10.138,-4.0,-0.382,-1.005,0.263,-3.0,3.631,-5.0,-2.999,-4.0,-0.843,-0.984,2.088,0.263,-4.0,0.072,5.5,1.33,-3.0,0.144,1.396,-2.0,-2.0,-3.0,-4.0,4.16,2.45,-0.723,-0.849,0.046,-5.999,2.777,-1.0,-1.955,-3.999,-0.345,0.938,6.731,8.968,-0.982,-3.0,15.258,-4.0,-1.944,-0.428,2.843,1.05,-6.0,14.558,0.011,-3.0,0.059,-3.0,-3.0,-2.0,-4.0,-1.975,0.145,-4.0,0.27,8.205,1.153,0.119,0.397,-1.0,-2.679,-4.0,0.063,-4.0,-0.822,2.13,0.903,-6.0,2.345,0.034,1.1,-1.862,6.004,0.0,0.026,-2.0,2.181,-2.048,1.016,2.271,2.854,-2.0,12.89,-6.0,-4.0,2.211,9.104,-0.803,2.545,-5.999,2.1,-3.0,-0.84,0.0,0.0,0.0,0.0,0.0,0.0,0.0,0.0,0.0,0.0
GoldS210,XAUUSDc,185,1.0135,2.027,3,0.0819,98.82,498,45.5823,1,5,270,0.015,1.4,1.0,0.0,0.5,15,1,0.024,0,1,0,0,0.75,0.0,0.0,0.0,0.0,0.0,1.12,-0.996,-0.341,0.986,-1.095,-0.236,2.352,1.025,-4.0,0.504,-4.001,-3.0,1.98,-1.165,-3.0,-1.711,-0.807,3.03,-1.351,1.564,0.955,2.15,3.538,-2.006,-5.0,-2.008,-4.0,0.499,-2.003,1.752,3.841,1.135,1.366,-0.985,1.719,-3.0,1.446,0.121,-2.0,0.017,-1.803,-4.0,3.704,1.777,-4.007,3.49,2.326,-1.492,0.675,-1.0,-4.005,-2.007,-1.515,-0.998,1.256,5.145,0.154,-3.0,3.6,0.948,-0.916,1.812,3.827,1.009,-1.27,3.984,2.833,-2.0,4.017,0.204,-0.776,-0.766,-0.497,-3.0,2.426,-0.922,2.907,-1.961,0.471,0.342,-0.978,-1.0,2.184,-0.436,-0.866,-4.0,-1.962,3.638,-1.81,-1.461,5.534,0.038,2.161,-1.494,2.083,0.0,1.008,-2.0,1.006,-0.608,0.457,1.483,0.007,1.693,4.64,-0.532,-5.0,0.008,4.215,-2.01,0.079,-2.573,0.011,0.074,-0.929,0.0,0.0,0.0,0.0,0.0,0.0,0.0,0.0,0.0,0.0
GoldS210,XAUUSDc,79,18.6735,37.347,3,0.6736,119.12,475,26.5263,1,5,210,0.015,1.7,1.5,0.0,0.5,15,1,-7.14,17,1,0,0,0.25,0.0,0.0,0.0,0.0,0.0,1.994,0.044,-4.0,-1.508,-3.0,-3.887,1.449,-0.507,-4.0,-3.0,-4.0,2.135,-2.999,-3.0,-3.0,2.019,-2.173,4.614,-6.0,-1.793,3.532,-5.0,-3.0,-1.979,-5.0,0.548,-4.0,-1.339,-1.487,-0.133,8.199,-2.992,1.637,0.131,-0.01,-3.0,3.433,0.851,-2.0,1.074,-4.0,-4.0,16.639,-0.385,-3.445,-0.025,1.239,-5.999,-1.459,-1.0,-3.001,-1.392,-1.949,-0.134,2.919,17.983,2.081,-3.0,54.01,-4.0,0.15,10.277,-1.229,0.152,-5.999,-0.215,-0.509,0.345,4.86,0.129,-3.0,-2.0,3.485,-2.488,5.816,0.039,-0.302,6.378,5.987,1.12,-0.38,-1.0,-4.367,1.474,6.306,-4.0,-0.495,-0.64,-0.635,-6.0,-0.786,-2.0,1.748,-3.999,4.328,0.0,5.29,-2.0,-2.0,-2.558,5.394,0.855,1.729,8.654,3.994,-5.999,-5.0,1.684,0.026,-1.424,1.31,-5.999,4.067,-3.999,0.838,0.0,0.0,0.0,0.0,0.0,0.0,0.0,0.0,0.0,0.0
GoldS210,XAUUSDc,148,-9.374,-28.122,2,-0.5374,0.0,453,21.8543,1,5,210,0.015,1.4,2.0,0.0,0.5,15,1,-41.758,14,1,0,0,0.5,0.0,0.0,0.0,0.0,0.0,2.771,1.276,-3.0,-2.002,-2.999,-5.0,3.272,0.993,-4.0,-3.0,-4.0,4.255,-2.0,-3.0,-3.0,9.636,-0.434,7.144,-6.0,-0.381,-0.005,-2.858,-2.999,3.631,-5.0,-3.0,-4.0,-0.671,-0.944,8.456,0.351,-5.0,-1.279,0.695,1.056,-3.0,5.233,1.537,-2.0,-2.0,-4.0,-4.0,8.809,2.516,-2.568,-1.76,0.046,-6.0,8.28,-1.0,-1.916,-3.999,-0.812,0.938,6.85,-2.908,1.066,-3.0,4.744,-4.0,-1.807,-4.0,3.03,1.113,-6.0,-2.0,0.009,-2.0,3.649,-3.0,-3.0,-2.0,1.874,-1.975,-0.855,-4.0,0.317,5.54,3.828,0.093,0.397,-1.0,-3.679,0.839,0.534,-4.0,0.306,0.56,1.215,-6.0,1.369,-2.0,1.099,-1.864,6.004,0.0,2.478,-2.0,-2.0,-2.047,3.476,2.033,3.431,-2.0,16.976,-5.999,-5.0,3.037,1.408,-0.804,2.58,-5.999,5.768,-3.0,0.924,0.0,0.0,0.0,0.0,0.0,0.0,0.0,0.0,0.0,0.0
GoldS210,XAUUSDc,87,14.7795,29.559,3,0.6139,157.3,453,21.4128,1,5,150,0.015,1.4,2.0,0.0,0.5,15,1,-16.937,12,1,0,0,0.25,0.0,0.0,0.0,0.0,0.0,3.223,1.52,-4.0,-1.002,-3.0,-5.0,24.875,0.993,-4.0,1.208,-4.0,-2.0,-2.0,-3.0,-3.0,10.454,2.339,5.699,-0.375,0.31,-0.005,-1.867,-3.0,3.631,-5.0,-3.0,-4.0,-0.484,-0.59,7.661,0.724,-5.0,-4.998,0.695,0.977,-3.0,3.922,2.098,-2.0,-2.0,-4.0,-4.0,-0.324,5.76,-2.975,-2.527,0.046,-5.999,-0.873,-1.0,-1.616,-4.0,-0.724,0.938,6.456,1.286,-0.251,-3.0,15.576,-4.0,-0.781,0.838,3.453,-3.0,-6.0,1.65,0.009,-2.0,3.286,-3.0,-3.0,-2.0,6.317,-1.975,-0.632,-4.0,0.655,4.514,6.272,0.093,0.397,-1.0,-3.679,0.342,-5.0,-4.0,0.893,0.322,-1.828,-5.999,1.345,-2.0,1.099,-1.835,6.072,0.0,-2.519,-2.0,-2.0,-2.019,7.765,2.27,-0.809,-2.0,51.731,-6.999,-5.0,3.342,-1.465,-0.767,2.786,-5.999,5.402,-3.0,6.231,0.0,0.0,0.0,0.0,0.0,0.0,0.0,0.0,0.0,0.0
GoldS210,XAUUSDc,82,23.7887,35.683,4,0.4626,124.67,478,24.6862,1,5,210,0.015,2.0,1.5,0.0,0.5,15,1,-8.804,15,1,0,0,0.25,0.0,0.0,0.0,0.0,0.0,1.994,0.089,-4.0,-1.508,-3.0,-3.876,1.759,-0.506,-4.0,-3.0,-4.0,2.776,-3.0,-3.0,-3.0,-3.432,-5.0,4.759,-6.0,-0.64,4.699,-5.0,-3.0,-0.899,-5.0,-4.0,-4.0,-1.339,-1.478,0.406,-1.326,-2.991,4.488,1.062,-0.01,-3.0,3.547,0.851,-1.999,2.173,-4.0,-4.0,6.623,0.061,-3.445,0.674,1.475,-5.998,-1.414,-1.0,-3.001,-1.291,-1.94,-3.0,3.313,18.024,2.081,-3.0,55.404,-4.0,0.172,10.356,-1.189,-3.0,-5.999,0.085,-0.509,0.405,4.993,0.251,-3.0,-2.0,3.484,-2.488,5.906,3.588,-1.25,-3.998,5.987,1.272,-0.322,-1.0,-4.261,1.517,32.691,-4.0,-0.384,-0.253,-0.428,-6.0,-0.64,-2.0,1.891,-3.999,5.474,0.0,5.29,-2.0,-2.0,-2.558,5.394,2.381,1.729,8.654,4.274,-5.999,-5.0,1.684,0.026,-1.399,1.438,-6.0,4.415,-4.0,-0.163,0.0,0.0,0.0,0.0,0.0,0.0,0.0,0.0,0.0,0.0
GoldS210,XAUUSDc,46,-26.1668,-157.001,1,-0.9442,0.0,461,11.0629,1,5,210,0.015,2.0,2.5,0.0,0.5,15,1,-184.601,11,1,0,0,0.0,0.0,0.0,0.0,0.0,0.0,-1.0,6.333,-4.0,-1.0,-4.0,-5.0,-1.436,0.496,-4.0,-3.0,-4.0,-2.0,-3.0,-3.0,-3.0,-6.0,-5.0,-4.0,-6.0,-3.999,-0.495,-5.999,-3.0,-4.999,-4.998,-4.0,-4.0,0.142,0.118,-6.0,1.965,-4.999,-0.115,25.113,-1.365,-3.0,-3.0,2.275,-1.999,-2.0,-3.999,-4.0,20.63,-8.0,-5.999,-5.999,-3.999,-6.0,4.681,-1.0,-0.582,-4.0,2.342,-3.0,-1.0,-0.979,-5.0,-3.0,-3.998,-4.0,-0.077,-4.998,-4.0,-3.0,-6.0,-1.998,0.756,-1.999,6.429,-2.999,-3.0,-2.0,-0.484,-1.156,-4.0,-4.0,0.956,-3.998,-3.0,-0.749,11.44,-1.0,26.806,2.496,1.935,-4.0,2.308,-2.052,-4.0,-6.0,3.354,0.55,-5.0,-0.464,-0.288,0.0,1.076,-2.0,-2.0,-1.491,1.662,-1.443,1.492,-2.0,-4.998,-5.999,-5.0,5.895,-0.068,-4.0,-4.0,-5.999,1.017,-5.0,2.951,0.0,0.0,0.0,0.0,0.0,0.0,0.0,0.0,0.0,0.0
GoldS210,XAUUSDc,116,-21.769,-130.614,1,-0.8805,0.0,450,9.1111,1,5,270,0.015,1.7,3.0,0.0,0.5,15,1,-160.754,15,1,0,0,0.25,0.0,0.0,0.0,0.0,0.0,-1.0,10.967,-5.0,-1.999,-4.0,-4.0,-0.887,1.005,-4.0,-3.0,-4.0,-3.0,-3.0,-3.0,-3.0,-5.0,-4.0,2.417,-5.0,-4.0,-5.0,-5.0,-3.0,-5.0,-5.0,-3.0,-4.0,-3.0,0.822,-6.0,-3.0,-4.999,0.795,13.312,-0.049,-3.0,-3.0,2.73,-2.0,-2.0,-4.0,-4.0,3.22,2.452,-6.0,-5.998,-3.0,-5.999,2.455,-1.0,0.616,-4.0,4.229,-3.0,-1.0,-0.526,14.075,-3.0,-2.998,-4.0,-3.999,-4.0,-4.998,2.573,-5.999,-1.999,1.405,-3.0,-3.0,-2.999,-3.0,-2.0,11.983,-0.234,-3.998,-4.0,3.422,-4.0,-3.0,0.361,10.698,-1.0,17.671,-4.0,2.317,-4.0,1.103,-4.999,-4.0,-6.0,7.827,-2.0,-4.999,-0.078,0.223,0.0,-5.999,-2.0,29.14,-4.0,2.162,-0.9,7.153,-2.0,-0.741,-6.0,-5.0,-3.999,0.5,-4.0,-3.0,-5.997,1.531,-5.0,3.615,0.0,0.0,0.0,0.0,0.0,0.0,0.0,0.0,0.0,0.0
GoldS210,XAUUSDc,103,166.1727,997.036,1,10.5323,114.15,453,12.5828,1,5,210,0.015,1.7,2.5,0.0,0.5,15,1,-141.109,17,1,0,0,0.25,0.0,0.0,0.0,0.0,0.0,-1.0,3.743,-4.0,-1.999,-3.0,-5.0,-1.447,0.495,-4.0,-3.0,-4.0,-2.0,-2.999,-3.0,-3.0,-5.0,2.005,1.222,-6.0,-4.0,-0.498,-5.0,-3.0,-5.0,-5.0,-3.0,-4.0,0.061,-0.19,-6.0,1.394,-5.0,-0.333,6.895,-1.366,-3.0,3.515,2.252,-2.0,-2.0,-4.0,-4.0,18.325,-2.453,-5.999,2.188,-3.0,-5.999,0.23,-1.0,-0.769,-4.0,1.777,-3.0,-1.0,-1.861,9.382,-3.0,1136.147,13.667,-0.164,-4.0,1.163,-3.0,-5.999,-2.0,0.659,-2.0,5.679,-2.997,-3.0,-2.0,9.151,-1.29,-4.0,-4.0,1.312,-4.0,-3.0,-1.826,3.773,-1.0,2.071,2.183,1.873,-4.0,1.638,-2.051,-4.0,-6.0,-0.245,-2.0,-4.999,-0.971,-0.346,0.0,-5.999,-2.0,-2.0,-1.492,-2.0,-1.452,5.633,-2.0,-5.0,-5.999,-5.0,5.073,3.127,-4.0,-3.0,-0.998,0.812,-4.999,3.331,0.0,0.0,0.0,0.0,0.0,0.0,0.0,0.0,0.0,0.0
GoldS210,XAUUSDc,69,23.8827,35.824,4,1.4332,28.76,498,41.1647,1,5,150,0.015,2.0,1.0,0.0,0.5,15,1,25.521,6,1,0,0,0.25,0.0,0.0,0.0,0.0,0.0,1.389,-0.992,-0.404,-0.014,-3.0,-2.809,6.75,1.104,-4.0,0.438,-4.001,0.149,3.842,-0.592,-3.0,-1.439,-1.034,0.741,-3.172,1.941,0.997,0.313,0.559,-2.006,-5.0,-1.929,-4.0,0.681,-1.943,2.063,5.798,2.051,4.372,-0.604,-1.016,-3.0,1.121,0.345,-2.0,0.034,-1.931,-4.0,7.601,2.194,-4.006,-1.964,3.598,0.275,-2.018,-1.0,-4.006,-2.007,-1.077,-3.0,1.269,11.203,-2.598,-3.0,14.836,6.751,-1.011,4.88,1.817,-1.004,1.863,6.385,-0.027,0.297,4.038,0.557,-3.0,-0.513,1.65,-3.0,3.377,-0.777,0.631,-1.911,2.294,0.143,-0.957,-1.0,1.566,-0.025,-2.204,-4.0,-1.13,0.061,-3.003,-1.163,11.338,0.135,2.219,0.909,2.198,0.0,-0.279,-2.0,1.281,-3.041,3.023,1.999,0.007,5.472,4.415,-5.001,-5.0,0.525,7.288,-1.994,0.164,-2.669,2.015,0.078,2.055,0.0,0.0,0.0,0.0,0.0,0.0,0.0,0.0,0.0,0.0
GoldS210,XAUUSDc,67,19.053,38.106,3,1.1036,27.04,498,41.1647,1,5,210,0.015,1.7,1.0,0.0,0.5,15,1,27.803,10,1,0,0,0.25,0.0,0.0,0.0,0.0,0.0,1.239,-0.996,-0.319,-0.014,-3.0,-2.728,8.124,1.053,-4.0,1.005,-4.001,0.36,2.981,-1.045,-3.0,-1.575,-0.983,0.692,-6.0,1.653,0.972,0.811,1.17,-2.006,-5.0,-1.977,-4.0,0.459,-2.003,-0.842,4.559,5.421,2.884,-0.855,-1.016,-3.0,1.635,0.164,-2.0,0.026,-1.94,-4.0,6.071,-1.227,-4.006,-1.976,3.584,0.515,-2.027,-1.0,-4.006,-2.007,-1.113,-0.974,1.338,11.544,-1.287,-3.0,14.452,6.272,-1.011,6.349,-0.972,1.263,2.948,8.312,-0.035,0.379,4.026,0.335,-3.0,-0.717,1.65,-3.0,3.996,-0.903,0.908,-1.94,2.688,0.331,-0.97,-1.0,1.566,-0.383,-0.662,-4.0,-1.425,0.021,-1.725,0.613,9.192,0.078,2.106,0.909,2.108,0.0,0.49,-2.0,1.132,-3.042,3.023,1.59,0.007,5.472,4.519,-2.539,-5.0,0.386,8.603,-2.002,0.091,-2.779,2.104,0.107,-0.152,0.0,0.0,0.0,0.0,0.0,0.0,0.0,0.0,0.0,0.0
GoldS210,XAUUSDc,104,192.442,1154.652,1,11.875,112.57,454,12.9956,1,5,270,0.015,1.7,2.5,0.0,0.5,15,1,-145.147,14,1,0,0,0.25,0.0,0.0,0.0,0.0,0.0,-1.0,3.743,-5.0,-1.999,-4.0,-4.0,-1.447,0.495,-4.0,-3.0,-4.0,-3.0,-3.0,-3.0,-3.0,-5.0,2.77,1.199,-5.0,-4.0,-1.498,3.236,-3.0,-5.0,-5.0,-3.0,-4.0,-0.191,-0.206,-6.0,1.273,-4.999,-1.174,6.895,-0.853,-3.0,3.515,2.061,-2.0,-2.0,-4.0,-4.0,7.399,-2.452,-6.0,3.599,-3.0,-5.999,1.097,-1.0,-0.844,-4.0,2.379,-3.0,-1.0,-1.861,9.641,-3.0,1297.801,-4.0,-0.348,0.962,1.163,1.846,-5.999,-1.999,0.659,-3.0,0.893,-2.999,-3.0,-2.0,9.15,-1.29,-3.998,-4.0,1.246,-4.0,-3.0,-1.79,3.773,-1.0,2.071,-4.0,1.204,-4.0,0.201,-0.08,-4.0,-6.0,-0.277,-2.0,-4.999,-0.971,-0.346,0.0,-5.999,-2.0,16.816,-1.492,-2.0,-1.453,4.806,-2.0,-1.359,-6.0,-5.0,3.94,2.859,-4.0,-3.0,-0.998,0.811,-5.0,1.069,0.0,0.0,0.0,0.0,0.0,0.0,0.0,0.0,0.0,0.0
GoldS210,XAUUSDc,78,34.3505,68.701,3,2.2929,64.75,475,27.5789,1,5,150,0.015,1.7,1.5,0.0,0.5,15,1,24.214,15,1,0,0,0.25,0.0,0.0,0.0,0.0,0.0,2.295,0.044,-4.0,-1.508,-3.0,-4.025,19.16,-0.507,-4.0,0.302,-4.0,2.03,-3.0,-3.0,-3.0,2.444,0.151,3.57,-1.808,-1.358,4.379,-4.0,-3.0,-1.979,-5.0,0.548,-4.0,-1.238,-1.319,4.117,8.401,0.442,-1.305,0.131,-0.021,-3.0,2.423,1.221,-2.0,1.074,-4.0,-4.0,8.921,6.92,-3.503,-0.371,1.239,-5.999,-1.459,-1.0,-2.901,-1.247,-1.887,-0.134,2.69,21.221,-1.425,-3.0,56.246,-4.0,0.813,10.409,-0.965,-3.0,-6.0,2.67,-0.509,0.204,4.715,0.059,-3.0,-2.0,3.484,-2.488,4.348,0.347,-0.113,5.662,5.261,0.582,-0.38,-1.0,-4.367,2.357,3.735,-4.0,-0.069,-0.711,-2.432,-2.24,-0.801,-2.0,1.759,-3.999,4.373,0.0,3.723,-2.0,-2.0,-2.555,5.394,1.011,-1.448,8.654,3.822,-6.999,-5.0,1.906,0.081,-1.424,1.45,-5.999,3.836,-4.0,4.57,0.0,0.0,0.0,0.0,0.0,0.0,0.0,0.0,0.0,0.0
GoldS210,XAUUSDc,105,-24.0447,-144.268,1,-0.8989,0.0,463,10.5832,1,5,150,0.015,2.0,2.5,0.0,0.5,15,1,-171.868,15,1,0,0,0.25,0.0,0.0,0.0,0.0,0.0,-1.0,6.444,-4.0,-2.0,-3.0,-5.0,-1.403,0.496,-4.0,2.388,-4.0,-2.0,-3.0,-3.0,-3.0,-6.0,-1.549,-4.0,1.367,-3.999,-0.495,-5.0,-3.0,-4.999,-5.0,-4.0,-4.0,0.415,0.569,1.211,2.426,-5.999,-4.998,25.113,-1.511,-3.0,-2.999,3.026,-2.0,-2.0,-4.0,-4.0,2.439,-8.0,-5.999,-5.999,-4.0,-5.999,1.117,-1.0,-0.117,-4.0,2.455,-3.0,-1.0,7.19,0.937,-3.0,-2.945,-4.999,1.29,2.093,-4.0,-3.0,-6.0,4.101,0.756,-2.0,5.848,-2.999,-3.0,-2.0,9.151,-1.156,-3.999,-4.0,1.431,-3.998,-3.0,-0.749,11.44,-1.0,21.6,-5.0,-4.999,-4.0,3.056,-2.458,-1.028,-5.999,2.322,-2.0,-5.0,-0.419,-0.288,0.0,-1.767,-2.0,-2.0,-1.436,-2.0,-1.444,-4.0,-2.0,-4.998,-6.999,-5.0,6.512,0.484,-4.0,-4.0,-6.0,1.019,-4.999,9.781,0.0,0.0,0.0,0.0,0.0,0.0,0.0,0.0,0.0,0.0
GoldS210,XAUUSDc,107,-27.201,-163.206,1,-0.9587,0.0,463,10.1512,1,5,270,0.015,2.0,2.5,0.0,0.5,15,1,-190.806,11,1,0,0,0.25,0.0,0.0,0.0,0.0,0.0,-1.0,6.333,-5.0,-2.0,-4.0,-4.0,-1.434,0.496,-4.0,-3.0,-4.0,-3.0,-3.0,-3.0,-3.0,-6.0,-5.0,-4.0,-5.999,-4.0,-1.495,7.039,-3.0,-4.999,-5.0,-4.0,-4.0,-0.11,0.118,-6.0,1.9,-5.0,-0.92,25.113,-0.852,-3.0,-3.0,2.084,-2.0,-2.0,-4.0,-4.0,9.724,-8.0,-6.0,-6.0,-4.0,-5.998,1.984,-1.0,-0.641,-4.0,2.944,-3.0,-1.0,-0.979,9.641,-3.0,-2.996,-5.0,-0.262,0.445,-4.0,-1.999,-5.999,-1.998,0.756,-3.0,1.243,-2.999,-3.0,-2.0,9.15,-1.156,-3.998,-4.0,0.912,-3.998,-3.0,-0.714,11.44,-1.0,21.6,-4.0,1.266,-4.0,0.872,-0.08,-4.0,-6.0,2.322,-2.0,-4.999,-0.464,-0.288,0.0,-5.999,-2.0,-2.0,-1.492,-2.0,-1.445,0.665,-2.0,-1.282,-6.0,-5.0,4.795,-0.161,-4.0,-3.999,-6.0,1.017,-4.999,0.689,0.0,0.0,0.0,0.0,0.0,0.0,0.0,0.0,0.0,0.0
GoldS210,XAUUSDc,92,67.9165,135.833,3,1.5552,164.95,461,17.7874,1,5,270,0.015,1.7,2.0,0.0,0.5,15,1,-88.217,12,1,0,0,0.25,0.0,0.0,0.0,0.0,0.0,2.441,1.755,-5.0,-1.002,-4.0,-4.0,-1.982,-0.007,-4.0,-3.0,-4.0,-3.0,-3.0,-3.0,-3.0,-5.0,0.743,16.681,-5.0,-4.0,-2.005,0.475,-3.0,-5.0,-5.0,-3.0,-4.0,-0.835,-0.933,-6.0,0.364,-4.999,-1.872,2.778,1.331,-3.0,0.439,1.396,-2.0,-2.0,-4.0,-4.0,4.384,8.006,-0.723,-0.823,0.051,-5.999,-0.032,-1.0,-1.934,-4.0,-0.328,5.417,-1.0,-2.822,5.449,-3.0,239.096,-4.0,-1.925,-0.42,-1.172,1.081,-5.999,-1.999,0.018,-3.0,0.124,-2.999,-3.0,-2.0,6.317,-1.975,-0.588,-4.0,0.362,-4.0,9.348,0.209,1.268,-1.0,-3.163,-4.0,0.095,-4.0,-0.644,-1.172,-4.0,-6.0,1.915,-2.0,-4.999,-1.795,8.054,0.0,-5.999,-2.0,7.388,-2.048,7.765,6.359,2.941,-2.0,12.56,-6.0,-5.0,2.316,1.332,-0.544,2.991,-5.999,2.136,-4.0,0.184,0.0,0.0,0.0,0.0,0.0,0.0,0.0,0.0,0.0,0.0
GoldS210,XAUUSDc,215,-19.3008,-115.805,1,-0.7289,0.0,467,16.7024,1,5,270,0.015,2.0,2.0,0.0,0.5,15,1,-139.923,10,1,0,0,0.75,0.0,0.0,0.0,0.0,0.0,2.478,2.814,-4.0,-0.002,-4.0,-5.0,-1.98,-0.006,-4.0,-3.0,-4.0,-3.0,-2.998,-3.0,-3.0,-6.0,-5.0,-4.0,-5.999,-4.0,-2.005,0.73,-3.0,-4.999,-5.0,-4.0,-4.0,-0.815,-0.838,-0.361,0.553,-5.0,-1.801,9.38,1.331,-3.0,0.983,1.396,-2.0,-2.0,-4.0,-4.0,4.867,-1.793,-1.714,-1.129,-0.943,-6.0,6.179,-1.0,-1.903,-4.0,-1.407,-3.0,-1.0,3.939,-0.383,-3.0,2.406,-4.0,-1.895,-1.407,-4.0,1.107,-6.0,5.129,0.024,-3.0,0.192,-2.999,-3.0,-2.0,0.389,-1.975,-0.04,-4.0,-0.479,-3.998,2.632,0.386,3.679,-1.0,-1.792,-4.0,0.143,-4.0,-0.387,-1.173,-4.0,-6.0,3.329,-2.0,-5.0,-1.68,14.268,0.0,5.385,-2.0,-2.0,-2.048,2.025,23.144,3.152,-2.0,16.573,-6.0,-4.999,2.503,-1.677,0.04,-0.803,-6.0,2.202,-3.999,-0.736,0.0,0.0,0.0,0.0,0.0,0.0,0.0,0.0,0.0,0.0
GoldS210,XAUUSDc,154,-15.4337,-92.602,1,-0.6208,0.0,467,16.7024,1,5,210,0.015,2.0,2.0,0.0,0.5,15,1,-116.482,15,1,0,0,0.5,0.0,0.0,0.0,0.0,0.0,2.835,2.814,-4.0,-1.002,-3.0,-5.0,-1.98,-0.006,-4.0,-3.0,-4.0,-2.0,-2.999,-3.0,-3.0,-6.0,-5.0,-4.0,-6.0,-3.999,-1.005,-2.802,-2.999,-4.999,-5.0,-4.0,-4.0,-0.643,-0.838,4.603,0.602,-4.999,-1.199,9.38,1.055,-3.0,6.417,1.537,-1.999,-2.0,-4.0,-4.0,9.48,-2.025,-2.567,-1.694,-0.943,-6.0,8.845,-1.0,-1.878,-4.0,-0.778,-3.0,-1.0,-2.663,1.066,-3.0,3.746,-3.999,-1.758,-4.999,-4.0,-2.999,-6.0,-1.999,0.024,-1.999,3.795,-2.999,-3.0,-2.0,1.874,-1.975,-0.04,-4.0,-0.447,-3.998,3.828,0.36,3.679,-1.0,-1.792,1.012,0.614,-4.0,0.74,-2.743,-3.999,-6.0,3.352,-2.0,-5.0,-1.68,14.268,0.0,2.478,-2.0,-2.0,-2.047,3.476,22.906,3.729,-2.0,22.601,-5.999,-5.0,3.329,-1.63,0.04,-0.768,-6.0,7.772,-4.0,1.028,0.0,0.0,0.0,0.0,0.0,0.0,0.0,0.0,0.0,0.0
GoldS210,XAUUSDc,88,-2.4173,-7.252,2,-0.1382,0.0,453,21.1921,1,5,210,0.015,1.4,2.0,0.0,0.5,15,1,-36.056,13,1,0,0,0.25,0.0,0.0,0.0,0.0,0.0,2.771,1.276,-3.0,-2.002,-2.999,-5.0,3.27,0.993,-4.0,-3.0,-4.0,4.255,-2.0,-3.0,-3.0,9.636,-0.434,8.432,-6.0,-0.381,-0.005,-2.858,-3.0,3.631,-5.0,-3.0,-4.0,-0.671,-0.944,1.966,0.351,-5.0,-1.279,0.695,1.055,-3.0,5.233,1.537,-2.0,-2.0,-4.0,-4.0,11.921,2.517,-2.568,-1.76,0.046,-5.999,-0.88,-1.0,-1.916,-3.999,-0.812,0.938,6.85,-2.908,5.449,-3.0,10.331,-4.0,-1.807,-4.0,3.03,1.112,-5.999,-2.0,0.009,-2.0,3.649,-3.0,-3.0,-2.0,6.317,-1.975,-0.855,-4.0,0.317,5.54,8.502,0.093,0.397,-1.0,-3.679,0.839,0.534,-4.0,0.306,0.561,1.214,-6.0,1.369,-2.0,1.1,-1.863,6.004,0.0,-5.999,-2.0,-2.0,-2.048,7.765,2.033,3.431,-2.0,34.198,-5.999,-5.0,3.037,1.408,-0.804,2.58,-5.999,5.768,-3.0,0.924,0.0,0.0,0.0,0.0,0.0,0.0,0.0,0.0,0.0,0.0
GoldS210,XAUUSDc,80,33.082,49.623,4,0.9672,89.65,476,26.8908,1,5,270,0.015,1.7,1.5,0.0,0.5,15,1,5.136,20,1,0,0,0.25,0.0,0.0,0.0,0.0,0.0,1.756,0.044,-5.0,-1.508,-4.0,-2.747,2.148,-0.507,-4.0,-3.0,-4.0,-3.0,-3.0,-3.0,-3.0,1.733,-1.801,8.437,-3.417,-1.793,3.289,-1.222,-3.0,-1.979,-5.0,0.548,-4.0,-1.432,-1.487,-3.136,8.167,-3.182,1.229,0.131,4.42,-3.0,8.198,0.758,-2.0,1.074,-4.0,-4.0,12.16,-0.405,-3.181,0.387,1.239,-5.999,-1.043,-1.0,-2.998,-1.392,-1.618,-0.134,2.85,17.983,2.081,-3.0,56.107,-4.0,0.238,12.582,-1.346,0.527,-5.999,-0.214,-0.509,-3.0,5.668,-0.081,-3.0,-2.0,3.484,-2.488,5.816,0.004,2.176,8.24,6.002,2.26,-0.38,-1.0,-4.367,-2.507,6.306,-4.0,-1.315,0.528,-0.833,-6.0,-0.801,-2.0,1.955,-3.999,4.328,0.0,8.349,-2.0,1.446,3.652,5.394,1.012,1.4,4.813,1.912,-6.0,-5.0,1.082,0.026,-1.424,1.287,-5.999,1.069,-4.0,-0.429,0.0,0.0,0.0,0.0,0.0,0.0,0.0,0.0,0.0,0.0
GoldS210,XAUUSDc,106,-26.0075,-156.045,1,-0.9438,0.0,462,9.9567,1,5,210,0.015,2.0,2.5,0.0,0.5,15,1,-183.645,13,1,0,0,0.25,0.0,0.0,0.0,0.0,0.0,-1.0,6.333,-4.0,-2.0,-3.0,-5.0,-1.434,0.496,-4.0,-3.0,-4.0,-2.0,-3.0,-3.0,-3.0,-6.0,-5.0,-4.0,-6.0,-3.999,-0.495,-6.0,-3.0,-4.999,-5.0,-4.0,-4.0,0.142,0.118,-6.0,1.965,-4.999,-0.115,25.113,-1.366,-3.0,-3.0,2.275,-1.999,-2.0,-4.0,-4.0,20.63,-8.0,-5.999,-6.0,-4.0,-5.998,1.117,-1.0,-0.582,-4.0,2.342,-3.0,-1.0,-0.979,9.382,-3.0,-2.996,-5.0,-0.077,-4.999,-4.0,-3.0,-5.999,-1.999,0.756,-1.999,6.429,-2.999,-3.0,-2.0,9.15,-1.156,-4.0,-4.0,0.956,-3.998,-3.0,-0.749,11.44,-1.0,21.6,2.496,1.935,-4.0,2.308,-2.051,-4.0,-6.0,2.354,-2.0,-4.999,-0.464,-0.288,0.0,-5.999,-2.0,-2.0,-1.492,-2.0,-1.443,1.492,-2.0,-4.998,-5.999,-5.0,5.895,-0.069,-4.0,-4.0,-6.0,1.017,-5.0,2.951,0.0,0.0,0.0,0.0,0.0,0.0,0.0,0.0,0.0,0.0
GoldS210,XAUUSDc,135,-2.3603,-14.162,1,-0.365,0.0,468,29.4872,1,5,150,0.015,1.4,1.5,0.0,0.5,15,1,-22.816,6,1,0,0,0.5,0.0,0.0,0.0,0.0,0.0,2.295,0.013,-4.0,-1.508,-3.0,-3.025,8.124,0.493,-4.0,0.296,-4.0,1.807,-2.0,-3.0,-3.0,-0.123,0.043,3.489,-1.815,-1.832,3.943,-4.0,-3.0,-2.351,-5.0,0.074,-4.0,-1.238,-1.321,3.863,2.432,-0.068,-2.195,-0.306,6.739,-3.0,2.393,1.221,-2.0,0.651,-4.0,-4.0,2.528,5.969,-3.504,-0.651,1.099,-6.0,4.626,-1.0,-2.901,-1.298,-1.895,-0.356,2.523,6.659,-0.425,-3.0,14.226,-4.0,0.797,6.879,-0.974,-2.999,-6.0,2.493,4.955,-0.237,4.678,3.675,-3.0,-2.0,0.458,-2.488,3.012,-0.601,-0.148,1.581,2.929,0.496,-0.428,-1.0,-4.404,2.336,-1.498,-4.0,-0.155,-0.878,-2.431,-2.24,7.815,-2.0,3.096,-4.0,3.945,0.0,1.095,-2.0,-2.0,-2.554,2.291,0.438,-1.448,2.48,7.372,-7.0,-5.0,1.906,0.081,-1.45,1.405,-5.999,3.664,-3.0,5.199,0.0,0.0,0.0,0.0,0.0,0.0,0.0,0.0,0.0,0.0
GoldS210,XAUUSDc,134,-6.0667,-18.2,2,-0.3853,0.0,465,29.8925,1,5,270,0.015,1.1,1.5,0.0,0.5,15,1,-26.854,7,1,0,0,0.5,0.0,0.0,0.0,0.0,0.0,1.756,-0.011,-4.0,-1.508,-4.0,-2.747,10.885,0.493,-2.0,-3.0,-4.0,-3.0,-1.0,-1.63,-3.0,-1.243,-1.964,3.881,-3.466,-0.474,2.737,-1.233,-3.0,-2.461,-5.0,-0.485,-4.0,-0.432,2.071,0.992,1.214,-3.183,0.108,-0.474,4.251,-3.0,5.362,0.758,-2.0,0.512,-4.0,-4.0,4.701,-0.754,-3.189,-0.045,1.023,-6.0,5.019,-1.0,-2.998,-1.483,-1.626,-0.394,2.651,3.555,-0.615,-3.0,14.058,-4.0,0.216,6.32,-1.355,0.518,-6.0,-0.447,6.471,-3.0,5.541,2.448,-3.0,-2.0,0.458,-2.492,2.945,-1.162,2.119,2.682,2.944,1.96,-0.433,-1.0,-4.407,-2.507,0.285,-4.0,-1.455,0.313,-0.932,-0.046,7.793,-1.999,2.941,-4.0,3.837,0.0,2.737,-2.0,0.679,1.082,2.291,0.357,1.4,2.48,9.084,-6.0,-5.0,1.082,0.026,-1.45,1.24,-5.999,1.054,-3.0,1.569,0.0,0.0,0.0,0.0,0.0,0.0,0.0,0.0,0.0,0.0
GoldS210,XAUUSDc,167,-49.0973,-147.292,2,-0.9545,0.0,462,10.6061,1,5,270,0.015,2.0,2.5,0.0,0.5,15,1,-174.892,13,1,0,0,0.5,0.0,0.0,0.0,0.0,0.0,-1.0,6.333,-4.0,-2.0,-4.0,-4.0,-1.436,0.496,-4.0,-3.0,-4.0,-3.0,-3.0,-3.0,-3.0,-6.0,-5.0,-4.0,-5.999,-4.0,-1.495,7.04,-3.0,-4.999,-5.0,-4.0,-4.0,-0.11,0.118,4.059,1.9,-4.999,-0.92,25.113,-0.851,-3.0,-3.0,2.084,-2.0,-2.0,-4.0,-4.0,9.724,-7.999,-6.0,-6.0,-4.0,-6.0,1.984,-1.0,-0.641,-4.0,2.944,-3.0,-1.0,-0.979,3.51,-3.0,-2.998,-5.0,-0.262,0.446,-4.0,-1.998,-6.0,-1.999,0.756,-3.0,1.243,-2.999,-3.0,-2.0,3.291,-1.156,-4.0,-4.0,0.912,-3.998,-3.0,-0.714,11.44,-1.0,21.6,-4.0,1.266,-4.0,0.872,-0.081,-3.999,-6.0,2.322,-2.0,-5.0,-0.465,-0.288,0.0,10.852,-2.0,-2.0,-1.492,-2.0,-1.445,0.665,-2.0,-1.282,-6.0,-5.0,4.795,-0.161,-4.0,-3.999,-6.0,1.017,-4.999,0.689,0.0,0.0,0.0,0.0,0.0,0.0,0.0,0.0,0.0,0.0
GoldS210,XAUUSDc,15,-7.7862,-46.717,1,-0.7546,0.0,467,29.7645,1,5,150,0.015,1.4,1.5,0.0,0.5,15,1,-55.903,2,1,0,0,0.0,0.0,0.0,0.0,0.0,0.0,2.295,0.013,-4.0,-0.508,-4.0,-4.025,0.708,0.493,-4.0,0.296,-4.0,1.807,-2.0,-3.0,-3.0,-0.123,0.043,3.489,-0.815,-1.832,3.943,-1.678,-3.0,-2.351,-5.0,0.074,-4.0,-1.238,-1.321,3.863,2.432,0.35,0.318,-0.306,-0.021,-3.0,2.393,1.221,-2.0,0.651,-3.0,-4.0,2.528,6.045,-3.504,-0.651,1.099,-6.0,1.009,-1.0,-2.901,-1.298,-1.895,-0.356,2.523,2.165,-1.425,-3.0,-1.202,-4.0,0.797,1.02,-0.974,-3.0,-6.0,5.15,-0.509,-0.237,4.678,3.675,-3.0,-2.0,-1.492,-2.488,4.342,-0.601,-0.148,1.581,5.261,0.496,-0.428,-1.0,-0.81,2.336,-1.498,-4.0,-0.155,-0.878,-2.432,-2.24,2.678,-0.481,3.096,-4.0,3.945,0.0,1.747,-2.0,-2.0,-2.555,0.511,0.438,-1.448,-0.481,7.372,-1.668,-5.0,1.906,0.081,-1.45,1.405,-5.998,3.664,-3.0,10.767,0.0,0.0,0.0,0.0,0.0,0.0,0.0,0.0,0.0,0.0
GoldS210,XAUUSDc,226,-38.1207,-114.362,2,-0.9212,0.0,461,11.4967,1,5,210,0.015,2.0,2.5,0.0,0.5,15,1,-141.962,19,1,0,0,0.75,0.0,0.0,0.0,0.0,0.0,-1.0,6.333,-4.0,-1.0,-4.0,-5.0,-1.436,0.496,-4.0,-3.0,-4.0,-2.0,-3.0,-3.0,-3.0,-6.0,-5.0,-4.0,-5.998,-4.0,-0.495,6.062,-3.0,-4.999,-5.0,-4.0,-4.0,0.142,0.118,0.728,1.965,-4.999,-0.115,25.113,-1.364,-3.0,-2.998,2.275,-1.999,-2.0,-4.0,-4.0,14.226,-7.999,-5.998,-5.999,-4.0,-6.0,1.117,-1.0,-0.582,-4.0,1.464,-3.0,-1.0,9.095,1.363,-3.0,-2.997,-5.0,-0.077,-4.999,-4.0,-3.0,-6.0,8.173,0.756,-1.999,6.429,-2.999,-3.0,-2.0,1.332,-1.156,-4.0,-4.0,0.956,-3.998,-3.0,-0.749,11.44,-1.0,21.6,2.434,1.935,-4.0,2.24,-2.052,-4.0,-6.0,2.355,-2.0,-5.0,-0.465,-0.288,0.0,11.201,-2.0,-2.0,-1.492,7.446,-1.443,1.492,-2.0,-4.998,-5.999,-4.999,5.895,-0.068,-4.0,-4.0,-6.0,1.017,-5.0,2.199,0.0,0.0,0.0,0.0,0.0,0.0,0.0,0.0,0.0,0.0
GoldS210,XAUUSDc,18,-9.2507,-27.752,2,-0.6439,0.0,473,28.7526,1,5,150,0.015,1.7,1.5,0.0,0.5,15,1,-36.938,6,1,0,0,0.0,0.0,0.0,0.0,0.0,0.0,2.295,0.044,-4.0,-0.508,-4.0,-4.025,0.842,-0.507,-4.0,0.302,-4.0,2.03,-3.0,-3.0,-3.0,2.444,0.151,3.57,-1.808,-1.358,4.379,-1.67,-3.0,-1.979,-5.0,0.548,-4.0,-1.238,-1.319,4.117,8.401,0.442,1.21,0.131,-0.021,-3.0,2.423,1.221,-2.0,1.074,-3.0,-4.0,8.92,6.92,-3.503,-0.371,1.239,-5.997,1.051,-1.0,-2.901,-1.247,-1.887,-0.134,2.69,2.329,-1.425,-3.0,-0.681,-4.0,0.813,1.061,-0.965,-3.0,-6.0,5.593,-0.509,0.204,4.715,0.059,-3.0,-2.0,-1.492,-2.488,4.348,0.347,-0.113,5.662,5.261,0.582,-0.38,-1.0,-0.703,2.357,3.735,-4.0,-0.069,-0.711,-2.432,-2.24,2.791,-0.481,1.759,-3.999,4.373,0.0,1.747,-2.0,-2.0,-2.555,0.511,1.011,-1.448,-0.481,3.822,-1.668,-5.0,1.906,0.081,-1.424,1.45,-5.999,3.836,-4.0,7.187,0.0,0.0,0.0,0.0,0.0,0.0,0.0,0.0,0.0,0.0
GoldS210,XAUUSDc,164,-21.8797,-131.278,1,-0.914,0.0,454,13.2159,1,5,270,0.015,1.7,2.5,0.0,0.5,15,1,-149.094,15,1,0,0,0.5,0.0,0.0,0.0,0.0,0.0,-1.0,3.743,-4.0,-1.999,-4.0,-4.0,-1.448,0.495,-4.0,-3.0,-4.0,-3.0,-3.0,-3.0,-3.0,-5.0,2.77,1.199,-5.0,-4.0,-1.498,3.236,-3.0,-5.0,-5.0,-3.0,-4.0,-0.191,-0.206,4.009,1.273,-4.998,-1.174,6.895,-0.852,-3.0,3.515,2.061,-2.0,-2.0,-4.0,-4.0,7.399,-2.452,-6.0,3.599,-3.0,-6.0,1.097,-1.0,-0.844,-4.0,2.379,-3.0,-1.0,-1.861,3.51,-3.0,-2.994,-5.0,-0.348,0.963,1.163,1.847,-6.0,-2.0,0.659,-3.0,0.893,-2.999,-3.0,-2.0,3.291,-1.29,-4.0,-4.0,1.246,-4.0,-3.0,-1.791,3.773,-1.0,2.071,-4.0,1.204,-4.0,0.201,-0.081,-3.999,-6.0,-0.277,-2.0,-5.0,-0.972,-0.346,0.0,10.852,-2.0,16.816,-1.492,-2.0,-1.453,4.806,-2.0,-1.359,-6.0,-5.0,3.94,2.859,-4.0,-3.0,-0.998,0.811,-5.0,1.069,0.0,0.0,0.0,0.0,0.0,0.0,0.0,0.0,0.0,0.0
GoldS210,XAUUSDc,191,3.0985,6.197,3,0.3277,50.35,498,44.9799,1,5,270,0.015,2.0,1.0,0.0,0.5,15,1,3.077,0,1,0,0,0.75,0.0,0.0,0.0,0.0,0.0,1.12,-0.992,-0.321,0.986,-1.057,-0.236,3.387,1.104,-4.0,0.515,-4.001,-3.0,3.449,-1.11,-3.0,-1.673,-0.807,3.087,-1.345,1.928,0.971,2.882,3.538,-2.006,-5.0,-1.929,-4.0,0.833,-2.001,1.838,5.126,1.135,1.386,-0.604,1.917,-3.0,1.453,0.121,-2.0,0.034,-1.803,-4.0,4.379,2.242,-4.006,3.513,2.352,-1.492,0.692,-1.0,-4.005,-2.007,-1.515,-3.0,1.256,5.145,0.676,-3.0,4.768,0.955,-0.916,1.812,3.834,1.016,-1.27,4.002,2.844,-2.0,4.038,0.257,-3.0,-0.766,-0.497,-3.0,2.432,-0.909,3.054,-1.911,0.471,0.342,-0.957,-1.0,2.184,-0.436,-0.149,-4.0,-1.905,3.693,-1.81,-1.461,5.556,0.116,2.322,-1.494,2.176,0.0,1.008,-2.0,1.006,-3.042,0.457,1.497,0.007,1.693,4.655,-0.532,-4.999,0.008,4.215,-1.994,0.079,-2.574,0.018,0.078,-0.929,0.0,0.0,0.0,0.0,0.0,0.0,0.0,0.0,0.0,0.0
GoldS210,XAUUSDc,189,3.3,6.6,3,0.3974,47.27,498,44.7791,1,5,150,0.015,2.0,1.0,0.0,0.5,15,1,3.48,0,1,0,0,0.75,0.0,0.0,0.0,0.0,0.0,1.389,-0.992,-0.404,0.986,-1.057,-0.363,3.1,1.104,-4.0,0.438,-4.001,0.149,3.253,-0.758,-3.0,-1.555,-1.034,3.448,-0.554,1.941,0.986,2.013,3.437,-2.006,-5.0,-1.929,-4.0,0.681,-1.943,1.689,5.248,1.221,1.89,-0.604,1.955,-3.0,1.121,0.345,-2.0,0.034,-1.931,-4.0,4.604,1.679,-4.006,3.513,2.352,-1.492,0.5,-1.0,-4.006,-2.007,-1.515,-3.0,1.256,5.099,0.676,-3.0,4.768,0.991,-1.011,2.164,3.913,-1.004,-1.27,3.72,2.83,0.297,4.038,0.557,-3.0,-0.602,-0.497,-3.0,2.432,-0.777,0.631,-1.911,0.466,0.143,-0.957,-1.0,2.184,-0.112,-2.204,-4.0,-1.283,2.552,-3.003,-1.296,5.221,0.135,2.219,-1.494,2.198,0.0,0.679,-2.0,1.281,-3.041,0.457,1.661,0.007,1.693,4.415,-0.227,-4.999,0.467,4.119,-1.994,0.164,-2.669,2.015,0.078,-0.494,0.0,0.0,0.0,0.0,0.0,0.0,0.0,0.0,0.0,0.0
GoldS210,XAUUSDc,47,-25.4953,-152.972,1,-0.9561,0.0,460,11.7391,1,5,270,0.015,2.0,2.5,0.0,0.5,15,1,-180.572,9,1,0,0,0.0,0.0,0.0,0.0,0.0,0.0,-1.0,6.333,-5.0,-1.0,-1.458,-4.0,-1.436,0.496,-4.0,-3.0,-4.0,-3.0,-3.0,-3.0,-3.0,-6.0,-1.274,-4.0,-5.998,-4.0,-1.495,7.039,-3.0,-4.999,-4.999,-3.999,-4.0,-0.11,0.118,-0.338,1.9,-4.0,-0.92,25.113,-0.852,-3.0,-3.0,2.084,-2.0,-2.0,-3.999,-4.0,9.724,-8.0,-5.999,-5.999,-3.999,-5.999,5.548,-1.0,-0.641,-4.0,2.944,-3.0,-1.0,-0.978,-0.756,-3.0,-2.998,-5.0,-0.262,0.446,-4.0,-1.999,-6.0,-1.998,0.757,-3.0,1.243,-2.999,-3.0,-2.0,-4.0,-1.156,-3.0,-4.0,0.912,-3.998,-3.0,-0.714,11.44,-1.0,22.6,-4.0,1.266,-4.0,0.872,-0.081,-4.0,-6.0,3.322,0.55,-5.0,-0.464,-0.288,0.0,1.076,-2.0,-2.0,-1.492,1.662,-1.445,0.665,-2.0,-1.282,-6.0,-5.0,4.795,-0.161,-4.0,-3.999,-6.0,1.017,-4.999,0.689,0.0,0.0,0.0,0.0,0.0,0.0,0.0,0.0,0.0,0.0
GoldS210,XAUUSDc,44,-22.3312,-133.987,1,-0.9489,0.0,449,14.4766,1,5,270,0.015,1.7,2.5,0.0,0.5,15,1,-151.803,11,1,0,0,0.0,0.0,0.0,0.0,0.0,0.0,-1.0,3.743,-5.0,-0.999,-1.457,-4.0,-1.448,0.495,-4.0,-3.0,-4.0,-2.999,-3.0,-3.0,-3.0,-5.0,6.496,1.199,-5.0,-4.0,-1.498,3.236,-3.0,-5.0,-4.999,-2.999,-4.0,-0.191,-0.206,-0.388,1.273,-3.999,-1.174,6.895,-0.853,-3.0,3.515,2.061,-2.0,-2.0,-3.0,-4.0,7.399,-2.453,-6.0,3.599,-3.0,-5.999,4.653,-1.0,-0.844,-4.0,2.379,-3.0,-1.0,-0.86,-0.756,-3.0,-2.997,-5.0,-0.348,0.962,1.165,1.846,-6.0,-1.999,0.661,-3.0,0.893,-2.999,-3.0,-2.0,-4.0,-1.29,-3.0,-4.0,1.246,-4.0,-2.999,-1.79,3.773,-1.0,3.071,-4.0,1.204,-4.0,0.201,-0.081,-4.0,-6.0,0.724,0.55,-5.0,-0.971,-0.346,0.0,1.076,-2.0,16.816,-1.492,1.641,-1.453,4.806,-2.0,-1.359,-6.0,-4.0,3.94,2.859,-4.0,-3.0,-0.998,0.811,-5.0,1.069,0.0,0.0,0.0,0.0,0.0,0.0,0.0,0.0,0.0,0.0
GoldS210,XAUUSDc,184,3.879,7.758,3,0.384,25.82,498,45.7831,1,5,210,0.015,1.4,1.0,0.0,0.5,15,1,5.755,0,1,0,0,0.75,0.0,0.0,0.0,0.0,0.0,1.239,-0.996,-0.388,0.986,-1.094,-0.282,2.234,1.025,-4.0,0.504,-4.001,0.237,1.907,-1.054,-3.0,-1.601,-0.983,3.03,-0.635,1.486,0.961,2.567,3.538,-2.006,-5.0,-2.008,-4.0,0.383,-2.003,1.608,3.846,1.433,1.556,-0.985,1.778,-3.0,1.446,0.165,-2.0,0.017,-1.94,-4.0,4.166,1.618,-4.007,3.49,2.326,-1.492,0.483,-1.0,-4.006,-2.007,-1.515,-0.998,1.256,5.145,0.154,-3.0,3.6,0.948,-1.011,2.164,3.853,1.263,-1.27,3.984,2.833,0.377,4.017,0.316,-0.669,-0.717,-0.497,-3.0,2.426,-0.906,0.717,-1.961,0.466,0.331,-0.978,-1.0,2.184,-0.403,-0.866,-4.0,-1.475,2.638,-1.725,-1.402,5.541,0.046,2.058,-1.494,2.083,0.0,1.008,-2.0,1.132,-3.041,0.457,1.545,0.007,1.693,4.511,-0.227,-5.0,0.386,4.215,-2.011,0.091,-2.779,2.104,0.107,-0.494,0.0,0.0,0.0,0.0,0.0,0.0,0.0,0.0,0.0,0.0
GoldS210,XAUUSDc,26,3.3553,10.066,2,0.2586,171.45,428,25.2336,1,5,270,0.015,1.1,2.0,0.0,0.5,15,1,-7.192,10,1,0,0,0.0,0.0,0.0,0.0,0.0,0.0,2.405,1.078,-5.0,-0.002,-1.986,-4.0,9.833,0.993,-2.0,-3.0,-4.0,-3.0,-1.0,-1.022,-3.0,0.324,2.825,10.07,-4.0,-0.899,-2.0,0.165,-3.0,-1.788,-5.0,0.365,-4.0,0.15,6.186,1.13,0.224,-4.0,2.239,4.896,1.33,-3.0,0.021,1.396,-2.0,-2.0,-3.0,-4.0,5.187,1.352,-0.723,-5.0,0.04,-5.999,2.679,-1.0,-1.968,-4.0,-0.345,0.285,4.156,8.928,0.018,-4.0,15.258,-4.0,-0.656,-0.432,2.425,1.037,-6.0,14.288,0.007,-3.0,1.025,-2.0,-3.0,-2.0,-4.0,-1.984,0.073,-0.3,0.213,7.127,1.153,0.087,0.17,-1.0,-2.776,-4.0,3.573,-4.0,-0.926,1.991,0.075,-6.0,2.196,0.034,-0.688,-1.868,5.617,0.0,0.026,-2.0,1.428,-1.048,1.016,1.664,2.854,-2.0,12.755,-6.0,6.827,2.196,9.054,-0.85,2.48,-5.999,2.1,-3.0,2.301,0.0,0.0,0.0,0.0,0.0,0.0,0.0,0.0,0.0,0.0
GoldS210,XAUUSDc,205,-5.0107,-15.032,2,-0.4253,0.0,434,25.1152,1,5,210,0.015,1.1,2.0,0.0,0.5,15,1,-22.806,4,1,0,0,0.75,0.0,0.0,0.0,0.0,0.0,2.762,1.078,-3.0,-1.002,-4.0,-5.0,11.4,0.993,-2.0,-3.0,-4.0,3.279,-1.0,-4.0,-3.0,0.836,-0.654,5.388,-4.999,-0.811,-0.005,2.332,-3.0,-1.788,-5.0,0.941,-4.0,0.322,5.824,6.018,0.313,-5.0,0.239,0.123,1.056,-3.0,4.718,1.537,-2.0,-2.0,-4.0,-4.0,5.948,1.529,-2.568,7.183,0.04,-6.0,4.874,-1.0,-1.921,-4.0,-1.529,0.285,4.058,2.696,0.617,-3.0,2.761,-4.0,-0.917,-4.0,2.639,1.08,-6.0,4.59,1.005,-2.0,1.025,-2.0,0.0,-3.0,0.389,-1.984,-0.912,-0.056,0.26,4.23,2.246,0.061,0.17,-1.0,-3.776,0.768,4.044,-4.0,0.191,0.421,0.427,-6.0,1.221,-2.0,-0.688,-1.869,5.617,0.0,5.385,-2.0,-2.0,-2.047,2.025,1.426,3.431,-2.0,11.23,-5.999,-5.0,3.022,1.401,-0.85,2.515,-5.999,5.616,-3.0,2.757,0.0,0.0,0.0,0.0,0.0,0.0,0.0,0.0,0.0,0.0
GoldS210,XAUUSDc,136,-10.4825,-20.965,3,-0.4174,0.0,471,28.8747,1,5,210,0.015,1.4,1.5,0.0,0.5,15,1,-29.619,8,1,0,0,0.5,0.0,0.0,0.0,0.0,0.0,1.994,0.013,-3.0,-2.508,-2.999,-3.891,10.465,0.493,-4.0,-3.0,-4.0,1.911,-2.0,-3.0,-3.0,-0.587,-2.275,3.68,-6.0,-2.285,3.096,-5.0,-2.999,-2.351,-5.0,-0.254,-4.0,-1.339,-1.489,4.099,2.221,-2.994,0.747,-0.306,6.75,-3.0,3.358,0.85,-2.0,0.651,-4.0,-4.0,8.286,-0.598,-3.446,-0.333,1.099,-6.0,4.626,-1.0,-3.001,-1.447,-1.957,-0.356,2.752,3.559,-0.615,-3.0,13.805,-4.0,0.134,3.874,-1.238,0.153,-6.0,-0.365,6.711,-0.117,4.776,3.09,-3.0,-2.0,0.458,-2.488,2.956,-0.929,-0.337,2.297,2.929,1.034,-0.428,-1.0,-4.404,1.453,1.051,-4.0,-0.581,-0.808,-0.718,-0.046,7.83,-2.0,3.084,-4.0,3.9,0.0,2.662,-2.0,-2.0,-2.557,2.291,0.282,1.729,2.48,7.544,-5.999,-5.0,1.684,0.026,-1.45,1.265,-5.999,3.895,-3.0,4.486,0.0,0.0,0.0,0.0,0.0,0.0,0.0,0.0,0.0,0.0
GoldS210,XAUUSDc,178,18.1783,54.535,2,0.4626,235.12,460,7.3913,1,5,210,0.015,2.0,3.0,0.0,0.5,15,1,-73.685,17,1,0,0,0.5,0.0,0.0,0.0,0.0,0.0,-1.0,38.749,-4.0,-2.0,-3.0,-5.0,-0.853,1.006,-4.0,-3.0,-4.0,-2.0,-2.999,-3.0,-3.0,-6.0,-5.0,-4.0,-6.0,-3.999,-4.0,-5.999,-2.999,-4.999,-5.0,-4.0,-4.0,-2.999,1.918,4.797,-3.0,-4.999,5.528,54.595,-0.798,-3.0,-3.0,3.017,-1.999,-2.0,-4.0,-4.0,15.309,-8.0,-5.999,-6.0,-4.0,-6.0,3.268,-1.0,1.507,-4.0,4.979,-3.0,-1.0,1.924,5.721,-3.0,-2.998,-4.999,-4.0,-4.999,-4.0,-2.999,-6.0,-1.999,1.734,-1.999,-2.998,-2.999,-3.0,-2.0,4.708,0.73,-4.0,-4.0,-4.0,-3.998,-3.0,5.428,44.084,-1.0,122.22,-3.0,3.262,-4.0,4.034,-6.0,-3.999,-6.0,-5.0,-2.0,-5.0,0.942,0.308,0.0,26.241,-2.0,-2.0,-3.999,2.278,-0.851,2.942,-2.0,-4.998,-5.999,-5.0,-4.0,-5.0,-4.0,-4.0,-6.0,1.959,-5.0,11.823,0.0,0.0,0.0,0.0,0.0,0.0,0.0,0.0,0.0,0.0
GoldS210,XAUUSDc,235,-19.967,-119.802,1,-0.8792,0.0,446,9.6413,1,5,210,0.015,1.7,3.0,0.0,0.5,15,1,-143.473,21,1,0,0,0.75,0.0,0.0,0.0,0.0,0.0,-1.0,10.967,-4.0,-0.999,-4.0,-5.0,-0.888,1.005,-4.0,-3.0,-4.0,-2.0,-3.0,-3.0,-3.0,-5.0,-4.0,2.453,-5.0,-4.0,-4.0,-5.0,-3.0,-5.0,-5.0,-3.0,-4.0,-3.0,0.846,2.345,-3.0,-5.0,1.851,13.312,-0.798,-3.0,-3.0,2.97,-2.0,-2.0,-3.999,-4.0,8.402,2.453,-5.999,-5.999,-3.0,-6.0,1.364,-1.0,0.744,-4.0,2.452,-3.0,-1.0,0.474,3.146,-3.0,-2.991,-5.0,-4.0,-4.0,-4.998,-3.0,-6.0,10.801,1.405,-2.0,6.391,-2.997,-3.0,-2.0,2.276,-0.234,-4.0,-4.0,3.509,-4.0,-2.999,0.315,10.698,-1.0,17.671,-2.0,3.183,-4.0,2.768,-6.0,-4.0,-6.0,7.868,-2.0,-5.0,-0.079,0.223,0.0,9.184,-2.0,-2.0,-3.999,15.061,-0.899,8.229,-2.0,-5.0,-5.999,-5.0,-4.0,0.686,-4.0,-3.0,-5.997,1.532,-4.999,5.487,0.0,0.0,0.0,0.0,0.0,0.0,0.0,0.0,0.0,0.0
GoldS210,XAUUSDc,126,4.372,8.744,3,0.3621,38.78,498,43.3735,1,5,150,0.015,1.7,1.0,0.0,0.5,15,1,5.353,0,1,0,0,0.5,0.0,0.0,0.0,0.0,0.0,1.389,-0.996,-0.407,-0.014,-3.0,0.056,3.203,1.053,-4.0,0.429,-4.001,0.145,2.661,-0.609,-3.0,-1.466,-1.034,0.709,-3.172,1.696,0.992,2.514,0.559,-2.006,-5.0,-1.977,-4.0,0.515,-1.945,2.014,4.725,1.81,2.747,-0.855,2.699,-3.0,1.119,0.345,-2.0,0.026,-1.931,-4.0,4.768,1.754,-4.006,5.159,2.65,-1.006,1.043,-1.0,-4.006,-2.007,-1.077,-0.974,1.269,6.371,1.201,-3.0,5.607,2.379,-1.011,3.036,4.291,-1.003,-0.443,4.284,3.62,0.297,4.026,0.538,-3.0,-0.513,0.041,-3.0,2.823,-0.787,0.526,-1.94,1.029,0.143,-0.97,-1.0,3.475,-0.025,-2.7,-4.0,-1.16,0.02,-3.002,-1.163,6.541,0.097,2.105,-0.899,2.13,0.0,-1.229,-2.0,1.281,-3.04,1.105,1.985,0.007,2.486,4.408,-5.002,-5.0,0.525,4.989,-2.002,0.164,-2.668,2.008,0.074,0.129,0.0,0.0,0.0,0.0,0.0,0.0,0.0,0.0,0.0,0.0
GoldS210,XAUUSDc,30,-16.0945,-96.567,1,-0.8043,0.0,460,19.5652,1,5,150,0.015,1.7,2.0,0.0,0.5,15,1,-109.338,5,1,0,0,0.0,0.0,0.0,0.0,0.0,0.0,3.25,1.86,-4.0,-0.002,-4.0,-5.0,-1.983,-0.007,-4.0,1.248,-4.0,-2.0,-3.0,-3.0,-3.0,-5.0,2.946,5.779,-0.369,-4.0,-1.005,-1.848,-3.0,-5.0,-5.0,-3.0,-4.0,-0.476,-0.575,3.647,0.804,-4.999,-4.999,2.778,0.977,-3.0,4.186,2.098,-2.0,-2.0,-3.0,-4.0,-0.247,10.317,-2.974,-2.501,0.051,-5.997,2.349,-1.0,-1.601,-4.0,-0.707,5.417,-1.0,1.753,-0.251,-3.0,-3.996,-4.0,-0.774,0.841,-1.172,-3.0,-6.0,1.76,0.018,-2.0,3.357,-3.0,-3.0,-2.0,-0.988,-1.975,-0.53,-4.0,0.747,-5.0,6.272,0.182,1.268,-1.0,1.124,0.395,-4.999,-4.0,1.071,-2.981,-1.828,-5.999,2.915,0.033,-5.0,-1.767,8.122,0.0,3.506,-2.0,-2.0,-2.019,1.016,6.358,-0.737,-2.0,7.82,-6.999,-5.0,3.447,-1.454,-0.544,3.232,-5.999,6.019,-4.0,10.772,0.0,0.0,0.0,0.0,0.0,0.0,0.0,0.0,0.0,0.0
GoldS210,XAUUSDc,61,17.4935,34.987,3,0.9509,29.45,498,41.1647,1,5,210,0.015,1.1,1.0,0.0,0.5,15,1,24.684,10,1,0,0,0.25,0.0,0.0,0.0,0.0,0.0,1.239,-0.996,-0.332,-0.014,-3.0,-2.728,8.04,1.016,-4.0,1.003,-4.001,0.358,2.397,-1.059,-3.0,-1.586,-0.983,0.659,-6.0,1.483,0.961,0.582,1.17,-2.006,-5.0,-2.025,-4.0,0.369,-2.004,-0.902,4.076,5.421,2.876,-1.033,-1.016,-3.0,1.628,0.165,-2.0,0.013,-1.94,-4.0,5.811,-1.235,-4.007,-1.995,3.564,0.515,-2.04,-1.0,-4.006,-2.007,-1.113,-0.998,1.338,11.544,-1.287,-3.0,14.438,6.272,-1.011,6.349,-0.979,1.263,2.948,8.298,-0.041,0.377,4.014,0.298,-3.0,-0.717,1.65,-3.0,3.989,-0.906,0.816,-1.965,2.688,0.331,-0.978,-1.0,1.566,-0.383,-0.918,-4.0,-1.469,0.003,-1.725,0.613,9.185,0.04,2.041,0.909,2.083,0.0,0.49,-2.0,1.132,-3.042,3.023,1.59,0.007,5.472,4.511,-2.539,-5.0,0.386,8.603,-2.011,0.091,-2.779,2.104,0.107,-0.152,0.0,0.0,0.0,0.0,0.0,0.0,0.0,0.0,0.0,0.0
GoldS210,XAUUSDc,227,-40.7813,-122.344,2,-0.9457,0.0,461,11.4967,1,5,270,0.015,2.0,2.5,0.0,0.5,15,1,-149.944,16,1,0,0,0.75,0.0,0.0,0.0,0.0,0.0,-1.0,6.333,-4.0,-1.0,-4.0,-5.0,-1.436,0.496,-4.0,-3.0,-4.0,-3.0,-2.998,-3.0,-3.0,-6.0,-5.0,-4.0,-5.999,-4.0,-1.495,6.85,-3.0,-4.999,-5.0,-4.0,-4.0,-0.11,0.118,1.866,1.9,-5.0,-0.92,25.113,-0.853,-3.0,-3.0,2.084,-2.0,-2.0,-4.0,-4.0,9.724,-7.999,-5.999,-5.999,-4.0,-6.0,1.984,-1.0,-0.641,-4.0,1.594,-3.0,-1.0,9.095,1.482,-3.0,-2.997,-5.0,-0.262,0.445,-4.0,-1.999,-6.0,10.798,0.756,-3.0,1.243,-2.999,-3.0,-2.0,1.332,-1.156,-4.0,-4.0,0.912,-3.998,-3.0,-0.714,11.44,-1.0,21.6,-4.0,1.266,-4.0,0.872,-0.081,-4.0,-6.0,2.323,-2.0,-5.0,-0.465,-0.288,0.0,11.201,-2.0,-2.0,-1.492,7.446,-1.445,0.665,-2.0,-1.282,-6.0,-4.999,4.795,-0.16,-4.0,-3.999,-6.0,1.017,-4.999,0.689,0.0,0.0,0.0,0.0,0.0,0.0,0.0,0.0,0.0,0.0
GoldS210,XAUUSDc,101,-16.2023,-48.607,2,-0.5065,0.0,441,15.1927,1,5,270,0.015,1.4,2.5,0.0,0.5,15,1,-88.995,11,1,0,0,0.25,0.0,0.0,0.0,0.0,0.0,0.0,1.62,-5.0,-2.0,-4.0,-4.0,-0.459,1.495,-4.0,-3.0,-4.0,-3.0,-2.0,-3.0,-3.0,-4.0,1.263,0.674,-5.0,0.956,-0.498,1.966,-3.0,-5.0,-5.0,-3.0,-4.0,-0.232,-0.38,-5.0,0.994,-5.0,-1.342,1.905,-0.854,-3.0,1.163,2.049,-2.0,-2.0,-4.0,-4.0,6.431,3.176,-6.0,1.327,-3.0,-5.999,0.638,-1.0,-0.959,-3.999,2.087,-3.0,40.388,-2.244,9.641,-3.0,-2.0,20.622,-0.396,0.745,1.212,0.751,-5.999,-1.999,0.586,-3.0,0.668,-3.0,-3.0,-2.0,9.15,-1.383,-0.065,-4.0,0.932,17.678,-3.0,1.406,1.361,-1.0,-2.379,-4.0,1.162,-4.0,-0.184,0.919,5.725,-6.0,-1.16,-1.999,-3.998,-1.224,6.963,0.0,-5.999,-2.0,3.934,-1.492,-2.0,-1.453,4.385,-2.0,8.325,-6.0,-5.0,3.519,2.475,-3.999,-2.999,-2.725,0.694,-4.0,-0.173,0.0,0.0,0.0,0.0,0.0,0.0,0.0,0.0,0.0,0.0
GoldS210,XAUUSDc,74,14.2895,28.579,3,0.4711,155.66,467,28.4797,1,5,270,0.015,1.1,1.5,0.0,0.5,15,1,-15.908,14,1,0,0,0.25,0.0,0.0,0.0,0.0,0.0,1.756,-0.011,-5.0,-1.508,-4.0,-2.747,1.917,0.493,-2.0,-3.0,-4.0,-3.0,-1.0,-1.63,-3.0,-1.243,-1.964,8.299,-3.466,-0.474,2.737,-1.233,-3.0,-2.462,-5.0,-0.485,-4.0,-0.432,2.071,-3.498,1.214,-3.184,0.108,-0.474,4.251,-3.0,8.085,0.758,-2.0,0.512,-4.0,-4.0,4.701,-0.755,-3.181,-0.045,1.023,-5.999,-1.104,-1.0,-2.998,-1.483,-1.626,-0.394,2.651,17.958,2.081,-3.0,55.487,-4.0,0.216,12.518,-1.355,0.517,-5.999,-0.445,-0.509,-3.0,5.541,2.448,-3.0,-2.0,3.484,-2.492,5.758,-1.162,2.119,3.356,6.002,2.155,-0.433,-1.0,-4.407,-2.507,0.285,-4.0,-1.455,0.314,-0.933,-6.0,-0.917,-1.999,2.942,-3.999,3.837,0.0,8.349,-2.0,0.679,1.082,5.394,0.357,1.4,4.813,5.397,-6.0,-5.0,1.082,0.026,-1.45,1.24,-5.999,1.054,-3.0,1.569,0.0,0.0,0.0,0.0,0.0,0.0,0.0,0.0,0.0,0.0
GoldS210,XAUUSDc,207,-13.6727,-41.018,2,-0.7015,0.0,449,22.2717,1,5,150,0.015,1.4,2.0,0.0,0.5,15,1,-55.044,9,1,0,0,0.75,0.0,0.0,0.0,0.0,0.0,3.223,1.52,-4.0,-0.002,-3.998,-5.0,2.39,0.993,-4.0,1.208,-4.0,-2.0,-2.0,-3.0,-3.0,10.026,2.339,5.36,-5.0,0.31,-0.005,-1.867,-3.0,3.631,-5.0,-3.0,-4.0,-0.484,-0.59,6.623,0.724,-4.999,-4.998,0.695,0.978,-3.0,3.922,2.098,-2.0,-2.0,-4.0,-4.0,7.168,4.746,-2.975,6.026,0.046,-6.0,4.979,-1.0,-1.616,-4.0,-1.511,0.938,6.409,1.286,0.617,-3.0,3.403,-4.0,-0.781,0.581,3.453,-3.0,-6.0,1.65,0.009,-2.0,3.286,-3.0,-3.0,-2.0,0.39,-1.975,-0.632,-4.0,0.655,4.514,1.677,0.093,0.397,-1.0,-3.679,0.173,-5.0,-4.0,0.637,0.322,-1.828,-5.999,1.346,-2.0,1.099,-1.835,6.072,0.0,8.865,-2.0,-2.0,-2.018,2.025,2.27,-0.809,-2.0,11.256,-6.0,-5.0,3.236,-1.465,-0.767,2.786,-5.999,5.402,-3.0,0.962,0.0,0.0,0.0,0.0,0.0,0.0,0.0,0.0,0.0,0.0
GoldS210,XAUUSDc,210,-23.6417,-70.925,2,-0.7325,0.0,460,19.5652,1,5,150,0.015,1.7,2.0,0.0,0.5,15,1,-96.644,7,1,0,0,0.75,0.0,0.0,0.0,0.0,0.0,3.25,1.86,-4.0,-0.002,-4.0,-5.0,-1.983,-0.007,-4.0,1.248,-4.0,-2.0,-3.0,-3.0,-3.0,-5.0,2.946,5.44,-4.998,-4.0,-1.005,-1.848,-3.0,-5.0,-5.0,-3.0,-4.0,-0.476,-0.575,2.61,0.804,-5.0,-4.999,2.778,0.977,-3.0,4.186,2.098,-2.0,-2.0,-3.999,-4.0,7.332,9.189,-2.974,-2.5,0.051,-5.999,5.178,-1.0,-1.601,-4.0,-1.494,5.417,-1.0,1.753,-0.383,-3.0,29.124,-4.0,-0.774,0.585,-1.172,-3.0,-6.0,1.76,0.018,-2.0,3.357,-3.0,-3.0,-2.0,0.389,-1.975,-0.53,-4.0,0.747,-5.0,1.677,0.182,1.268,-1.0,-3.163,0.226,-4.999,-4.0,0.794,-2.981,-1.828,-5.999,1.916,-2.0,-5.0,-1.768,8.122,0.0,8.865,-2.0,-2.0,-2.018,2.025,6.358,-0.737,-2.0,11.75,-5.999,-5.0,3.341,-1.454,-0.544,3.232,-5.999,6.019,-4.0,1.986,0.0,0.0,0.0,0.0,0.0,0.0,0.0,0.0,0.0,0.0
GoldS210,XAUUSDc,234,-22.4382,-134.629,1,-0.8817,0.0,446,9.1928,1,5,150,0.015,1.7,3.0,0.0,0.5,15,1,-158.3,20,1,0,0,0.75,0.0,0.0,0.0,0.0,0.0,-1.0,11.231,-4.0,-1.0,-4.0,-5.0,-0.888,1.005,-4.0,-3.0,-4.0,-2.0,-3.0,-3.0,-3.0,-5.0,-0.024,4.266,-4.997,-4.0,-4.0,-4.0,-3.0,-5.0,-5.0,-3.0,-4.0,-3.0,1.671,1.09,-3.0,-5.0,-4.999,13.312,-1.011,-3.0,-3.0,3.935,-2.0,-2.0,-3.999,-4.0,10.208,2.451,-5.999,-5.997,-3.0,-5.999,1.364,-1.0,1.417,-4.0,2.486,-3.0,-1.0,0.474,1.93,-3.0,-2.991,-5.0,-3.999,-4.0,-4.998,-3.0,-6.0,4.946,1.405,-2.0,5.591,-3.0,-3.0,-2.0,2.275,-0.234,-3.999,-4.0,4.133,-5.0,-3.0,0.315,10.698,-1.0,17.671,-2.999,-4.999,-4.0,3.357,-6.0,-0.396,-5.999,7.828,-2.0,-5.0,-0.018,0.223,0.0,14.36,-2.0,-2.0,-3.998,15.143,-0.898,1.658,-2.0,-4.998,-5.999,-5.0,-4.0,-4.0,-4.0,-3.0,-5.997,1.531,-5.0,6.832,0.0,0.0,0.0,0.0,0.0,0.0,0.0,0.0,0.0,0.0
GoldS210,XAUUSDc,14,-10.991,-32.973,2,-0.6624,0.0,459,32.244,1,5,270,0.015,1.1,1.5,0.0,0.5,15,1,-40.311,4,1,0,0,0.0,0.0,0.0,0.0,0.0,0.0,1.756,-0.011,-5.0,-0.508,-2.494,-1.746,4.566,0.493,-2.0,-3.0,-4.0,-3.0,-1.0,-1.63,-3.0,-1.243,0.466,5.633,-2.466,-0.474,2.737,1.086,-3.0,-2.462,-5.0,-0.484,-4.0,-0.432,2.071,-0.996,1.214,0.36,2.612,-0.474,4.251,-3.0,-0.522,0.758,-2.0,0.512,-3.0,-4.0,4.701,-0.755,-3.181,-0.045,1.023,-5.999,1.402,-1.0,-2.998,-1.483,-1.626,-0.394,2.651,-0.938,-0.489,-4.0,9.802,-4.0,0.216,8.109,-1.354,0.517,-3.474,4.614,-0.507,-3.0,5.541,2.448,-3.0,-2.0,-4.0,-2.492,1.018,-1.162,2.119,3.356,1.001,2.155,-0.433,-1.0,-3.407,-2.507,0.285,-4.0,-1.455,0.313,-0.933,-3.476,2.656,-0.48,2.941,-3.999,3.837,0.0,1.524,-2.0,0.679,1.082,0.511,0.357,1.4,5.115,5.397,-3.448,3.197,1.082,0.026,-1.45,1.24,-5.999,1.054,-3.0,1.569,0.0,0.0,0.0,0.0,0.0,0.0,0.0,0.0,0.0,0.0
GoldS210,XAUUSDc,139,1.7845,3.569,3,0.0844,343.37,475,28.0,1,5,210,0.015,1.7,1.5,0.0,0.5,15,1,-8.686,13,1,0,0,0.5,0.0,0.0,0.0,0.0,0.0,1.994,0.044,-4.0,-1.508,-3.0,-3.887,14.703,-0.507,-4.0,-3.0,-4.0,2.135,-3.0,-3.0,-3.0,2.019,-2.173,3.777,-6.0,-1.793,3.532,-5.0,-2.999,-1.979,-5.0,0.548,-4.0,-1.339,-1.487,4.357,8.199,-2.992,1.637,0.131,6.75,-3.0,3.433,0.851,-2.0,1.074,-4.0,-4.0,14.678,-0.385,-3.445,-0.025,1.239,-6.0,4.664,-1.0,-3.001,-1.392,-1.949,-0.134,2.919,3.58,-0.615,-3.0,14.545,-4.0,0.15,3.915,-1.229,0.153,-6.0,-0.216,6.951,0.345,4.86,0.129,-3.0,-2.0,0.459,-2.488,3.003,0.039,-0.302,6.378,2.929,1.12,-0.38,-1.0,-4.367,1.474,6.306,-4.0,-0.495,-0.641,-0.634,-0.046,7.924,-2.0,1.747,-4.0,4.328,0.0,2.662,-2.0,-2.0,-2.557,2.291,0.855,1.729,2.48,3.994,-5.999,-5.0,1.684,0.026,-1.424,1.31,-5.999,4.067,-3.999,0.838,0.0,0.0,0.0,0.0,0.0,0.0,0.0,0.0,0.0,0.0
GoldS210,XAUUSDc,75,21.6025,43.205,3,0.9157,102.97,470,28.5106,1,5,150,0.015,1.4,1.5,0.0,0.5,15,1,-1.282,11,1,0,0,0.25,0.0,0.0,0.0,0.0,0.0,2.295,0.013,-4.0,-1.508,-3.0,-4.025,13.129,0.493,-4.0,0.296,-4.0,1.807,-2.0,-3.0,-3.0,-0.123,0.043,3.489,-1.815,-1.832,3.943,-4.0,-3.0,-2.351,-5.0,0.074,-4.0,-1.238,-1.321,3.863,2.432,0.35,-2.195,-0.306,-0.021,-3.0,2.393,1.221,-2.0,0.651,-4.0,-4.0,2.529,6.045,-3.504,-0.651,1.099,-5.999,-1.497,-1.0,-2.901,-1.298,-1.895,-0.356,2.523,21.062,-1.425,-3.0,55.727,-4.0,0.797,10.354,-0.974,-3.0,-6.0,2.494,-0.509,-0.237,4.678,3.675,-3.0,-2.0,3.484,-2.488,4.342,-0.601,-0.148,1.581,5.261,0.496,-0.428,-1.0,-4.404,2.336,-1.498,-4.0,-0.155,-0.878,-2.432,-2.24,-0.895,-2.0,3.096,-3.999,3.945,0.0,3.723,-2.0,-2.0,-2.555,5.394,0.438,-1.448,8.654,7.372,-6.999,-5.0,1.906,0.081,-1.45,1.405,-5.999,3.664,-3.0,8.15,0.0,0.0,0.0,0.0,0.0,0.0,0.0,0.0,0.0,0.0
GoldS210,XAUUSDc,34,-20.7693,-124.616,1,-0.7294,0.0,466,16.7382,1,5,210,0.015,2.0,2.0,0.0,0.5,15,1,-148.496,9,1,0,0,0.0,0.0,0.0,0.0,0.0,0.0,2.835,2.814,-4.0,-0.002,-4.0,-5.0,-1.98,-0.006,-4.0,-3.0,-4.0,-2.0,-3.0,-3.0,-3.0,-6.0,-5.0,-4.0,-6.0,-3.999,-1.005,-2.802,-3.0,-4.999,-4.998,-4.0,-4.0,-0.643,-0.838,-1.902,0.602,-4.999,-1.199,9.38,1.056,-3.0,6.417,1.537,-1.999,-2.0,-3.999,-4.0,12.554,-2.025,-2.567,-1.693,-0.942,-6.0,2.708,-1.0,-1.878,-4.0,-0.778,-3.0,-1.0,-2.663,-5.0,-3.0,-3.998,-4.0,-1.758,-4.998,-4.0,-3.0,-6.0,-1.998,0.024,-1.999,3.795,-2.999,-3.0,-2.0,-0.988,-1.975,-0.04,-4.0,-0.447,-3.998,0.863,0.36,3.679,-1.0,2.702,1.012,0.614,-4.0,0.74,-2.743,-4.0,-6.0,4.352,0.033,-5.0,-1.679,14.268,0.0,0.026,-2.0,-2.0,-2.047,1.016,22.906,3.729,-2.0,17.171,-5.999,-5.0,3.329,-1.629,0.04,-0.768,-5.999,7.772,-4.0,1.028,0.0,0.0,0.0,0.0,0.0,0.0,0.0,0.0,0.0,0.0
GoldS210,XAUUSDc,99,-19.737,-59.211,2,-0.7719,0.0,438,15.0685,1,5,150,0.015,1.4,2.5,0.0,0.5,15,1,-99.208,12,1,0,0,0.25,0.0,0.0,0.0,0.0,0.0,0.0,2.087,-4.0,-2.0,-3.0,-5.0,-0.458,1.495,-4.0,2.14,-4.0,-2.0,-2.0,-3.0,-3.0,-4.0,3.758,2.428,1.123,1.888,0.502,-4.0,-3.0,-5.0,-5.0,-3.0,-4.0,0.293,0.316,2.114,1.706,-5.0,-4.998,1.905,-1.512,-3.0,6.49,3.015,-2.0,-2.0,-4.0,-4.0,0.642,6.619,-6.0,-1.271,-3.0,-5.999,-0.216,-1.0,-0.4,-4.0,1.598,-3.0,39.997,4.048,0.929,-3.0,-2.0,-4.0,1.176,2.405,1.212,-4.0,-6.0,2.545,0.586,-2.0,4.658,-3.0,-3.0,-2.0,9.15,-1.383,0.443,-4.0,1.473,12.876,-2.999,1.371,1.361,-1.0,-2.379,1.785,-5.0,-4.0,2.001,-1.458,-1.166,-5.999,-1.16,-2.0,-4.0,-1.179,7.054,0.0,-1.767,-2.0,-2.0,-1.436,-2.0,-1.453,-0.096,-2.0,5.647,-6.999,-5.0,5.269,-0.348,-4.0,-3.0,-2.725,3.046,-4.0,9.039,0.0,0.0,0.0,0.0,0.0,0.0,0.0,0.0,0.0,0.0
GoldS210,XAUUSDc,198,2.652,7.956,2,0.2859,123.99,473,30.0211,1,5,150,0.015,1.7,1.5,0.0,0.5,15,1,-1.909,6,1,0,0,0.75,0.0,0.0,0.0,0.0,0.0,2.295,0.044,-4.0,-0.508,-4.0,-3.024,11.707,-0.507,-4.0,0.302,-4.0,2.03,-3.0,-3.0,-3.0,1.96,0.151,3.329,2.293,-1.358,3.897,-4.0,-3.0,-1.979,-5.0,0.548,-4.0,-1.238,-1.319,3.354,8.401,-0.849,2.777,0.131,4.414,-3.0,2.423,1.221,-2.0,1.074,-3.999,-4.0,13.333,6.061,-3.503,4.157,1.239,-1.658,2.73,-1.0,-2.901,-1.247,-2.496,-0.134,2.644,4.256,-1.506,-3.0,10.708,-4.0,0.813,5.228,-0.965,-3.0,-6.0,2.669,3.916,0.204,4.715,0.059,-3.0,-2.0,-0.554,-2.488,2.08,0.347,-0.113,5.662,1.893,0.582,-0.38,-1.0,-4.367,2.229,3.735,-4.0,-0.283,-0.711,-2.432,-2.439,4.14,-2.0,1.759,-4.0,4.373,0.0,3.644,-2.0,-2.0,-2.554,1.241,1.011,-1.448,0.89,3.822,-2.008,-5.0,1.824,0.081,-1.424,1.45,-5.999,3.836,-4.0,0.665,0.0,0.0,0.0,0.0,0.0,0.0,0.0,0.0,0.0,0.0
GoldS210,XAUUSDc,187,5.6227,8.434,4,0.4582,26.81,498,45.5823,1,5,210,0.015,1.7,1.0,0.0,0.5,15,1,6.173,0,1,0,0,0.75,0.0,0.0,0.0,0.0,0.0,1.239,-0.996,-0.381,0.986,-1.081,-0.282,2.471,1.053,-4.0,0.506,-4.001,0.237,2.3,-1.045,-3.0,-1.595,-0.983,3.055,-0.634,1.606,0.972,2.752,3.538,-2.006,-5.0,-1.977,-4.0,0.459,-2.003,1.645,4.204,1.433,1.563,-0.855,1.792,-3.0,1.451,0.164,-2.0,0.026,-1.939,-4.0,4.354,1.757,-4.006,3.501,2.338,-1.492,0.491,-1.0,-4.006,-2.007,-1.515,-0.974,1.256,5.145,0.288,-3.0,3.879,0.948,-1.011,2.164,3.859,1.263,-1.27,3.99,2.836,0.379,4.026,0.335,-3.0,-0.717,-0.497,-3.0,2.432,-0.903,0.777,-1.94,0.466,0.331,-0.97,-1.0,2.184,-0.403,-0.662,-4.0,-1.457,2.652,-1.725,-1.402,5.548,0.078,2.105,-1.494,2.108,0.0,1.008,-2.0,1.132,-3.041,0.457,1.545,0.007,1.693,4.519,-0.227,-5.0,0.386,4.215,-2.002,0.091,-2.779,2.104,0.107,-0.494,0.0,0.0,0.0,0.0,0.0,0.0,0.0,0.0,0.0,0.0
GoldS210,XAUUSDc,225,-20.533,-123.198,1,-0.9274,0.0,462,11.4719,1,5,150,0.015,2.0,2.5,0.0,0.5,15,1,-150.798,17,1,0,0,0.75,0.0,0.0,0.0,0.0,0.0,-1.0,6.444,-4.0,-1.0,-3.999,-5.0,-1.436,0.496,-4.0,2.388,-4.0,-2.0,-3.0,-3.0,-3.0,-6.0,-1.549,-4.0,0.76,-3.999,-0.495,-4.999,-3.0,-4.999,-5.0,-4.0,-4.0,0.415,0.569,-0.109,2.426,-5.999,-4.998,25.113,-1.51,-3.0,-2.999,3.026,-2.0,-2.0,-4.0,-4.0,14.219,-8.0,-5.999,-5.998,-4.0,-6.0,1.117,-1.0,-0.117,-4.0,1.49,-3.0,-1.0,7.19,0.755,-3.0,-2.997,-5.0,1.29,1.763,-4.0,-3.0,-6.0,4.101,0.756,-2.0,5.848,-2.999,-3.0,-2.0,1.333,-1.156,-3.999,-4.0,1.431,-3.998,-3.0,-0.749,11.44,-1.0,21.6,-4.999,-4.999,-4.0,2.718,-2.458,-1.028,-5.999,2.323,-2.0,-5.0,-0.42,-0.288,0.0,15.433,-2.0,-2.0,-1.436,7.446,-1.444,-4.0,-2.0,-4.998,-6.0,-4.999,6.381,0.483,-4.0,-4.0,-6.0,1.019,-4.999,3.199,0.0,0.0,0.0,0.0,0.0,0.0,0.0,0.0,0.0,0.0
GoldS210,XAUUSDc,23,-12.8237,-38.471,2,-0.5753,0.0,476,27.521,1,5,270,0.015,2.0,1.5,0.0,0.5,15,1,-72.559,6,1,0,0,0.0,0.0,0.0,0.0,0.0,0.0,1.756,0.089,-5.0,-0.508,-2.489,-1.744,2.436,-0.506,-4.0,-3.0,-4.0,-3.0,-3.0,-3.0,-3.0,-3.432,-2.57,4.916,-3.382,-0.641,4.455,1.116,-3.0,-0.899,-4.999,-3.999,-4.0,-1.432,-1.478,-0.11,-1.358,0.702,6.614,1.062,5.038,-3.0,-0.321,0.758,-2.0,2.173,-3.999,-4.0,2.154,0.04,-3.18,1.087,1.476,-5.999,1.512,-1.0,-2.998,-1.291,-1.609,-3.0,3.244,-0.829,-2.489,-3.0,9.055,-4.0,0.26,8.272,-1.306,0.527,-3.355,6.246,-0.508,-3.0,5.801,0.041,-3.0,-2.0,-4.0,-2.488,1.166,3.553,1.236,-3.998,1.001,2.412,-0.322,-1.0,-3.261,-2.507,32.691,-4.0,-1.203,0.914,-0.626,-3.476,2.963,-0.481,2.097,-3.999,5.474,0.0,1.524,-2.0,-2.0,-2.558,0.511,2.538,1.4,5.115,2.102,-3.445,-5.0,1.082,0.026,-1.399,1.415,-6.0,1.102,-3.999,-1.43,0.0,0.0,0.0,0.0,0.0,0.0,0.0,0.0,0.0,0.0
GoldS210,XAUUSDc,239,18.8263,56.479,2,0.5143,227.02,460,8.0435,1,5,270,0.015,2.0,3.0,0.0,0.5,15,1,-71.741,18,1,0,0,0.75,0.0,0.0,0.0,0.0,0.0,-1.0,38.749,-4.0,-1.0,-4.0,-5.0,-0.853,1.006,-4.0,-3.0,-4.0,-3.0,-2.998,-3.0,-3.0,-6.0,-5.0,-4.0,-5.999,-4.0,-5.0,-4.998,-3.0,-4.999,-5.0,-4.0,-4.0,-3.0,1.918,4.196,-3.0,-5.0,4.519,54.595,-0.049,-3.0,-3.0,2.777,-2.0,-2.0,-4.0,-4.0,7.348,-7.999,-5.999,-5.999,-4.0,-6.0,4.359,-1.0,1.407,-4.0,4.112,-3.0,-1.0,2.924,3.469,-3.0,-2.997,-5.0,-4.0,-4.999,-4.0,-1.999,-6.0,19.699,1.734,-3.0,-3.0,-2.999,-3.0,-2.0,2.275,0.73,-4.0,-4.0,-4.0,-3.998,-3.0,5.473,44.084,-1.0,122.22,-4.0,2.396,-4.0,2.288,-5.0,-4.0,-6.0,-4.999,-2.0,-5.0,0.942,0.308,0.0,9.184,-2.0,-2.0,-4.0,15.177,-0.853,1.866,-2.0,-0.567,-6.0,-4.999,-4.0,-4.999,-4.0,-3.999,-6.0,1.959,-4.999,9.065,0.0,0.0,0.0,0.0,0.0,0.0,0.0,0.0,0.0,0.0
GoldS210,XAUUSDc,176,-33.5977,-100.793,2,-0.6754,0.0,450,9.5556,1,5,270,0.015,1.7,3.0,0.0,0.5,15,1,-132.034,17,1,0,0,0.5,0.0,0.0,0.0,0.0,0.0,-1.0,10.967,-4.0,-1.999,-4.0,-4.0,-0.888,1.005,-4.0,-3.0,-4.0,-3.0,-3.0,-3.0,-3.0,-5.0,-4.0,2.417,-5.0,-4.0,-5.0,-5.0,-3.0,-5.0,-5.0,-3.0,-4.0,-3.0,0.822,6.846,-3.0,-4.998,0.795,13.312,-0.048,-3.0,-3.0,2.73,-2.0,-2.0,-4.0,-4.0,3.22,2.452,-6.0,-5.998,-3.0,-6.0,2.455,-1.0,0.616,-4.0,4.229,-3.0,-1.0,-0.526,6.086,-3.0,-2.994,-5.0,-3.999,-3.999,-4.998,2.574,-6.0,-2.0,1.405,-3.0,-3.0,-2.999,-3.0,-2.0,4.708,-0.234,-4.0,-4.0,3.422,-4.0,-3.0,0.36,10.698,-1.0,17.671,-4.0,2.317,-4.0,1.103,-5.0,-3.999,-6.0,7.827,-2.0,-5.0,-0.079,0.223,0.0,26.241,-2.0,29.14,-4.0,2.162,-0.9,7.153,-2.0,-0.741,-6.0,-5.0,-3.999,0.5,-4.0,-3.0,-5.997,1.531,-5.0,3.615,0.0,0.0,0.0,0.0,0.0,0.0,0.0,0.0,0.0,0.0
GoldS210,XAUUSDc,64,17.8675,35.735,3,0.9866,28.83,498,41.1647,1,5,210,0.015,1.4,1.0,0.0,0.5,15,1,25.432,10,1,0,0,0.25,0.0,0.0,0.0,0.0,0.0,1.239,-0.996,-0.326,-0.014,-2.999,-2.728,8.046,1.025,-4.0,1.003,-4.001,0.36,2.545,-1.054,-3.0,-1.583,-0.983,0.667,-6.0,1.533,0.961,0.612,1.17,-2.006,-5.0,-2.008,-4.0,0.383,-2.003,-0.879,4.199,5.421,2.877,-0.985,-1.016,-3.0,1.63,0.165,-2.0,0.017,-1.94,-4.0,5.883,-1.234,-4.007,-1.987,3.572,0.515,-2.035,-1.0,-4.006,-2.007,-1.113,-0.998,1.338,11.544,-1.287,-3.0,14.44,6.272,-1.011,6.349,-0.978,1.263,2.948,8.306,-0.038,0.377,4.017,0.316,-3.0,-0.717,1.65,-3.0,3.99,-0.906,0.831,-1.961,2.688,0.331,-0.978,-1.0,1.566,-0.383,-0.866,-4.0,-1.451,0.007,-1.725,0.613,9.185,0.046,2.059,0.909,2.083,0.0,0.49,-2.0,1.132,-3.042,3.023,1.59,0.007,5.472,4.511,-2.539,-5.0,0.386,8.603,-2.011,0.091,-2.779,2.104,0.107,-0.152,0.0,0.0,0.0,0.0,0.0,0.0,0.0,0.0,0.0,0.0
GoldS210,XAUUSDc,122,3.615,7.23,3,0.235,46.9,498,43.5743,1,5,270,0.015,1.1,1.0,0.0,0.5,15,1,3.839,0,1,0,0,0.5,0.0,0.0,0.0,0.0,0.0,1.12,-0.996,-0.074,-0.014,-4.0,1.198,3.546,1.016,-4.0,1.022,-4.001,-3.0,2.166,-1.18,-3.0,-1.714,-0.807,0.391,-3.992,-1.018,0.955,2.633,1.316,-2.006,-5.0,-2.025,-4.0,0.466,-2.004,2.363,4.076,2.304,1.697,-1.033,1.747,-3.0,1.952,0.121,-2.0,0.013,-1.803,-4.0,3.631,-0.716,-4.007,5.14,2.63,-0.973,1.222,-1.0,-4.005,-2.007,-0.919,-0.998,1.317,6.512,1.444,-3.0,5.516,2.336,-0.916,2.585,4.647,1.01,-0.443,4.934,3.893,-2.0,4.014,0.186,-0.814,-0.766,0.041,-3.0,2.816,-0.922,3.491,-1.965,1.034,0.652,-0.978,-1.0,3.385,-0.043,-0.918,-4.0,-1.98,1.002,-1.809,-0.955,4.396,0.032,2.143,-0.899,2.083,0.0,-0.423,-2.0,1.006,-0.608,1.105,1.483,0.007,2.486,5.182,-2.844,-5.0,0.008,5.606,-2.011,0.079,-2.497,0.011,0.074,-0.928,0.0,0.0,0.0,0.0,0.0,0.0,0.0,0.0,0.0,0.0
GoldS210,XAUUSDc,112,69.4365,138.873,3,2.0748,100.81,432,12.2685,1,5,210,0.015,1.4,3.0,0.0,0.5,15,1,-1.131,24,1,0,0,0.25,0.0,0.0,0.0,0.0,0.0,0.0,3.684,-3.0,-3.0,-2.999,-5.0,0.079,2.002,-4.0,-3.0,-4.0,12.336,-2.0,-3.0,-3.0,-4.0,-4.0,1.77,-6.0,3.011,-3.0,-5.0,-3.0,-5.0,-5.0,-3.0,-4.0,-3.0,0.469,-5.0,3.398,-5.0,0.629,3.389,-0.797,-3.0,18.313,2.958,-2.0,-2.0,-4.0,-4.0,22.428,16.264,-6.0,-5.0,-4.0,-5.999,0.478,-1.0,0.387,-3.999,2.807,-3.0,140.004,-1.489,13.332,-3.0,-2.0,18.222,-4.0,-4.0,-2.0,-4.0,-5.999,-2.0,1.199,-2.0,7.555,-3.0,-3.0,-2.0,11.983,-0.685,2.239,-4.0,1.993,37.904,-3.0,4.128,2.874,-1.0,-0.14,-2.0,3.13,-4.0,2.219,-5.0,24.683,-6.0,0.505,-2.0,-3.999,-0.561,13.235,0.0,-5.999,-2.0,-2.0,-4.0,2.121,-0.913,7.123,-2.0,-4.0,-5.999,-5.0,-2.999,0.513,-4.0,-3.0,-5.999,1.293,-4.0,3.792,0.0,0.0,0.0,0.0,0.0,0.0,0.0,0.0,0.0,0.0
GoldS210,XAUUSDc,174,-21.6915,-130.149,1,-0.8668,0.0,447,8.9485,1,5,150,0.015,1.7,3.0,0.0,0.5,15,1,-161.39,19,1,0,0,0.5,0.0,0.0,0.0,0.0,0.0,-1.0,11.231,-4.0,-2.0,-3.0,-5.0,-0.882,1.005,-4.0,-3.0,-4.0,-2.0,-2.999,-3.0,-3.0,-5.0,-0.024,4.266,2.809,-4.0,-4.0,-4.0,-3.0,-5.0,-5.0,-3.0,-4.0,-3.0,1.671,2.672,-3.0,-4.999,-4.999,13.312,-1.011,-3.0,-3.0,3.935,-2.0,-2.0,-4.0,-4.0,-4.0,2.453,-5.999,-5.998,-3.0,-6.0,1.364,-1.0,1.417,-4.0,3.629,-3.0,-1.0,0.474,2.163,-3.0,-2.994,-5.0,-3.999,-4.0,-4.998,-2.999,-6.0,4.946,1.405,-2.0,5.591,-3.0,-3.0,-2.0,4.708,-0.234,-4.0,-4.0,4.133,-5.0,-3.0,0.315,10.698,-1.0,17.671,-3.0,-4.999,-4.0,3.758,-6.0,-0.395,-5.999,7.827,-2.0,-5.0,-0.018,0.223,0.0,31.417,-2.0,-2.0,-3.998,2.244,-0.898,1.658,-2.0,-4.997,-7.0,-5.0,-4.0,-4.0,-4.0,-3.0,-5.997,1.531,-5.0,8.761,0.0,0.0,0.0,0.0,0.0,0.0,0.0,0.0,0.0,0.0
GoldS210,XAUUSDc,236,-31.136,-93.408,2,-0.6784,0.0,449,10.0223,1,5,270,0.015,1.7,3.0,0.0,0.5,15,1,-123.548,19,1,0,0,0.75,0.0,0.0,0.0,0.0,0.0,-1.0,10.967,-4.0,-0.999,-4.0,-5.0,-0.888,1.005,-4.0,-3.0,-4.0,-3.0,-3.0,-3.0,-3.0,-5.0,-4.0,2.417,-5.0,-4.0,-5.0,-5.0,-3.0,-5.0,-5.0,-3.0,-4.0,-3.0,0.822,4.054,-3.0,-4.999,0.795,13.312,-0.05,-3.0,-3.0,2.73,-2.0,-2.0,-3.999,-4.0,3.22,2.453,-5.999,-5.999,-3.0,-6.0,2.455,-1.0,0.616,-4.0,2.624,-3.0,-1.0,0.474,3.449,-3.0,-2.991,-5.0,-3.999,-3.998,-4.998,2.573,-6.0,18.007,1.405,-3.0,-3.0,-2.999,-3.0,-2.0,2.275,-0.234,-4.0,-4.0,3.422,-4.0,-3.0,0.36,10.698,-1.0,17.671,-4.0,2.317,-4.0,1.103,-4.999,-4.0,-6.0,7.828,-2.0,-5.0,-0.079,0.223,0.0,9.184,-2.0,29.14,-4.0,15.061,-0.9,7.153,-2.0,-0.741,-6.0,-5.0,-3.999,0.5,-4.0,-3.0,-5.997,1.531,-5.0,3.615,0.0,0.0,0.0,0.0,0.0,0.0,0.0,0.0,0.0,0.0
GoldS210,XAUUSDc,94,-12.1688,-73.013,1,-0.512,0.0,467,16.06,1,5,210,0.015,2.0,2.0,0.0,0.5,15,1,-101.817,14,1,0,0,0.25,0.0,0.0,0.0,0.0,0.0,2.835,2.814,-4.0,-1.002,-3.0,-5.0,-1.978,-0.006,-4.0,-3.0,-4.0,-2.0,-3.0,-3.0,-3.0,-6.0,-5.0,-4.0,-6.0,-3.999,-1.005,-2.803,-3.0,-4.999,-5.0,-4.0,-4.0,-0.643,-0.838,-1.902,0.602,-4.999,-1.199,9.38,1.055,-3.0,6.417,1.537,-1.999,-2.0,-4.0,-4.0,12.554,-2.025,-2.567,-1.694,-0.943,-5.998,-0.315,-1.0,-1.878,-4.0,-0.778,-3.0,-1.0,-2.663,5.449,-3.0,9.391,-4.0,-1.758,-4.999,-4.0,-3.0,-5.999,-1.999,0.024,-1.999,3.795,-2.999,-3.0,-2.0,6.317,-1.975,-0.04,-4.0,-0.447,-3.998,8.502,0.36,3.679,-1.0,-1.792,1.012,0.614,-4.0,0.74,-2.742,-4.0,-6.0,3.352,-2.0,-4.999,-1.679,14.268,0.0,-5.999,-2.0,-2.0,-2.048,7.765,22.906,3.729,-2.0,39.823,-5.999,-5.0,3.329,-1.63,0.04,-0.768,-6.0,7.772,-4.0,1.028,0.0,0.0,0.0,0.0,0.0,0.0,0.0,0.0,0.0,0.0
GoldS210,XAUUSDc,194,-10.2165,-20.433,3,-0.4839,0.0,460,31.9565,1,5,270,0.015,1.1,1.5,0.0,0.5,15,1,-24.755,0,1,0,0,0.75,0.0,0.0,0.0,0.0,0.0,1.756,-0.011,-4.0,-0.508,-4.0,-2.746,6.603,0.493,-2.0,-3.0,-4.0,-3.0,-0.998,-1.63,-3.0,-1.243,-1.964,2.709,-3.466,-0.474,2.737,-1.319,-3.0,-2.462,-5.0,-0.485,-4.0,-0.432,2.071,0.998,1.214,-3.184,4.19,-0.474,4.209,-3.0,3.961,0.758,-2.0,0.512,-4.0,-4.0,4.701,4.018,-3.324,4.367,1.023,-1.527,3.085,-1.0,-2.998,-1.483,-2.468,-0.394,2.538,4.769,-0.506,-3.0,8.167,-4.0,0.216,4.667,-1.355,0.517,-6.0,3.777,4.12,-3.0,5.122,2.448,0.0,-3.0,-0.554,-2.492,2.007,-1.162,2.119,1.818,1.908,1.279,-0.433,-1.0,-4.407,-2.507,0.285,-4.0,-1.455,0.313,-0.933,-1.866,4.024,-1.999,2.941,-4.0,3.837,0.0,4.316,-2.0,0.679,1.082,1.241,0.357,1.4,0.89,8.068,-2.008,-5.0,1.082,0.028,-1.45,1.24,-5.999,1.054,-3.0,1.569,0.0,0.0,0.0,0.0,0.0,0.0,0.0,0.0,0.0,0.0
GoldS210,XAUUSDc,150,-25.6295,-51.259,3,-0.6278,0.0,462,19.2641,1,5,150,0.015,1.7,2.0,0.0,0.5,15,1,-81.93,10,1,0,0,0.5,0.0,0.0,0.0,0.0,0.0,3.25,1.86,-4.0,-1.002,-3.0,-5.0,-1.977,-0.007,-4.0,1.248,-4.0,-2.0,-2.999,-3.0,-3.0,-5.0,2.946,5.779,-0.369,-4.0,-1.005,-1.847,-3.0,-5.0,-5.0,-3.0,-4.0,-0.476,-0.575,3.647,0.804,-4.999,-4.999,2.778,0.977,-3.0,4.186,2.098,-2.0,-2.0,-4.0,-4.0,-0.247,10.197,-2.974,-2.501,0.051,-6.0,8.486,-1.0,-1.601,-4.0,-0.707,5.417,-1.0,1.753,-0.251,-3.0,37.034,-4.0,-0.774,0.841,-1.172,-2.999,-6.0,1.76,0.018,-2.0,3.357,-3.0,-3.0,-2.0,1.874,-1.975,-0.531,-4.0,0.747,-5.0,3.091,0.182,1.268,-1.0,-3.163,0.395,-4.999,-4.0,1.071,-2.981,-1.827,-5.999,1.915,-2.0,-5.0,-1.768,8.122,0.0,5.958,-2.0,-2.0,-2.018,3.476,6.358,-0.737,-2.0,17.311,-7.0,-5.0,3.447,-1.454,-0.544,3.232,-5.999,6.019,-4.0,3.264,0.0,0.0,0.0,0.0,0.0,0.0,0.0,0.0,0.0,0.0
GoldS210,XAUUSDc,51,33.789,101.367,2,1.7327,137.4,426,13.1455,1,5,150,0.015,1.4,3.0,0.0,0.5,15,1,-37.913,21,1,0,0,0.0,0.0,0.0,0.0,0.0,0.0,0.0,4.374,-4.0,-1.0,-4.0,-5.0,0.079,2.002,-4.0,-3.0,-4.0,-2.0,-2.0,-3.0,-3.0,-4.0,-0.024,3.634,3.625,4.18,-3.0,-4.0,-3.0,-5.0,-5.0,-3.0,-4.0,-3.0,1.306,3.577,4.117,-5.0,-2.998,7.945,-1.011,-3.0,16.349,3.935,-2.0,-2.0,-3.0,-4.0,1.81,20.1,-6.0,-5.0,-3.999,-6.0,5.655,-1.0,1.055,-4.0,2.945,-3.0,139.28,6.477,2.143,-3.0,-3.0,-4.0,-4.0,-3.0,-2.0,-4.0,-6.0,3.596,1.199,-2.0,6.755,-3.0,-3.0,-2.0,0.019,-0.685,3.197,-4.0,2.617,36.261,-2.999,4.172,2.874,-1.0,0.861,-3.0,-5.0,-4.0,3.127,-5.0,-0.505,-5.999,1.465,2.596,-4.0,-0.501,13.35,0.0,3.295,-2.0,-2.0,-3.999,6.379,-0.913,0.701,-2.0,-3.999,-6.999,-5.0,-4.0,-3.999,-4.0,-3.0,-5.998,5.209,-4.0,17.734,0.0,0.0,0.0,0.0,0.0,0.0,0.0,0.0,0.0,0.0
GoldS210,XAUUSDc,45,-21.085,-126.51,1,-0.8597,0.0,462,11.9048,1,5,150,0.015,2.0,2.5,0.0,0.5,15,1,-154.11,14,1,0,0,0.0,0.0,0.0,0.0,0.0,0.0,-1.0,6.444,-4.0,-1.0,-4.0,-5.0,-1.436,0.496,-4.0,2.388,-4.0,-2.0,-3.0,-3.0,-3.0,-6.0,-1.549,-4.0,1.367,-3.999,-0.495,-5.0,-2.999,-4.999,-5.0,-4.0,-4.0,0.415,0.569,1.211,2.426,-5.999,-4.998,25.113,-1.51,-3.0,-2.999,3.026,-2.0,-2.0,-3.999,-4.0,2.438,-8.0,-5.999,-5.999,-4.0,-5.997,4.681,-1.0,-0.117,-4.0,2.455,-3.0,-1.0,7.19,0.937,-3.0,-3.997,-4.0,1.29,2.093,-4.0,-3.0,-6.0,4.101,0.756,-2.0,5.848,-2.999,-3.0,-2.0,-0.483,-1.156,-3.999,-4.0,1.431,-3.998,-3.0,-0.749,11.44,-1.0,26.806,-5.0,-4.999,-4.0,3.056,-2.458,-1.028,-5.999,3.322,0.55,-5.0,-0.419,-0.288,0.0,5.308,-2.0,-2.0,-1.436,1.662,-1.444,-4.0,-2.0,-4.998,-6.999,-5.0,6.512,0.483,-4.0,-4.0,-5.999,1.019,-4.999,14.198,0.0,0.0,0.0,0.0,0.0,0.0,0.0,0.0,0.0,0.0
GoldS210,XAUUSDc,166,-24.4455,-146.673,1,-0.9405,0.0,462,10.3896,1,5,210,0.015,2.0,2.5,0.0,0.5,15,1,-174.273,15,1,0,0,0.5,0.0,0.0,0.0,0.0,0.0,-1.0,6.333,-4.0,-2.0,-3.0,-5.0,-1.436,0.496,-4.0,-3.0,-4.0,-2.0,-2.999,-3.0,-3.0,-6.0,-5.0,-4.0,-6.0,-3.999,-0.495,-5.999,-2.999,-4.999,-5.0,-4.0,-4.0,0.142,0.118,2.6,1.965,-4.999,-0.115,25.113,-1.366,-3.0,-3.0,2.275,-1.999,-2.0,-4.0,-4.0,16.441,-8.0,-5.999,-6.0,-4.0,-6.0,1.117,-1.0,-0.582,-4.0,2.342,-3.0,-1.0,-0.979,3.354,-3.0,-2.998,-4.999,-0.077,-4.999,-4.0,-2.999,-6.0,-1.999,0.756,-1.999,6.429,-2.999,-3.0,-2.0,3.291,-1.156,-4.0,-4.0,0.956,-3.998,-3.0,-0.749,11.44,-1.0,21.6,2.496,1.935,-4.0,2.308,-2.052,-3.999,-6.0,2.354,-2.0,-5.0,-0.465,-0.288,0.0,10.852,-2.0,-2.0,-1.491,-2.0,-1.443,1.492,-2.0,-4.998,-5.999,-5.0,5.895,-0.069,-4.0,-4.0,-6.0,1.017,-5.0,2.951,0.0,0.0,0.0,0.0,0.0,0.0,0.0,0.0,0.0,0.0
GoldS210,XAUUSDc,35,-15.9028,-95.417,1,-0.674,0.0,466,17.1674,1,5,270,0.015,2.0,2.0,0.0,0.5,15,1,-119.535,10,1,0,0,0.0,0.0,0.0,0.0,0.0,0.0,2.478,2.814,-5.0,-0.002,-1.973,-4.0,-1.98,-0.006,-4.0,-3.0,-4.0,-3.0,-3.0,-3.0,-3.0,-6.0,-2.069,-4.0,-5.998,-4.0,-2.005,0.872,-3.0,-4.999,-4.999,-3.999,-4.0,-0.815,-0.838,-1.96,0.553,-4.0,-1.801,9.38,1.332,-3.0,0.983,1.396,-2.0,-2.0,-3.999,-4.0,4.867,-1.794,-0.722,-0.782,-0.942,-5.999,3.35,-1.0,-1.903,-4.0,-0.311,-3.0,-1.0,-2.662,-1.982,-3.0,14.316,-4.0,-1.895,-1.406,-4.0,1.107,-6.0,15.437,0.025,-3.0,0.192,-2.999,-3.0,-2.0,-4.0,-1.975,0.96,-4.0,-0.479,-3.998,1.153,0.386,3.679,-1.0,-0.792,-4.0,0.143,-4.0,-0.387,-1.173,-4.0,-6.0,4.328,0.033,-5.0,-1.679,14.268,0.0,0.026,-2.0,-2.0,-2.048,1.016,23.144,3.152,-2.0,17.01,-6.0,-5.0,2.503,7.347,0.04,-0.803,-6.0,2.202,-3.999,-0.736,0.0,0.0,0.0,0.0,0.0,0.0,0.0,0.0,0.0,0.0
GoldS210,XAUUSDc,140,3.827,7.654,3,0.1864,160.11,474,28.27,1,5,270,0.015,1.7,1.5,0.0,0.5,15,1,-4.601,13,1,0,0,0.5,0.0,0.0,0.0,0.0,0.0,1.756,0.044,-4.0,-1.508,-4.0,-2.747,15.402,-0.507,-4.0,-3.0,-4.0,-3.0,-3.0,-3.0,-3.0,1.733,-1.801,4.019,-3.417,-1.793,3.289,-1.222,-3.0,-1.979,-5.0,0.548,-4.0,-1.432,-1.487,1.354,8.167,-3.181,1.229,0.131,4.42,-3.0,5.464,0.758,-2.0,1.074,-4.0,-4.0,12.16,-0.405,-3.189,0.387,1.239,-6.0,5.08,-1.0,-2.998,-1.392,-1.618,-0.134,2.85,3.58,-0.615,-3.0,14.899,-4.0,0.238,6.384,-1.346,0.528,-6.0,-0.216,6.78,-3.0,5.668,-0.081,-3.0,-2.0,0.458,-2.488,3.003,0.004,2.176,7.544,2.944,2.065,-0.38,-1.0,-4.367,-2.507,6.306,-4.0,-1.315,0.527,-0.832,-0.046,7.909,-2.0,1.954,-4.0,4.328,0.0,2.737,-2.0,1.446,3.652,2.291,1.012,1.4,2.48,5.628,-6.0,-5.0,1.082,0.026,-1.424,1.287,-5.999,1.069,-4.0,-0.429,0.0,0.0,0.0,0.0,0.0,0.0,0.0,0.0,0.0,0.0
GoldS210,XAUUSDc,238,18.4477,55.343,2,0.4943,231.68,459,7.8431,1,5,210,0.015,2.0,3.0,0.0,0.5,15,1,-72.877,19,1,0,0,0.75,0.0,0.0,0.0,0.0,0.0,-1.0,38.749,-4.0,-1.0,-4.0,-5.0,-0.853,1.006,-4.0,-3.0,-4.0,-2.0,-3.0,-3.0,-3.0,-6.0,-5.0,-4.0,-5.998,-4.0,-4.0,-5.997,-3.0,-4.999,-5.0,-4.0,-4.0,-2.999,1.918,2.487,-3.0,-4.999,5.528,54.595,-0.796,-3.0,-2.998,3.017,-1.999,-2.0,-4.0,-4.0,12.505,-7.999,-5.998,-5.999,-4.0,-6.0,3.268,-1.0,1.507,-4.0,3.94,-3.0,-1.0,2.924,3.186,-3.0,-2.997,-5.0,-4.0,-4.999,-4.0,-3.0,-6.0,14.048,1.734,-1.999,-2.998,-2.999,-3.0,-2.0,2.275,0.73,-4.0,-4.0,-4.0,-3.998,-3.0,5.428,44.084,-1.0,122.22,-3.0,3.262,-4.0,3.952,-6.0,-4.0,-6.0,-4.999,-2.0,-5.0,0.942,0.308,0.0,9.184,-2.0,-2.0,-4.0,15.177,-0.851,2.942,-2.0,-4.998,-5.999,-4.999,-4.0,-4.999,-4.0,-4.0,-6.0,1.959,-5.0,10.937,0.0,0.0,0.0,0.0,0.0,0.0,0.0,0.0,0.0,0.0
GoldS210,XAUUSDc,147,-5.7377,-34.426,1,-0.6107,0.0,452,21.6814,1,5,150,0.015,1.4,2.0,0.0,0.5,15,1,-48.88,11,1,0,0,0.5,0.0,0.0,0.0,0.0,0.0,3.223,1.52,-4.0,-1.002,-3.0,-5.0,2.392,0.993,-4.0,1.208,-4.0,-2.0,-2.0,-3.0,-3.0,10.454,2.339,5.699,-0.375,0.31,-0.005,-1.867,-3.0,3.631,-5.0,-3.0,-4.0,-0.484,-0.59,7.661,0.724,-5.0,-4.998,0.695,0.977,-3.0,3.922,2.098,-2.0,-2.0,-4.0,-4.0,-0.325,5.657,-2.975,-2.527,0.046,-6.0,8.287,-1.0,-1.616,-4.0,-0.724,0.938,6.456,1.286,0.749,-3.0,6.361,-4.0,-0.781,0.837,3.453,-2.999,-6.0,1.65,0.009,-2.0,3.286,-3.0,-3.0,-2.0,1.874,-1.975,-0.633,-4.0,0.655,4.514,3.091,0.093,0.397,-1.0,-3.679,0.342,-5.0,-4.0,0.893,0.322,-1.827,-5.999,1.345,-2.0,1.099,-1.836,6.072,0.0,5.958,-2.0,-2.0,-2.018,3.476,2.27,-0.809,-2.0,16.817,-7.0,-5.0,3.342,-1.465,-0.767,2.786,-5.999,5.402,-3.0,2.24,0.0,0.0,0.0,0.0,0.0,0.0,0.0,0.0,0.0,0.0
GoldS210,XAUUSDc,209,-13.969,-41.907,2,-0.7144,0.0,450,22.2222,1,5,270,0.015,1.4,2.0,0.0,0.5,15,1,-55.104,7,1,0,0,0.75,0.0,0.0,0.0,0.0,0.0,2.414,1.276,-4.0,-0.002,-4.0,-5.0,3.696,0.993,-4.0,-3.0,-4.0,-3.0,-2.0,-3.0,-3.0,9.197,0.124,5.33,-5.0,-0.382,-1.005,0.129,-3.0,3.631,-5.0,-3.0,-4.0,-0.843,-0.984,8.925,0.262,-5.0,-1.928,0.695,1.33,-3.0,0.144,1.396,-2.0,-2.0,-4.0,-4.0,4.16,2.45,-1.715,8.12,0.046,-6.0,5.614,-1.0,-1.955,-3.999,-1.441,0.938,6.569,2.744,0.617,-3.0,3.403,-4.0,-1.944,-0.426,2.841,1.05,-6.0,5.112,0.009,-3.0,0.059,-3.0,-3.0,-2.0,0.389,-1.975,-0.855,-4.0,0.27,6.122,2.632,0.119,0.397,-1.0,-3.679,-4.0,0.063,-4.0,-0.822,2.13,0.903,-6.0,1.346,-1.999,1.1,-1.863,6.004,0.0,5.385,-2.0,2.181,-2.048,2.025,2.271,2.854,-2.0,11.05,-6.0,-5.0,2.211,1.229,-0.803,2.545,-5.999,2.1,-3.0,-0.84,0.0,0.0,0.0,0.0,0.0,0.0,0.0,0.0,0.0,0.0
GoldS210,XAUUSDc,60,18.788,28.182,4,0.8589,36.56,498,41.3655,1,5,150,0.015,1.1,1.0,0.0,0.5,15,1,17.879,6,1,0,0,0.25,0.0,0.0,0.0,0.0,0.0,1.389,-0.996,-0.409,-0.014,-3.0,-2.809,5.618,1.016,-4.0,0.427,-4.001,0.145,2.27,-0.618,-3.0,-1.477,-1.034,0.684,-3.176,1.544,0.981,-0.442,0.559,-2.006,-5.0,-2.025,-4.0,0.459,-1.946,1.955,4.397,2.039,4.351,-1.033,-1.016,-3.0,1.112,0.346,-1.0,-0.987,-1.931,-4.0,6.854,1.564,-4.006,-1.995,3.564,0.275,-2.04,-1.0,-4.006,-2.007,-1.077,-0.998,1.269,11.203,-2.598,-3.0,14.792,6.737,-1.011,4.88,1.811,-1.004,1.863,6.356,-0.041,0.297,4.014,0.525,-3.0,-0.513,1.65,-3.0,3.37,-0.79,0.434,-1.965,2.294,0.143,-0.978,-1.0,1.566,-0.025,-2.933,-4.0,-1.204,0.002,-3.003,-1.163,11.316,0.059,2.04,0.909,2.105,0.0,-0.279,-2.0,1.281,-3.041,3.023,1.985,0.007,5.472,4.4,-5.001,-5.0,0.525,7.281,-2.011,0.164,-2.668,2.008,0.074,2.055,0.0,0.0,0.0,0.0,0.0,0.0,0.0,0.0,0.0,0.0
GoldS210,XAUUSDc,90,29.7153,89.146,2,1.097,144.21,462,18.8312,1,5,150,0.015,1.7,2.0,0.0,0.5,15,1,-39.415,10,1,0,0,0.25,0.0,0.0,0.0,0.0,0.0,3.25,1.86,-4.0,-1.002,-3.0,-5.0,-1.979,-0.007,-4.0,1.248,-4.0,-2.0,-3.0,-3.0,-3.0,-5.0,2.946,5.779,-0.369,-4.0,-1.005,-1.848,-3.0,-5.0,-5.0,-3.0,-4.0,-0.476,-0.575,3.647,0.804,-4.999,-4.999,2.778,0.977,-3.0,4.186,2.098,-2.0,-2.0,-4.0,-4.0,-0.246,10.317,-2.974,-2.501,0.051,-5.999,-0.674,-1.0,-1.601,-4.0,-0.707,5.417,-1.0,1.753,-0.251,-3.0,144.139,-4.0,-0.774,0.842,-1.172,-3.0,-6.0,1.76,0.018,-2.0,3.357,-3.0,-3.0,-2.0,6.317,-1.975,-0.53,-4.0,0.747,-5.0,6.272,0.182,1.268,-1.0,-3.163,0.395,-4.999,-4.0,1.071,-2.981,-1.828,-5.999,1.915,-2.0,-5.0,-1.767,8.122,0.0,-2.519,-2.0,-2.0,-2.019,7.765,6.358,-0.737,-2.0,52.225,-6.999,-5.0,3.447,-1.454,-0.544,3.232,-5.999,6.019,-4.0,7.255,0.0,0.0,0.0,0.0,0.0,0.0,0.0,0.0,0.0,0.0
GoldS210,XAUUSDc,27,-7.3412,-44.047,1,-0.7122,0.0,449,22.4944,1,5,150,0.015,1.4,2.0,0.0,0.5,15,1,-58.501,7,1,0,0,0.0,0.0,0.0,0.0,0.0,0.0,3.223,1.52,-4.0,-0.002,-4.0,-5.0,2.39,0.993,-4.0,1.208,-4.0,-2.0,-2.0,-3.0,-3.0,10.454,2.339,5.699,0.625,0.31,-0.005,-1.867,-3.0,3.631,-5.0,-3.0,-4.0,-0.484,-0.59,7.661,0.724,-5.0,-2.998,2.869,0.977,-3.0,3.922,2.098,-2.0,-2.0,-3.0,-4.0,-0.325,5.76,-2.975,-2.527,0.046,-6.0,2.142,-1.0,-1.616,-4.0,-0.724,0.938,6.456,1.286,-0.251,-3.0,-3.0,-4.0,-0.781,0.837,3.453,-3.0,-6.0,1.65,0.009,-2.0,3.286,-3.0,-3.0,-2.0,-0.988,-1.975,-0.632,-4.0,0.655,4.514,6.272,0.093,0.397,-1.0,0.479,0.342,-5.0,-4.0,0.893,0.322,-1.828,-5.999,2.345,0.033,1.099,-1.836,6.072,0.0,3.506,-2.0,-2.0,-2.019,1.016,2.27,-0.809,-2.0,7.309,-6.999,-5.0,3.342,-1.465,-0.767,2.786,-5.998,5.402,-3.0,9.76,0.0,0.0,0.0,0.0,0.0,0.0,0.0,0.0,0.0,0.0
GoldS210,XAUUSDc,214,-15.3743,-92.246,1,-0.6402,0.0,467,17.5589,1,5,210,0.015,2.0,2.0,0.0,0.5,15,1,-116.126,11,1,0,0,0.75,0.0,0.0,0.0,0.0,0.0,2.835,2.814,-4.0,-0.002,-4.0,-5.0,-1.98,-0.006,-4.0,-3.0,-4.0,-2.0,-3.0,-3.0,-3.0,-6.0,-5.0,-4.0,-5.998,-4.0,-1.005,3.058,-3.0,-4.999,-5.0,-4.0,-4.0,-0.643,-0.838,3.17,0.602,-4.999,-1.199,9.38,1.056,-3.0,6.071,1.537,-1.999,-2.0,-4.0,-4.0,7.854,-2.024,-2.566,-1.693,-0.943,-6.0,5.537,-1.0,-1.878,-4.0,-1.495,-3.0,-1.0,3.939,-0.383,-3.0,1.764,-4.0,-1.758,-4.999,-4.0,-3.0,-6.0,4.647,0.024,-1.999,3.795,-2.999,-3.0,-2.0,0.389,-1.975,-0.04,-4.0,-0.447,-3.998,2.246,0.36,3.679,-1.0,-1.792,0.964,0.614,-4.0,0.684,-2.743,-4.0,-6.0,3.353,-2.0,-5.0,-1.68,14.268,0.0,5.385,-2.0,-2.0,-2.048,2.025,22.906,3.729,-2.0,17.04,-5.999,-4.999,3.329,-1.629,0.04,-0.768,-6.0,7.772,-4.0,0.411,0.0,0.0,0.0,0.0,0.0,0.0,0.0,0.0,0.0,0.0
GoldS210,XAUUSDc,133,-10.957,-21.914,3,-0.4742,0.0,466,29.3991,1,5,210,0.015,1.1,1.5,0.0,0.5,15,1,-30.568,8,1,0,0,0.5,0.0,0.0,0.0,0.0,0.0,1.994,-0.011,-3.0,-2.508,-3.0,-3.895,10.166,0.493,-2.0,-3.0,-4.0,1.846,-1.0,-4.0,-3.0,-0.925,-2.33,3.639,-6.0,-0.43,2.986,-5.0,-2.999,-2.462,-5.0,-0.377,-4.0,-0.339,1.915,3.976,1.246,-2.994,0.534,-0.474,6.75,-3.0,3.32,0.85,-2.0,0.512,-4.0,-4.0,7.226,-0.707,-3.446,-0.457,1.023,-6.0,4.603,-1.0,-3.001,-1.483,-1.957,-0.394,2.72,3.555,-0.615,-3.0,13.704,-4.0,0.128,3.851,-1.238,0.153,-6.0,-0.447,6.642,-0.125,4.733,2.705,-3.0,-2.0,0.458,-2.492,2.948,-1.108,-0.359,1.494,2.929,1.015,-0.433,-1.0,-4.407,1.442,0.285,-4.0,-0.624,-0.855,-0.734,-0.046,7.808,-2.0,2.734,-4.0,3.837,0.0,2.662,-2.0,-2.0,-2.557,2.291,0.2,1.729,2.48,7.45,-5.999,-5.0,1.684,0.026,-1.45,1.263,-5.999,3.854,-3.0,2.904,0.0,0.0,0.0,0.0,0.0,0.0,0.0,0.0,0.0,0.0
GoldS210,XAUUSDc,199,6.8613,10.292,4,0.2849,95.85,474,30.1688,1,5,210,0.015,1.7,1.5,0.0,0.5,15,1,0.427,8,1,0,0,0.75,0.0,0.0,0.0,0.0,0.0,1.994,0.044,-4.0,-0.508,-4.0,-2.886,12.092,-0.507,-4.0,-3.0,-4.0,1.92,-3.0,-3.0,-3.0,1.936,-2.173,2.847,-2.059,-1.793,3.532,-1.319,-3.0,-1.979,-5.0,0.548,-4.0,-1.339,-1.487,3.363,8.199,-2.992,5.719,0.131,4.425,-3.0,3.189,0.851,-2.0,1.074,-3.999,-4.0,13.644,5.849,-3.445,4.609,1.239,-1.527,2.73,-1.0,-3.001,-1.392,-2.505,-0.134,2.737,4.908,-1.506,-3.0,10.541,-4.0,0.15,2.098,-1.229,0.152,-6.0,4.008,4.239,0.345,4.86,0.129,-3.0,-2.0,-0.553,-2.488,2.065,0.039,-0.302,6.168,1.893,1.12,-0.38,-1.0,-4.367,1.44,6.306,-4.0,-0.539,-0.641,-0.635,-1.866,4.155,-2.0,1.747,-4.0,4.328,0.0,4.316,-2.0,-2.0,-2.557,1.241,0.855,1.729,0.89,3.994,-2.007,-5.0,1.684,0.026,-1.424,1.31,-5.999,4.067,-3.999,0.354,0.0,0.0,0.0,0.0,0.0,0.0,0.0,0.0,0.0,0.0
GoldS210,XAUUSDc,212,-25.4053,-76.216,2,-0.7169,0.0,459,19.1721,1,5,270,0.015,1.7,2.0,0.0,0.5,15,1,-101.935,8,1,0,0,0.75,0.0,0.0,0.0,0.0,0.0,2.441,1.755,-4.0,-0.002,-4.0,-5.0,-1.983,-0.007,-4.0,-3.0,-4.0,-3.0,-3.0,-3.0,-3.0,-5.0,0.743,5.497,-5.0,-4.0,-2.005,0.332,-3.0,-5.0,-5.0,-3.0,-4.0,-0.835,-0.933,-0.369,0.364,-4.999,-1.872,2.778,1.33,-3.0,0.439,1.396,-2.0,-2.0,-3.999,-4.0,4.384,8.007,-1.714,-1.161,0.051,-6.0,5.82,-1.0,-1.934,-4.0,-1.424,5.417,-1.0,3.115,-0.383,-3.0,29.124,-4.0,-1.925,-0.418,-1.172,1.081,-6.0,5.112,0.018,-3.0,0.124,-2.999,-3.0,-2.0,0.389,-1.975,-0.59,-4.0,0.362,-4.0,2.632,0.208,1.268,-1.0,-3.163,-4.0,0.095,-4.0,-0.644,-1.172,-4.0,-6.0,1.916,-2.0,-5.0,-1.796,8.054,0.0,5.385,-2.0,7.388,-2.048,2.025,6.359,2.941,-2.0,11.54,-6.0,-5.0,2.316,1.332,-0.544,2.991,-5.999,2.136,-4.0,0.184,0.0,0.0,0.0,0.0,0.0,0.0,0.0,0.0,0.0,0.0
GoldS210,XAUUSDc,121,4.763,9.526,3,0.3639,35.6,498,43.5743,1,5,210,0.015,1.1,1.0,0.0,0.5,15,1,6.135,0,1,0,0,0.5,0.0,0.0,0.0,0.0,0.0,1.239,-0.996,-0.332,-0.014,-3.0,0.152,3.273,1.016,-4.0,1.003,-4.001,0.358,2.251,-1.059,-3.0,-1.586,-0.983,0.391,-6.0,1.483,0.961,3.478,1.09,-2.006,-5.0,-2.025,-4.0,0.369,-2.004,2.072,4.076,2.24,1.887,-1.033,2.699,-3.0,1.628,0.165,-2.0,0.013,-1.94,-4.0,4.642,-1.236,-4.007,5.14,2.63,-0.973,1.03,-1.0,-4.006,-2.007,-1.113,-0.998,1.338,6.512,1.444,-3.0,5.516,2.336,-1.011,3.403,4.673,1.264,-0.443,4.934,3.893,0.377,4.014,0.298,-3.0,-0.717,0.041,-3.0,2.816,-0.906,0.816,-1.965,1.029,0.331,-0.978,-1.0,3.475,-0.383,-0.918,-4.0,-1.469,0.002,-1.724,-0.896,4.403,0.04,2.04,-0.899,2.083,0.0,-0.46,-2.0,1.132,-3.041,1.105,1.59,0.007,2.486,4.511,-2.539,-5.0,0.386,5.252,-2.011,0.091,-2.779,2.104,0.107,-0.151,0.0,0.0,0.0,0.0,0.0,0.0,0.0,0.0,0.0,0.0
GoldS210,XAUUSDc,56,-39.4563,-118.369,2,-0.7542,0.0,445,10.5618,1,5,270,0.015,1.7,3.0,0.0,0.5,15,1,-148.509,15,1,0,0,0.0,0.0,0.0,0.0,0.0,0.0,-1.0,10.967,-5.0,-0.999,-4.998,-4.0,-0.888,1.005,-4.0,-3.0,-4.0,-2.999,-3.0,-3.0,-3.0,-5.0,0.99,2.417,-5.0,-4.0,-5.0,-5.0,-3.0,-5.0,-4.999,-2.999,-4.0,-3.0,0.822,1.245,-3.0,-3.999,0.795,13.312,-0.049,-3.0,-3.0,2.73,-2.0,-2.0,-3.0,-4.0,3.22,2.451,-6.0,-5.998,-3.0,-5.999,6.583,-1.0,0.616,-4.0,4.229,-3.0,-1.0,0.475,0.545,-3.0,-2.997,-5.0,-3.999,-4.0,-4.996,2.573,-6.0,-1.999,1.407,-3.0,-3.0,-2.999,-3.0,-2.0,-4.0,-0.234,-3.0,-4.0,3.422,-4.0,-2.999,0.361,10.698,-1.0,18.671,-4.0,2.317,-4.0,1.103,-5.0,-4.0,-6.0,8.828,4.987,-5.0,-0.078,0.223,0.0,2.188,-2.0,29.14,-4.0,6.377,-0.9,7.153,-2.0,-0.741,-6.0,-4.0,-3.999,0.5,-4.0,-3.0,-5.997,1.531,-5.0,3.615,0.0,0.0,0.0,0.0,0.0,0.0,0.0,0.0,0.0,0.0
GoldS210,XAUUSDc,179,15.8013,47.404,2,0.3852,270.48,461,7.5922,1,5,270,0.015,2.0,3.0,0.0,0.5,15,1,-80.816,16,1,0,0,0.5,0.0,0.0,0.0,0.0,0.0,-1.0,38.749,-4.0,-2.0,-4.0,-4.0,-0.853,1.006,-4.0,-3.0,-4.0,-3.0,-3.0,-3.0,-3.0,-6.0,-5.0,-4.0,-5.999,-4.0,-5.0,-4.998,-3.0,-4.999,-5.0,-4.0,-4.0,-3.0,1.918,6.988,-3.0,-4.999,4.519,54.595,-0.047,-3.0,-3.0,2.777,-2.0,-2.0,-4.0,-4.0,7.348,-7.999,-6.0,-6.0,-4.0,-6.0,4.359,-1.0,1.407,-4.0,5.717,-3.0,-1.0,1.924,6.106,-3.0,-2.998,-5.0,-4.0,-4.998,-4.0,-1.998,-6.0,-1.999,1.734,-3.0,-3.0,-2.999,-3.0,-2.0,4.708,0.73,-4.0,-4.0,-4.0,-3.998,-3.0,5.473,44.084,-1.0,122.22,-4.0,2.396,-4.0,2.288,-5.0,-3.999,-6.0,-5.0,-2.0,-5.0,0.942,0.308,0.0,26.241,-2.0,-2.0,-4.0,2.278,-0.853,1.866,-2.0,-0.567,-6.0,-5.0,-4.0,-5.0,-4.0,-3.999,-6.0,1.959,-4.999,9.065,0.0,0.0,0.0,0.0,0.0,0.0,0.0,0.0,0.0,0.0
GoldS210,XAUUSDc,193,-5.6443,-16.933,2,-0.4352,0.0,462,31.8182,1,5,210,0.015,1.1,1.5,0.0,0.5,15,1,-21.255,0,1,0,0,0.75,0.0,0.0,0.0,0.0,0.0,1.994,-0.011,-3.0,-1.508,-4.0,-2.894,6.114,0.493,-2.0,-3.0,-4.0,1.634,-1.0,-4.0,-3.0,-0.959,-2.33,2.709,-2.092,-0.43,2.986,-1.319,-3.0,-2.462,-5.0,-0.377,-4.0,-0.339,1.915,2.982,1.246,-2.994,4.616,-0.474,4.404,-3.0,3.076,0.85,-2.0,0.512,-4.0,-4.0,6.192,3.765,-3.446,4.177,1.023,-1.527,2.669,-1.0,-3.001,-1.483,-2.513,-0.394,2.569,4.769,-0.506,-3.0,8.0,-4.0,0.128,2.034,-1.238,0.152,-6.0,3.777,4.123,-0.125,4.733,2.705,0.0,-3.0,-0.554,-2.492,2.01,-1.108,-0.359,1.322,1.893,1.015,-0.433,-1.0,-4.407,1.408,0.285,-4.0,-0.654,-0.855,-0.735,-1.866,4.039,-2.0,2.734,-4.0,3.837,0.0,4.316,-2.0,-2.0,-2.557,1.241,0.2,1.729,0.89,7.45,-2.007,-5.0,1.684,0.028,-1.45,1.263,-5.999,3.854,-3.0,2.42,0.0,0.0,0.0,0.0,0.0,0.0,0.0,0.0,0.0,0.0
GoldS210,XAUUSDc,17,-13.6243,-40.873,2,-0.7262,0.0,465,31.1828,1,5,270,0.015,1.4,1.5,0.0,0.5,15,1,-48.211,4,1,0,0,0.0,0.0,0.0,0.0,0.0,0.0,1.756,0.013,-5.0,-0.508,-2.49,-1.745,5.585,0.493,-4.0,-3.0,-4.0,-3.0,-2.0,-3.0,-3.0,-0.873,0.521,4.674,-2.449,-2.286,2.852,1.095,-3.0,-2.351,-5.0,-0.284,-4.0,-1.432,-1.489,-0.884,2.19,0.418,2.84,-0.306,4.274,-3.0,-0.489,0.758,-2.0,0.651,-3.0,-4.0,5.765,-0.619,-3.181,0.079,1.099,-5.999,1.425,-1.0,-2.998,-1.447,-1.626,-0.356,2.683,-0.934,-1.489,-3.0,10.369,-4.0,0.222,8.132,-1.353,0.517,-3.447,4.83,-0.507,-3.0,5.584,2.859,-3.0,-2.0,-4.0,-2.488,1.029,-0.983,2.141,4.159,1.001,2.174,-0.428,-1.0,-3.404,-2.507,1.051,-4.0,-1.401,0.36,-0.917,-3.476,2.678,-0.48,3.291,-3.998,3.9,0.0,1.524,-2.0,0.787,1.349,0.511,0.439,1.4,5.115,5.499,-3.448,-4.0,1.082,0.026,-1.449,1.242,-5.999,1.054,-3.0,3.151,0.0,0.0,0.0,0.0,0.0,0.0,0.0,0.0,0.0,0.0
GoldS210,XAUUSDc,141,-2.388,-7.164,2,-0.1168,0.0,478,25.9414,1,5,150,0.015,2.0,1.5,0.0,0.5,15,1,-41.252,9,1,0,0,0.5,0.0,0.0,0.0,0.0,0.0,2.295,0.089,-4.0,-1.508,-3.0,-3.024,1.104,-0.506,-4.0,0.312,-4.0,2.652,-3.0,-3.0,-3.0,-3.432,-2.568,3.715,-1.805,-0.205,5.556,-3.999,-3.0,-0.899,-5.0,-4.0,-4.0,-1.238,-1.31,4.65,-1.124,-6.0,1.546,1.062,6.787,-3.0,2.537,1.221,-2.0,2.173,-4.0,-4.0,-1.096,1.402,-3.503,0.328,1.475,-6.0,4.709,-1.0,-2.901,-1.158,-1.878,-3.0,3.084,7.14,-1.425,-3.0,24.845,-4.0,0.835,6.999,-0.925,-2.999,-6.0,3.014,6.118,0.253,4.848,0.183,-3.0,-2.0,0.459,-2.488,3.093,3.857,-1.061,-3.998,2.929,0.734,-0.322,-1.0,-4.261,-1.618,30.088,-4.0,0.042,-0.324,-2.431,-2.24,8.055,-2.0,1.902,-4.0,5.519,0.0,1.095,-2.0,-2.0,-2.554,2.291,2.537,-1.448,2.48,4.102,-7.0,-5.0,1.906,0.081,-1.399,1.578,-6.0,4.184,-3.999,0.618,0.0,0.0,0.0,0.0,0.0,0.0,0.0,0.0,0.0,0.0
GoldS210,XAUUSDc,144,-9.3507,-14.026,4,-0.3714,0.0,439,23.918,1,5,150,0.015,1.1,2.0,0.0,0.5,15,1,-25.608,9,1,0,0,0.5,0.0,0.0,0.0,0.0,0.0,3.214,1.438,-4.0,-1.002,-3.0,-5.0,11.87,0.993,-2.0,1.172,-4.0,3.904,-1.0,-4.0,-3.0,2.002,2.219,5.678,-0.385,-0.047,-0.005,-1.881,-3.0,-1.788,-5.0,-3.0,-4.0,0.509,-0.607,6.802,0.698,-5.0,0.251,0.123,0.977,-3.0,3.825,2.098,-1.0,-3.0,-4.0,-4.0,5.33,4.783,-2.974,-2.536,0.04,-6.0,8.226,-1.0,-1.624,-3.999,-0.724,0.285,3.881,1.238,0.749,-3.0,6.361,-4.0,-0.917,0.837,3.128,-2.999,-5.999,1.572,8.505,-2.0,1.025,-2.0,-3.0,-2.0,1.874,-1.984,-0.66,0.914,0.613,3.631,3.091,0.061,0.17,-1.0,-3.776,0.319,-1.459,-4.0,0.813,0.183,-1.827,-5.999,1.196,-2.0,-0.274,-1.841,5.685,0.0,5.958,-2.0,-2.0,-2.018,3.476,1.663,-0.809,-2.0,16.692,-7.0,-5.0,3.327,-1.465,-0.77,2.721,-5.999,5.25,-3.0,2.972,0.0,0.0,0.0,0.0,0.0,0.0,0.0,0.0,0.0,0.0
GoldS210,XAUUSDc,91,79.295,158.59,3,1.9094,139.86,460,18.4783,1,5,210,0.015,1.7,2.0,0.0,0.5,15,1,-63.207,12,1,0,0,0.25,0.0,0.0,0.0,0.0,0.0,2.798,1.755,-4.0,-1.002,-3.0,-5.0,-1.982,-0.007,-4.0,-3.0,-4.0,-2.0,-2.999,-3.0,-3.0,-5.0,0.174,8.522,-6.0,-4.0,-1.005,-2.839,-3.0,-5.0,-5.0,-3.0,-4.0,-0.663,-0.927,-2.025,0.437,-5.0,-1.247,2.778,1.055,-3.0,5.645,1.537,-2.0,-2.0,-4.0,-4.0,12.087,8.071,-2.567,-1.734,0.051,-5.999,-0.674,-1.0,-1.901,-4.0,-0.795,5.417,-1.0,-2.822,5.449,-3.0,232.149,-4.0,-1.789,-4.0,-1.172,1.219,-5.999,-2.0,0.018,-2.0,3.72,-2.997,-3.0,-2.0,6.318,-1.975,-0.59,-4.0,0.409,-4.0,8.502,0.182,1.268,-1.0,-3.163,0.89,0.566,-4.0,0.484,-2.742,-4.0,-6.0,1.939,-2.0,-4.999,-1.795,8.054,0.0,-5.999,-2.0,-2.0,-2.048,7.765,6.121,3.518,-2.0,34.712,-5.999,-5.0,3.142,1.476,-0.544,3.026,-5.999,6.385,-3.999,1.948,0.0,0.0,0.0,0.0,0.0,0.0,0.0,0.0,0.0,0.0
GoldS210,XAUUSDc,71,29.9587,44.938,4,1.5436,22.93,498,40.5622,1,5,270,0.015,2.0,1.0,0.0,0.5,15,1,34.635,9,1,0,0,0.25,0.0,0.0,0.0,0.0,0.0,1.12,-0.992,0.226,-0.014,-4.0,-1.682,8.791,1.104,-4.0,1.033,-4.001,-3.0,3.727,-1.11,-3.0,-1.673,-0.807,0.948,-3.985,-0.602,0.971,0.521,2.165,-2.006,-5.0,-1.929,-4.0,0.833,-2.001,-0.502,5.486,6.609,2.707,-0.604,1.931,-3.0,3.492,0.121,-2.0,0.034,-1.803,-4.0,4.379,-0.248,-4.007,-1.964,3.598,0.412,-1.826,-1.0,-4.005,-2.007,-0.919,-3.0,1.317,11.633,-1.287,-3.0,14.836,9.157,-0.916,5.516,-0.997,1.016,2.948,8.324,-0.027,-2.0,4.038,0.257,-3.0,-0.766,1.65,-3.0,3.996,-0.909,4.11,-1.911,2.693,0.729,-0.957,-1.0,5.703,-3.008,-0.149,-4.0,-1.905,1.062,-1.81,0.554,9.2,0.116,2.323,0.909,2.176,0.0,1.993,-2.0,1.006,-3.042,3.023,1.497,0.007,3.83,2.11,-2.844,-5.0,0.008,10.454,-1.994,0.079,-2.498,0.018,0.078,-0.929,0.0,0.0,0.0,0.0,0.0,0.0,0.0,0.0,0.0,0.0
GoldS210,XAUUSDc,66,21.0787,31.618,4,1.052,32.59,498,41.3655,1,5,150,0.015,1.7,1.0,0.0,0.5,15,1,21.315,6,1,0,0,0.25,0.0,0.0,0.0,0.0,0.0,1.389,-0.996,-0.407,-0.014,-3.0,-2.809,5.966,1.053,-4.0,0.429,-4.001,0.145,2.803,-0.609,-3.0,-1.466,-1.034,0.709,-3.172,1.696,0.992,-0.219,0.559,-2.006,-5.0,-1.977,-4.0,0.515,-1.945,2.014,4.871,2.043,4.359,-0.855,-1.016,-3.0,1.119,0.345,-2.0,0.026,-1.931,-4.0,7.112,1.807,-4.006,-1.976,3.584,0.275,-2.027,-1.0,-4.006,-2.007,-1.077,-0.974,1.269,11.203,-2.598,-3.0,14.806,6.745,-1.011,4.88,1.816,-1.004,1.863,6.371,-0.035,0.297,4.026,0.538,-3.0,-0.513,1.65,-3.0,3.377,-0.787,0.526,-1.94,2.294,0.143,-0.97,-1.0,1.566,-0.025,-2.7,-4.0,-1.16,0.02,-3.003,-1.163,11.323,0.097,2.105,0.909,2.13,0.0,-0.279,-2.0,1.281,-3.041,3.023,1.985,0.007,5.472,4.408,-5.001,-5.0,0.525,7.281,-2.002,0.164,-2.668,2.008,0.074,2.055,0.0,0.0,0.0,0.0,0.0,0.0,0.0,0.0,0.0,0.0
GoldS210,XAUUSDc,19,-5.2842,-31.705,1,-0.798,0.0,472,28.6017,1,5,210,0.015,1.7,1.5,0.0,0.5,15,1,-42.99,8,1,0,0,0.0,0.0,0.0,0.0,0.0,0.0,1.994,0.044,-4.0,-0.508,-4.0,-3.887,13.733,-0.507,-4.0,-3.0,-4.0,2.135,-2.999,-3.0,-3.0,2.019,-2.173,4.614,-6.0,-1.793,3.532,-2.669,-3.0,-1.979,-4.998,0.548,-4.0,-1.339,-1.487,-0.133,8.199,-2.992,4.152,0.131,3.064,-3.0,3.433,0.851,-2.0,1.074,-3.0,-4.0,16.639,-0.385,-3.445,-0.025,1.239,-6.0,1.051,-1.0,-3.001,-1.392,-1.949,-0.134,2.919,-0.909,-5.0,-3.0,5.03,-4.0,0.15,7.888,-1.229,0.152,-3.412,2.708,-0.509,0.345,4.86,0.129,-3.0,-2.0,-1.491,-2.488,1.076,0.039,-0.302,6.378,0.986,1.12,-0.38,-1.0,-0.703,1.474,6.306,-4.0,-0.495,-0.641,-0.635,-6.0,2.806,-0.481,1.747,-3.999,4.328,0.0,3.314,-2.0,-2.0,-2.557,0.511,0.855,1.729,-0.481,3.994,-5.999,-3.999,1.684,0.026,-1.424,1.31,-5.998,4.067,-3.999,0.838,0.0,0.0,0.0,0.0,0.0,0.0,0.0,0.0,0.0,0.0
GoldS210,XAUUSDc,28,-7.9063,-47.438,1,-0.7376,0.0,447,22.5951,1,5,210,0.015,1.4,2.0,0.0,0.5,15,1,-61.074,8,1,0,0,0.0,0.0,0.0,0.0,0.0,0.0,2.771,1.276,-3.0,-1.002,-3.999,-5.0,3.271,0.993,-4.0,-3.0,-4.0,4.255,-2.0,-3.0,-3.0,9.636,-0.434,8.432,-5.0,-0.381,-0.005,-2.858,-3.0,3.631,-4.998,-3.0,-4.0,-0.671,-0.944,1.966,0.351,-5.0,0.721,2.896,1.055,-3.0,5.233,1.537,-2.0,-2.0,-3.0,-4.0,11.921,2.517,-2.568,-1.759,0.046,-6.0,2.135,-1.0,-1.916,-3.999,-0.812,0.938,6.85,1.593,-5.0,-3.0,-3.0,-4.0,-1.807,-4.0,3.03,1.112,-6.0,-2.0,0.009,-2.0,3.649,-3.0,-3.0,-2.0,-0.988,-1.975,-0.855,-4.0,0.317,5.54,0.863,0.093,0.397,-1.0,0.479,0.839,0.534,-4.0,0.306,0.56,1.214,-6.0,2.369,0.033,1.099,-1.862,6.004,0.0,0.026,-2.0,-2.0,-2.047,1.016,2.033,3.431,-2.0,11.546,-5.999,-3.998,3.037,1.409,-0.804,2.58,-5.998,5.768,-3.0,0.924,0.0,0.0,0.0,0.0,0.0,0.0,0.0,0.0,0.0,0.0
GoldS210,XAUUSDc,237,15.6137,46.841,2,0.409,273.73,461,7.8091,1,5,150,0.015,2.0,3.0,0.0,0.5,15,1,-81.379,21,1,0,0,0.75,0.0,0.0,0.0,0.0,0.0,-1.0,38.907,-4.0,-1.0,-3.999,-5.0,-0.853,1.006,-4.0,-3.0,-4.0,-2.0,-3.0,-3.0,-3.0,-6.0,-1.024,-4.0,2.434,-3.999,-4.0,-4.999,-3.0,-4.999,-5.0,-4.0,-4.0,-3.0,2.524,1.231,-3.0,-5.999,-4.998,54.595,-1.009,-3.0,-2.999,3.958,-2.0,-2.0,-4.0,-4.0,13.941,-8.0,-5.999,-5.998,-4.0,-6.0,3.268,-1.0,2.179,-4.0,3.974,-3.0,-1.0,2.925,1.984,-3.0,-2.997,-5.0,-4.0,-4.999,-4.0,-3.0,-6.0,8.591,1.734,-2.0,-2.999,-2.999,-3.0,-2.0,2.276,0.73,-3.999,-4.0,-4.0,-3.998,-3.0,5.428,44.084,-1.0,122.22,-4.999,-4.999,-4.0,4.541,-6.0,-0.222,-5.999,-4.999,-2.0,-5.0,1.003,0.308,0.0,14.428,-2.0,-2.0,-3.999,15.259,-0.852,-4.0,-2.0,-4.998,-6.0,-4.999,-3.999,-5.0,-4.0,-4.0,-6.0,1.961,-4.999,12.282,0.0,0.0,0.0,0.0,0.0,0.0,0.0,0.0,0.0,0.0
GoldS210,XAUUSDc,13,-0.0,-61.561,0,-0.8951,0.0,461,30.1518,1,5,210,0.015,1.1,1.5,0.0,0.5,15,1,-70.858,2,1,0,0,0.0,0.0,0.0,0.0,0.0,0.0,1.994,-0.011,-3.0,-1.508,-4.0,-3.895,6.323,0.493,-2.0,-3.0,-4.0,1.846,-1.0,-4.0,-3.0,-0.925,-2.33,5.476,-5.0,-0.43,2.986,-2.681,-3.0,-2.462,-4.998,-0.377,-4.0,-0.339,1.915,-0.514,1.246,-2.993,3.038,-0.474,2.559,-3.0,3.32,0.85,-2.0,0.512,-3.0,-4.0,9.187,-0.706,-3.446,-0.457,1.023,-6.0,0.986,-1.0,-3.001,-1.483,-1.957,-0.394,2.72,-0.939,-5.0,-3.0,1.464,-4.0,0.128,7.817,-1.238,0.152,-3.474,2.1,-0.509,-0.125,4.733,2.705,-3.0,-2.0,-1.492,-2.492,1.021,-1.108,-0.359,1.494,0.986,1.015,-0.433,-1.0,-0.826,1.442,0.285,-4.0,-0.624,-0.855,-0.735,-6.0,2.671,-0.481,2.734,-4.0,3.837,0.0,3.314,-2.0,-2.0,-2.557,0.511,0.2,1.729,-0.481,7.45,-5.999,-3.999,1.684,0.027,-1.45,1.263,-5.998,3.854,-3.0,2.904,0.0,0.0,0.0,0.0,0.0,0.0,0.0,0.0,0.0,0.0
GoldS210,XAUUSDc,111,26.752,80.256,2,1.2219,173.54,429,11.8881,1,5,150,0.015,1.4,3.0,0.0,0.5,15,1,-59.024,22,1,0,0,0.25,0.0,0.0,0.0,0.0,0.0,0.0,4.374,-4.0,-2.0,-3.0,-5.0,0.08,2.002,-4.0,-3.0,-4.0,-2.0,-2.0,-3.0,-3.0,-4.0,-0.024,3.634,2.625,4.18,-3.0,-4.0,-3.0,-5.0,-5.0,-3.0,-4.0,-3.0,1.306,3.577,4.117,-5.0,-4.998,3.389,-1.011,-3.0,16.349,3.935,-2.0,-2.0,-4.0,-4.0,1.811,20.1,-6.0,-5.0,-3.999,-5.999,0.497,-1.0,1.055,-4.0,2.945,-3.0,139.28,6.477,2.143,-3.0,-2.0,-4.0,-4.0,-3.0,-2.0,-4.0,-6.0,3.596,1.199,-2.0,6.755,-3.0,-3.0,-2.0,11.983,-0.685,3.197,-4.0,2.617,36.261,-2.999,4.172,2.874,-1.0,-0.14,-3.0,-5.0,-4.0,3.127,-5.0,-0.505,-5.999,0.465,-2.0,-4.0,-0.5,13.35,0.0,-0.823,-2.0,-2.0,-3.999,2.203,-0.913,0.701,-2.0,-4.0,-6.999,-5.0,-4.0,-3.999,-4.0,-3.0,-5.999,5.209,-4.0,12.262,0.0,0.0,0.0,0.0,0.0,0.0,0.0,0.0,0.0,0.0
GoldS210,XAUUSDc,204,-9.9957,-29.987,2,-0.6261,0.0,434,24.424,1,5,150,0.015,1.1,2.0,0.0,0.5,15,1,-36.335,5,1,0,0,0.75,0.0,0.0,0.0,0.0,0.0,3.214,1.438,-4.0,-0.002,-4.0,-5.0,9.101,0.993,-2.0,1.172,-4.0,3.904,-1.0,-4.0,-3.0,1.595,2.219,5.339,-4.999,-0.047,-0.005,-1.881,-3.0,-1.788,-5.0,-3.0,-4.0,0.509,-0.607,5.769,0.698,-4.999,0.251,0.123,0.977,-3.0,3.825,2.098,-1.0,-3.0,-4.0,-4.0,5.22,3.891,-2.974,5.813,0.04,-5.999,4.918,-1.0,-1.624,-3.999,-1.511,0.285,3.834,1.238,0.617,-3.0,3.403,-4.0,-0.917,0.582,3.128,-3.0,-5.999,1.572,6.538,-2.0,1.025,-2.0,0.0,-3.0,0.39,-1.984,-0.659,0.914,0.613,3.631,1.677,0.061,0.17,-1.0,-3.776,0.15,-1.459,-4.0,0.557,0.184,-1.828,-5.999,1.197,-2.0,-0.274,-1.841,5.685,0.0,8.865,-2.0,-2.0,-2.018,2.025,1.663,-0.809,-2.0,11.131,-5.999,-5.0,3.221,-1.465,-0.77,2.721,-5.999,5.25,-3.0,2.81,0.0,0.0,0.0,0.0,0.0,0.0,0.0,0.0,0.0,0.0
GoldS210,XAUUSDc,22,-8.631,-51.786,1,-0.6671,0.0,477,26.2055,1,5,210,0.015,2.0,1.5,0.0,0.5,15,1,-85.874,5,1,0,0,0.0,0.0,0.0,0.0,0.0,0.0,1.994,0.089,-4.0,-0.508,-4.0,-3.876,1.757,-0.506,-4.0,-3.0,-4.0,2.776,-3.0,-3.0,-3.0,-3.432,-5.0,4.759,-6.0,-0.64,4.699,-2.662,-3.0,-0.899,-4.998,-4.0,-4.0,-1.339,-1.478,0.406,-1.326,-2.991,7.01,1.062,3.758,-3.0,3.547,0.851,-1.999,2.173,-3.999,-4.0,6.623,0.061,-3.445,0.675,1.476,-6.0,1.096,-1.0,-3.001,-1.291,-1.94,-3.0,3.313,-0.83,-5.0,-3.0,0.703,-4.0,0.172,7.98,-1.189,-3.0,-3.355,3.637,-0.509,0.405,4.993,0.251,-3.0,-2.0,-1.492,-2.488,1.166,3.588,-1.25,-3.998,0.986,1.272,-0.322,-1.0,-0.48,1.517,32.691,-4.0,-0.384,-0.254,-0.428,-6.0,2.978,-0.481,1.89,-3.999,5.474,0.0,3.314,-2.0,-2.0,-2.557,0.511,2.381,1.729,-0.481,4.274,-5.999,-5.0,1.684,0.027,-1.399,1.438,-5.999,4.415,-4.0,-0.163,0.0,0.0,0.0,0.0,0.0,0.0,0.0,0.0,0.0,0.0
GoldS210,XAUUSDc,220,1.556,4.668,2,0.0826,862.75,436,16.9725,1,5,210,0.015,1.4,2.5,0.0,0.5,15,1,-35.605,19,1,0,0,0.75,0.0,0.0,0.0,0.0,0.0,0.0,1.62,-3.0,-2.0,-3.999,-5.0,-0.459,1.495,-4.0,-3.0,-4.0,7.243,-2.0,-3.0,-3.0,-4.0,0.513,0.897,-5.0,0.956,0.502,2.047,-3.0,-5.0,-5.0,-3.0,-4.0,0.02,-0.281,1.641,1.151,-5.0,-0.465,1.905,-1.364,-3.0,7.708,2.246,-2.0,-2.0,-4.0,-4.0,10.965,3.578,-6.0,20.193,-3.0,-6.0,-0.229,-1.0,-0.864,-3.999,0.607,-3.0,40.273,6.273,2.363,-3.0,-2.0,3.57,-0.211,-4.0,1.212,-4.0,-6.0,7.121,0.586,-2.0,5.239,-3.0,-3.0,-2.0,1.332,-1.383,-0.058,-4.0,0.998,13.914,-2.999,1.371,1.361,-1.0,-2.379,2.03,1.831,-4.0,1.211,-1.052,6.15,-6.0,-1.127,-2.0,-4.0,-1.224,6.963,0.0,11.201,-2.0,-2.0,-1.491,7.446,-1.453,5.212,-2.0,4.907,-5.999,-5.0,4.652,2.841,-4.0,-3.0,-2.725,0.694,-4.0,1.391,0.0,0.0,0.0,0.0,0.0,0.0,0.0,0.0,0.0,0.0
GoldS210,XAUUSDc,172,76.0425,152.085,3,2.461,92.06,432,12.7315,1,5,210,0.015,1.4,3.0,0.0,0.5,15,1,12.081,26,1,0,0,0.5,0.0,0.0,0.0,0.0,0.0,0.0,3.684,-3.0,-3.0,-2.999,-5.0,0.081,2.002,-4.0,-3.0,-4.0,12.336,-2.0,-3.0,-3.0,-4.0,-4.0,1.77,-6.0,3.011,-3.0,-5.0,-2.999,-5.0,-5.0,-3.0,-4.0,-3.0,0.469,5.56,3.398,-5.0,0.629,3.389,-0.796,-3.0,18.313,2.958,-2.0,-2.0,-4.0,-4.0,16.986,16.263,-6.0,-5.0,-4.0,-6.0,0.478,-1.0,0.387,-3.999,2.807,-3.0,140.004,-1.489,5.661,-3.0,-2.0,9.02,-4.0,-4.0,-2.0,-3.999,-6.0,-2.0,1.199,-2.0,7.555,-3.0,-3.0,-2.0,4.708,-0.685,2.239,-4.0,1.993,37.904,-3.0,4.128,2.874,-1.0,-0.14,-2.0,3.13,-4.0,2.219,-5.0,24.684,-6.0,0.505,-2.0,-4.0,-0.562,13.235,0.0,26.241,-2.0,-2.0,-3.999,2.121,-0.913,7.123,-2.0,-4.0,-5.999,-5.0,-2.999,0.513,-4.0,-3.0,-5.999,1.293,-4.0,3.792,0.0,0.0,0.0,0.0,0.0,0.0,0.0,0.0,0.0,0.0
GoldS210,XAUUSDc,21,-14.1353,-42.406,2,-0.546,0.0,478,26.3598,1,5,150,0.015,2.0,1.5,0.0,0.5,15,1,-76.494,5,1,0,0,0.0,0.0,0.0,0.0,0.0,0.0,2.295,0.089,-4.0,-0.508,-4.0,-4.024,1.104,-0.506,-4.0,0.312,-4.0,2.652,-3.0,-3.0,-3.0,-3.432,-2.568,3.715,-1.805,-0.205,5.556,-1.663,-2.999,-0.899,-5.0,-4.0,-4.0,-1.238,-1.31,4.65,-1.124,-5.999,4.068,1.062,-0.02,-3.0,2.537,1.221,-2.0,2.173,-3.999,-4.0,-1.096,1.509,-3.503,0.328,1.475,-5.997,1.096,-1.0,-2.901,-1.158,-1.878,-3.0,3.084,2.689,-1.425,-3.0,0.704,-4.0,0.835,1.14,-0.925,-3.0,-6.0,6.566,-0.509,0.253,4.848,0.183,-3.0,-2.0,-1.491,-2.488,4.423,3.857,-1.061,-3.998,5.261,0.734,-0.322,-1.0,-0.48,-1.618,30.088,-4.0,0.042,-0.324,-2.432,-2.24,2.963,-0.481,1.902,-3.999,5.519,0.0,1.747,-2.0,-2.0,-2.555,0.511,2.537,-1.448,-0.481,4.102,-1.665,-5.0,1.906,0.081,-1.399,1.578,-5.999,4.184,-3.999,6.186,0.0,0.0,0.0,0.0,0.0,0.0,0.0,0.0,0.0,0.0
GoldS210,XAUUSDc,58,7.4483,22.345,2,0.161,573.82,458,7.6419,1,5,210,0.015,2.0,3.0,0.0,0.5,15,1,-105.875,14,1,0,0,0.0,0.0,0.0,0.0,0.0,0.0,-1.0,38.749,-4.0,-1.0,-4.0,-5.0,-0.853,1.006,-4.0,-3.0,-4.0,-2.0,-3.0,-3.0,-3.0,-6.0,-5.0,-4.0,-6.0,-3.999,-4.0,-5.999,-3.0,-4.999,-4.998,-4.0,-4.0,-2.999,1.918,-6.0,-3.0,-4.999,5.528,54.595,-0.797,-3.0,-3.0,3.017,-1.999,-2.0,-3.999,-4.0,20.613,-8.0,-5.999,-5.999,-3.999,-6.0,3.268,-1.0,1.507,-4.0,4.979,-3.0,-1.0,1.924,-5.0,-3.0,-3.998,-4.0,-4.0,-4.998,-4.0,-3.0,-6.0,-1.998,1.734,-1.999,-2.998,-2.999,-3.0,-2.0,0.019,0.73,-4.0,-4.0,-4.0,-3.998,-3.0,5.428,44.084,-1.0,124.22,-3.0,3.262,-4.0,4.034,-6.0,-4.0,-6.0,-4.0,3.456,-5.0,0.943,0.308,0.0,2.238,-2.0,-2.0,-3.999,6.532,-0.851,2.942,-2.0,-4.998,-5.999,-5.0,-4.0,-4.999,-4.0,-4.0,-5.999,1.959,-5.0,11.823,0.0,0.0,0.0,0.0,0.0,0.0,0.0,0.0,0.0,0.0
GoldS210,XAUUSDc,175,-19.727,-118.362,1,-0.8511,0.0,448,9.1518,1,5,210,0.015,1.7,3.0,0.0,0.5,15,1,-149.603,19,1,0,0,0.5,0.0,0.0,0.0,0.0,0.0,-1.0,10.967,-4.0,-1.999,-3.0,-5.0,-0.888,1.005,-4.0,-3.0,-4.0,-2.0,-3.0,-3.0,-3.0,-5.0,-4.0,2.453,-6.0,-4.0,-4.0,-5.0,-2.999,-5.0,-5.0,-3.0,-4.0,-3.0,0.846,4.655,-3.0,-5.0,1.851,13.312,-0.798,-3.0,-3.0,2.97,-2.0,-2.0,-4.0,-4.0,11.206,2.451,-5.999,-6.0,-3.0,-6.0,1.364,-1.0,0.744,-4.0,3.491,-3.0,-1.0,-0.526,5.681,-3.0,-2.994,-5.0,-4.0,-4.0,-4.998,-2.999,-6.0,-2.0,1.405,-2.0,6.391,-2.997,-3.0,-2.0,4.709,-0.234,-4.0,-4.0,3.509,-4.0,-3.0,0.315,10.698,-1.0,17.671,-2.0,3.183,-4.0,2.85,-6.0,-3.999,-6.0,7.867,-2.0,-5.0,-0.079,0.223,0.0,26.241,-2.0,-2.0,-3.999,2.162,-0.899,8.229,-2.0,-5.0,-5.999,-5.0,-4.0,0.686,-4.0,-3.0,-5.997,1.532,-4.999,6.373,0.0,0.0,0.0,0.0,0.0,0.0,0.0,0.0,0.0,0.0
GoldS210,XAUUSDc,42,-0.0,-128.594,0,-0.8731,0.0,452,14.1593,1,5,150,0.015,1.7,2.5,0.0,0.5,15,1,-145.245,14,1,0,0,0.0,0.0,0.0,0.0,0.0,0.0,-1.0,3.927,-4.0,-1.0,-4.0,-5.0,-1.448,0.495,-4.0,2.238,-4.0,-2.0,-3.0,-3.0,-3.0,-5.0,5.233,2.723,1.206,-4.0,-0.498,-4.0,-3.0,-5.0,-5.0,-3.0,-4.0,0.334,0.399,1.151,1.948,-4.999,-4.999,6.895,-1.512,-3.0,3.515,3.015,-2.0,-2.0,-3.0,-4.0,1.173,-2.451,-5.999,1.001,-3.0,-5.997,3.786,-1.0,-0.302,-4.0,1.89,-3.0,-1.0,5.055,0.929,-3.0,-3.996,-4.0,1.203,2.61,1.163,-3.0,-6.0,3.009,0.659,-2.0,5.098,-3.0,-3.0,-2.0,-0.484,-1.29,-3.999,-4.0,1.787,-5.0,-3.0,-1.826,3.773,-1.0,6.977,1.892,-4.999,-4.0,2.386,-2.458,-1.112,-5.999,0.723,0.55,-5.0,-0.926,-0.346,0.0,5.308,-2.0,-2.0,-1.436,1.641,-1.451,0.279,-2.0,-4.997,-6.999,-5.0,5.69,-0.197,-4.0,-3.0,-0.998,0.811,-5.0,14.652,0.0,0.0,0.0,0.0,0.0,0.0,0.0,0.0,0.0,0.0
GoldS210,XAUUSDc,138,7.0487,10.573,4,0.3529,113.8,474,28.481,1,5,150,0.015,1.7,1.5,0.0,0.5,15,1,-1.459,10,1,0,0,0.5,0.0,0.0,0.0,0.0,0.0,2.295,0.044,-4.0,-1.508,-3.0,-3.024,13.874,-0.507,-4.0,0.302,-4.0,2.03,-2.999,-3.0,-3.0,2.444,0.151,3.57,-1.808,-1.358,4.379,-3.999,-3.0,-1.979,-5.0,0.548,-4.0,-1.238,-1.319,4.117,8.401,0.024,-1.305,0.131,6.739,-3.0,2.423,1.221,-2.0,1.074,-4.0,-4.0,8.92,6.834,-3.503,-0.371,1.239,-6.0,4.664,-1.0,-2.901,-1.247,-1.887,-0.134,2.69,6.818,-1.425,-3.0,14.966,-4.0,0.813,6.92,-0.965,-2.999,-6.0,2.669,5.275,0.204,4.715,0.059,-3.0,-2.0,0.458,-2.488,3.018,0.347,-0.113,5.662,2.929,0.582,-0.38,-1.0,-4.367,2.357,3.735,-4.0,-0.069,-0.711,-2.431,-2.24,7.909,-2.0,1.759,-4.0,4.373,0.0,1.095,-2.0,-2.0,-2.554,2.291,1.011,-1.448,2.48,3.822,-7.0,-5.0,1.906,0.081,-1.424,1.45,-5.999,3.836,-4.0,1.619,0.0,0.0,0.0,0.0,0.0,0.0,0.0,0.0,0.0,0.0
GoldS210,XAUUSDc,65,21.744,43.488,3,1.2437,23.69,498,41.1647,1,5,270,0.015,1.4,1.0,0.0,0.5,15,1,33.185,9,1,0,0,0.25,0.0,0.0,0.0,0.0,0.0,1.12,-0.996,0.206,-0.014,-4.0,-1.682,8.316,1.025,-4.0,1.022,-4.001,-3.0,2.307,-1.165,-3.0,-1.711,-0.807,0.891,-3.991,-0.966,0.955,-0.21,2.165,-2.006,-5.0,-2.008,-4.0,0.499,-2.003,-0.588,4.199,6.609,2.687,-0.985,1.751,-3.0,3.485,0.121,-2.0,0.017,-1.803,-4.0,3.704,-0.271,-4.007,-1.987,3.572,0.412,-1.843,-1.0,-4.005,-2.007,-0.919,-0.998,1.317,11.633,-1.287,-3.0,14.794,9.15,-0.916,5.516,-1.004,1.009,2.948,8.306,-0.038,-2.0,4.017,0.204,-0.776,-0.766,1.65,-3.0,3.99,-0.922,3.927,-1.961,2.693,0.729,-0.978,-1.0,5.703,-3.008,-0.866,-4.0,-1.962,1.007,-1.81,0.554,9.178,0.038,2.162,0.909,2.083,0.0,1.993,-2.0,1.006,-0.608,3.023,1.483,0.007,3.83,2.095,-2.844,-5.0,0.008,10.454,-2.01,0.079,-2.497,0.011,0.074,-0.929,0.0,0.0,0.0,0.0,0.0,0.0,0.0,0.0,0.0,0.0
GoldS210,XAUUSDc,173,91.0873,136.631,4,2.0062,102.31,433,12.933,1,5,270,0.015,1.4,3.0,0.0,0.5,15,1,-3.155,22,1,0,0,0.5,0.0,0.0,0.0,0.0,0.0,0.0,3.684,-4.0,-2.0,-4.0,-4.0,0.081,2.002,-4.0,-3.0,-4.0,-3.0,-2.0,-3.0,-3.0,-4.0,-4.0,1.408,-5.0,3.01,-4.0,-4.0,5.392,-4.999,-5.0,-3.0,-4.0,-3.0,0.31,7.751,3.18,-4.999,-0.476,3.389,-0.049,-3.0,6.44,2.706,-2.0,-2.0,-4.0,-4.0,8.069,15.757,-6.0,-5.0,-4.0,-6.0,1.569,-1.0,0.224,-3.999,3.545,-3.0,139.786,-1.489,6.086,-3.0,-2.0,12.388,-4.0,-3.0,-2.0,1.424,-6.0,-2.0,1.199,-3.0,1.511,-3.0,-3.0,-2.0,4.708,-0.685,2.208,-4.0,1.906,40.699,-3.0,4.173,2.874,-1.0,-0.14,-4.0,2.264,-4.0,0.472,-4.0,24.144,-6.0,0.465,-1.999,-3.999,-0.562,13.235,0.0,26.241,-2.0,5.934,-4.0,2.121,-0.913,6.047,-2.0,0.171,-6.0,-5.0,-3.0,0.278,-3.999,-2.999,-5.999,1.293,-4.0,0.793,0.0,0.0,0.0,0.0,0.0,0.0,0.0,0.0,0.0,0.0
GoldS210,XAUUSDc,162,-0.0,-141.16,0,-0.9387,0.0,454,12.9956,1,5,150,0.015,1.7,2.5,0.0,0.5,15,1,-157.012,16,1,0,0,0.5,0.0,0.0,0.0,0.0,0.0,-1.0,3.927,-4.0,-2.0,-3.0,-5.0,-1.442,0.495,-4.0,2.238,-4.0,-2.0,-2.999,-3.0,-3.0,-5.0,5.233,2.723,1.206,-4.0,-0.498,-4.0,-3.0,-5.0,-5.0,-3.0,-4.0,0.334,0.399,1.151,1.948,-4.999,-4.999,6.895,-1.512,-3.0,3.515,3.015,-2.0,-2.0,-4.0,-4.0,1.173,-2.451,-5.999,1.001,-3.0,-6.0,0.23,-1.0,-0.302,-4.0,1.89,-3.0,-1.0,5.055,0.929,-3.0,-2.994,-5.0,1.203,2.61,1.163,-2.999,-6.0,3.009,0.659,-2.0,5.098,-3.0,-3.0,-2.0,3.291,-1.29,-4.0,-4.0,1.787,-5.0,-3.0,-1.826,3.773,-1.0,2.071,1.892,-4.999,-4.0,2.386,-2.458,-1.111,-5.999,-0.277,-2.0,-5.0,-0.927,-0.346,0.0,15.084,-2.0,-2.0,-1.435,-2.0,-1.451,0.279,-2.0,-4.997,-7.0,-5.0,5.69,-0.197,-4.0,-3.0,-0.998,0.811,-5.0,5.182,0.0,0.0,0.0,0.0,0.0,0.0,0.0,0.0,0.0,0.0
GoldS210,XAUUSDc,232,83.0655,166.131,3,3.2101,84.06,428,13.785,1,5,210,0.015,1.4,3.0,0.0,0.5,15,1,26.475,30,1,0,0,0.75,0.0,0.0,0.0,0.0,0.0,0.0,3.684,-3.0,-2.0,-3.999,-5.0,0.079,2.002,-4.0,-3.0,-4.0,11.855,-2.0,-3.0,-3.0,-4.0,-4.0,1.77,-5.0,3.01,-3.0,-4.0,5.53,-5.0,-5.0,-3.0,-4.0,-3.0,0.469,3.25,3.398,-5.0,0.629,3.389,-0.796,-3.0,17.814,2.958,-2.0,-2.0,-4.0,-4.0,14.126,16.263,-6.0,-3.999,-4.0,-6.0,0.478,-1.0,0.387,-3.999,1.768,-3.0,139.656,9.474,4.126,-3.0,-2.0,5.774,-4.0,-4.0,-2.0,-4.0,-6.0,9.807,1.199,-2.0,7.555,-3.0,-3.0,-2.0,2.275,-0.685,2.239,-4.0,1.993,37.548,-2.999,4.128,2.874,-1.0,-0.14,-2.0,3.13,-4.0,2.17,-5.0,24.683,-6.0,0.506,-2.0,-4.0,-0.561,13.235,0.0,9.184,-2.0,-2.0,-3.999,15.02,-0.913,7.123,-2.0,-4.0,-5.999,-5.0,-2.999,0.515,-4.0,-3.0,-5.999,1.293,-4.0,2.852,0.0,0.0,0.0,0.0,0.0,0.0,0.0,0.0,0.0,0.0
GoldS210,XAUUSDc,192,-5.7713,-17.314,2,-0.559,0.0,461,31.6703,1,5,150,0.015,1.1,1.5,0.0,0.5,15,1,-21.636,0,1,0,0,0.75,0.0,0.0,0.0,0.0,0.0,2.295,-0.011,-4.0,-0.508,-4.0,-3.024,5.47,0.493,-2.0,0.285,-4.0,1.763,-1.0,-4.0,-3.0,-0.663,-0.004,3.239,2.277,-0.933,3.585,-4.0,-3.0,-2.462,-5.0,-0.021,-4.0,-0.238,2.419,2.985,1.535,-0.98,1.674,-0.474,4.393,-3.0,2.381,1.221,-1.0,-0.488,-4.0,-4.0,5.881,4.745,-3.503,3.82,1.023,-1.658,2.669,-1.0,-2.901,-1.314,-2.504,-0.394,2.46,4.081,-0.506,-3.0,8.167,-4.0,0.791,5.164,-0.974,-3.0,-5.999,2.387,3.509,-0.237,4.658,3.607,0.0,-3.0,-0.553,-2.492,2.074,-0.78,-0.162,0.778,1.893,0.477,-0.433,-1.0,-4.407,2.197,-2.243,-4.0,-0.398,-0.924,-2.432,-2.439,4.024,-2.0,2.899,-4.0,3.882,0.0,3.644,-2.0,-2.0,-2.554,1.241,0.356,-1.448,0.89,7.278,-2.008,-5.0,1.824,0.081,-1.45,1.403,-5.999,3.623,-3.0,2.663,0.0,0.0,0.0,0.0,0.0,0.0,0.0,0.0,0.0,0.0
GoldS210,XAUUSDc,100,-13.4133,-40.24,2,-0.54,0.0,440,15.0,1,5,210,0.015,1.4,2.5,0.0,0.5,15,1,-80.797,14,1,0,0,0.25,0.0,0.0,0.0,0.0,0.0,0.0,1.62,-3.0,-3.0,-2.999,-5.0,-0.459,1.495,-4.0,-3.0,-4.0,7.635,-2.0,-3.0,-3.0,-4.0,0.513,0.897,-6.0,0.957,0.502,-5.0,-3.0,-5.0,-5.0,-3.0,-4.0,0.02,-0.281,-5.0,1.151,-5.0,-0.465,1.905,-1.365,-3.0,8.123,2.246,-2.0,-2.0,-4.0,-4.0,17.493,3.579,-6.0,-0.084,-3.0,-5.999,-0.229,-1.0,-0.864,-3.999,1.485,-3.0,40.557,-2.244,9.382,-3.0,-2.0,13.411,-0.211,-4.0,1.212,-4.0,-5.999,-2.0,0.586,-2.0,5.239,-3.0,-3.0,-2.0,9.15,-1.383,-0.058,-4.0,0.998,14.21,-3.0,1.371,1.361,-1.0,-2.379,2.092,1.831,-4.0,1.253,-1.052,6.15,-6.0,-1.128,-2.0,-3.999,-1.224,6.963,0.0,-5.999,-2.0,-2.0,-1.492,-2.0,-1.453,5.212,-2.0,4.907,-5.999,-5.0,4.652,2.839,-4.0,-3.0,-2.725,0.694,-4.0,2.158,0.0,0.0,0.0,0.0,0.0,0.0,0.0,0.0,0.0,0.0
GoldS210,XAUUSDc,163,-0.0,-151.45,0,-0.9547,0.0,454,12.5551,1,5,210,0.015,1.7,2.5,0.0,0.5,15,1,-167.302,17,1,0,0,0.5,0.0,0.0,0.0,0.0,0.0,-1.0,3.743,-4.0,-1.999,-3.0,-5.0,-1.448,0.495,-4.0,-3.0,-4.0,-2.0,-3.0,-3.0,-3.0,-5.0,2.005,1.222,-6.0,-4.0,-0.498,-5.0,-2.999,-5.0,-5.0,-3.0,-4.0,0.061,-0.19,2.55,1.394,-5.0,-0.333,6.895,-1.366,-3.0,3.515,2.252,-2.0,-2.0,-4.0,-4.0,14.136,-2.453,-5.999,2.188,-3.0,-6.0,0.23,-1.0,-0.769,-4.0,1.777,-3.0,-1.0,-1.861,3.354,-3.0,-2.994,-5.0,-0.164,-4.0,1.163,-2.999,-6.0,-2.0,0.659,-2.0,5.679,-2.997,-3.0,-2.0,3.292,-1.29,-4.0,-4.0,1.312,-4.0,-3.0,-1.826,3.773,-1.0,2.071,2.183,1.873,-4.0,1.638,-2.052,-3.999,-6.0,-0.245,-2.0,-5.0,-0.972,-0.346,0.0,10.852,-2.0,-2.0,-1.491,-2.0,-1.452,5.633,-2.0,-5.0,-5.999,-5.0,5.073,3.127,-4.0,-3.0,-0.998,0.812,-4.999,3.331,0.0,0.0,0.0,0.0,0.0,0.0,0.0,0.0,0.0,0.0
GoldS210,XAUUSDc,72,24.609,49.218,3,1.3376,90.39,466,29.1845,1,5,150,0.015,1.1,1.5,0.0,0.5,15,1,4.731,12,1,0,0,0.25,0.0,0.0,0.0,0.0,0.0,2.295,-0.011,-4.0,-1.508,-3.0,-4.025,12.236,0.493,-2.0,0.285,-4.0,1.763,-1.0,-4.0,-3.0,-0.391,-0.004,3.48,-1.82,-0.933,3.837,-3.999,-3.0,-2.462,-5.0,-0.021,-4.0,-0.238,2.419,3.749,1.535,0.292,-2.408,-0.474,-0.021,-3.0,2.381,1.221,-1.0,-0.488,-4.0,-4.0,1.469,5.523,-3.503,-0.69,1.023,1.689,-1.52,-1.0,-2.901,-1.314,-1.895,-0.394,2.491,21.046,-1.425,-3.0,55.626,-4.0,0.791,10.331,-0.974,-3.0,-6.0,2.388,-0.509,-0.237,4.658,3.607,-3.0,-2.0,3.484,-2.492,4.342,-0.78,-0.162,0.778,5.261,0.477,-0.433,-1.0,-4.407,2.325,-2.243,-4.0,-0.198,-0.925,-2.432,-2.24,-0.917,-2.0,2.899,-3.999,3.882,0.0,3.723,-2.0,-2.0,-2.555,5.394,0.356,-1.448,8.654,7.278,-6.999,-5.0,1.906,0.081,-1.45,1.403,-5.999,3.623,-3.0,6.568,0.0,0.0,0.0,0.0,0.0,0.0,0.0,0.0,0.0,0.0
GoldS210,XAUUSDc,41,-7.3192,-43.915,1,-0.7043,0.0,432,17.1296,1,5,270,0.015,1.4,2.5,0.0,0.5,15,1,-84.303,9,1,0,0,0.0,0.0,0.0,0.0,0.0,0.0,0.0,1.62,-5.0,-1.0,-1.468,-4.0,-0.459,1.495,-4.0,-3.0,-4.0,-3.0,-2.0,-3.0,-3.0,-4.0,4.989,0.674,-4.0,0.956,-0.498,1.967,-3.0,-5.0,-5.0,-2.999,-4.0,-0.232,-0.38,0.575,0.994,-4.0,0.658,14.153,-0.854,-3.0,1.162,2.049,-2.0,-2.0,-3.0,-4.0,6.431,3.176,-6.0,1.327,-3.0,-5.999,4.173,-1.0,-0.959,-3.999,2.087,-3.0,40.388,-1.243,0.244,-3.0,-2.0,-5.0,-0.396,0.744,1.214,0.751,-6.0,-2.0,0.588,-3.0,0.668,-3.0,-3.0,-2.0,-4.0,-1.383,0.933,-4.0,0.932,17.678,-3.0,1.406,1.361,-1.0,-1.379,-4.0,1.162,-4.0,-0.184,0.919,5.725,-6.0,-0.16,0.551,-3.999,-1.223,6.963,0.0,1.076,-2.0,3.934,-1.492,1.619,-1.453,4.385,-2.0,8.325,-6.0,-4.0,3.519,3.475,-3.999,-2.999,-2.725,0.694,-4.0,-0.173,0.0,0.0,0.0,0.0,0.0,0.0,0.0,0.0,0.0,0.0
GoldS210,XAUUSDc,219,-4.5263,-27.158,1,-0.4145,0.0,435,16.092,1,5,150,0.015,1.4,2.5,0.0,0.5,15,1,-67.091,12,1,0,0,0.75,0.0,0.0,0.0,0.0,0.0,0.0,2.087,-4.0,-1.0,-3.998,-5.0,-0.459,1.495,-4.0,2.14,-4.0,-2.0,-2.0,-3.0,-3.0,-4.0,3.758,2.428,-4.999,1.888,0.502,-4.0,-3.0,-5.0,-5.0,-3.0,-4.0,0.293,0.316,0.804,1.706,-4.999,-4.998,1.905,-1.511,-3.0,6.49,3.015,-2.0,-2.0,-4.0,-4.0,11.316,5.323,-6.0,17.886,-3.0,-6.0,-0.216,-1.0,-0.4,-4.0,0.633,-3.0,39.933,4.048,1.747,-3.0,-2.0,-5.0,1.176,2.074,1.212,-4.0,-6.0,2.545,0.586,-2.0,4.658,-3.0,-3.0,-2.0,1.333,-1.383,0.443,-4.0,1.473,12.876,-3.0,1.371,1.361,-1.0,-2.379,1.575,-5.0,-4.0,1.689,-1.458,-1.166,-5.999,-1.159,-2.0,-4.0,-1.179,7.054,0.0,15.433,-2.0,-2.0,-1.435,7.446,-1.453,-0.096,-2.0,5.647,-6.0,-5.0,5.138,-0.348,-4.0,-3.0,-2.725,3.046,-4.0,2.353,0.0,0.0,0.0,0.0,0.0,0.0,0.0,0.0,0.0,0.0
GoldS210,XAUUSDc,211,-19.9323,-59.797,2,-0.6795,0.0,459,20.0436,1,5,210,0.015,1.7,2.0,0.0,0.5,15,1,-85.516,7,1,0,0,0.75,0.0,0.0,0.0,0.0,0.0,2.798,1.755,-4.0,-0.002,-4.0,-5.0,-1.983,-0.007,-4.0,-3.0,-4.0,-2.0,-3.0,-3.0,-3.0,-5.0,0.174,5.505,-5.0,-4.0,-1.005,2.639,-3.0,-5.0,-5.0,-3.0,-4.0,-0.663,-0.927,3.039,0.437,-5.0,-1.247,2.778,1.055,-3.0,5.315,1.537,-2.0,-2.0,-3.999,-4.0,7.387,8.073,-2.567,-1.733,0.051,-6.0,5.178,-1.0,-1.901,-4.0,-1.512,5.417,-1.0,3.115,-0.383,-3.0,28.482,-4.0,-1.789,-4.0,-1.172,1.219,-6.0,4.59,0.018,-2.0,3.72,-2.997,-3.0,-2.0,0.39,-1.975,-0.59,-4.0,0.409,-4.0,2.246,0.182,1.268,-1.0,-3.163,0.842,0.566,-4.0,0.428,-2.743,-4.0,-6.0,1.94,-2.0,-5.0,-1.796,8.054,0.0,5.385,-2.0,-2.0,-2.047,2.025,6.121,3.518,-2.0,11.929,-5.999,-5.0,3.142,1.476,-0.544,3.026,-5.999,6.385,-3.999,1.331,0.0,0.0,0.0,0.0,0.0,0.0,0.0,0.0,0.0,0.0
GoldS210,XAUUSDc,57,11.7,35.1,2,0.279,365.3,460,8.0435,1,5,150,0.015,2.0,3.0,0.0,0.5,15,1,-93.12,17,1,0,0,0.0,0.0,0.0,0.0,0.0,0.0,-1.0,38.907,-4.0,-1.0,-4.0,-5.0,-0.853,1.006,-4.0,-3.0,-4.0,-2.0,-3.0,-3.0,-3.0,-6.0,-1.024,-4.0,3.164,-3.999,-4.0,-5.0,-2.999,-4.999,-5.0,-4.0,-4.0,-3.0,2.524,2.829,-3.0,-5.999,-4.998,54.595,-1.009,-3.0,-2.999,3.958,-2.0,-2.0,-3.999,-4.0,-4.0,-8.0,-5.999,-5.999,-4.0,-5.997,8.462,-1.0,2.179,-4.0,5.117,-3.0,-1.0,2.925,2.217,-3.0,-3.997,-4.0,-4.0,-4.999,-4.0,-3.0,-6.0,8.591,1.734,-2.0,-2.999,-2.999,-3.0,-2.0,0.02,0.73,-3.999,-4.0,-4.0,-3.998,-3.0,5.428,44.084,-1.0,123.221,-5.0,-4.999,-4.0,4.942,-6.0,-0.222,-5.999,-4.0,2.596,-5.0,1.004,0.308,0.0,3.394,-2.0,-2.0,-3.999,6.614,-0.852,-4.0,-2.0,-4.998,-6.999,-5.0,-4.0,-5.0,-4.0,-4.0,-5.999,1.961,-4.999,25.52,0.0,0.0,0.0,0.0,0.0,0.0,0.0,0.0,0.0,0.0
GoldS210,XAUUSDc,59,8.9843,26.953,2,0.2031,475.72,459,8.4967,1,5,270,0.015,2.0,3.0,0.0,0.5,15,1,-101.267,14,1,0,0,0.0,0.0,0.0,0.0,0.0,0.0,-1.0,38.749,-5.0,-1.0,-5.0,-4.0,-0.853,1.006,-4.0,-3.0,-4.0,-3.0,-3.0,-3.0,-3.0,-6.0,-0.01,-4.0,-5.998,-4.0,-5.0,-4.999,-3.0,-4.999,-4.999,-3.999,-4.0,-3.0,1.918,1.387,-3.0,-4.0,4.519,54.595,-0.048,-3.0,-3.0,2.777,-2.0,-2.0,-3.999,-4.0,7.348,-8.0,-5.999,-5.999,-3.999,-5.999,8.524,-1.0,1.407,-4.0,5.717,-3.0,-1.0,1.925,0.565,-3.0,-2.998,-5.0,-4.0,-4.998,-4.0,-1.999,-6.0,-1.998,1.735,-3.0,-3.0,-2.999,-3.0,-2.0,-4.0,0.73,-3.0,-4.0,-4.0,-3.998,-3.0,5.473,44.084,-1.0,123.22,-4.0,2.396,-4.0,2.288,-5.0,-4.0,-6.0,-4.0,4.987,-5.0,0.943,0.308,0.0,2.238,-2.0,-2.0,-4.0,6.532,-0.853,1.866,-2.0,-0.567,-6.0,-5.0,-4.0,-5.0,-4.0,-3.999,-6.0,1.959,-4.999,9.065,0.0,0.0,0.0,0.0,0.0,0.0,0.0,0.0,0.0,0.0
GoldS210,XAUUSDc,89,-6.6802,-40.081,1,-0.7017,0.0,454,20.2643,1,5,270,0.015,1.4,2.0,0.0,0.5,15,1,-57.125,12,1,0,0,0.25,0.0,0.0,0.0,0.0,0.0,2.414,1.276,-5.0,-1.002,-4.0,-4.0,4.418,0.993,-4.0,-3.0,-4.0,-3.0,-2.0,-3.0,-3.0,9.197,0.124,16.514,-5.0,-0.382,-1.005,0.262,-3.0,3.631,-5.0,-3.0,-4.0,-0.843,-0.984,-1.937,0.263,-5.0,-1.928,0.695,1.33,-3.0,0.145,1.396,-2.0,-2.0,-4.0,-4.0,4.16,2.45,-0.723,-0.849,0.046,-5.999,-0.238,-1.0,-1.955,-3.999,-0.345,0.938,6.731,-2.908,5.449,-3.0,15.044,-4.0,-1.944,-0.427,2.841,1.05,-5.999,-1.999,0.009,-3.0,0.059,-3.0,-3.0,-2.0,6.317,-1.975,-0.853,-4.0,0.27,8.205,9.348,0.119,0.397,-1.0,-3.679,-4.0,0.063,-4.0,-0.822,2.131,0.903,-6.0,1.345,-1.999,1.101,-1.863,6.004,0.0,-5.999,-2.0,2.181,-2.048,7.765,2.271,2.854,-2.0,12.473,-6.0,-5.0,2.211,1.227,-0.803,2.545,-5.999,2.1,-3.0,-0.84,0.0,0.0,0.0,0.0,0.0,0.0,0.0,0.0,0.0,0.0
GoldS210,XAUUSDc,39,-5.9197,-35.518,1,-0.5396,0.0,435,16.7816,1,5,150,0.015,1.4,2.5,0.0,0.5,15,1,-75.515,11,1,0,0,0.0,0.0,0.0,0.0,0.0,0.0,0.0,2.087,-4.0,-1.0,-4.0,-5.0,-0.459,1.495,-4.0,2.14,-4.0,-2.0,-2.0,-3.0,-3.0,-4.0,3.758,2.428,2.123,1.888,0.502,-4.0,-3.0,-5.0,-5.0,-3.0,-4.0,0.293,0.316,2.114,1.706,-5.0,-2.998,5.258,-1.512,-3.0,6.49,3.015,-2.0,-2.0,-3.0,-4.0,0.641,6.619,-6.0,-1.271,-3.0,-6.0,3.319,-1.0,-0.4,-4.0,1.598,-3.0,39.997,4.048,0.929,-3.0,-3.0,-4.0,1.176,2.404,1.212,-4.0,-6.0,2.545,0.586,-2.0,4.658,-3.0,-3.0,-2.0,-0.484,-1.383,0.443,-4.0,1.473,12.876,-2.999,1.371,1.361,-1.0,2.342,1.785,-5.0,-4.0,2.001,-1.458,-1.166,-5.999,-0.16,0.55,-4.0,-1.18,7.054,0.0,5.308,-2.0,-2.0,-1.436,1.619,-1.453,-0.096,-2.0,5.648,-6.999,-5.0,5.269,-0.348,-4.0,-3.0,-2.724,3.046,-4.0,13.516,0.0,0.0,0.0,0.0,0.0,0.0,0.0,0.0,0.0,0.0
GoldS210,XAUUSDc,196,-8.849,-17.698,3,-0.395,0.0,469,31.1301,1,5,210,0.015,1.4,1.5,0.0,0.5,15,1,-22.21,0,1,0,0,0.75,0.0,0.0,0.0,0.0,0.0,1.994,0.013,-3.0,-1.508,-3.999,-2.89,6.569,0.493,-4.0,-3.0,-4.0,1.697,-2.0,-3.0,-3.0,-0.652,-2.275,2.75,-2.08,-2.286,3.096,-1.319,-3.0,-2.351,-5.0,-0.254,-4.0,-1.339,-1.489,3.105,2.221,-2.994,4.829,-0.306,4.404,-3.0,3.114,0.85,-2.0,0.651,-4.0,-4.0,7.252,4.082,-3.446,4.301,1.099,-1.527,2.692,-1.0,-3.001,-1.447,-2.513,-0.356,2.601,4.785,-0.506,-3.0,8.101,-4.0,0.134,2.057,-1.238,0.152,-6.0,3.859,4.123,-0.117,4.776,3.09,-3.0,-2.0,-0.554,-2.488,2.018,-0.929,-0.337,2.125,1.893,1.034,-0.428,-1.0,-4.404,1.419,1.051,-4.0,-0.611,-0.808,-0.719,-1.866,4.061,-2.0,3.084,-3.999,3.9,0.0,4.316,-2.0,-2.0,-2.557,1.241,0.282,1.729,0.89,7.544,-2.007,-5.0,1.684,0.028,-1.45,1.265,-5.999,3.895,-3.0,4.002,0.0,0.0,0.0,0.0,0.0,0.0,0.0,0.0,0.0,0.0
GoldS210,XAUUSDc,102,116.269,697.614,1,7.7723,120.95,454,12.9956,1,5,150,0.015,1.7,2.5,0.0,0.5,15,1,-146.135,16,1,0,0,0.25,0.0,0.0,0.0,0.0,0.0,-1.0,3.927,-4.0,-2.0,-3.0,-5.0,-1.444,0.495,-4.0,2.238,-4.0,-2.0,-3.0,-3.0,-3.0,-5.0,5.233,2.723,1.206,-4.0,-0.498,-4.0,-3.0,-5.0,-5.0,-3.0,-4.0,0.334,0.399,1.151,1.948,-4.999,-4.999,6.895,-1.512,-3.0,3.515,3.015,-2.0,-2.0,-4.0,-4.0,1.174,-2.451,-5.999,1.001,-3.0,-5.999,0.23,-1.0,-0.302,-4.0,1.89,-3.0,-1.0,5.055,0.929,-3.0,841.751,-5.0,1.203,2.611,1.163,-3.0,-6.0,3.009,0.659,-2.0,5.098,-3.0,-3.0,-2.0,9.15,-1.29,-3.999,-4.0,1.787,-5.0,-3.0,-1.826,3.773,-1.0,2.071,1.892,-4.999,-4.0,2.386,-2.458,-1.112,-5.999,-0.277,-2.0,-5.0,-0.926,-0.346,0.0,-1.767,-2.0,-2.0,-1.436,-2.0,-1.451,0.279,-2.0,-4.998,-6.999,-5.0,5.69,-0.197,-4.0,-3.0,-0.998,0.811,-5.0,10.204,0.0,0.0,0.0,0.0,0.0,0.0,0.0,0.0,0.0,0.0
GoldS210,XAUUSDc,213,-16.27,-97.62,1,-0.6497,0.0,468,17.5214,1,5,150,0.015,2.0,2.0,0.0,0.5,15,1,-121.737,9,1,0,0,0.75,0.0,0.0,0.0,0.0,0.0,3.287,2.877,-4.0,-0.002,-3.999,-5.0,-1.98,-0.006,-4.0,1.307,-4.0,-2.0,-3.0,-3.0,-3.0,-6.0,-2.063,-4.0,-0.844,-3.999,-1.005,-1.811,-3.0,-4.999,-5.0,-4.0,-4.0,-0.456,-0.542,2.726,0.929,-5.999,-4.998,9.38,0.978,-3.0,4.912,2.098,-2.0,-2.0,-4.0,-4.0,7.692,-2.025,-2.974,-2.46,-0.943,-6.0,5.537,-1.0,-1.578,-4.0,-1.477,-3.0,-1.0,2.68,-0.383,-3.0,2.406,-4.0,-0.743,-0.402,-4.0,-3.0,-6.0,1.961,0.024,-2.0,3.432,-2.999,-3.0,-2.0,0.39,-1.975,-0.039,-4.0,-0.109,-3.998,1.677,0.36,3.679,-1.0,-1.792,-4.999,-4.999,-4.0,1.05,-2.981,-1.828,-5.999,3.329,-2.0,-5.0,-1.652,14.336,0.0,8.865,-2.0,-2.0,-2.019,2.025,23.143,-0.582,-2.0,16.823,-6.0,-4.999,3.528,-1.344,0.04,-0.562,-6.0,7.406,-3.999,1.066,0.0,0.0,0.0,0.0,0.0,0.0,0.0,0.0,0.0,0.0
GoldS210,XAUUSDc,118,15.8755,31.751,3,0.2915,403.83,460,6.9565,1,5,210,0.015,2.0,3.0,0.0,0.5,15,1,-96.469,15,1,0,0,0.25,0.0,0.0,0.0,0.0,0.0,-1.0,38.749,-4.0,-2.0,-3.0,-5.0,-0.851,1.006,-4.0,-3.0,-4.0,-2.0,-3.0,-3.0,-3.0,-6.0,-5.0,-4.0,-6.0,-3.999,-4.0,-6.0,-3.0,-4.999,-5.0,-4.0,-4.0,-2.999,1.918,-6.0,-3.0,-4.999,5.528,54.595,-0.798,-3.0,-3.0,3.017,-1.999,-2.0,-4.0,-4.0,20.613,-8.0,-5.999,-6.0,-4.0,-5.998,3.268,-1.0,1.507,-4.0,4.979,-3.0,-1.0,1.924,13.392,-3.0,-2.996,-5.0,-4.0,-4.999,-4.0,-3.0,-5.999,-1.999,1.734,-1.999,-2.998,-2.999,-3.0,-2.0,11.983,0.73,-4.0,-4.0,-4.0,-3.998,-3.0,5.428,44.084,-1.0,122.22,-3.0,3.262,-4.0,4.034,-5.999,-4.0,-6.0,-5.0,-2.0,-4.999,0.943,0.308,0.0,-5.999,-2.0,-2.0,-4.0,2.278,-0.851,2.942,-2.0,-4.998,-5.999,-5.0,-4.0,-5.0,-4.0,-4.0,-6.0,1.959,-5.0,11.823,0.0,0.0,0.0,0.0,0.0,0.0,0.0,0.0,0.0,0.0
GoldS210,XAUUSDc,54,-22.4148,-134.489,1,-0.8104,0.0,445,9.6629,1,5,150,0.015,1.7,3.0,0.0,0.5,15,1,-158.16,17,1,0,0,0.0,0.0,0.0,0.0,0.0,0.0,-1.0,11.231,-4.0,-1.0,-4.0,-5.0,-0.888,1.005,-4.0,-3.0,-4.0,-2.0,-3.0,-3.0,-3.0,-5.0,-0.024,4.266,2.809,-4.0,-4.0,-4.0,-3.0,-5.0,-5.0,-3.0,-4.0,-3.0,1.671,2.672,-3.0,-4.999,-4.999,13.312,-1.011,-3.0,-3.0,3.935,-2.0,-2.0,-3.0,-4.0,-4.0,2.453,-5.999,-5.998,-3.0,-5.997,6.551,-1.0,1.417,-4.0,3.629,-3.0,-1.0,0.474,2.163,-3.0,-3.996,-4.0,-3.999,-4.0,-4.998,-3.0,-6.0,4.946,1.405,-2.0,5.591,-3.0,-3.0,-2.0,0.019,-0.234,-3.999,-4.0,4.133,-5.0,-3.0,0.315,10.698,-1.0,18.672,-3.0,-4.999,-4.0,3.758,-6.0,-0.396,-5.999,8.827,2.596,-5.0,-0.017,0.223,0.0,3.295,-2.0,-2.0,-3.999,6.459,-0.898,1.658,-2.0,-4.997,-6.999,-5.0,-4.0,-4.0,-4.0,-3.0,-5.997,1.531,-5.0,20.239,0.0,0.0,0.0,0.0,0.0,0.0,0.0,0.0,0.0,0.0
GoldS210,XAUUSDc,16,-10.008,-60.048,1,-0.8717,0.0,467,29.5503,1,5,210,0.015,1.4,1.5,0.0,0.5,15,1,-69.345,3,1,0,0,0.0,0.0,0.0,0.0,0.0,0.0,1.994,0.013,-3.0,-1.508,-3.999,-3.891,7.466,0.493,-4.0,-3.0,-4.0,1.911,-2.0,-3.0,-3.0,-0.587,-2.275,4.517,-5.0,-2.285,3.096,-2.678,-3.0,-2.351,-4.998,-0.254,-4.0,-1.339,-1.489,-0.391,2.221,-2.994,3.26,-0.306,2.717,-3.0,3.358,0.85,-2.0,0.651,-3.0,-4.0,10.247,-0.597,-3.446,-0.332,1.099,-6.0,1.009,-1.0,-3.001,-1.447,-1.957,-0.356,2.752,-0.935,-5.0,-3.0,2.031,-4.0,0.134,7.84,-1.238,0.152,-3.447,2.292,-0.509,-0.117,4.776,3.09,-3.0,-2.0,-1.492,-2.488,1.029,-0.929,-0.337,2.297,0.986,1.034,-0.428,-1.0,-0.81,1.453,1.051,-4.0,-0.581,-0.808,-0.719,-6.0,2.693,-0.481,3.084,-3.998,3.9,0.0,3.314,-2.0,-2.0,-2.557,0.511,0.282,1.729,-0.481,7.544,-5.999,-3.998,1.684,0.027,-1.45,1.265,-5.998,3.895,-3.0,4.486,0.0,0.0,0.0,0.0,0.0,0.0,0.0,0.0,0.0,0.0
GoldS210,XAUUSDc,53,84.492,126.738,4,2.008,110.3,426,14.0845,1,5,270,0.015,1.4,3.0,0.0,0.5,15,1,-13.048,20,1,0,0,0.0,0.0,0.0,0.0,0.0,0.0,0.0,3.684,-5.0,-1.0,-4.999,-4.0,0.079,2.002,-4.0,-3.0,-4.0,-3.0,-2.0,-3.0,-3.0,-4.0,0.99,1.408,-4.0,3.01,-4.0,-3.999,5.392,-5.0,-5.0,-2.999,-4.0,-3.0,0.31,2.15,3.18,-4.0,1.524,23.103,-0.05,-3.0,6.44,2.706,-2.0,-2.0,-3.0,-4.0,8.069,15.756,-6.0,-5.0,-4.0,-5.999,5.647,-1.0,0.224,-3.999,3.545,-3.0,139.786,-0.488,1.525,-3.0,-2.0,-5.0,-4.0,-3.0,-2.0,1.423,-6.0,-2.0,1.201,-3.0,1.511,-3.0,-3.0,-2.0,-4.0,-0.685,3.208,-4.0,1.906,42.176,-3.0,4.173,2.874,-1.0,0.86,-4.0,2.264,-4.0,0.472,-4.0,24.143,-6.0,1.465,4.988,-3.999,-0.56,13.235,0.0,2.183,-2.0,5.934,-4.0,6.297,-0.913,6.047,-2.0,0.171,-6.0,-4.0,-3.0,0.278,-3.999,-2.999,-5.999,1.293,-4.0,0.793,0.0,0.0,0.0,0.0,0.0,0.0,0.0,0.0,0.0,0.0
GoldS210,XAUUSDc,86,-13.267,-39.801,2,-0.6525,0.0,437,21.968,1,5,270,0.015,1.1,2.0,0.0,0.5,15,1,-56.845,10,1,0,0,0.25,0.0,0.0,0.0,0.0,0.0,2.405,1.078,-5.0,-1.002,-4.0,-4.0,4.142,0.993,-2.0,-3.0,-4.0,-3.0,-1.0,-1.022,-3.0,0.324,-0.106,16.446,-5.0,-0.899,-2.0,0.165,-3.0,-1.788,-5.0,0.364,-4.0,0.15,6.186,-2.891,0.224,-5.0,0.239,0.123,1.33,-3.0,0.021,1.396,-2.0,-2.0,-4.0,-4.0,5.187,1.352,-0.723,-5.0,0.04,-5.999,-0.336,-1.0,-1.968,-4.0,-0.345,0.285,4.156,-2.925,5.449,-3.0,15.044,-4.0,-0.656,-0.431,2.424,1.037,-5.999,-1.999,0.005,-3.0,1.025,-2.0,-3.0,-2.0,6.317,-1.984,-0.925,-0.3,0.213,7.127,9.348,0.087,0.17,-1.0,-3.776,-4.0,3.573,-4.0,-0.926,1.992,0.075,-6.0,1.196,-1.999,-0.687,-1.868,5.617,0.0,-5.999,-2.0,1.428,-1.048,7.765,1.664,2.854,-2.0,12.338,-6.0,-5.0,2.196,1.218,-0.85,2.48,-5.999,2.1,-3.0,2.301,0.0,0.0,0.0,0.0,0.0,0.0,0.0,0.0,0.0,0.0
GoldS210,XAUUSDc,95,-19.1557,-114.934,1,-0.7542,0.0,469,15.3518,1,5,270,0.015,2.0,2.0,0.0,0.5,15,1,-139.052,12,1,0,0,0.25,0.0,0.0,0.0,0.0,0.0,2.478,2.814,-5.0,-1.002,-4.0,-4.0,-1.978,-0.006,-4.0,-3.0,-4.0,-3.0,-3.0,-3.0,-3.0,-6.0,-5.0,-4.0,-5.999,-4.0,-2.005,0.872,-3.0,-4.999,-5.0,-4.0,-4.0,-0.815,-0.838,-6.0,0.553,-5.0,-1.801,9.38,1.332,-3.0,0.983,1.396,-2.0,-2.0,-4.0,-4.0,4.867,-1.794,-0.723,-0.783,-0.943,-5.998,0.327,-1.0,-1.903,-4.0,-0.311,-3.0,-1.0,-2.663,5.449,-3.0,14.048,-4.0,-1.895,-1.407,-4.0,1.107,-5.999,-1.998,0.024,-3.0,0.192,-2.999,-3.0,-2.0,6.317,-1.975,-0.038,-4.0,-0.479,-3.998,9.348,0.386,3.679,-1.0,-1.792,-4.0,0.143,-4.0,-0.387,-1.172,-4.0,-6.0,3.328,-2.0,-4.999,-1.679,14.268,0.0,-5.999,-2.0,-2.0,-2.048,7.765,23.144,3.152,-2.0,16.61,-6.0,-5.0,2.503,-1.678,0.04,-0.803,-6.0,2.202,-3.999,-0.736,0.0,0.0,0.0,0.0,0.0,0.0,0.0,0.0,0.0,0.0
GoldS210,XAUUSDc,77,13.6135,27.227,3,0.4047,163.39,472,27.7542,1,5,270,0.015,1.4,1.5,0.0,0.5,15,1,-17.26,15,1,0,0,0.25,0.0,0.0,0.0,0.0,0.0,1.756,0.013,-5.0,-1.508,-4.0,-2.747,1.987,0.493,-4.0,-3.0,-4.0,-3.0,-2.0,-3.0,-3.0,-0.873,-1.909,8.34,-3.449,-2.286,2.852,-1.228,-3.0,-2.351,-5.0,-0.285,-4.0,-1.432,-1.489,-3.386,2.19,-3.184,0.327,-0.306,4.274,-3.0,8.123,0.758,-2.0,0.651,-4.0,-4.0,5.765,-0.619,-3.181,0.079,1.099,-5.999,-1.081,-1.0,-2.998,-1.447,-1.626,-0.356,2.683,17.962,2.081,-3.0,55.588,-4.0,0.222,12.541,-1.355,0.517,-5.999,-0.363,-0.509,-3.0,5.584,2.859,-3.0,-2.0,3.484,-2.488,5.769,-0.983,2.141,4.159,6.002,2.174,-0.428,-1.0,-4.404,-2.507,1.051,-4.0,-1.401,0.361,-0.917,-6.0,-0.895,-1.999,3.292,-3.999,3.9,0.0,8.349,-2.0,0.787,1.349,5.394,0.439,1.4,4.813,5.499,-6.0,-5.0,1.082,0.026,-1.449,1.242,-5.999,1.054,-3.0,3.151,0.0,0.0,0.0,0.0,0.0,0.0,0.0,0.0,0.0,0.0
GoldS210,XAUUSDc,33,-34.4453,-103.336,2,-0.673,0.0,468,17.5214,1,5,150,0.015,2.0,2.0,0.0,0.5,15,1,-127.453,8,1,0,0,0.0,0.0,0.0,0.0,0.0,0.0,3.287,2.877,-4.0,-0.002,-4.0,-5.0,-1.98,-0.006,-4.0,1.307,-4.0,-2.0,-3.0,-3.0,-3.0,-6.0,-2.063,-4.0,-0.362,-3.999,-1.005,-1.812,-2.999,-4.999,-5.0,-4.0,-4.0,-0.456,-0.542,3.769,0.929,-5.999,-4.998,9.38,0.978,-3.0,4.912,2.098,-2.0,-2.0,-3.999,-4.0,-0.103,-2.025,-2.974,-2.461,-0.943,-5.997,2.708,-1.0,-1.578,-4.0,-0.69,-3.0,-1.0,2.68,-0.251,-3.0,-3.997,-4.0,-0.743,-0.146,-4.0,-3.0,-6.0,1.961,0.024,-2.0,3.432,-2.999,-3.0,-2.0,-0.987,-1.975,-0.039,-4.0,-0.109,-3.998,6.272,0.36,3.679,-1.0,2.702,-5.0,-4.999,-4.0,1.327,-2.981,-1.828,-5.999,4.328,0.033,-5.0,-1.651,14.336,0.0,3.506,-2.0,-2.0,-2.019,1.016,23.143,-0.582,-2.0,12.91,-6.999,-5.0,3.634,-1.344,0.04,-0.562,-5.999,7.406,-3.999,9.828,0.0,0.0,0.0,0.0,0.0,0.0,0.0,0.0,0.0,0.0
GoldS210,XAUUSDc,32,-21.1533,-63.46,2,-0.6489,0.0,455,19.7802,1,5,270,0.015,1.7,2.0,0.0,0.5,15,1,-80.737,10,1,0,0,0.0,0.0,0.0,0.0,0.0,0.0,2.441,1.755,-5.0,-0.002,-1.972,-4.0,-1.983,-0.007,-4.0,-3.0,-4.0,-2.999,-3.0,-3.0,-3.0,-5.0,3.674,10.305,-5.0,-4.0,-2.005,0.475,-3.0,-5.0,-4.999,-2.999,-4.0,-0.835,-0.933,-1.968,0.364,-3.999,-1.872,2.778,1.331,-3.0,0.439,1.396,-2.0,-2.0,-3.0,-4.0,4.384,8.005,-0.723,-0.823,0.051,-5.999,2.991,-1.0,-1.934,-4.0,-0.328,5.417,-1.0,9.237,-1.982,-3.0,14.28,-4.0,-1.925,-0.42,-1.17,1.081,-6.0,14.872,0.02,-3.0,0.124,-2.999,-3.0,-2.0,-4.0,-1.975,0.41,-4.0,0.362,-4.0,1.153,0.209,1.268,-1.0,-2.163,-4.0,0.095,-4.0,-0.644,-1.173,-4.0,-6.0,2.916,0.033,-5.0,-1.795,8.054,0.0,0.026,-2.0,7.388,-2.048,1.016,6.359,2.941,-2.0,12.977,-6.0,-4.0,2.316,9.503,-0.544,2.991,-5.999,2.136,-4.0,0.184,0.0,0.0,0.0,0.0,0.0,0.0,0.0,0.0,0.0,0.0
GoldS210,XAUUSDc,223,-0.0,-123.828,0,-0.9506,0.0,452,13.7168,1,5,210,0.015,1.7,2.5,0.0,0.5,15,1,-132.723,19,1,0,0,0.75,0.0,0.0,0.0,0.0,0.0,-1.0,3.743,-4.0,-0.999,-4.0,-5.0,-1.448,0.495,-4.0,-3.0,-4.0,-2.0,-3.0,-3.0,-3.0,-5.0,2.005,1.222,-5.0,-4.0,-0.498,3.281,-3.0,-5.0,-5.0,-3.0,-4.0,0.061,-0.19,0.678,1.394,-5.0,-0.333,6.895,-1.366,-3.0,3.515,2.252,-2.0,-2.0,-3.999,-4.0,11.921,-2.451,-5.999,2.189,-3.0,-6.0,0.23,-1.0,-0.769,-4.0,0.899,-3.0,-1.0,7.123,1.363,-3.0,-2.991,-5.0,-0.164,-4.0,1.163,-3.0,-6.0,7.353,0.659,-2.0,5.679,-2.997,-3.0,-2.0,1.333,-1.29,-4.0,-4.0,1.312,-4.0,-2.999,-1.826,3.773,-1.0,2.071,2.121,1.873,-4.0,1.57,-2.052,-4.0,-6.0,-0.244,-2.0,-5.0,-0.972,-0.346,0.0,11.201,-2.0,-2.0,-1.491,7.446,-1.452,5.633,-2.0,-5.0,-5.999,-5.0,5.073,3.127,-4.0,-3.0,-0.998,0.812,-4.999,2.579,0.0,0.0,0.0,0.0,0.0,0.0,0.0,0.0,0.0,0.0
GoldS210,XAUUSDc,85,-6.942,-20.826,2,-0.3124,0.0,439,22.5513,1,5,210,0.015,1.1,2.0,0.0,0.5,15,1,-49.63,8,1,0,0,0.25,0.0,0.0,0.0,0.0,0.0,2.762,1.078,-3.0,-2.002,-3.0,-5.0,2.977,0.993,-2.0,-3.0,-4.0,3.596,-1.0,-4.0,-3.0,0.885,-0.654,8.405,-6.0,-0.81,-0.005,-2.876,-3.0,-1.788,-5.0,0.941,-4.0,0.322,6.274,0.965,0.313,-5.0,0.239,0.123,1.055,-3.0,5.048,1.537,-2.0,-2.0,-4.0,-4.0,5.948,1.53,-2.568,-5.0,0.04,-5.999,-0.978,-1.0,-1.921,-4.0,-0.812,0.285,4.275,-2.925,5.449,-3.0,10.331,-4.0,-0.917,-4.0,2.639,1.08,-5.999,-2.0,0.005,-2.0,1.025,-2.0,-3.0,-2.0,6.317,-1.984,-0.912,-0.056,0.26,4.462,8.502,0.061,0.17,-1.0,-3.776,0.814,4.044,-4.0,0.226,0.422,0.427,-6.0,1.22,-2.0,-0.687,-1.868,5.617,0.0,-5.999,-2.0,-2.0,-2.048,7.765,1.426,3.431,-2.0,34.013,-5.999,-5.0,3.022,1.399,-0.85,2.515,-5.999,5.616,-3.0,2.757,0.0,0.0,0.0,0.0,0.0,0.0,0.0,0.0,0.0,0.0
GoldS210,XAUUSDc,170,-3.6283,-10.885,2,-0.1599,0.0,402,16.4179,1,5,270,0.015,1.1,3.0,0.0,0.5,15,1,-42.126,14,1,0,0,0.5,0.0,0.0,0.0,0.0,0.0,0.0,7.224,-4.0,-2.0,-4.0,-4.0,0.06,2.002,-2.0,-3.0,-4.0,-3.0,-1.0,0.299,-3.0,-2.0,-4.0,1.081,-5.0,0.351,-2.0,-4.0,4.157,1.866,-5.0,2.331,-4.0,-2.0,0.057,7.704,1.577,-4.999,2.666,1.368,-0.049,-3.0,1.286,2.694,-2.0,-2.0,-4.0,-4.0,8.854,-0.639,-6.0,-5.0,-3.0,-6.0,1.223,-1.0,0.051,-4.0,3.3,2.875,7.891,-1.764,6.086,-3.0,-2.0,12.14,0.971,-3.0,-0.999,1.415,-6.0,-2.0,2.082,-3.0,2.083,-2.0,-3.0,-2.0,4.708,-0.892,0.401,0.0,7.387,11.072,-3.0,3.337,1.421,-1.0,-2.346,-4.0,7.024,-4.0,0.157,-4.0,2.523,-6.0,-0.776,-1.999,-3.0,-0.653,6.396,0.0,26.241,-2.0,3.025,-3.0,2.121,1.323,5.858,-2.0,5.626,-6.0,-5.0,1.683,0.228,-4.0,-2.999,-1.267,1.24,-4.0,6.032,0.0,0.0,0.0,0.0,0.0,0.0,0.0,0.0,0.0,0.0
GoldS210,XAUUSDc,156,-8.0135,-48.081,1,-0.7803,0.0,420,18.0952,1,5,150,0.015,1.1,2.5,0.0,0.5,15,1,-63.933,14,1,0,0,0.5,0.0,0.0,0.0,0.0,0.0,0.0,7.092,-4.0,-2.0,-3.0,-5.0,-0.463,1.495,-2.0,2.067,-4.0,6.223,-1.0,-4.0,-3.0,-3.0,3.532,2.393,1.067,0.876,0.499,-4.0,-3.0,-0.639,-5.0,-3.0,-4.0,1.259,0.269,2.087,1.623,-5.0,3.102,0.736,-1.512,-3.0,5.458,3.015,-1.0,-3.0,-4.0,-4.0,8.436,1.796,-5.999,-1.717,-3.0,-6.0,-0.348,-1.0,-0.413,-3.999,1.491,2.156,5.522,3.89,1.929,-3.0,-2.0,-4.0,0.989,2.351,0.675,-3.999,-5.999,2.327,11.768,-2.0,1.559,-2.0,-3.0,-2.0,3.291,-1.447,0.306,-3.0,1.34,5.614,-3.0,1.133,0.781,-1.0,-3.084,1.763,-0.508,-4.0,1.836,-1.458,-1.19,-5.999,-1.401,-2.0,-3.0,-1.22,5.229,0.0,15.084,-2.0,-2.0,-1.435,-2.0,0.702,-0.139,-2.0,5.058,-7.0,-5.0,5.202,-0.375,-4.0,-3.0,-2.899,2.103,-4.0,6.038,0.0,0.0,0.0,0.0,0.0,0.0,0.0,0.0,0.0,0.0
GoldS210,XAUUSDc,55,-24.5775,-147.465,1,-0.8948,0.0,443,9.4808,1,5,210,0.015,1.7,3.0,0.0,0.5,15,1,-171.136,16,1,0,0,0.0,0.0,0.0,0.0,0.0,0.0,-1.0,10.967,-4.0,-0.999,-4.0,-5.0,-0.888,1.005,-4.0,-3.0,-4.0,-2.0,-2.999,-3.0,-3.0,-5.0,-4.0,2.453,-6.0,-4.0,-4.0,-5.0,-3.0,-5.0,-4.998,-3.0,-4.0,-3.0,0.846,-6.0,-3.0,-5.0,1.851,13.312,-0.798,-3.0,-3.0,2.97,-2.0,-2.0,-3.0,-4.0,16.51,2.451,-5.999,-6.0,-3.0,-6.0,1.364,-1.0,0.744,-4.0,3.491,-3.0,-1.0,0.474,-5.0,-3.0,-3.998,-4.0,-4.0,-4.0,-4.998,-3.0,-6.0,-2.0,1.405,-2.0,6.391,-2.997,-3.0,-2.0,0.02,-0.234,-4.0,-4.0,3.509,-4.0,-3.0,0.315,10.698,-1.0,19.671,-2.0,3.183,-4.0,2.85,-6.0,-4.0,-6.0,8.868,3.456,-5.0,-0.078,0.223,0.0,2.188,-2.0,-2.0,-3.999,6.377,-0.899,8.229,-2.0,-5.0,-5.999,-3.999,-4.0,0.686,-4.0,-3.0,-5.996,1.532,-4.999,6.373,0.0,0.0,0.0,0.0,0.0,0.0,0.0,0.0,0.0,0.0
GoldS210,XAUUSDc,195,-8.9915,-17.983,3,-0.5006,0.0,467,31.0493,1,5,150,0.015,1.4,1.5,0.0,0.5,15,1,-22.305,0,1,0,0,0.75,0.0,0.0,0.0,0.0,0.0,2.295,0.013,-4.0,-0.508,-3.998,-3.024,6.029,0.493,-4.0,0.296,-4.0,1.807,-2.0,-3.0,-3.0,-0.413,0.043,3.248,2.279,-1.832,3.623,-4.0,-3.0,-2.351,-5.0,0.074,-4.0,-1.238,-1.321,3.099,2.432,-0.931,1.887,-0.306,4.393,-3.0,2.393,1.221,-2.0,0.651,-4.0,-4.0,6.941,5.246,-3.504,3.864,1.099,-1.658,2.692,-1.0,-2.901,-1.298,-2.504,-0.356,2.492,4.097,-0.506,-3.0,8.268,-4.0,0.797,5.187,-0.974,-3.0,-6.0,2.493,3.611,-0.237,4.678,3.675,-3.0,-2.0,-0.553,-2.488,2.074,-0.601,-0.148,1.581,1.893,0.496,-0.428,-1.0,-4.404,2.208,-1.498,-4.0,-0.355,-0.878,-2.432,-2.439,4.046,-2.0,3.096,-3.999,3.945,0.0,3.644,-2.0,-2.0,-2.554,1.241,0.438,-1.448,0.89,7.372,-2.008,-5.0,1.824,0.081,-1.45,1.405,-5.999,3.664,-3.0,4.245,0.0,0.0,0.0,0.0,0.0,0.0,0.0,0.0,0.0,0.0
GoldS210,XAUUSDc,31,-9.1035,-18.207,3,-0.2265,0.0,456,19.5175,1,5,210,0.015,1.7,2.0,0.0,0.5,15,1,-108.424,7,1,0,0,0.0,0.0,0.0,0.0,0.0,0.0,2.798,1.755,-4.0,-0.002,-4.0,-5.0,-1.983,-0.007,-4.0,-3.0,-4.0,-2.0,-2.999,-3.0,-3.0,-5.0,0.174,8.522,-6.0,-4.0,-1.005,-2.838,-3.0,-5.0,-4.998,-3.0,-4.0,-0.663,-0.927,-2.025,0.437,-5.0,-1.247,2.778,1.055,-3.0,5.645,1.537,-2.0,-2.0,-3.0,-4.0,12.087,8.071,-2.567,-1.734,0.051,-6.0,2.349,-1.0,-1.901,-4.0,-0.795,5.417,-1.0,1.735,-5.0,-3.0,87.219,-4.0,-1.789,-4.0,-1.172,1.219,-6.0,-2.0,0.018,-2.0,3.72,-2.997,-3.0,-2.0,-0.987,-1.975,-0.59,-4.0,0.409,-4.0,0.863,0.182,1.268,-1.0,1.124,0.89,0.566,-4.0,0.484,-2.743,-4.0,-6.0,2.94,0.033,-5.0,-1.795,8.054,0.0,0.026,-2.0,-2.0,-2.047,1.016,6.121,3.518,-2.0,12.06,-5.999,-3.999,3.142,1.476,-0.544,3.026,-5.998,6.385,-3.999,1.948,0.0,0.0,0.0,0.0,0.0,0.0,0.0,0.0,0.0,0.0
GoldS210,XAUUSDc,76,8.668,17.336,3,0.2343,256.62,471,27.3885,1,5,210,0.015,1.4,1.5,0.0,0.5,15,1,-27.151,12,1,0,0,0.25,0.0,0.0,0.0,0.0,0.0,1.994,0.013,-3.0,-2.508,-2.999,-3.891,1.278,0.493,-4.0,-3.0,-4.0,1.911,-2.0,-3.0,-3.0,-0.587,-2.275,4.517,-6.0,-2.285,3.096,-5.0,-3.0,-2.351,-5.0,-0.254,-4.0,-1.339,-1.489,-0.391,2.221,-2.994,0.747,-0.306,-0.01,-3.0,3.358,0.85,-2.0,0.651,-4.0,-4.0,10.247,-0.597,-3.446,-0.333,1.099,-5.999,-1.497,-1.0,-3.001,-1.447,-1.957,-0.356,2.752,17.962,2.081,-3.0,53.486,-4.0,0.134,10.236,-1.238,0.152,-5.999,-0.364,-0.509,-0.117,4.776,3.09,-3.0,-2.0,3.484,-2.488,5.769,-0.929,-0.337,2.297,5.987,1.034,-0.428,-1.0,-4.404,1.453,1.051,-4.0,-0.581,-0.807,-0.719,-6.0,-0.88,-2.0,3.085,-3.999,3.9,0.0,5.29,-2.0,-2.0,-2.558,5.394,0.282,1.729,8.654,7.544,-5.999,-5.0,1.684,0.026,-1.45,1.265,-5.999,3.895,-3.0,4.486,0.0,0.0,0.0,0.0,0.0,0.0,0.0,0.0,0.0,0.0
GoldS210,XAUUSDc,146,-7.9623,-47.774,1,-0.6964,0.0,434,22.8111,1,5,270,0.015,1.1,2.0,0.0,0.5,15,1,-55.934,12,1,0,0,0.5,0.0,0.0,0.0,0.0,0.0,2.405,1.078,-4.0,-1.002,-4.0,-4.0,4.142,0.993,-2.0,-3.0,-4.0,-3.0,-1.0,-1.022,-3.0,0.324,-0.106,7.54,-5.0,-0.899,-2.0,0.165,-3.0,-1.787,-5.0,0.364,-4.0,0.15,6.186,4.323,0.224,-4.999,0.239,0.123,1.33,-3.0,0.021,1.396,-2.0,-2.0,-4.0,-4.0,5.187,1.353,-0.778,-5.0,0.04,-6.0,8.824,-1.0,-1.968,-4.0,-0.345,0.285,4.156,-2.925,1.066,-3.0,6.104,-4.0,-0.656,-0.432,2.424,1.038,-6.0,-2.0,1.005,-3.0,1.025,-2.0,-3.0,-2.0,1.874,-1.984,-0.927,-0.3,0.213,6.185,4.336,0.087,0.17,-1.0,-3.776,-4.0,3.573,-4.0,-0.926,1.991,0.076,-6.0,1.196,-1.999,-0.688,-1.869,5.617,0.0,2.478,-2.0,1.428,-1.048,3.476,1.664,2.854,-2.0,14.488,-6.0,-5.0,2.196,1.218,-0.85,2.48,-5.999,2.1,-3.0,2.301,0.0,0.0,0.0,0.0,0.0,0.0,0.0,0.0,0.0,0.0
GoldS210,XAUUSDc,96,-0.0,-71.151,0,-0.8401,0.0,422,17.5355,1,5,150,0.015,1.1,2.5,0.0,0.5,15,1,-83.301,12,1,0,0,0.25,0.0,0.0,0.0,0.0,0.0,0.0,7.092,-4.0,-2.0,-3.0,-5.0,-0.465,1.495,-2.0,2.067,-4.0,6.223,-1.0,-4.0,-3.0,-3.0,3.532,2.393,1.067,0.876,0.499,-4.0,-3.0,-0.639,-5.0,-3.0,-4.0,1.259,0.269,2.087,1.623,-5.0,3.102,0.736,-1.512,-3.0,5.458,3.015,-1.0,-3.0,-4.0,-4.0,8.436,1.946,-5.999,-1.717,-3.0,-5.998,-0.348,-1.0,-0.413,-3.999,1.491,2.156,5.522,3.89,0.929,-3.0,-2.0,-4.0,0.989,2.352,0.675,-4.0,-6.0,2.327,0.541,-2.0,1.559,-2.0,-3.0,-2.0,9.15,-1.447,0.307,-3.0,1.34,5.614,-3.0,1.133,0.781,-1.0,-3.084,1.763,-0.508,-4.0,1.836,-1.458,-1.191,-5.999,-1.401,-2.0,-3.0,-1.219,5.229,0.0,-1.767,-2.0,-2.0,-1.436,-2.0,0.702,-0.139,-2.0,5.057,-6.999,-5.0,5.202,-0.375,-4.0,-3.0,-2.899,2.103,-4.0,6.038,0.0,0.0,0.0,0.0,0.0,0.0,0.0,0.0,0.0,0.0
GoldS210,XAUUSDc,233,92.3553,138.533,4,2.0275,100.72,430,13.4884,1,5,270,0.015,1.4,3.0,0.0,0.5,15,1,-0.993,24,1,0,0,0.75,0.0,0.0,0.0,0.0,0.0,0.0,3.684,-4.0,-1.0,-4.0,-5.0,0.079,2.002,-4.0,-3.0,-4.0,-3.0,-2.0,-3.0,-3.0,-4.0,-4.0,1.408,-5.0,3.01,-4.0,-4.0,5.175,-5.0,-5.0,-3.0,-4.0,-3.0,0.31,4.959,3.179,-5.0,-0.476,3.389,-0.05,-3.0,6.44,2.706,-2.0,-2.0,-4.0,-4.0,8.069,15.756,-6.0,-3.999,-3.999,-6.0,1.569,-1.0,0.224,-3.999,1.94,-3.0,139.526,-0.489,4.442,-3.0,-2.0,7.557,-4.0,-3.0,-2.0,1.423,-6.0,17.541,1.199,-3.0,1.511,-3.0,-3.0,-2.0,2.275,-0.685,2.208,-4.0,1.906,39.001,-2.999,4.173,2.874,-1.0,-0.14,-4.0,2.264,-4.0,0.472,-4.0,24.143,-6.0,0.466,-1.999,-3.999,-0.561,13.235,0.0,9.184,-2.0,5.934,-4.0,15.02,-0.913,6.047,-2.0,0.172,-6.0,-5.0,-3.0,0.28,-3.999,-2.999,-5.999,1.293,-4.0,0.793,0.0,0.0,0.0,0.0,0.0,0.0,0.0,0.0,0.0,0.0
GoldS210,XAUUSDc,177,13.5067,40.52,2,0.3208,316.44,461,7.3753,1,5,150,0.015,2.0,3.0,0.0,0.5,15,1,-87.7,19,1,0,0,0.5,0.0,0.0,0.0,0.0,0.0,-1.0,38.907,-4.0,-2.0,-3.0,-5.0,-0.853,1.006,-4.0,-3.0,-4.0,-2.0,-3.0,-3.0,-3.0,-6.0,-1.024,-4.0,3.164,-3.999,-4.0,-4.999,-3.0,-4.999,-5.0,-4.0,-4.0,-3.0,2.524,2.829,-3.0,-6.0,-4.998,54.595,-1.009,-3.0,-2.999,3.958,-2.0,-2.0,-4.0,-4.0,-4.0,-8.0,-5.999,-5.999,-4.0,-6.0,3.268,-1.0,2.179,-4.0,5.117,-3.0,-1.0,2.925,2.217,-3.0,-2.998,-5.0,-4.0,-4.999,-4.0,-2.999,-6.0,8.591,1.734,-2.0,-2.999,-2.999,-3.0,-2.0,4.709,0.73,-4.0,-4.0,-4.0,-3.998,-3.0,5.428,44.084,-1.0,122.22,-5.0,-4.999,-4.0,4.942,-6.0,-0.221,-5.999,-5.0,-2.0,-5.0,1.003,0.308,0.0,31.485,-2.0,-2.0,-3.998,2.36,-0.852,-4.0,-2.0,-4.997,-7.0,-5.0,-4.0,-5.0,-4.0,-4.0,-6.0,1.961,-4.999,14.211,0.0,0.0,0.0,0.0,0.0,0.0,0.0,0.0,0.0,0.0
GoldS210,XAUUSDc,160,-12.7697,-38.309,2,-0.5451,0.0,440,15.4545,1,5,210,0.015,1.4,2.5,0.0,0.5,15,1,-78.866,16,1,0,0,0.5,0.0,0.0,0.0,0.0,0.0,0.0,1.62,-3.0,-3.0,-2.999,-5.0,-0.457,1.495,-4.0,-3.0,-4.0,7.635,-2.0,-3.0,-3.0,-4.0,0.513,0.897,-6.0,0.957,0.502,-5.0,-2.999,-5.0,-5.0,-3.0,-4.0,0.02,-0.281,3.513,1.151,-5.0,-0.465,1.905,-1.364,-3.0,8.123,2.246,-2.0,-2.0,-4.0,-4.0,13.215,3.578,-6.0,-0.084,-3.0,-6.0,-0.229,-1.0,-0.864,-3.999,1.485,-3.0,40.557,-2.244,3.354,-3.0,-2.0,6.141,-0.211,-4.0,1.212,-3.999,-6.0,-2.0,0.586,-2.0,5.239,-3.0,-3.0,-2.0,3.291,-1.383,-0.058,-4.0,0.998,14.21,-3.0,1.371,1.361,-1.0,-2.379,2.092,1.831,-4.0,1.253,-1.052,6.151,-6.0,-1.128,-2.0,-4.0,-1.225,6.963,0.0,10.852,-2.0,-2.0,-1.491,-2.0,-1.453,5.212,-2.0,4.907,-5.999,-5.0,4.652,2.839,-4.0,-3.0,-2.725,0.694,-4.0,2.158,0.0,0.0,0.0,0.0,0.0,0.0,0.0,0.0,0.0,0.0
GoldS210,XAUUSDc,48,-4.0492,-24.295,1,-0.5561,0.0,404,16.8317,1,5,150,0.015,1.1,3.0,0.0,0.5,15,1,-34.896,16,1,0,0,0.0,0.0,0.0,0.0,0.0,0.0,0.0,9.789,-4.0,-1.0,-4.0,-5.0,0.06,2.002,-2.0,-3.0,-4.0,8.583,-1.0,-4.0,-3.0,-3.0,-0.024,3.57,3.523,1.842,-3.0,-4.0,-3.0,1.865,-5.0,-3.0,-4.0,-2.0,1.156,3.516,2.596,-5.0,8.105,5.833,-1.011,-3.0,7.424,3.935,-1.0,-3.0,-3.0,-4.0,10.749,4.188,-5.999,-5.0,-3.0,-6.0,5.396,-1.0,1.002,-3.999,2.7,3.147,7.385,5.639,2.128,-3.0,-3.0,-4.0,2.454,-3.0,-1.0,-4.0,-6.0,3.106,1.082,-2.0,2.129,-2.0,-3.0,-2.0,0.019,-0.892,1.652,-3.0,2.335,6.758,-3.0,3.536,1.421,-1.0,-1.345,-3.0,3.88,-4.0,2.861,-5.0,-0.557,-5.999,0.224,2.596,-3.0,-0.592,6.975,0.0,3.295,-2.0,-2.0,-3.999,6.379,1.85,0.568,-2.0,7.278,-6.999,-5.0,1.975,-4.0,-4.0,-3.0,-1.042,3.056,-4.0,9.601,0.0,0.0,0.0,0.0,0.0,0.0,0.0,0.0,0.0,0.0
GoldS210,XAUUSDc,113,61.5765,123.153,3,1.5396,113.51,434,12.4424,1,5,270,0.015,1.4,3.0,0.0,0.5,15,1,-16.633,20,1,0,0,0.25,0.0,0.0,0.0,0.0,0.0,0.0,3.684,-5.0,-2.0,-4.0,-4.0,0.079,2.002,-4.0,-3.0,-4.0,-3.0,-2.0,-3.0,-3.0,-4.0,-4.0,1.408,-5.0,3.01,-4.0,-4.0,5.392,-5.0,-5.0,-3.0,-4.0,-3.0,0.31,-5.0,3.18,-5.0,-0.476,3.389,-0.05,-3.0,6.441,2.706,-2.0,-2.0,-4.0,-4.0,8.069,15.756,-6.0,-5.0,-4.0,-5.999,1.569,-1.0,0.224,-3.999,3.545,-3.0,139.786,-1.489,14.075,-3.0,-2.0,28.16,-4.0,-3.0,-2.0,1.423,-5.999,-1.999,1.199,-3.0,1.511,-3.0,-3.0,-2.0,11.983,-0.685,2.21,-4.0,1.906,42.176,-3.0,4.173,2.874,-1.0,-0.14,-4.0,2.264,-4.0,0.472,-4.0,24.143,-6.0,0.465,-1.999,-3.998,-0.561,13.235,0.0,-5.999,-2.0,5.934,-4.0,2.121,-0.913,6.047,-2.0,0.171,-6.0,-5.0,-3.0,0.278,-3.999,-2.999,-5.999,1.293,-4.0,0.793,0.0,0.0,0.0,0.0,0.0,0.0,0.0,0.0,0.0,0.0
GoldS210,XAUUSDc,37,-11.2928,-67.757,1,-0.8529,0.0,411,18.9781,1,5,210,0.015,1.1,2.5,0.0,0.5,15,1,-77.604,9,1,0,0,0.0,0.0,0.0,0.0,0.0,0.0,0.0,5.816,-3.0,-2.0,-4.0,-5.0,5.8,1.495,-2.0,-3.0,-4.0,5.455,-1.0,-4.0,-3.0,-2.0,0.041,0.827,-5.0,-0.162,0.499,-0.251,-3.0,-0.639,-4.998,2.388,-4.0,0.986,9.847,-5.0,1.05,-4.999,4.129,4.127,-1.366,-3.0,6.885,2.246,-2.0,-2.0,-3.0,-4.0,9.019,-1.226,-6.0,-5.0,-3.0,-6.0,3.104,-1.0,-0.869,-4.0,1.387,2.028,6.082,-1.35,-5.0,-3.0,-3.0,-4.0,0.146,-4.0,0.668,-4.0,-6.0,-2.0,0.541,-2.0,1.559,-2.0,-3.0,-2.0,-0.484,-1.447,-0.242,-2.0,0.843,6.53,-3.0,1.13,0.781,-1.0,1.601,2.054,6.282,-4.0,1.088,-1.052,1.78,-6.0,-0.369,0.55,-3.0,-1.265,5.006,0.0,1.076,-2.0,-2.0,-1.491,1.619,0.178,5.16,-2.0,5.722,-5.999,-3.999,4.557,2.796,-4.0,-3.0,-2.987,2.303,-4.0,5.257,0.0,0.0,0.0,0.0,0.0,0.0,0.0,0.0,0.0,0.0
GoldS210,XAUUSDc,221,-3.7475,-7.495,3,-0.1013,0.0,437,16.9336,1,5,270,0.015,1.4,2.5,0.0,0.5,15,1,-47.671,16,1,0,0,0.75,0.0,0.0,0.0,0.0,0.0,0.0,1.62,-4.0,-1.0,-4.0,-5.0,-0.459,1.495,-4.0,-3.0,-4.0,-3.0,-2.0,-3.0,-3.0,-4.0,1.263,0.674,-5.0,0.956,-0.498,1.79,-3.0,-5.0,-5.0,-3.0,-4.0,-0.232,-0.38,2.779,0.993,-5.0,-1.342,1.905,-0.854,-3.0,1.162,2.049,-2.0,-2.0,-4.0,-4.0,6.431,3.176,-6.0,21.27,-3.0,-6.0,0.638,-1.0,-0.959,-3.999,0.737,-3.0,40.176,6.273,2.482,-3.0,-2.0,4.764,-0.396,0.746,1.212,0.751,-6.0,10.432,0.586,-3.0,0.668,-3.0,-3.0,-2.0,1.332,-1.383,-0.067,-4.0,0.932,15.048,-2.999,1.406,1.361,-1.0,-2.379,-4.0,1.162,-4.0,-0.184,0.919,5.725,-6.0,-1.159,-1.999,-3.999,-1.224,6.963,0.0,11.201,-2.0,3.934,-1.492,7.446,-1.453,4.385,-2.0,8.326,-6.0,-5.0,3.519,2.477,-3.999,-2.999,-2.725,0.694,-4.0,-0.173,0.0,0.0,0.0,0.0,0.0,0.0,0.0,0.0,0.0,0.0
GoldS210,XAUUSDc,230,2.788,4.182,4,0.0606,443.35,396,17.4242,1,5,270,0.015,1.1,3.0,0.0,0.5,15,1,-14.359,17,1,0,0,0.75,0.0,0.0,0.0,0.0,0.0,0.0,7.224,-4.0,-1.0,-4.0,-5.0,0.062,2.002,-2.0,-3.0,-4.0,-3.0,-0.998,0.299,-3.0,-2.0,-4.0,1.081,-5.0,0.352,-2.0,-4.0,3.955,1.865,-5.0,2.331,-4.0,-2.0,0.057,5.912,1.577,-5.0,2.666,1.368,-0.05,-3.0,1.286,2.694,-2.0,-2.0,-4.0,-4.0,8.854,-0.64,-6.0,-3.999,-3.0,-6.0,1.223,-1.0,0.051,-4.0,1.695,2.875,7.631,9.556,4.442,-3.0,-2.0,7.334,0.971,-3.0,-0.999,1.414,-6.0,17.541,2.082,-3.0,2.083,-2.0,0.0,-3.0,2.275,-0.892,0.401,0.0,7.187,9.374,-3.0,3.337,1.421,-1.0,-2.346,-4.0,7.024,-4.0,0.157,-4.0,2.522,-6.0,-0.775,-1.999,-3.0,-0.653,6.396,0.0,9.184,-2.0,3.025,-3.0,15.02,1.323,5.858,-2.0,5.627,-6.0,-5.0,1.683,0.23,-4.0,-2.999,-1.267,1.24,-4.0,6.032,0.0,0.0,0.0,0.0,0.0,0.0,0.0,0.0,0.0,0.0
GoldS210,XAUUSDc,115,-38.711,-116.133,2,-0.8701,0.0,447,8.9485,1,5,210,0.015,1.7,3.0,0.0,0.5,15,1,-139.804,18,1,0,0,0.25,0.0,0.0,0.0,0.0,0.0,-1.0,10.967,-4.0,-1.999,-3.0,-5.0,-0.887,1.005,-4.0,-3.0,-4.0,-2.0,-2.999,-3.0,-3.0,-5.0,-4.0,2.453,-6.0,-4.0,-4.0,-5.0,-3.0,-5.0,-5.0,-3.0,-4.0,-3.0,0.846,-6.0,-3.0,-5.0,1.851,13.312,-0.798,-3.0,-3.0,2.97,-2.0,-2.0,-4.0,-4.0,16.51,2.451,-5.999,-6.0,-3.0,-5.999,1.364,-1.0,0.744,-4.0,3.491,-3.0,-1.0,-0.526,13.352,-3.0,-2.369,19.246,-4.0,-4.0,-4.998,-3.0,-5.999,-2.0,1.405,-2.0,6.391,-2.997,-3.0,-2.0,11.984,-0.234,-4.0,-4.0,3.509,-4.0,-3.0,0.315,10.698,-1.0,17.671,-2.0,3.183,-4.0,2.85,-5.999,-4.0,-6.0,7.867,-2.0,-4.999,-0.078,0.223,0.0,-5.999,-2.0,-2.0,-4.0,2.162,-0.899,8.229,-2.0,-5.0,-5.999,-5.0,-4.0,0.686,-4.0,-3.0,-5.997,1.532,-4.999,6.373,0.0,0.0,0.0,0.0,0.0,0.0,0.0,0.0,0.0,0.0
GoldS210,XAUUSDc,145,-12.53,-37.59,2,-0.6062,0.0,438,23.2877,1,5,210,0.015,1.1,2.0,0.0,0.5,15,1,-49.172,9,1,0,0,0.5,0.0,0.0,0.0,0.0,0.0,2.762,1.078,-3.0,-2.002,-3.0,-5.0,2.977,0.993,-2.0,-3.0,-4.0,3.596,-1.0,-4.0,-3.0,0.885,-0.654,7.117,-6.0,-0.81,-0.005,-2.876,-2.999,-1.788,-5.0,0.941,-4.0,0.322,6.274,7.451,0.313,-5.0,0.239,0.123,1.056,-3.0,5.048,1.537,-2.0,-2.0,-4.0,-4.0,5.948,1.529,-2.568,-5.0,0.04,-6.0,8.182,-1.0,-1.921,-4.0,-0.812,0.285,4.275,-2.925,1.066,-3.0,4.744,-4.0,-0.917,-4.0,2.639,1.081,-6.0,-2.0,1.005,-2.0,1.025,-2.0,-3.0,-2.0,1.874,-1.984,-0.912,-0.056,0.26,4.462,3.828,0.061,0.17,-1.0,-3.776,0.814,4.044,-4.0,0.226,0.421,0.428,-6.0,1.22,-2.0,-0.688,-1.869,5.617,0.0,2.478,-2.0,-2.0,-2.047,3.476,1.426,3.431,-2.0,16.791,-5.999,-5.0,3.022,1.399,-0.85,2.515,-5.999,5.616,-3.0,2.757,0.0,0.0,0.0,0.0,0.0,0.0,0.0,0.0,0.0,0.0
GoldS210,XAUUSDc,84,11.0675,22.135,3,0.4997,210.06,441,23.1293,1,5,150,0.015,1.1,2.0,0.0,0.5,15,1,-24.361,8,1,0,0,0.25,0.0,0.0,0.0,0.0,0.0,3.214,1.438,-4.0,-1.002,-3.0,-5.0,19.006,0.993,-2.0,1.172,-4.0,3.904,-1.0,-4.0,-3.0,2.002,2.219,5.678,-0.385,-0.047,-0.005,-1.88,-3.0,-1.788,-5.0,-3.0,-4.0,0.509,-0.607,6.802,0.698,-5.0,0.251,0.123,0.977,-3.0,3.825,2.098,-1.0,-3.0,-4.0,-4.0,5.33,4.9,-2.974,-2.536,0.04,-5.998,-0.934,-1.0,-1.624,-3.999,-0.724,0.285,3.881,1.238,-0.251,-3.0,15.576,-4.0,-0.917,0.838,3.128,-3.0,-6.0,1.572,0.005,-2.0,1.025,-2.0,-3.0,-2.0,6.317,-1.984,-0.659,0.914,0.613,3.631,6.272,0.061,0.17,-1.0,-3.776,0.319,-1.459,-4.0,0.813,0.183,-1.828,-5.999,1.196,-2.0,-0.274,-1.84,5.685,0.0,-2.519,-2.0,-2.0,-2.019,7.765,1.663,-0.809,-2.0,51.606,-6.999,-5.0,3.327,-1.465,-0.77,2.721,-5.999,5.25,-3.0,2.972,0.0,0.0,0.0,0.0,0.0,0.0,0.0,0.0,0.0,0.0
GoldS210,XAUUSDc,222,-0.0,-132.619,0,-0.9457,0.0,452,13.4956,1,5,150,0.015,1.7,2.5,0.0,0.5,15,1,-142.599,15,1,0,0,0.75,0.0,0.0,0.0,0.0,0.0,-1.0,3.927,-4.0,-1.0,-4.0,-5.0,-1.448,0.495,-4.0,2.238,-4.0,-2.0,-3.0,-3.0,-3.0,-5.0,5.233,2.723,-4.997,-4.0,-0.498,-4.0,-3.0,-5.0,-5.0,-3.0,-4.0,0.334,0.399,-0.158,1.948,-5.0,-4.999,6.895,-1.512,-3.0,3.515,3.015,-2.0,-2.0,-3.999,-4.0,12.153,-2.453,-5.999,1.002,-3.0,-5.999,0.23,-1.0,-0.302,-4.0,0.925,-3.0,-1.0,5.055,0.747,-3.0,-2.991,-5.0,1.203,2.28,1.163,-3.0,-6.0,3.009,0.659,-2.0,5.098,-3.0,-3.0,-2.0,1.332,-1.29,-3.999,-4.0,1.787,-5.0,-3.0,-1.826,3.773,-1.0,2.071,1.682,-4.999,-4.0,2.048,-2.458,-1.112,-5.999,-0.276,-2.0,-5.0,-0.927,-0.346,0.0,15.433,-2.0,-2.0,-1.435,7.446,-1.451,0.279,-2.0,-4.998,-5.999,-5.0,5.559,-0.197,-4.0,-3.0,-0.998,0.811,-5.0,3.579,0.0,0.0,0.0,0.0,0.0,0.0,0.0,0.0,0.0,0.0
GoldS210,XAUUSDc,224,-18.0278,-108.167,1,-0.83,0.0,453,14.128,1,5,270,0.015,1.7,2.5,0.0,0.5,15,1,-125.983,18,1,0,0,0.75,0.0,0.0,0.0,0.0,0.0,-1.0,3.743,-4.0,-0.999,-4.0,-5.0,-1.448,0.495,-4.0,-3.0,-4.0,-3.0,-3.0,-3.0,-3.0,-5.0,2.77,1.199,-5.0,-4.0,-1.498,3.046,-3.0,-5.0,-5.0,-3.0,-4.0,-0.191,-0.206,1.816,1.273,-4.999,-1.174,6.895,-0.854,-3.0,3.515,2.061,-2.0,-2.0,-3.999,-4.0,7.399,-2.451,-5.999,3.141,-3.0,-6.0,1.097,-1.0,-0.844,-4.0,1.029,-3.0,-1.0,7.123,1.482,-3.0,-2.991,-5.0,-0.348,0.964,1.163,1.846,-6.0,10.506,0.659,-3.0,0.893,-2.999,-3.0,-2.0,1.332,-1.29,-4.0,-4.0,1.246,-4.0,-3.0,-1.791,3.773,-1.0,2.071,-4.0,1.204,-4.0,0.201,-0.08,-4.0,-6.0,-0.276,-2.0,-5.0,-0.972,-0.346,0.0,11.201,-2.0,16.816,-1.492,7.446,-1.453,4.806,-2.0,-1.359,-6.0,-5.0,3.94,2.859,-4.0,-3.0,-0.998,0.811,-5.0,1.069,0.0,0.0,0.0,0.0,0.0,0.0,0.0,0.0,0.0,0.0
GoldS210,XAUUSDc,137,-9.6385,-19.277,3,-0.3595,0.0,470,29.1489,1,5,270,0.015,1.4,1.5,0.0,0.5,15,1,-27.931,7,1,0,0,0.5,0.0,0.0,0.0,0.0,0.0,1.756,0.013,-4.0,-1.508,-4.0,-2.747,11.174,0.493,-4.0,-3.0,-4.0,-3.0,-2.0,-3.0,-3.0,-0.873,-1.909,3.922,-3.449,-2.286,2.852,-1.228,-3.0,-2.35,-5.0,-0.285,-4.0,-1.432,-1.489,1.104,2.19,-3.183,0.327,-0.306,4.274,-3.0,5.395,0.758,-2.0,0.651,-4.0,-4.0,5.765,-0.618,-3.189,0.079,1.099,-6.0,5.042,-1.0,-2.998,-1.447,-1.626,-0.356,2.683,3.559,-0.615,-3.0,14.159,-4.0,0.222,6.343,-1.355,0.518,-6.0,-0.365,6.54,-3.0,5.584,2.859,-3.0,-2.0,0.458,-2.488,2.956,-0.983,2.141,3.485,2.944,1.979,-0.428,-1.0,-4.404,-2.507,1.051,-4.0,-1.401,0.36,-0.916,-0.046,7.815,-1.999,3.291,-4.0,3.9,0.0,2.737,-2.0,0.787,1.349,2.291,0.439,1.4,2.48,9.178,-6.0,-5.0,1.082,0.026,-1.449,1.242,-5.999,1.054,-3.0,3.151,0.0,0.0,0.0,0.0,0.0,0.0,0.0,0.0,0.0,0.0
GoldS210,XAUUSDc,20,-5.7685,-11.537,3,-0.3235,0.0,471,30.1486,1,5,270,0.015,1.7,1.5,0.0,0.5,15,1,-20.573,10,1,0,0,0.0,0.0,0.0,0.0,0.0,0.0,1.756,0.044,-5.0,-0.508,-2.488,-1.747,11.743,-0.507,-4.0,-3.0,-4.0,-2.999,-3.0,-3.0,-3.0,1.733,0.629,4.771,-3.416,-1.793,3.289,1.108,-3.0,-1.979,-4.999,0.549,-4.0,-1.432,-1.487,-0.634,8.167,0.51,3.744,0.131,4.42,-3.0,-0.42,0.758,-2.0,1.074,-3.0,-4.0,12.16,-0.406,-3.181,0.387,1.239,-5.999,1.467,-1.0,-2.998,-1.392,-1.618,-0.134,2.85,-0.908,-2.489,-3.0,13.373,-4.0,0.238,8.18,-1.344,0.527,-3.412,5.273,-0.507,-3.0,5.668,-0.081,-3.0,-2.0,-4.0,-2.488,1.076,0.004,2.176,8.24,1.001,2.26,-0.38,-1.0,-3.367,-2.507,6.306,-4.0,-1.315,0.527,-0.833,-3.476,2.791,-0.481,1.954,-3.999,4.328,0.0,1.524,-2.0,1.446,3.652,0.511,1.012,1.4,5.115,1.912,-3.448,-4.0,1.082,0.026,-1.424,1.287,-5.999,1.069,-4.0,-0.429,0.0,0.0,0.0,0.0,0.0,0.0,0.0,0.0,0.0,0.0
GoldS210,XAUUSDc,24,-0.0,-49.364,0,-0.8202,0.0,437,24.2563,1,5,150,0.015,1.1,2.0,0.0,0.5,15,1,-57.636,3,1,0,0,0.0,0.0,0.0,0.0,0.0,0.0,3.214,1.438,-4.0,-0.002,-4.0,-5.0,2.193,0.993,-2.0,1.172,-4.0,3.904,-1.0,-4.0,-3.0,2.002,2.219,5.678,0.615,-0.047,-0.005,-1.88,-3.0,-1.788,-5.0,-3.0,-4.0,0.509,-0.607,6.802,0.698,-5.0,2.251,2.285,0.977,-3.0,3.825,2.098,-1.0,-3.0,-3.0,-4.0,5.33,4.9,-2.974,-2.536,0.04,-6.0,2.081,-1.0,-1.624,-3.999,-0.724,0.285,3.881,1.238,-0.251,-3.0,-3.0,-4.0,-0.917,0.837,3.128,-3.0,-6.0,1.572,0.005,-2.0,1.025,-2.0,-3.0,-2.0,-0.988,-1.984,-0.659,0.914,0.613,3.631,6.272,0.061,0.17,-1.0,0.358,0.319,-1.459,-4.0,0.813,0.183,-1.828,-5.999,2.196,0.033,-0.274,-1.841,5.685,0.0,3.506,-2.0,-2.0,-2.019,1.016,1.663,-0.809,-2.0,7.184,-6.999,-5.0,3.327,-1.465,-0.77,2.721,-5.998,5.25,-3.0,2.972,0.0,0.0,0.0,0.0,0.0,0.0,0.0,0.0,0.0,0.0
GoldS210,XAUUSDc,73,8.3375,16.675,3,0.239,266.79,466,27.897,1,5,210,0.015,1.1,1.5,0.0,0.5,15,1,-27.812,12,1,0,0,0.25,0.0,0.0,0.0,0.0,0.0,1.994,-0.011,-3.0,-2.508,-3.0,-3.895,1.198,0.493,-2.0,-3.0,-4.0,1.846,-1.0,-4.0,-3.0,-0.925,-2.33,4.476,-6.0,-0.43,2.986,-5.0,-3.0,-2.462,-5.0,-0.377,-4.0,-0.339,1.915,-0.514,1.246,-2.994,0.534,-0.474,-0.01,-3.0,3.32,0.85,-2.0,0.512,-4.0,-4.0,9.187,-0.706,-3.446,-0.457,1.023,-5.999,-1.52,-1.0,-3.001,-1.483,-1.957,-0.394,2.72,17.958,2.081,-3.0,53.385,-4.0,0.128,10.213,-1.238,0.152,-5.999,-0.446,-0.509,-0.125,4.733,2.705,-3.0,-2.0,3.484,-2.492,5.761,-1.108,-0.359,1.494,5.987,1.015,-0.433,-1.0,-4.407,1.442,0.285,-4.0,-0.624,-0.854,-0.735,-6.0,-0.902,-2.0,2.735,-3.999,3.837,0.0,5.29,-2.0,-2.0,-2.558,5.394,0.2,1.729,8.654,7.45,-5.999,-5.0,1.684,0.026,-1.45,1.263,-5.999,3.854,-3.0,2.904,0.0,0.0,0.0,0.0,0.0,0.0,0.0,0.0,0.0,0.0
GoldS210,XAUUSDc,43,-0.0,-159.063,0,-0.9568,0.0,450,13.3333,1,5,210,0.015,1.7,2.5,0.0,0.5,15,1,-174.199,13,1,0,0,0.0,0.0,0.0,0.0,0.0,0.0,-1.0,3.743,-4.0,-0.999,-4.0,-5.0,-1.448,0.495,-4.0,-3.0,-4.0,-2.0,-2.999,-3.0,-3.0,-5.0,2.005,1.222,-6.0,-4.0,-0.498,-5.0,-3.0,-5.0,-4.998,-3.0,-4.0,0.061,-0.19,-6.0,1.394,-5.0,-0.333,6.895,-1.366,-3.0,3.515,2.252,-2.0,-2.0,-3.0,-4.0,18.325,-2.453,-5.999,2.188,-3.0,-6.0,3.786,-1.0,-0.769,-4.0,1.777,-3.0,-1.0,-0.861,-5.0,-3.0,-3.998,-4.0,-0.164,-4.0,1.163,-3.0,-6.0,-2.0,0.659,-2.0,5.679,-2.997,-3.0,-2.0,-0.483,-1.29,-4.0,-4.0,1.312,-4.0,-3.0,-1.826,3.773,-1.0,6.977,2.183,1.873,-4.0,1.638,-2.052,-4.0,-6.0,0.756,0.55,-5.0,-0.971,-0.346,0.0,1.076,-2.0,-2.0,-1.491,1.641,-1.452,5.633,-2.0,-5.0,-5.999,-3.999,5.073,3.127,-4.0,-3.0,-0.997,0.812,-4.999,3.331,0.0,0.0,0.0,0.0,0.0,0.0,0.0,0.0,0.0,0.0
GoldS210,XAUUSDc,161,-23.0695,-46.139,3,-0.5428,0.0,440,15.6818,1,5,270,0.015,1.4,2.5,0.0,0.5,15,1,-86.527,13,1,0,0,0.5,0.0,0.0,0.0,0.0,0.0,0.0,1.62,-4.0,-2.0,-4.0,-4.0,-0.457,1.495,-4.0,-3.0,-4.0,-3.0,-2.0,-3.0,-3.0,-4.0,1.263,0.674,-5.0,0.956,-0.498,1.966,-3.0,-4.999,-5.0,-3.0,-4.0,-0.232,-0.38,4.972,0.994,-4.999,-1.342,1.905,-0.853,-3.0,1.162,2.049,-2.0,-2.0,-4.0,-4.0,6.431,3.177,-6.0,1.327,-3.0,-6.0,0.638,-1.0,-0.959,-3.999,2.087,-3.0,40.388,-2.244,3.51,-3.0,-2.0,8.468,-0.396,0.744,1.212,0.752,-6.0,-2.0,0.586,-3.0,0.668,-3.0,-3.0,-2.0,3.291,-1.383,-0.067,-4.0,0.932,16.468,-3.0,1.406,1.361,-1.0,-2.379,-4.0,1.162,-4.0,-0.184,0.919,5.726,-6.0,-1.16,-1.999,-3.999,-1.225,6.963,0.0,10.852,-2.0,3.934,-1.492,-2.0,-1.453,4.385,-2.0,8.325,-6.0,-5.0,3.519,2.475,-3.999,-2.999,-2.725,0.694,-4.0,-0.173,0.0,0.0,0.0,0.0,0.0,0.0,0.0,0.0,0.0,0.0
GoldS210,XAUUSDc,231,46.422,92.844,3,1.3713,149.93,427,12.4122,1,5,150,0.015,1.4,3.0,0.0,0.5,15,1,-46.356,24,1,0,0,0.75,0.0,0.0,0.0,0.0,0.0,0.0,4.374,-4.0,-1.0,-3.998,-5.0,0.079,2.002,-4.0,-3.0,-4.0,-2.0,-2.0,-3.0,-3.0,-4.0,-0.024,3.634,-4.999,4.18,-3.0,-4.0,-3.0,-5.0,-5.0,-3.0,-4.0,-3.0,1.306,1.994,4.117,-4.999,-4.998,3.389,-1.01,-3.0,16.349,3.935,-2.0,-2.0,-4.0,-4.0,14.829,18.522,-6.0,-3.999,-3.999,-6.0,0.497,-1.0,1.055,-4.0,1.802,-3.0,139.2,6.477,2.91,-3.0,-2.0,-5.0,-4.0,-3.0,-2.0,-4.0,-6.0,3.596,1.199,-2.0,6.755,-3.0,-3.0,-2.0,2.276,-0.685,3.197,-4.0,2.617,36.261,-3.0,4.172,2.874,-1.0,-0.14,-3.0,-5.0,-4.0,2.759,-5.0,-0.505,-5.999,0.466,-2.0,-4.0,-0.5,13.35,0.0,14.36,-2.0,-2.0,-3.998,15.102,-0.913,0.701,-2.0,-4.0,-6.0,-5.0,-4.0,-3.999,-4.0,-3.0,-5.999,5.209,-4.0,4.063,0.0,0.0,0.0,0.0,0.0,0.0,0.0,0.0,0.0,0.0
GoldS210,XAUUSDc,40,-16.9053,-50.716,2,-0.7586,0.0,435,16.3218,1,5,210,0.015,1.4,2.5,0.0,0.5,15,1,-91.273,11,1,0,0,0.0,0.0,0.0,0.0,0.0,0.0,0.0,1.62,-3.0,-2.0,-3.999,-5.0,-0.458,1.495,-4.0,-3.0,-4.0,7.635,-2.0,-3.0,-3.0,-4.0,0.513,0.897,-5.0,0.957,0.502,-5.0,-3.0,-5.0,-4.998,-3.0,-4.0,0.02,-0.281,-5.0,1.151,-5.0,1.535,5.349,-1.365,-3.0,8.123,2.246,-2.0,-2.0,-3.0,-4.0,17.493,3.579,-6.0,-0.083,-3.0,-6.0,3.306,-1.0,-0.864,-3.999,1.485,-3.0,40.557,-1.244,-5.0,-3.0,-3.0,-4.0,-0.211,-4.0,1.212,-4.0,-6.0,-2.0,0.586,-2.0,5.239,-3.0,-3.0,-2.0,-0.484,-1.383,-0.058,-4.0,0.998,14.21,-3.0,1.371,1.361,-1.0,2.342,2.092,1.831,-4.0,1.253,-1.052,6.15,-6.0,-0.128,0.55,-4.0,-1.223,6.963,0.0,1.076,-2.0,-2.0,-1.491,1.619,-1.453,5.212,-2.0,4.907,-5.999,-3.998,4.652,2.84,-4.0,-3.0,-2.724,0.694,-4.0,2.158,0.0,0.0,0.0,0.0,0.0,0.0,0.0,0.0,0.0,0.0
GoldS210,XAUUSDc,197,-10.3,-20.6,3,-0.4079,0.0,468,31.1966,1,5,270,0.015,1.4,1.5,0.0,0.5,15,1,-25.112,0,1,0,0,0.75,0.0,0.0,0.0,0.0,0.0,1.756,0.013,-4.0,-0.508,-4.0,-2.746,7.017,0.493,-4.0,-3.0,-4.0,-3.0,-2.0,-3.0,-3.0,-0.873,-1.909,2.75,-3.449,-2.286,2.852,-1.319,-3.0,-2.351,-5.0,-0.285,-4.0,-1.432,-1.489,3.837,2.189,-3.184,4.409,-0.306,4.209,-3.0,3.994,0.758,-2.0,0.651,-4.0,-4.0,5.765,4.299,-3.324,4.491,1.099,-1.527,3.108,-1.0,-2.998,-1.447,-2.468,-0.356,2.57,4.785,-0.506,-3.0,8.268,-4.0,0.222,4.69,-1.355,0.517,-6.0,3.859,4.12,-3.0,5.165,2.859,-3.0,-2.0,-0.554,-2.488,2.018,-0.983,2.141,2.621,1.908,1.298,-0.428,-1.0,-4.404,-2.507,1.051,-4.0,-1.401,0.36,-0.917,-1.866,4.046,-1.999,3.291,-3.999,3.9,0.0,4.316,-2.0,0.787,1.349,1.241,0.439,1.4,0.89,8.162,-2.008,-5.0,1.082,0.028,-1.449,1.242,-5.999,1.054,-3.0,3.151,0.0,0.0,0.0,0.0,0.0,0.0,0.0,0.0,0.0,0.0
GoldS210,XAUUSDc,229,6.2,9.3,4,0.2047,152.52,399,17.2932,1,5,210,0.015,1.1,3.0,0.0,0.5,15,1,-4.884,24,1,0,0,0.75,0.0,0.0,0.0,0.0,0.0,0.0,7.93,-3.0,-2.0,-4.0,-5.0,7.098,2.002,-2.0,-3.0,-4.0,6.825,-1.0,-4.0,-3.0,-2.0,-4.0,1.632,-4.999,0.523,-3.0,-3.0,4.235,1.865,-5.0,3.928,-4.0,-2.0,0.326,3.203,1.81,-5.0,4.281,1.368,-0.797,-3.0,8.412,2.958,-2.0,-2.0,-4.0,-4.0,11.239,0.162,-6.0,-3.999,-3.0,-6.0,0.132,-1.0,0.359,-4.0,1.541,2.875,7.761,8.636,4.111,-3.0,-2.0,5.544,1.046,-4.0,-0.999,-4.0,-6.0,9.531,2.082,-2.0,2.083,-2.0,0.0,-3.0,2.275,-0.892,0.623,-2.0,1.643,7.921,-3.0,3.292,1.421,-1.0,-2.346,-1.998,7.89,-4.0,1.904,-5.0,3.255,-6.0,-0.735,-2.0,-3.0,-0.653,6.564,0.0,9.184,-2.0,-2.0,-3.999,15.02,1.039,6.934,-2.0,7.749,-5.999,-5.0,1.781,0.465,-4.0,-3.0,-1.267,3.098,-4.0,8.427,0.0,0.0,0.0,0.0,0.0,0.0,0.0,0.0,0.0,0.0
GoldS210,XAUUSDc,168,0.559,1.118,3,0.0246,2794.36,405,16.0494,1,5,150,0.015,1.1,3.0,0.0,0.5,15,1,-30.123,19,1,0,0,0.5,0.0,0.0,0.0,0.0,0.0,0.0,9.789,-4.0,-2.0,-3.0,-5.0,0.062,2.002,-2.0,-3.0,-4.0,8.583,-1.0,-4.0,-3.0,-3.0,-0.024,3.57,2.523,1.842,-3.0,-4.0,-3.0,1.865,-5.0,-3.0,-4.0,-2.0,1.156,3.516,2.596,-5.0,6.105,1.368,-1.011,-3.0,7.424,3.935,-1.0,-3.0,-4.0,-4.0,10.749,4.007,-5.999,-5.0,-3.0,-6.0,0.246,-1.0,1.002,-3.999,2.7,3.147,7.385,5.639,3.128,-3.0,-2.0,-4.0,2.454,-3.0,-1.0,-3.999,-5.999,3.106,16.25,-2.0,2.129,-2.0,-3.0,-2.0,4.708,-0.892,1.651,-3.0,2.335,6.758,-3.0,3.536,1.421,-1.0,-2.346,-3.0,3.88,-4.0,2.861,-5.0,-0.556,-5.999,-0.776,-2.0,-3.0,-0.592,6.975,0.0,31.417,-2.0,-2.0,-3.998,2.203,1.85,0.568,-2.0,7.278,-7.0,-5.0,1.975,-4.0,-4.0,-3.0,-1.043,3.056,-4.0,9.601,0.0,0.0,0.0,0.0,0.0,0.0,0.0,0.0,0.0,0.0
GoldS210,XAUUSDc,169,-1.2833,-7.7,1,-0.1489,0.0,405,16.0494,1,5,210,0.015,1.1,3.0,0.0,0.5,15,1,-38.941,20,1,0,0,0.5,0.0,0.0,0.0,0.0,0.0,0.0,7.93,-3.0,-3.0,-3.0,-5.0,7.706,2.002,-2.0,-3.0,-4.0,7.356,-1.0,-4.0,-3.0,-2.0,-4.0,1.632,-6.0,0.524,-3.0,-4.0,-2.999,1.865,-5.0,3.928,-4.0,-2.0,0.326,5.513,1.81,-5.0,4.281,1.368,-0.797,-3.0,8.911,2.958,-2.0,-2.0,-4.0,-4.0,11.239,0.162,-6.0,-5.0,-3.0,-6.0,0.132,-1.0,0.359,-4.0,2.58,2.875,8.109,-1.764,5.646,-3.0,-2.0,8.847,1.046,-4.0,-0.999,-3.999,-6.0,-2.0,2.082,-2.0,2.083,-2.0,-3.0,-2.0,4.708,-0.892,0.623,-2.0,1.643,8.277,-3.0,3.292,1.421,-1.0,-2.346,-2.0,7.89,-4.0,1.953,-5.0,3.256,-6.0,-0.736,-2.0,-3.0,-0.653,6.564,0.0,26.241,-2.0,-2.0,-3.999,2.121,1.039,6.934,-2.0,7.749,-5.999,-5.0,1.781,0.463,-4.0,-3.0,-1.267,3.098,-4.0,8.427,0.0,0.0,0.0,0.0,0.0,0.0,0.0,0.0,0.0,0.0
GoldS210,XAUUSDc,217,-2.3247,-6.974,2,-0.2206,0.0,410,20.0,1,5,210,0.015,1.1,2.5,0.0,0.5,15,1,-17.685,16,1,0,0,0.75,0.0,0.0,0.0,0.0,0.0,0.0,5.816,-3.0,-2.0,-4.0,-5.0,5.316,1.495,-2.0,-3.0,-4.0,5.032,-1.0,-4.0,-3.0,-2.0,0.041,0.827,-4.999,-0.163,0.499,6.442,-3.0,-0.639,-5.0,2.388,-4.0,0.986,9.006,1.623,1.05,-5.0,2.129,0.736,-1.365,-3.0,6.47,2.246,-2.0,-2.0,-4.0,-4.0,9.019,-1.227,-6.0,12.182,-3.0,-6.0,-0.427,-1.0,-0.869,-4.0,0.509,2.028,5.798,6.115,2.363,-3.0,-2.0,3.509,0.146,-4.0,0.668,-4.0,-6.0,7.05,1.541,-2.0,1.559,-2.0,0.0,-3.0,1.332,-1.447,-0.242,-2.0,0.843,6.234,-3.0,1.13,0.781,-1.0,-3.084,2.007,6.282,-4.0,1.046,-1.052,1.78,-6.0,-1.368,-2.0,-3.0,-1.265,5.006,0.0,11.201,-2.0,-2.0,-1.491,7.446,0.178,5.16,-2.0,5.722,-5.999,-5.0,4.557,2.797,-4.0,-3.0,-2.988,2.303,-4.0,5.257,0.0,0.0,0.0,0.0,0.0,0.0,0.0,0.0,0.0,0.0
GoldS210,XAUUSDc,117,7.212,21.636,2,0.1819,592.62,461,7.1584,1,5,150,0.015,2.0,3.0,0.0,0.5,15,1,-106.584,18,1,0,0,0.25,0.0,0.0,0.0,0.0,0.0,-1.0,38.907,-4.0,-2.0,-3.0,-5.0,-0.82,1.006,-4.0,-3.0,-4.0,-2.0,-3.0,-3.0,-3.0,-6.0,-1.024,-4.0,3.164,-3.999,-4.0,-5.0,-3.0,-4.999,-5.0,-4.0,-4.0,-3.0,2.524,2.829,-3.0,-5.999,-4.998,54.595,-1.01,-3.0,-2.999,3.958,-2.0,-2.0,-4.0,-4.0,-3.999,-8.0,-5.999,-5.999,-4.0,-5.999,3.268,-1.0,2.179,-4.0,5.117,-3.0,-1.0,2.925,2.217,-3.0,-2.945,-4.999,-4.0,-4.999,-4.0,-3.0,-6.0,8.591,1.734,-2.0,-2.999,-2.999,-3.0,-2.0,11.984,0.73,-3.999,-4.0,-4.0,-3.998,-3.0,5.428,44.084,-1.0,122.22,-5.0,-4.999,-4.0,4.942,-6.0,-0.222,-5.999,-5.0,-2.0,-5.0,1.004,0.308,0.0,-0.755,-2.0,-2.0,-3.999,2.36,-0.852,-4.0,-2.0,-4.998,-6.999,-5.0,-4.0,-4.999,-4.0,-4.0,-6.0,1.961,-4.999,20.204,0.0,0.0,0.0,0.0,0.0,0.0,0.0,0.0,0.0,0.0
GoldS210,XAUUSDc,206,-9.937,-29.811,2,-0.615,0.0,430,24.4186,1,5,270,0.015,1.1,2.0,0.0,0.5,15,1,-38.129,4,1,0,0,0.75,0.0,0.0,0.0,0.0,0.0,2.405,1.078,-4.0,-0.002,-4.0,-5.0,12.796,0.993,-2.0,-3.0,-4.0,-3.0,-0.998,-1.022,-3.0,0.324,-0.106,5.262,-5.0,-0.898,-2.0,0.041,-3.0,-1.788,-5.0,0.364,-4.0,0.15,5.938,3.729,0.224,-5.0,0.239,0.123,1.33,-3.0,0.021,1.396,-2.0,-2.0,-4.0,-4.0,5.187,1.352,-1.715,7.967,0.04,-6.0,5.516,-1.0,-1.968,-4.0,-1.441,0.285,3.994,2.696,0.617,-3.0,3.403,-4.0,-0.656,-0.43,2.424,1.037,-6.0,5.112,1.005,-3.0,1.025,-2.0,0.0,-3.0,0.389,-1.984,-0.927,-0.3,0.213,5.044,2.632,0.087,0.17,-1.0,-3.776,-4.0,3.573,-4.0,-0.926,1.991,0.075,-6.0,1.197,-1.999,-0.688,-1.869,5.617,0.0,5.385,-2.0,1.428,-1.048,2.025,1.664,2.854,-2.0,10.865,-6.0,-5.0,2.196,1.22,-0.85,2.48,-5.999,2.1,-3.0,2.301,0.0,0.0,0.0,0.0,0.0,0.0,0.0,0.0,0.0,0.0
GoldS210,XAUUSDc,158,-20.2503,-60.751,2,-0.8412,0.0,412,17.9612,1,5,270,0.015,1.1,2.5,0.0,0.5,15,1,-76.603,10,1,0,0,0.5,0.0,0.0,0.0,0.0,0.0,0.0,5.292,-4.0,-2.0,-4.0,-4.0,-0.465,1.495,-2.0,-3.0,-4.0,-3.0,-1.0,-0.402,-3.0,-2.0,0.765,0.491,-5.0,-0.294,-2.0,1.586,-3.0,-0.638,-5.0,1.304,-4.0,0.734,9.167,4.954,0.892,-4.999,1.345,0.736,-0.853,-3.0,0.608,2.044,-2.0,-2.0,-4.0,-4.0,7.419,-1.83,-6.0,-5.0,-3.0,-6.0,0.44,-1.0,-1.018,-4.0,1.98,2.028,5.913,-2.35,3.51,-3.0,-2.0,8.402,0.187,0.658,0.668,0.743,-6.0,-2.0,1.541,-3.0,1.559,-2.0,-3.0,-2.0,3.291,-1.447,-0.319,0.0,2.976,8.788,-3.0,1.165,0.781,-1.0,-3.084,-4.0,5.613,-4.0,-0.386,0.919,1.239,-6.0,-1.401,-1.999,-3.0,-1.265,4.931,0.0,10.852,-2.0,2.222,-0.492,-2.0,0.47,4.333,-2.0,3.976,-6.0,-5.0,3.424,2.431,-4.0,-2.999,-2.988,0.675,-4.0,3.931,0.0,0.0,0.0,0.0,0.0,0.0,0.0,0.0,0.0,0.0
GoldS210,XAUUSDc,98,-10.7002,-64.201,1,-0.7746,0.0,414,17.3913,1,5,270,0.015,1.1,2.5,0.0,0.5,15,1,-87.757,8,1,0,0,0.25,0.0,0.0,0.0,0.0,0.0,0.0,5.292,-5.0,-2.0,-4.0,-4.0,-0.465,1.495,-2.0,-3.0,-4.0,-3.0,-1.0,-0.402,-3.0,-2.0,0.765,0.491,-5.0,-0.294,-2.0,1.586,-3.0,-0.639,-5.0,1.304,-4.0,0.734,9.167,-5.0,0.892,-5.0,1.345,0.736,-0.854,-3.0,0.608,2.044,-2.0,-2.0,-4.0,-4.0,7.419,-1.831,-6.0,-5.0,-3.0,-5.999,0.44,-1.0,-1.018,-4.0,1.98,2.028,5.913,-2.35,9.641,-3.0,-2.0,20.556,0.187,0.659,0.668,0.742,-5.999,-1.999,0.541,-3.0,1.559,-2.0,-3.0,-2.0,9.15,-1.447,-0.317,0.0,2.976,9.998,-3.0,1.165,0.781,-1.0,-3.084,-4.0,5.613,-4.0,-0.386,0.919,1.238,-6.0,-1.401,-1.999,-3.0,-1.264,4.931,0.0,-5.999,-2.0,2.222,-0.492,-2.0,0.47,4.333,-2.0,3.976,-6.0,-5.0,3.424,2.431,-4.0,-2.999,-2.988,0.675,-4.0,3.931,0.0,0.0,0.0,0.0,0.0,0.0,0.0,0.0,0.0,0.0
GoldS210,XAUUSDc,159,-8.7363,-52.418,1,-0.6822,0.0,437,15.3318,1,5,150,0.015,1.4,2.5,0.0,0.5,15,1,-92.415,13,1,0,0,0.5,0.0,0.0,0.0,0.0,0.0,0.0,2.087,-4.0,-2.0,-3.0,-5.0,-0.457,1.495,-4.0,2.14,-4.0,-2.0,-2.0,-3.0,-3.0,-4.0,3.758,2.428,1.123,1.888,0.502,-4.0,-3.0,-5.0,-5.0,-3.0,-4.0,0.293,0.316,2.114,1.706,-5.0,-4.998,1.905,-1.512,-3.0,6.49,3.015,-2.0,-2.0,-4.0,-4.0,0.641,6.49,-6.0,-1.271,-3.0,-6.0,-0.216,-1.0,-0.4,-4.0,1.598,-3.0,39.997,4.048,1.929,-3.0,-2.0,-4.0,1.176,2.404,1.212,-3.999,-6.0,2.545,0.586,-2.0,4.658,-3.0,-3.0,-2.0,3.291,-1.383,0.442,-4.0,1.473,12.876,-3.0,1.371,1.361,-1.0,-2.379,1.785,-5.0,-4.0,2.001,-1.458,-1.165,-5.999,-1.16,-2.0,-4.0,-1.18,7.054,0.0,15.084,-2.0,-2.0,-1.435,-2.0,-1.453,-0.096,-2.0,5.648,-7.0,-5.0,5.269,-0.348,-4.0,-3.0,-2.725,3.046,-4.0,3.971,0.0,0.0,0.0,0.0,0.0,0.0,0.0,0.0,0.0,0.0
GoldS210,XAUUSDc,171,49.9255,99.851,3,1.6781,139.49,428,12.1495,1,5,150,0.015,1.4,3.0,0.0,0.5,15,1,-39.429,23,1,0,0,0.5,0.0,0.0,0.0,0.0,0.0,0.0,4.374,-4.0,-2.0,-3.0,-5.0,0.081,2.002,-4.0,-3.0,-4.0,-2.0,-2.0,-3.0,-3.0,-4.0,-0.024,3.634,2.625,4.18,-3.0,-4.0,-3.0,-5.0,-5.0,-3.0,-4.0,-3.0,1.306,3.577,4.117,-5.0,-4.998,3.389,-1.011,-3.0,16.349,3.935,-2.0,-2.0,-4.0,-4.0,1.81,19.947,-6.0,-5.0,-3.999,-6.0,0.497,-1.0,1.055,-4.0,2.945,-3.0,139.28,6.477,3.143,-3.0,-2.0,-4.0,-4.0,-3.0,-2.0,-3.999,-6.0,3.596,1.199,-2.0,6.755,-3.0,-3.0,-2.0,4.708,-0.685,3.196,-4.0,2.617,36.261,-3.0,4.172,2.874,-1.0,-0.14,-3.0,-5.0,-4.0,3.127,-5.0,-0.504,-5.999,0.465,-2.0,-4.0,-0.501,13.35,0.0,31.417,-2.0,-2.0,-3.998,2.203,-0.913,0.701,-2.0,-3.999,-7.0,-5.0,-4.0,-3.999,-4.0,-3.0,-5.999,5.209,-4.0,6.046,0.0,0.0,0.0,0.0,0.0,0.0,0.0,0.0,0.0,0.0
GoldS210,XAUUSDc,25,-20.355,-61.065,2,-0.7776,0.0,433,24.0185,1,5,210,0.015,1.1,2.0,0.0,0.5,15,1,-68.429,3,1,0,0,0.0,0.0,0.0,0.0,0.0,0.0,2.762,1.078,-3.0,-1.002,-4.0,-5.0,2.979,0.993,-2.0,-3.0,-4.0,3.596,-1.0,-4.0,-3.0,0.885,-0.654,8.405,-5.0,-0.81,-0.005,-2.876,-3.0,-1.788,-4.998,0.941,-4.0,0.322,6.274,0.965,0.313,-4.999,2.239,2.31,1.055,-3.0,5.048,1.537,-2.0,-2.0,-3.0,-4.0,5.948,1.53,-2.568,-5.0,0.04,-6.0,2.037,-1.0,-1.921,-4.0,-0.812,0.285,4.275,1.563,-5.0,-3.0,-3.0,-4.0,-0.917,-4.0,2.639,1.08,-6.0,-2.0,0.005,-2.0,1.025,-2.0,-3.0,-2.0,-0.988,-1.984,-0.912,-0.056,0.26,4.462,0.863,0.061,0.17,-1.0,0.358,0.814,4.044,-4.0,0.226,0.421,0.427,-6.0,2.22,0.033,-0.688,-1.869,5.617,0.0,0.026,-2.0,-2.0,-2.047,1.016,1.426,3.431,-2.0,11.361,-5.999,-3.999,3.022,1.4,-0.85,2.515,-5.998,5.616,-3.0,2.757,0.0,0.0,0.0,0.0,0.0,0.0,0.0,0.0,0.0,0.0
GoldS210,XAUUSDc,114,-24.844,-149.064,1,-0.8513,0.0,447,8.7248,1,5,150,0.015,1.7,3.0,0.0,0.5,15,1,-172.735,18,1,0,0,0.25,0.0,0.0,0.0,0.0,0.0,-1.0,11.231,-4.0,-2.0,-3.0,-5.0,-0.884,1.005,-4.0,-3.0,-4.0,-2.0,-3.0,-3.0,-3.0,-5.0,-0.024,4.266,2.809,-4.0,-4.0,-4.0,-3.0,-5.0,-5.0,-3.0,-4.0,-3.0,1.671,2.672,-3.0,-4.999,-4.999,13.312,-1.011,-3.0,-3.0,3.935,-2.0,-2.0,-4.0,-4.0,-3.999,2.453,-5.999,-5.998,-3.0,-5.999,1.364,-1.0,1.417,-4.0,3.629,-3.0,-1.0,0.474,2.163,-3.0,-2.998,-5.0,-3.999,-3.999,-4.998,-3.0,-6.0,4.946,1.405,-2.0,5.591,-3.0,-3.0,-2.0,11.983,-0.234,-3.999,-4.0,4.133,-5.0,-3.0,0.315,10.698,-1.0,17.671,-3.0,-4.999,-4.0,3.758,-6.0,-0.396,-5.999,7.827,-2.0,-5.0,-0.017,0.223,0.0,-0.823,-2.0,-2.0,-3.999,2.244,-0.898,1.658,-2.0,-4.998,-6.999,-5.0,-4.0,-4.0,-4.0,-3.0,-5.997,1.531,-5.0,14.816,0.0,0.0,0.0,0.0,0.0,0.0,0.0,0.0,0.0,0.0
GoldS210,XAUUSDc,228,-9.428,-18.856,3,-0.338,0.0,400,16.25,1,5,150,0.015,1.1,3.0,0.0,0.5,15,1,-33.04,19,1,0,0,0.75,0.0,0.0,0.0,0.0,0.0,0.0,9.789,-4.0,-1.0,-4.0,-5.0,0.06,2.002,-2.0,-3.0,-4.0,8.583,-1.0,-4.0,-3.0,-3.0,-0.024,3.57,-4.998,1.842,-3.0,-4.0,-3.0,1.865,-5.0,-3.0,-4.0,-2.0,1.156,1.947,2.596,-4.999,5.804,1.368,-1.011,-3.0,7.424,3.935,-1.0,-3.0,-4.0,-4.0,10.261,2.574,-5.999,-3.999,-3.0,-5.999,0.246,-1.0,1.002,-3.999,1.557,3.147,7.305,5.639,2.895,-3.0,-2.0,-4.0,2.454,-3.0,-1.0,-4.0,-5.999,3.106,12.455,-2.0,2.129,-2.0,0.0,-3.0,2.276,-0.892,1.652,-3.0,2.335,6.758,-3.0,3.536,1.421,-1.0,-2.346,-3.0,3.88,-4.0,2.493,-5.0,-0.557,-5.999,-0.775,-2.0,-3.0,-0.592,6.975,0.0,14.36,-2.0,-2.0,-3.998,15.102,1.85,0.568,-2.0,7.277,-5.999,-5.0,1.975,-4.0,-4.0,-3.0,-1.043,3.056,-4.0,9.147,0.0,0.0,0.0,0.0,0.0,0.0,0.0,0.0,0.0,0.0
GoldS210,XAUUSDc,216,-12.8213,-38.464,2,-0.6423,0.0,415,18.7952,1,5,150,0.015,1.1,2.5,0.0,0.5,15,1,-49.553,11,1,0,0,0.75,0.0,0.0,0.0,0.0,0.0,0.0,7.092,-4.0,-1.0,-4.0,-5.0,-0.465,1.495,-2.0,2.067,-4.0,6.223,-1.0,-4.0,-3.0,-3.0,3.532,2.393,-4.998,0.876,0.499,-4.0,-3.0,-0.639,-5.0,-3.0,-4.0,1.259,0.269,0.786,1.623,-4.999,2.901,0.736,-1.512,-3.0,5.458,3.015,-1.0,-3.0,-4.0,-4.0,8.103,0.634,-5.999,11.373,-3.0,-5.999,-0.348,-1.0,-0.413,-3.999,0.526,2.156,5.458,3.89,1.747,-3.0,-2.0,-4.0,0.989,2.012,0.675,-4.0,-5.999,2.327,9.035,-2.0,1.559,-2.0,0.0,-3.0,1.333,-1.447,0.307,-3.0,1.34,5.614,-3.0,1.133,0.781,-1.0,-3.084,1.553,-0.508,-4.0,1.524,-1.458,-1.191,-5.999,-1.4,-2.0,-3.0,-1.22,5.229,0.0,15.433,-2.0,-2.0,-1.435,7.446,0.702,-0.139,-2.0,5.057,-5.999,-5.0,5.071,-0.375,-4.0,-3.0,-2.899,2.103,-4.0,5.726,0.0,0.0,0.0,0.0,0.0,0.0,0.0,0.0,0.0,0.0
GoldS210,XAUUSDc,36,-8.6695,-52.017,1,-0.7935,0.0,419,19.3317,1,5,150,0.015,1.1,2.5,0.0,0.5,15,1,-59.962,11,1,0,0,0.0,0.0,0.0,0.0,0.0,0.0,0.0,7.092,-4.0,-1.0,-4.0,-5.0,-0.465,1.495,-2.0,2.067,-4.0,6.223,-1.0,-4.0,-3.0,-3.0,3.532,2.393,2.067,0.876,0.499,-4.0,-3.0,-0.639,-5.0,-3.0,-4.0,1.259,0.269,2.087,1.623,-5.0,5.102,4.046,-1.512,-3.0,5.458,3.015,-1.0,-3.0,-3.0,-4.0,8.436,1.946,-5.999,-1.717,-3.0,-6.0,3.183,-1.0,-0.413,-3.999,1.491,2.156,5.522,3.89,0.929,-3.0,-3.0,-4.0,0.989,2.351,0.675,-4.0,-6.0,2.327,0.541,-2.0,1.559,-2.0,-3.0,-2.0,-0.484,-1.447,0.307,-3.0,1.34,5.614,-3.0,1.133,0.781,-1.0,1.601,1.763,-0.508,-4.0,1.836,-1.458,-1.191,-5.999,-0.401,0.55,-3.0,-1.22,5.229,0.0,5.308,-2.0,-2.0,-1.436,1.619,0.702,-0.139,-2.0,5.058,-6.999,-5.0,5.202,-0.375,-4.0,-3.0,-2.898,2.103,-4.0,6.038,0.0,0.0,0.0,0.0,0.0,0.0,0.0,0.0,0.0,0.0
GoldS210,XAUUSDc,97,-9.5347,-57.208,1,-0.8328,0.0,416,17.5481,1,5,210,0.015,1.1,2.5,0.0,0.5,15,1,-73.598,12,1,0,0,0.25,0.0,0.0,0.0,0.0,0.0,0.0,5.816,-3.0,-3.0,-3.0,-5.0,5.798,1.495,-2.0,-3.0,-4.0,5.455,-1.0,-4.0,-3.0,-2.0,0.041,0.827,-6.0,-0.162,0.499,-0.251,-3.0,-0.639,-5.0,2.388,-4.0,0.986,9.847,-5.0,1.05,-5.0,2.129,0.736,-1.366,-3.0,6.885,2.246,-2.0,-2.0,-4.0,-4.0,9.019,-1.226,-6.0,-5.0,-3.0,-5.999,-0.427,-1.0,-0.869,-4.0,1.387,2.028,6.082,-2.35,9.382,-3.0,-2.0,13.39,0.146,-4.0,0.668,-4.0,-5.999,-2.0,0.541,-2.0,1.559,-2.0,-3.0,-2.0,9.15,-1.447,-0.242,-2.0,0.843,6.53,-3.0,1.13,0.781,-1.0,-3.084,2.054,6.282,-4.0,1.088,-1.052,1.78,-6.0,-1.369,-2.0,-3.0,-1.264,5.006,0.0,-5.999,-2.0,-2.0,-1.492,-2.0,0.178,5.16,-2.0,5.722,-5.999,-5.0,4.557,2.795,-4.0,-3.0,-2.988,2.303,-4.0,5.257,0.0,0.0,0.0,0.0,0.0,0.0,0.0,0.0,0.0,0.0
GoldS210,XAUUSDc,38,-15.04,-45.12,2,-0.6612,0.0,405,19.7531,1,5,270,0.015,1.1,2.5,0.0,0.5,15,1,-58.585,7,1,0,0,0.0,0.0,0.0,0.0,0.0,0.0,0.0,5.292,-5.0,-1.0,-1.479,-4.0,-0.464,1.495,-2.0,-3.0,-4.0,-3.0,-1.0,-0.402,-3.0,-2.0,4.491,0.491,-4.0,-0.294,-2.0,1.586,-3.0,-0.639,-5.0,1.305,-4.0,0.734,9.167,0.557,0.892,-4.0,3.345,12.873,-0.854,-3.0,0.608,2.044,-2.0,-2.0,-3.0,-4.0,7.419,-1.831,-6.0,-5.0,-3.0,-5.999,3.971,-1.0,-1.018,-4.0,1.98,2.028,5.913,-1.349,1.244,-4.0,-2.0,-5.0,0.187,0.658,0.669,0.742,-6.0,-2.0,0.543,-3.0,1.559,-2.0,-3.0,-2.0,-4.0,-1.447,0.681,0.0,2.976,9.998,-2.999,1.165,0.781,-1.0,-2.084,-4.0,5.613,-4.0,-0.386,0.919,1.238,-6.0,-0.401,0.551,-3.0,-1.264,4.931,0.0,1.076,-2.0,2.222,-0.492,1.619,0.47,4.333,-2.0,3.976,-6.0,10.466,3.424,3.431,-4.0,-2.999,-2.988,0.675,-4.0,3.931,0.0,0.0,0.0,0.0,0.0,0.0,0.0,0.0,0.0,0.0
GoldS210,XAUUSDc,52,58.4435,116.887,3,1.7729,119.78,426,13.1455,1,5,210,0.015,1.4,3.0,0.0,0.5,15,1,-23.117,22,1,0,0,0.0,0.0,0.0,0.0,0.0,0.0,0.0,3.684,-3.0,-2.0,-3.999,-5.0,0.08,2.002,-4.0,-3.0,-4.0,12.336,-2.0,-3.0,-3.0,-4.0,-4.0,1.77,-5.0,3.011,-3.0,-5.0,-3.0,-5.0,-4.998,-3.0,-4.0,-3.0,0.469,-5.0,3.398,-5.0,2.629,8.1,-0.797,-3.0,18.313,2.958,-2.0,-2.0,-3.0,-4.0,22.428,16.264,-6.0,-4.999,-4.0,-6.0,0.478,-1.0,0.387,-3.999,2.807,-3.0,140.004,-0.489,-5.0,-3.0,-3.0,-4.0,-4.0,-4.0,-2.0,-4.0,-6.0,-2.0,1.199,-2.0,7.555,-3.0,-3.0,-2.0,0.019,-0.685,2.239,-4.0,1.993,37.904,-3.0,4.128,2.874,-1.0,1.86,-2.0,3.13,-4.0,2.219,-5.0,24.683,-6.0,1.505,3.456,-4.0,-0.56,13.235,0.0,2.183,-2.0,-2.0,-3.999,6.297,-0.913,7.123,-2.0,-4.0,-5.999,-3.998,-2.999,0.514,-4.0,-3.0,-5.998,1.293,-4.0,3.792,0.0,0.0,0.0,0.0,0.0,0.0,0.0,0.0,0.0,0.0
GoldS210,XAUUSDc,109,-4.5372,-27.223,1,-0.4374,0.0,406,15.5172,1,5,210,0.015,1.1,3.0,0.0,0.5,15,1,-48.355,18,1,0,0,0.25,0.0,0.0,0.0,0.0,0.0,0.0,7.93,-3.0,-3.0,-3.0,-5.0,7.706,2.002,-2.0,-3.0,-4.0,7.356,-1.0,-4.0,-3.0,-2.0,-4.0,1.632,-6.0,0.524,-3.0,-4.0,-3.0,1.865,-5.0,3.928,-4.0,-2.0,0.326,-5.0,1.81,-5.0,4.281,1.368,-0.798,-3.0,8.911,2.958,-2.0,-2.0,-4.0,-4.0,11.239,0.163,-6.0,-5.0,-3.0,-5.999,0.132,-1.0,0.359,-4.0,2.58,2.875,8.109,-1.764,13.317,-3.0,-2.0,18.132,1.046,-4.0,-0.999,-4.0,-5.999,-2.0,1.082,-2.0,2.083,-2.0,-3.0,-2.0,11.983,-0.892,0.623,-2.0,1.643,8.277,-3.0,3.292,1.421,-1.0,-2.346,-2.0,7.89,-4.0,1.953,-5.0,3.255,-6.0,-0.736,-2.0,-3.0,-0.652,6.564,0.0,-5.999,-2.0,-2.0,-4.0,2.121,1.039,6.934,-2.0,7.749,-5.999,-5.0,1.781,0.463,-4.0,-3.0,-1.267,3.098,-4.0,8.427,0.0,0.0,0.0,0.0,0.0,0.0,0.0,0.0,0.0,0.0
GoldS210,XAUUSDc,157,-8.3402,-50.041,1,-0.7866,0.0,415,18.0723,1,5,210,0.015,1.1,2.5,0.0,0.5,15,1,-65.893,14,1,0,0,0.5,0.0,0.0,0.0,0.0,0.0,0.0,5.816,-3.0,-3.0,-3.0,-5.0,5.798,1.495,-2.0,-3.0,-4.0,5.455,-1.0,-4.0,-3.0,-2.0,0.041,0.827,-6.0,-0.162,0.499,-0.251,-2.999,-0.639,-5.0,2.388,-4.0,0.986,9.847,3.495,1.05,-5.0,2.129,0.736,-1.365,-3.0,6.885,2.246,-2.0,-2.0,-4.0,-4.0,9.019,-1.227,-6.0,-5.0,-3.0,-6.0,-0.427,-1.0,-0.869,-4.0,1.387,2.028,6.082,-2.35,3.354,-3.0,-2.0,6.097,0.146,-4.0,0.668,-3.999,-6.0,-2.0,1.541,-2.0,1.559,-2.0,-3.0,-2.0,3.291,-1.447,-0.242,-2.0,0.843,6.53,-3.0,1.13,0.781,-1.0,-3.084,2.054,6.282,-4.0,1.088,-1.052,1.781,-6.0,-1.369,-2.0,-3.0,-1.265,5.006,0.0,10.852,-2.0,-2.0,-1.491,-2.0,0.178,5.16,-2.0,5.722,-5.999,-5.0,4.557,2.795,-4.0,-3.0,-2.988,2.303,-4.0,5.257,0.0,0.0,0.0,0.0,0.0,0.0,0.0,0.0,0.0,0.0
GoldS210,XAUUSDc,218,-10.569,-21.138,3,-0.3827,0.0,407,19.656,1,5,270,0.015,1.1,2.5,0.0,0.5,15,1,-32.57,14,1,0,0,0.75,0.0,0.0,0.0,0.0,0.0,0.0,5.292,-4.0,-1.0,-4.0,-5.0,-0.463,1.495,-2.0,-3.0,-4.0,-3.0,-0.998,-0.402,-3.0,-2.0,0.765,0.491,-5.0,-0.293,-2.0,1.424,-3.0,-0.639,-5.0,1.304,-4.0,0.734,8.767,3.761,0.892,-5.0,1.345,0.736,-0.854,-3.0,0.608,2.044,-2.0,-2.0,-4.0,-4.0,7.419,-1.831,-6.0,13.449,-3.0,-6.0,0.44,-1.0,-1.018,-4.0,0.63,2.028,5.701,6.115,2.482,-3.0,-2.0,4.712,0.187,0.66,0.668,0.742,-6.0,10.432,1.541,-3.0,1.559,-2.0,0.0,-3.0,1.332,-1.447,-0.319,0.0,2.857,7.368,-3.0,1.165,0.781,-1.0,-3.084,-4.0,5.613,-4.0,-0.386,0.919,1.238,-6.0,-1.4,-1.999,-3.0,-1.265,4.931,0.0,11.201,-2.0,2.222,-0.492,7.446,0.47,4.333,-2.0,3.977,-6.0,-5.0,3.424,2.433,-4.0,-2.999,-2.988,0.675,-4.0,3.931,0.0,0.0,0.0,0.0,0.0,0.0,0.0,0.0,0.0,0.0
GoldS210,XAUUSDc,50,-2.4367,-3.655,4,-0.0644,0.0,396,17.9293,1,5,270,0.015,1.1,3.0,0.0,0.5,15,1,-23.16,13,1,0,0,0.0,0.0,0.0,0.0,0.0,0.0,0.0,7.224,-5.0,-1.0,-5.0,-4.0,0.061,2.002,-2.0,-3.0,-4.0,-3.0,-1.0,0.299,-3.0,-2.0,0.99,1.081,-4.0,0.351,-2.0,-4.0,4.157,1.865,-5.0,2.332,-4.0,-2.0,0.057,2.103,1.577,-4.0,4.666,20.873,-0.05,-3.0,1.286,2.694,-2.0,-2.0,-3.0,-4.0,8.854,-0.64,-6.0,-5.0,-3.0,-5.999,5.28,-1.0,0.051,-4.0,3.3,2.875,7.891,-0.763,2.525,-4.0,-2.0,-5.0,0.971,-3.0,-0.999,1.414,-6.0,-2.0,1.084,-3.0,2.083,-2.0,-3.0,-2.0,-4.0,-0.892,1.401,0.0,7.387,12.549,-2.999,3.337,1.421,-1.0,-1.346,-4.0,7.024,-4.0,0.157,-4.0,2.522,-6.0,0.224,4.988,-3.0,-0.652,6.396,0.0,2.183,-2.0,3.025,-3.0,6.297,1.323,5.858,-2.0,5.626,-6.0,14.104,1.683,0.228,-4.0,-2.999,-1.267,1.24,-4.0,6.032,0.0,0.0,0.0,0.0,0.0,0.0,0.0,0.0,0.0,0.0
GoldS210,XAUUSDc,49,-16.405,-49.215,2,-0.6342,0.0,400,16.5,1,5,210,0.015,1.1,3.0,0.0,0.5,15,1,-58.642,16,1,0,0,0.0,0.0,0.0,0.0,0.0,0.0,0.0,7.93,-3.0,-2.0,-4.0,-5.0,7.708,2.002,-2.0,-3.0,-4.0,7.356,-1.0,-4.0,-3.0,-2.0,-4.0,1.632,-5.0,0.524,-3.0,-4.0,-3.0,1.865,-4.998,3.928,-4.0,-2.0,0.326,-5.0,1.81,-4.999,6.281,5.969,-0.798,-3.0,8.911,2.958,-2.0,-2.0,-3.0,-4.0,11.239,0.163,-6.0,-5.0,-3.0,-6.0,0.132,-1.0,0.359,-4.0,2.58,2.875,8.109,-0.764,-5.0,-3.0,-3.0,-4.0,1.046,-4.0,-0.999,-4.0,-6.0,-2.0,1.082,-2.0,2.083,-2.0,-3.0,-2.0,0.019,-0.892,0.623,-2.0,1.643,8.277,-3.0,3.292,1.421,-1.0,-0.346,-2.0,7.89,-4.0,1.953,-5.0,3.255,-6.0,0.264,3.456,-3.0,-0.653,6.564,0.0,2.183,-2.0,-2.0,-3.999,6.297,1.039,6.934,-2.0,7.749,-5.999,-3.999,1.781,0.464,-4.0,-3.0,-1.266,3.098,-4.0,8.427,0.0,0.0,0.0,0.0,0.0,0.0,0.0,0.0,0.0,0.0
GoldS210,XAUUSDc,108,-6.6393,-39.836,1,-0.6726,0.0,407,15.4791,1,5,150,0.015,1.1,3.0,0.0,0.5,15,1,-54.819,17,1,0,0,0.25,0.0,0.0,0.0,0.0,0.0,0.0,9.789,-4.0,-2.0,-3.0,-5.0,0.06,2.002,-2.0,-3.0,-4.0,8.583,-1.0,-4.0,-3.0,-3.0,-0.024,3.57,2.523,1.842,-3.0,-4.0,-3.0,1.865,-5.0,-3.0,-4.0,-2.0,1.156,3.516,2.596,-5.0,6.105,1.368,-1.011,-3.0,7.424,3.935,-1.0,-3.0,-4.0,-4.0,10.749,4.188,-5.999,-5.0,-3.0,-5.998,0.246,-1.0,1.002,-3.999,2.7,3.147,7.385,5.639,2.128,-3.0,-2.0,-4.0,2.454,-3.0,-1.0,-4.0,-6.0,3.106,1.082,-2.0,2.129,-2.0,-3.0,-2.0,11.983,-0.892,1.652,-3.0,2.335,6.758,-3.0,3.536,1.421,-1.0,-2.346,-3.0,3.88,-4.0,2.861,-5.0,-0.557,-5.999,-0.776,-2.0,-3.0,-0.591,6.975,0.0,-0.823,-2.0,-2.0,-3.999,2.203,1.85,0.568,-2.0,7.277,-6.999,-5.0,1.975,-4.0,-4.0,-3.0,-1.043,3.056,-4.0,9.601,0.0,0.0,0.0,0.0,0.0,0.0,0.0,0.0,0.0,0.0
GoldS210,XAUUSDc,110,-4.2193,-25.316,1,-0.3096,0.0,404,15.8416,1,5,270,0.015,1.1,3.0,0.0,0.5,15,1,-56.228,12,1,0,0,0.25,0.0,0.0,0.0,0.0,0.0,0.0,7.224,-5.0,-2.0,-4.0,-4.0,0.06,2.002,-2.0,-3.0,-4.0,-3.0,-1.0,0.299,-3.0,-2.0,-4.0,1.081,-5.0,0.351,-2.0,-4.0,4.157,1.865,-5.0,2.331,-4.0,-2.0,0.057,-5.0,1.577,-5.0,2.666,1.368,-0.05,-3.0,1.286,2.694,-2.0,-2.0,-4.0,-4.0,8.854,-0.64,-6.0,-5.0,-3.0,-5.999,1.223,-1.0,0.051,-4.0,3.3,2.875,7.891,-1.764,14.075,-3.0,-2.0,27.912,0.971,-3.0,-0.999,1.414,-5.999,-1.999,1.082,-3.0,2.083,-2.0,-3.0,-2.0,11.983,-0.892,0.403,0.0,7.387,12.549,-3.0,3.337,1.421,-1.0,-2.346,-4.0,7.024,-4.0,0.157,-4.0,2.522,-6.0,-0.776,-1.999,-3.0,-0.652,6.396,0.0,-5.999,-2.0,3.025,-3.0,2.121,1.323,5.858,-2.0,5.626,-6.0,-5.0,1.683,0.228,-4.0,-2.999,-1.267,1.24,-4.0,6.032,0.0,0.0,0.0,0.0,0.0,0.0,0.0,0.0,0.0,0.0
GoldS210,XAUUSDc,9,16.194,24.291,4,1.0504,45.17,503,43.5388,1,5,150,0.015,2.0,1.0,0.0,0.5,15,1,13.319,5,1,0,0,0.0,0.0,0.0,0.0,0.0,0.0,1.389,-0.992,7.683,-0.005,0.22,-4.0,-0.796,1.104,-4.0,0.438,-4.001,0.149,3.842,-0.592,-3.0,-1.439,-1.034,2.772,-2.172,1.941,0.997,2.311,2.609,-2.006,-4.0,-1.929,-4.0,0.681,-1.943,2.063,5.798,2.051,2.688,-0.604,-1.015,-3.0,1.121,0.345,-2.0,0.034,0.104,-5.0,2.847,2.194,-4.042,5.01,11.979,1.435,-0.02,0.02,-4.006,-2.007,-3.01,-3.0,1.269,3.96,-2.598,-3.0,-0.909,9.203,-1.011,-0.448,5.835,-1.004,-3.001,3.157,-0.027,0.297,3.016,0.557,-2.0,-1.513,-0.996,-3.0,3.377,-0.777,0.631,-1.911,0.329,1.143,-0.021,-0.976,2.027,-2.421,-0.198,0.361,-0.13,0.061,-1.003,-1.0,2.135,10.247,1.185,-1.992,1.038,2.076,6.364,-2.0,1.281,-1.041,-3.0,3.205,3.024,-2.975,-2.791,-1.976,-6.0,1.525,1.393,-1.994,0.164,-1.669,4.758,0.078,3.765,0.0,0.0,0.0,0.0,0.0,0.0,0.0,0.0,0.0,0.0
GoldS210,XAUUSDc,8,5.704,17.112,2,0.7752,75.7,501,44.7106,1,5,270,0.015,1.7,1.0,0.0,0.5,15,1,4.158,4,1,0,0,0.0,0.0,0.0,0.0,0.0,0.0,1.12,-0.996,3.826,-0.005,0.399,-0.991,2.2,1.053,-4.0,1.024,-4.001,-2.999,2.7,-1.143,-3.0,-1.703,-0.807,2.093,-0.974,-0.847,0.966,5.892,4.199,-2.006,-3.999,-1.976,-4.0,0.599,-2.003,1.449,4.559,0.037,1.01,-0.855,1.779,-3.0,-1.04,0.121,-2.0,0.026,0.226,-5.0,1.643,-0.263,-4.043,14.053,1.989,-4.002,0.163,-0.005,-4.005,-2.007,-3.01,0.026,1.317,3.892,-0.772,-3.0,1.043,13.899,-1.916,3.168,5.018,1.012,-0.986,3.026,-0.033,-2.0,3.007,0.223,-2.0,-1.766,-3.0,-3.0,2.019,-0.919,4.004,-1.94,-1.991,1.729,2.039,-0.98,4.133,-5.0,1.344,1.301,-0.936,1.02,0.19,-1.0,1.99,7.741,1.085,-1.992,1.028,2.05,2.131,-2.0,1.006,-1.042,-3.0,0.484,3.024,4.918,-5.0,-1.976,-5.0,1.008,5.303,-2.002,0.079,-1.497,-0.988,0.074,-0.929,0.0,0.0,0.0,0.0,0.0,0.0,0.0,0.0,0.0,0.0
GoldS210,XAUUSDc,1,1.3253,3.976,2,0.1671,282.07,501,45.1098,1,5,210,0.015,1.1,1.0,0.0,0.5,15,1,-7.239,2,1,0,0,0.0,0.0,0.0,0.0,0.0,0.0,1.239,-0.996,-1.332,-0.005,0.163,-1.997,1.489,1.016,-4.0,1.003,-4.001,0.358,2.397,-1.059,-3.0,-1.586,-0.983,2.675,-2.991,1.483,0.961,2.58,3.184,-2.006,-3.998,-2.025,-4.0,0.369,-2.004,-0.902,4.076,0.738,1.192,-1.033,1.007,-3.0,1.628,0.165,-2.0,0.013,0.076,-5.0,3.822,-1.235,-4.043,13.226,1.969,-1.748,-0.042,-0.021,-4.006,-2.007,-3.01,0.002,1.338,4.301,-5.0,-3.0,-0.953,5.924,-2.011,4.888,5.028,1.263,-0.995,3.009,-0.041,0.377,2.998,0.298,-2.0,-1.717,-0.996,-3.0,2.012,-0.906,0.816,-1.965,-1.991,1.331,2.031,2.089,2.02,-2.514,1.088,0.513,-0.469,0.002,0.275,-1.0,0.004,7.251,1.031,-1.992,1.024,2.042,3.01,-2.0,1.132,-1.042,-3.0,0.59,3.024,-0.953,-2.584,-1.976,-4.999,1.386,8.823,-2.011,0.091,-1.779,1.105,0.107,-0.152,0.0,0.0,0.0,0.0,0.0,0.0,0.0,0.0,0.0,0.0
GoldS210,XAUUSDc,5,6.189,18.567,2,0.8469,69.74,501,45.1098,1,5,270,0.015,1.4,1.0,0.0,0.5,15,1,5.619,4,1,0,0,0.0,0.0,0.0,0.0,0.0,0.0,1.12,-0.996,3.819,-0.005,0.359,-0.995,1.874,1.025,-4.0,1.022,-4.001,-3.0,2.307,-1.165,-3.0,-1.711,-0.807,2.059,-0.98,-0.966,0.955,5.67,4.195,-2.006,-1.945,-2.007,-4.0,0.499,-2.003,1.412,4.199,0.036,1.003,-0.985,1.751,-3.0,-1.045,0.121,-2.0,0.017,0.219,-5.0,1.643,-0.271,-4.043,14.031,1.977,-4.002,0.155,-0.019,-4.005,-2.007,-3.01,0.002,1.317,3.892,-0.928,-3.0,1.031,13.893,-1.916,3.168,5.007,1.009,-0.99,3.02,-0.036,-2.0,3.001,0.204,0.224,-1.766,-3.0,-3.0,2.013,-0.922,3.927,-1.961,-1.991,1.729,2.031,-0.98,4.133,-5.0,1.14,1.28,-0.962,1.006,0.19,-1.0,1.99,7.614,1.045,-1.992,1.024,2.042,2.131,-2.0,1.006,-1.042,-3.0,0.484,3.024,4.918,-5.0,-1.976,-5.0,1.008,5.303,-2.01,0.079,-1.497,-0.988,0.074,-0.929,0.0,0.0,0.0,0.0,0.0,0.0,0.0,0.0,0.0,0.0
GoldS210,XAUUSDc,10,2.4963,7.489,2,0.4073,150.18,503,44.5328,1,5,210,0.015,2.0,1.0,0.0,0.5,15,1,-3.758,2,1,0,0,0.0,0.0,0.0,0.0,0.0,0.0,1.239,-0.992,-1.306,-0.005,0.274,-1.99,2.805,1.104,-4.0,1.014,-4.001,0.365,4.07,-1.018,-3.0,-1.542,-0.983,2.755,-2.987,1.898,0.977,3.342,3.22,-2.006,-3.998,-1.929,-4.0,0.693,-2.001,-0.793,5.486,0.75,1.213,-0.604,1.329,-3.0,1.637,0.164,-1.999,0.034,0.095,-5.0,3.832,-1.212,-4.042,13.291,2.003,-1.748,-0.02,0.02,-4.006,-2.007,-3.01,-3.0,1.338,4.301,-5.0,-3.0,-0.909,4.944,-1.011,4.888,5.054,-1.004,-0.978,3.042,-0.027,0.381,3.016,0.369,-2.0,-1.717,-0.996,-3.0,2.019,-0.893,1.013,-1.911,-1.991,1.331,2.052,2.089,2.027,-2.514,1.857,0.59,-0.395,0.061,0.275,-1.0,0.004,7.647,1.185,-1.992,1.038,2.076,3.01,-2.0,1.132,-1.042,-3.0,0.604,3.024,-0.953,-2.584,-1.976,-6.0,1.386,8.83,-1.994,0.091,-1.78,1.112,0.111,-0.152,0.0,0.0,0.0,0.0,0.0,0.0,0.0,0.0,0.0,0.0
GoldS210,XAUUSDc,11,6.5343,19.603,2,1.1098,66.12,503,44.334,1,5,270,0.015,2.0,1.0,0.0,0.5,15,1,6.642,4,1,0,0,0.0,0.0,0.0,0.0,0.0,0.0,1.12,-0.992,3.848,-0.005,0.47,-0.99,3.065,1.104,-4.0,1.033,-4.001,-3.0,3.727,-1.11,-3.0,-1.673,-0.807,2.128,-0.972,-0.602,0.971,6.447,4.215,-2.006,-3.999,-1.928,-4.0,0.833,-2.001,1.498,5.486,0.045,1.023,-0.604,1.931,-3.0,-1.038,0.121,-2.0,0.034,0.232,-5.0,1.643,-0.248,-4.042,14.074,2.003,-4.002,0.172,0.02,-4.005,-2.007,-3.01,-3.0,1.317,3.892,-0.371,-3.0,1.073,12.913,-0.916,3.168,5.028,1.016,-0.978,3.042,-0.026,-2.0,3.016,0.257,-2.0,-1.766,-3.0,-3.0,2.019,-0.909,4.11,-1.911,-1.991,1.729,2.052,-0.98,4.133,-5.0,1.857,1.357,-0.906,1.061,0.19,-1.0,1.99,7.998,1.185,-1.992,1.038,2.076,2.131,-2.0,1.006,-1.042,-3.0,0.498,3.024,4.918,-5.0,-1.976,-6.0,1.008,5.31,-1.994,0.079,-1.498,-0.982,0.078,-0.929,0.0,0.0,0.0,0.0,0.0,0.0,0.0,0.0,0.0,0.0
GoldS210,XAUUSDc,3,12.8993,19.349,4,0.7381,56.71,502,43.8247,1,5,150,0.015,1.4,1.0,0.0,0.5,15,1,8.377,5,1,0,0,0.0,0.0,0.0,0.0,0.0,0.0,1.389,-0.996,7.664,-0.005,0.123,-4.0,-0.804,1.025,-4.0,0.427,-4.001,0.145,2.411,-0.617,-3.0,-1.474,-1.034,2.703,-2.174,1.583,0.981,1.576,2.589,-2.006,-4.0,-2.008,-4.0,0.464,-1.945,1.977,4.514,2.041,2.668,-0.985,-1.016,-3.0,1.114,0.346,-2.0,0.017,0.091,-5.0,2.847,1.637,-4.043,4.976,11.953,1.433,-0.037,-0.019,-4.006,-2.007,-3.01,0.002,1.269,3.96,-2.598,-3.0,-0.951,10.185,-2.011,-0.448,5.817,-1.004,-3.001,3.135,-0.038,0.297,3.001,0.529,-2.0,-1.513,-0.996,-3.0,3.371,-0.79,0.449,-1.961,0.329,1.143,-0.042,-0.976,2.02,-2.421,-0.887,0.284,-0.186,0.006,-1.003,-1.0,2.135,9.871,1.045,-1.992,1.024,2.042,6.364,-2.0,1.281,-1.041,-3.0,3.191,3.024,-2.975,-2.791,-1.976,-6.0,1.525,1.393,-2.011,0.164,-1.668,4.427,0.074,3.765,0.0,0.0,0.0,0.0,0.0,0.0,0.0,0.0,0.0,0.0
GoldS210,XAUUSDc,6,14.51,21.765,4,0.8595,50.41,502,43.8247,1,5,150,0.015,1.7,1.0,0.0,0.5,15,1,10.793,5,1,0,0,0.0,0.0,0.0,0.0,0.0,0.0,1.389,-0.996,7.671,-0.005,0.157,-4.0,-0.801,1.053,-4.0,0.429,-4.001,0.145,2.803,-0.609,-3.0,-1.466,-1.034,2.737,-2.172,1.696,0.992,1.779,2.593,-2.006,-4.0,-1.977,-4.0,0.515,-1.945,2.014,4.871,2.043,2.675,-0.855,-1.016,-3.0,1.119,0.345,-2.0,0.026,0.098,-5.0,2.847,1.807,-4.042,4.989,11.965,1.435,-0.029,-0.005,-4.006,-2.007,-3.01,0.026,1.269,3.96,-2.598,-3.0,-0.939,10.193,-2.011,-0.448,5.825,-1.004,-3.001,3.141,-0.035,0.297,3.007,0.538,-2.0,-1.513,-0.996,-3.0,3.377,-0.787,0.526,-1.94,0.329,1.143,-0.034,-0.976,2.02,-2.421,-0.694,0.305,-0.16,0.02,-1.003,-1.0,2.135,9.99,1.085,-1.992,1.028,2.05,6.364,-2.0,1.281,-1.041,-3.0,3.191,3.024,-2.975,-2.791,-1.976,-6.0,1.525,1.393,-2.002,0.164,-1.668,4.514,0.074,3.765,0.0,0.0,0.0,0.0,0.0,0.0,0.0,0.0,0.0,0.0
GoldS210,XAUUSDc,4,1.6307,4.892,2,0.2119,229.25,501,45.1098,1,5,210,0.015,1.4,1.0,0.0,0.5,15,1,-6.323,2,1,0,0,0.0,0.0,0.0,0.0,0.0,0.0,1.239,-0.996,-1.326,-0.005,0.193,-1.995,1.604,1.025,-4.0,1.003,-4.001,0.36,2.545,-1.054,-3.0,-1.583,-0.983,2.686,-2.989,1.533,0.961,2.61,3.2,-2.006,-3.998,-2.008,-4.0,0.383,-2.003,-0.879,4.199,0.74,1.193,-0.985,1.053,-3.0,1.63,0.165,-2.0,0.017,0.082,-5.0,3.822,-1.234,-4.043,13.234,1.977,-1.748,-0.037,-0.019,-4.006,-2.007,-3.01,0.002,1.338,4.301,-5.0,-3.0,-0.951,5.924,-2.011,4.888,5.033,1.263,-0.99,3.02,-0.038,0.377,3.001,0.316,-2.0,-1.717,-0.996,-3.0,2.013,-0.906,0.831,-1.961,-1.991,1.331,2.031,2.089,2.02,-2.514,1.14,0.513,-0.451,0.006,0.275,-1.0,0.004,7.271,1.045,-1.992,1.024,2.042,3.01,-2.0,1.132,-1.042,-3.0,0.59,3.024,-0.953,-2.584,-1.976,-4.998,1.386,8.823,-2.011,0.091,-1.779,1.105,0.107,-0.152,0.0,0.0,0.0,0.0,0.0,0.0,0.0,0.0,0.0,0.0
GoldS210,XAUUSDc,7,2.5277,7.583,2,0.3596,147.9,501,45.1098,1,5,210,0.015,1.7,1.0,0.0,0.5,15,1,-3.632,2,1,0,0,0.0,0.0,0.0,0.0,0.0,0.0,1.239,-0.996,-1.319,-0.005,0.222,-1.991,1.934,1.053,-4.0,1.005,-4.001,0.36,2.981,-1.045,-3.0,-1.575,-0.983,2.72,-2.987,1.653,0.972,2.81,3.204,-2.006,-3.998,-1.977,-4.0,0.459,-2.003,-0.842,4.559,0.742,1.2,-0.855,1.151,-3.0,1.635,0.164,-2.0,0.026,0.089,-5.0,3.824,-1.227,-4.042,13.247,1.989,-1.748,-0.029,-0.005,-4.006,-2.007,-3.01,0.026,1.338,4.301,-5.0,-3.0,-0.939,5.927,-2.011,4.888,5.044,1.263,-0.986,3.026,-0.035,0.379,3.007,0.335,-2.0,-1.717,-0.996,-3.0,2.019,-0.903,0.908,-1.94,-1.991,1.331,2.039,2.089,2.02,-2.514,1.344,0.534,-0.425,0.02,0.275,-1.0,0.004,7.39,1.085,-1.992,1.028,2.05,3.01,-2.0,1.132,-1.042,-3.0,0.59,3.024,-0.953,-2.584,-1.976,-4.999,1.386,8.823,-2.002,0.091,-1.779,1.105,0.107,-0.152,0.0,0.0,0.0,0.0,0.0,0.0,0.0,0.0,0.0,0.0
GoldS210,XAUUSDc,0,12.4073,18.611,4,0.7031,58.95,502,43.8247,1,5,150,0.015,1.1,1.0,0.0,0.5,15,1,7.639,5,1,0,0,0.0,0.0,0.0,0.0,0.0,0.0,1.389,-0.996,7.664,-0.005,0.096,-4.0,-0.805,1.016,-4.0,0.427,-4.001,0.145,2.27,-0.618,-3.0,-1.477,-1.034,2.7,-2.176,1.544,0.981,1.556,2.573,-2.006,-4.0,-2.025,-4.0,0.459,-1.946,1.955,4.397,2.039,2.667,-1.033,-1.016,-3.0,1.112,0.346,-1.0,-0.987,0.085,-5.0,2.847,1.564,-4.042,4.968,11.945,1.433,-0.042,-0.021,-4.006,-2.007,-3.01,0.002,1.269,3.96,-2.598,-3.0,-0.953,10.182,-2.011,-0.448,5.813,-1.004,-3.001,3.124,-0.041,0.297,2.998,0.525,-2.0,-1.513,-0.996,-3.0,3.37,-0.79,0.434,-1.965,0.329,1.143,-0.042,-0.976,2.02,-2.421,-0.927,0.284,-0.204,0.002,-1.003,-1.0,2.135,9.851,1.031,-1.992,1.024,2.042,6.364,-2.0,1.281,-1.041,-3.0,3.191,3.024,-2.975,-2.791,-1.976,-6.0,1.525,1.393,-2.011,0.164,-1.668,4.417,0.074,3.765,0.0,0.0,0.0,0.0,0.0,0.0,0.0,0.0,0.0,0.0
GoldS210,XAUUSDc,2,6.5543,19.663,2,0.8679,65.85,501,45.3094,1,5,270,0.015,1.1,1.0,0.0,0.5,15,1,6.715,4,1,0,0,0.0,0.0,0.0,0.0,0.0,0.0,1.12,-0.996,3.813,-0.005,0.32,-0.997,1.762,1.016,-4.0,1.022,-4.001,-3.0,2.166,-1.18,-3.0,-1.714,-0.807,2.048,-0.983,-1.018,0.955,5.605,4.179,-2.006,-1.972,-2.024,-4.0,0.466,-2.004,1.389,4.076,0.028,1.002,-1.033,1.747,-3.0,-1.047,0.121,-2.0,0.013,0.213,-5.0,1.642,-0.278,-4.043,14.023,1.969,-4.002,0.15,-0.021,-4.005,-2.007,-3.01,0.002,1.317,3.892,-0.963,-3.0,1.029,13.893,-1.916,3.168,5.002,1.009,-0.995,3.009,-0.039,-2.0,2.998,0.186,0.186,-1.766,-3.0,-3.0,2.012,-0.922,3.912,-1.965,-1.991,1.729,2.031,-0.98,4.133,-5.0,1.088,1.28,-0.98,1.002,0.19,-1.0,1.99,7.594,1.031,-1.992,1.024,2.042,2.131,-2.0,1.006,-1.042,-3.0,0.484,3.024,4.918,-5.0,-1.976,-2.853,1.008,5.303,-2.011,0.079,-1.497,-0.988,0.074,-0.929,0.0,0.0,0.0,0.0,0.0,0.0,0.0,0.0,0.0,0.0
