leg,sym,pass,score,nbpR,segpos,rf,oneop,ops,win,sizing,smaP,slowP,mult,step,tpR,trailR,half,mgmtTF,stack,extop1R,nmonster,addtrig,lineplace,nback,buffer,w0,w1,w2,w3,w4,w5,w6,w7,w8,w9,w10,w11,w12,w13,w14,w15,w16,w17,w18,w19,w20,w21,w22,w23,w24,w25,w26,w27,w28,w29,w30,w31,w32,w33,w34,w35,w36,w37,w38,w39,w40,w41,w42,w43,w44,w45,w46,w47,w48,w49,w50,w51,w52,w53,w54,w55,w56,w57,w58,w59,w60,w61,w62,w63,w64,w65,w66,w67,w68,w69,w70,w71,w72,w73,w74,w75,w76,w77,w78,w79,w80,w81,w82,w83,w84,w85,w86,w87,w88,w89,w90,w91,w92,w93,w94,w95,w96,w97,w98,w99,w100,w101,w102,w103,w104,w105,w106,w107,w108,w109,w110,w111,w112,w113,w114,w115,w116,w117,w118,w119,w120,w121,w122,w123,w124,w125,w126,w127,w128,w129
GoldS210,XAUUSDc,89,-30.7067,-92.12,2,-0.7521,0.0,495,15.9596,1,7,0,0.01,1.7,2.0,0.0,0.5,15,1,-107.969,22,0,2,0,0.0,0.0,0.0,0.0,0.0,0.0,1.972,-3.008,-4.0,-1.01,-3.0,-6.0,-2.0,-0.01,-3.0,-0.005,-4.003,-3.0,-5.0,-4.0,-3.0,1.712,0.997,-3.025,-6.0,5.174,-2.015,-2.067,-4.0,9.814,-4.999,-4.0,-4.0,-2.014,7.566,2.825,1.028,-7.0,1.733,-3.0,0.97,-3.0,-2.999,-4.998,-2.0,-2.999,-4.0,-3.0,3.515,2.119,-2.014,4.916,-1.004,-6.0,-1.014,-1.0,1.321,-4.0,0.112,-3.999,0.947,6.562,-3.001,-3.0,-0.061,-4.0,-3.023,-4.0,9.677,0.991,8.18,3.14,1.717,-2.999,13.008,-3.0,-4.0,-4.0,-0.002,-2.005,-3.999,-4.0,-0.001,-4.0,-0.009,1.243,1.197,-1.0,-6.0,-4.999,1.524,-4.0,-1.142,-2.021,1.4,-5.0,-0.507,-3.0,-5.0,-4.0,1.316,0.0,-0.11,-2.0,-3.0,-2.076,0.953,4.649,-4.0,-2.0,14.797,-6.0,-5.0,5.313,-3.042,9.325,5.993,-6.0,10.679,-4.0,3.675,0.0,0.0,0.0,0.0,0.0,0.0,0.0,0.0,0.0,0.0
GoldS210,XAUUSDc,40,10.067,20.134,3,0.3702,156.36,512,22.0703,1,5,0,0.01,1.7,1.5,0.0,0.0,15,1,-11.348,20,0,2,0,0.0,0.0,0.0,0.0,0.0,0.0,1.479,1.766,-4.0,-3.999,-3.0,-6.0,13.632,-1.507,-2.0,-0.002,-4.502,-2.999,-5.0,-4.0,-5.0,-2.157,-0.795,-3.519,-1.925,1.76,-0.879,-0.266,-4.0,0.96,-5.0,-4.0,-4.0,-0.51,12.335,0.514,11.388,-6.0,1.089,1.512,11.554,0.23,-0.515,-6.0,-2.0,-2.999,-4.0,-3.0,0.536,4.176,-2.51,17.664,-1.503,-6.0,-1.511,-1.0,-2.879,0.594,-4.67,-0.633,1.655,4.828,-2.007,-3.0,2.588,-4.0,-3.048,2.541,1.416,0.493,2.143,3.358,11.939,0.264,7.962,5.632,-4.0,-3.999,-0.501,-2.503,-1.509,-5.0,1.874,26.678,2.385,3.597,0.093,-1.0,-6.0,2.294,29.976,-4.0,-1.123,3.74,-0.632,-2.502,-0.068,-2.0,-0.036,-4.0,2.577,0.0,1.399,-2.0,-1.999,-2.559,0.465,-3.536,-1.526,-0.539,2.848,-6.0,-5.0,8.367,1.674,1.104,6.463,-6.0,-2.533,-4.0,-0.508,0.0,0.0,0.0,0.0,0.0,0.0,0.0,0.0,0.0,0.0
GoldS210,XAUUSDc,110,25.1613,75.484,2,0.9636,98.59,485,12.3711,1,9,0,0.01,1.5,2.5,0.0,0.0,15,1,1.062,23,0,2,0,0.0,0.0,0.0,0.0,0.0,0.0,-1.0,27.024,-4.0,-4.0,-3.0,-6.0,-1.501,-0.512,-3.0,0.494,-3.503,-3.0,-5.0,-4.0,-4.0,8.844,1.644,-5.0,-5.0,-0.317,-1.519,-5.0,-4.0,12.478,0.533,-4.0,-4.0,-1.517,5.521,-0.513,-5.0,-7.0,-1.515,-3.0,-1.523,22.362,-3.0,-3.999,-2.0,-2.999,-4.0,-3.0,-2.287,-8.0,-4.999,72.921,-4.0,-6.0,-4.0,-1.0,3.853,-3.999,0.498,3.682,3.28,21.328,-3.501,-3.0,9.737,-5.0,3.973,-4.0,9.18,1.546,19.897,1.526,-2.999,-3.999,49.055,-3.999,-3.0,-4.0,0.498,-1.506,-5.0,-4.0,4.095,9.962,-2.999,0.412,2.302,-1.0,1.398,-6.0,-1.51,-4.0,0.163,-2.526,-1.508,-5.0,0.471,-2.0,-4.999,0.896,-0.649,0.0,0.852,-2.0,-2.0,-1.593,1.441,7.282,-4.0,-2.0,-3.999,-6.0,-4.0,-0.536,-5.0,-3.0,-3.0,22.39,3.121,-4.0,2.851,0.0,0.0,0.0,0.0,0.0,0.0,0.0,0.0,0.0,0.0
GoldS210,XAUUSDc,67,-6.3428,-38.057,1,-0.7956,0.0,452,31.1947,1,11,0,0.01,1.7,1.5,0.0,1.0,15,1,-47.975,5,0,2,0,0.0,0.0,0.0,0.0,0.0,0.0,1.479,-2.508,-4.0,-0.508,-1.502,-5.0,2.429,-0.507,-3.0,-0.504,-4.502,4.965,-2.0,-0.555,-3.0,-3.503,-1.251,3.54,8.918,-1.554,2.421,-1.478,2.258,-0.04,-1.511,-1.515,-4.0,-1.51,-1.511,-0.066,0.796,-5.0,-0.017,-0.58,2.469,-3.0,3.714,0.489,-1.0,-3.0,-3.0,-4.0,0.889,-3.15,-2.51,3.981,0.946,-1.609,-1.511,-1.0,-3.014,-1.51,1.933,1.291,1.439,2.355,-1.007,-3.0,3.442,-3.999,1.716,-0.038,-2.531,0.493,3.169,1.986,4.166,-0.525,3.467,0.32,-2.0,-2.0,-1.501,-2.503,-1.509,-1.529,1.994,-0.598,0.944,-1.025,-0.523,-1.0,-3.517,1.208,2.419,-4.0,-1.516,2.687,-1.552,-2.502,1.123,-2.0,3.087,-4.0,3.448,0.0,1.399,-2.0,0.794,1.816,0.465,-0.536,-1.526,-0.539,10.604,-3.519,-3.0,0.966,-0.041,-1.56,3.076,-2.546,4.418,-4.0,-0.508,0.0,0.0,0.0,0.0,0.0,0.0,0.0,0.0,0.0,0.0
GoldS210,XAUUSDc,186,-6.464,-12.928,3,-0.2462,0.0,520,39.8077,1,9,0,0.01,1.7,1.0,0.0,0.0,15,1,-22.019,4,0,2,0,0.2,0.0,0.0,0.0,0.0,0.0,0.986,-2.006,0.069,-2.009,-3.0,1.048,8.095,-0.023,-3.0,1.007,-4.0,-3.0,-2.147,-4.0,-3.007,-4.002,-3.005,4.646,-3.02,0.955,-0.025,0.029,0.315,-2.012,-3.007,-4.0,-4.0,-1.01,-4.008,-0.542,9.037,1.334,0.968,-3.0,-1.015,-2.009,-1.01,-2.002,-2.0,0.996,-0.809,-3.0,0.153,5.343,-3.007,4.673,-0.009,-2.016,-2.007,-1.0,-3.967,-2.007,-1.298,-2.005,0.616,8.87,2.449,-3.0,0.274,1.513,0.681,1.218,2.978,-1.004,2.204,3.847,4.904,0.147,7.805,-0.018,-2.006,-4.0,-1.001,-3.002,0.973,-4.0,6.191,0.193,0.864,3.391,-1.015,-1.0,0.918,-3.014,7.087,-4.0,-1.766,3.455,-3.003,-2.017,3.922,1.131,3.334,-2.004,1.294,0.0,-0.068,-2.0,1.911,-3.042,-0.023,3.498,-0.019,0.973,1.927,-2.353,-4.0,0.038,-0.042,0.51,3.282,-0.841,1.305,-0.008,-1.055,0.0,0.0,0.0,0.0,0.0,0.0,0.0,0.0,0.0,0.0
GoldS210,XAUUSDc,197,-7.7847,-23.354,2,-0.5076,0.0,515,41.165,1,7,0,0.01,1.7,1.0,0.0,0.5,15,1,-31.02,1,0,2,0,0.2,0.0,0.0,0.0,0.0,0.0,0.986,-2.007,0.069,-0.014,-3.0,-4.0,4.314,3.047,-1.047,-0.009,-4.001,-3.0,-5.0,-4.0,-3.0,4.664,-0.6,4.646,-3.02,1.848,-0.025,2.054,2.314,-2.012,-5.0,-4.0,-4.0,-1.01,-2.008,-0.431,6.196,1.108,0.968,-3.0,4.324,-3.0,-1.01,-1.007,-2.0,0.996,-0.828,-3.0,-3.062,1.007,-3.007,5.095,-0.009,-2.016,-2.007,-1.0,-4.009,-2.007,-0.52,-3.999,-0.009,4.036,-1.004,-3.0,3.744,4.051,-0.026,0.962,2.978,-1.004,2.253,2.984,4.916,1.682,7.556,-0.018,-2.006,-4.0,-1.001,-3.002,1.973,-1.97,6.191,-2.0,-0.046,-0.023,-1.015,-1.0,1.751,-1.034,0.945,-4.0,-2.613,-1.012,-2.048,-2.017,3.922,-3.0,4.677,-2.004,1.294,0.0,-0.068,-2.0,-1.037,-3.042,-0.023,3.392,-0.019,0.973,1.927,-0.375,-5.0,-0.022,1.932,0.51,-0.032,-1.022,4.079,-0.008,2.447,0.0,0.0,0.0,0.0,0.0,0.0,0.0,0.0,0.0,0.0
GoldS210,XAUUSDc,43,-19.5895,-39.179,3,-0.5191,0.0,497,25.7545,1,11,0,0.01,1.7,1.5,0.0,0.0,15,1,-69.445,10,0,2,0,0.0,0.0,0.0,0.0,0.0,0.0,1.479,5.576,-4.0,-4.0,-3.0,-6.0,3.321,-1.507,-3.0,-0.504,-4.502,-3.0,-0.749,-4.0,-4.0,-4.503,-1.251,2.54,2.399,-1.455,-1.023,-0.478,1.258,0.96,-2.51,-4.0,-4.0,-0.51,2.961,-1.508,-0.151,-5.0,-0.017,1.556,-0.022,-1.513,2.318,-0.068,-2.0,-2.999,-4.0,-3.0,-3.397,-0.99,-2.51,9.123,-1.503,-1.609,-1.511,-1.0,-2.879,-1.51,-2.353,-0.454,1.658,6.277,-2.007,-3.0,1.603,-4.0,4.355,-0.038,-5.0,0.493,4.363,1.986,7.776,0.264,3.467,0.32,-4.0,-4.0,-0.501,-2.503,-2.509,-4.0,2.731,7.235,2.385,-1.025,-0.523,-1.0,-3.517,3.447,28.76,-4.0,-1.123,-1.069,-2.505,-2.502,1.123,-3.0,1.221,-4.0,3.972,0.0,1.399,-2.0,-2.0,-2.559,0.465,-0.083,-1.526,-0.539,8.125,-0.457,-4.0,1.061,-0.041,1.964,6.026,-6.0,2.375,-4.0,-0.508,0.0,0.0,0.0,0.0,0.0,0.0,0.0,0.0,0.0,0.0
GoldS210,XAUUSDc,451,-4.816,-14.448,2,-0.2767,0.0,476,19.958,1,11,0,0.01,1.7,2.0,0.0,0.5,15,1,-27.726,23,0,2,0,0.4,0.0,0.0,0.0,0.0,0.0,1.972,6.286,-4.0,-1.01,-3.0,-5.0,6.296,-0.009,-4.0,-0.005,-4.003,-3.0,0.545,-4.0,-3.0,9.278,0.365,-2.025,-5.0,3.063,-2.015,-1.577,5.172,1.972,-0.332,-4.0,-4.0,-0.014,3.663,8.243,-6.0,-6.0,-1.012,3.13,0.97,-3.0,0.571,1.386,-2.0,-3.0,-4.0,-3.0,-1.066,-3.161,-2.014,15.614,-1.004,-6.0,-1.014,-1.0,0.414,-4.0,0.112,0.941,0.947,1.455,-2.001,-4.0,-0.061,-4.0,-3.023,-4.0,18.119,0.991,5.615,0.985,-0.014,-2.0,7.68,-2.999,-4.0,-3.999,-0.002,-2.005,-4.0,6.977,-0.001,8.282,-0.009,8.612,-0.031,-1.0,-3.022,-5.999,7.657,-4.0,-0.48,-3.021,1.358,-5.0,-0.445,-2.0,-3.999,-0.162,3.688,0.0,-0.11,-2.0,-2.0,-2.076,0.953,0.888,-4.0,-2.0,11.128,-5.999,-5.0,1.955,0.078,6.424,8.252,-6.0,9.243,-3.0,-1.009,0.0,0.0,0.0,0.0,0.0,0.0,0.0,0.0,0.0,0.0
GoldS210,XAUUSDc,41,-9.17,-18.34,3,-0.2451,0.0,507,22.8797,1,7,0,0.01,1.7,1.5,0.0,0.0,15,1,-45.443,14,0,2,0,0.0,0.0,0.0,0.0,0.0,0.0,1.479,0.688,-3.999,-4.0,-3.0,-6.0,3.127,-1.507,-2.0,-0.504,-4.502,-3.0,-5.0,-4.0,-4.0,-3.069,-0.795,-3.519,-1.925,-1.708,-1.023,-1.942,-4.0,0.96,-4.999,-4.0,-4.0,-0.51,4.1,-0.264,15.501,-6.0,2.523,-3.0,11.815,0.07,-0.515,-5.999,-2.0,-2.999,-4.0,-3.0,-3.397,-1.752,-2.51,13.928,-1.503,-6.0,-1.511,-1.0,-2.879,0.594,-2.194,-0.424,1.247,5.346,-2.007,-3.0,12.571,-4.0,0.122,2.531,-5.0,0.493,6.19,4.693,9.784,0.263,3.467,11.985,-3.0,-4.0,-0.501,-2.503,-2.508,-4.0,-0.501,12.063,2.385,4.336,0.093,-1.0,-6.0,0.871,25.597,-4.0,-1.877,-2.514,-2.505,-2.502,1.078,-3.0,-0.148,-4.0,1.427,0.0,1.399,-2.0,-2.0,-2.559,0.465,2.023,-1.526,-0.539,7.44,-0.457,-4.0,1.061,2.092,1.964,6.493,-6.0,3.5,-4.0,-0.508,0.0,0.0,0.0,0.0,0.0,0.0,0.0,0.0,0.0,0.0
GoldS210,XAUUSDc,21,-12.784,-38.352,2,-0.6613,0.0,515,40.5825,1,7,0,0.01,1.9,1.0,0.0,0.5,15,1,-44.023,2,0,2,0,0.0,0.0,0.0,0.0,0.0,0.0,0.986,-2.007,0.069,-0.014,-3.0,-4.0,-1.009,3.047,-1.047,-0.009,-4.001,-3.0,-5.0,-4.0,-3.0,-4.002,-0.6,4.646,-3.02,1.848,-0.025,2.653,2.314,-2.012,-4.999,-4.0,-4.0,-1.01,-2.008,-0.431,7.597,1.108,0.968,-3.0,4.324,-3.0,-1.01,-1.005,-2.0,0.996,-0.828,-3.0,-3.062,1.007,-3.007,5.095,-0.009,-2.016,-2.007,-1.0,-4.009,-2.007,-0.52,-3.999,-0.009,4.036,-1.004,-3.0,3.744,4.051,-0.026,0.962,2.978,-1.004,2.253,2.984,4.916,1.682,7.977,-0.018,-2.006,-4.0,-1.001,-3.002,1.973,-1.888,6.625,-2.0,-0.046,-0.023,-1.015,-1.0,1.751,-1.034,-3.004,-4.0,-2.613,-1.012,-2.048,-2.017,3.922,-3.0,4.677,-2.004,1.294,0.0,-0.068,-2.0,-1.037,-3.042,-0.023,3.392,-0.019,0.973,1.927,-0.375,-5.0,-0.022,1.932,0.51,-0.032,-1.022,4.079,-0.008,2.447,0.0,0.0,0.0,0.0,0.0,0.0,0.0,0.0,0.0,0.0
GoldS210,XAUUSDc,23,-5.831,-17.493,2,-0.4028,0.0,513,42.4951,1,11,0,0.01,1.9,1.0,0.0,0.5,15,1,-29.71,3,0,2,0,0.0,0.0,0.0,0.0,0.0,0.0,0.986,-2.007,-1.022,-0.014,-3.0,-4.0,-1.009,0.977,-4.0,-0.009,-4.001,-3.0,-2.147,-4.0,-3.0,9.215,-0.6,4.646,-1.02,1.848,-0.025,-0.013,2.314,-2.012,-3.006,-4.0,-4.0,-1.01,-2.008,-1.43,2.89,10.389,0.968,-0.019,-1.016,-3.0,1.076,-2.002,-2.0,0.996,-0.809,-3.0,-3.062,1.396,-3.007,3.607,-0.009,-2.016,-2.007,-1.0,-4.009,-2.007,-0.52,-1.933,-0.009,4.036,-1.004,-3.0,1.955,2.643,-0.026,0.962,3.549,1.465,2.142,2.984,5.472,1.682,6.147,-0.018,-2.006,-4.0,-1.001,-3.002,1.973,0.076,8.196,-2.0,-0.046,-0.023,-1.015,-1.0,0.918,-1.034,-3.004,-4.0,-1.766,-0.055,-2.048,-2.017,3.922,1.131,7.754,-2.004,0.971,0.0,-0.068,-2.0,2.131,-3.042,-0.023,1.914,-0.019,0.973,1.927,-0.375,-5.0,-0.022,1.932,0.51,-0.032,-1.959,3.264,-0.008,-1.055,0.0,0.0,0.0,0.0,0.0,0.0,0.0,0.0,0.0,0.0
GoldS210,XAUUSDc,608,-1.763,-5.289,2,-0.1335,0.0,453,32.8918,1,5,0,0.01,1.9,1.5,0.0,1.0,15,1,-11.465,2,0,2,0,0.6,0.0,0.0,0.0,0.0,0.0,1.479,1.585,-4.0,-0.508,-1.502,-0.711,2.429,-0.507,-3.0,-0.002,-4.502,1.725,-2.0,-0.555,-3.0,-1.424,-0.948,0.91,2.134,-2.554,2.564,-3.0,1.2,-1.13,-0.018,-1.515,-4.0,-0.51,-2.511,0.697,0.482,-5.0,6.538,-0.58,2.469,-3.0,3.075,0.489,-1.0,1.45,-3.0,-4.0,5.053,-2.92,-2.51,2.655,0.946,-6.0,-1.511,-1.0,-3.014,-0.134,1.933,0.807,1.439,3.816,-2.501,-3.0,3.442,-4.0,1.107,1.849,1.789,0.493,1.559,3.679,3.31,-0.525,4.413,6.335,0.0,-3.0,-1.501,-2.503,3.164,-0.959,1.994,2.398,0.944,0.025,0.093,-1.0,-3.517,5.623,2.419,-4.0,-1.516,0.931,-1.552,-2.502,-0.068,-2.0,5.648,-4.0,4.386,0.0,1.399,-2.0,0.795,0.976,0.465,-1.536,-1.526,-0.539,6.921,-3.518,-3.0,2.446,-0.041,-1.56,2.092,-1.287,4.748,-3.0,1.11,0.0,0.0,0.0,0.0,0.0,0.0,0.0,0.0,0.0,0.0
GoldS210,XAUUSDc,168,-10.0925,-60.555,1,-0.7288,0.0,438,9.8174,1,5,0,0.01,1.5,3.0,0.0,1.0,15,1,-104.901,17,0,2,0,0.0,0.0,0.0,0.0,0.0,0.0,-1.0,-1.016,-4.0,-3.0,-4.0,-4.0,-0.001,0.987,-3.0,-3.0,-3.004,-2.0,-2.0,7.586,-3.0,-5.0,4.584,-5.0,-2.0,4.732,-4.0,-4.0,-4.0,42.346,-3.0,-4.0,-4.0,-3.999,-4.0,-1.016,-7.0,-5.0,8.525,0.91,-1.028,-3.0,-3.0,1.979,-1.0,-3.0,-3.0,-4.0,-4.0,14.954,-5.0,-7.0,-4.0,-6.0,-4.0,-1.0,-4.011,-4.0,1.953,-3.0,27.266,-0.037,-0.646,-3.0,-2.0,-4.999,-4.0,-4.0,-5.999,19.488,-6.0,6.71,15.755,-3.0,-3.0,-3.0,-3.0,-2.0,-0.003,-1.007,-4.0,-4.0,-3.0,-4.0,-3.0,7.055,3.407,-1.0,-1.033,-5.0,8.812,-4.0,-0.033,-4.0,12.109,-4.999,-5.0,-2.0,-2.998,-1.04,-4.0,0.0,4.002,-2.0,2.897,-4.0,22.034,-0.073,-4.0,-2.0,-5.0,-6.0,-0.027,-3.998,-5.0,-4.0,-4.0,-4.999,-0.005,-4.0,18.325,0.0,0.0,0.0,0.0,0.0,0.0,0.0,0.0,0.0,0.0
GoldS210,XAUUSDc,87,-7.5792,-45.475,1,-0.5338,0.0,484,17.7686,1,11,0,0.01,1.5,2.0,0.0,0.5,15,1,-89.216,15,0,2,0,0.0,0.0,0.0,0.0,0.0,0.0,1.972,-3.008,-4.0,-1.01,-3.0,-6.0,-2.0,-0.01,-4.0,-0.005,-4.003,-3.0,0.545,-4.0,-3.0,39.741,0.365,-2.025,-5.0,5.174,-3.015,-0.576,5.172,2.504,-0.331,-4.0,-4.0,-2.014,3.663,-2.011,-6.0,-6.0,-2.012,3.13,0.97,-3.0,0.571,1.386,-2.0,-2.999,-4.0,-3.0,-3.064,-3.161,-2.014,24.156,-1.004,-6.0,-1.014,-1.0,0.414,-4.0,0.112,0.941,0.947,1.455,-2.001,-4.0,-0.061,-4.0,-3.023,-4.0,-1.379,0.991,7.815,0.985,-0.014,-2.999,11.518,-2.999,-4.0,-4.0,-0.002,-2.005,-4.0,-4.0,-0.001,-4.0,-0.009,9.367,-0.031,-1.0,-3.022,-5.999,-2.008,-4.0,-0.48,-3.021,-4.0,-5.0,-0.445,-2.0,-3.999,-0.162,3.688,0.0,-0.11,-2.0,-2.0,-2.076,0.953,0.888,-4.0,-2.0,23.307,-6.0,-5.0,1.955,1.006,6.424,8.299,-6.0,9.243,-4.0,-0.01,0.0,0.0,0.0,0.0,0.0,0.0,0.0,0.0,0.0,0.0
GoldS210,XAUUSDc,32,-1.1807,-3.542,2,-0.1472,0.0,477,50.1048,1,5,0,0.01,1.9,1.0,0.0,1.0,15,1,-4.542,0,0,2,0,0.0,0.0,0.0,0.0,0.0,0.0,0.986,-1.008,-1.022,0.986,-0.015,-2.003,0.941,0.977,-1.047,-0.009,-4.001,-0.165,0.934,0.755,-3.0,-2.068,-1.071,1.979,-0.125,0.93,0.932,1.982,1.99,-2.012,-2.007,-0.059,-4.0,-0.049,-2.008,-0.061,2.89,1.99,0.968,-1.077,0.978,-3.0,0.935,-0.007,-1.0,-1.002,-0.001,-4.0,2.891,-1.147,-3.007,2.948,1.942,-2.016,-2.007,-1.0,-4.009,-2.007,2.922,-1.054,0.96,3.819,0.967,-3.0,1.955,-0.088,-1.026,0.962,4.953,0.99,-0.023,2.984,1.936,-0.016,3.977,-0.018,-1.103,-1.0,-1.001,-3.002,1.973,-1.059,1.985,-2.0,-0.046,-0.023,-1.015,-1.0,0.918,-1.034,0.946,-4.0,-2.011,1.926,-2.048,-2.017,3.922,-0.006,4.907,-2.004,1.965,0.0,-0.068,-2.0,0.941,-1.09,-0.023,-0.029,-0.019,0.973,3.924,-2.034,-2.007,-0.022,2.932,-2.055,-0.032,-0.097,1.965,-0.008,1.91,0.0,0.0,0.0,0.0,0.0,0.0,0.0,0.0,0.0,0.0
GoldS210,XAUUSDc,737,-4.6937,-14.081,2,-0.3477,0.0,502,46.0159,1,7,0,0.01,1.7,1.0,0.0,0.5,15,1,-15.812,0,0,2,0,0.8,0.0,0.0,0.0,0.0,0.0,0.986,-0.472,-0.646,0.986,-1.566,-1.671,1.434,1.538,-1.047,-0.009,-4.001,0.167,-0.303,-4.0,-3.0,-1.39,-0.641,2.271,-1.174,1.148,-0.025,0.129,2.314,-2.012,-5.0,-1.592,-4.0,0.428,-2.008,1.682,3.297,3.422,0.968,-3.0,1.586,-3.0,-1.01,-1.007,-2.0,0.996,0.172,-4.0,3.096,0.29,-3.007,4.139,-0.009,-2.016,-2.007,-1.0,-4.009,-2.007,-1.635,-3.0,-1.009,4.036,1.333,-3.0,2.235,0.891,-0.026,0.962,5.31,-1.004,0.528,2.984,2.929,0.399,4.593,-0.018,-0.532,-4.0,-1.001,-3.002,1.973,-0.441,2.804,-2.0,-0.046,-0.023,-1.015,-1.0,1.271,-1.034,1.733,-4.0,-1.644,4.108,-2.048,-2.017,3.922,0.418,3.613,-2.004,2.302,0.0,-0.068,-2.0,1.359,-3.042,-0.023,2.348,-0.019,0.973,4.328,-1.59,-4.0,-0.022,1.932,-0.354,-0.032,-0.114,2.646,-0.008,2.34,0.0,0.0,0.0,0.0,0.0,0.0,0.0,0.0,0.0,0.0
GoldS210,XAUUSDc,192,-3.514,-10.542,2,-0.2712,0.0,517,40.0387,1,5,0,0.01,1.5,1.0,0.0,0.5,15,1,-19.864,1,0,2,0,0.2,0.0,0.0,0.0,0.0,0.0,0.986,-2.007,0.168,-0.014,-3.0,0.725,4.099,3.047,-1.047,-0.009,-4.001,-3.0,-5.0,-4.0,-3.0,6.32,-0.6,2.484,-3.02,0.462,0.658,2.77,2.314,-2.012,-5.0,-4.0,-4.0,-1.01,-3.008,-0.431,6.217,1.108,2.174,-0.048,4.205,-3.0,-1.01,-1.007,-2.0,0.996,-0.858,-3.0,-3.062,2.267,-3.007,5.849,-0.009,-2.016,-2.007,-1.0,-4.009,-2.007,-0.52,-4.0,-0.009,7.301,-1.004,-3.0,3.74,4.134,-0.026,0.962,3.549,-1.004,-2.012,2.984,5.898,1.682,4.27,2.108,-2.006,-4.0,-1.001,-3.002,1.973,0.42,7.337,-2.0,-0.046,-0.023,-1.015,-1.0,1.751,2.816,-3.003,-4.0,-1.766,3.211,-3.003,-2.017,3.922,-3.0,6.967,-2.004,-1.029,0.0,-0.068,-2.0,-1.037,-3.042,-0.023,-0.055,-0.019,0.973,1.927,-2.727,-5.0,-0.022,5.143,-0.101,1.006,0.261,-0.033,1.643,2.447,0.0,0.0,0.0,0.0,0.0,0.0,0.0,0.0,0.0,0.0
GoldS210,XAUUSDc,163,-17.2158,-103.295,1,-0.9182,0.0,469,9.8081,1,11,0,0.01,1.7,3.0,0.0,0.5,15,1,-129.273,22,0,2,0,0.0,0.0,0.0,0.0,0.0,0.0,-1.0,-2.013,-4.0,-4.0,-3.0,-6.0,-1.0,0.986,-4.0,-3.0,-3.004,-3.0,-5.0,-4.0,-3.0,-4.0,3.599,-5.0,-5.0,11.479,-5.999,-3.999,11.001,22.978,-3.999,-4.0,-4.0,-5.0,12.657,-1.016,-6.0,-6.0,5.558,6.278,-1.029,-3.0,1.983,4.295,-2.0,-2.999,-4.0,-3.0,-5.998,-3.153,-5.0,10.722,-5.0,-6.0,-4.0,-1.0,7.268,-4.0,3.724,6.291,1.938,0.829,-1.001,-4.0,-1.999,-5.0,-5.0,-4.0,-6.0,2.078,-5.0,5.92,-2.999,-2.999,18.234,-2.999,-4.0,-4.0,0.997,-1.007,-4.0,-4.0,-3.0,-4.0,-2.999,8.513,0.954,-1.0,-1.033,-5.999,-1.012,-4.0,0.805,-6.0,-4.0,-5.0,14.056,-2.0,-3.999,1.954,4.342,0.0,4.844,-2.0,-2.0,-4.0,8.04,7.316,-4.0,-2.0,-1.015,-6.0,-5.0,-4.0,-6.0,-3.0,-3.0,-6.0,4.136,-5.0,8.2,0.0,0.0,0.0,0.0,0.0,0.0,0.0,0.0,0.0,0.0
GoldS210,XAUUSDc,17,-12.784,-38.352,2,-0.6613,0.0,515,40.5825,1,7,0,0.01,1.7,1.0,0.0,0.5,15,1,-44.023,2,0,2,0,0.0,0.0,0.0,0.0,0.0,0.0,0.986,-2.007,0.069,-0.014,-3.0,-4.0,-1.009,3.047,-1.047,-0.009,-4.001,-3.0,-5.0,-4.0,-3.0,-4.002,-0.6,4.646,-3.02,1.848,-0.025,2.653,2.314,-2.012,-4.999,-4.0,-4.0,-1.01,-2.008,-0.431,7.597,1.108,0.968,-3.0,4.324,-3.0,-1.01,-1.005,-2.0,0.996,-0.828,-3.0,-3.062,1.007,-3.007,5.095,-0.009,-2.016,-2.007,-1.0,-4.009,-2.007,-0.52,-3.999,-0.009,4.036,-1.004,-3.0,3.744,4.051,-0.026,0.962,2.978,-1.004,2.253,2.984,4.916,1.682,7.977,-0.018,-2.006,-4.0,-1.001,-3.002,1.973,-1.888,6.625,-2.0,-0.046,-0.023,-1.015,-1.0,1.751,-1.034,-3.004,-4.0,-2.613,-1.012,-2.048,-2.017,3.922,-3.0,4.677,-2.004,1.294,0.0,-0.068,-2.0,-1.037,-3.042,-0.023,3.392,-0.019,0.973,1.927,-0.375,-5.0,-0.022,1.932,0.51,-0.032,-1.022,4.079,-0.008,2.447,0.0,0.0,0.0,0.0,0.0,0.0,0.0,0.0,0.0,0.0
GoldS210,XAUUSDc,129,-32.529,-97.587,2,-0.8242,0.0,488,10.8607,1,7,0,0.01,1.9,2.5,0.0,0.5,15,1,-123.221,20,0,2,0,0.0,0.0,0.0,0.0,0.0,0.0,-1.0,-2.51,-4.0,-4.0,-3.0,-6.0,-1.5,0.488,-3.0,0.494,-3.503,-3.0,-5.0,-4.0,-3.0,9.844,2.791,-6.0,-6.0,8.326,-1.519,-1.193,-4.0,19.612,-4.999,-4.0,-4.0,-1.517,14.42,-2.513,3.698,-7.0,3.434,-3.0,-1.524,-3.0,-2.999,-4.998,-2.0,-2.999,-4.0,-3.0,-5.999,6.209,-5.0,-3.501,-4.0,-6.0,-4.0,-1.0,-4.51,-4.0,2.418,-3.999,1.442,10.656,-2.501,-3.0,-1.999,-5.0,-1.529,-4.0,20.634,1.546,20.178,4.926,-3.0,-2.999,19.025,-3.0,-4.0,-4.0,0.498,-1.506,-3.999,-4.0,-2.999,-4.0,-3.0,3.97,2.302,-1.0,-6.0,-4.999,3.008,-4.0,-0.406,-1.526,4.546,-5.0,-5.0,-3.0,-5.0,-4.0,-5.0,0.0,0.852,-2.0,-3.0,-1.593,2.683,-2.56,-4.0,-2.0,-4.0,-6.0,-5.0,14.485,-6.0,-3.0,-3.0,3.075,3.807,-4.0,14.445,0.0,0.0,0.0,0.0,0.0,0.0,0.0,0.0,0.0,0.0
GoldS210,XAUUSDc,160,-0.0,-176.338,0,-0.8878,0.0,491,7.1283,1,5,0,0.01,1.7,3.0,0.0,0.5,15,1,-220.684,16,0,2,0,0.0,0.0,0.0,0.0,0.0,0.0,-1.0,-2.013,-4.0,-4.0,-3.0,-5.999,-1.001,0.986,-3.0,-3.0,-3.004,-3.0,-5.0,-4.0,-3.0,-5.0,4.584,-6.0,-6.0,-5.0,-5.999,-3.998,-4.999,42.346,-5.0,-4.0,-4.0,-4.999,-5.0,-2.016,-7.0,-6.0,8.525,6.191,-1.028,-3.0,-3.0,-5.0,-2.0,-2.999,-4.0,-3.0,-5.999,13.954,-5.0,-7.0,-4.0,-6.0,-4.0,-1.0,-4.011,-4.0,3.724,-4.0,1.938,0.829,-0.646,-3.0,-2.0,-5.0,-4.999,-4.0,-5.999,19.488,-6.0,6.71,15.755,-2.999,-3.0,-3.0,-4.0,-4.0,0.997,-1.007,-4.0,-4.0,-3.0,-4.0,-3.0,7.055,3.407,-1.0,-6.0,-5.0,3.935,-4.0,0.805,-6.0,4.886,-4.999,-5.0,-3.0,-5.0,-4.0,-5.0,0.0,4.002,-2.0,-3.0,-4.0,22.034,-2.073,-4.0,-2.0,-5.0,-6.0,-5.0,-3.998,-6.0,-3.0,-4.0,-6.0,-4.0,-4.0,21.296,0.0,0.0,0.0,0.0,0.0,0.0,0.0,0.0,0.0,0.0
GoldS210,XAUUSDc,61,-4.3115,-8.623,3,-0.1494,0.0,457,30.4158,1,7,0,0.01,1.5,1.5,0.0,1.0,15,1,-27.272,7,0,2,0,0.0,0.0,0.0,0.0,0.0,0.0,1.479,-2.508,-4.0,-0.508,-1.502,-1.802,2.429,-0.507,-3.0,-0.504,-4.502,4.965,-1.999,-0.555,-3.0,-2.069,-0.795,-2.519,-2.0,-2.554,2.421,-4.0,-4.0,0.96,-1.511,-1.515,-4.0,-1.51,-1.511,0.576,2.042,-5.0,2.523,-0.58,2.469,-3.0,3.714,0.489,-1.0,-3.0,-3.0,-4.0,0.888,-2.446,-2.51,7.795,0.946,-6.0,-1.511,-1.0,-3.014,0.594,1.933,1.291,1.439,5.516,-1.007,-3.0,3.442,-3.999,-2.517,2.531,-2.531,0.493,4.263,4.358,5.515,-0.525,3.467,12.985,-3.0,-2.0,-1.501,-2.503,-1.508,-1.529,1.994,4.423,0.944,0.09,0.093,-1.0,-3.517,1.706,2.419,-4.0,-1.516,0.931,-1.552,-2.502,1.078,-2.0,18.121,-4.0,4.918,0.0,1.399,-2.0,0.794,2.179,0.465,-1.536,-1.526,-0.539,9.919,-3.519,-1.513,0.966,-0.041,-1.56,3.076,-0.646,4.418,-4.0,0.94,0.0,0.0,0.0,0.0,0.0,0.0,0.0,0.0,0.0,0.0
GoldS210,XAUUSDc,214,-1.1807,-3.542,2,-0.1472,0.0,477,50.1048,1,9,0,0.01,1.9,1.0,0.0,1.0,15,1,-4.542,0,0,2,0,0.2,0.0,0.0,0.0,0.0,0.0,0.986,-1.008,-1.022,0.986,-0.015,-2.003,0.941,0.977,-1.047,-0.009,-4.001,-0.165,0.934,0.755,-3.0,-2.068,-1.071,1.979,-0.125,0.93,0.932,1.982,1.99,-2.012,-2.007,-0.059,-4.0,-0.049,-2.008,-0.061,2.89,1.99,0.968,-1.077,0.978,-3.0,0.935,-0.007,-1.0,-1.002,-0.001,-4.0,2.891,-1.147,-3.007,2.948,1.942,-2.016,-2.007,-1.0,-4.009,-2.007,2.922,-1.054,0.96,3.819,0.967,-3.0,1.955,-0.088,-1.026,0.962,4.953,0.99,-0.023,2.984,1.936,-0.016,3.977,-0.018,-1.103,-1.0,-1.001,-3.002,1.973,-1.059,1.985,-2.0,-0.046,-0.023,-1.015,-1.0,0.918,-1.034,0.946,-4.0,-2.011,1.926,-2.048,-2.017,3.922,-0.006,4.907,-2.004,1.965,0.0,-0.068,-2.0,0.941,-1.09,-0.023,-0.029,-0.019,0.973,3.924,-2.034,-2.007,-0.022,2.932,-2.055,-0.032,-0.097,1.965,-0.008,1.91,0.0,0.0,0.0,0.0,0.0,0.0,0.0,0.0,0.0,0.0
GoldS210,XAUUSDc,96,-14.688,-88.128,1,-0.8561,0.0,450,18.0,1,5,0,0.01,1.5,2.0,0.0,1.0,15,1,-104.032,15,0,2,0,0.0,0.0,0.0,0.0,0.0,0.0,1.972,-2.01,-4.0,-0.01,-1.003,-4.0,0.938,-0.009,-3.0,0.893,-4.003,-2.0,-2.0,0.924,-3.0,2.792,0.997,-2.025,-2.0,0.496,-1.015,-4.0,-4.0,12.904,-3.0,-4.0,-4.0,-1.014,-4.0,-2.011,-7.0,-5.0,-0.943,-0.083,0.97,-3.0,-3.0,0.986,-1.0,-3.0,-3.0,-4.0,1.366,3.119,-2.014,0.481,-1.004,-6.0,-1.014,-1.0,-5.008,-4.0,-0.032,3.135,7.732,6.501,-3.001,-3.0,-0.062,-3.999,-2.023,-4.0,16.943,0.991,-6.0,3.14,4.412,-3.0,-0.023,-3.0,-3.0,-2.0,-1.002,-2.005,-4.0,-4.0,-0.001,-4.0,-0.009,1.243,1.197,-1.0,-3.022,-5.0,11.335,-4.0,-1.022,-1.021,3.26,-4.999,-2.063,-2.0,-2.998,-2.032,2.58,0.0,-0.11,-2.0,1.484,-2.076,0.953,-1.049,-4.0,-2.0,13.797,-6.0,-1.018,13.118,-2.042,-4.0,-1.042,-4.999,7.108,-4.0,1.921,0.0,0.0,0.0,0.0,0.0,0.0,0.0,0.0,0.0,0.0
GoldS210,XAUUSDc,13,-12.784,-38.352,2,-0.6613,0.0,515,40.5825,1,7,0,0.01,1.5,1.0,0.0,0.5,15,1,-44.023,2,0,2,0,0.0,0.0,0.0,0.0,0.0,0.0,0.986,-2.007,0.069,-0.014,-3.0,-4.0,-1.009,3.047,-1.047,-0.009,-4.001,-3.0,-5.0,-4.0,-3.0,-4.002,-0.6,4.646,-3.02,1.848,-0.025,2.653,2.314,-2.012,-4.999,-4.0,-4.0,-1.01,-2.008,-0.431,7.597,1.108,0.968,-3.0,4.324,-3.0,-1.01,-1.005,-2.0,0.996,-0.828,-3.0,-3.062,1.007,-3.007,5.095,-0.009,-2.016,-2.007,-1.0,-4.009,-2.007,-0.52,-3.999,-0.009,4.036,-1.004,-3.0,3.744,4.051,-0.026,0.962,2.978,-1.004,2.253,2.984,4.916,1.682,7.977,-0.018,-2.006,-4.0,-1.001,-3.002,1.973,-1.888,6.625,-2.0,-0.046,-0.023,-1.015,-1.0,1.751,-1.034,-3.004,-4.0,-2.613,-1.012,-2.048,-2.017,3.922,-3.0,4.677,-2.004,1.294,0.0,-0.068,-2.0,-1.037,-3.042,-0.023,3.392,-0.019,0.973,1.927,-0.375,-5.0,-0.022,1.932,0.51,-0.032,-1.022,4.079,-0.008,2.447,0.0,0.0,0.0,0.0,0.0,0.0,0.0,0.0,0.0,0.0
GoldS210,XAUUSDc,361,-4.269,-12.807,2,-0.3171,0.0,520,40.5769,1,7,0,0.01,1.5,1.0,0.0,0.0,15,1,-17.378,0,0,2,0,0.4,0.0,0.0,0.0,0.0,0.0,0.986,-2.007,0.069,-2.009,-3.0,-0.086,5.738,1.554,-0.047,1.766,-4.001,-3.0,-5.0,-4.0,-3.007,-4.002,-3.005,3.523,-3.02,1.286,-0.025,1.214,0.315,-2.012,-5.0,-4.0,-4.0,2.222,-3.008,0.457,6.457,6.922,0.968,-3.0,2.954,-2.009,-1.01,-2.007,-2.0,0.996,-0.828,-3.0,2.692,2.562,-3.007,7.029,-0.009,-2.016,-2.007,-1.0,-3.967,-2.007,-2.036,-1.997,0.449,5.562,2.761,-3.0,6.527,1.472,0.651,1.218,6.689,-1.004,1.75,4.594,4.104,0.147,5.758,-0.018,-2.006,-4.0,-1.001,-3.002,1.973,-5.0,1.551,0.369,0.864,1.491,-1.015,-1.0,1.751,-3.014,1.428,-4.0,-2.613,2.017,-3.003,-2.017,3.922,-3.0,0.799,-2.004,1.294,0.0,-0.068,-2.0,1.911,-3.042,-0.023,3.18,-0.019,0.973,1.927,-2.54,-4.0,0.038,3.313,0.51,1.97,-2.494,1.522,-0.008,4.018,0.0,0.0,0.0,0.0,0.0,0.0,0.0,0.0,0.0,0.0
GoldS210,XAUUSDc,44,10.067,20.134,3,0.3702,156.36,512,22.0703,1,5,0,0.01,1.9,1.5,0.0,0.0,15,1,-11.348,20,0,2,0,0.0,0.0,0.0,0.0,0.0,0.0,1.479,1.766,-4.0,-3.999,-3.0,-6.0,13.632,-1.507,-2.0,-0.002,-4.502,-2.999,-5.0,-4.0,-5.0,-2.157,-0.795,-3.519,-1.925,1.76,-0.879,-0.266,-4.0,0.96,-5.0,-4.0,-4.0,-0.51,12.335,0.514,11.388,-6.0,1.089,1.512,11.554,0.23,-0.515,-6.0,-2.0,-2.999,-4.0,-3.0,0.536,4.176,-2.51,17.664,-1.503,-6.0,-1.511,-1.0,-2.879,0.594,-4.67,-0.633,1.655,4.828,-2.007,-3.0,2.588,-4.0,-3.048,2.541,1.416,0.493,2.143,3.358,11.939,0.264,7.962,5.632,-4.0,-3.999,-0.501,-2.503,-1.509,-5.0,1.874,26.678,2.385,3.597,0.093,-1.0,-6.0,2.294,29.976,-4.0,-1.123,3.74,-0.632,-2.502,-0.068,-2.0,-0.036,-4.0,2.577,0.0,1.399,-2.0,-1.999,-2.559,0.465,-3.536,-1.526,-0.539,2.848,-6.0,-5.0,8.367,1.674,1.104,6.463,-6.0,-2.533,-4.0,-0.508,0.0,0.0,0.0,0.0,0.0,0.0,0.0,0.0,0.0,0.0
GoldS210,XAUUSDc,213,-1.1807,-3.542,2,-0.1472,0.0,477,50.1048,1,7,0,0.01,1.9,1.0,0.0,1.0,15,1,-4.542,0,0,2,0,0.2,0.0,0.0,0.0,0.0,0.0,0.986,-1.008,-1.022,0.986,-0.015,-2.003,0.941,0.977,-1.047,-0.009,-4.001,-0.165,0.934,0.755,-3.0,-2.068,-1.071,1.979,-0.125,0.93,0.932,1.982,1.99,-2.012,-2.007,-0.059,-4.0,-0.049,-2.008,-0.061,2.89,1.99,0.968,-1.077,0.978,-3.0,0.935,-0.007,-1.0,-1.002,-0.001,-4.0,2.891,-1.147,-3.007,2.948,1.942,-2.016,-2.007,-1.0,-4.009,-2.007,2.922,-1.054,0.96,3.819,0.967,-3.0,1.955,-0.088,-1.026,0.962,4.953,0.99,-0.023,2.984,1.936,-0.016,3.977,-0.018,-1.103,-1.0,-1.001,-3.002,1.973,-1.059,1.985,-2.0,-0.046,-0.023,-1.015,-1.0,0.918,-1.034,0.946,-4.0,-2.011,1.926,-2.048,-2.017,3.922,-0.006,4.907,-2.004,1.965,0.0,-0.068,-2.0,0.941,-1.09,-0.023,-0.029,-0.019,0.973,3.924,-2.034,-2.007,-0.022,2.932,-2.055,-0.032,-0.097,1.965,-0.008,1.91,0.0,0.0,0.0,0.0,0.0,0.0,0.0,0.0,0.0,0.0
GoldS210,XAUUSDc,337,-19.1427,-57.428,2,-0.6289,0.0,481,8.1081,1,7,0,0.01,1.5,3.0,0.0,0.5,15,1,-125.578,20,0,2,0,0.2,0.0,0.0,0.0,0.0,0.0,-1.0,-2.013,-4.0,-4.0,-3.0,-6.0,-0.001,0.986,-3.0,-3.0,-3.003,-3.0,-5.0,-4.0,-3.0,-5.0,4.584,-6.0,-6.0,11.479,-5.0,-5.0,-5.0,33.903,-5.0,-4.0,-4.0,-4.999,21.275,-2.016,-4.0,-6.999,18.46,-3.0,-1.029,-3.0,-2.999,-5.0,-2.0,-2.999,-4.0,-3.0,-5.999,11.279,-5.0,-6.0,-5.0,-6.0,-4.0,-1.0,-4.011,-4.0,3.724,-3.999,1.938,14.044,-0.239,-3.0,-1.999,-5.0,-5.0,-4.0,-6.0,2.066,64.15,6.71,-3.0,-2.999,26.099,-3.0,-4.0,-4.0,0.997,-1.007,-4.0,-4.0,-3.0,-4.0,-3.0,6.698,3.407,-1.0,-5.999,-4.999,4.492,-4.0,0.329,-5.0,7.693,-5.0,-5.0,-3.0,-5.0,-4.0,-5.0,0.0,4.816,-2.0,-3.0,-4.0,13.335,-2.072,-4.0,-2.0,-4.0,-6.0,-5.0,-4.0,-6.0,-3.0,-3.0,-5.999,5.193,-4.0,21.295,0.0,0.0,0.0,0.0,0.0,0.0,0.0,0.0,0.0,0.0
GoldS210,XAUUSDc,367,-2.662,-7.986,2,-0.2192,0.0,517,42.3598,1,11,0,0.01,1.7,1.0,0.0,0.0,15,1,-12.083,0,0,2,0,0.4,0.0,0.0,0.0,0.0,0.0,0.986,-0.891,-1.022,-2.009,-3.0,-0.086,5.861,-0.023,-3.0,1.54,-4.001,-3.0,-2.147,-4.0,-3.007,-4.002,-3.005,3.523,-1.02,0.955,-0.025,2.273,0.315,-2.012,-3.007,-4.0,-4.0,1.35,-2.24,1.929,3.232,5.399,0.968,-0.019,1.904,-2.009,1.076,-2.002,-2.0,0.996,-0.809,-3.0,4.875,2.947,-3.007,4.673,-0.009,-2.016,-2.007,-1.0,-3.967,-2.007,-1.298,-2.005,0.668,4.945,1.153,-3.0,4.411,1.652,0.542,0.962,7.146,1.465,1.677,3.847,4.086,0.147,5.339,-0.018,-2.006,-3.999,-1.001,-3.002,1.973,-3.036,3.927,0.003,0.864,-0.023,-1.015,-1.0,0.918,-1.034,1.529,-4.0,-1.766,3.747,-3.003,-2.017,3.922,-3.0,4.451,-2.004,0.971,0.0,-0.068,-2.0,2.208,-3.042,-0.023,1.914,-0.019,0.973,1.927,-2.54,-4.0,0.038,1.933,0.51,1.726,-0.841,0.81,-0.008,-1.055,0.0,0.0,0.0,0.0,0.0,0.0,0.0,0.0,0.0,0.0
GoldS210,XAUUSDc,65,-4.3115,-8.623,3,-0.1494,0.0,457,30.4158,1,7,0,0.01,1.7,1.5,0.0,1.0,15,1,-27.272,7,0,2,0,0.0,0.0,0.0,0.0,0.0,0.0,1.479,-2.508,-4.0,-0.508,-1.502,-1.802,2.429,-0.507,-3.0,-0.504,-4.502,4.965,-1.999,-0.555,-3.0,-2.069,-0.795,-2.519,-2.0,-2.554,2.421,-4.0,-4.0,0.96,-1.511,-1.515,-4.0,-1.51,-1.511,0.576,2.042,-5.0,2.523,-0.58,2.469,-3.0,3.714,0.489,-1.0,-3.0,-3.0,-4.0,0.888,-2.446,-2.51,7.795,0.946,-6.0,-1.511,-1.0,-3.014,0.594,1.933,1.291,1.439,5.516,-1.007,-3.0,3.442,-3.999,-2.517,2.531,-2.531,0.493,4.263,4.358,5.515,-0.525,3.467,12.985,-3.0,-2.0,-1.501,-2.503,-1.508,-1.529,1.994,4.423,0.944,0.09,0.093,-1.0,-3.517,1.706,2.419,-4.0,-1.516,0.931,-1.552,-2.502,1.078,-2.0,18.121,-4.0,4.918,0.0,1.399,-2.0,0.794,2.179,0.465,-1.536,-1.526,-0.539,9.919,-3.519,-1.513,0.966,-0.041,-1.56,3.076,-0.646,4.418,-4.0,0.94,0.0,0.0,0.0,0.0,0.0,0.0,0.0,0.0,0.0,0.0
GoldS210,XAUUSDc,365,-4.269,-12.807,2,-0.3171,0.0,520,40.5769,1,7,0,0.01,1.7,1.0,0.0,0.0,15,1,-17.378,0,0,2,0,0.4,0.0,0.0,0.0,0.0,0.0,0.986,-2.007,0.069,-2.009,-3.0,-0.086,5.738,1.554,-0.047,1.766,-4.001,-3.0,-5.0,-4.0,-3.007,-4.002,-3.005,3.523,-3.02,1.286,-0.025,1.214,0.315,-2.012,-5.0,-4.0,-4.0,2.222,-3.008,0.457,6.457,6.922,0.968,-3.0,2.954,-2.009,-1.01,-2.007,-2.0,0.996,-0.828,-3.0,2.692,2.562,-3.007,7.029,-0.009,-2.016,-2.007,-1.0,-3.967,-2.007,-2.036,-1.997,0.449,5.562,2.761,-3.0,6.527,1.472,0.651,1.218,6.689,-1.004,1.75,4.594,4.104,0.147,5.758,-0.018,-2.006,-4.0,-1.001,-3.002,1.973,-5.0,1.551,0.369,0.864,1.491,-1.015,-1.0,1.751,-3.014,1.428,-4.0,-2.613,2.017,-3.003,-2.017,3.922,-3.0,0.799,-2.004,1.294,0.0,-0.068,-2.0,1.911,-3.042,-0.023,3.18,-0.019,0.973,1.927,-2.54,-4.0,0.038,3.313,0.51,1.97,-2.494,1.522,-0.008,4.018,0.0,0.0,0.0,0.0,0.0,0.0,0.0,0.0,0.0,0.0
GoldS210,XAUUSDc,194,-12.498,-37.494,2,-0.6293,0.0,514,41.2451,1,9,0,0.01,1.5,1.0,0.0,0.5,15,1,-45.014,1,0,2,0,0.2,0.0,0.0,0.0,0.0,0.0,0.986,-2.007,0.069,-0.014,-3.0,-4.0,-1.01,0.977,-4.0,-0.009,-4.001,-3.0,-2.147,-4.0,-3.0,4.518,-0.6,4.646,-3.02,1.848,-0.025,0.869,2.314,-2.012,-3.007,-4.0,-4.0,-1.01,-2.008,-1.43,6.196,1.108,0.968,-3.0,-1.015,-3.0,-1.01,-2.002,-2.0,0.996,-0.809,-3.0,-3.062,1.007,-3.007,3.607,-0.009,-2.016,-2.007,-1.0,-4.009,-2.007,-0.52,-1.933,-0.009,4.036,-1.004,-3.0,1.955,2.643,-0.026,0.962,2.978,-1.004,2.204,2.984,4.904,1.682,7.805,-0.018,-2.006,-4.0,-1.001,-3.002,1.973,-1.97,6.191,-2.0,-0.046,-0.023,-1.015,-1.0,0.918,-1.034,1.22,-4.0,-1.766,0.653,-3.003,-2.017,3.922,1.131,6.637,-2.004,1.294,0.0,-0.068,-2.0,-1.037,-3.042,-0.023,3.498,-0.019,0.973,1.927,-0.375,-5.0,-0.022,1.932,0.51,-0.032,-1.959,3.759,-0.008,-1.055,0.0,0.0,0.0,0.0,0.0,0.0,0.0,0.0,0.0,0.0
GoldS210,XAUUSDc,283,-5.069,-15.207,2,-0.2549,0.0,441,20.8617,1,11,0,0.01,1.7,2.0,0.0,1.0,15,1,-39.566,15,0,2,0,0.2,0.0,0.0,0.0,0.0,0.0,1.972,13.059,-4.0,-0.01,-1.003,-5.0,0.938,-0.01,-3.0,-0.005,-4.003,-2.0,-2.0,0.924,-3.0,-2.809,0.365,-2.025,-2.0,-1.058,-1.015,-0.577,5.172,2.504,-3.0,-3.0,4.429,-1.014,3.663,3.047,-6.0,-6.0,-2.012,-0.083,0.97,-3.0,3.41,0.986,-1.0,-3.0,-3.0,-4.0,-0.066,-2.161,-2.014,24.296,-0.004,-6.0,-1.014,-1.0,0.414,-4.0,-0.032,3.135,3.388,0.913,-2.001,-4.0,-0.061,-3.999,-2.023,-4.0,12.624,0.991,4.978,0.985,-0.014,-3.0,11.518,-3.0,-2.0,-2.0,-1.002,-2.005,-4.0,-4.0,-0.001,-4.0,-0.009,9.367,-0.031,-1.0,-3.022,-5.999,6.789,-4.0,-1.022,-3.0,-4.0,-5.0,-0.445,-2.0,-2.998,-2.032,3.911,0.0,-0.11,-2.0,1.484,-2.076,0.953,-0.049,-4.0,-2.0,29.121,-6.0,-3.0,1.955,-2.042,1.658,8.299,-4.0,6.441,-4.0,-0.01,0.0,0.0,0.0,0.0,0.0,0.0,0.0,0.0,0.0,0.0
GoldS210,XAUUSDc,181,-2.7623,-8.287,2,-0.1779,0.0,523,39.3881,1,7,0,0.01,1.5,1.0,0.0,0.0,15,1,-16.768,2,0,2,0,0.2,0.0,0.0,0.0,0.0,0.0,0.986,-2.006,0.069,-2.009,-3.0,1.048,7.956,2.047,-0.047,2.498,-4.001,-3.0,-5.0,-4.0,-3.007,-4.002,-3.005,4.646,-3.02,1.286,-0.025,1.214,0.315,-2.012,-5.0,-4.0,-4.0,2.222,-4.008,-2.006,8.422,1.351,0.968,-3.0,4.324,-2.009,-1.01,-2.007,-2.0,0.996,-0.828,-3.0,-2.952,4.856,-3.007,8.245,-0.009,-2.016,-2.007,-1.0,-3.967,-2.007,-1.52,-1.997,0.449,7.083,-2.004,-3.0,5.251,1.472,0.681,1.218,2.978,-1.004,2.253,4.594,4.916,0.147,7.556,-0.018,-2.006,-4.0,-1.001,-3.002,0.973,-4.0,3.809,0.628,0.864,2.801,-1.015,-1.0,1.751,-3.014,6.477,-4.0,-2.613,2.017,-3.003,-2.017,3.922,-3.0,0.798,-2.004,1.294,0.0,-0.068,-2.0,1.911,-3.042,-0.023,3.392,-0.019,0.973,1.927,-2.353,-4.0,0.038,3.313,0.51,3.526,-2.494,1.625,-0.008,4.309,0.0,0.0,0.0,0.0,0.0,0.0,0.0,0.0,0.0,0.0
GoldS210,XAUUSDc,627,-10.0307,-30.092,2,-0.5194,0.0,467,21.4133,1,11,0,0.01,1.5,2.0,0.0,0.5,15,1,-38.411,21,0,2,0,0.6,0.0,0.0,0.0,0.0,0.0,1.972,3.972,-4.0,-0.01,-4.0,-5.0,3.711,-0.01,-4.0,-0.005,-4.002,5.926,-3.0,-4.0,-3.0,4.241,0.129,-4.0,-4.999,1.297,-2.015,-1.577,3.818,0.748,-0.332,-4.0,-4.0,-0.014,2.185,6.376,-6.0,-6.0,-1.011,2.234,0.971,-3.0,0.571,1.386,-2.0,-3.0,-3.0,-4.0,3.982,3.022,-2.014,10.697,-1.004,-6.0,-1.014,-1.0,0.414,-4.0,0.112,0.941,0.947,1.455,-2.001,-3.0,-0.062,-4.0,-3.023,-4.0,13.537,0.991,1.761,0.985,-0.014,-2.0,6.061,-3.0,-4.0,-4.0,-0.002,-2.005,1.43,4.011,-0.001,10.002,-0.009,7.205,-0.031,-1.0,-2.022,-0.354,5.01,-4.0,-0.48,-3.021,0.398,-5.0,-0.507,-2.0,-3.999,-0.162,3.245,0.0,-0.11,-2.0,-2.0,-2.076,0.953,0.888,-4.0,-2.0,12.216,-6.0,-4.0,1.955,-1.608,4.803,5.687,-5.0,9.167,-3.0,-1.01,0.0,0.0,0.0,0.0,0.0,0.0,0.0,0.0,0.0,0.0
GoldS210,XAUUSDc,736,-4.5165,-9.033,3,-0.2448,0.0,504,45.8333,1,5,0,0.01,1.7,1.0,0.0,0.5,15,1,-10.762,0,0,2,0,0.8,0.0,0.0,0.0,0.0,0.0,0.986,-0.67,-0.589,0.986,-1.632,-1.53,1.355,1.538,-1.047,-0.009,-4.001,0.126,-0.271,-4.0,-3.0,-1.322,-0.641,2.778,-1.174,1.721,0.211,0.219,2.314,-2.012,-5.0,-1.63,-4.0,0.309,-3.008,1.682,3.407,3.396,1.336,-0.638,1.555,-3.0,-1.01,-1.007,-1.999,0.996,0.142,-4.0,3.24,0.285,-3.007,4.475,-0.009,-2.016,-2.007,-1.0,-4.009,-2.007,-1.635,-3.0,-1.009,4.449,1.382,-3.0,2.426,0.937,-1.026,0.962,5.753,1.538,-2.012,2.984,3.116,0.399,4.625,0.428,-0.501,-4.0,-1.001,-3.002,1.973,-0.281,3.081,-2.0,-0.046,-0.023,-1.015,-1.0,1.271,-0.356,-0.712,-4.0,-1.766,3.794,-3.003,-2.017,3.922,0.395,6.18,-2.004,2.523,0.0,-0.068,-2.0,1.359,-3.042,-0.023,2.476,-0.019,0.973,4.563,-1.138,-5.0,-0.022,2.376,-0.424,0.406,-0.042,2.408,0.303,2.34,0.0,0.0,0.0,0.0,0.0,0.0,0.0,0.0,0.0,0.0
GoldS210,XAUUSDc,212,-1.1807,-3.542,2,-0.1472,0.0,477,50.1048,1,5,0,0.01,1.9,1.0,0.0,1.0,15,1,-4.542,0,0,2,0,0.2,0.0,0.0,0.0,0.0,0.0,0.986,-1.008,-1.022,0.986,-0.015,-2.003,0.941,0.977,-1.047,-0.009,-4.001,-0.165,0.934,0.755,-3.0,-2.068,-1.071,1.979,-0.125,0.93,0.932,1.982,1.99,-2.012,-2.007,-0.059,-4.0,-0.049,-2.008,-0.061,2.89,1.99,0.968,-1.077,0.978,-3.0,0.935,-0.007,-1.0,-1.002,-0.001,-4.0,2.891,-1.147,-3.007,2.948,1.942,-2.016,-2.007,-1.0,-4.009,-2.007,2.922,-1.054,0.96,3.819,0.967,-3.0,1.955,-0.088,-1.026,0.962,4.953,0.99,-0.023,2.984,1.936,-0.016,3.977,-0.018,-1.103,-1.0,-1.001,-3.002,1.973,-1.059,1.985,-2.0,-0.046,-0.023,-1.015,-1.0,0.918,-1.034,0.946,-4.0,-2.011,1.926,-2.048,-2.017,3.922,-0.006,4.907,-2.004,1.965,0.0,-0.068,-2.0,0.941,-1.09,-0.023,-0.029,-0.019,0.973,3.924,-2.034,-2.007,-0.022,2.932,-2.055,-0.032,-0.097,1.965,-0.008,1.91,0.0,0.0,0.0,0.0,0.0,0.0,0.0,0.0,0.0,0.0
GoldS210,XAUUSDc,101,-5.5503,-33.302,1,-0.615,0.0,446,19.7309,1,7,0,0.01,1.7,2.0,0.0,1.0,15,1,-49.151,23,0,2,0,0.0,0.0,0.0,0.0,0.0,0.0,1.972,-2.01,-4.0,-0.01,-1.003,-4.0,0.938,-0.01,-3.0,-0.005,-4.003,-2.0,-1.999,0.924,-3.0,1.712,0.997,-2.025,-2.0,-1.058,-0.015,-5.0,-4.0,9.814,-3.0,-4.0,-4.0,-1.014,7.566,-2.011,1.028,-6.0,1.733,-0.083,0.97,-3.0,3.411,0.986,-1.0,-3.0,-3.0,-4.0,6.514,3.119,-2.014,-4.001,-0.004,-6.0,-1.014,-1.0,1.321,-4.0,-0.032,3.135,7.732,6.02,-3.001,-3.0,-0.061,-3.999,-2.023,-4.0,9.677,0.991,4.978,3.14,1.717,-3.0,13.008,-3.0,-3.0,-2.0,-1.002,-2.005,-3.999,-4.0,-0.001,-4.0,-0.009,1.243,1.197,-1.0,-3.022,-5.0,10.999,-4.0,-1.022,-1.021,4.159,-5.0,-0.507,-2.0,-3.0,-2.032,6.635,0.0,-0.11,-2.0,1.484,-2.076,0.953,-1.049,-4.0,-2.0,14.797,-5.999,-1.018,5.313,-2.042,2.469,5.993,-4.999,6.441,-4.0,1.92,0.0,0.0,0.0,0.0,0.0,0.0,0.0,0.0,0.0,0.0
GoldS210,XAUUSDc,355,-4.4415,-26.649,1,-0.4306,0.0,424,11.5566,1,11,0,0.01,1.7,3.0,0.0,1.0,15,1,-53.691,20,0,2,0,0.2,0.0,0.0,0.0,0.0,0.0,-1.0,27.026,-4.0,-2.999,-4.0,-5.0,-0.001,0.986,-3.0,-3.0,-3.004,-2.0,-2.0,7.585,-3.0,-5.0,3.599,-5.0,-2.0,-0.067,-3.999,-4.0,11.001,22.978,-3.0,-3.0,-3.999,-4.0,12.657,-0.016,-6.0,-6.0,5.558,0.91,-1.029,-3.0,7.58,1.979,-1.0,-3.0,-3.0,-4.0,-3.0,-2.153,-5.0,-5.0,-4.0,-6.0,-4.0,-1.0,7.268,-4.0,1.953,17.859,14.725,-0.037,-1.001,-4.0,-1.999,-5.0,-4.0,-4.0,-5.999,2.078,-5.0,5.92,-2.999,-3.0,18.234,-3.0,-2.0,-2.0,-0.003,-1.007,-4.0,-4.0,-3.0,-4.0,-2.999,8.513,0.954,-1.0,-1.033,-5.999,3.865,-4.0,-0.033,-3.0,-4.0,-5.0,14.056,-2.0,-2.998,-1.04,9.881,0.0,4.844,-2.0,2.897,-4.0,8.04,0.927,-4.0,-2.0,7.697,-6.0,-3.0,-4.0,-5.0,-4.0,-3.0,-4.0,0.995,-5.0,8.2,0.0,0.0,0.0,0.0,0.0,0.0,0.0,0.0,0.0,0.0
GoldS210,XAUUSDc,187,-5.3345,-10.669,3,-0.2682,0.0,519,40.8478,1,11,0,0.01,1.7,1.0,0.0,0.0,15,1,-19.76,4,0,2,0,0.2,0.0,0.0,0.0,0.0,0.0,0.986,-0.891,-1.022,-2.009,-3.0,1.048,1.112,-0.023,-3.0,4.022,-4.0,-3.0,-2.146,-4.0,-3.007,-4.002,-3.005,4.646,-1.02,0.955,-0.025,2.273,0.315,-2.012,-3.006,-4.0,-4.0,1.35,-3.239,-0.542,3.429,9.335,0.968,-0.019,-1.015,-2.009,1.076,-2.002,-2.0,0.996,-0.809,-3.0,-0.6,5.732,-3.007,4.673,-0.009,-2.016,-2.007,-1.0,-3.967,-2.007,-1.298,-2.005,0.668,5.828,-2.004,-3.0,0.357,1.905,0.681,0.962,3.549,1.465,2.18,3.847,5.472,0.147,6.147,-0.018,-2.006,-4.0,-1.001,-3.002,1.973,-3.036,6.177,0.221,0.864,-0.023,-1.015,-1.0,0.918,-1.034,7.087,-4.0,-1.766,2.747,-3.003,-2.017,3.922,-3.0,4.451,-2.004,0.971,0.0,-0.068,-2.0,2.208,-3.042,-0.023,1.914,-0.019,0.973,1.927,-2.353,-4.0,0.038,1.932,0.51,3.282,-0.502,0.81,-0.008,-1.055,0.0,0.0,0.0,0.0,0.0,0.0,0.0,0.0,0.0,0.0
GoldS210,XAUUSDc,26,-1.1807,-3.542,2,-0.1472,0.0,477,50.1048,1,9,0,0.01,1.5,1.0,0.0,1.0,15,1,-4.542,0,0,2,0,0.0,0.0,0.0,0.0,0.0,0.0,0.986,-1.008,-1.022,0.986,-0.015,-2.003,0.941,0.977,-1.047,-0.009,-4.001,-0.165,0.934,0.755,-3.0,-2.068,-1.071,1.979,-0.125,0.93,0.932,1.982,1.99,-2.012,-2.007,-0.059,-4.0,-0.049,-2.008,-0.061,2.89,1.99,0.968,-1.077,0.978,-3.0,0.935,-0.007,-1.0,-1.002,-0.001,-4.0,2.891,-1.147,-3.007,2.948,1.942,-2.016,-2.007,-1.0,-4.009,-2.007,2.922,-1.054,0.96,3.819,0.967,-3.0,1.955,-0.088,-1.026,0.962,4.953,0.99,-0.023,2.984,1.936,-0.016,3.977,-0.018,-1.103,-1.0,-1.001,-3.002,1.973,-1.059,1.985,-2.0,-0.046,-0.023,-1.015,-1.0,0.918,-1.034,0.946,-4.0,-2.011,1.926,-2.048,-2.017,3.922,-0.006,4.907,-2.004,1.965,0.0,-0.068,-2.0,0.941,-1.09,-0.023,-0.029,-0.019,0.973,3.924,-2.034,-2.007,-0.022,2.932,-2.055,-0.032,-0.097,1.965,-0.008,1.91,0.0,0.0,0.0,0.0,0.0,0.0,0.0,0.0,0.0,0.0
GoldS210,XAUUSDc,106,16.018,32.036,3,0.5922,121.86,443,20.7675,1,9,0,0.01,1.9,2.0,0.0,1.0,15,1,-7.004,19,0,2,0,0.0,0.0,0.0,0.0,0.0,0.0,1.972,22.522,-4.0,-0.01,-1.003,-5.0,0.938,-0.01,-3.0,-0.005,-4.003,-2.0,-1.999,0.924,-3.0,1.712,0.211,-2.025,-2.0,-1.058,-1.015,1.403,-3.999,3.504,-3.0,-4.0,-4.0,-1.014,3.262,3.047,1.007,-6.0,-2.012,-0.083,0.97,-3.0,3.41,0.986,-1.0,-3.0,-3.0,-4.0,-0.066,-2.161,-2.014,41.558,-0.004,-6.0,-1.014,-1.0,0.414,-3.999,-0.032,3.135,7.732,6.02,-3.001,-3.0,-0.061,-3.999,-2.023,-4.0,3.576,0.991,4.978,0.985,-0.014,-3.0,13.008,-2.999,-2.0,-2.0,-1.002,-2.005,-4.0,-4.0,-0.001,-4.0,-0.009,13.295,1.197,-1.0,-3.022,-6.0,6.789,-4.0,-1.022,-3.0,5.236,-5.0,-0.507,-2.0,-2.999,-2.032,6.635,0.0,-0.11,-2.0,1.484,-2.076,0.953,-0.049,-4.0,-2.0,34.408,-6.0,-3.0,1.955,-2.042,1.658,8.299,-5.0,6.441,-4.0,1.92,0.0,0.0,0.0,0.0,0.0,0.0,0.0,0.0,0.0,0.0
GoldS210,XAUUSDc,109,-12.001,-24.002,3,-0.256,0.0,492,11.9919,1,7,0,0.01,1.5,2.5,0.0,0.0,15,1,-49.636,22,0,2,0,0.0,0.0,0.0,0.0,0.0,0.0,-1.0,11.329,-3.999,-4.0,-3.0,-6.0,-1.501,-0.512,-2.0,0.494,-3.503,-3.0,-5.0,-4.0,-4.0,8.844,2.791,-5.0,-0.94,1.262,-1.519,-1.193,-4.0,19.612,-4.999,-4.0,-4.0,0.483,12.42,-2.513,3.698,-7.0,3.434,-3.0,-1.524,3.994,-2.999,-5.999,-2.0,-2.999,-4.0,-3.0,-0.35,-8.0,-5.0,-3.501,-4.0,-6.0,-4.0,-1.0,-4.189,-4.0,1.418,9.445,2.788,10.402,-3.501,-3.0,13.739,10.367,3.973,-4.0,20.634,1.546,20.178,3.963,-3.0,-3.999,19.025,-4.0,-3.0,-4.0,0.498,-1.506,-4.999,-4.0,-2.999,-3.999,-3.0,4.984,2.302,-1.0,-6.0,-5.0,3.008,-4.0,-0.406,-1.525,-1.508,-5.0,-5.0,-3.0,-6.0,-4.0,-5.0,0.0,0.852,-2.0,-2.0,-1.593,2.683,-2.56,-4.0,-2.0,-4.0,-6.0,-4.0,10.437,18.14,-3.0,-3.0,10.614,3.807,-4.0,9.669,0.0,0.0,0.0,0.0,0.0,0.0,0.0,0.0,0.0,0.0
GoldS210,XAUUSDc,91,-7.5792,-45.475,1,-0.5338,0.0,484,17.7686,1,11,0,0.01,1.7,2.0,0.0,0.5,15,1,-89.216,15,0,2,0,0.0,0.0,0.0,0.0,0.0,0.0,1.972,-3.008,-4.0,-1.01,-3.0,-6.0,-2.0,-0.01,-4.0,-0.005,-4.003,-3.0,0.545,-4.0,-3.0,39.741,0.365,-2.025,-5.0,5.174,-3.015,-0.576,5.172,2.504,-0.331,-4.0,-4.0,-2.014,3.663,-2.011,-6.0,-6.0,-2.012,3.13,0.97,-3.0,0.571,1.386,-2.0,-2.999,-4.0,-3.0,-3.064,-3.161,-2.014,24.156,-1.004,-6.0,-1.014,-1.0,0.414,-4.0,0.112,0.941,0.947,1.455,-2.001,-4.0,-0.061,-4.0,-3.023,-4.0,-1.379,0.991,7.815,0.985,-0.014,-2.999,11.518,-2.999,-4.0,-4.0,-0.002,-2.005,-4.0,-4.0,-0.001,-4.0,-0.009,9.367,-0.031,-1.0,-3.022,-5.999,-2.008,-4.0,-0.48,-3.021,-4.0,-5.0,-0.445,-2.0,-3.999,-0.162,3.688,0.0,-0.11,-2.0,-2.0,-2.076,0.953,0.888,-4.0,-2.0,23.307,-6.0,-5.0,1.955,1.006,6.424,8.299,-6.0,9.243,-4.0,-0.01,0.0,0.0,0.0,0.0,0.0,0.0,0.0,0.0,0.0,0.0
GoldS210,XAUUSDc,553,-1.449,-4.347,2,-0.1288,0.0,507,45.3649,1,7,0,0.01,1.5,1.0,0.0,0.5,15,1,-6.88,0,0,2,0,0.6,0.0,0.0,0.0,0.0,0.0,0.986,-2.007,-0.398,0.986,-1.108,-1.46,1.793,1.876,-1.047,-0.009,-4.001,0.411,0.258,-4.0,-3.0,-0.859,-0.6,2.693,-0.474,1.277,-0.025,0.211,2.314,-2.012,-5.0,-1.228,-4.0,0.76,-2.008,2.03,3.569,4.637,0.968,-3.0,2.03,-3.0,-1.01,-1.007,-2.0,0.996,0.172,-4.0,1.271,0.609,-3.007,5.219,-0.009,-2.016,-2.007,-1.0,-4.009,-2.007,-0.52,-4.0,-0.009,4.036,1.576,-3.0,2.406,1.57,-0.026,0.962,5.539,-1.004,0.966,2.984,3.472,0.786,5.082,-0.018,-2.006,-4.0,-1.001,-3.002,1.973,-2.757,3.181,-2.0,-0.046,-0.023,-1.015,-1.0,1.496,-1.034,2.141,-4.0,-1.613,3.942,-2.048,-2.017,3.922,0.717,4.163,-2.004,1.294,0.0,-0.068,-2.0,1.661,-3.042,-0.023,2.632,-0.019,0.973,4.732,-1.239,-4.0,-0.022,1.933,0.034,-0.032,0.72,3.151,-0.008,2.447,0.0,0.0,0.0,0.0,0.0,0.0,0.0,0.0,0.0,0.0
GoldS210,XAUUSDc,51,-16.5397,-49.619,2,-0.8591,0.0,493,26.1663,1,11,0,0.01,1.5,1.5,0.0,0.5,15,1,-77.381,9,0,2,0,0.0,0.0,0.0,0.0,0.0,0.0,1.479,-3.506,-4.0,-1.508,-3.0,-6.0,-0.015,-0.507,-4.0,-0.504,-4.502,-3.0,-0.749,-4.0,-3.0,23.762,-1.251,2.54,2.399,2.021,-1.023,-1.477,2.258,-0.04,-2.51,-4.0,-4.0,-2.51,-1.511,-2.508,0.796,-5.0,-0.017,1.556,-0.022,-3.0,2.318,-0.068,-2.0,-2.999,-4.0,-3.0,-3.562,1.375,-2.51,4.991,-1.503,-1.609,-1.511,-1.0,-3.014,-1.51,-1.194,-0.373,0.486,2.734,-1.007,-3.0,3.442,-4.0,4.127,-0.038,-5.0,0.493,4.928,1.986,7.776,2.269,3.467,0.32,-4.0,-4.0,-0.501,-2.503,-1.509,4.078,2.731,7.235,0.944,-1.025,-0.523,-1.0,-3.517,1.208,-2.506,-4.0,-1.123,-1.069,-1.552,-2.502,1.123,-2.0,2.221,-4.0,3.972,0.0,1.399,-2.0,-2.0,-2.559,0.465,-0.083,-1.526,-0.539,8.125,-0.457,-5.0,0.966,-1.041,1.964,3.076,-6.0,6.452,-4.0,-0.508,0.0,0.0,0.0,0.0,0.0,0.0,0.0,0.0,0.0,0.0
GoldS210,XAUUSDc,202,-12.498,-37.494,2,-0.6293,0.0,514,41.2451,1,9,0,0.01,1.9,1.0,0.0,0.5,15,1,-45.014,1,0,2,0,0.2,0.0,0.0,0.0,0.0,0.0,0.986,-2.007,0.069,-0.014,-3.0,-4.0,-1.01,0.977,-4.0,-0.009,-4.001,-3.0,-2.147,-4.0,-3.0,4.518,-0.6,4.646,-3.02,1.848,-0.025,0.869,2.314,-2.012,-3.007,-4.0,-4.0,-1.01,-2.008,-1.43,6.196,1.108,0.968,-3.0,-1.015,-3.0,-1.01,-2.002,-2.0,0.996,-0.809,-3.0,-3.062,1.007,-3.007,3.607,-0.009,-2.016,-2.007,-1.0,-4.009,-2.007,-0.52,-1.933,-0.009,4.036,-1.004,-3.0,1.955,2.643,-0.026,0.962,2.978,-1.004,2.204,2.984,4.904,1.682,7.805,-0.018,-2.006,-4.0,-1.001,-3.002,1.973,-1.97,6.191,-2.0,-0.046,-0.023,-1.015,-1.0,0.918,-1.034,1.22,-4.0,-1.766,0.653,-3.003,-2.017,3.922,1.131,6.637,-2.004,1.294,0.0,-0.068,-2.0,-1.037,-3.042,-0.023,3.498,-0.019,0.973,1.927,-0.375,-5.0,-0.022,1.932,0.51,-0.032,-1.959,3.759,-0.008,-1.055,0.0,0.0,0.0,0.0,0.0,0.0,0.0,0.0,0.0,0.0
GoldS210,XAUUSDc,30,-1.1807,-3.542,2,-0.1472,0.0,477,50.1048,1,9,0,0.01,1.7,1.0,0.0,1.0,15,1,-4.542,0,0,2,0,0.0,0.0,0.0,0.0,0.0,0.0,0.986,-1.008,-1.022,0.986,-0.015,-2.003,0.941,0.977,-1.047,-0.009,-4.001,-0.165,0.934,0.755,-3.0,-2.068,-1.071,1.979,-0.125,0.93,0.932,1.982,1.99,-2.012,-2.007,-0.059,-4.0,-0.049,-2.008,-0.061,2.89,1.99,0.968,-1.077,0.978,-3.0,0.935,-0.007,-1.0,-1.002,-0.001,-4.0,2.891,-1.147,-3.007,2.948,1.942,-2.016,-2.007,-1.0,-4.009,-2.007,2.922,-1.054,0.96,3.819,0.967,-3.0,1.955,-0.088,-1.026,0.962,4.953,0.99,-0.023,2.984,1.936,-0.016,3.977,-0.018,-1.103,-1.0,-1.001,-3.002,1.973,-1.059,1.985,-2.0,-0.046,-0.023,-1.015,-1.0,0.918,-1.034,0.946,-4.0,-2.011,1.926,-2.048,-2.017,3.922,-0.006,4.907,-2.004,1.965,0.0,-0.068,-2.0,0.941,-1.09,-0.023,-0.029,-0.019,0.973,3.924,-2.034,-2.007,-0.022,2.932,-2.055,-0.032,-0.097,1.965,-0.008,1.91,0.0,0.0,0.0,0.0,0.0,0.0,0.0,0.0,0.0,0.0
GoldS210,XAUUSDc,749,-1.1807,-3.542,2,-0.1472,0.0,477,50.1048,1,7,0,0.01,1.7,1.0,0.0,1.0,15,1,-4.542,0,0,2,0,0.8,0.0,0.0,0.0,0.0,0.0,0.986,-1.008,-1.022,0.986,-0.015,-2.003,0.941,0.977,-1.047,-0.009,-4.001,-0.165,0.934,0.755,-3.0,-2.068,-1.071,1.979,-0.125,0.93,0.932,1.982,1.99,-2.012,-2.007,-0.059,-4.0,-0.049,-2.008,-0.061,2.89,1.99,0.968,-1.077,0.978,-3.0,0.935,-0.007,-1.0,-1.002,-0.001,-4.0,2.891,-1.147,-3.007,2.948,1.942,-2.016,-2.007,-1.0,-4.009,-2.007,2.922,-1.054,0.96,3.819,0.967,-3.0,1.955,-0.088,-1.026,0.962,4.953,0.99,-0.023,2.984,1.936,-0.016,3.977,-0.018,-1.103,-1.0,-1.001,-3.002,1.973,-1.059,1.985,-2.0,-0.046,-0.023,-1.015,-1.0,0.918,-1.034,0.946,-4.0,-2.011,1.926,-2.048,-2.017,3.922,-0.006,4.907,-2.004,1.965,0.0,-0.068,-2.0,0.941,-1.09,-0.023,-0.029,-0.019,0.973,3.924,-2.034,-2.007,-0.022,2.932,-2.055,-0.032,-0.097,1.965,-0.008,1.91,0.0,0.0,0.0,0.0,0.0,0.0,0.0,0.0,0.0,0.0
GoldS210,XAUUSDc,164,-0.0,-176.338,0,-0.8878,0.0,491,7.1283,1,5,0,0.01,1.9,3.0,0.0,0.5,15,1,-220.684,16,0,2,0,0.0,0.0,0.0,0.0,0.0,0.0,-1.0,-2.013,-4.0,-4.0,-3.0,-5.999,-1.001,0.986,-3.0,-3.0,-3.004,-3.0,-5.0,-4.0,-3.0,-5.0,4.584,-6.0,-6.0,-5.0,-5.999,-3.998,-4.999,42.346,-5.0,-4.0,-4.0,-4.999,-5.0,-2.016,-7.0,-6.0,8.525,6.191,-1.028,-3.0,-3.0,-5.0,-2.0,-2.999,-4.0,-3.0,-5.999,13.954,-5.0,-7.0,-4.0,-6.0,-4.0,-1.0,-4.011,-4.0,3.724,-4.0,1.938,0.829,-0.646,-3.0,-2.0,-5.0,-4.999,-4.0,-5.999,19.488,-6.0,6.71,15.755,-2.999,-3.0,-3.0,-4.0,-4.0,0.997,-1.007,-4.0,-4.0,-3.0,-4.0,-3.0,7.055,3.407,-1.0,-6.0,-5.0,3.935,-4.0,0.805,-6.0,4.886,-4.999,-5.0,-3.0,-5.0,-4.0,-5.0,0.0,4.002,-2.0,-3.0,-4.0,22.034,-2.073,-4.0,-2.0,-5.0,-6.0,-5.0,-3.998,-6.0,-3.0,-4.0,-6.0,-4.0,-4.0,21.296,0.0,0.0,0.0,0.0,0.0,0.0,0.0,0.0,0.0,0.0
GoldS210,XAUUSDc,426,-3.354,-10.062,2,-0.2215,0.0,451,32.5942,1,9,0,0.01,1.7,1.5,0.0,1.0,15,1,-15.887,4,0,2,0,0.4,0.0,0.0,0.0,0.0,0.0,1.479,3.636,-4.0,-0.508,-1.502,-4.999,2.429,-0.506,-3.0,-0.504,-4.502,2.594,-1.999,-0.555,-3.0,-0.515,-1.22,2.066,2.558,-1.554,2.421,-1.478,-3.0,-0.398,-1.511,-1.515,-4.0,-1.51,-1.511,-0.066,3.272,-5.0,5.103,-0.58,2.469,-3.0,3.714,0.489,-1.0,-3.0,-3.0,-4.0,0.888,-3.15,-2.51,4.374,0.946,-1.609,-1.511,-1.0,-3.014,-1.51,1.933,1.291,1.439,4.923,-1.007,-3.0,3.442,-3.999,1.716,2.531,3.098,0.493,1.986,1.987,4.12,-0.525,3.467,8.651,-2.0,-2.0,-1.501,-2.503,-1.509,-1.529,1.994,4.248,0.944,-1.025,0.093,-1.0,-3.517,1.368,2.419,-4.0,-1.516,2.687,-1.552,-2.502,1.078,-2.0,5.298,-4.0,4.918,0.0,1.399,-2.0,0.794,2.332,0.465,-0.536,-1.526,-0.539,6.88,-3.519,-3.0,0.966,-0.041,-1.56,3.051,-1.227,4.418,-3.0,-0.059,0.0,0.0,0.0,0.0,0.0,0.0,0.0,0.0,0.0,0.0
GoldS210,XAUUSDc,62,-0.7055,-1.411,3,-0.0284,0.0,452,31.6372,1,9,0,0.01,1.5,1.5,0.0,1.0,15,1,-15.507,9,0,2,0,0.0,0.0,0.0,0.0,0.0,0.0,1.479,7.175,-4.0,-0.508,-1.502,-5.0,2.429,-0.507,-3.0,-0.504,-4.502,4.965,-1.999,-0.555,-3.0,-2.069,-1.22,3.54,-2.0,-1.554,2.421,-1.478,-3.999,0.96,-1.511,-1.515,-4.0,-1.51,-1.511,-0.066,4.296,-5.0,-0.017,-0.58,2.469,-3.0,3.714,0.489,-1.0,-3.0,-3.0,-4.0,0.888,-3.15,-2.51,7.795,0.946,-1.609,-1.511,-1.0,-3.014,-1.51,1.933,1.291,1.439,5.516,-1.007,-3.0,3.442,-3.999,1.716,2.531,-2.531,0.493,3.169,1.986,5.515,-0.525,3.467,9.399,-2.0,-2.0,-1.501,-2.503,-1.509,-1.529,1.994,10.096,0.944,-1.025,0.093,-1.0,-3.517,1.368,2.419,-4.0,-1.516,2.687,-1.552,-2.502,1.078,-2.0,5.298,-4.0,4.918,0.0,1.399,-2.0,0.794,3.107,0.465,-0.536,-1.526,-0.539,9.641,-3.519,-3.0,0.966,-0.041,-1.56,3.076,-1.227,4.418,-4.0,0.94,0.0,0.0,0.0,0.0,0.0,0.0,0.0,0.0,0.0,0.0
GoldS210,XAUUSDc,137,-1.1573,-3.472,2,-0.0714,0.0,438,14.1553,1,7,0,0.01,1.7,2.5,0.0,1.0,15,1,-29.106,22,0,2,0,0.0,0.0,0.0,0.0,0.0,0.0,-1.0,-1.513,-4.0,-3.0,-0.504,-4.0,-0.501,0.488,-3.0,0.494,-3.503,-2.0,-1.999,4.255,-3.0,9.844,2.791,-5.0,-2.0,-0.563,0.481,-5.0,-4.0,19.612,-3.0,-4.0,-4.0,-0.517,14.42,-1.513,3.698,-6.0,3.434,0.413,-1.524,-3.0,9.927,1.482,-1.0,-3.0,-3.0,-4.0,-3.0,7.209,-5.0,-3.501,-3.0,-6.0,-4.0,-1.0,-4.51,-4.0,1.461,-3.0,17.12,9.952,-2.501,-3.0,-1.999,-4.999,-0.529,-4.0,20.634,1.546,14.493,4.926,-3.0,-3.0,19.025,-3.0,-3.0,-2.0,-0.502,-1.506,-3.999,-4.0,-2.999,-4.0,-3.0,3.97,2.302,-1.0,-2.528,-5.0,15.446,-4.0,-0.527,-0.526,9.213,-5.0,-5.0,-2.0,-3.0,-1.536,-3.999,0.0,0.852,-2.0,2.191,-1.593,2.683,-0.561,-4.0,-2.0,-4.0,-5.999,-0.522,14.485,-5.0,-4.0,-3.0,4.076,-0.504,-4.0,12.082,0.0,0.0,0.0,0.0,0.0,0.0,0.0,0.0,0.0,0.0
GoldS210,XAUUSDc,578,8.626,12.939,4,0.322,40.84,486,30.6584,1,9,0,0.01,1.5,1.5,0.0,0.0,15,1,7.655,1,0,2,0,0.6,0.0,0.0,0.0,0.0,0.0,1.479,0.628,-4.0,1.051,-4.0,-5.0,6.801,-1.507,-3.0,-0.504,-4.502,2.651,-2.999,-4.0,-4.0,-3.88,-1.255,3.934,2.355,-1.455,-1.023,-1.478,0.934,-1.288,-2.511,-4.0,-4.0,-0.51,3.535,2.49,2.77,-5.0,3.938,-3.0,4.625,-0.03,-0.515,0.827,-2.0,1.665,-3.0,-4.0,6.403,5.852,-2.51,7.178,-1.503,-1.974,-1.511,-1.0,-2.879,-1.51,-2.353,-0.454,1.525,5.158,-3.501,-3.0,5.364,-4.0,2.451,1.424,3.319,0.493,1.979,1.987,4.899,-0.396,3.467,5.9,0.0,-4.999,-0.501,-2.503,2.801,0.414,2.731,4.429,1.985,0.121,0.093,-1.0,-2.154,5.773,6.969,-4.0,-1.123,0.351,-2.505,-2.502,1.078,-2.0,1.22,-4.0,3.904,0.0,1.399,-2.0,-2.0,-2.559,0.465,1.394,-1.526,-0.539,11.958,-2.053,-4.0,1.061,1.088,1.289,2.443,-1.462,7.205,-3.0,1.16,0.0,0.0,0.0,0.0,0.0,0.0,0.0,0.0,0.0,0.0
GoldS210,XAUUSDc,723,1.3475,2.695,3,0.0881,71.54,500,46.8,1,11,0,0.01,1.5,1.0,0.0,0.0,15,1,0.767,0,0,2,0,0.8,0.0,0.0,0.0,0.0,0.0,0.986,-0.891,-1.022,1.587,-1.654,-1.318,2.163,0.977,-0.706,0.286,-4.001,0.167,2.046,-4.0,-3.0,-1.219,-3.005,2.271,-1.605,0.955,-0.025,2.273,2.587,-2.012,-3.007,-1.63,-4.0,0.614,-1.676,0.987,4.103,3.24,0.968,-0.613,1.292,-3.0,1.076,-2.002,-2.0,-0.002,0.191,-4.0,3.401,0.73,-3.007,3.565,-0.009,-2.016,-2.007,-1.0,-3.967,-2.007,-1.66,-1.005,-0.635,4.722,0.455,-3.0,2.754,0.675,-0.695,0.962,5.852,1.382,0.538,3.338,2.986,-0.698,4.403,-0.018,-0.256,-4.0,-1.001,-3.002,1.973,-0.506,2.803,-1.518,0.224,-0.023,-1.015,-1.0,0.918,-1.034,1.931,-4.0,-1.766,3.59,-1.617,-2.017,3.922,0.645,6.443,-2.004,2.302,0.0,-0.068,-2.0,1.546,-3.042,-0.023,1.914,-0.019,0.973,4.328,-1.165,-4.0,0.038,2.932,-1.354,0.276,0.466,2.852,-0.008,2.637,0.0,0.0,0.0,0.0,0.0,0.0,0.0,0.0,0.0,0.0
GoldS210,XAUUSDc,130,10.6357,31.907,2,0.4117,233.25,480,12.5,1,9,0,0.01,1.9,2.5,0.0,0.5,15,1,-42.515,21,0,2,0,0.0,0.0,0.0,0.0,0.0,0.0,-1.0,34.23,-4.0,-4.0,-3.0,-6.0,-1.501,0.488,-4.0,0.494,-3.503,-3.0,-5.0,-4.0,-3.0,9.844,1.644,-5.0,-5.0,8.326,-1.519,-5.0,-3.999,12.478,0.533,-4.0,-4.0,-1.517,7.521,-1.513,3.668,-7.0,-1.515,-3.0,-1.523,-3.0,-3.0,-3.999,-2.0,-2.999,-4.0,-3.0,-0.747,-3.647,-4.999,72.921,-4.0,-6.0,-4.0,-1.0,3.532,-3.999,2.418,3.838,1.442,10.656,-2.501,-3.0,-1.999,-5.0,-1.529,-4.0,9.18,1.546,19.897,2.901,-2.999,-2.999,49.055,-2.999,-4.0,-4.0,0.498,-1.506,-4.0,-4.0,4.095,-4.0,-2.999,1.004,2.302,-1.0,1.398,-6.0,-1.51,-4.0,0.163,-2.526,-1.508,-5.0,0.471,-2.0,-3.999,0.896,-0.649,0.0,0.852,-2.0,-3.0,-1.593,1.441,7.282,-4.0,-2.0,-3.999,-6.0,-5.0,-0.536,-5.999,-3.0,-3.0,9.751,3.121,-4.0,2.851,0.0,0.0,0.0,0.0,0.0,0.0,0.0,0.0,0.0,0.0
GoldS210,XAUUSDc,83,-6.114,-36.684,1,-0.3869,0.0,488,18.2377,1,11,0,0.01,1.9,2.0,0.0,0.0,15,1,-61.043,17,0,2,0,0.0,0.0,0.0,0.0,0.0,0.0,1.972,11.458,-4.0,-4.0,-3.0,-6.0,10.31,-1.01,-3.0,-0.005,-4.003,-3.0,0.545,-4.0,-4.0,-3.809,0.365,-2.025,-5.0,-0.886,-3.015,0.423,4.172,3.504,-0.331,-4.0,-4.0,-0.014,5.256,-1.011,-6.0,-6.0,-2.012,3.13,0.97,-1.017,0.571,1.386,-2.0,-2.999,-4.0,-3.0,-2.843,-6.02,-2.014,24.156,-1.004,-6.0,-1.014,-1.0,0.642,-4.0,-1.428,0.829,2.579,6.895,-3.001,-4.0,2.849,-4.0,1.547,-4.0,-1.379,0.991,7.815,0.985,-0.014,-3.998,11.518,-2.999,-4.0,-4.0,-0.002,-2.005,-5.0,-4.0,-0.001,-4.0,-0.009,9.688,-0.031,-1.0,-3.022,-0.6,-2.008,-4.0,-0.48,-3.021,-2.006,-5.0,-0.445,-3.0,-4.999,-0.162,3.688,0.0,-0.11,-2.0,-2.0,-2.076,0.953,0.888,-4.0,-2.0,23.307,-6.0,-4.0,2.086,12.944,6.424,15.368,-6.0,3.94,-4.0,-0.01,0.0,0.0,0.0,0.0,0.0,0.0,0.0,0.0,0.0,0.0
GoldS210,XAUUSDc,276,-14.9852,-89.911,1,-0.8705,0.0,449,18.0401,1,5,0,0.01,1.5,2.0,0.0,1.0,15,1,-105.76,15,0,2,0,0.2,0.0,0.0,0.0,0.0,0.0,1.972,-2.01,-4.0,-0.01,-1.003,-4.0,0.938,-0.01,-3.0,0.893,-4.002,-2.0,-2.0,0.924,-3.0,2.792,0.997,-2.024,-2.0,0.496,-1.015,-4.0,-4.0,12.789,-3.0,-4.0,-4.0,-1.014,-4.0,-2.011,-7.0,-5.0,-0.943,-0.083,0.97,-3.0,-3.0,0.986,-1.0,-3.0,-3.0,-4.0,1.366,3.119,-2.014,0.481,-1.004,-6.0,-1.014,-1.0,-5.008,-4.0,-0.032,3.135,6.501,6.501,-3.001,-3.0,-0.062,-3.999,-2.023,-4.0,16.943,0.991,-6.0,3.14,4.412,-3.0,-0.022,-3.0,-2.0,-2.0,-1.002,-2.005,-4.0,-4.0,-0.001,-4.0,-0.009,1.243,1.197,-1.0,-3.022,-5.0,11.335,-4.0,-1.022,-1.021,3.26,-4.999,-2.063,-2.0,-2.998,-2.032,2.58,0.0,-0.11,-2.0,1.484,-2.076,0.953,-1.049,-4.0,-2.0,13.797,-6.0,-1.018,11.679,-2.042,-4.0,-1.042,-4.999,7.108,-4.0,1.921,0.0,0.0,0.0,0.0,0.0,0.0,0.0,0.0,0.0,0.0
GoldS210,XAUUSDc,386,-1.1807,-3.542,2,-0.1472,0.0,477,50.1048,1,9,0,0.01,1.5,1.0,0.0,1.0,15,1,-4.542,0,0,2,0,0.4,0.0,0.0,0.0,0.0,0.0,0.986,-1.008,-1.022,0.986,-0.015,-2.003,0.941,0.977,-1.047,-0.009,-4.001,-0.165,0.934,0.755,-3.0,-2.068,-1.071,1.979,-0.125,0.93,0.932,1.982,1.99,-2.012,-2.007,-0.059,-4.0,-0.049,-2.008,-0.061,2.89,1.99,0.968,-1.077,0.978,-3.0,0.935,-0.007,-1.0,-1.002,-0.001,-4.0,2.891,-1.147,-3.007,2.948,1.942,-2.016,-2.007,-1.0,-4.009,-2.007,2.922,-1.054,0.96,3.819,0.967,-3.0,1.955,-0.088,-1.026,0.962,4.953,0.99,-0.023,2.984,1.936,-0.016,3.977,-0.018,-1.103,-1.0,-1.001,-3.002,1.973,-1.059,1.985,-2.0,-0.046,-0.023,-1.015,-1.0,0.918,-1.034,0.946,-4.0,-2.011,1.926,-2.048,-2.017,3.922,-0.006,4.907,-2.004,1.965,0.0,-0.068,-2.0,0.941,-1.09,-0.023,-0.029,-0.019,0.973,3.924,-2.034,-2.007,-0.022,2.932,-2.055,-0.032,-0.097,1.965,-0.008,1.91,0.0,0.0,0.0,0.0,0.0,0.0,0.0,0.0,0.0,0.0
GoldS210,XAUUSDc,622,4.954,9.908,3,0.1646,91.68,470,21.7021,1,9,0,0.01,1.9,2.0,0.0,0.0,15,1,0.824,25,0,2,0,0.6,0.0,0.0,0.0,0.0,0.0,1.972,5.035,-4.0,2.204,-4.0,-5.0,10.57,-1.01,-3.0,-0.005,-4.003,-2.0,-2.999,-4.0,-4.0,-1.658,0.152,-4.0,-5.0,-0.886,-2.015,-0.474,2.578,0.748,-0.332,-4.0,-4.0,-0.014,2.075,7.177,-5.0,-6.0,-1.011,-3.0,0.97,1.35,-3.0,2.617,-2.0,-3.0,-3.0,-4.0,3.54,5.012,-2.014,11.391,-1.004,-6.0,-1.014,-1.0,0.642,-4.0,-1.428,0.91,2.371,4.127,-3.001,-3.0,0.718,-4.0,-0.456,-4.0,16.55,0.991,7.417,0.985,-0.014,-3.0,6.061,-3.0,0.0,-4.999,-0.002,-2.005,2.114,6.084,-0.001,11.835,-0.009,6.141,1.197,-1.0,-0.647,1.029,12.405,-4.0,-0.48,3.203,-2.006,-5.0,-0.507,-2.0,-5.0,-0.162,3.765,0.0,-0.11,-2.0,-2.0,-2.076,0.953,3.152,-4.0,-2.0,13.577,-6.0,-4.0,2.086,6.007,4.862,6.477,-4.999,10.208,-3.0,-2.009,0.0,0.0,0.0,0.0,0.0,0.0,0.0,0.0,0.0,0.0
GoldS210,XAUUSDc,730,-3.124,-6.248,3,-0.1653,0.0,503,45.7256,1,9,0,0.01,1.9,1.0,0.0,0.0,15,1,-8.052,0,0,2,0,0.8,0.0,0.0,0.0,0.0,0.0,0.986,-0.514,-0.646,1.512,-1.566,-1.318,2.216,0.977,-0.706,0.398,-4.001,0.167,-0.31,-4.0,-3.0,-1.25,-3.005,2.271,-1.174,0.955,-0.025,0.029,2.587,-2.012,-3.007,-1.592,-4.0,0.634,-2.008,0.955,4.316,3.417,0.968,-3.0,1.482,-3.0,-1.01,-2.002,-2.0,0.996,0.191,-4.0,3.44,0.73,-3.007,3.565,-0.009,-2.016,-2.007,-1.0,-3.967,-2.007,-1.66,-1.005,-0.607,5.026,0.716,-3.0,2.676,0.791,-0.695,1.218,5.388,-1.004,0.532,3.338,3.011,-0.698,4.637,-0.018,-0.196,-4.0,-1.001,-3.002,1.973,-0.25,2.804,-1.492,0.224,0.307,-1.015,-1.0,0.918,-0.766,2.017,-4.0,-1.766,3.023,-3.003,-2.017,3.922,0.416,6.246,-2.004,2.302,0.0,-0.068,-2.0,1.593,-3.042,-0.023,2.348,-0.019,0.973,4.328,-1.173,-4.0,0.038,3.257,-1.354,0.276,0.143,2.975,-0.008,2.589,0.0,0.0,0.0,0.0,0.0,0.0,0.0,0.0,0.0,0.0
GoldS210,XAUUSDc,439,1.9545,3.909,3,0.1003,366.31,481,19.9584,1,11,0,0.01,1.7,2.0,0.0,0.0,15,1,-10.41,25,0,2,0,0.4,0.0,0.0,0.0,0.0,0.0,1.972,6.763,-4.0,-4.0,-3.0,-5.0,16.59,-1.009,-3.0,-0.005,-4.003,-3.0,0.545,-4.0,-4.0,-3.809,0.365,-2.025,-5.0,-0.886,-2.015,-0.577,4.172,2.972,-0.332,-4.0,-4.0,-0.014,6.255,9.357,-6.0,-6.0,-1.012,3.13,0.97,-1.017,0.571,1.386,-2.0,-3.0,-4.0,-3.0,8.922,0.774,-2.014,15.614,-1.004,-6.0,-1.014,-1.0,0.642,-4.0,-1.428,0.829,2.579,4.957,-3.001,-4.0,0.856,-4.0,1.256,-4.0,18.119,0.991,5.615,0.985,-0.014,-4.0,7.68,-2.999,-4.0,-3.999,-0.002,-2.005,-4.0,-5.0,-0.001,8.282,-0.009,9.688,-0.031,-1.0,-3.022,-0.6,13.311,-4.0,-0.48,-2.021,-2.006,-5.0,-0.445,-3.0,-4.999,-0.162,3.688,0.0,-0.11,-2.0,-2.0,-2.076,0.953,0.888,-4.0,-2.0,11.128,-5.999,-4.0,2.086,8.206,6.424,10.602,-6.0,3.94,-3.0,-1.009,0.0,0.0,0.0,0.0,0.0,0.0,0.0,0.0,0.0,0.0
GoldS210,XAUUSDc,443,1.9545,3.909,3,0.1003,366.31,481,19.9584,1,11,0,0.01,1.9,2.0,0.0,0.0,15,1,-10.41,25,0,2,0,0.4,0.0,0.0,0.0,0.0,0.0,1.972,6.763,-4.0,-4.0,-3.0,-5.0,16.59,-1.009,-3.0,-0.005,-4.003,-3.0,0.545,-4.0,-4.0,-3.809,0.365,-2.025,-5.0,-0.886,-2.015,-0.577,4.172,2.972,-0.332,-4.0,-4.0,-0.014,6.255,9.357,-6.0,-6.0,-1.012,3.13,0.97,-1.017,0.571,1.386,-2.0,-3.0,-4.0,-3.0,8.922,0.774,-2.014,15.614,-1.004,-6.0,-1.014,-1.0,0.642,-4.0,-1.428,0.829,2.579,4.957,-3.001,-4.0,0.856,-4.0,1.256,-4.0,18.119,0.991,5.615,0.985,-0.014,-4.0,7.68,-2.999,-4.0,-3.999,-0.002,-2.005,-4.0,-5.0,-0.001,8.282,-0.009,9.688,-0.031,-1.0,-3.022,-0.6,13.311,-4.0,-0.48,-2.021,-2.006,-5.0,-0.445,-3.0,-4.999,-0.162,3.688,0.0,-0.11,-2.0,-2.0,-2.076,0.953,0.888,-4.0,-2.0,11.128,-5.999,-4.0,2.086,8.206,6.424,10.602,-6.0,3.94,-3.0,-1.009,0.0,0.0,0.0,0.0,0.0,0.0,0.0,0.0,0.0,0.0
GoldS210,XAUUSDc,161,-19.8083,-59.425,2,-0.6508,0.0,483,8.0745,1,7,0,0.01,1.7,3.0,0.0,0.5,15,1,-127.575,20,0,2,0,0.0,0.0,0.0,0.0,0.0,0.0,-1.0,-2.013,-4.0,-4.0,-3.0,-6.0,-1.0,0.986,-3.0,-3.0,-3.004,-3.0,-5.0,-4.0,-3.0,-5.0,4.584,-6.0,-6.0,11.479,-5.0,-5.0,-4.999,33.903,-4.999,-4.0,-4.0,-4.999,21.275,-2.016,-4.0,-7.0,17.459,-3.0,-1.029,-3.0,-2.999,-4.998,-2.0,-2.999,-4.0,-3.0,-5.999,11.279,-5.0,-6.0,-5.0,-6.0,-4.0,-1.0,-4.011,-4.0,3.724,-3.999,1.938,14.044,-0.239,-3.0,-1.999,-5.0,-5.0,-4.0,-6.0,2.066,64.15,6.71,-3.0,-2.999,26.099,-3.0,-4.0,-4.0,0.997,-1.007,-3.999,-4.0,-2.999,-4.0,-3.0,6.698,3.407,-1.0,-6.0,-4.999,4.492,-4.0,0.329,-5.0,7.693,-5.0,-5.0,-3.0,-5.0,-4.0,-5.0,0.0,4.816,-2.0,-3.0,-4.0,13.335,-2.072,-4.0,-2.0,-4.0,-6.0,-5.0,-4.0,-6.0,-3.0,-3.0,-5.999,5.193,-4.0,21.295,0.0,0.0,0.0,0.0,0.0,0.0,0.0,0.0,0.0,0.0
GoldS210,XAUUSDc,46,-7.8717,-23.615,2,-0.2615,0.0,502,24.3028,1,9,0,0.01,1.9,1.5,0.0,0.0,15,1,-53.881,13,0,2,0,0.0,0.0,0.0,0.0,0.0,0.0,1.479,4.334,-4.0,-4.0,-3.0,-6.0,3.321,-1.507,-3.0,-0.504,-4.502,-3.0,-0.749,-4.0,-4.0,-3.069,-1.22,2.54,-1.925,-1.455,-1.023,-1.478,-4.0,0.96,-2.511,-4.0,-4.0,-2.51,-3.511,-1.508,10.503,-6.0,-0.017,-3.0,-0.021,0.064,-0.515,-3.999,-2.0,-2.999,-4.0,-3.0,-3.397,-1.752,-2.51,12.999,-1.503,-1.609,-1.511,-1.0,-2.879,-1.51,-2.353,-0.454,1.525,11.204,-2.007,-3.0,1.493,-4.0,4.355,2.531,-5.0,0.493,5.024,1.987,9.756,0.263,3.467,8.399,-3.0,-4.0,-0.501,-2.503,-2.509,-4.0,2.731,13.322,2.385,4.305,0.093,-1.0,-1.937,0.799,28.76,-4.0,-1.123,0.351,-2.505,-2.502,1.078,-2.0,1.221,-4.0,4.436,0.0,1.399,-2.0,-2.0,-2.559,0.465,3.25,-1.526,-0.539,7.162,-0.457,-4.0,1.061,-2.502,1.964,6.026,-6.0,3.059,-4.0,-2.508,0.0,0.0,0.0,0.0,0.0,0.0,0.0,0.0,0.0,0.0
GoldS210,XAUUSDc,349,20.455,40.91,3,0.7516,128.38,429,10.9557,1,7,0,0.01,1.5,3.0,0.0,1.0,15,1,-11.612,20,0,2,0,0.2,0.0,0.0,0.0,0.0,0.0,-1.0,-1.016,-4.0,-3.0,-4.0,-4.0,-0.001,0.986,-3.0,-3.0,-3.003,-2.0,-1.999,7.585,-3.0,-5.0,4.584,-5.0,-2.0,-0.067,-3.0,-5.0,-4.0,33.903,-3.0,-4.0,-4.0,-3.999,21.275,-1.016,-4.0,-5.999,18.46,0.91,-1.029,-3.0,20.646,1.979,-1.0,-3.0,-3.0,-4.0,-3.0,12.279,-5.0,-6.0,-4.0,-6.0,-4.0,-1.0,-4.011,-4.0,1.953,-3.0,23.255,13.178,-0.239,-3.0,-1.999,-4.999,-4.0,-4.0,-6.0,2.066,48.522,6.71,-3.0,-3.0,26.099,-3.0,-2.0,-2.0,-0.003,-1.007,-4.0,-4.0,-3.0,-4.0,-3.0,6.698,3.407,-1.0,-1.032,-5.0,9.369,-4.0,-0.033,-4.0,14.267,-5.0,-5.0,-2.0,-3.0,-1.04,-3.999,0.0,4.816,-2.0,2.897,-4.0,13.335,-0.073,-4.0,-2.0,-4.0,-5.999,-0.027,-4.0,-5.0,-4.0,-3.0,-4.998,-0.005,-4.0,18.324,0.0,0.0,0.0,0.0,0.0,0.0,0.0,0.0,0.0,0.0
GoldS210,XAUUSDc,196,-3.514,-10.542,2,-0.2712,0.0,517,40.0387,1,5,0,0.01,1.7,1.0,0.0,0.5,15,1,-19.864,1,0,2,0,0.2,0.0,0.0,0.0,0.0,0.0,0.986,-2.007,0.168,-0.014,-3.0,0.725,4.099,3.047,-1.047,-0.009,-4.001,-3.0,-5.0,-4.0,-3.0,6.32,-0.6,2.484,-3.02,0.462,0.658,2.77,2.314,-2.012,-5.0,-4.0,-4.0,-1.01,-3.008,-0.431,6.217,1.108,2.174,-0.048,4.205,-3.0,-1.01,-1.007,-2.0,0.996,-0.858,-3.0,-3.062,2.267,-3.007,5.849,-0.009,-2.016,-2.007,-1.0,-4.009,-2.007,-0.52,-4.0,-0.009,7.301,-1.004,-3.0,3.74,4.134,-0.026,0.962,3.549,-1.004,-2.012,2.984,5.898,1.682,4.27,2.108,-2.006,-4.0,-1.001,-3.002,1.973,0.42,7.337,-2.0,-0.046,-0.023,-1.015,-1.0,1.751,2.816,-3.003,-4.0,-1.766,3.211,-3.003,-2.017,3.922,-3.0,6.967,-2.004,-1.029,0.0,-0.068,-2.0,-1.037,-3.042,-0.023,-0.055,-0.019,0.973,1.927,-2.727,-5.0,-0.022,5.143,-0.101,1.006,0.261,-0.033,1.643,2.447,0.0,0.0,0.0,0.0,0.0,0.0,0.0,0.0,0.0,0.0
GoldS210,XAUUSDc,198,-12.498,-37.494,2,-0.6293,0.0,514,41.2451,1,9,0,0.01,1.7,1.0,0.0,0.5,15,1,-45.014,1,0,2,0,0.2,0.0,0.0,0.0,0.0,0.0,0.986,-2.007,0.069,-0.014,-3.0,-4.0,-1.01,0.977,-4.0,-0.009,-4.001,-3.0,-2.147,-4.0,-3.0,4.518,-0.6,4.646,-3.02,1.848,-0.025,0.869,2.314,-2.012,-3.007,-4.0,-4.0,-1.01,-2.008,-1.43,6.196,1.108,0.968,-3.0,-1.015,-3.0,-1.01,-2.002,-2.0,0.996,-0.809,-3.0,-3.062,1.007,-3.007,3.607,-0.009,-2.016,-2.007,-1.0,-4.009,-2.007,-0.52,-1.933,-0.009,4.036,-1.004,-3.0,1.955,2.643,-0.026,0.962,2.978,-1.004,2.204,2.984,4.904,1.682,7.805,-0.018,-2.006,-4.0,-1.001,-3.002,1.973,-1.97,6.191,-2.0,-0.046,-0.023,-1.015,-1.0,0.918,-1.034,1.22,-4.0,-1.766,0.653,-3.003,-2.017,3.922,1.131,6.637,-2.004,1.294,0.0,-0.068,-2.0,-1.037,-3.042,-0.023,3.498,-0.019,0.973,1.927,-0.375,-5.0,-0.022,1.932,0.51,-0.032,-1.959,3.759,-0.008,-1.055,0.0,0.0,0.0,0.0,0.0,0.0,0.0,0.0,0.0,0.0
GoldS210,XAUUSDc,264,-22.4982,-134.989,1,-0.8977,0.0,500,14.8,1,5,0,0.01,1.5,2.0,0.0,0.5,15,1,-150.838,18,0,2,0,0.2,0.0,0.0,0.0,0.0,0.0,1.972,-3.008,-4.0,-1.01,-3.0,-6.0,10.997,-0.01,-3.0,0.893,-4.002,-3.0,-5.0,-4.0,-3.0,2.792,0.997,-3.025,-6.0,-5.0,-3.014,-1.066,-4.0,12.789,-5.0,-4.0,-4.0,-2.014,-5.0,2.641,-7.0,-6.0,-0.943,3.072,0.97,-3.0,-3.0,-5.0,-2.0,-2.999,-4.0,-3.0,-0.633,2.119,-2.014,9.663,-1.004,-6.0,-1.014,-1.0,-5.008,-4.0,0.112,-4.0,0.947,7.043,-3.001,-3.0,-0.062,-4.0,-3.022,-4.0,16.943,0.991,-6.0,3.14,4.412,-2.999,-0.022,-3.0,-4.0,-4.0,-0.002,-2.005,-4.0,-4.0,4.007,-4.0,-0.009,1.243,1.197,-1.0,-6.0,-5.0,1.135,-4.0,-0.48,3.439,1.208,-4.999,-2.063,-3.0,-5.0,-4.0,1.58,0.0,-0.11,-2.0,-3.0,-2.076,0.953,-3.049,-4.0,-2.0,13.797,-6.0,-5.0,11.679,-3.041,3.405,1.42,-6.0,3.483,-4.0,3.676,0.0,0.0,0.0,0.0,0.0,0.0,0.0,0.0,0.0,0.0
GoldS210,XAUUSDc,33,-1.1807,-3.542,2,-0.1472,0.0,477,50.1048,1,7,0,0.01,1.9,1.0,0.0,1.0,15,1,-4.542,0,0,2,0,0.0,0.0,0.0,0.0,0.0,0.0,0.986,-1.008,-1.022,0.986,-0.015,-2.003,0.941,0.977,-1.047,-0.009,-4.001,-0.165,0.934,0.755,-3.0,-2.068,-1.071,1.979,-0.125,0.93,0.932,1.982,1.99,-2.012,-2.007,-0.059,-4.0,-0.049,-2.008,-0.061,2.89,1.99,0.968,-1.077,0.978,-3.0,0.935,-0.007,-1.0,-1.002,-0.001,-4.0,2.891,-1.147,-3.007,2.948,1.942,-2.016,-2.007,-1.0,-4.009,-2.007,2.922,-1.054,0.96,3.819,0.967,-3.0,1.955,-0.088,-1.026,0.962,4.953,0.99,-0.023,2.984,1.936,-0.016,3.977,-0.018,-1.103,-1.0,-1.001,-3.002,1.973,-1.059,1.985,-2.0,-0.046,-0.023,-1.015,-1.0,0.918,-1.034,0.946,-4.0,-2.011,1.926,-2.048,-2.017,3.922,-0.006,4.907,-2.004,1.965,0.0,-0.068,-2.0,0.941,-1.09,-0.023,-0.029,-0.019,0.973,3.924,-2.034,-2.007,-0.022,2.932,-2.055,-0.032,-0.097,1.965,-0.008,1.91,0.0,0.0,0.0,0.0,0.0,0.0,0.0,0.0,0.0,0.0
GoldS210,XAUUSDc,372,-2.6605,-5.321,3,-0.18,0.0,515,42.1359,1,5,0,0.01,1.5,1.0,0.0,0.5,15,1,-9.545,0,0,2,0,0.4,0.0,0.0,0.0,0.0,0.0,0.986,-2.007,0.168,-0.014,-3.0,-0.505,2.248,2.554,-1.047,-0.009,-4.001,-3.0,-5.0,-4.0,-3.0,0.808,-0.6,5.094,-3.02,2.959,0.637,1.839,2.314,-2.012,-5.0,-4.0,-4.0,1.035,-3.008,2.426,4.629,6.332,1.615,-0.048,2.86,-3.0,-1.01,-1.007,-2.0,0.996,-0.858,-3.0,2.548,1.413,-3.007,7.992,-0.009,-2.016,-2.007,-1.0,-4.009,-2.007,-0.52,-4.0,-0.009,5.393,2.289,-3.0,3.343,2.577,-0.026,0.962,3.549,-1.004,-2.012,2.984,5.065,1.575,3.366,1.471,-2.006,-4.0,-1.001,-3.002,1.973,-1.688,5.079,-2.0,-0.046,-0.023,-1.015,-1.0,1.751,0.982,-0.126,-4.0,-1.766,3.211,-3.003,-2.017,3.922,-3.0,6.032,-2.004,-1.029,0.0,-0.068,-2.0,-1.037,-3.042,-0.023,3.814,-0.019,0.973,1.927,0.728,-5.0,-0.022,3.298,-0.101,1.006,-0.534,-0.033,0.886,2.447,0.0,0.0,0.0,0.0,0.0,0.0,0.0,0.0,0.0,0.0
GoldS210,XAUUSDc,107,-14.759,-44.277,2,-0.593,0.0,441,20.4082,1,11,0,0.01,1.9,2.0,0.0,1.0,15,1,-68.636,13,0,2,0,0.0,0.0,0.0,0.0,0.0,0.0,1.972,-2.01,-4.0,-0.01,-1.003,-5.0,0.938,-0.01,-3.0,-0.005,-4.003,-2.0,-2.0,0.924,-3.0,-2.809,0.365,-2.025,-2.0,-1.058,-1.015,-0.577,5.172,2.504,-3.0,-3.0,4.429,-1.014,3.663,3.047,-6.0,-6.0,-2.012,-0.083,0.97,-3.0,3.41,0.986,-1.0,-3.0,-3.0,-4.0,-0.065,-2.161,-2.014,24.296,-0.004,-6.0,-1.014,-1.0,0.414,-4.0,-0.032,3.135,3.388,0.913,-2.001,-4.0,-0.061,-3.999,-2.023,-4.0,-1.379,0.991,4.978,0.985,-0.014,-3.0,11.518,-2.999,-2.0,-2.0,-1.002,-2.005,-4.0,-4.0,-0.001,-4.0,-0.009,9.367,-0.031,-1.0,-3.022,-5.999,6.789,-4.0,-1.022,-3.0,-4.0,-5.0,-0.445,-2.0,-2.998,-2.032,3.911,0.0,-0.11,-2.0,1.484,-2.076,0.953,-0.049,-4.0,-2.0,29.121,-6.0,-3.0,1.955,-2.042,1.658,8.299,-4.0,6.441,-4.0,-0.01,0.0,0.0,0.0,0.0,0.0,0.0,0.0,0.0,0.0,0.0
GoldS210,XAUUSDc,323,24.6327,36.949,4,1.0333,112.1,431,15.7773,1,11,0,0.01,1.9,2.5,0.0,1.0,15,1,-4.47,25,0,2,0,0.2,0.0,0.0,0.0,0.0,0.0,-1.0,19.601,-4.0,-2.999,-0.504,-5.0,-0.501,0.488,-3.0,0.494,-3.503,-2.0,-2.0,4.255,-3.0,0.501,1.982,-5.0,-2.0,-0.563,-0.519,-4.0,8.086,11.478,-3.0,-3.0,10.098,-0.517,8.16,-0.513,-6.0,-6.0,-1.515,0.413,-1.524,-3.0,5.592,1.482,-1.0,-3.0,-3.0,-4.0,2.252,-2.647,-5.0,39.918,-3.0,-6.0,-4.0,-1.0,3.532,-4.0,1.461,12.633,9.056,2.898,-1.501,-4.0,-1.999,-5.0,-0.529,-4.0,1.323,1.558,14.493,2.901,-2.999,-3.0,16.859,-3.0,-2.0,-2.0,-0.502,-1.506,-4.0,-4.0,4.095,-4.0,-2.999,5.323,0.461,-1.0,-2.528,-5.999,9.837,-4.0,-0.527,-3.0,-4.0,-5.0,4.243,-2.0,-2.998,-1.536,5.797,0.0,0.852,-2.0,2.191,-1.593,1.441,0.439,-4.0,-2.0,5.751,-6.0,-3.0,13.086,-5.0,-4.0,-3.0,13.093,0.496,-5.0,4.851,0.0,0.0,0.0,0.0,0.0,0.0,0.0,0.0,0.0,0.0
GoldS210,XAUUSDc,599,-5.2483,-15.745,2,-0.3802,0.0,483,31.0559,1,11,0,0.01,1.9,1.5,0.0,0.5,15,1,-20.86,1,0,2,0,0.6,0.0,0.0,0.0,0.0,0.0,1.479,0.393,-4.0,-0.508,-4.0,-5.0,4.242,-0.507,-4.0,-0.504,-4.501,2.651,-3.0,-4.0,-3.0,1.115,-1.379,3.934,1.664,-0.203,-1.023,-1.478,1.543,-1.288,-2.511,-4.0,-4.0,-0.51,2.497,2.069,-0.985,-5.0,3.938,0.963,4.067,-3.0,2.318,-0.068,-2.0,1.65,-3.0,-4.0,6.075,4.26,-2.51,3.442,-1.503,-1.974,-1.511,-1.0,-3.014,-1.51,-1.194,-0.373,0.486,2.734,-2.501,-3.0,3.442,-4.0,3.704,-0.038,3.439,0.493,1.935,1.986,4.403,0.795,3.467,5.478,-4.0,-4.0,-0.501,-2.503,2.317,-0.217,2.731,2.617,0.944,-1.025,-0.523,-1.0,-2.517,4.567,1.617,-4.0,-1.123,-1.069,-1.552,-2.502,1.078,-2.0,2.221,-4.0,3.729,0.0,1.399,-2.0,-2.0,-2.559,0.465,-0.083,-1.526,-0.539,11.949,-2.053,-4.0,0.966,-1.04,1.289,2.162,-2.023,6.398,-3.0,2.092,0.0,0.0,0.0,0.0,0.0,0.0,0.0,0.0,0.0,0.0
GoldS210,XAUUSDc,148,-30.0147,-90.044,2,-0.7382,0.0,496,8.2661,1,5,0,0.01,1.7,3.0,0.0,0.0,15,1,-134.39,22,0,2,0,0.0,0.0,0.0,0.0,0.0,0.0,-1.0,-0.101,-4.0,-3.999,-3.0,-6.0,-0.998,-0.014,-2.0,-3.0,-3.004,-2.999,-5.0,-4.0,-5.0,-5.0,4.584,-5.0,0.3,13.282,-5.999,-4.0,7.735,42.346,-5.0,-4.0,-4.0,-2.999,-6.0,-2.016,-6.0,-6.0,8.525,6.191,-1.028,32.706,-3.0,-6.0,-2.0,-2.999,-4.0,-3.0,5.458,15.534,-5.0,-7.0,-4.0,-6.0,-4.0,-1.0,-3.597,-4.0,-2.229,-5.0,4.472,10.308,-1.646,-3.0,-4.0,-4.0,-5.999,6.921,-4.999,19.488,-6.0,5.488,15.755,-3.998,0.98,-3.0,-4.0,-3.999,0.997,-1.007,-4.0,-5.0,-3.0,-5.0,-3.0,8.4,3.407,-1.0,-6.0,-5.0,3.935,-4.0,0.805,-6.0,4.886,-4.999,-5.0,-2.0,-5.999,-4.0,-5.0,0.0,4.002,-2.0,-1.999,-4.0,9.72,-2.073,-4.0,-2.0,-5.0,-6.0,-5.0,-3.999,-5.0,-3.0,-3.999,-6.0,-5.0,-4.0,15.429,0.0,0.0,0.0,0.0,0.0,0.0,0.0,0.0,0.0,0.0
GoldS210,XAUUSDc,88,-24.4058,-146.435,1,-0.8969,0.0,500,14.6,1,5,0,0.01,1.7,2.0,0.0,0.5,15,1,-162.339,17,0,2,0,0.0,0.0,0.0,0.0,0.0,0.0,1.972,-3.008,-4.0,-1.01,-3.0,-5.999,-2.001,-0.01,-3.0,0.893,-4.003,-3.0,-5.0,-4.0,-3.0,2.792,0.997,-3.025,-6.0,-5.0,-3.014,-1.065,-4.0,12.904,-5.0,-4.0,-4.0,-2.014,-5.0,2.641,-7.0,-6.0,-0.943,3.072,0.97,-3.0,-3.0,-5.0,-2.0,-2.999,-4.0,-3.0,-0.633,2.119,-2.014,9.663,-1.004,-6.0,-1.014,-1.0,-5.008,-4.0,0.112,-4.0,0.947,7.043,-3.001,-3.0,-0.062,-4.0,-3.022,-4.0,16.943,0.991,-6.0,3.14,4.412,-2.999,-0.023,-3.0,-4.0,-4.0,-0.002,-2.005,-4.0,-4.0,4.007,-4.0,-0.009,1.243,1.197,-1.0,-6.0,-5.0,1.134,-4.0,-0.48,3.439,1.208,-4.999,-2.063,-3.0,-5.0,-4.0,1.58,0.0,-0.11,-2.0,-3.0,-2.076,0.953,-3.049,-4.0,-2.0,13.797,-6.0,-5.0,13.118,-3.042,3.405,1.42,-6.0,3.483,-4.0,3.676,0.0,0.0,0.0,0.0,0.0,0.0,0.0,0.0,0.0,0.0
GoldS210,XAUUSDc,200,-3.514,-10.542,2,-0.2712,0.0,517,40.0387,1,5,0,0.01,1.9,1.0,0.0,0.5,15,1,-19.864,1,0,2,0,0.2,0.0,0.0,0.0,0.0,0.0,0.986,-2.007,0.168,-0.014,-3.0,0.725,4.099,3.047,-1.047,-0.009,-4.001,-3.0,-5.0,-4.0,-3.0,6.32,-0.6,2.484,-3.02,0.462,0.658,2.77,2.314,-2.012,-5.0,-4.0,-4.0,-1.01,-3.008,-0.431,6.217,1.108,2.174,-0.048,4.205,-3.0,-1.01,-1.007,-2.0,0.996,-0.858,-3.0,-3.062,2.267,-3.007,5.849,-0.009,-2.016,-2.007,-1.0,-4.009,-2.007,-0.52,-4.0,-0.009,7.301,-1.004,-3.0,3.74,4.134,-0.026,0.962,3.549,-1.004,-2.012,2.984,5.898,1.682,4.27,2.108,-2.006,-4.0,-1.001,-3.002,1.973,0.42,7.337,-2.0,-0.046,-0.023,-1.015,-1.0,1.751,2.816,-3.003,-4.0,-1.766,3.211,-3.003,-2.017,3.922,-3.0,6.967,-2.004,-1.029,0.0,-0.068,-2.0,-1.037,-3.042,-0.023,-0.055,-0.019,0.973,1.927,-2.727,-5.0,-0.022,5.143,-0.101,1.006,0.261,-0.033,1.643,2.447,0.0,0.0,0.0,0.0,0.0,0.0,0.0,0.0,0.0,0.0
GoldS210,XAUUSDc,597,-7.5193,-22.558,2,-0.4603,0.0,487,28.9528,1,7,0,0.01,1.9,1.5,0.0,0.5,15,1,-27.336,0,0,2,0,0.6,0.0,0.0,0.0,0.0,0.0,1.479,0.323,-4.0,-0.508,-3.999,-5.0,4.241,-0.506,-3.0,-0.504,-4.502,2.651,-2.999,-4.0,-3.0,0.778,-0.948,3.711,2.297,-1.203,-1.023,-4.0,0.324,-1.13,-5.0,-4.0,-4.0,-0.51,3.152,4.176,5.406,-4.999,5.909,-3.0,4.949,-3.0,-0.515,-4.0,-3.0,1.451,-3.0,-4.0,6.181,5.44,-2.51,5.306,-1.503,-6.0,-1.511,-1.0,-3.014,-0.134,-1.194,-4.0,0.486,4.738,-2.501,-3.0,4.856,-4.0,0.161,1.424,2.824,0.493,2.639,3.678,4.628,0.795,3.467,6.528,-4.0,-4.0,-0.501,-2.503,3.257,-0.217,2.731,3.602,0.944,0.025,0.093,-1.0,-6.0,0.992,5.056,-4.0,-0.877,0.615,-1.552,-2.502,1.078,-2.0,-0.503,-4.0,0.895,0.0,1.399,-2.0,-2.0,-2.559,0.465,0.395,-1.526,-0.539,12.914,-2.053,-4.0,0.966,-1.04,1.289,2.162,-1.086,6.151,-3.0,1.093,0.0,0.0,0.0,0.0,0.0,0.0,0.0,0.0,0.0,0.0
GoldS210,XAUUSDc,796,-14.4047,-43.214,2,-0.6543,0.0,464,21.1207,1,5,0,0.01,1.7,2.0,0.0,0.0,15,1,-50.459,8,0,2,0,0.8,0.0,0.0,0.0,0.0,0.0,1.972,4.03,-4.0,1.421,-4.0,-5.0,8.11,-0.009,-3.0,0.893,-3.002,-2.0,-2.999,-4.0,-3.0,2.514,-0.387,-4.0,-0.853,1.674,-3.015,-4.0,1.858,0.198,-5.0,-4.0,-4.0,-0.014,-5.0,9.372,1.22,-6.0,-0.943,1.246,0.97,-3.0,-3.0,-4.0,-2.999,0.539,-3.0,-4.0,5.396,4.179,-2.014,9.325,-1.004,-6.0,-1.014,-1.0,0.418,-3.999,-5.0,-0.405,1.862,4.469,-3.001,-3.0,1.42,-4.0,-0.982,-0.79,7.747,0.991,-0.338,1.787,3.112,-4.0,4.718,-3.0,0.0,-5.0,-0.002,-2.005,1.78,4.245,1.467,2.743,-0.009,4.364,1.197,-1.0,-6.0,-5.0,7.628,-4.0,-0.48,3.196,-0.529,-5.0,-2.063,-2.0,-3.0,-0.487,10.012,0.0,-0.11,-2.0,-2.0,-2.076,0.953,2.499,0.275,-2.0,9.795,-6.0,-5.0,3.76,3.11,2.46,5.272,-5.0,3.127,-3.0,-1.009,0.0,0.0,0.0,0.0,0.0,0.0,0.0,0.0,0.0,0.0
GoldS210,XAUUSDc,127,-15.0977,-45.293,2,-0.6751,0.0,474,13.2911,1,11,0,0.01,1.7,2.5,0.0,0.5,15,1,-86.712,23,0,2,0,0.0,0.0,0.0,0.0,0.0,0.0,-1.0,-2.51,-4.0,-4.0,-3.0,-6.0,-1.5,0.488,-4.0,0.494,-3.503,-3.0,-5.0,-4.0,-3.0,-4.0,1.982,-5.0,-5.0,8.326,-2.519,-3.999,8.086,11.478,0.534,-4.0,-4.0,-1.517,8.16,-1.513,-6.0,-6.0,-1.515,4.704,-1.524,-3.0,1.311,2.84,-2.0,-2.999,-4.0,-3.0,-0.746,-3.647,-5.0,51.273,-4.0,-6.0,-4.0,-1.0,3.532,-4.0,2.418,3.837,1.442,3.602,-1.501,-4.0,-1.999,-5.0,-1.529,-4.0,1.322,1.558,19.531,2.901,-2.999,-2.999,16.859,-2.999,-4.0,-4.0,0.498,-1.506,-4.0,-4.0,4.095,-4.0,-2.999,5.323,0.461,-1.0,-2.528,-5.999,-1.51,-4.0,0.163,-2.526,-4.0,-5.0,4.243,-2.0,-3.999,0.896,2.54,0.0,0.852,-2.0,-2.0,-1.593,1.441,5.116,-4.0,-2.0,-1.512,-6.0,-5.0,13.086,-6.0,-3.0,-3.0,11.093,3.061,-5.0,4.851,0.0,0.0,0.0,0.0,0.0,0.0,0.0,0.0,0.0,0.0
GoldS210,XAUUSDc,317,3.3977,10.193,2,0.2141,251.49,436,14.4495,1,7,0,0.01,1.7,2.5,0.0,1.0,15,1,-15.441,23,0,2,0,0.2,0.0,0.0,0.0,0.0,0.0,-1.0,-1.513,-4.0,-3.0,-0.504,-4.0,-0.501,0.488,-3.0,0.494,-3.502,-2.0,-1.999,4.255,-3.0,9.844,2.791,-5.0,-2.0,-0.563,0.481,-5.0,-4.0,19.612,-3.0,-4.0,-4.0,-0.517,14.42,-1.513,3.698,-5.999,4.435,0.413,-1.524,-3.0,9.927,1.482,-1.0,-3.0,-3.0,-4.0,11.238,7.209,-5.0,-3.501,-3.0,-6.0,-4.0,-1.0,-4.51,-4.0,1.461,-3.0,14.545,9.952,-2.501,-3.0,-1.999,-4.999,-0.529,-4.0,20.634,1.546,14.493,4.926,-3.0,-3.0,19.025,-3.0,-2.0,-2.0,-0.502,-1.506,-4.0,-4.0,-3.0,-4.0,-3.0,3.97,2.302,-1.0,-2.527,-5.0,15.446,-4.0,-0.527,-0.526,9.213,-5.0,-5.0,-2.0,-3.0,-1.536,-3.999,0.0,0.852,-2.0,2.191,-1.593,2.683,-0.561,-4.0,-2.0,-4.0,-5.999,-0.522,14.485,-5.0,-4.0,-3.0,4.076,-0.504,-4.0,12.082,0.0,0.0,0.0,0.0,0.0,0.0,0.0,0.0,0.0,0.0
GoldS210,XAUUSDc,37,-9.17,-18.34,3,-0.2451,0.0,507,22.8797,1,7,0,0.01,1.5,1.5,0.0,0.0,15,1,-45.443,14,0,2,0,0.0,0.0,0.0,0.0,0.0,0.0,1.479,0.688,-3.999,-4.0,-3.0,-6.0,3.127,-1.507,-2.0,-0.504,-4.502,-3.0,-5.0,-4.0,-4.0,-3.069,-0.795,-3.519,-1.925,-1.708,-1.023,-1.942,-4.0,0.96,-4.999,-4.0,-4.0,-0.51,4.1,-0.264,15.501,-6.0,2.523,-3.0,11.815,0.07,-0.515,-5.999,-2.0,-2.999,-4.0,-3.0,-3.397,-1.752,-2.51,13.928,-1.503,-6.0,-1.511,-1.0,-2.879,0.594,-2.194,-0.424,1.247,5.346,-2.007,-3.0,12.571,-4.0,0.122,2.531,-5.0,0.493,6.19,4.693,9.784,0.263,3.467,11.985,-3.0,-4.0,-0.501,-2.503,-2.508,-4.0,-0.501,12.063,2.385,4.336,0.093,-1.0,-6.0,0.871,25.597,-4.0,-1.877,-2.514,-2.505,-2.502,1.078,-3.0,-0.148,-4.0,1.427,0.0,1.399,-2.0,-2.0,-2.559,0.465,2.023,-1.526,-0.539,7.44,-0.457,-4.0,1.061,2.092,1.964,6.493,-6.0,3.5,-4.0,-0.508,0.0,0.0,0.0,0.0,0.0,0.0,0.0,0.0,0.0,0.0
GoldS210,XAUUSDc,228,-9.913,-29.739,2,-0.3925,0.0,505,22.7723,1,5,0,0.01,1.5,1.5,0.0,0.5,15,1,-55.183,19,0,2,0,0.2,0.0,0.0,0.0,0.0,0.0,1.479,3.666,-4.0,-1.508,-3.0,-6.0,9.037,-0.507,-3.0,-0.002,-4.501,-3.0,-5.0,-4.0,-3.0,-2.157,-0.795,-3.519,-1.925,-5.0,-0.879,-1.941,-4.0,0.96,-5.0,-4.0,-4.0,-2.51,-2.511,0.514,8.91,-6.0,1.089,1.512,11.554,-3.0,-0.515,-5.0,-2.0,-2.999,-4.0,-3.0,-3.563,3.221,-2.51,17.664,-1.503,-6.0,-1.511,-1.0,-3.014,0.594,-1.194,-4.0,0.486,12.508,-1.007,-3.0,7.535,-4.0,-0.565,2.541,1.415,0.493,-0.076,4.358,11.939,2.269,7.962,5.632,-4.0,-4.0,-0.501,-2.503,-1.509,9.166,5.661,21.444,0.944,0.09,0.093,-1.0,-6.0,2.74,-2.505,-4.0,-1.123,0.351,-0.632,-2.502,-0.068,-3.0,1.544,-4.0,1.427,0.0,1.399,-2.0,-3.0,-2.559,0.465,-3.536,-1.526,-0.539,2.848,-6.0,-5.0,7.306,-1.04,1.104,0.218,-6.0,1.791,-4.0,2.087,0.0,0.0,0.0,0.0,0.0,0.0,0.0,0.0,0.0,0.0
GoldS210,XAUUSDc,79,-6.114,-36.684,1,-0.3869,0.0,488,18.2377,1,11,0,0.01,1.7,2.0,0.0,0.0,15,1,-61.043,17,0,2,0,0.0,0.0,0.0,0.0,0.0,0.0,1.972,11.458,-4.0,-4.0,-3.0,-6.0,10.31,-1.01,-3.0,-0.005,-4.003,-3.0,0.545,-4.0,-4.0,-3.809,0.365,-2.025,-5.0,-0.886,-3.015,0.423,4.172,3.504,-0.331,-4.0,-4.0,-0.014,5.256,-1.011,-6.0,-6.0,-2.012,3.13,0.97,-1.017,0.571,1.386,-2.0,-2.999,-4.0,-3.0,-2.843,-6.02,-2.014,24.156,-1.004,-6.0,-1.014,-1.0,0.642,-4.0,-1.428,0.829,2.579,6.895,-3.001,-4.0,2.849,-4.0,1.547,-4.0,-1.379,0.991,7.815,0.985,-0.014,-3.998,11.518,-2.999,-4.0,-4.0,-0.002,-2.005,-5.0,-4.0,-0.001,-4.0,-0.009,9.688,-0.031,-1.0,-3.022,-0.6,-2.008,-4.0,-0.48,-3.021,-2.006,-5.0,-0.445,-3.0,-4.999,-0.162,3.688,0.0,-0.11,-2.0,-2.0,-2.076,0.953,0.888,-4.0,-2.0,23.307,-6.0,-4.0,2.086,12.944,6.424,15.368,-6.0,3.94,-4.0,-0.01,0.0,0.0,0.0,0.0,0.0,0.0,0.0,0.0,0.0,0.0
GoldS210,XAUUSDc,24,-1.1807,-3.542,2,-0.1472,0.0,477,50.1048,1,5,0,0.01,1.5,1.0,0.0,1.0,15,1,-4.542,0,0,2,0,0.0,0.0,0.0,0.0,0.0,0.0,0.986,-1.008,-1.022,0.986,-0.015,-2.003,0.941,0.977,-1.047,-0.009,-4.001,-0.165,0.934,0.755,-3.0,-2.068,-1.071,1.979,-0.125,0.93,0.932,1.982,1.99,-2.012,-2.007,-0.059,-4.0,-0.049,-2.008,-0.061,2.89,1.99,0.968,-1.077,0.978,-3.0,0.935,-0.007,-1.0,-1.002,-0.001,-4.0,2.891,-1.147,-3.007,2.948,1.942,-2.016,-2.007,-1.0,-4.009,-2.007,2.922,-1.054,0.96,3.819,0.967,-3.0,1.955,-0.088,-1.026,0.962,4.953,0.99,-0.023,2.984,1.936,-0.016,3.977,-0.018,-1.103,-1.0,-1.001,-3.002,1.973,-1.059,1.985,-2.0,-0.046,-0.023,-1.015,-1.0,0.918,-1.034,0.946,-4.0,-2.011,1.926,-2.048,-2.017,3.922,-0.006,4.907,-2.004,1.965,0.0,-0.068,-2.0,0.941,-1.09,-0.023,-0.029,-0.019,0.973,3.924,-2.034,-2.007,-0.022,2.932,-2.055,-0.032,-0.097,1.965,-0.008,1.91,0.0,0.0,0.0,0.0,0.0,0.0,0.0,0.0,0.0,0.0
GoldS210,XAUUSDc,34,-1.1807,-3.542,2,-0.1472,0.0,477,50.1048,1,9,0,0.01,1.9,1.0,0.0,1.0,15,1,-4.542,0,0,2,0,0.0,0.0,0.0,0.0,0.0,0.0,0.986,-1.008,-1.022,0.986,-0.015,-2.003,0.941,0.977,-1.047,-0.009,-4.001,-0.165,0.934,0.755,-3.0,-2.068,-1.071,1.979,-0.125,0.93,0.932,1.982,1.99,-2.012,-2.007,-0.059,-4.0,-0.049,-2.008,-0.061,2.89,1.99,0.968,-1.077,0.978,-3.0,0.935,-0.007,-1.0,-1.002,-0.001,-4.0,2.891,-1.147,-3.007,2.948,1.942,-2.016,-2.007,-1.0,-4.009,-2.007,2.922,-1.054,0.96,3.819,0.967,-3.0,1.955,-0.088,-1.026,0.962,4.953,0.99,-0.023,2.984,1.936,-0.016,3.977,-0.018,-1.103,-1.0,-1.001,-3.002,1.973,-1.059,1.985,-2.0,-0.046,-0.023,-1.015,-1.0,0.918,-1.034,0.946,-4.0,-2.011,1.926,-2.048,-2.017,3.922,-0.006,4.907,-2.004,1.965,0.0,-0.068,-2.0,0.941,-1.09,-0.023,-0.029,-0.019,0.973,3.924,-2.034,-2.007,-0.022,2.932,-2.055,-0.032,-0.097,1.965,-0.008,1.91,0.0,0.0,0.0,0.0,0.0,0.0,0.0,0.0,0.0,0.0
GoldS210,XAUUSDc,18,-9.3493,-28.048,2,-0.6041,0.0,514,41.0506,1,9,0,0.01,1.7,1.0,0.0,0.5,15,1,-46.534,3,0,2,0,0.0,0.0,0.0,0.0,0.0,0.0,0.986,-2.007,0.069,-0.014,-3.0,-4.0,-1.01,0.977,-4.0,-0.009,-4.001,-3.0,-2.147,-4.0,-3.0,15.484,-0.6,4.646,-3.02,1.848,-0.025,1.468,2.314,-2.012,-3.007,-4.0,-4.0,-1.01,-2.008,-1.43,7.784,1.108,0.968,-3.0,-1.015,-3.0,-1.01,-2.002,-2.0,0.996,-0.809,-3.0,-3.062,1.007,-3.007,3.607,-0.009,-2.016,-2.007,-1.0,-4.009,-2.007,-0.52,-1.933,-0.009,4.036,-1.004,-3.0,1.955,2.643,-0.026,0.962,2.978,-1.004,2.204,2.984,4.904,1.682,7.805,-0.018,-2.006,-4.0,-1.001,-3.002,1.973,-1.888,6.625,-2.0,-0.046,-0.023,-1.015,-1.0,0.918,-1.034,-3.004,-4.0,-1.766,0.653,-3.003,-2.017,3.922,1.131,6.637,-2.004,1.294,0.0,-0.068,-2.0,-1.037,-3.042,-0.023,3.498,-0.019,0.973,1.927,-0.375,-5.0,-0.022,1.933,0.51,-0.032,-1.959,3.759,-0.008,-1.055,0.0,0.0,0.0,0.0,0.0,0.0,0.0,0.0,0.0,0.0
GoldS210,XAUUSDc,417,-5.3787,-32.272,1,-0.617,0.0,495,25.8586,1,7,0,0.01,1.9,1.5,0.0,0.5,15,1,-41.27,11,0,2,0,0.4,0.0,0.0,0.0,0.0,0.0,1.479,1.453,-4.0,-1.508,-3.0,-5.0,5.913,-0.507,-3.0,-0.504,-4.502,-3.0,-5.0,-4.0,-3.0,4.998,-0.795,0.679,-1.925,-0.19,-1.023,-1.942,-3.0,-0.36,-5.0,-4.0,-4.0,-0.51,4.495,5.103,8.79,-4.999,8.879,-3.0,7.314,-3.0,-0.515,-4.0,-3.0,-2.999,-4.0,-3.0,5.559,0.997,-2.51,8.42,-1.503,-6.0,-1.511,-1.0,-3.014,0.594,-1.194,-4.0,0.486,5.58,-1.007,-3.0,5.929,-4.0,-3.517,2.531,0.023,0.493,4.778,4.27,7.076,2.093,3.467,9.471,-4.0,-3.999,-0.501,-2.503,-1.509,0.761,2.731,6.66,0.944,0.09,0.093,-1.0,-6.0,1.703,2.699,-4.0,-1.877,-2.515,-1.552,-2.502,1.078,-3.0,1.031,-4.0,1.427,0.0,1.399,-2.0,-3.0,-2.559,0.465,1.569,-1.526,-0.539,4.68,-0.802,-5.0,0.966,-1.04,1.964,3.051,-6.0,7.419,-3.0,1.087,0.0,0.0,0.0,0.0,0.0,0.0,0.0,0.0,0.0,0.0
GoldS210,XAUUSDc,150,4.142,24.852,1,0.2668,342.93,479,8.977,1,9,0,0.01,1.7,3.0,0.0,0.0,15,1,-60.374,21,0,2,0,0.0,0.0,0.0,0.0,0.0,0.0,-1.0,40.071,-4.0,-4.0,-3.0,-6.0,-1.001,-0.014,-3.0,-3.0,-3.004,-3.0,-5.0,-4.0,-4.0,-6.0,3.076,-5.0,-5.0,0.252,-4.999,-5.0,-4.0,23.978,-4.0,-4.0,-4.0,-5.0,9.782,-0.016,-5.0,-7.0,5.558,-3.0,-1.028,31.291,-3.0,-3.999,-2.0,-2.999,-4.0,-3.0,-5.999,-8.0,-4.999,-5.0,-4.999,-6.0,-4.0,-1.0,9.203,-3.999,1.422,6.071,4.19,27.518,-3.001,-3.0,-3.0,-5.0,-4.0,-4.0,-5.999,2.066,45.896,2.099,-2.999,-3.999,83.226,-3.999,-3.0,-4.0,0.997,-1.007,-5.0,-4.0,-3.0,-4.0,-2.999,1.623,3.407,-1.0,4.066,-6.0,-1.012,-4.0,0.805,-6.0,-1.01,-5.0,4.97,-2.0,-4.999,1.954,0.037,0.0,3.42,-2.0,-2.0,-4.0,7.36,10.006,-4.0,-2.0,-3.999,-6.0,-4.0,-4.0,-5.0,-3.0,-3.0,-5.999,4.386,-4.0,6.2,0.0,0.0,0.0,0.0,0.0,0.0,0.0,0.0,0.0,0.0
GoldS210,XAUUSDc,803,-6.2577,-18.773,2,-0.4442,0.0,451,23.9468,1,11,0,0.01,1.9,2.0,0.0,0.0,15,1,-24.808,9,0,2,0,0.8,0.0,0.0,0.0,0.0,0.0,1.972,3.558,-4.0,1.377,-4.0,-5.0,7.163,-0.01,-3.0,-0.005,-3.003,4.025,-1.999,-4.0,-3.0,1.833,-0.693,-4.0,-5.0,-0.886,2.473,4.562,2.11,0.134,-0.332,-4.0,-4.0,-0.014,1.766,5.024,1.31,-6.0,-1.012,1.294,0.97,-3.0,5.174,0.491,-2.0,-2.0,-3.0,-4.0,2.826,2.703,-2.014,7.094,-1.004,-6.0,-1.014,-1.0,0.161,-4.0,-2.214,1.486,0.849,3.275,-3.001,-3.0,0.808,-4.0,-1.331,-4.0,10.075,0.991,-0.044,0.985,0.986,-3.0,4.886,-3.0,0.0,-5.0,-0.002,-2.005,0.484,2.599,-0.001,7.753,-0.009,4.916,-0.031,-1.0,-2.021,-1.508,7.866,-4.0,-0.48,-2.021,1.137,-5.0,-1.378,-2.0,-3.999,-0.987,3.555,0.0,-0.11,-2.0,-2.0,-2.076,0.953,0.888,4.368,-2.0,9.772,-6.0,-4.0,2.086,3.262,3.023,4.412,-5.0,7.006,-3.0,-1.01,0.0,0.0,0.0,0.0,0.0,0.0,0.0,0.0,0.0,0.0
GoldS210,XAUUSDc,113,-12.001,-24.002,3,-0.256,0.0,492,11.9919,1,7,0,0.01,1.7,2.5,0.0,0.0,15,1,-49.636,22,0,2,0,0.0,0.0,0.0,0.0,0.0,0.0,-1.0,11.329,-3.999,-4.0,-3.0,-6.0,-1.501,-0.512,-2.0,0.494,-3.503,-3.0,-5.0,-4.0,-4.0,8.844,2.791,-5.0,-0.94,1.262,-1.519,-1.193,-4.0,19.612,-4.999,-4.0,-4.0,0.483,12.42,-2.513,3.698,-7.0,3.434,-3.0,-1.524,3.994,-2.999,-5.999,-2.0,-2.999,-4.0,-3.0,-0.35,-8.0,-5.0,-3.501,-4.0,-6.0,-4.0,-1.0,-4.189,-4.0,1.418,9.445,2.788,10.402,-3.501,-3.0,13.739,10.367,3.973,-4.0,20.634,1.546,20.178,3.963,-3.0,-3.999,19.025,-4.0,-3.0,-4.0,0.498,-1.506,-4.999,-4.0,-2.999,-3.999,-3.0,4.984,2.302,-1.0,-6.0,-5.0,3.008,-4.0,-0.406,-1.525,-1.508,-5.0,-5.0,-3.0,-6.0,-4.0,-5.0,0.0,0.852,-2.0,-2.0,-1.593,2.683,-2.56,-4.0,-2.0,-4.0,-6.0,-4.0,10.437,18.14,-3.0,-3.0,10.614,3.807,-4.0,9.669,0.0,0.0,0.0,0.0,0.0,0.0,0.0,0.0,0.0,0.0
GoldS210,XAUUSDc,554,-3.436,-6.872,3,-0.1798,0.0,507,45.3649,1,9,0,0.01,1.5,1.0,0.0,0.5,15,1,-9.141,0,0,2,0,0.6,0.0,0.0,0.0,0.0,0.0,0.986,-2.007,-0.398,0.986,-1.108,-1.46,1.668,0.977,-4.0,-0.009,-4.001,0.411,0.236,-4.0,-3.0,-0.978,-0.6,2.693,-0.474,1.277,-0.025,0.211,2.314,-2.012,-3.007,-1.228,-4.0,0.463,-2.008,1.05,3.569,4.346,0.968,-3.0,1.829,-3.0,-1.01,-2.002,-2.0,0.996,0.191,-4.0,1.206,0.609,-3.007,3.607,-0.009,-2.016,-2.007,-1.0,-4.009,-2.007,-0.52,-1.933,-0.009,4.036,1.523,-3.0,1.955,1.556,-0.026,0.962,5.732,-1.004,0.917,2.984,3.623,0.786,5.153,-0.018,-0.124,-4.0,-1.001,-3.002,1.973,-0.145,3.181,-2.0,-0.046,-0.023,-1.015,-1.0,0.918,-1.034,2.54,-4.0,-1.766,3.759,-3.003,-2.017,3.922,0.72,6.637,-2.004,1.294,0.0,-0.068,-2.0,1.661,-3.042,-0.023,2.631,-0.019,0.973,4.732,-1.239,-4.0,-0.022,1.932,0.034,-0.032,0.463,3.518,-0.008,-1.055,0.0,0.0,0.0,0.0,0.0,0.0,0.0,0.0,0.0,0.0
GoldS210,XAUUSDc,257,-2.4007,-7.202,2,-0.1045,0.0,500,16.8,1,7,0,0.01,1.7,2.0,0.0,0.0,15,1,-25.255,28,0,2,0,0.2,0.0,0.0,0.0,0.0,0.0,1.972,6.271,-3.999,-4.0,-3.0,-6.0,23.763,-1.01,-2.0,-0.005,-4.003,-3.0,-5.0,-4.0,-4.0,0.712,0.997,-3.025,-6.0,0.278,-2.015,-2.067,-4.0,9.814,-5.0,-4.0,-4.0,-0.014,5.566,2.825,1.028,-6.999,2.734,-3.0,0.97,1.511,-2.999,-6.0,-2.0,-2.999,-4.0,-3.0,-2.843,13.033,-2.014,4.916,-1.004,-6.0,-1.014,-1.0,1.549,-4.0,-0.888,0.957,1.99,6.369,-4.001,-3.0,19.892,-4.0,1.547,-4.0,22.799,0.991,8.18,2.674,1.717,-3.999,13.008,-3.0,-4.0,-4.0,-0.002,-2.005,-5.0,-4.0,-0.001,-3.999,-0.009,1.991,1.197,-1.0,-5.999,-5.0,1.524,-4.0,-1.142,-2.02,-2.006,-5.0,-0.507,-3.0,-6.0,-4.0,1.316,0.0,-0.11,-2.0,-2.0,-2.076,0.953,4.649,-4.0,-2.0,14.797,-6.0,-4.0,5.444,13.021,9.325,11.926,-6.0,5.376,-4.0,-0.01,0.0,0.0,0.0,0.0,0.0,0.0,0.0,0.0,0.0,0.0
GoldS210,XAUUSDc,155,-15.588,-46.764,2,-0.5917,0.0,470,10.6383,1,11,0,0.01,1.9,3.0,0.0,0.0,15,1,-72.742,24,0,2,0,0.0,0.0,0.0,0.0,0.0,0.0,-1.0,24.075,-4.0,-4.0,-3.0,-6.0,-1.001,-0.014,-3.0,-3.0,-3.004,-3.0,-5.0,-4.0,-4.0,-6.0,3.599,-4.0,-0.924,0.252,-5.999,-3.0,10.001,23.978,-3.999,-4.0,-4.0,-3.0,18.465,-0.016,-6.0,-6.0,5.558,6.278,-1.029,-4.0,1.983,4.295,-2.0,-2.999,-4.0,-3.0,3.355,-8.0,-5.0,10.722,-5.0,-6.0,-4.0,-1.0,7.682,-4.0,1.422,6.07,4.561,23.519,-2.001,-4.0,-3.0,-4.0,-4.0,-4.0,-6.0,2.078,-5.0,2.099,-2.999,-3.998,22.285,-2.999,-4.0,-4.0,0.997,-1.007,-5.0,-4.0,-3.0,-4.0,-2.999,9.052,0.954,-1.0,-1.033,-5.0,-1.012,-4.0,0.805,-6.0,-1.01,-5.0,14.056,-3.0,-4.999,1.954,4.342,0.0,4.844,-2.0,-2.0,-4.0,7.36,7.316,-4.0,-2.0,-1.015,-6.0,-4.0,-4.0,-4.0,-3.0,-3.0,-6.0,4.136,-5.0,8.2,0.0,0.0,0.0,0.0,0.0,0.0,0.0,0.0,0.0,0.0
GoldS210,XAUUSDc,623,-0.352,-0.704,3,-0.0175,0.0,468,22.0085,1,11,0,0.01,1.9,2.0,0.0,0.0,15,1,-9.515,21,0,2,0,0.6,0.0,0.0,0.0,0.0,0.0,1.972,4.969,-4.0,2.635,-4.0,-5.0,10.087,-1.01,-3.0,-0.005,-4.003,5.926,-3.0,-4.0,-4.0,2.115,0.129,-4.0,-4.999,-0.886,-2.015,-0.577,3.818,0.748,-0.332,-4.0,-4.0,-0.014,4.968,7.251,-6.0,-6.0,-1.011,2.234,0.971,-1.017,0.571,1.386,-2.0,-3.0,-3.0,-4.0,3.54,5.012,-2.014,10.697,-1.004,-6.0,-1.014,-1.0,0.642,-4.0,-1.428,0.829,2.579,3.169,-3.001,-3.0,0.856,-4.0,-0.456,-4.0,13.537,0.991,1.761,0.985,-0.014,-3.0,6.061,-3.0,-4.0,-4.0,-0.002,-2.005,1.43,5.811,-0.001,12.888,-0.009,8.267,-0.031,-1.0,-2.022,-0.6,6.992,-4.0,-0.48,-2.02,-2.006,-5.0,-0.507,-2.0,-4.999,-0.162,3.245,0.0,-0.11,-2.0,-2.0,-2.076,0.953,0.888,-4.0,-2.0,12.216,-6.0,-4.0,2.086,4.94,4.803,6.477,-5.0,9.701,-3.0,-1.01,0.0,0.0,0.0,0.0,0.0,0.0,0.0,0.0,0.0,0.0
GoldS210,XAUUSDc,704,-6.8268,-40.961,1,-0.5638,0.0,466,10.3004,1,5,0,0.01,1.9,3.0,0.0,0.5,15,1,-66.288,29,0,2,0,0.6,0.0,0.0,0.0,0.0,0.0,-1.0,16.172,-4.0,-3.0,-4.0,-5.0,-0.001,0.986,-3.0,-3.0,-3.004,-2.0,-3.0,-4.0,-3.0,-3.0,4.058,-4.0,3.607,6.552,-6.0,-3.999,21.302,12.917,-5.0,-4.0,-4.0,-3.0,-5.0,-2.016,-7.0,-5.0,5.301,4.688,-1.029,-3.0,-3.0,-4.0,-3.0,-3.0,-3.0,-4.0,5.274,5.296,-5.0,13.273,-4.0,-6.0,-4.0,-1.0,-4.011,-4.0,3.724,-4.0,1.938,9.153,0.354,-3.0,-2.0,-5.0,-4.998,-4.0,-3.999,6.048,-6.0,6.66,7.951,-3.0,11.093,-2.999,-4.0,-4.0,0.997,-1.007,-4.0,-3.0,11.781,16.364,-3.0,4.911,3.407,-1.0,-6.0,-5.0,4.935,-4.0,0.805,-6.0,3.333,-5.0,6.437,-2.0,-5.0,-4.0,8.779,0.0,4.002,-2.0,-1.999,-4.0,12.868,-2.073,-4.0,-2.0,22.328,-6.0,-5.0,-4.0,-6.0,-3.0,-4.0,-5.0,-4.0,-3.0,5.88,0.0,0.0,0.0,0.0,0.0,0.0,0.0,0.0,0.0,0.0
GoldS210,XAUUSDc,322,47.742,95.484,3,2.1184,75.13,433,15.2425,1,9,0,0.01,1.9,2.5,0.0,1.0,15,1,23.744,22,0,2,0,0.2,0.0,0.0,0.0,0.0,0.0,-1.0,33.256,-4.0,-3.0,-0.504,-5.0,-0.501,0.488,-3.0,0.494,-3.503,-2.0,-1.999,4.255,-3.0,9.844,1.644,-5.0,-2.0,-0.563,0.481,-5.0,-3.0,11.478,-3.0,-4.0,-4.0,-0.517,7.521,-0.513,3.668,-6.0,-1.515,0.413,-1.524,-3.0,5.592,1.482,-1.0,-3.0,-3.0,-4.0,2.252,-2.647,-4.999,70.239,-3.0,-6.0,-4.0,-1.0,3.532,-4.0,1.461,-3.0,13.822,9.952,-2.501,-3.0,-1.999,-4.999,-0.529,-4.0,9.181,1.546,14.493,2.901,-2.999,-3.0,46.864,-2.999,-2.0,-2.0,-0.502,-1.506,-4.0,-4.0,4.095,-4.0,-2.999,1.004,2.302,-1.0,-2.528,-6.0,9.837,-4.0,-0.527,-3.0,11.205,-5.0,0.471,-2.0,-2.999,-1.536,1.55,0.0,0.852,-2.0,2.191,-1.593,1.441,0.439,-4.0,-2.0,3.264,-6.0,-3.0,-0.536,-5.0,-4.0,-3.0,10.751,-0.504,-4.0,7.264,0.0,0.0,0.0,0.0,0.0,0.0,0.0,0.0,0.0,0.0
GoldS210,XAUUSDc,716,48.071,48.071,6,1.2422,61.59,423,12.766,1,5,0,0.01,1.9,3.0,0.0,1.0,15,1,18.462,30,0,2,0,0.6,0.0,0.0,0.0,0.0,0.0,-1.0,17.169,-4.0,-3.0,-4.0,-3.999,-0.001,0.986,-3.0,-3.0,-3.004,-2.0,-2.0,5.256,-3.0,-3.0,4.058,-5.0,-1.0,26.609,-4.0,-3.0,7.524,12.917,-3.0,-4.0,-4.0,-3.0,-5.0,-1.016,-7.0,-5.0,5.301,0.91,-1.029,-3.0,15.169,1.979,-1.0,-3.0,-3.0,-4.0,5.274,5.296,-5.0,3.428,-4.0,-6.0,-4.0,-1.0,-4.011,-4.0,1.953,13.999,11.77,8.287,0.354,-3.0,-2.0,-5.0,-4.0,-4.0,-3.999,6.048,14.29,6.66,7.951,-3.0,11.093,-2.999,0.0,-3.0,-0.003,-1.007,-4.0,-3.0,5.415,10.403,-3.0,4.911,3.407,-1.0,-1.033,-4.0,8.812,-4.0,-0.033,-4.0,5.678,-5.0,6.437,-2.0,-2.999,-1.04,-4.0,0.0,4.002,-2.0,2.898,-4.0,12.868,-0.073,-4.0,-2.0,22.328,-5.999,-3.0,-4.0,-5.0,-4.0,-4.0,-3.999,-0.005,-3.0,5.88,0.0,0.0,0.0,0.0,0.0,0.0,0.0,0.0,0.0,0.0
GoldS210,XAUUSDc,784,-1.8115,-3.623,3,-0.1327,0.0,448,35.0446,1,5,0,0.01,1.7,1.5,0.0,1.0,15,1,-7.397,0,0,2,0,0.8,0.0,0.0,0.0,0.0,0.0,1.479,0.95,-4.0,-0.508,-1.502,-1.146,2.429,-0.507,-3.0,-0.002,-3.502,1.197,-2.0,-0.555,-3.0,-1.84,-1.591,3.83,1.431,-1.554,2.564,-3.0,0.418,-1.554,-0.644,-1.515,-4.0,-0.51,1.197,0.427,4.018,-5.0,4.928,-0.58,2.469,-3.0,2.665,0.489,-1.0,0.646,-3.0,-4.0,4.452,0.784,-2.51,4.748,0.946,-2.821,-1.511,-1.0,-3.014,-0.647,1.933,0.301,1.439,3.239,-2.501,-3.0,3.442,-4.0,0.731,1.241,1.081,0.493,0.636,6.321,2.771,-0.525,4.08,4.479,0.0,-3.0,-1.501,-2.503,2.289,-1.154,1.994,1.501,0.944,-0.343,0.093,-1.0,-3.517,3.805,2.419,-4.0,-1.516,0.931,-1.552,-2.502,-0.068,-2.0,6.871,-4.0,4.068,0.0,1.399,-2.0,0.794,0.587,0.465,-0.536,-1.526,-0.539,5.208,-3.519,-3.0,1.835,-0.041,-1.56,1.676,-1.745,4.689,-3.0,0.716,0.0,0.0,0.0,0.0,0.0,0.0,0.0,0.0,0.0,0.0
GoldS210,XAUUSDc,366,-3.821,-11.463,2,-0.263,0.0,519,41.2331,1,9,0,0.01,1.7,1.0,0.0,0.0,15,1,-15.355,0,0,2,0,0.4,0.0,0.0,0.0,0.0,0.0,0.986,-2.007,0.069,-2.009,-3.0,-0.086,5.875,-0.023,-3.0,1.007,-4.001,-3.0,-2.147,-4.0,-3.007,-4.002,-3.005,3.523,-3.02,0.955,-0.025,0.029,0.315,-2.012,-3.007,-4.0,-4.0,-1.01,-3.008,1.922,7.016,5.979,0.968,-3.0,2.617,-2.009,-1.01,-2.002,-2.0,0.996,-0.809,-3.0,5.628,2.704,-3.007,4.673,-0.009,-2.016,-2.007,-1.0,-3.967,-2.007,-1.298,-2.005,0.616,6.466,2.011,-3.0,4.088,1.513,0.542,1.218,6.443,-1.004,1.686,3.847,4.177,0.147,6.336,-0.018,-2.006,-4.0,-1.001,-3.002,1.973,-5.0,3.933,0.193,0.864,1.555,-1.015,-1.0,0.918,-3.014,1.529,-4.0,-1.766,3.455,-3.003,-2.017,3.922,1.131,3.334,-2.004,1.294,0.0,-0.068,-2.0,1.911,-3.042,-0.023,3.18,-0.019,0.973,1.927,-2.54,-4.0,0.038,3.475,0.51,1.726,-0.841,1.305,-0.008,-1.055,0.0,0.0,0.0,0.0,0.0,0.0,0.0,0.0,0.0,0.0
GoldS210,XAUUSDc,559,-2.8147,-8.444,2,-0.2332,0.0,507,45.7594,1,11,0,0.01,1.7,1.0,0.0,0.5,15,1,-10.713,0,0,2,0,0.6,0.0,0.0,0.0,0.0,0.0,0.986,-2.007,-1.022,0.986,-1.206,-1.46,1.793,0.977,-4.0,-0.009,-4.001,0.411,0.236,-4.0,-3.0,-0.933,-0.6,2.693,-1.198,1.277,-0.025,-0.014,2.314,-2.012,-3.007,-1.295,-4.0,0.533,-2.008,1.087,2.89,4.07,0.968,-0.309,1.489,-3.0,1.076,-2.002,-2.0,0.996,0.191,-4.0,1.206,0.609,-3.007,3.607,-0.009,-2.016,-2.007,-1.0,-4.009,-2.007,-0.52,-1.933,-0.009,4.036,1.576,-3.0,1.955,1.345,-0.026,0.962,6.368,1.465,0.885,2.984,3.576,0.786,4.714,-0.018,-2.006,-4.0,-1.001,-3.002,1.973,-0.793,3.178,-2.0,-0.046,-0.023,-1.015,-1.0,0.918,-1.034,-0.536,-4.0,-1.766,3.051,-2.048,-2.017,3.922,0.72,7.22,-2.004,0.971,0.0,-0.068,-2.0,1.734,-3.042,-0.023,1.914,-0.019,0.973,4.732,-1.239,-4.0,-0.022,1.933,0.034,-0.032,0.472,3.232,-0.008,-1.055,0.0,0.0,0.0,0.0,0.0,0.0,0.0,0.0,0.0,0.0
GoldS210,XAUUSDc,146,4.142,24.852,1,0.2668,342.93,479,8.977,1,9,0,0.01,1.5,3.0,0.0,0.0,15,1,-60.374,21,0,2,0,0.0,0.0,0.0,0.0,0.0,0.0,-1.0,40.071,-4.0,-4.0,-3.0,-6.0,-1.001,-0.014,-3.0,-3.0,-3.004,-3.0,-5.0,-4.0,-4.0,-6.0,3.076,-5.0,-5.0,0.252,-4.999,-5.0,-4.0,23.978,-4.0,-4.0,-4.0,-5.0,9.782,-0.016,-5.0,-7.0,5.558,-3.0,-1.028,31.291,-3.0,-3.999,-2.0,-2.999,-4.0,-3.0,-5.999,-8.0,-4.999,-5.0,-4.999,-6.0,-4.0,-1.0,9.203,-3.999,1.422,6.071,4.19,27.518,-3.001,-3.0,-3.0,-5.0,-4.0,-4.0,-5.999,2.066,45.896,2.099,-2.999,-3.999,83.226,-3.999,-3.0,-4.0,0.997,-1.007,-5.0,-4.0,-3.0,-4.0,-2.999,1.623,3.407,-1.0,4.066,-6.0,-1.012,-4.0,0.805,-6.0,-1.01,-5.0,4.97,-2.0,-4.999,1.954,0.037,0.0,3.42,-2.0,-2.0,-4.0,7.36,10.006,-4.0,-2.0,-3.999,-6.0,-4.0,-4.0,-5.0,-3.0,-3.0,-5.999,4.386,-4.0,6.2,0.0,0.0,0.0,0.0,0.0,0.0,0.0,0.0,0.0,0.0
GoldS210,XAUUSDc,159,-17.2158,-103.295,1,-0.9182,0.0,469,9.8081,1,11,0,0.01,1.5,3.0,0.0,0.5,15,1,-129.273,22,0,2,0,0.0,0.0,0.0,0.0,0.0,0.0,-1.0,-2.013,-4.0,-4.0,-3.0,-6.0,-1.0,0.986,-4.0,-3.0,-3.004,-3.0,-5.0,-4.0,-3.0,-4.0,3.599,-5.0,-5.0,11.479,-5.999,-3.999,11.001,22.978,-3.999,-4.0,-4.0,-5.0,12.657,-1.016,-6.0,-6.0,5.558,6.278,-1.029,-3.0,1.983,4.295,-2.0,-2.999,-4.0,-3.0,-5.998,-3.153,-5.0,10.722,-5.0,-6.0,-4.0,-1.0,7.268,-4.0,3.724,6.291,1.938,0.829,-1.001,-4.0,-1.999,-5.0,-5.0,-4.0,-6.0,2.078,-5.0,5.92,-2.999,-2.999,18.234,-2.999,-4.0,-4.0,0.997,-1.007,-4.0,-4.0,-3.0,-4.0,-2.999,8.513,0.954,-1.0,-1.033,-5.999,-1.012,-4.0,0.805,-6.0,-4.0,-5.0,14.056,-2.0,-3.999,1.954,4.342,0.0,4.844,-2.0,-2.0,-4.0,8.04,7.316,-4.0,-2.0,-1.015,-6.0,-5.0,-4.0,-6.0,-3.0,-3.0,-6.0,4.136,-5.0,8.2,0.0,0.0,0.0,0.0,0.0,0.0,0.0,0.0,0.0,0.0
GoldS210,XAUUSDc,413,-5.3787,-32.272,1,-0.617,0.0,495,25.8586,1,7,0,0.01,1.7,1.5,0.0,0.5,15,1,-41.27,11,0,2,0,0.4,0.0,0.0,0.0,0.0,0.0,1.479,1.453,-4.0,-1.508,-3.0,-5.0,5.913,-0.507,-3.0,-0.504,-4.502,-3.0,-5.0,-4.0,-3.0,4.998,-0.795,0.679,-1.925,-0.19,-1.023,-1.942,-3.0,-0.36,-5.0,-4.0,-4.0,-0.51,4.495,5.103,8.79,-4.999,8.879,-3.0,7.314,-3.0,-0.515,-4.0,-3.0,-2.999,-4.0,-3.0,5.559,0.997,-2.51,8.42,-1.503,-6.0,-1.511,-1.0,-3.014,0.594,-1.194,-4.0,0.486,5.58,-1.007,-3.0,5.929,-4.0,-3.517,2.531,0.023,0.493,4.778,4.27,7.076,2.093,3.467,9.471,-4.0,-3.999,-0.501,-2.503,-1.509,0.761,2.731,6.66,0.944,0.09,0.093,-1.0,-6.0,1.703,2.699,-4.0,-1.877,-2.515,-1.552,-2.502,1.078,-3.0,1.031,-4.0,1.427,0.0,1.399,-2.0,-3.0,-2.559,0.465,1.569,-1.526,-0.539,4.68,-0.802,-5.0,0.966,-1.04,1.964,3.051,-6.0,7.419,-3.0,1.087,0.0,0.0,0.0,0.0,0.0,0.0,0.0,0.0,0.0,0.0
GoldS210,XAUUSDc,92,-24.4058,-146.435,1,-0.8969,0.0,500,14.6,1,5,0,0.01,1.9,2.0,0.0,0.5,15,1,-162.339,17,0,2,0,0.0,0.0,0.0,0.0,0.0,0.0,1.972,-3.008,-4.0,-1.01,-3.0,-5.999,-2.001,-0.01,-3.0,0.893,-4.003,-3.0,-5.0,-4.0,-3.0,2.792,0.997,-3.025,-6.0,-5.0,-3.014,-1.065,-4.0,12.904,-5.0,-4.0,-4.0,-2.014,-5.0,2.641,-7.0,-6.0,-0.943,3.072,0.97,-3.0,-3.0,-5.0,-2.0,-2.999,-4.0,-3.0,-0.633,2.119,-2.014,9.663,-1.004,-6.0,-1.014,-1.0,-5.008,-4.0,0.112,-4.0,0.947,7.043,-3.001,-3.0,-0.062,-4.0,-3.022,-4.0,16.943,0.991,-6.0,3.14,4.412,-2.999,-0.023,-3.0,-4.0,-4.0,-0.002,-2.005,-4.0,-4.0,4.007,-4.0,-0.009,1.243,1.197,-1.0,-6.0,-5.0,1.134,-4.0,-0.48,3.439,1.208,-4.999,-2.063,-3.0,-5.0,-4.0,1.58,0.0,-0.11,-2.0,-3.0,-2.076,0.953,-3.049,-4.0,-2.0,13.797,-6.0,-5.0,13.118,-3.042,3.405,1.42,-6.0,3.483,-4.0,3.676,0.0,0.0,0.0,0.0,0.0,0.0,0.0,0.0,0.0,0.0
GoldS210,XAUUSDc,301,-27.117,-81.351,2,-0.7963,0.0,486,11.1111,1,7,0,0.01,1.5,2.5,0.0,0.5,15,1,-106.985,21,0,2,0,0.2,0.0,0.0,0.0,0.0,0.0,-1.0,-2.51,-4.0,-4.0,-3.0,-6.0,-0.501,0.488,-3.0,0.494,-3.502,-3.0,-5.0,-4.0,-3.0,9.844,2.791,-6.0,-6.0,8.326,-1.519,-1.193,-4.0,19.612,-5.0,-4.0,-4.0,-1.517,14.42,-2.513,3.698,-6.999,4.435,-3.0,-1.524,-3.0,-2.999,-5.0,-2.0,-2.999,-4.0,-3.0,8.239,6.209,-5.0,-3.501,-4.0,-6.0,-4.0,-1.0,-4.51,-4.0,2.418,-3.999,1.442,10.656,-2.501,-3.0,-1.999,-5.0,-1.529,-4.0,20.634,1.546,20.178,4.926,-3.0,-2.999,19.025,-3.0,-4.0,-4.0,0.498,-1.506,-4.0,-4.0,-3.0,-4.0,-3.0,3.97,2.302,-1.0,-5.999,-4.999,3.008,-4.0,-0.406,-1.526,4.546,-5.0,-5.0,-3.0,-5.0,-4.0,-5.0,0.0,0.852,-2.0,-3.0,-1.593,2.683,-2.56,-4.0,-2.0,-4.0,-6.0,-5.0,14.485,-6.0,-3.0,-3.0,3.075,3.807,-4.0,14.445,0.0,0.0,0.0,0.0,0.0,0.0,0.0,0.0,0.0,0.0
GoldS210,XAUUSDc,546,2.904,5.808,3,0.1669,46.28,511,44.4227,1,9,0,0.01,1.7,1.0,0.0,0.0,15,1,3.12,0,0,2,0,0.6,0.0,0.0,0.0,0.0,0.0,0.986,-2.007,-0.398,1.89,-1.108,-0.72,3.436,-0.023,-3.0,0.784,-4.001,0.411,0.236,-4.0,-3.007,-4.002,-3.005,2.693,-0.474,0.955,-0.025,0.029,3.008,-2.012,-3.007,-1.228,-4.0,1.208,-2.008,1.278,5.392,4.542,0.968,-3.0,1.829,-2.009,-1.01,-2.002,-2.0,0.996,0.191,-4.0,2.006,1.467,-3.007,4.34,-0.009,-2.016,-2.007,-1.0,-3.967,-2.007,-1.298,-2.005,0.616,5.839,1.238,-3.0,3.147,1.15,-0.277,1.218,5.732,-1.004,0.917,3.752,3.623,-0.282,5.153,-0.018,0.688,-3.999,-1.001,-3.002,1.973,0.713,3.181,-0.953,0.611,0.711,-1.015,-1.0,0.918,-0.336,3.233,-4.0,-1.766,3.455,-3.003,-2.017,3.922,0.72,3.334,-2.004,1.294,0.0,-0.068,-2.0,1.911,-3.042,-0.023,2.631,-0.019,0.973,4.732,-0.433,-4.0,0.038,2.663,0.034,0.759,1.207,3.764,-0.008,-1.055,0.0,0.0,0.0,0.0,0.0,0.0,0.0,0.0,0.0,0.0
GoldS210,XAUUSDc,29,-1.1807,-3.542,2,-0.1472,0.0,477,50.1048,1,7,0,0.01,1.7,1.0,0.0,1.0,15,1,-4.542,0,0,2,0,0.0,0.0,0.0,0.0,0.0,0.0,0.986,-1.008,-1.022,0.986,-0.015,-2.003,0.941,0.977,-1.047,-0.009,-4.001,-0.165,0.934,0.755,-3.0,-2.068,-1.071,1.979,-0.125,0.93,0.932,1.982,1.99,-2.012,-2.007,-0.059,-4.0,-0.049,-2.008,-0.061,2.89,1.99,0.968,-1.077,0.978,-3.0,0.935,-0.007,-1.0,-1.002,-0.001,-4.0,2.891,-1.147,-3.007,2.948,1.942,-2.016,-2.007,-1.0,-4.009,-2.007,2.922,-1.054,0.96,3.819,0.967,-3.0,1.955,-0.088,-1.026,0.962,4.953,0.99,-0.023,2.984,1.936,-0.016,3.977,-0.018,-1.103,-1.0,-1.001,-3.002,1.973,-1.059,1.985,-2.0,-0.046,-0.023,-1.015,-1.0,0.918,-1.034,0.946,-4.0,-2.011,1.926,-2.048,-2.017,3.922,-0.006,4.907,-2.004,1.965,0.0,-0.068,-2.0,0.941,-1.09,-0.023,-0.029,-0.019,0.973,3.924,-2.034,-2.007,-0.022,2.932,-2.055,-0.032,-0.097,1.965,-0.008,1.91,0.0,0.0,0.0,0.0,0.0,0.0,0.0,0.0,0.0,0.0
GoldS210,XAUUSDc,307,-11.59,-23.18,3,-0.3617,0.0,473,13.5307,1,11,0,0.01,1.7,2.5,0.0,0.5,15,1,-64.599,24,0,2,0,0.2,0.0,0.0,0.0,0.0,0.0,-1.0,18.604,-4.0,-3.999,-3.0,-6.0,-1.501,0.488,-4.0,0.494,-3.503,-3.0,-4.999,-4.0,-3.0,-4.0,1.982,-5.0,-5.0,8.326,-2.519,-4.0,8.086,11.478,0.534,-4.0,-4.0,-1.517,8.16,-0.513,-6.0,-6.0,-1.515,4.704,-1.523,-3.0,1.311,2.84,-2.0,-3.0,-4.0,-3.0,-0.747,-3.647,-5.0,51.273,-4.0,-6.0,-4.0,-1.0,3.532,-4.0,2.418,3.837,1.442,3.602,-1.501,-4.0,-1.999,-5.0,-1.529,-4.0,1.323,1.558,19.531,2.901,-2.999,-2.999,16.859,-3.0,-4.0,-4.0,0.498,-1.506,-4.0,-4.0,4.095,-4.0,-2.999,5.323,0.461,-1.0,-2.528,-5.999,-1.51,-4.0,0.163,-2.526,-4.0,-5.0,4.243,-2.0,-3.999,0.896,2.54,0.0,0.852,-2.0,-2.0,-1.593,1.441,5.116,-4.0,-2.0,-1.512,-6.0,-5.0,13.086,-6.0,-3.0,-3.0,11.093,3.061,-5.0,4.851,0.0,0.0,0.0,0.0,0.0,0.0,0.0,0.0,0.0,0.0
GoldS210,XAUUSDc,564,-1.1807,-3.542,2,-0.1472,0.0,477,50.1048,1,5,0,0.01,1.5,1.0,0.0,1.0,15,1,-4.542,0,0,2,0,0.6,0.0,0.0,0.0,0.0,0.0,0.986,-1.008,-1.022,0.986,-0.015,-2.003,0.941,0.977,-1.047,-0.009,-4.001,-0.165,0.934,0.755,-3.0,-2.068,-1.071,1.979,-0.125,0.93,0.932,1.982,1.99,-2.012,-2.007,-0.059,-4.0,-0.049,-2.008,-0.061,2.89,1.99,0.968,-1.077,0.978,-3.0,0.935,-0.007,-1.0,-1.002,-0.001,-4.0,2.891,-1.147,-3.007,2.948,1.942,-2.016,-2.007,-1.0,-4.009,-2.007,2.922,-1.054,0.96,3.819,0.967,-3.0,1.955,-0.088,-1.026,0.962,4.953,0.99,-0.023,2.984,1.936,-0.016,3.977,-0.018,-1.103,-1.0,-1.001,-3.002,1.973,-1.059,1.985,-2.0,-0.046,-0.023,-1.015,-1.0,0.918,-1.034,0.946,-4.0,-2.011,1.926,-2.048,-2.017,3.922,-0.006,4.907,-2.004,1.965,0.0,-0.068,-2.0,0.941,-1.09,-0.023,-0.029,-0.019,0.973,3.924,-2.034,-2.007,-0.022,2.932,-2.055,-0.032,-0.097,1.965,-0.008,1.91,0.0,0.0,0.0,0.0,0.0,0.0,0.0,0.0,0.0,0.0
GoldS210,XAUUSDc,224,6.682,13.364,3,0.2655,190.39,512,22.2656,1,5,0,0.01,1.9,1.5,0.0,0.0,15,1,-12.08,21,0,2,0,0.2,0.0,0.0,0.0,0.0,0.0,1.479,1.766,-4.0,-3.999,-3.0,-6.0,18.334,-1.507,-2.0,-0.002,-4.502,-2.999,-5.0,-4.0,-5.0,-2.157,-0.795,-3.519,-1.925,1.76,-0.879,-0.266,-4.0,0.96,-5.0,-4.0,-4.0,-0.51,12.335,0.514,11.388,-6.0,1.089,1.512,11.554,0.23,-0.515,-6.0,-2.0,-2.999,-4.0,-3.0,0.536,4.176,-2.51,17.664,-1.503,-6.0,-1.511,-1.0,-2.879,0.594,-4.67,-0.633,1.655,4.828,-2.007,-3.0,2.588,-4.0,-3.048,2.541,1.416,0.493,2.143,3.358,11.939,0.264,7.962,5.632,-4.0,-3.999,-0.501,-2.503,-1.509,-5.0,1.874,23.699,2.385,3.597,0.093,-1.0,-6.0,2.294,22.45,-4.0,-1.123,3.74,-0.632,-2.502,-0.068,-2.0,-0.036,-4.0,2.577,0.0,1.399,-2.0,-2.0,-2.559,0.465,-3.536,-1.526,-0.539,2.848,-6.0,-5.0,7.401,1.674,1.104,6.463,-6.0,-2.533,-4.0,-0.508,0.0,0.0,0.0,0.0,0.0,0.0,0.0,0.0,0.0,0.0
GoldS210,XAUUSDc,167,-17.2158,-103.295,1,-0.9182,0.0,469,9.8081,1,11,0,0.01,1.9,3.0,0.0,0.5,15,1,-129.273,22,0,2,0,0.0,0.0,0.0,0.0,0.0,0.0,-1.0,-2.013,-4.0,-4.0,-3.0,-6.0,-1.0,0.986,-4.0,-3.0,-3.004,-3.0,-5.0,-4.0,-3.0,-4.0,3.599,-5.0,-5.0,11.479,-5.999,-3.999,11.001,22.978,-3.999,-4.0,-4.0,-5.0,12.657,-1.016,-6.0,-6.0,5.558,6.278,-1.029,-3.0,1.983,4.295,-2.0,-2.999,-4.0,-3.0,-5.998,-3.153,-5.0,10.722,-5.0,-6.0,-4.0,-1.0,7.268,-4.0,3.724,6.291,1.938,0.829,-1.001,-4.0,-1.999,-5.0,-5.0,-4.0,-6.0,2.078,-5.0,5.92,-2.999,-2.999,18.234,-2.999,-4.0,-4.0,0.997,-1.007,-4.0,-4.0,-3.0,-4.0,-2.999,8.513,0.954,-1.0,-1.033,-5.999,-1.012,-4.0,0.805,-6.0,-4.0,-5.0,14.056,-2.0,-3.999,1.954,4.342,0.0,4.844,-2.0,-2.0,-4.0,8.04,7.316,-4.0,-2.0,-1.015,-6.0,-5.0,-4.0,-6.0,-3.0,-3.0,-6.0,4.136,-5.0,8.2,0.0,0.0,0.0,0.0,0.0,0.0,0.0,0.0,0.0,0.0
GoldS210,XAUUSDc,242,-0.32,-0.96,2,-0.0193,0.0,452,31.8584,1,9,0,0.01,1.5,1.5,0.0,1.0,15,1,-9.786,10,0,2,0,0.2,0.0,0.0,0.0,0.0,0.0,1.479,6.646,-4.0,-0.508,-1.502,-5.0,2.429,-0.507,-3.0,-0.504,-4.502,4.965,-1.999,-0.555,-3.0,-2.069,-1.22,3.54,-2.0,-1.554,2.421,-1.478,-3.0,-0.04,-1.511,-1.515,-4.0,-1.51,-1.511,-0.066,4.296,-5.0,-0.017,-0.58,2.469,-3.0,3.714,0.489,-1.0,-3.0,-3.0,-4.0,0.888,-3.15,-2.51,7.795,0.946,-1.609,-1.511,-1.0,-3.014,-1.51,1.933,1.291,1.439,5.516,-1.007,-3.0,3.442,-3.999,1.716,2.531,5.794,0.493,3.169,1.986,5.515,-0.525,3.467,9.399,-2.0,-2.0,-1.501,-2.503,-1.509,-1.529,1.994,2.752,0.944,-1.025,0.093,-1.0,-3.517,1.368,2.419,-4.0,-1.516,2.687,-1.552,-2.502,1.078,-2.0,5.298,-4.0,4.918,0.0,1.399,-2.0,0.794,3.107,0.465,-0.536,-1.526,-0.539,9.641,-3.519,-3.0,0.966,-0.041,-1.56,3.076,-1.227,4.418,-4.0,0.94,0.0,0.0,0.0,0.0,0.0,0.0,0.0,0.0,0.0,0.0
GoldS210,XAUUSDc,22,-9.3493,-28.048,2,-0.6041,0.0,514,41.0506,1,9,0,0.01,1.9,1.0,0.0,0.5,15,1,-46.534,3,0,2,0,0.0,0.0,0.0,0.0,0.0,0.0,0.986,-2.007,0.069,-0.014,-3.0,-4.0,-1.01,0.977,-4.0,-0.009,-4.001,-3.0,-2.147,-4.0,-3.0,15.484,-0.6,4.646,-3.02,1.848,-0.025,1.468,2.314,-2.012,-3.007,-4.0,-4.0,-1.01,-2.008,-1.43,7.784,1.108,0.968,-3.0,-1.015,-3.0,-1.01,-2.002,-2.0,0.996,-0.809,-3.0,-3.062,1.007,-3.007,3.607,-0.009,-2.016,-2.007,-1.0,-4.009,-2.007,-0.52,-1.933,-0.009,4.036,-1.004,-3.0,1.955,2.643,-0.026,0.962,2.978,-1.004,2.204,2.984,4.904,1.682,7.805,-0.018,-2.006,-4.0,-1.001,-3.002,1.973,-1.888,6.625,-2.0,-0.046,-0.023,-1.015,-1.0,0.918,-1.034,-3.004,-4.0,-1.766,0.653,-3.003,-2.017,3.922,1.131,6.637,-2.004,1.294,0.0,-0.068,-2.0,-1.037,-3.042,-0.023,3.498,-0.019,0.973,1.927,-0.375,-5.0,-0.022,1.933,0.51,-0.032,-1.959,3.759,-0.008,-1.055,0.0,0.0,0.0,0.0,0.0,0.0,0.0,0.0,0.0,0.0
GoldS210,XAUUSDc,170,89.7158,107.659,5,1.9024,79.16,426,11.7371,1,9,0,0.01,1.5,3.0,0.0,1.0,15,1,22.433,21,0,2,0,0.0,0.0,0.0,0.0,0.0,0.0,-1.0,51.335,-4.0,-3.0,-4.0,-5.0,-0.001,0.986,-3.0,-3.0,-3.004,-2.0,-1.999,7.585,-3.0,-5.0,3.076,-5.0,-2.0,-0.067,-3.999,-5.0,-3.999,23.978,-3.0,-4.0,-4.0,-4.0,11.782,-0.016,-4.0,-6.0,5.558,0.91,-1.029,-3.0,15.838,1.979,-1.0,-3.0,-3.0,-4.0,-3.0,-2.153,-4.999,-5.0,-4.0,-6.0,-4.0,-1.0,8.789,-3.999,1.953,-3.0,24.853,13.178,-2.001,-3.0,-1.999,-4.999,-4.0,-4.0,-5.999,2.066,34.849,5.92,-2.999,-3.0,83.227,-2.999,-2.0,-2.0,-0.003,-1.007,-4.0,-4.0,-3.0,-4.0,-2.999,2.914,3.407,-1.0,-1.033,-6.0,3.865,-4.0,-0.033,-3.0,17.176,-5.0,4.97,-2.0,-2.999,-1.04,2.724,0.0,3.42,-2.0,2.897,-4.0,8.04,0.927,-4.0,-2.0,13.741,-6.0,-3.0,-4.0,-5.0,-4.0,-3.0,-4.999,-0.005,-4.0,11.095,0.0,0.0,0.0,0.0,0.0,0.0,0.0,0.0,0.0,0.0
GoldS210,XAUUSDc,311,-11.59,-23.18,3,-0.3617,0.0,473,13.5307,1,11,0,0.01,1.9,2.5,0.0,0.5,15,1,-64.599,24,0,2,0,0.2,0.0,0.0,0.0,0.0,0.0,-1.0,18.604,-4.0,-3.999,-3.0,-6.0,-1.501,0.488,-4.0,0.494,-3.503,-3.0,-4.999,-4.0,-3.0,-4.0,1.982,-5.0,-5.0,8.326,-2.519,-4.0,8.086,11.478,0.534,-4.0,-4.0,-1.517,8.16,-0.513,-6.0,-6.0,-1.515,4.704,-1.523,-3.0,1.311,2.84,-2.0,-3.0,-4.0,-3.0,-0.747,-3.647,-5.0,51.273,-4.0,-6.0,-4.0,-1.0,3.532,-4.0,2.418,3.837,1.442,3.602,-1.501,-4.0,-1.999,-5.0,-1.529,-4.0,1.323,1.558,19.531,2.901,-2.999,-2.999,16.859,-3.0,-4.0,-4.0,0.498,-1.506,-4.0,-4.0,4.095,-4.0,-2.999,5.323,0.461,-1.0,-2.528,-5.999,-1.51,-4.0,0.163,-2.526,-4.0,-5.0,4.243,-2.0,-3.999,0.896,2.54,0.0,0.852,-2.0,-2.0,-1.593,1.441,5.116,-4.0,-2.0,-1.512,-6.0,-5.0,13.086,-6.0,-3.0,-3.0,11.093,3.061,-5.0,4.851,0.0,0.0,0.0,0.0,0.0,0.0,0.0,0.0,0.0,0.0
GoldS210,XAUUSDc,341,-19.1427,-57.428,2,-0.6289,0.0,481,8.1081,1,7,0,0.01,1.7,3.0,0.0,0.5,15,1,-125.578,20,0,2,0,0.2,0.0,0.0,0.0,0.0,0.0,-1.0,-2.013,-4.0,-4.0,-3.0,-6.0,-0.001,0.986,-3.0,-3.0,-3.003,-3.0,-5.0,-4.0,-3.0,-5.0,4.584,-6.0,-6.0,11.479,-5.0,-5.0,-5.0,33.903,-5.0,-4.0,-4.0,-4.999,21.275,-2.016,-4.0,-6.999,18.46,-3.0,-1.029,-3.0,-2.999,-5.0,-2.0,-2.999,-4.0,-3.0,-5.999,11.279,-5.0,-6.0,-5.0,-6.0,-4.0,-1.0,-4.011,-4.0,3.724,-3.999,1.938,14.044,-0.239,-3.0,-1.999,-5.0,-5.0,-4.0,-6.0,2.066,64.15,6.71,-3.0,-2.999,26.099,-3.0,-4.0,-4.0,0.997,-1.007,-4.0,-4.0,-3.0,-4.0,-3.0,6.698,3.407,-1.0,-5.999,-4.999,4.492,-4.0,0.329,-5.0,7.693,-5.0,-5.0,-3.0,-5.0,-4.0,-5.0,0.0,4.816,-2.0,-3.0,-4.0,13.335,-2.072,-4.0,-2.0,-4.0,-6.0,-5.0,-4.0,-6.0,-3.0,-3.0,-5.999,5.193,-4.0,21.295,0.0,0.0,0.0,0.0,0.0,0.0,0.0,0.0,0.0,0.0
GoldS210,XAUUSDc,596,-9.3537,-28.061,2,-0.5827,0.0,492,27.8455,1,5,0,0.01,1.9,1.5,0.0,0.5,15,1,-33.366,2,0,2,0,0.6,0.0,0.0,0.0,0.0,0.0,1.479,0.587,-4.0,-0.508,-4.0,-5.0,3.914,-0.507,-3.0,-0.002,-4.502,2.408,-3.0,-4.0,-3.0,1.053,-0.948,4.262,2.289,-0.854,-0.88,-1.941,1.2,-1.13,-5.0,-4.0,-4.0,-0.51,1.79,5.088,2.263,-5.0,5.451,0.919,4.851,-3.0,-0.515,-4.0,-3.0,1.45,-3.0,-4.0,7.014,0.304,-2.51,5.836,-1.503,-6.0,-1.511,-1.0,-3.014,-0.134,-1.194,-4.0,0.486,5.594,-2.501,-3.0,5.402,-4.0,-0.564,1.849,3.217,0.493,-1.658,3.679,5.473,0.795,5.274,1.407,-4.0,-4.0,-0.501,-2.503,3.164,1.042,4.686,4.049,0.944,0.025,0.093,-1.0,-6.0,1.062,1.565,-4.0,-1.123,0.351,-1.126,-2.502,-0.068,-2.0,-0.397,-4.0,6.271,0.0,1.399,-2.0,-1.999,-2.559,0.465,0.795,-1.526,-0.539,8.918,-2.038,-5.0,2.446,-1.041,1.104,3.459,-1.086,1.791,-3.0,2.377,0.0,0.0,0.0,0.0,0.0,0.0,0.0,0.0,0.0,0.0
GoldS210,XAUUSDc,123,-15.0977,-45.293,2,-0.6751,0.0,474,13.2911,1,11,0,0.01,1.5,2.5,0.0,0.5,15,1,-86.712,23,0,2,0,0.0,0.0,0.0,0.0,0.0,0.0,-1.0,-2.51,-4.0,-4.0,-3.0,-6.0,-1.5,0.488,-4.0,0.494,-3.503,-3.0,-5.0,-4.0,-3.0,-4.0,1.982,-5.0,-5.0,8.326,-2.519,-3.999,8.086,11.478,0.534,-4.0,-4.0,-1.517,8.16,-1.513,-6.0,-6.0,-1.515,4.704,-1.524,-3.0,1.311,2.84,-2.0,-2.999,-4.0,-3.0,-0.746,-3.647,-5.0,51.273,-4.0,-6.0,-4.0,-1.0,3.532,-4.0,2.418,3.837,1.442,3.602,-1.501,-4.0,-1.999,-5.0,-1.529,-4.0,1.322,1.558,19.531,2.901,-2.999,-2.999,16.859,-2.999,-4.0,-4.0,0.498,-1.506,-4.0,-4.0,4.095,-4.0,-2.999,5.323,0.461,-1.0,-2.528,-5.999,-1.51,-4.0,0.163,-2.526,-4.0,-5.0,4.243,-2.0,-3.999,0.896,2.54,0.0,0.852,-2.0,-2.0,-1.593,1.441,5.116,-4.0,-2.0,-1.512,-6.0,-5.0,13.086,-6.0,-3.0,-3.0,11.093,3.061,-5.0,4.851,0.0,0.0,0.0,0.0,0.0,0.0,0.0,0.0,0.0,0.0
GoldS210,XAUUSDc,270,14.0887,21.133,4,0.3499,178.31,488,17.8279,1,9,0,0.01,1.7,2.0,0.0,0.5,15,1,-16.55,21,0,2,0,0.2,0.0,0.0,0.0,0.0,0.0,1.972,20.216,-4.0,-1.01,-3.0,-6.0,-2.001,-0.01,-4.0,-0.005,-4.003,-3.0,0.545,-4.0,-3.0,29.192,0.211,-2.025,-5.0,5.174,-2.015,1.403,-3.0,2.504,-0.332,-4.0,-4.0,-2.014,3.262,-2.011,1.007,-7.0,-2.012,-3.0,0.971,-3.0,-3.0,-3.999,-2.0,-2.999,-4.0,-3.0,-3.065,-3.161,-2.014,41.379,-1.004,-6.0,-1.014,-1.0,0.414,-4.0,0.112,1.022,0.947,6.562,-3.001,-3.0,-0.061,-4.0,-3.023,-4.0,17.579,0.991,8.022,0.985,-0.014,-2.999,13.008,-2.999,-4.0,-4.0,-0.002,-2.005,-4.0,-4.0,-0.001,-4.0,-0.009,13.295,1.197,-1.0,-0.269,-6.0,-2.008,-4.0,-0.48,3.203,-2.006,-5.0,-0.507,-2.0,-3.999,-0.162,4.981,0.0,-0.11,-2.0,-3.0,-2.076,0.953,5.997,-4.0,-2.0,28.594,-6.0,-5.0,1.955,1.006,6.495,8.299,-6.0,10.115,-4.0,-2.01,0.0,0.0,0.0,0.0,0.0,0.0,0.0,0.0,0.0,0.0
GoldS210,XAUUSDc,305,-27.117,-81.351,2,-0.7963,0.0,486,11.1111,1,7,0,0.01,1.7,2.5,0.0,0.5,15,1,-106.985,21,0,2,0,0.2,0.0,0.0,0.0,0.0,0.0,-1.0,-2.51,-4.0,-4.0,-3.0,-6.0,-0.501,0.488,-3.0,0.494,-3.502,-3.0,-5.0,-4.0,-3.0,9.844,2.791,-6.0,-6.0,8.326,-1.519,-1.193,-4.0,19.612,-5.0,-4.0,-4.0,-1.517,14.42,-2.513,3.698,-6.999,4.435,-3.0,-1.524,-3.0,-2.999,-5.0,-2.0,-2.999,-4.0,-3.0,8.239,6.209,-5.0,-3.501,-4.0,-6.0,-4.0,-1.0,-4.51,-4.0,2.418,-3.999,1.442,10.656,-2.501,-3.0,-1.999,-5.0,-1.529,-4.0,20.634,1.546,20.178,4.926,-3.0,-2.999,19.025,-3.0,-4.0,-4.0,0.498,-1.506,-4.0,-4.0,-3.0,-4.0,-3.0,3.97,2.302,-1.0,-5.999,-4.999,3.008,-4.0,-0.406,-1.526,4.546,-5.0,-5.0,-3.0,-5.0,-4.0,-5.0,0.0,0.852,-2.0,-3.0,-1.593,2.683,-2.56,-4.0,-2.0,-4.0,-6.0,-5.0,14.485,-6.0,-3.0,-3.0,3.075,3.807,-4.0,14.445,0.0,0.0,0.0,0.0,0.0,0.0,0.0,0.0,0.0,0.0
GoldS210,XAUUSDc,58,-17.9517,-53.855,2,-0.6317,0.0,498,25.3012,1,9,0,0.01,1.9,1.5,0.0,0.5,15,1,-68.498,11,0,2,0,0.0,0.0,0.0,0.0,0.0,0.0,1.479,6.177,-4.0,-1.508,-3.0,-6.0,-0.016,-0.507,-4.0,-0.504,-4.502,-3.0,-0.749,-4.0,-3.0,-2.069,-1.22,2.54,-1.925,2.021,-1.023,-1.478,-3.999,0.96,-2.511,-4.0,-4.0,-2.51,-1.511,-2.508,14.629,-6.0,-0.017,-3.0,-0.021,-3.0,-0.515,-3.999,-2.0,-2.999,-4.0,-3.0,-3.563,0.613,-2.51,8.805,-1.503,-1.609,-1.511,-1.0,-3.014,-1.51,-1.194,-0.373,0.486,5.895,-1.007,-3.0,3.442,-4.0,0.716,2.531,-5.0,0.493,5.024,1.986,9.756,2.269,3.467,9.399,-4.0,-4.0,-0.501,-2.503,-1.509,4.078,2.731,7.364,0.944,-1.025,0.093,-1.0,-1.937,1.368,-2.506,-4.0,-1.123,0.351,-2.505,-2.502,1.078,-2.0,2.221,-4.0,4.436,0.0,1.399,-2.0,-3.0,-2.559,0.465,3.25,-1.526,-0.539,7.162,-0.457,-5.0,0.966,-1.04,1.964,3.076,-6.0,7.136,-4.0,-2.508,0.0,0.0,0.0,0.0,0.0,0.0,0.0,0.0,0.0,0.0
GoldS210,XAUUSDc,527,-17.977,-53.931,2,-0.6882,0.0,455,10.7692,1,11,0,0.01,1.9,3.0,0.0,0.5,15,1,-77.97,25,0,2,0,0.4,0.0,0.0,0.0,0.0,0.0,-1.0,15.219,-4.0,-4.0,-3.0,-5.0,-0.001,0.987,-4.0,-3.0,-3.004,-3.0,-5.0,-4.0,-3.0,-3.0,3.599,-5.0,-5.0,7.568,-4.999,-5.0,11.001,21.039,-4.0,-4.0,-4.0,-2.0,12.657,-0.016,-6.0,-6.0,5.355,6.278,-1.029,-3.0,1.983,4.295,-2.0,-3.0,-4.0,-3.0,-4.0,-3.153,-5.0,10.722,-5.0,-6.0,-4.0,-1.0,7.268,-4.0,3.724,6.291,1.938,0.829,-1.001,-4.0,-1.999,-5.0,-5.0,-4.0,-3.999,1.078,-4.998,5.92,-3.0,-2.0,12.29,-2.999,-4.0,-3.999,0.997,-1.007,-4.0,-3.0,-3.0,19.733,-3.0,7.129,0.954,-1.0,-1.033,-5.999,-0.012,-4.0,0.805,-6.0,7.652,-5.0,11.185,-2.0,-3.999,1.954,4.342,0.0,4.844,-2.0,-2.0,-4.0,8.04,7.316,-4.0,-2.0,-1.015,-5.999,-5.0,-4.0,-6.0,-3.0,-3.0,-5.999,4.136,-4.0,7.201,0.0,0.0,0.0,0.0,0.0,0.0,0.0,0.0,0.0,0.0
GoldS210,XAUUSDc,226,-0.5167,-1.55,2,-0.021,0.0,502,24.9004,1,9,0,0.01,1.9,1.5,0.0,0.0,15,1,-25.499,16,0,2,0,0.2,0.0,0.0,0.0,0.0,0.0,1.479,3.786,-4.0,-4.0,-3.0,-6.0,15.853,-1.507,-3.0,-0.504,-4.501,-3.0,-0.749,-4.0,-4.0,-3.069,-1.22,2.54,-1.925,-1.455,-1.023,-1.478,-4.0,0.96,-2.511,-4.0,-4.0,-2.51,-3.511,-1.508,9.853,-6.0,-0.017,-3.0,-0.021,0.064,-0.515,-3.999,-2.0,-2.999,-4.0,-3.0,-3.397,7.813,-2.51,12.999,-1.503,-1.609,-1.511,-1.0,-2.879,-1.51,-2.353,-0.454,1.525,11.204,-2.007,-3.0,1.493,-4.0,4.355,2.531,3.325,0.493,5.024,1.987,9.756,0.263,3.467,9.399,-4.0,-4.0,-0.501,-2.503,-2.509,-4.0,2.731,12.479,2.385,4.305,0.093,-1.0,-1.937,0.799,22.443,-4.0,-1.123,0.351,-2.505,-2.502,1.078,-2.0,1.221,-4.0,4.436,0.0,1.399,-2.0,-2.0,-2.559,0.465,3.25,-1.526,-0.539,7.162,-0.457,-4.0,1.061,-2.502,1.964,6.026,-6.0,3.059,-4.0,-2.508,0.0,0.0,0.0,0.0,0.0,0.0,0.0,0.0,0.0,0.0
GoldS210,XAUUSDc,135,10.5567,15.835,4,0.4429,261.57,431,15.5452,1,11,0,0.01,1.5,2.5,0.0,1.0,15,1,-25.584,24,0,2,0,0.0,0.0,0.0,0.0,0.0,0.0,-1.0,-1.513,-4.0,-3.0,-0.504,-5.0,-0.501,0.488,-3.0,0.494,-3.503,-2.0,-2.0,4.255,-3.0,0.501,1.982,-5.0,-2.0,-0.563,-0.519,-4.0,8.086,11.478,-3.0,-3.0,10.098,-0.517,8.16,-0.513,-6.0,-6.0,-1.515,0.413,-1.524,-3.0,5.592,1.482,-1.0,-3.0,-3.0,-4.0,2.253,-2.647,-5.0,39.918,-3.0,-6.0,-4.0,-1.0,3.532,-4.0,1.461,12.633,9.056,2.898,-1.501,-4.0,-1.999,-5.0,-0.529,-4.0,1.322,1.558,14.493,2.901,-2.999,-3.0,16.859,-2.999,-2.0,-2.0,-0.502,-1.506,-4.0,-4.0,4.095,-4.0,-2.999,5.323,0.461,-1.0,-2.528,-5.999,9.837,-4.0,-0.527,-3.0,-4.0,-5.0,4.243,-2.0,-2.998,-1.536,5.797,0.0,0.852,-2.0,2.191,-1.593,1.441,0.439,-4.0,-2.0,5.751,-6.0,-3.0,13.086,-5.0,-4.0,-3.0,13.093,0.496,-5.0,4.851,0.0,0.0,0.0,0.0,0.0,0.0,0.0,0.0,0.0,0.0
GoldS210,XAUUSDc,739,-3.19,-6.38,3,-0.1832,0.0,499,47.0942,1,11,0,0.01,1.7,1.0,0.0,0.5,15,1,-8.072,0,0,2,0,0.8,0.0,0.0,0.0,0.0,0.0,0.986,-0.597,-1.022,0.986,-1.654,-1.671,1.434,0.977,-0.706,-0.009,-4.001,0.167,2.046,-4.0,-3.0,-1.432,-0.641,2.271,-1.605,1.148,-0.025,-0.014,2.314,-2.012,-3.007,-1.63,-4.0,0.308,-2.008,0.714,2.89,3.131,0.968,-0.613,1.292,-3.0,1.076,-2.002,-2.0,-0.002,0.191,-4.0,3.025,0.29,-3.007,3.243,-0.009,-2.016,-2.007,-1.0,-4.009,-2.007,-0.651,-0.933,-1.009,4.036,1.333,-3.0,1.955,0.757,-1.026,0.962,5.852,1.382,0.5,2.984,2.986,0.399,4.403,-0.018,-0.789,-4.0,-1.001,-3.002,1.973,-0.89,2.803,-2.0,-0.046,-0.023,-1.015,-1.0,0.918,-1.034,1.659,-4.0,-1.766,3.59,-2.048,-2.017,3.922,0.416,6.32,-2.004,2.302,0.0,-0.068,-2.0,1.366,-3.042,-0.023,1.914,-0.019,0.973,4.328,-1.59,-4.0,-0.022,2.932,-1.354,-0.032,-0.057,2.754,-0.008,2.637,0.0,0.0,0.0,0.0,0.0,0.0,0.0,0.0,0.0,0.0
GoldS210,XAUUSDc,31,-1.1807,-3.542,2,-0.1472,0.0,477,50.1048,1,11,0,0.01,1.7,1.0,0.0,1.0,15,1,-4.542,0,0,2,0,0.0,0.0,0.0,0.0,0.0,0.0,0.986,-1.008,-1.022,0.986,-0.015,-2.003,0.941,0.977,-1.047,-0.009,-4.001,-0.165,0.934,0.755,-3.0,-2.068,-1.071,1.979,-0.125,0.93,0.932,1.982,1.99,-2.012,-2.007,-0.059,-4.0,-0.049,-2.008,-0.061,2.89,1.99,0.968,-1.077,0.978,-3.0,0.935,-0.007,-1.0,-1.002,-0.001,-4.0,2.891,-1.147,-3.007,2.948,1.942,-2.016,-2.007,-1.0,-4.009,-2.007,2.922,-1.054,0.96,3.819,0.967,-3.0,1.955,-0.088,-1.026,0.962,4.953,0.99,-0.023,2.984,1.936,-0.016,3.977,-0.018,-1.103,-1.0,-1.001,-3.002,1.973,-1.059,1.985,-2.0,-0.046,-0.023,-1.015,-1.0,0.918,-1.034,0.946,-4.0,-2.011,1.926,-2.048,-2.017,3.922,-0.006,4.907,-2.004,1.965,0.0,-0.068,-2.0,0.941,-1.09,-0.023,-0.029,-0.019,0.973,3.924,-2.034,-2.007,-0.022,2.932,-2.055,-0.032,-0.097,1.965,-0.008,1.91,0.0,0.0,0.0,0.0,0.0,0.0,0.0,0.0,0.0,0.0
GoldS210,XAUUSDc,50,-17.9517,-53.855,2,-0.6317,0.0,498,25.3012,1,9,0,0.01,1.5,1.5,0.0,0.5,15,1,-68.498,11,0,2,0,0.0,0.0,0.0,0.0,0.0,0.0,1.479,6.177,-4.0,-1.508,-3.0,-6.0,-0.016,-0.507,-4.0,-0.504,-4.502,-3.0,-0.749,-4.0,-3.0,-2.069,-1.22,2.54,-1.925,2.021,-1.023,-1.478,-3.999,0.96,-2.511,-4.0,-4.0,-2.51,-1.511,-2.508,14.629,-6.0,-0.017,-3.0,-0.021,-3.0,-0.515,-3.999,-2.0,-2.999,-4.0,-3.0,-3.563,0.613,-2.51,8.805,-1.503,-1.609,-1.511,-1.0,-3.014,-1.51,-1.194,-0.373,0.486,5.895,-1.007,-3.0,3.442,-4.0,0.716,2.531,-5.0,0.493,5.024,1.986,9.756,2.269,3.467,9.399,-4.0,-4.0,-0.501,-2.503,-1.509,4.078,2.731,7.364,0.944,-1.025,0.093,-1.0,-1.937,1.368,-2.506,-4.0,-1.123,0.351,-2.505,-2.502,1.078,-2.0,2.221,-4.0,4.436,0.0,1.399,-2.0,-3.0,-2.559,0.465,3.25,-1.526,-0.539,7.162,-0.457,-5.0,0.966,-1.04,1.964,3.076,-6.0,7.136,-4.0,-2.508,0.0,0.0,0.0,0.0,0.0,0.0,0.0,0.0,0.0,0.0
GoldS210,XAUUSDc,136,-10.392,-31.176,2,-0.5304,0.0,443,13.3183,1,5,0,0.01,1.7,2.5,0.0,1.0,15,1,-59.381,21,0,2,0,0.0,0.0,0.0,0.0,0.0,0.0,-1.0,-1.513,-4.0,-3.0,-0.504,-4.0,-0.501,0.489,-3.0,1.787,-3.503,-2.0,-2.0,4.255,-3.0,12.186,2.791,-5.0,-2.0,2.614,-0.519,-4.0,-4.0,25.205,-3.0,-4.0,-4.0,-0.517,-4.0,-1.513,-7.0,-5.0,0.08,0.413,-1.523,-3.0,-3.0,1.482,-1.0,-3.0,-3.0,-4.0,7.715,8.047,-5.0,2.085,-4.0,-6.0,-4.0,-1.0,-4.51,-4.0,1.461,-3.0,17.12,10.574,-2.501,-3.0,-2.0,-4.999,-0.529,-4.0,13.263,14.288,-6.0,4.926,11.47,-3.0,0.472,-3.0,-3.0,-2.0,-0.502,-1.506,-4.0,-4.0,3.107,-4.0,-3.0,4.11,2.302,-1.0,-2.528,-5.0,19.968,-4.0,-0.527,-0.526,7.684,-4.999,-5.0,-2.0,-2.998,-1.536,-4.0,0.0,0.852,-2.0,2.191,-1.593,2.683,-0.561,-4.0,-2.0,-5.0,-6.0,-0.522,23.054,-5.0,-4.0,-4.0,-4.999,-0.504,-4.0,12.083,0.0,0.0,0.0,0.0,0.0,0.0,0.0,0.0,0.0,0.0
GoldS210,XAUUSDc,783,-3.3077,-9.923,2,-0.2826,0.0,443,35.8916,1,11,0,0.01,1.5,1.5,0.0,1.0,15,1,-12.957,0,0,2,0,0.8,0.0,0.0,0.0,0.0,0.0,1.479,0.838,-4.0,-0.508,-1.502,-5.0,2.429,-0.507,-3.0,-0.504,-3.502,1.15,-2.0,-0.555,-3.0,-1.673,-1.824,3.979,1.592,-1.554,2.421,-0.478,0.593,-1.738,-1.511,-1.515,-4.0,-0.51,1.266,-0.066,3.129,-5.0,3.356,-0.58,2.469,-3.0,2.69,0.489,-1.0,0.75,-3.0,-4.0,3.905,0.463,-2.51,4.632,0.946,-2.558,-1.511,-1.0,-3.014,-1.51,1.933,0.301,1.439,2.355,-2.501,-3.0,3.442,-4.0,0.796,-0.038,1.151,0.493,0.392,5.196,2.435,-0.525,5.084,4.247,0.0,-3.0,-1.501,-2.503,1.794,-1.529,1.994,1.063,0.944,-1.025,-0.523,-1.0,-2.516,3.281,2.419,-4.0,-1.516,2.687,-1.552,-2.502,0.436,-2.0,5.038,-4.0,3.448,0.0,1.399,-2.0,0.794,0.528,0.465,-0.536,1.704,-0.539,9.124,-3.519,-3.0,0.966,-0.041,-1.56,1.718,-2.546,4.337,-3.0,1.7,0.0,0.0,0.0,0.0,0.0,0.0,0.0,0.0,0.0,0.0
GoldS210,XAUUSDc,284,-14.9852,-89.911,1,-0.8705,0.0,449,18.0401,1,5,0,0.01,1.9,2.0,0.0,1.0,15,1,-105.76,15,0,2,0,0.2,0.0,0.0,0.0,0.0,0.0,1.972,-2.01,-4.0,-0.01,-1.003,-4.0,0.938,-0.01,-3.0,0.893,-4.002,-2.0,-2.0,0.924,-3.0,2.792,0.997,-2.024,-2.0,0.496,-1.015,-4.0,-4.0,12.789,-3.0,-4.0,-4.0,-1.014,-4.0,-2.011,-7.0,-5.0,-0.943,-0.083,0.97,-3.0,-3.0,0.986,-1.0,-3.0,-3.0,-4.0,1.366,3.119,-2.014,0.481,-1.004,-6.0,-1.014,-1.0,-5.008,-4.0,-0.032,3.135,6.501,6.501,-3.001,-3.0,-0.062,-3.999,-2.023,-4.0,16.943,0.991,-6.0,3.14,4.412,-3.0,-0.022,-3.0,-2.0,-2.0,-1.002,-2.005,-4.0,-4.0,-0.001,-4.0,-0.009,1.243,1.197,-1.0,-3.022,-5.0,11.335,-4.0,-1.022,-1.021,3.26,-4.999,-2.063,-2.0,-2.998,-2.032,2.58,0.0,-0.11,-2.0,1.484,-2.076,0.953,-1.049,-4.0,-2.0,13.797,-6.0,-1.018,11.679,-2.042,-4.0,-1.042,-4.999,7.108,-4.0,1.921,0.0,0.0,0.0,0.0,0.0,0.0,0.0,0.0,0.0,0.0
GoldS210,XAUUSDc,190,-6.464,-12.928,3,-0.2462,0.0,520,39.8077,1,9,0,0.01,1.9,1.0,0.0,0.0,15,1,-22.019,4,0,2,0,0.2,0.0,0.0,0.0,0.0,0.0,0.986,-2.006,0.069,-2.009,-3.0,1.048,8.095,-0.023,-3.0,1.007,-4.0,-3.0,-2.147,-4.0,-3.007,-4.002,-3.005,4.646,-3.02,0.955,-0.025,0.029,0.315,-2.012,-3.007,-4.0,-4.0,-1.01,-4.008,-0.542,9.037,1.334,0.968,-3.0,-1.015,-2.009,-1.01,-2.002,-2.0,0.996,-0.809,-3.0,0.153,5.343,-3.007,4.673,-0.009,-2.016,-2.007,-1.0,-3.967,-2.007,-1.298,-2.005,0.616,8.87,2.449,-3.0,0.274,1.513,0.681,1.218,2.978,-1.004,2.204,3.847,4.904,0.147,7.805,-0.018,-2.006,-4.0,-1.001,-3.002,0.973,-4.0,6.191,0.193,0.864,3.391,-1.015,-1.0,0.918,-3.014,7.087,-4.0,-1.766,3.455,-3.003,-2.017,3.922,1.131,3.334,-2.004,1.294,0.0,-0.068,-2.0,1.911,-3.042,-0.023,3.498,-0.019,0.973,1.927,-2.353,-4.0,0.038,-0.042,0.51,3.282,-0.841,1.305,-0.008,-1.055,0.0,0.0,0.0,0.0,0.0,0.0,0.0,0.0,0.0,0.0
GoldS210,XAUUSDc,382,-6.2903,-18.871,2,-0.4371,0.0,512,43.1641,1,9,0,0.01,1.9,1.0,0.0,0.5,15,1,-22.516,0,0,2,0,0.4,0.0,0.0,0.0,0.0,0.0,0.986,-2.007,0.069,-0.014,-3.0,-1.034,2.288,0.977,-4.0,-0.009,-4.001,-3.0,-2.147,-4.0,-3.0,0.107,-0.6,3.523,-3.02,1.537,-0.025,0.375,2.314,-2.012,-3.007,-4.0,-4.0,0.862,-2.008,1.465,4.156,5.753,0.968,-3.0,2.617,-3.0,-1.01,-2.002,-2.0,0.996,-0.809,-3.0,2.413,1.007,-3.007,3.607,-0.009,-2.016,-2.007,-1.0,-4.009,-2.007,-0.52,-1.933,-0.009,4.036,1.966,-3.0,1.955,2.256,-0.026,0.962,6.443,-1.004,1.686,2.984,4.177,1.575,6.336,-0.018,-2.006,-3.999,-1.001,-3.002,1.973,-2.559,3.933,-2.0,-0.046,-0.023,-1.015,-1.0,0.918,-1.034,-0.143,-4.0,-1.766,4.359,-3.003,-2.017,3.922,1.131,6.637,-2.004,1.294,0.0,-0.068,-2.0,-1.037,-3.042,-0.023,3.18,-0.019,0.973,1.927,-0.562,-5.0,-0.022,1.932,0.51,-0.032,-1.959,3.759,-0.008,-1.055,0.0,0.0,0.0,0.0,0.0,0.0,0.0,0.0,0.0,0.0
GoldS210,XAUUSDc,108,-29.986,-89.958,2,-0.8758,0.0,500,10.6,1,5,0,0.01,1.5,2.5,0.0,0.0,15,1,-118.163,20,0,2,0,0.0,0.0,0.0,0.0,0.0,0.0,-1.0,-0.795,-4.0,-3.999,-3.0,-6.0,-1.498,-0.512,-2.0,1.787,-3.503,-2.999,-5.0,-4.0,-5.0,12.186,2.791,-5.0,-0.94,9.775,-2.518,2.328,-4.0,25.205,-5.0,-4.0,-4.0,0.483,-6.0,-2.513,-6.0,-6.0,0.08,4.631,-1.523,23.42,-3.0,-6.0,-2.0,-2.999,-4.0,-3.0,15.79,8.106,-5.0,-3.469,-4.0,-6.0,-4.0,-1.0,-4.189,-4.0,-3.043,-5.0,3.51,7.638,-3.501,-3.0,8.491,-4.0,-5.999,-0.147,-4.999,14.288,-6.0,3.963,11.47,-3.998,0.472,-3.0,-4.0,-3.999,0.498,-1.506,-4.0,-5.0,12.971,-5.0,-3.0,5.15,2.302,-1.0,-6.0,-5.0,2.535,-4.0,0.163,-2.526,3.047,-4.999,-5.0,-2.0,-5.999,-4.0,-5.0,0.0,0.852,-2.0,-1.999,-1.593,2.683,-2.561,-4.0,-2.0,-5.0,-6.0,-5.0,19.222,4.861,-3.0,-3.999,-6.0,-5.0,-4.0,9.669,0.0,0.0,0.0,0.0,0.0,0.0,0.0,0.0,0.0,0.0
GoldS210,XAUUSDc,399,-6.1345,-12.269,3,-0.2906,0.0,494,28.1377,1,11,0,0.01,1.5,1.5,0.0,0.0,15,1,-20.003,6,0,2,0,0.4,0.0,0.0,0.0,0.0,0.0,1.479,2.324,-4.0,-4.0,-3.0,-5.0,11.207,-1.506,-3.0,-0.504,-4.502,-3.0,-0.749,-4.0,-4.0,-4.503,-1.251,1.066,2.399,-1.455,-1.023,-0.478,1.258,0.602,-2.511,-4.0,-4.0,-0.51,3.96,3.663,-0.151,-5.0,5.103,1.556,5.377,-1.513,2.318,-0.068,-2.0,-3.0,-4.0,-3.0,5.438,3.904,-2.51,8.296,-1.503,-1.609,-1.511,-1.0,-2.879,-1.51,-2.353,-0.454,1.658,4.866,-2.007,-3.0,7.289,-4.0,4.139,-0.038,6.018,0.493,3.117,1.986,5.248,0.263,3.467,8.117,-4.0,-3.999,-0.501,-2.503,-1.509,-5.0,2.731,8.483,2.385,-1.025,-0.523,-1.0,-3.517,3.447,6.228,-4.0,-1.123,-0.069,-2.505,-2.502,1.123,-3.0,1.221,-4.0,3.972,0.0,1.399,-2.0,-2.0,-2.559,0.465,-0.083,-1.526,-0.539,5.365,-0.802,-4.0,1.061,-0.04,1.964,3.831,-6.0,2.375,-3.0,-1.507,0.0,0.0,0.0,0.0,0.0,0.0,0.0,0.0,0.0,0.0
GoldS210,XAUUSDc,300,-21.8358,-131.015,1,-0.8945,0.0,493,10.142,1,5,0,0.01,1.5,2.5,0.0,0.5,15,1,-159.012,18,0,2,0,0.2,0.0,0.0,0.0,0.0,0.0,-1.0,-2.51,-4.0,-4.0,-3.0,-6.0,-0.501,0.488,-3.0,1.787,-3.502,-3.0,-5.0,-4.0,-3.0,12.186,2.791,-6.0,-6.0,-5.0,-2.518,-0.192,-4.0,24.997,-5.0,-4.0,-4.0,-1.517,-5.0,-2.513,-7.0,-6.0,0.08,4.631,-1.523,-3.0,-3.0,-5.0,-2.0,-2.999,-4.0,-3.0,5.716,7.047,-5.0,1.436,-4.0,-6.0,-4.0,-1.0,-4.51,-4.0,2.418,-4.0,1.442,11.278,-2.501,-3.0,-2.0,-5.0,-1.528,-4.0,13.263,14.288,-6.0,4.926,11.47,-2.999,0.473,-3.0,-4.0,-4.0,0.498,-1.506,-4.0,-4.0,12.971,-4.0,-3.0,4.11,2.302,-1.0,-6.0,-5.0,2.536,-4.0,0.163,-2.526,3.047,-4.999,-5.0,-3.0,-5.0,-4.0,-5.0,0.0,0.852,-2.0,-3.0,-1.593,2.683,-2.561,-4.0,-2.0,-5.0,-6.0,-5.0,21.157,-5.999,-3.0,-4.0,-6.0,-4.0,-4.0,14.446,0.0,0.0,0.0,0.0,0.0,0.0,0.0,0.0,0.0,0.0
GoldS210,XAUUSDc,362,-3.821,-11.463,2,-0.263,0.0,519,41.2331,1,9,0,0.01,1.5,1.0,0.0,0.0,15,1,-15.355,0,0,2,0,0.4,0.0,0.0,0.0,0.0,0.0,0.986,-2.007,0.069,-2.009,-3.0,-0.086,5.875,-0.023,-3.0,1.007,-4.001,-3.0,-2.147,-4.0,-3.007,-4.002,-3.005,3.523,-3.02,0.955,-0.025,0.029,0.315,-2.012,-3.007,-4.0,-4.0,-1.01,-3.008,1.922,7.016,5.979,0.968,-3.0,2.617,-2.009,-1.01,-2.002,-2.0,0.996,-0.809,-3.0,5.628,2.704,-3.007,4.673,-0.009,-2.016,-2.007,-1.0,-3.967,-2.007,-1.298,-2.005,0.616,6.466,2.011,-3.0,4.088,1.513,0.542,1.218,6.443,-1.004,1.686,3.847,4.177,0.147,6.336,-0.018,-2.006,-4.0,-1.001,-3.002,1.973,-5.0,3.933,0.193,0.864,1.555,-1.015,-1.0,0.918,-3.014,1.529,-4.0,-1.766,3.455,-3.003,-2.017,3.922,1.131,3.334,-2.004,1.294,0.0,-0.068,-2.0,1.911,-3.042,-0.023,3.18,-0.019,0.973,1.927,-2.54,-4.0,0.038,3.475,0.51,1.726,-0.841,1.305,-0.008,-1.055,0.0,0.0,0.0,0.0,0.0,0.0,0.0,0.0,0.0,0.0
GoldS210,XAUUSDc,487,-9.1455,-18.291,3,-0.3034,0.0,462,14.5022,1,11,0,0.01,1.7,2.5,0.0,0.5,15,1,-43.113,27,0,2,0,0.4,0.0,0.0,0.0,0.0,0.0,-1.0,10.49,-4.0,-4.0,-3.0,-5.0,-0.501,0.489,-4.0,0.494,-3.503,-3.0,-5.0,-4.0,-3.0,-3.0,1.982,-5.0,-5.0,5.315,-1.519,-5.0,8.086,10.297,0.533,-4.0,-4.0,0.483,8.16,-0.513,-6.0,-6.0,-0.515,4.704,-1.524,-3.0,1.311,2.84,-2.0,-3.0,-4.0,-3.0,1.252,-3.647,-5.0,34.676,-4.0,-6.0,-4.0,-1.0,3.532,-4.0,2.418,3.837,1.442,3.602,-1.501,-4.0,-1.999,-5.0,-1.529,-4.0,3.323,0.558,15.23,2.901,-3.0,-2.0,12.277,-2.999,-4.0,-3.999,0.498,-1.506,-4.0,-3.0,3.451,14.006,-3.0,4.254,0.461,-1.0,-2.528,-5.999,11.55,-4.0,0.163,-2.526,4.505,-5.0,3.064,-2.0,-3.999,0.896,2.54,0.0,0.852,-2.0,-2.0,-1.593,1.441,5.116,-4.0,-2.0,-1.512,-5.999,-5.0,8.861,-6.0,-3.0,-3.0,10.317,3.061,-4.0,3.852,0.0,0.0,0.0,0.0,0.0,0.0,0.0,0.0,0.0,0.0
GoldS210,XAUUSDc,221,8.374,16.748,3,0.2821,125.79,507,23.6686,1,7,0,0.01,1.7,1.5,0.0,0.0,15,1,-4.319,18,0,2,0,0.2,0.0,0.0,0.0,0.0,0.0,1.479,0.688,-3.999,-4.0,-3.0,-6.0,15.659,-1.507,-2.0,-0.504,-4.502,-3.0,-5.0,-4.0,-4.0,-3.069,-0.795,-3.519,-1.925,-1.708,-1.023,-1.942,-4.0,0.96,-5.0,-4.0,-4.0,-0.51,4.1,-0.264,15.045,-6.0,15.82,-3.0,11.815,0.07,-0.515,-6.0,-2.0,-2.999,-4.0,-3.0,-3.397,7.069,-2.51,13.928,-1.503,-6.0,-1.511,-1.0,-2.879,0.594,-2.194,-0.424,1.247,5.346,-2.007,-3.0,12.571,-4.0,0.122,2.531,3.116,0.493,6.19,4.693,9.784,0.263,3.467,12.985,-4.0,-4.0,-0.501,-2.503,-2.509,-4.0,-0.501,10.879,2.385,4.336,0.093,-1.0,-5.999,0.871,19.561,-4.0,-1.877,-2.514,-2.505,-2.502,1.078,-3.0,-0.148,-4.0,1.427,0.0,1.399,-2.0,-2.0,-2.559,0.465,2.023,-1.526,-0.539,7.44,-0.457,-4.0,1.061,2.092,1.964,6.493,-6.0,3.5,-4.0,-0.508,0.0,0.0,0.0,0.0,0.0,0.0,0.0,0.0,0.0,0.0
GoldS210,XAUUSDc,240,13.7705,27.541,3,0.6246,85.28,458,30.131,1,5,0,0.01,1.5,1.5,0.0,1.0,15,1,4.054,14,0,2,0,0.2,0.0,0.0,0.0,0.0,0.0,1.479,4.664,-4.0,-0.508,-1.502,-0.317,2.429,-0.507,-3.0,-0.002,-4.501,5.936,-2.0,-0.555,-3.0,-2.157,-0.795,-2.518,-2.0,-2.554,2.564,-4.0,-4.0,0.96,0.307,-1.515,-4.0,-1.51,-1.511,1.015,-2.862,-5.0,13.739,-0.58,2.469,-3.0,-0.515,0.489,-1.0,-3.0,-3.0,-4.0,3.402,-2.446,-2.51,11.128,0.946,-6.0,-1.511,-1.0,-3.014,0.594,1.933,1.291,1.439,5.855,-1.007,-3.0,3.442,-3.999,1.107,2.541,3.884,0.493,-0.076,4.358,6.343,-0.525,7.07,13.88,-2.0,-2.0,-1.501,-2.503,-1.509,0.596,1.994,4.095,0.944,0.09,0.093,-1.0,-3.517,2.74,2.419,-4.0,-1.516,0.931,-1.552,-2.502,-0.068,-2.0,22.959,-4.0,4.918,0.0,1.399,-2.0,0.794,1.602,0.465,-1.536,-1.526,-0.539,5.327,-3.519,-1.513,7.306,-0.041,-1.56,-1.532,-0.646,4.748,-4.0,0.941,0.0,0.0,0.0,0.0,0.0,0.0,0.0,0.0,0.0,0.0
GoldS210,XAUUSDc,552,0.863,1.726,3,0.0699,144.61,510,44.902,1,5,0,0.01,1.5,1.0,0.0,0.5,15,1,-0.77,0,0,2,0,0.6,0.0,0.0,0.0,0.0,0.0,0.986,-2.007,-0.298,0.986,-1.228,-1.207,1.651,1.876,-1.047,-0.009,-4.001,0.336,0.329,-4.0,-3.0,-0.709,-0.6,3.553,-0.474,2.209,0.353,1.547,2.314,-2.012,-5.0,-1.295,-4.0,0.545,-3.008,2.03,3.786,4.536,1.431,-0.338,1.97,-3.0,-1.01,-1.007,-2.0,0.996,0.142,-4.0,4.068,0.665,-3.007,5.805,-0.009,-2.016,-2.007,-1.0,-4.009,-2.007,-0.52,-4.0,-0.009,4.764,1.664,-3.0,2.753,1.708,-0.026,0.962,6.11,-1.004,-2.012,2.984,3.862,0.786,2.733,0.784,-2.006,-4.0,-1.001,-3.002,1.973,-2.311,4.019,-2.0,-0.046,-0.023,-1.015,-1.0,1.496,0.21,-0.521,-4.0,-1.766,3.211,-3.003,-2.017,3.922,0.662,4.569,-2.004,2.924,0.0,-0.068,-2.0,1.661,-3.042,-0.023,2.884,-0.019,0.973,5.077,-0.49,-5.0,-0.022,2.677,-0.101,0.779,0.91,-0.033,0.497,2.447,0.0,0.0,0.0,0.0,0.0,0.0,0.0,0.0,0.0,0.0
GoldS210,XAUUSDc,499,24.648,36.972,4,1.1947,67.14,425,16.4706,1,11,0,0.01,1.7,2.5,0.0,1.0,15,1,12.15,28,0,2,0,0.4,0.0,0.0,0.0,0.0,0.0,-1.0,11.487,-4.0,-3.0,-0.504,-5.0,-0.501,0.489,-3.0,0.494,-3.503,8.016,-1.999,4.255,-3.0,-3.0,1.982,-5.0,-1.0,19.408,0.481,-5.0,8.086,10.297,-3.0,-3.0,7.758,-0.517,8.16,-0.513,-6.0,-6.0,-0.515,0.413,-1.523,-3.0,5.592,1.482,-1.0,-3.0,-3.0,-4.0,2.252,-2.647,-5.0,23.321,-3.0,-6.0,-4.0,-1.0,3.532,-4.0,1.461,12.633,6.326,2.898,-1.501,-4.0,-1.999,-5.0,-0.529,-4.0,1.323,1.558,10.195,2.901,-3.0,-3.0,12.277,-2.999,-2.0,-2.0,-0.502,-1.506,-4.0,-3.0,3.451,5.765,-3.0,4.254,0.461,-1.0,-2.528,-5.999,9.837,-4.0,-0.527,-3.0,4.505,-5.0,3.064,-2.0,-2.998,-1.536,5.797,0.0,0.852,-2.0,2.191,-1.593,1.441,0.439,-4.0,-2.0,5.751,-6.0,-3.0,8.861,-5.0,-4.0,-3.0,12.317,0.496,-4.0,3.852,0.0,0.0,0.0,0.0,0.0,0.0,0.0,0.0,0.0,0.0
GoldS210,XAUUSDc,126,10.6357,31.907,2,0.4117,233.25,480,12.5,1,9,0,0.01,1.7,2.5,0.0,0.5,15,1,-42.515,21,0,2,0,0.0,0.0,0.0,0.0,0.0,0.0,-1.0,34.23,-4.0,-4.0,-3.0,-6.0,-1.501,0.488,-4.0,0.494,-3.503,-3.0,-5.0,-4.0,-3.0,9.844,1.644,-5.0,-5.0,8.326,-1.519,-5.0,-3.999,12.478,0.533,-4.0,-4.0,-1.517,7.521,-1.513,3.668,-7.0,-1.515,-3.0,-1.523,-3.0,-3.0,-3.999,-2.0,-2.999,-4.0,-3.0,-0.747,-3.647,-4.999,72.921,-4.0,-6.0,-4.0,-1.0,3.532,-3.999,2.418,3.838,1.442,10.656,-2.501,-3.0,-1.999,-5.0,-1.529,-4.0,9.18,1.546,19.897,2.901,-2.999,-2.999,49.055,-2.999,-4.0,-4.0,0.498,-1.506,-4.0,-4.0,4.095,-4.0,-2.999,1.004,2.302,-1.0,1.398,-6.0,-1.51,-4.0,0.163,-2.526,-1.508,-5.0,0.471,-2.0,-3.999,0.896,-0.649,0.0,0.852,-2.0,-3.0,-1.593,1.441,7.282,-4.0,-2.0,-3.999,-6.0,-5.0,-0.536,-5.999,-3.0,-3.0,9.751,3.121,-4.0,2.851,0.0,0.0,0.0,0.0,0.0,0.0,0.0,0.0,0.0,0.0
GoldS210,XAUUSDc,144,-30.0147,-90.044,2,-0.7382,0.0,496,8.2661,1,5,0,0.01,1.5,3.0,0.0,0.0,15,1,-134.39,22,0,2,0,0.0,0.0,0.0,0.0,0.0,0.0,-1.0,-0.101,-4.0,-3.999,-3.0,-6.0,-0.998,-0.014,-2.0,-3.0,-3.004,-2.999,-5.0,-4.0,-5.0,-5.0,4.584,-5.0,0.3,13.282,-5.999,-4.0,7.735,42.346,-5.0,-4.0,-4.0,-2.999,-6.0,-2.016,-6.0,-6.0,8.525,6.191,-1.028,32.706,-3.0,-6.0,-2.0,-2.999,-4.0,-3.0,5.458,15.534,-5.0,-7.0,-4.0,-6.0,-4.0,-1.0,-3.597,-4.0,-2.229,-5.0,4.472,10.308,-1.646,-3.0,-4.0,-4.0,-5.999,6.921,-4.999,19.488,-6.0,5.488,15.755,-3.998,0.98,-3.0,-4.0,-3.999,0.997,-1.007,-4.0,-5.0,-3.0,-5.0,-3.0,8.4,3.407,-1.0,-6.0,-5.0,3.935,-4.0,0.805,-6.0,4.886,-4.999,-5.0,-2.0,-5.999,-4.0,-5.0,0.0,4.002,-2.0,-1.999,-4.0,9.72,-2.073,-4.0,-2.0,-5.0,-6.0,-5.0,-3.999,-5.0,-3.0,-3.999,-6.0,-5.0,-4.0,15.429,0.0,0.0,0.0,0.0,0.0,0.0,0.0,0.0,0.0,0.0
GoldS210,XAUUSDc,364,0.2225,0.445,3,0.0134,1130.79,523,39.7706,1,5,0,0.01,1.7,1.0,0.0,0.0,15,1,-4.587,1,0,2,0,0.4,0.0,0.0,0.0,0.0,0.0,0.986,-0.883,0.168,-2.009,-3.0,2.032,4.883,1.554,-0.047,1.541,-4.001,-3.0,-5.0,-4.0,-3.007,-4.002,-3.005,5.094,-3.02,2.903,0.637,0.432,0.315,-2.012,-5.0,-1.617,-4.0,3.475,-3.008,1.271,7.416,6.575,1.615,-0.048,2.86,-2.009,-1.01,-2.007,-2.0,0.996,-0.858,-3.0,3.634,3.915,-3.007,7.519,-0.009,-2.016,-2.007,-1.0,-3.967,-2.007,-4.02,-2.998,0.694,6.065,3.094,-3.0,3.488,1.267,-2.015,1.218,7.91,-1.004,-0.635,4.171,5.065,0.147,3.366,1.471,-2.006,-4.0,-1.001,-3.002,1.973,-5.0,2.294,-2.503,0.864,3.562,-1.015,-1.0,1.751,0.135,1.665,-4.0,-1.766,4.375,-3.003,-2.017,3.922,0.623,1.676,-2.004,-0.435,0.0,-0.068,-2.0,2.907,-3.042,-0.023,1.84,-0.019,0.973,1.927,0.969,-5.0,0.038,4.77,-0.101,0.97,-4.016,-3.022,0.886,3.819,0.0,0.0,0.0,0.0,0.0,0.0,0.0,0.0,0.0,0.0
GoldS210,XAUUSDc,203,-8.952,-17.904,3,-0.3896,0.0,513,42.885,1,11,0,0.01,1.9,1.0,0.0,0.5,15,1,-24.905,2,0,2,0,0.2,0.0,0.0,0.0,0.0,0.0,0.986,-2.007,-1.022,-0.014,-3.0,-4.0,-1.01,0.977,-4.0,-0.009,-4.001,-3.0,-2.146,-4.0,-3.0,3.649,-0.6,4.646,-1.02,1.848,-0.025,-0.014,2.314,-2.012,-3.006,-4.0,-4.0,-1.01,-2.008,2.882,2.89,9.109,0.968,-0.019,-1.015,-3.0,1.076,-2.002,-2.0,0.996,-0.809,-3.0,-3.062,1.396,-3.007,3.607,-0.009,-2.016,-2.007,-1.0,-4.009,-2.007,-0.52,-1.933,-0.009,4.036,-1.004,-3.0,1.955,2.643,-0.026,0.962,3.549,1.465,2.142,2.984,5.472,1.682,6.147,-0.018,-2.006,-4.0,-1.001,-3.002,1.973,-0.006,6.177,-2.0,-0.046,-0.023,-1.015,-1.0,0.918,-1.034,1.22,-4.0,-1.766,-0.055,-2.048,-2.017,3.922,1.131,7.754,-2.004,0.971,0.0,-0.068,-2.0,2.131,-3.042,-0.023,1.914,-0.019,0.973,1.927,-0.375,-5.0,-0.022,1.932,0.51,-0.032,-1.959,3.264,-0.008,-1.055,0.0,0.0,0.0,0.0,0.0,0.0,0.0,0.0,0.0,0.0
GoldS210,XAUUSDc,745,-1.1807,-3.542,2,-0.1472,0.0,477,50.1048,1,7,0,0.01,1.5,1.0,0.0,1.0,15,1,-4.542,0,0,2,0,0.8,0.0,0.0,0.0,0.0,0.0,0.986,-1.008,-1.022,0.986,-0.015,-2.003,0.941,0.977,-1.047,-0.009,-4.001,-0.165,0.934,0.755,-3.0,-2.068,-1.071,1.979,-0.125,0.93,0.932,1.982,1.99,-2.012,-2.007,-0.059,-4.0,-0.049,-2.008,-0.061,2.89,1.99,0.968,-1.077,0.978,-3.0,0.935,-0.007,-1.0,-1.002,-0.001,-4.0,2.891,-1.147,-3.007,2.948,1.942,-2.016,-2.007,-1.0,-4.009,-2.007,2.922,-1.054,0.96,3.819,0.967,-3.0,1.955,-0.088,-1.026,0.962,4.953,0.99,-0.023,2.984,1.936,-0.016,3.977,-0.018,-1.103,-1.0,-1.001,-3.002,1.973,-1.059,1.985,-2.0,-0.046,-0.023,-1.015,-1.0,0.918,-1.034,0.946,-4.0,-2.011,1.926,-2.048,-2.017,3.922,-0.006,4.907,-2.004,1.965,0.0,-0.068,-2.0,0.941,-1.09,-0.023,-0.029,-0.019,0.973,3.924,-2.034,-2.007,-0.022,2.932,-2.055,-0.032,-0.097,1.965,-0.008,1.91,0.0,0.0,0.0,0.0,0.0,0.0,0.0,0.0,0.0,0.0
GoldS210,XAUUSDc,258,20.8807,31.321,4,0.4065,120.31,493,17.6471,1,9,0,0.01,1.7,2.0,0.0,0.0,15,1,-6.362,23,0,2,0,0.2,0.0,0.0,0.0,0.0,0.0,1.972,15.512,-4.0,-4.0,-3.0,-6.0,24.028,-1.01,-3.0,-0.005,-4.002,-3.0,0.545,-4.0,-4.0,0.712,0.211,-2.025,-5.0,-0.886,-2.015,1.403,-4.0,3.504,-0.332,-4.0,-4.0,-2.014,1.262,-1.011,-5.0,-7.0,-2.012,-3.0,0.971,1.5,-3.0,-3.999,-2.0,-2.999,-4.0,-3.0,-2.843,6.903,-2.014,41.379,-1.004,-6.0,-1.014,-1.0,0.642,-4.0,-1.428,0.91,2.371,14.762,-4.001,-3.0,2.711,-4.0,1.547,-4.0,17.579,0.991,8.022,0.985,-0.014,-3.999,13.008,-2.999,-4.0,-4.0,-0.002,-2.005,-5.0,-4.0,-0.001,6.073,-0.009,13.402,1.197,-1.0,-0.269,-6.0,-2.008,-4.0,-0.48,3.203,-2.006,-5.0,-0.507,-2.0,-4.999,-0.162,4.981,0.0,-0.11,-2.0,-2.0,-2.076,0.953,5.997,-4.0,-2.0,28.594,-6.0,-4.0,2.086,-5.0,6.495,15.368,-6.0,4.812,-4.0,-2.01,0.0,0.0,0.0,0.0,0.0,0.0,0.0,0.0,0.0,0.0
GoldS210,XAUUSDc,237,-10.6513,-15.977,4,-0.2446,0.0,501,24.3513,1,7,0,0.01,1.9,1.5,0.0,0.5,15,1,-30.855,16,0,2,0,0.2,0.0,0.0,0.0,0.0,0.0,1.479,-3.506,-4.0,-1.508,-3.0,-6.0,9.533,-0.507,-3.0,-0.504,-4.501,-3.0,-5.0,-4.0,-3.0,-2.069,-0.795,-3.519,-1.925,1.021,-1.023,-1.942,-4.0,0.96,-5.0,-4.0,-4.0,-2.51,-1.511,-0.264,13.921,-6.0,15.82,-3.0,11.815,-3.0,-0.515,-5.0,-2.0,-2.999,-4.0,-3.0,-3.563,1.317,-2.51,13.928,-1.503,-6.0,-1.511,-1.0,-3.014,0.594,-1.194,-3.999,0.486,5.895,-1.007,-3.0,9.05,-4.0,-3.517,2.531,3.116,0.493,6.19,4.358,9.784,2.269,3.467,12.985,-4.0,-4.0,-0.501,-2.503,-1.509,3.672,2.731,10.878,0.944,0.09,0.093,-1.0,-5.999,1.707,6.634,-4.0,-1.877,-2.515,-1.552,-2.502,1.078,-3.0,1.257,-4.0,1.427,0.0,1.399,-2.0,-3.0,-2.559,0.465,2.023,-1.526,-0.539,7.44,-0.457,-5.0,0.966,-1.041,1.964,3.076,-6.0,7.577,-4.0,2.086,0.0,0.0,0.0,0.0,0.0,0.0,0.0,0.0,0.0,0.0
GoldS210,XAUUSDc,158,2.3467,14.08,1,0.1312,605.3,473,9.3023,1,9,0,0.01,1.5,3.0,0.0,0.5,15,1,-71.146,21,0,2,0,0.0,0.0,0.0,0.0,0.0,0.0,-1.0,50.338,-4.0,-4.0,-3.0,-6.0,-1.001,0.986,-4.0,-3.0,-3.004,-3.0,-5.0,-4.0,-3.0,-5.0,3.076,-5.0,-5.0,11.479,-4.999,-5.0,-3.999,23.978,-4.0,-4.0,-4.0,-5.0,11.782,-1.016,-4.0,-7.0,5.558,-3.0,-1.028,-3.0,-3.0,-3.999,-2.0,-2.999,-4.0,-3.0,-5.999,-3.153,-4.999,-5.0,-5.0,-6.0,-4.0,-1.0,8.789,-3.999,3.724,6.292,1.938,14.044,-2.001,-3.0,-1.999,-5.0,-5.0,-4.0,-5.999,2.066,45.896,5.92,-2.999,-2.999,83.227,-2.999,-4.0,-4.0,0.997,-1.007,-4.0,-4.0,-3.0,-4.0,-2.999,2.914,3.407,-1.0,4.066,-6.0,-1.012,-4.0,0.805,-6.0,-1.01,-5.0,4.97,-2.0,-3.999,1.954,0.037,0.0,3.42,-2.0,-3.0,-4.0,8.04,10.006,-4.0,-2.0,-3.999,-6.0,-5.0,-4.0,-5.999,-3.0,-3.0,-5.999,4.386,-4.0,6.2,0.0,0.0,0.0,0.0,0.0,0.0,0.0,0.0,0.0,0.0
GoldS210,XAUUSDc,138,51.9,103.8,3,2.3029,71.7,434,15.2074,1,9,0,0.01,1.7,2.5,0.0,1.0,15,1,29.378,22,0,2,0,0.0,0.0,0.0,0.0,0.0,0.0,-1.0,35.227,-4.0,-3.0,-0.504,-5.0,-0.501,0.488,-3.0,0.494,-3.503,-2.0,-1.999,4.255,-3.0,9.844,1.644,-5.0,-2.0,-0.563,-0.519,-5.0,-3.999,12.478,-3.0,-4.0,-4.0,-0.517,7.521,-0.513,3.668,-6.0,-1.515,0.413,-1.524,-3.0,5.592,1.482,-1.0,-3.0,-3.0,-4.0,2.252,-2.647,-4.999,72.921,-3.0,-6.0,-4.0,-1.0,3.532,-3.999,1.461,-3.0,16.293,9.952,-2.501,-3.0,-1.999,-4.999,-0.529,-4.0,9.18,1.546,14.493,2.901,-2.999,-3.0,49.055,-2.999,-2.0,-2.0,-0.502,-1.506,-4.0,-4.0,4.095,-4.0,-2.999,1.004,2.302,-1.0,-2.528,-6.0,9.837,-4.0,-0.527,-3.0,11.205,-5.0,0.471,-2.0,-2.999,-1.536,1.55,0.0,0.852,-2.0,2.191,-1.593,1.441,0.439,-4.0,-2.0,3.264,-6.0,-3.0,-0.536,-5.0,-4.0,-3.0,10.751,-0.504,-4.0,7.264,0.0,0.0,0.0,0.0,0.0,0.0,0.0,0.0,0.0,0.0
GoldS210,XAUUSDc,453,-7.4183,-22.255,2,-0.3566,0.0,486,17.9012,1,7,0,0.01,1.9,2.0,0.0,0.5,15,1,-39.206,28,0,2,0,0.4,0.0,0.0,0.0,0.0,0.0,1.972,7.293,-4.0,-1.01,-3.0,-5.0,6.276,-0.01,-3.0,-0.005,-4.003,-3.0,-5.0,-4.0,-3.0,12.951,0.997,-2.025,-6.0,3.063,-2.015,-2.067,-3.0,5.008,-5.0,-4.0,-4.0,-0.014,3.988,11.951,1.028,1.134,2.733,-3.0,0.97,-3.0,-3.0,-4.0,-3.0,-2.999,-4.0,-3.0,1.142,0.66,-2.014,4.472,-1.004,-6.0,-1.014,-1.0,1.321,-4.0,0.112,-4.0,0.947,6.106,-3.001,-3.0,-0.061,-4.0,-3.023,-4.0,15.765,0.991,5.973,3.14,1.717,-3.0,7.68,-3.0,-4.0,-3.999,-0.002,-2.005,-4.0,10.343,-0.001,12.953,-0.009,0.975,1.197,-1.0,-6.0,-4.999,11.358,-4.0,-1.142,-2.021,1.4,-5.0,-0.507,-3.0,-4.999,-4.0,1.316,0.0,-0.11,-2.0,-3.0,-2.076,0.953,3.952,-4.0,-2.0,9.041,-6.0,-5.0,4.723,-3.042,9.234,5.946,-6.0,10.465,-3.0,2.676,0.0,0.0,0.0,0.0,0.0,0.0,0.0,0.0,0.0,0.0
GoldS210,XAUUSDc,271,-9.812,-19.624,3,-0.3024,0.0,484,18.3884,1,11,0,0.01,1.7,2.0,0.0,0.5,15,1,-44.349,18,0,2,0,0.2,0.0,0.0,0.0,0.0,0.0,1.972,12.061,-4.0,-1.01,-3.0,-6.0,-2.001,-0.01,-4.0,-0.005,-4.003,-3.0,0.546,-4.0,-3.0,20.725,0.365,-2.025,-5.0,5.174,-3.015,-0.577,5.172,2.504,-0.331,-4.0,-4.0,-2.014,3.663,13.787,-6.0,-6.0,-2.012,3.13,0.971,-3.0,0.571,1.386,-2.0,-3.0,-4.0,-3.0,-3.065,-3.161,-2.014,24.156,-1.004,-6.0,-1.014,-1.0,0.414,-4.0,0.112,0.941,0.947,1.455,-2.001,-4.0,-0.061,-4.0,-3.023,-4.0,12.624,0.991,7.815,0.985,-0.014,-2.999,11.518,-3.0,-4.0,-4.0,-0.002,-2.005,-4.0,-4.0,-0.001,-4.0,-0.009,9.367,-0.031,-1.0,-3.022,-5.999,-2.008,-4.0,-0.48,-3.021,-4.0,-5.0,-0.445,-2.0,-3.999,-0.162,3.688,0.0,-0.11,-2.0,-2.0,-2.076,0.953,0.888,-4.0,-2.0,23.307,-6.0,-5.0,1.955,1.006,6.424,8.299,-6.0,9.243,-4.0,-0.01,0.0,0.0,0.0,0.0,0.0,0.0,0.0,0.0,0.0,0.0
GoldS210,XAUUSDc,480,-14.2917,-85.75,1,-0.7187,0.0,481,11.2266,1,5,0,0.01,1.5,2.5,0.0,0.5,15,1,-116.537,21,0,2,0,0.4,0.0,0.0,0.0,0.0,0.0,-1.0,19.161,-4.0,-4.0,-3.0,-5.0,-0.501,0.488,-3.0,1.787,-3.503,-3.0,-5.0,-4.0,-3.0,-3.0,2.791,-4.0,-6.0,7.292,-2.519,-0.193,-3.0,11.613,-5.0,-4.0,-4.0,0.483,-5.0,-2.513,-7.0,-5.0,0.08,4.631,-1.523,-3.0,-3.0,-4.0,-3.0,-2.999,-4.0,-3.0,5.142,4.515,-5.0,-1.199,-4.0,-6.0,-4.0,-1.0,-4.51,-4.0,2.418,-4.0,1.442,9.34,-2.501,-3.0,-2.0,-5.0,-1.528,-4.0,13.264,7.72,-6.0,4.926,7.452,-3.0,0.472,-3.0,-4.0,-4.0,0.498,-1.506,-4.0,-3.0,12.558,27.787,-3.0,3.732,2.302,-1.0,-6.0,-5.0,22.64,-4.0,0.163,-2.526,3.047,-4.999,2.605,-3.0,-5.0,-4.0,-5.0,0.0,0.852,-2.0,-3.0,-1.593,2.683,-2.561,-4.0,-2.0,-5.0,-5.999,-5.0,14.15,-6.0,-3.0,-4.0,-6.0,-4.0,-4.0,12.889,0.0,0.0,0.0,0.0,0.0,0.0,0.0,0.0,0.0,0.0
GoldS210,XAUUSDc,66,-0.7055,-1.411,3,-0.0284,0.0,452,31.6372,1,9,0,0.01,1.7,1.5,0.0,1.0,15,1,-15.507,9,0,2,0,0.0,0.0,0.0,0.0,0.0,0.0,1.479,7.175,-4.0,-0.508,-1.502,-5.0,2.429,-0.507,-3.0,-0.504,-4.502,4.965,-1.999,-0.555,-3.0,-2.069,-1.22,3.54,-2.0,-1.554,2.421,-1.478,-3.999,0.96,-1.511,-1.515,-4.0,-1.51,-1.511,-0.066,4.296,-5.0,-0.017,-0.58,2.469,-3.0,3.714,0.489,-1.0,-3.0,-3.0,-4.0,0.888,-3.15,-2.51,7.795,0.946,-1.609,-1.511,-1.0,-3.014,-1.51,1.933,1.291,1.439,5.516,-1.007,-3.0,3.442,-3.999,1.716,2.531,-2.531,0.493,3.169,1.986,5.515,-0.525,3.467,9.399,-2.0,-2.0,-1.501,-2.503,-1.509,-1.529,1.994,10.096,0.944,-1.025,0.093,-1.0,-3.517,1.368,2.419,-4.0,-1.516,2.687,-1.552,-2.502,1.078,-2.0,5.298,-4.0,4.918,0.0,1.399,-2.0,0.794,3.107,0.465,-0.536,-1.526,-0.539,9.641,-3.519,-3.0,0.966,-0.041,-1.56,3.076,-1.227,4.418,-4.0,0.94,0.0,0.0,0.0,0.0,0.0,0.0,0.0,0.0,0.0,0.0
GoldS210,XAUUSDc,78,-5.5655,-11.131,3,-0.1158,0.0,493,17.0385,1,9,0,0.01,1.7,2.0,0.0,0.0,15,1,-50.171,20,0,2,0,0.0,0.0,0.0,0.0,0.0,0.0,1.972,16.711,-4.0,-4.0,-3.0,-6.0,5.946,-1.01,-3.0,-0.005,-4.003,-3.0,0.545,-4.0,-4.0,0.712,0.211,-2.025,-5.0,-0.886,-2.015,1.403,-4.0,3.504,-0.332,-4.0,-4.0,-2.014,1.262,-1.011,-5.0,-7.0,-2.012,-3.0,0.971,1.5,-3.0,-3.999,-2.0,-2.999,-4.0,-3.0,-2.843,-6.02,-2.014,42.736,-1.004,-6.0,-1.014,-1.0,0.642,-3.999,-1.428,0.91,2.371,14.762,-4.001,-3.0,2.711,-4.0,1.547,-4.0,3.576,0.991,8.022,0.985,-0.014,-3.999,13.008,-3.999,-3.0,-4.0,-0.002,-2.005,-5.0,-4.0,-0.001,6.073,-0.009,13.402,1.197,-1.0,-0.269,-6.0,-2.008,-4.0,-0.48,3.203,-2.006,-5.0,-0.507,-2.0,-4.999,-0.162,4.981,0.0,-0.11,-2.0,-2.0,-2.076,0.953,5.997,-4.0,-2.0,28.594,-6.0,-4.0,2.086,-5.0,6.495,15.368,-6.0,4.812,-4.0,-2.01,0.0,0.0,0.0,0.0,0.0,0.0,0.0,0.0,0.0,0.0
GoldS210,XAUUSDc,132,-10.392,-31.176,2,-0.5304,0.0,443,13.3183,1,5,0,0.01,1.5,2.5,0.0,1.0,15,1,-59.381,21,0,2,0,0.0,0.0,0.0,0.0,0.0,0.0,-1.0,-1.513,-4.0,-3.0,-0.504,-4.0,-0.501,0.489,-3.0,1.787,-3.503,-2.0,-2.0,4.255,-3.0,12.186,2.791,-5.0,-2.0,2.614,-0.519,-4.0,-4.0,25.205,-3.0,-4.0,-4.0,-0.517,-4.0,-1.513,-7.0,-5.0,0.08,0.413,-1.523,-3.0,-3.0,1.482,-1.0,-3.0,-3.0,-4.0,7.715,8.047,-5.0,2.085,-4.0,-6.0,-4.0,-1.0,-4.51,-4.0,1.461,-3.0,17.12,10.574,-2.501,-3.0,-2.0,-4.999,-0.529,-4.0,13.263,14.288,-6.0,4.926,11.47,-3.0,0.472,-3.0,-3.0,-2.0,-0.502,-1.506,-4.0,-4.0,3.107,-4.0,-3.0,4.11,2.302,-1.0,-2.528,-5.0,19.968,-4.0,-0.527,-0.526,7.684,-4.999,-5.0,-2.0,-2.998,-1.536,-4.0,0.0,0.852,-2.0,2.191,-1.593,2.683,-0.561,-4.0,-2.0,-5.0,-6.0,-0.522,23.054,-5.0,-4.0,-4.0,-4.999,-0.504,-4.0,12.083,0.0,0.0,0.0,0.0,0.0,0.0,0.0,0.0,0.0,0.0
GoldS210,XAUUSDc,540,1.5963,4.789,2,0.1909,60.7,516,42.8295,1,5,0,0.01,1.5,1.0,0.0,0.0,15,1,1.882,0,0,2,0,0.6,0.0,0.0,0.0,0.0,0.0,0.986,-0.883,-0.298,2.1,-1.228,-0.093,3.104,0.876,-0.047,0.743,-4.001,0.478,0.329,-4.0,-3.007,-4.002,-3.005,3.553,-0.474,2.322,0.353,2.808,3.008,-2.012,-5.0,-1.617,-4.0,1.778,-3.008,0.295,5.509,4.751,1.431,-0.338,1.97,-2.009,-1.01,-2.007,-2.0,0.996,0.142,-4.0,5.201,2.21,-3.007,5.599,-0.009,-2.016,-2.007,-1.0,-3.967,-2.007,-4.02,-2.998,0.694,6.016,1.405,-3.0,1.778,0.977,0.784,1.218,7.293,-1.004,-1.267,4.092,3.862,-0.282,2.733,0.784,-2.006,-4.0,-1.001,-3.002,1.973,-1.327,1.241,-1.011,0.611,1.686,-1.015,-1.0,1.496,-0.013,0.2,-4.0,-1.766,3.763,-3.003,-2.017,3.922,0.623,0.966,-2.004,3.64,0.0,-0.068,-2.0,2.431,-3.042,-0.023,0.911,-0.019,0.973,5.077,-0.032,-5.0,0.038,4.286,-0.101,0.003,-0.891,-2.022,0.497,3.26,0.0,0.0,0.0,0.0,0.0,0.0,0.0,0.0,0.0,0.0
GoldS210,XAUUSDc,537,90.1225,108.147,5,2.3992,40.49,422,11.8483,1,7,0,0.01,1.9,3.0,0.0,1.0,15,1,64.361,25,0,2,0,0.4,0.0,0.0,0.0,0.0,0.0,-1.0,21.775,-4.0,-3.0,-4.0,-4.0,-0.001,0.986,-3.0,-3.0,-3.004,-2.0,-1.999,7.585,-3.0,-3.0,4.584,-5.0,-1.0,40.786,-3.0,-5.0,-3.0,22.199,-3.0,-4.0,-4.0,-3.999,13.373,-1.016,-4.0,-5.0,17.888,0.91,-1.029,-3.0,20.645,1.979,-1.0,-3.0,-3.0,-4.0,-3.0,8.937,-5.0,-6.0,-4.0,-6.0,-4.0,-1.0,14.417,-4.0,1.953,-3.0,16.256,12.437,-0.239,-3.0,-1.999,-4.999,-4.0,-4.0,-5.999,2.066,36.94,6.71,-3.0,-3.0,15.697,-3.0,-2.0,-2.0,-0.003,-1.007,-4.0,-3.0,-3.0,19.868,-3.0,6.194,3.407,-1.0,-1.033,-5.0,9.369,-4.0,-0.033,-4.0,10.423,-5.0,13.131,-2.0,-3.0,-1.04,-4.0,0.0,4.816,-2.0,2.897,-4.0,13.335,-0.073,-4.0,-2.0,-4.0,-6.0,-3.0,-4.0,-5.0,-4.0,-3.0,-5.0,-0.005,-3.0,15.062,0.0,0.0,0.0,0.0,0.0,0.0,0.0,0.0,0.0,0.0
GoldS210,XAUUSDc,806,-3.336,-10.008,2,-0.2148,0.0,455,24.3956,1,9,0,0.01,1.5,2.0,0.0,0.5,15,1,-15.792,7,0,2,0,0.8,0.0,0.0,0.0,0.0,0.0,1.972,5.635,-4.0,-0.01,-4.0,-5.0,6.425,-0.01,-3.0,-0.005,-3.003,-2.0,-2.999,-4.0,-3.0,1.784,4.89,-4.0,-5.0,0.421,2.474,3.885,1.437,0.134,-0.332,-4.0,-4.0,-0.014,0.944,4.355,0.318,-5.999,-1.012,-3.0,0.97,-3.0,1.78,1.081,-2.0,0.524,-3.0,-4.0,3.247,1.685,-2.014,7.492,-1.004,-6.0,-1.014,-1.0,-0.067,-4.0,-0.18,1.7,-0.053,8.666,-2.001,-3.0,-0.062,-4.0,-2.023,-4.0,11.6,0.991,4.898,0.985,0.986,-2.0,4.886,-3.0,0.0,-5.0,-0.002,-2.005,0.855,1.978,-0.001,7.258,-0.009,3.985,1.197,-1.0,-1.538,-1.178,7.571,-4.0,-0.48,2.434,-2.006,-5.0,-1.378,-2.0,-4.0,-0.987,4.922,0.0,-0.11,-2.0,-2.0,-2.076,0.953,2.223,4.486,-2.0,10.592,-6.0,-4.0,1.955,3.679,2.048,4.221,-5.0,7.052,-3.0,-1.01,0.0,0.0,0.0,0.0,0.0,0.0,0.0,0.0,0.0,0.0
GoldS210,XAUUSDc,27,-1.1807,-3.542,2,-0.1472,0.0,477,50.1048,1,11,0,0.01,1.5,1.0,0.0,1.0,15,1,-4.542,0,0,2,0,0.0,0.0,0.0,0.0,0.0,0.0,0.986,-1.008,-1.022,0.986,-0.015,-2.003,0.941,0.977,-1.047,-0.009,-4.001,-0.165,0.934,0.755,-3.0,-2.068,-1.071,1.979,-0.125,0.93,0.932,1.982,1.99,-2.012,-2.007,-0.059,-4.0,-0.049,-2.008,-0.061,2.89,1.99,0.968,-1.077,0.978,-3.0,0.935,-0.007,-1.0,-1.002,-0.001,-4.0,2.891,-1.147,-3.007,2.948,1.942,-2.016,-2.007,-1.0,-4.009,-2.007,2.922,-1.054,0.96,3.819,0.967,-3.0,1.955,-0.088,-1.026,0.962,4.953,0.99,-0.023,2.984,1.936,-0.016,3.977,-0.018,-1.103,-1.0,-1.001,-3.002,1.973,-1.059,1.985,-2.0,-0.046,-0.023,-1.015,-1.0,0.918,-1.034,0.946,-4.0,-2.011,1.926,-2.048,-2.017,3.922,-0.006,4.907,-2.004,1.965,0.0,-0.068,-2.0,0.941,-1.09,-0.023,-0.029,-0.019,0.973,3.924,-2.034,-2.007,-0.022,2.932,-2.055,-0.032,-0.097,1.965,-0.008,1.91,0.0,0.0,0.0,0.0,0.0,0.0,0.0,0.0,0.0,0.0
GoldS210,XAUUSDc,812,-18.719,-56.157,2,-0.7208,0.0,464,21.1207,1,5,0,0.01,1.9,2.0,0.0,0.5,15,1,-62.165,7,0,2,0,0.8,0.0,0.0,0.0,0.0,0.0,1.972,5.363,-4.0,-0.01,-4.0,-5.0,6.337,-0.009,-3.0,0.893,-3.003,-2.0,-2.999,-4.0,-3.0,1.961,-0.387,-4.0,-0.853,1.244,-3.015,-4.0,1.858,0.197,-5.0,-4.0,-4.0,-0.014,-5.0,8.046,0.894,-6.0,-0.943,1.246,0.97,-3.0,-3.0,-4.0,-2.999,0.539,-3.0,-4.0,4.685,3.388,-2.014,9.325,-1.004,-6.0,-1.014,-1.0,0.19,-3.999,-2.148,-3.0,-0.053,3.866,-2.001,-3.0,-0.061,-4.0,-2.022,-4.0,12.701,0.991,-1.097,2.379,3.112,-3.0,4.718,-3.0,0.0,-5.0,-0.002,-2.005,1.78,2.973,1.467,2.743,-0.009,4.049,1.197,-1.0,-6.0,-5.0,6.935,-4.0,-0.48,2.729,-0.529,-5.0,-2.063,-2.0,-3.0,-0.811,5.533,0.0,-0.11,-2.0,-2.0,-2.076,0.953,2.499,0.275,-2.0,9.795,-6.0,-5.0,3.629,1.616,2.46,5.42,-5.0,7.654,-3.0,-2.009,0.0,0.0,0.0,0.0,0.0,0.0,0.0,0.0,0.0,0.0
GoldS210,XAUUSDc,568,-1.1807,-3.542,2,-0.1472,0.0,477,50.1048,1,5,0,0.01,1.7,1.0,0.0,1.0,15,1,-4.542,0,0,2,0,0.6,0.0,0.0,0.0,0.0,0.0,0.986,-1.008,-1.022,0.986,-0.015,-2.003,0.941,0.977,-1.047,-0.009,-4.001,-0.165,0.934,0.755,-3.0,-2.068,-1.071,1.979,-0.125,0.93,0.932,1.982,1.99,-2.012,-2.007,-0.059,-4.0,-0.049,-2.008,-0.061,2.89,1.99,0.968,-1.077,0.978,-3.0,0.935,-0.007,-1.0,-1.002,-0.001,-4.0,2.891,-1.147,-3.007,2.948,1.942,-2.016,-2.007,-1.0,-4.009,-2.007,2.922,-1.054,0.96,3.819,0.967,-3.0,1.955,-0.088,-1.026,0.962,4.953,0.99,-0.023,2.984,1.936,-0.016,3.977,-0.018,-1.103,-1.0,-1.001,-3.002,1.973,-1.059,1.985,-2.0,-0.046,-0.023,-1.015,-1.0,0.918,-1.034,0.946,-4.0,-2.011,1.926,-2.048,-2.017,3.922,-0.006,4.907,-2.004,1.965,0.0,-0.068,-2.0,0.941,-1.09,-0.023,-0.029,-0.019,0.973,3.924,-2.034,-2.007,-0.022,2.932,-2.055,-0.032,-0.097,1.965,-0.008,1.91,0.0,0.0,0.0,0.0,0.0,0.0,0.0,0.0,0.0,0.0
GoldS210,XAUUSDc,368,0.2225,0.445,3,0.0134,1130.79,523,39.7706,1,5,0,0.01,1.9,1.0,0.0,0.0,15,1,-4.587,1,0,2,0,0.4,0.0,0.0,0.0,0.0,0.0,0.986,-0.883,0.168,-2.009,-3.0,2.032,4.883,1.554,-0.047,1.541,-4.001,-3.0,-5.0,-4.0,-3.007,-4.002,-3.005,5.094,-3.02,2.903,0.637,0.432,0.315,-2.012,-5.0,-1.617,-4.0,3.475,-3.008,1.271,7.416,6.575,1.615,-0.048,2.86,-2.009,-1.01,-2.007,-2.0,0.996,-0.858,-3.0,3.634,3.915,-3.007,7.519,-0.009,-2.016,-2.007,-1.0,-3.967,-2.007,-4.02,-2.998,0.694,6.065,3.094,-3.0,3.488,1.267,-2.015,1.218,7.91,-1.004,-0.635,4.171,5.065,0.147,3.366,1.471,-2.006,-4.0,-1.001,-3.002,1.973,-5.0,2.294,-2.503,0.864,3.562,-1.015,-1.0,1.751,0.135,1.665,-4.0,-1.766,4.375,-3.003,-2.017,3.922,0.623,1.676,-2.004,-0.435,0.0,-0.068,-2.0,2.907,-3.042,-0.023,1.84,-0.019,0.973,1.927,0.969,-5.0,0.038,4.77,-0.101,0.97,-4.016,-3.022,0.886,3.819,0.0,0.0,0.0,0.0,0.0,0.0,0.0,0.0,0.0,0.0
GoldS210,XAUUSDc,141,-1.1573,-3.472,2,-0.0714,0.0,438,14.1553,1,7,0,0.01,1.9,2.5,0.0,1.0,15,1,-29.106,22,0,2,0,0.0,0.0,0.0,0.0,0.0,0.0,-1.0,-1.513,-4.0,-3.0,-0.504,-4.0,-0.501,0.488,-3.0,0.494,-3.503,-2.0,-1.999,4.255,-3.0,9.844,2.791,-5.0,-2.0,-0.563,0.481,-5.0,-4.0,19.612,-3.0,-4.0,-4.0,-0.517,14.42,-1.513,3.698,-6.0,3.434,0.413,-1.524,-3.0,9.927,1.482,-1.0,-3.0,-3.0,-4.0,-3.0,7.209,-5.0,-3.501,-3.0,-6.0,-4.0,-1.0,-4.51,-4.0,1.461,-3.0,17.12,9.952,-2.501,-3.0,-1.999,-4.999,-0.529,-4.0,20.634,1.546,14.493,4.926,-3.0,-3.0,19.025,-3.0,-3.0,-2.0,-0.502,-1.506,-3.999,-4.0,-2.999,-4.0,-3.0,3.97,2.302,-1.0,-2.528,-5.0,15.446,-4.0,-0.527,-0.526,9.213,-5.0,-5.0,-2.0,-3.0,-1.536,-3.999,0.0,0.852,-2.0,2.191,-1.593,2.683,-0.561,-4.0,-2.0,-4.0,-5.999,-0.522,14.485,-5.0,-4.0,-3.0,4.076,-0.504,-4.0,12.082,0.0,0.0,0.0,0.0,0.0,0.0,0.0,0.0,0.0,0.0
GoldS210,XAUUSDc,249,6.7315,13.463,3,0.3031,138.52,456,30.9211,1,7,0,0.01,1.9,1.5,0.0,1.0,15,1,-5.186,9,0,2,0,0.2,0.0,0.0,0.0,0.0,0.0,1.479,-2.508,-4.0,-0.508,-1.502,-1.802,2.429,-0.507,-3.0,-0.504,-4.501,4.965,-1.999,-0.555,-3.0,-2.069,-0.795,-2.519,-2.0,-2.554,2.421,-4.0,-4.0,0.96,-1.511,-1.515,-4.0,-1.51,-1.511,0.576,2.042,-5.0,15.82,-0.58,2.469,-3.0,3.714,0.489,-1.0,-3.0,-3.0,-4.0,0.888,-2.446,-2.51,7.795,0.946,-6.0,-1.511,-1.0,-3.014,0.594,1.933,1.291,1.439,5.516,-1.007,-3.0,3.442,-3.999,-2.517,2.531,5.585,0.493,4.263,4.358,5.515,-0.525,3.467,12.985,-2.0,-2.0,-1.501,-2.503,-1.509,-1.529,1.994,4.095,0.944,0.09,0.093,-1.0,-3.516,1.706,2.419,-4.0,-1.516,0.931,-1.552,-2.502,1.078,-2.0,18.121,-4.0,4.918,0.0,1.399,-2.0,0.794,2.179,0.465,-1.536,-1.526,-0.539,9.919,-3.519,-1.513,0.966,-0.041,-1.56,3.076,-0.646,4.418,-4.0,0.94,0.0,0.0,0.0,0.0,0.0,0.0,0.0,0.0,0.0,0.0
GoldS210,XAUUSDc,180,-0.7987,-2.396,2,-0.064,0.0,526,38.0228,1,5,0,0.01,1.5,1.0,0.0,0.0,15,1,-12.177,4,0,2,0,0.2,0.0,0.0,0.0,0.0,0.0,0.986,-0.883,0.168,-2.008,-3.0,5.19,9.694,2.047,-0.047,1.541,-4.001,-2.999,-5.0,-4.0,-3.007,-4.002,-3.005,2.484,-3.02,3.713,0.658,0.432,0.315,-2.012,-5.0,-1.617,-4.0,6.159,-4.008,-2.006,8.974,1.351,2.174,-0.048,4.205,-2.009,-1.01,-2.007,-2.0,0.996,-0.858,-3.0,-1.975,5.193,-3.007,7.99,-0.009,-2.016,-2.007,-1.0,-3.967,-2.007,-3.504,-2.998,0.694,7.586,-2.004,-3.0,-0.219,1.267,-2.015,1.218,4.199,-1.004,-0.384,4.171,5.898,0.148,4.27,2.108,-2.006,-3.999,-1.001,-3.002,1.973,-5.0,4.552,-2.503,0.864,3.845,-1.015,-1.0,1.751,0.135,7.778,-4.0,-1.766,5.544,-3.003,-2.017,3.922,0.623,2.405,-2.004,-0.435,0.0,-0.068,-2.0,2.907,-3.042,-0.023,-2.029,-0.019,0.973,1.927,-2.486,-5.0,0.038,4.77,-0.101,2.526,-4.016,-3.022,1.643,3.819,0.0,0.0,0.0,0.0,0.0,0.0,0.0,0.0,0.0,0.0
GoldS210,XAUUSDc,282,21.5705,43.141,3,0.8124,87.35,442,21.0407,1,9,0,0.01,1.7,2.0,0.0,1.0,15,1,5.458,20,0,2,0,0.2,0.0,0.0,0.0,0.0,0.0,1.972,21.214,-4.0,-0.01,-1.003,-5.0,0.938,-0.01,-3.0,-0.005,-4.003,-2.0,-1.999,0.924,-3.0,1.712,0.211,-2.025,-2.0,-1.058,-0.015,1.403,-3.0,2.504,-3.0,-4.0,-4.0,-1.014,3.262,3.047,1.007,-6.0,-2.012,-0.083,0.97,-3.0,3.41,0.986,-1.0,-3.0,-3.0,-4.0,-0.066,-2.161,-2.014,40.201,-0.004,-6.0,-1.014,-1.0,0.414,-4.0,-0.032,3.135,6.501,6.02,-3.001,-3.0,-0.061,-3.999,-2.023,-4.0,17.579,0.991,4.978,0.985,-0.014,-3.0,13.008,-2.999,-2.0,-2.0,-1.002,-2.005,-4.0,-4.0,-0.001,-4.0,-0.009,13.295,1.197,-1.0,-3.022,-6.0,6.789,-4.0,-1.022,-3.0,5.236,-5.0,-0.507,-2.0,-2.999,-2.032,6.635,0.0,-0.11,-2.0,1.484,-2.076,0.953,-0.049,-4.0,-2.0,34.408,-6.0,-3.0,1.955,-2.042,1.658,8.299,-5.0,6.441,-4.0,1.92,0.0,0.0,0.0,0.0,0.0,0.0,0.0,0.0,0.0,0.0
GoldS210,XAUUSDc,290,27.365,82.095,2,1.2134,87.39,483,12.6294,1,9,0,0.01,1.5,2.5,0.0,0.0,15,1,10.355,24,0,2,0,0.2,0.0,0.0,0.0,0.0,0.0,-1.0,25.223,-4.0,-4.0,-3.0,-6.0,-0.501,-0.512,-3.0,0.494,-3.502,-3.0,-5.0,-4.0,-4.0,8.844,1.644,-5.0,-5.0,-0.317,-1.519,-5.0,-4.0,12.478,0.533,-4.0,-4.0,-1.517,5.521,-0.513,-5.0,-7.0,-1.515,-3.0,-1.523,20.043,-3.0,-3.999,-2.0,-2.999,-4.0,-3.0,-2.287,9.282,-4.999,70.239,-4.0,-6.0,-4.0,-1.0,3.853,-4.0,0.498,3.682,3.28,21.328,-3.501,-3.0,7.058,-5.0,3.973,-4.0,9.181,1.546,19.897,1.526,-2.999,-3.999,46.864,-2.999,-4.0,-4.0,0.498,-1.506,-5.0,-4.0,4.095,9.962,-2.999,0.412,2.302,-1.0,1.398,-6.0,-1.51,-4.0,0.163,-2.526,-1.508,-5.0,0.471,-2.0,-4.999,0.896,-0.649,0.0,0.852,-2.0,-2.0,-1.593,1.441,7.282,-4.0,-2.0,-3.999,-6.0,-4.0,-0.536,-5.0,-3.0,-3.0,22.39,3.121,-4.0,2.851,0.0,0.0,0.0,0.0,0.0,0.0,0.0,0.0,0.0,0.0
GoldS210,XAUUSDc,474,19.162,28.743,4,0.4577,102.85,475,13.6842,1,9,0,0.01,1.7,2.5,0.0,0.0,15,1,-0.819,27,0,2,0,0.4,0.0,0.0,0.0,0.0,0.0,-1.0,14.575,-4.0,-4.0,-3.0,-5.0,-0.501,-0.511,-3.0,0.494,-3.503,-3.0,-5.0,-4.0,-4.0,6.641,1.644,-5.0,-5.0,-0.317,-1.519,-5.0,-4.0,11.297,0.533,-4.0,-4.0,-1.517,6.521,-0.513,-5.0,-6.0,-0.514,-3.0,-1.524,9.627,-3.0,5.724,-2.0,-2.999,-4.0,-3.0,5.581,1.408,-4.999,28.061,-4.0,-6.0,-4.0,-1.0,3.853,-4.0,0.498,3.682,3.28,8.718,-3.501,-3.0,-2.0,-5.0,3.605,-4.0,11.182,0.546,15.491,1.526,-3.0,-4.0,20.621,-2.999,-4.0,-4.0,0.498,-1.506,-4.0,-5.0,3.451,30.572,-3.0,0.413,2.302,-1.0,1.398,-6.0,19.191,-4.0,0.163,-2.526,-1.508,-5.0,0.471,-2.0,-4.999,0.896,-0.649,0.0,0.852,-2.0,-2.0,-1.593,1.441,6.368,-4.0,-2.0,-4.0,-5.999,-4.0,-0.536,15.006,-3.0,-3.0,13.873,3.121,-3.0,1.852,0.0,0.0,0.0,0.0,0.0,0.0,0.0,0.0,0.0,0.0
GoldS210,XAUUSDc,738,-6.318,-12.636,3,-0.3232,0.0,501,46.3074,1,9,0,0.01,1.7,1.0,0.0,0.5,15,1,-14.326,0,0,2,0,0.8,0.0,0.0,0.0,0.0,0.0,0.986,-0.472,-0.646,0.986,-1.566,-1.671,1.368,0.977,-0.706,-0.009,-4.001,0.167,-0.31,-4.0,-3.0,-1.462,-0.641,2.271,-1.174,1.148,-0.025,0.129,2.314,-2.012,-3.007,-1.592,-4.0,0.266,-2.008,0.694,3.297,3.308,0.968,-3.0,1.482,-3.0,-1.01,-2.002,-2.0,0.996,0.191,-4.0,3.064,0.29,-3.007,3.243,-0.009,-2.016,-2.007,-1.0,-4.009,-2.007,-0.651,-0.933,-1.009,4.036,1.302,-3.0,1.955,0.873,-1.026,0.962,5.388,-1.004,0.532,2.984,3.011,0.399,4.637,-0.018,-0.551,-4.0,-1.001,-3.002,1.973,-0.653,2.804,-2.0,-0.046,-0.023,-1.015,-1.0,0.918,-1.034,1.745,-4.0,-1.766,4.022,-3.003,-2.017,3.922,0.416,6.123,-2.004,2.302,0.0,-0.068,-2.0,1.359,-3.042,-0.023,2.348,-0.019,0.973,4.328,-1.59,-4.0,-0.022,2.932,-1.354,-0.032,-0.208,2.877,-0.008,2.589,0.0,0.0,0.0,0.0,0.0,0.0,0.0,0.0,0.0,0.0
GoldS210,XAUUSDc,309,-27.117,-81.351,2,-0.7963,0.0,486,11.1111,1,7,0,0.01,1.9,2.5,0.0,0.5,15,1,-106.985,21,0,2,0,0.2,0.0,0.0,0.0,0.0,0.0,-1.0,-2.51,-4.0,-4.0,-3.0,-6.0,-0.501,0.488,-3.0,0.494,-3.502,-3.0,-5.0,-4.0,-3.0,9.844,2.791,-6.0,-6.0,8.326,-1.519,-1.193,-4.0,19.612,-5.0,-4.0,-4.0,-1.517,14.42,-2.513,3.698,-6.999,4.435,-3.0,-1.524,-3.0,-2.999,-5.0,-2.0,-2.999,-4.0,-3.0,8.239,6.209,-5.0,-3.501,-4.0,-6.0,-4.0,-1.0,-4.51,-4.0,2.418,-3.999,1.442,10.656,-2.501,-3.0,-1.999,-5.0,-1.529,-4.0,20.634,1.546,20.178,4.926,-3.0,-2.999,19.025,-3.0,-4.0,-4.0,0.498,-1.506,-4.0,-4.0,-3.0,-4.0,-3.0,3.97,2.302,-1.0,-5.999,-4.999,3.008,-4.0,-0.406,-1.526,4.546,-5.0,-5.0,-3.0,-5.0,-4.0,-5.0,0.0,0.852,-2.0,-3.0,-1.593,2.683,-2.56,-4.0,-2.0,-4.0,-6.0,-5.0,14.485,-6.0,-3.0,-3.0,3.075,3.807,-4.0,14.445,0.0,0.0,0.0,0.0,0.0,0.0,0.0,0.0,0.0,0.0
GoldS210,XAUUSDc,570,-1.1807,-3.542,2,-0.1472,0.0,477,50.1048,1,9,0,0.01,1.7,1.0,0.0,1.0,15,1,-4.542,0,0,2,0,0.6,0.0,0.0,0.0,0.0,0.0,0.986,-1.008,-1.022,0.986,-0.015,-2.003,0.941,0.977,-1.047,-0.009,-4.001,-0.165,0.934,0.755,-3.0,-2.068,-1.071,1.979,-0.125,0.93,0.932,1.982,1.99,-2.012,-2.007,-0.059,-4.0,-0.049,-2.008,-0.061,2.89,1.99,0.968,-1.077,0.978,-3.0,0.935,-0.007,-1.0,-1.002,-0.001,-4.0,2.891,-1.147,-3.007,2.948,1.942,-2.016,-2.007,-1.0,-4.009,-2.007,2.922,-1.054,0.96,3.819,0.967,-3.0,1.955,-0.088,-1.026,0.962,4.953,0.99,-0.023,2.984,1.936,-0.016,3.977,-0.018,-1.103,-1.0,-1.001,-3.002,1.973,-1.059,1.985,-2.0,-0.046,-0.023,-1.015,-1.0,0.918,-1.034,0.946,-4.0,-2.011,1.926,-2.048,-2.017,3.922,-0.006,4.907,-2.004,1.965,0.0,-0.068,-2.0,0.941,-1.09,-0.023,-0.029,-0.019,0.973,3.924,-2.034,-2.007,-0.022,2.932,-2.055,-0.032,-0.097,1.965,-0.008,1.91,0.0,0.0,0.0,0.0,0.0,0.0,0.0,0.0,0.0,0.0
GoldS210,XAUUSDc,139,10.5567,15.835,4,0.4429,261.57,431,15.5452,1,11,0,0.01,1.7,2.5,0.0,1.0,15,1,-25.584,24,0,2,0,0.0,0.0,0.0,0.0,0.0,0.0,-1.0,-1.513,-4.0,-3.0,-0.504,-5.0,-0.501,0.488,-3.0,0.494,-3.503,-2.0,-2.0,4.255,-3.0,0.501,1.982,-5.0,-2.0,-0.563,-0.519,-4.0,8.086,11.478,-3.0,-3.0,10.098,-0.517,8.16,-0.513,-6.0,-6.0,-1.515,0.413,-1.524,-3.0,5.592,1.482,-1.0,-3.0,-3.0,-4.0,2.253,-2.647,-5.0,39.918,-3.0,-6.0,-4.0,-1.0,3.532,-4.0,1.461,12.633,9.056,2.898,-1.501,-4.0,-1.999,-5.0,-0.529,-4.0,1.322,1.558,14.493,2.901,-2.999,-3.0,16.859,-2.999,-2.0,-2.0,-0.502,-1.506,-4.0,-4.0,4.095,-4.0,-2.999,5.323,0.461,-1.0,-2.528,-5.999,9.837,-4.0,-0.527,-3.0,-4.0,-5.0,4.243,-2.0,-2.998,-1.536,5.797,0.0,0.852,-2.0,2.191,-1.593,1.441,0.439,-4.0,-2.0,5.751,-6.0,-3.0,13.086,-5.0,-4.0,-3.0,13.093,0.496,-5.0,4.851,0.0,0.0,0.0,0.0,0.0,0.0,0.0,0.0,0.0,0.0
GoldS210,XAUUSDc,231,-14.5735,-29.147,3,-0.5082,0.0,493,26.9777,1,11,0,0.01,1.5,1.5,0.0,0.5,15,1,-44.711,13,0,2,0,0.2,0.0,0.0,0.0,0.0,0.0,1.479,5.497,-4.0,-1.508,-3.0,-6.0,-0.016,-0.507,-4.0,-0.504,-4.502,-3.0,-0.748,-4.0,-3.0,11.564,-1.251,2.54,2.399,2.021,-1.023,-1.478,2.258,-0.04,-2.51,-4.0,-4.0,-2.51,-1.511,6.122,0.796,-5.0,-0.017,1.556,-0.021,-3.0,2.318,-0.068,-2.0,-3.0,-4.0,-3.0,-3.563,1.375,-2.51,4.991,-1.503,-1.609,-1.511,-1.0,-3.014,-1.51,-1.194,-0.373,0.486,2.734,-1.007,-3.0,3.442,-4.0,4.127,-0.038,3.325,0.493,4.928,1.986,7.776,2.269,3.467,0.319,-4.0,-4.0,-0.501,-2.503,-1.509,3.672,2.731,3.916,0.944,-1.025,-0.523,-1.0,-3.517,1.208,7.934,-4.0,-1.123,-1.069,-1.552,-2.502,1.123,-2.0,2.221,-4.0,3.972,0.0,1.399,-2.0,-2.0,-2.559,0.465,-0.083,-1.526,-0.539,8.125,-0.457,-5.0,0.966,-1.041,1.964,3.076,-6.0,6.452,-4.0,-0.508,0.0,0.0,0.0,0.0,0.0,0.0,0.0,0.0,0.0,0.0
GoldS210,XAUUSDc,124,-21.5438,-129.263,1,-0.8933,0.0,494,10.1215,1,5,0,0.01,1.7,2.5,0.0,0.5,15,1,-157.468,18,0,2,0,0.0,0.0,0.0,0.0,0.0,0.0,-1.0,-2.51,-4.0,-4.0,-3.0,-5.999,-1.501,0.488,-3.0,1.787,-3.503,-3.0,-5.0,-4.0,-3.0,12.186,2.791,-6.0,-6.0,-5.0,-2.518,-0.191,-4.0,25.205,-5.0,-4.0,-4.0,-1.517,-5.0,-2.513,-7.0,-6.0,0.08,4.631,-1.523,-3.0,-3.0,-5.0,-2.0,-2.999,-4.0,-3.0,5.716,7.047,-5.0,2.085,-4.0,-6.0,-4.0,-1.0,-4.51,-4.0,2.418,-4.0,1.442,11.278,-2.501,-3.0,-2.0,-5.0,-1.528,-4.0,13.263,14.288,-6.0,4.926,11.47,-2.999,0.472,-3.0,-4.0,-4.0,0.498,-1.506,-4.0,-4.0,12.971,-4.0,-3.0,4.11,2.302,-1.0,-6.0,-5.0,2.535,-4.0,0.163,-2.526,3.047,-4.999,-5.0,-3.0,-5.0,-4.0,-5.0,0.0,0.852,-2.0,-3.0,-1.593,2.683,-2.561,-4.0,-2.0,-5.0,-6.0,-5.0,23.054,-6.0,-3.0,-4.0,-6.0,-4.0,-4.0,14.446,0.0,0.0,0.0,0.0,0.0,0.0,0.0,0.0,0.0,0.0
GoldS210,XAUUSDc,676,-1.752,-3.504,3,-0.064,0.0,428,16.1215,1,5,0,0.01,1.7,2.5,0.0,1.0,15,1,-19.164,29,0,2,0,0.6,0.0,0.0,0.0,0.0,0.0,-1.0,10.849,-4.0,-3.0,-0.504,-3.999,-0.501,0.488,-3.0,1.787,-3.503,-2.0,-2.0,2.911,-3.0,-3.0,2.39,-5.0,-1.0,11.66,-0.519,-3.0,5.415,5.919,-3.0,-4.0,-4.0,0.483,-5.0,-1.513,-7.0,-5.0,0.081,0.413,-1.524,-3.0,6.443,1.482,-1.0,-3.0,-3.0,-4.0,11.084,2.226,-5.0,5.551,-4.0,-6.0,-4.0,-1.0,-4.51,-4.0,1.461,8.677,7.175,6.103,-1.501,-3.0,-2.0,-5.0,-0.529,-4.0,10.01,4.202,16.55,4.889,5.45,-3.0,9.457,-2.999,0.0,-3.0,-0.502,-1.506,-4.0,-3.0,2.012,6.422,-3.0,2.449,2.302,-1.0,-2.528,2.857,16.603,-4.0,-0.527,-0.526,3.312,-5.0,0.826,-2.0,-2.999,-1.536,-4.0,0.0,0.852,-2.0,2.192,-1.593,2.683,-0.561,-4.0,-2.0,10.798,-5.999,-3.0,10.596,-5.0,-4.0,-4.0,-3.999,-0.504,-3.0,2.818,0.0,0.0,0.0,0.0,0.0,0.0,0.0,0.0,0.0,0.0
GoldS210,XAUUSDc,152,-30.0147,-90.044,2,-0.7382,0.0,496,8.2661,1,5,0,0.01,1.9,3.0,0.0,0.0,15,1,-134.39,22,0,2,0,0.0,0.0,0.0,0.0,0.0,0.0,-1.0,-0.101,-4.0,-3.999,-3.0,-6.0,-0.998,-0.014,-2.0,-3.0,-3.004,-2.999,-5.0,-4.0,-5.0,-5.0,4.584,-5.0,0.3,13.282,-5.999,-4.0,7.735,42.346,-5.0,-4.0,-4.0,-2.999,-6.0,-2.016,-6.0,-6.0,8.525,6.191,-1.028,32.706,-3.0,-6.0,-2.0,-2.999,-4.0,-3.0,5.458,15.534,-5.0,-7.0,-4.0,-6.0,-4.0,-1.0,-3.597,-4.0,-2.229,-5.0,4.472,10.308,-1.646,-3.0,-4.0,-4.0,-5.999,6.921,-4.999,19.488,-6.0,5.488,15.755,-3.998,0.98,-3.0,-4.0,-3.999,0.997,-1.007,-4.0,-5.0,-3.0,-5.0,-3.0,8.4,3.407,-1.0,-6.0,-5.0,3.935,-4.0,0.805,-6.0,4.886,-4.999,-5.0,-2.0,-5.999,-4.0,-5.0,0.0,4.002,-2.0,-1.999,-4.0,9.72,-2.073,-4.0,-2.0,-5.0,-6.0,-5.0,-3.999,-5.0,-3.0,-3.999,-6.0,-5.0,-4.0,15.429,0.0,0.0,0.0,0.0,0.0,0.0,0.0,0.0,0.0,0.0
GoldS210,XAUUSDc,256,-17.0882,-102.529,1,-0.7882,0.0,505,14.8515,1,5,0,0.01,1.7,2.0,0.0,0.0,15,1,-118.378,24,0,2,0,0.2,0.0,0.0,0.0,0.0,0.0,1.972,-1.49,-4.0,-3.999,-3.0,-6.0,12.205,-1.01,-2.0,0.893,-4.003,-2.999,-5.0,-4.0,-5.0,2.792,0.997,-3.025,-6.0,6.268,-3.014,1.032,-4.0,12.789,-5.0,-4.0,-4.0,-0.014,-6.0,2.641,-6.0,-6.0,-0.943,3.072,0.97,1.728,-3.0,-6.0,-2.0,-2.999,-4.0,-3.0,6.123,2.743,-2.014,9.663,-1.004,-6.0,-1.014,-1.0,-4.78,-4.0,-3.856,1.244,2.549,4.558,-4.001,-3.0,5.394,-4.0,-5.999,-0.79,5.788,0.991,-6.0,2.674,4.412,-3.998,-0.022,-3.0,-4.0,-3.999,-0.002,-2.005,-4.0,-5.0,4.007,-5.0,-0.009,1.991,1.197,-1.0,-6.0,-5.0,1.135,-4.0,-0.48,7.096,1.208,-4.999,-2.063,-2.0,-5.999,-4.0,1.58,0.0,-0.11,-2.0,-2.0,-2.076,0.953,-3.049,-4.0,-2.0,13.797,-6.0,-5.0,11.81,5.23,3.405,14.383,-6.0,-2.044,-4.0,-0.01,0.0,0.0,0.0,0.0,0.0,0.0,0.0,0.0,0.0,0.0
GoldS210,XAUUSDc,149,-11.172,-33.516,2,-0.3345,0.0,486,8.642,1,7,0,0.01,1.7,3.0,0.0,0.0,15,1,-101.666,21,0,2,0,0.0,0.0,0.0,0.0,0.0,0.0,-1.0,18.344,-3.999,-4.0,-3.0,-6.0,-1.001,-0.014,-2.0,-3.0,-3.004,-3.0,-5.0,-4.0,-4.0,-6.0,4.584,-5.0,0.3,2.248,-5.0,-5.0,-4.999,33.903,-4.999,-4.0,-4.0,-2.999,19.275,-2.016,-4.0,-7.0,17.459,-3.0,-1.029,5.943,-2.999,-5.999,-2.0,-2.999,-4.0,-3.0,-5.999,-8.0,-5.0,-6.0,-5.0,-6.0,-4.0,-1.0,-3.597,-4.0,2.724,15.65,3.587,13.729,-1.239,-3.0,-3.0,13.397,-4.0,-4.0,-6.0,2.066,64.15,5.488,-3.0,-3.999,26.099,-4.0,-3.0,-4.0,0.997,-1.007,-4.999,-4.0,-2.999,-3.999,-3.0,7.978,3.407,-1.0,-6.0,-5.0,4.492,-4.0,0.329,-4.999,-1.01,-5.0,-5.0,-3.0,-6.0,-4.0,-5.0,0.0,4.816,-2.0,-2.0,-4.0,9.873,-2.072,-4.0,-2.0,-4.0,-6.0,-4.0,-4.0,-4.0,-3.0,-3.0,-6.0,5.193,-4.0,15.429,0.0,0.0,0.0,0.0,0.0,0.0,0.0,0.0,0.0,0.0
GoldS210,XAUUSDc,387,-1.1807,-3.542,2,-0.1472,0.0,477,50.1048,1,11,0,0.01,1.5,1.0,0.0,1.0,15,1,-4.542,0,0,2,0,0.4,0.0,0.0,0.0,0.0,0.0,0.986,-1.008,-1.022,0.986,-0.015,-2.003,0.941,0.977,-1.047,-0.009,-4.001,-0.165,0.934,0.755,-3.0,-2.068,-1.071,1.979,-0.125,0.93,0.932,1.982,1.99,-2.012,-2.007,-0.059,-4.0,-0.049,-2.008,-0.061,2.89,1.99,0.968,-1.077,0.978,-3.0,0.935,-0.007,-1.0,-1.002,-0.001,-4.0,2.891,-1.147,-3.007,2.948,1.942,-2.016,-2.007,-1.0,-4.009,-2.007,2.922,-1.054,0.96,3.819,0.967,-3.0,1.955,-0.088,-1.026,0.962,4.953,0.99,-0.023,2.984,1.936,-0.016,3.977,-0.018,-1.103,-1.0,-1.001,-3.002,1.973,-1.059,1.985,-2.0,-0.046,-0.023,-1.015,-1.0,0.918,-1.034,0.946,-4.0,-2.011,1.926,-2.048,-2.017,3.922,-0.006,4.907,-2.004,1.965,0.0,-0.068,-2.0,0.941,-1.09,-0.023,-0.029,-0.019,0.973,3.924,-2.034,-2.007,-0.022,2.932,-2.055,-0.032,-0.097,1.965,-0.008,1.91,0.0,0.0,0.0,0.0,0.0,0.0,0.0,0.0,0.0,0.0
GoldS210,XAUUSDc,756,-3.7578,-22.547,1,-0.4954,0.0,480,30.0,1,5,0,0.01,1.5,1.5,0.0,0.0,15,1,-26.249,0,0,2,0,0.8,0.0,0.0,0.0,0.0,0.0,1.479,1.027,-4.0,0.521,-4.0,-5.0,4.483,-0.506,-3.0,-0.002,-3.501,1.755,-2.999,-4.0,-3.0,-0.298,-1.591,3.338,0.958,-0.239,-0.88,-4.0,0.418,-1.553,-5.0,-4.0,-4.0,-0.51,1.994,4.493,5.63,-5.0,4.713,0.304,3.848,-3.0,-0.515,-4.0,-2.999,2.579,-3.0,-4.0,5.499,4.017,-2.51,6.694,-1.503,-2.821,-1.511,-1.0,-2.879,-0.647,-5.0,-1.645,1.154,4.889,-3.501,-3.0,6.356,-4.0,1.171,1.241,2.383,0.493,-1.764,6.442,3.773,-1.036,4.714,3.969,0.0,-5.0,-0.501,-2.503,2.289,0.688,3.63,2.721,1.371,0.254,0.093,-1.0,-6.0,0.091,1.361,-4.0,-1.123,1.127,-1.644,-2.502,-0.068,-2.0,7.68,-4.0,6.171,0.0,1.399,-2.0,-2.0,-2.559,0.465,1.003,-1.526,-0.539,6.329,-2.672,-5.0,1.93,0.363,0.584,2.191,-1.776,1.773,-3.0,2.428,0.0,0.0,0.0,0.0,0.0,0.0,0.0,0.0,0.0,0.0
GoldS210,XAUUSDc,775,-5.3313,-15.994,2,-0.3938,0.0,470,33.4043,1,11,0,0.01,1.7,1.5,0.0,0.5,15,1,-19.409,0,0,2,0,0.8,0.0,0.0,0.0,0.0,0.0,1.479,1.695,-4.0,-0.508,-4.0,-5.0,3.477,-0.507,-3.0,-0.504,-3.502,1.644,-1.999,-4.0,-3.0,-0.585,1.429,3.979,0.487,-0.705,2.25,-1.478,0.593,-1.738,-2.511,-4.0,-4.0,-0.51,1.991,1.241,3.129,-5.0,3.356,0.341,3.447,-3.0,2.318,-0.606,-2.0,1.75,-3.0,-4.0,4.475,2.821,-2.51,5.084,-1.503,-2.558,-1.511,-1.0,-3.014,-1.51,-1.406,0.429,-0.514,2.734,-2.501,-3.0,3.442,-4.0,0.796,-0.038,1.974,0.493,0.982,5.196,3.399,0.157,3.467,4.247,0.0,-5.0,-0.501,-2.503,1.794,-0.694,2.731,1.597,0.944,-1.025,-0.523,-1.0,-2.516,3.281,4.113,-4.0,-1.123,-0.069,-1.552,-2.502,0.436,-2.0,4.678,-4.0,4.327,0.0,1.399,-2.0,-2.0,-2.559,0.465,-0.083,1.704,-0.539,9.784,-2.7,-4.0,0.966,-0.041,-0.313,1.718,-2.284,4.812,-3.0,1.7,0.0,0.0,0.0,0.0,0.0,0.0,0.0,0.0,0.0,0.0
GoldS210,XAUUSDc,807,-7.1867,-21.56,2,-0.491,0.0,451,24.3902,1,11,0,0.01,1.5,2.0,0.0,0.5,15,1,-27.018,6,0,2,0,0.8,0.0,0.0,0.0,0.0,0.0,1.972,4.638,-4.0,-0.01,-4.0,-5.0,6.546,-0.01,-3.0,-0.005,-3.003,4.025,-1.999,-4.0,-3.0,1.283,4.455,-4.0,-5.0,0.421,2.473,3.562,2.11,0.134,-0.332,-4.0,-4.0,-0.014,0.968,4.386,0.919,-6.0,-1.012,1.294,0.97,-3.0,5.174,0.491,-2.0,-2.0,-3.0,-4.0,3.247,1.685,-2.014,7.094,-1.004,-6.0,-1.014,-1.0,-0.067,-4.0,-0.18,1.599,-0.053,2.455,-2.001,-3.0,-0.062,-4.0,-2.023,-4.0,10.075,0.991,-0.044,0.985,0.986,-2.0,4.886,-3.0,0.0,-5.0,-0.002,-2.005,0.484,1.902,-0.001,6.619,-0.009,4.601,-0.031,-1.0,-2.021,-1.406,7.229,-4.0,-0.48,-2.021,-0.091,-5.0,-1.378,-2.0,-3.999,-0.987,3.555,0.0,-0.11,-2.0,-2.0,-2.076,0.953,0.888,4.368,-2.0,9.772,-6.0,-4.0,1.955,3.679,2.023,4.221,-5.0,6.841,-3.0,-1.01,0.0,0.0,0.0,0.0,0.0,0.0,0.0,0.0,0.0,0.0
GoldS210,XAUUSDc,39,-19.5895,-39.179,3,-0.5191,0.0,497,25.7545,1,11,0,0.01,1.5,1.5,0.0,0.0,15,1,-69.445,10,0,2,0,0.0,0.0,0.0,0.0,0.0,0.0,1.479,5.576,-4.0,-4.0,-3.0,-6.0,3.321,-1.507,-3.0,-0.504,-4.502,-3.0,-0.749,-4.0,-4.0,-4.503,-1.251,2.54,2.399,-1.455,-1.023,-0.478,1.258,0.96,-2.51,-4.0,-4.0,-0.51,2.961,-1.508,-0.151,-5.0,-0.017,1.556,-0.022,-1.513,2.318,-0.068,-2.0,-2.999,-4.0,-3.0,-3.397,-0.99,-2.51,9.123,-1.503,-1.609,-1.511,-1.0,-2.879,-1.51,-2.353,-0.454,1.658,6.277,-2.007,-3.0,1.603,-4.0,4.355,-0.038,-5.0,0.493,4.363,1.986,7.776,0.264,3.467,0.32,-4.0,-4.0,-0.501,-2.503,-2.509,-4.0,2.731,7.235,2.385,-1.025,-0.523,-1.0,-3.517,3.447,28.76,-4.0,-1.123,-1.069,-2.505,-2.502,1.123,-3.0,1.221,-4.0,3.972,0.0,1.399,-2.0,-2.0,-2.559,0.465,-0.083,-1.526,-0.539,8.125,-0.457,-4.0,1.061,-0.041,1.964,6.026,-6.0,2.375,-4.0,-0.508,0.0,0.0,0.0,0.0,0.0,0.0,0.0,0.0,0.0,0.0
GoldS210,XAUUSDc,275,-9.812,-19.624,3,-0.3024,0.0,484,18.3884,1,11,0,0.01,1.9,2.0,0.0,0.5,15,1,-44.349,18,0,2,0,0.2,0.0,0.0,0.0,0.0,0.0,1.972,12.061,-4.0,-1.01,-3.0,-6.0,-2.001,-0.01,-4.0,-0.005,-4.003,-3.0,0.546,-4.0,-3.0,20.725,0.365,-2.025,-5.0,5.174,-3.015,-0.577,5.172,2.504,-0.331,-4.0,-4.0,-2.014,3.663,13.787,-6.0,-6.0,-2.012,3.13,0.971,-3.0,0.571,1.386,-2.0,-3.0,-4.0,-3.0,-3.065,-3.161,-2.014,24.156,-1.004,-6.0,-1.014,-1.0,0.414,-4.0,0.112,0.941,0.947,1.455,-2.001,-4.0,-0.061,-4.0,-3.023,-4.0,12.624,0.991,7.815,0.985,-0.014,-2.999,11.518,-3.0,-4.0,-4.0,-0.002,-2.005,-4.0,-4.0,-0.001,-4.0,-0.009,9.367,-0.031,-1.0,-3.022,-5.999,-2.008,-4.0,-0.48,-3.021,-4.0,-5.0,-0.445,-2.0,-3.999,-0.162,3.688,0.0,-0.11,-2.0,-2.0,-2.076,0.953,0.888,-4.0,-2.0,23.307,-6.0,-5.0,1.955,1.006,6.424,8.299,-6.0,9.243,-4.0,-0.01,0.0,0.0,0.0,0.0,0.0,0.0,0.0,0.0,0.0,0.0
GoldS210,XAUUSDc,217,8.374,16.748,3,0.2821,125.79,507,23.6686,1,7,0,0.01,1.5,1.5,0.0,0.0,15,1,-4.319,18,0,2,0,0.2,0.0,0.0,0.0,0.0,0.0,1.479,0.688,-3.999,-4.0,-3.0,-6.0,15.659,-1.507,-2.0,-0.504,-4.502,-3.0,-5.0,-4.0,-4.0,-3.069,-0.795,-3.519,-1.925,-1.708,-1.023,-1.942,-4.0,0.96,-5.0,-4.0,-4.0,-0.51,4.1,-0.264,15.045,-6.0,15.82,-3.0,11.815,0.07,-0.515,-6.0,-2.0,-2.999,-4.0,-3.0,-3.397,7.069,-2.51,13.928,-1.503,-6.0,-1.511,-1.0,-2.879,0.594,-2.194,-0.424,1.247,5.346,-2.007,-3.0,12.571,-4.0,0.122,2.531,3.116,0.493,6.19,4.693,9.784,0.263,3.467,12.985,-4.0,-4.0,-0.501,-2.503,-2.509,-4.0,-0.501,10.879,2.385,4.336,0.093,-1.0,-5.999,0.871,19.561,-4.0,-1.877,-2.514,-2.505,-2.502,1.078,-3.0,-0.148,-4.0,1.427,0.0,1.399,-2.0,-2.0,-2.559,0.465,2.023,-1.526,-0.539,7.44,-0.457,-4.0,1.061,2.092,1.964,6.493,-6.0,3.5,-4.0,-0.508,0.0,0.0,0.0,0.0,0.0,0.0,0.0,0.0,0.0,0.0
GoldS210,XAUUSDc,735,-3.19,-6.38,3,-0.1832,0.0,499,47.0942,1,11,0,0.01,1.5,1.0,0.0,0.5,15,1,-8.072,0,0,2,0,0.8,0.0,0.0,0.0,0.0,0.0,0.986,-0.597,-1.022,0.986,-1.654,-1.671,1.434,0.977,-0.706,-0.009,-4.001,0.167,2.046,-4.0,-3.0,-1.432,-0.641,2.271,-1.605,1.148,-0.025,-0.014,2.314,-2.012,-3.007,-1.63,-4.0,0.308,-2.008,0.714,2.89,3.131,0.968,-0.613,1.292,-3.0,1.076,-2.002,-2.0,-0.002,0.191,-4.0,3.025,0.29,-3.007,3.243,-0.009,-2.016,-2.007,-1.0,-4.009,-2.007,-0.651,-0.933,-1.009,4.036,1.333,-3.0,1.955,0.757,-1.026,0.962,5.852,1.382,0.5,2.984,2.986,0.399,4.403,-0.018,-0.789,-4.0,-1.001,-3.002,1.973,-0.89,2.803,-2.0,-0.046,-0.023,-1.015,-1.0,0.918,-1.034,1.659,-4.0,-1.766,3.59,-2.048,-2.017,3.922,0.416,6.32,-2.004,2.302,0.0,-0.068,-2.0,1.366,-3.042,-0.023,1.914,-0.019,0.973,4.328,-1.59,-4.0,-0.022,2.932,-1.354,-0.032,-0.057,2.754,-0.008,2.637,0.0,0.0,0.0,0.0,0.0,0.0,0.0,0.0,0.0,0.0
GoldS210,XAUUSDc,119,19.7087,29.563,4,0.4592,140.1,478,14.2259,1,11,0,0.01,1.9,2.5,0.0,0.0,15,1,-11.856,28,0,2,0,0.0,0.0,0.0,0.0,0.0,0.0,-1.0,17.403,-4.0,-4.0,-3.0,-6.0,-1.501,-0.512,-3.0,0.494,-3.503,-3.0,-5.0,-4.0,-4.0,-0.499,1.982,-4.0,-1.451,-0.317,-2.519,-3.0,7.086,12.478,0.534,-4.0,-4.0,0.483,11.861,-0.513,-6.0,-6.0,-1.515,4.704,-1.524,-4.0,1.311,2.84,-2.0,-2.999,-4.0,-3.0,-2.287,-8.0,-5.0,51.273,-4.0,-6.0,-4.0,-1.0,3.853,-4.0,0.498,3.681,3.57,10.522,-2.501,-4.0,9.737,-4.0,3.973,-4.0,1.322,1.558,19.531,1.526,-2.999,-3.998,16.859,-2.999,-4.0,-4.0,0.498,-1.506,-5.0,-4.0,4.095,-4.0,-2.999,5.752,0.461,-1.0,-2.528,0.83,-1.51,-4.0,0.163,-2.526,-1.508,-5.0,4.243,-3.0,-4.999,0.896,2.54,0.0,0.852,-2.0,-2.0,-1.593,1.441,5.116,-4.0,-2.0,-1.512,-6.0,-4.0,4.923,14.293,-3.0,-3.0,24.787,3.061,-5.0,4.851,0.0,0.0,0.0,0.0,0.0,0.0,0.0,0.0,0.0,0.0
GoldS210,XAUUSDc,406,-7.6955,-15.391,3,-0.2634,0.0,499,26.6533,1,9,0,0.01,1.9,1.5,0.0,0.0,15,1,-23.528,10,0,2,0,0.4,0.0,0.0,0.0,0.0,0.0,1.479,2.029,-4.0,-4.0,-3.0,-5.0,11.231,-1.506,-3.0,-0.504,-4.502,-3.0,-0.749,-4.0,-4.0,-3.453,-1.22,1.066,-1.925,-1.455,-1.023,-1.478,-4.0,0.602,-2.511,-4.0,-4.0,-2.51,-2.511,3.651,5.623,-5.0,5.103,-3.0,6.691,0.064,-0.515,1.582,-2.0,-2.999,-4.0,-3.0,5.438,3.429,-2.51,9.578,-1.503,-1.609,-1.511,-1.0,-2.879,-1.51,-2.353,-0.454,1.525,5.162,-2.007,-3.0,6.843,-4.0,4.139,2.531,5.778,0.493,3.695,1.987,7.236,0.263,3.468,8.651,-4.0,-4.0,-0.501,-2.503,-1.509,-5.0,2.731,8.129,2.385,1.439,0.093,-1.0,-1.937,0.799,6.228,-4.0,-1.123,0.351,-2.505,-2.502,1.078,-2.0,1.221,-4.0,4.436,0.0,1.399,-2.0,-2.0,-2.559,0.465,2.569,-1.526,-0.539,4.401,-0.802,-4.0,1.061,2.343,1.964,3.831,-6.0,3.059,-3.0,-3.507,0.0,0.0,0.0,0.0,0.0,0.0,0.0,0.0,0.0,0.0
GoldS210,XAUUSDc,613,0.998,1.996,3,0.0387,453.71,478,20.7113,1,7,0,0.01,1.5,2.0,0.0,0.0,15,1,-7.06,27,0,2,0,0.6,0.0,0.0,0.0,0.0,0.0,1.972,3.748,-3.999,2.709,-3.999,-5.0,10.613,-1.009,-2.0,-0.005,-4.002,-2.0,-2.999,-4.0,-4.0,-1.658,0.72,-4.0,0.21,0.278,-2.015,-2.067,1.777,1.772,-5.0,-4.0,-4.0,-0.014,2.205,10.928,0.074,-0.676,1.17,-3.0,0.97,1.452,-3.0,-4.0,-3.0,-3.0,-3.0,-4.0,4.265,8.036,-2.014,2.72,-1.004,-6.0,-1.014,-1.0,1.196,-4.0,-3.032,0.956,1.99,5.778,-3.001,-3.0,2.051,-4.0,0.029,-4.0,17.63,0.991,8.445,2.528,1.717,-4.0,6.061,-3.0,-4.0,-3.999,-0.002,-2.005,3.74,6.056,-0.001,5.447,-0.009,2.13,1.197,-1.0,-6.0,-0.436,15.282,-4.0,-0.142,5.913,-2.006,-5.0,-0.507,-2.0,-6.0,-4.0,0.1,0.0,-0.11,-2.0,-2.0,-2.076,0.953,2.152,-4.0,-2.0,14.372,-5.999,-4.0,3.747,5.253,6.073,6.113,-5.0,9.287,-3.0,-1.01,0.0,0.0,0.0,0.0,0.0,0.0,0.0,0.0,0.0,0.0
GoldS210,XAUUSDc,488,-14.2917,-85.75,1,-0.7187,0.0,481,11.2266,1,5,0,0.01,1.9,2.5,0.0,0.5,15,1,-116.537,21,0,2,0,0.4,0.0,0.0,0.0,0.0,0.0,-1.0,19.161,-4.0,-4.0,-3.0,-5.0,-0.501,0.488,-3.0,1.787,-3.503,-3.0,-5.0,-4.0,-3.0,-3.0,2.791,-4.0,-6.0,7.292,-2.519,-0.193,-3.0,11.613,-5.0,-4.0,-4.0,0.483,-5.0,-2.513,-7.0,-5.0,0.08,4.631,-1.523,-3.0,-3.0,-4.0,-3.0,-2.999,-4.0,-3.0,5.142,4.515,-5.0,-1.199,-4.0,-6.0,-4.0,-1.0,-4.51,-4.0,2.418,-4.0,1.442,9.34,-2.501,-3.0,-2.0,-5.0,-1.528,-4.0,13.264,7.72,-6.0,4.926,7.452,-3.0,0.472,-3.0,-4.0,-4.0,0.498,-1.506,-4.0,-3.0,12.558,27.787,-3.0,3.732,2.302,-1.0,-6.0,-5.0,22.64,-4.0,0.163,-2.526,3.047,-4.999,2.605,-3.0,-5.0,-4.0,-5.0,0.0,0.852,-2.0,-3.0,-1.593,2.683,-2.561,-4.0,-2.0,-5.0,-5.999,-5.0,14.15,-6.0,-3.0,-4.0,-6.0,-4.0,-4.0,12.889,0.0,0.0,0.0,0.0,0.0,0.0,0.0,0.0,0.0,0.0
GoldS210,XAUUSDc,238,-12.59,-25.18,3,-0.3491,0.0,497,25.7545,1,9,0,0.01,1.9,1.5,0.0,0.5,15,1,-42.604,14,0,2,0,0.2,0.0,0.0,0.0,0.0,0.0,1.479,5.648,-4.0,-1.508,-3.0,-6.0,-0.016,-0.507,-4.0,-0.504,-4.502,-3.0,-0.749,-4.0,-3.0,13.424,-1.22,2.54,-1.925,2.021,-1.023,-1.478,-3.0,-0.04,-2.511,-4.0,-4.0,-2.51,-1.511,-2.508,10.826,-6.0,-0.017,-3.0,-0.021,-3.0,-0.515,-3.999,-2.0,-2.999,-4.0,-3.0,-3.563,0.613,-2.51,8.805,-1.503,-1.609,-1.511,-1.0,-3.014,-1.51,-1.194,-0.373,0.486,5.895,-1.007,-3.0,3.442,-4.0,0.716,2.531,3.325,0.493,5.024,1.986,9.756,2.269,3.467,9.399,-4.0,-4.0,-0.501,-2.503,-1.509,3.672,2.731,6.521,0.944,-1.025,0.093,-1.0,-1.937,1.368,7.934,-4.0,-1.123,0.351,-2.505,-2.502,1.078,-2.0,2.221,-4.0,4.436,0.0,1.399,-2.0,-3.0,-2.559,0.465,3.25,-1.526,-0.539,7.162,-0.457,-5.0,0.966,-1.041,1.964,3.076,-6.0,7.136,-4.0,-2.508,0.0,0.0,0.0,0.0,0.0,0.0,0.0,0.0,0.0,0.0
GoldS210,XAUUSDc,617,0.998,1.996,3,0.0387,453.71,478,20.7113,1,7,0,0.01,1.7,2.0,0.0,0.0,15,1,-7.06,27,0,2,0,0.6,0.0,0.0,0.0,0.0,0.0,1.972,3.748,-3.999,2.709,-3.999,-5.0,10.613,-1.009,-2.0,-0.005,-4.002,-2.0,-2.999,-4.0,-4.0,-1.658,0.72,-4.0,0.21,0.278,-2.015,-2.067,1.777,1.772,-5.0,-4.0,-4.0,-0.014,2.205,10.928,0.074,-0.676,1.17,-3.0,0.97,1.452,-3.0,-4.0,-3.0,-3.0,-3.0,-4.0,4.265,8.036,-2.014,2.72,-1.004,-6.0,-1.014,-1.0,1.196,-4.0,-3.032,0.956,1.99,5.778,-3.001,-3.0,2.051,-4.0,0.029,-4.0,17.63,0.991,8.445,2.528,1.717,-4.0,6.061,-3.0,-4.0,-3.999,-0.002,-2.005,3.74,6.056,-0.001,5.447,-0.009,2.13,1.197,-1.0,-6.0,-0.436,15.282,-4.0,-0.142,5.913,-2.006,-5.0,-0.507,-2.0,-6.0,-4.0,0.1,0.0,-0.11,-2.0,-2.0,-2.076,0.953,2.152,-4.0,-2.0,14.372,-5.999,-4.0,3.747,5.253,6.073,6.113,-5.0,9.287,-3.0,-1.01,0.0,0.0,0.0,0.0,0.0,0.0,0.0,0.0,0.0,0.0
GoldS210,XAUUSDc,567,-1.1807,-3.542,2,-0.1472,0.0,477,50.1048,1,11,0,0.01,1.5,1.0,0.0,1.0,15,1,-4.542,0,0,2,0,0.6,0.0,0.0,0.0,0.0,0.0,0.986,-1.008,-1.022,0.986,-0.015,-2.003,0.941,0.977,-1.047,-0.009,-4.001,-0.165,0.934,0.755,-3.0,-2.068,-1.071,1.979,-0.125,0.93,0.932,1.982,1.99,-2.012,-2.007,-0.059,-4.0,-0.049,-2.008,-0.061,2.89,1.99,0.968,-1.077,0.978,-3.0,0.935,-0.007,-1.0,-1.002,-0.001,-4.0,2.891,-1.147,-3.007,2.948,1.942,-2.016,-2.007,-1.0,-4.009,-2.007,2.922,-1.054,0.96,3.819,0.967,-3.0,1.955,-0.088,-1.026,0.962,4.953,0.99,-0.023,2.984,1.936,-0.016,3.977,-0.018,-1.103,-1.0,-1.001,-3.002,1.973,-1.059,1.985,-2.0,-0.046,-0.023,-1.015,-1.0,0.918,-1.034,0.946,-4.0,-2.011,1.926,-2.048,-2.017,3.922,-0.006,4.907,-2.004,1.965,0.0,-0.068,-2.0,0.941,-1.09,-0.023,-0.029,-0.019,0.973,3.924,-2.034,-2.007,-0.022,2.932,-2.055,-0.032,-0.097,1.965,-0.008,1.91,0.0,0.0,0.0,0.0,0.0,0.0,0.0,0.0,0.0,0.0
GoldS210,XAUUSDc,64,7.813,15.626,3,0.2824,150.31,459,29.6296,1,5,0,0.01,1.7,1.5,0.0,1.0,15,1,-7.861,12,0,2,0,0.0,0.0,0.0,0.0,0.0,0.0,1.479,-2.508,-4.0,-0.508,-1.502,-0.317,2.429,-0.506,-3.0,-0.002,-4.502,8.91,-2.0,-0.555,-3.0,-2.157,-0.795,-2.519,-2.0,-2.554,2.564,-4.0,-4.0,0.96,0.307,-1.515,-4.0,-1.51,-1.511,1.015,-2.862,-5.0,0.525,-0.58,2.469,-3.0,-0.515,0.489,-1.0,-3.0,-3.0,-4.0,3.402,-2.446,-2.51,11.128,0.946,-6.0,-1.511,-1.0,-3.014,0.594,1.933,1.291,1.439,5.855,-1.007,-3.0,3.442,-3.999,1.107,2.541,3.884,0.493,-0.076,4.358,6.384,-0.525,8.003,17.751,-3.0,-2.0,-1.501,-2.503,-1.509,0.955,1.994,4.423,0.944,0.09,0.093,-1.0,-3.517,2.74,2.419,-4.0,-1.516,0.931,-1.552,-2.502,-0.068,-2.0,22.959,-4.0,4.918,0.0,1.399,-2.0,0.794,1.602,0.465,-1.536,-1.526,-0.539,5.327,-3.519,-1.513,8.272,-0.041,-1.56,-1.532,-0.646,4.748,-4.0,0.941,0.0,0.0,0.0,0.0,0.0,0.0,0.0,0.0,0.0,0.0
GoldS210,XAUUSDc,42,-7.8717,-23.615,2,-0.2615,0.0,502,24.3028,1,9,0,0.01,1.7,1.5,0.0,0.0,15,1,-53.881,13,0,2,0,0.0,0.0,0.0,0.0,0.0,0.0,1.479,4.334,-4.0,-4.0,-3.0,-6.0,3.321,-1.507,-3.0,-0.504,-4.502,-3.0,-0.749,-4.0,-4.0,-3.069,-1.22,2.54,-1.925,-1.455,-1.023,-1.478,-4.0,0.96,-2.511,-4.0,-4.0,-2.51,-3.511,-1.508,10.503,-6.0,-0.017,-3.0,-0.021,0.064,-0.515,-3.999,-2.0,-2.999,-4.0,-3.0,-3.397,-1.752,-2.51,12.999,-1.503,-1.609,-1.511,-1.0,-2.879,-1.51,-2.353,-0.454,1.525,11.204,-2.007,-3.0,1.493,-4.0,4.355,2.531,-5.0,0.493,5.024,1.987,9.756,0.263,3.467,8.399,-3.0,-4.0,-0.501,-2.503,-2.509,-4.0,2.731,13.322,2.385,4.305,0.093,-1.0,-1.937,0.799,28.76,-4.0,-1.123,0.351,-2.505,-2.502,1.078,-2.0,1.221,-4.0,4.436,0.0,1.399,-2.0,-2.0,-2.559,0.465,3.25,-1.526,-0.539,7.162,-0.457,-4.0,1.061,-2.502,1.964,6.026,-6.0,3.059,-4.0,-2.508,0.0,0.0,0.0,0.0,0.0,0.0,0.0,0.0,0.0,0.0
GoldS210,XAUUSDc,347,-12.3757,-74.254,1,-0.6781,0.0,468,10.0427,1,11,0,0.01,1.9,3.0,0.0,0.5,15,1,-101.296,23,0,2,0,0.2,0.0,0.0,0.0,0.0,0.0,-1.0,26.029,-4.0,-3.999,-3.0,-6.0,-1.001,0.986,-4.0,-3.0,-3.004,-3.0,-4.999,-4.0,-3.0,-4.0,3.599,-5.0,-5.0,11.479,-5.999,-4.0,11.001,22.978,-3.999,-4.0,-4.0,-5.0,12.657,-0.016,-6.0,-6.0,5.558,6.278,-1.028,-3.0,1.983,4.295,-2.0,-3.0,-4.0,-3.0,-5.999,-3.153,-5.0,10.722,-5.0,-6.0,-4.0,-1.0,7.268,-4.0,3.724,6.291,1.938,0.829,-1.001,-4.0,-1.999,-5.0,-5.0,-4.0,-5.999,2.078,-5.0,5.92,-2.999,-2.999,18.234,-3.0,-4.0,-4.0,0.997,-1.007,-4.0,-4.0,-3.0,-4.0,-2.999,8.513,0.954,-1.0,-1.033,-5.999,-1.012,-4.0,0.805,-6.0,-4.0,-5.0,14.056,-2.0,-3.999,1.954,4.342,0.0,4.844,-2.0,-2.0,-4.0,8.04,7.316,-4.0,-2.0,-1.015,-6.0,-5.0,-4.0,-6.0,-3.0,-3.0,-6.0,4.136,-5.0,8.2,0.0,0.0,0.0,0.0,0.0,0.0,0.0,0.0,0.0,0.0
GoldS210,XAUUSDc,267,-9.812,-19.624,3,-0.3024,0.0,484,18.3884,1,11,0,0.01,1.5,2.0,0.0,0.5,15,1,-44.349,18,0,2,0,0.2,0.0,0.0,0.0,0.0,0.0,1.972,12.061,-4.0,-1.01,-3.0,-6.0,-2.001,-0.01,-4.0,-0.005,-4.003,-3.0,0.546,-4.0,-3.0,20.725,0.365,-2.025,-5.0,5.174,-3.015,-0.577,5.172,2.504,-0.331,-4.0,-4.0,-2.014,3.663,13.787,-6.0,-6.0,-2.012,3.13,0.971,-3.0,0.571,1.386,-2.0,-3.0,-4.0,-3.0,-3.065,-3.161,-2.014,24.156,-1.004,-6.0,-1.014,-1.0,0.414,-4.0,0.112,0.941,0.947,1.455,-2.001,-4.0,-0.061,-4.0,-3.023,-4.0,12.624,0.991,7.815,0.985,-0.014,-2.999,11.518,-3.0,-4.0,-4.0,-0.002,-2.005,-4.0,-4.0,-0.001,-4.0,-0.009,9.367,-0.031,-1.0,-3.022,-5.999,-2.008,-4.0,-0.48,-3.021,-4.0,-5.0,-0.445,-2.0,-3.999,-0.162,3.688,0.0,-0.11,-2.0,-2.0,-2.076,0.953,0.888,-4.0,-2.0,23.307,-6.0,-5.0,1.955,1.006,6.424,8.299,-6.0,9.243,-4.0,-0.01,0.0,0.0,0.0,0.0,0.0,0.0,0.0,0.0,0.0,0.0
GoldS210,XAUUSDc,560,0.863,1.726,3,0.0699,144.61,510,44.902,1,5,0,0.01,1.9,1.0,0.0,0.5,15,1,-0.77,0,0,2,0,0.6,0.0,0.0,0.0,0.0,0.0,0.986,-2.007,-0.298,0.986,-1.228,-1.207,1.651,1.876,-1.047,-0.009,-4.001,0.336,0.329,-4.0,-3.0,-0.709,-0.6,3.553,-0.474,2.209,0.353,1.547,2.314,-2.012,-5.0,-1.295,-4.0,0.545,-3.008,2.03,3.786,4.536,1.431,-0.338,1.97,-3.0,-1.01,-1.007,-2.0,0.996,0.142,-4.0,4.068,0.665,-3.007,5.805,-0.009,-2.016,-2.007,-1.0,-4.009,-2.007,-0.52,-4.0,-0.009,4.764,1.664,-3.0,2.753,1.708,-0.026,0.962,6.11,-1.004,-2.012,2.984,3.862,0.786,2.733,0.784,-2.006,-4.0,-1.001,-3.002,1.973,-2.311,4.019,-2.0,-0.046,-0.023,-1.015,-1.0,1.496,0.21,-0.521,-4.0,-1.766,3.211,-3.003,-2.017,3.922,0.662,4.569,-2.004,2.924,0.0,-0.068,-2.0,1.661,-3.042,-0.023,2.884,-0.019,0.973,5.077,-0.49,-5.0,-0.022,2.677,-0.101,0.779,0.91,-0.033,0.497,2.447,0.0,0.0,0.0,0.0,0.0,0.0,0.0,0.0,0.0,0.0
GoldS210,XAUUSDc,327,-9.386,-28.158,2,-0.3868,0.0,469,10.8742,1,11,0,0.01,1.5,3.0,0.0,0.0,15,1,-54.136,25,0,2,0,0.2,0.0,0.0,0.0,0.0,0.0,-1.0,22.039,-4.0,-4.0,-3.0,-6.0,-1.001,-0.014,-3.0,-3.0,-3.003,-3.0,-4.999,-4.0,-4.0,-6.0,3.599,-4.0,-0.924,0.252,-5.999,-3.0,10.001,23.978,-3.999,-4.0,-4.0,-3.0,18.465,-0.016,-6.0,-6.0,5.558,6.278,-1.028,-4.0,1.983,4.295,-2.0,-3.0,-4.0,-3.0,3.355,12.64,-5.0,10.722,-5.0,-6.0,-4.0,-1.0,7.682,-4.0,1.422,6.07,4.561,23.519,-2.001,-4.0,-3.0,-4.0,-4.0,-4.0,-5.999,2.078,-5.0,2.099,-2.999,-3.999,22.285,-3.0,-4.0,-4.0,0.997,-1.007,-4.0,-5.0,-3.0,-3.999,-2.999,9.052,0.954,-1.0,-1.033,-5.0,-1.012,-4.0,0.805,-6.0,-1.01,-5.0,14.056,-3.0,-4.999,1.954,4.342,0.0,4.844,-2.0,-2.0,-4.0,7.36,7.316,-4.0,-2.0,-1.015,-6.0,-4.0,-4.0,-4.0,-3.0,-3.0,-6.0,4.136,-5.0,8.2,0.0,0.0,0.0,0.0,0.0,0.0,0.0,0.0,0.0,0.0
GoldS210,XAUUSDc,262,20.8807,31.321,4,0.4065,120.31,493,17.6471,1,9,0,0.01,1.9,2.0,0.0,0.0,15,1,-6.362,23,0,2,0,0.2,0.0,0.0,0.0,0.0,0.0,1.972,15.512,-4.0,-4.0,-3.0,-6.0,24.028,-1.01,-3.0,-0.005,-4.002,-3.0,0.545,-4.0,-4.0,0.712,0.211,-2.025,-5.0,-0.886,-2.015,1.403,-4.0,3.504,-0.332,-4.0,-4.0,-2.014,1.262,-1.011,-5.0,-7.0,-2.012,-3.0,0.971,1.5,-3.0,-3.999,-2.0,-2.999,-4.0,-3.0,-2.843,6.903,-2.014,41.379,-1.004,-6.0,-1.014,-1.0,0.642,-4.0,-1.428,0.91,2.371,14.762,-4.001,-3.0,2.711,-4.0,1.547,-4.0,17.579,0.991,8.022,0.985,-0.014,-3.999,13.008,-2.999,-4.0,-4.0,-0.002,-2.005,-5.0,-4.0,-0.001,6.073,-0.009,13.402,1.197,-1.0,-0.269,-6.0,-2.008,-4.0,-0.48,3.203,-2.006,-5.0,-0.507,-2.0,-4.999,-0.162,4.981,0.0,-0.11,-2.0,-2.0,-2.076,0.953,5.997,-4.0,-2.0,28.594,-6.0,-4.0,2.086,-5.0,6.495,15.368,-6.0,4.812,-4.0,-2.01,0.0,0.0,0.0,0.0,0.0,0.0,0.0,0.0,0.0,0.0
GoldS210,XAUUSDc,774,-5.3223,-15.967,2,-0.3555,0.0,475,32.8421,1,9,0,0.01,1.7,1.5,0.0,0.5,15,1,-19.325,0,0,2,0,0.8,0.0,0.0,0.0,0.0,0.0,1.479,2.124,-4.0,-0.508,-4.0,-5.0,3.384,-0.507,-3.0,-0.504,-3.502,1.644,-2.999,-4.0,-3.0,-0.642,1.662,3.979,0.845,-0.705,2.252,-1.478,0.263,-1.738,-2.511,-4.0,-4.0,-0.51,1.959,1.224,2.88,-4.999,3.356,-3.0,3.737,-3.0,-0.515,-0.16,-2.0,2.689,-3.0,-4.0,4.475,3.125,-2.51,5.104,-1.503,-2.558,-1.511,-1.0,-3.014,-1.51,-1.406,0.429,-0.514,3.623,-2.501,-3.0,3.442,-4.0,0.796,0.863,1.934,0.493,1.033,5.508,3.529,0.157,3.467,4.295,0.0,-5.0,-0.501,-2.503,2.066,-0.694,2.731,2.185,0.944,-1.025,0.093,-1.0,-2.665,3.709,4.224,-4.0,-1.123,0.799,-2.505,-2.502,0.436,-2.0,4.769,-4.0,4.947,0.0,1.399,-2.0,-2.0,-2.559,0.465,0.788,1.819,-0.539,10.066,-2.7,-4.0,0.966,-0.041,-0.313,1.718,-2.564,4.978,-3.0,0.72,0.0,0.0,0.0,0.0,0.0,0.0,0.0,0.0,0.0,0.0
GoldS210,XAUUSDc,605,1.65,4.95,2,0.1487,110.55,450,34.0,1,7,0,0.01,1.7,1.5,0.0,1.0,15,1,-0.522,1,0,2,0,0.6,0.0,0.0,0.0,0.0,0.0,1.479,1.321,-4.0,-0.508,-1.502,-1.802,2.429,-0.507,-3.0,-0.504,-4.502,1.634,-2.0,-0.555,-3.0,-1.424,-0.948,4.711,2.134,-2.554,2.421,-3.0,0.324,-1.13,-1.511,-1.515,-4.0,-0.51,-2.511,0.292,4.034,-5.0,5.909,-0.58,2.469,-3.0,3.122,0.489,-1.0,1.451,-3.0,-4.0,4.212,2.291,-2.51,2.446,0.946,-6.0,-1.511,-1.0,-3.014,-0.134,1.933,0.807,1.439,4.359,-2.501,-3.0,3.442,-4.0,1.161,1.424,1.396,0.493,1.567,3.678,3.123,-0.525,5.853,6.528,0.0,-3.0,-1.501,-2.503,3.257,-1.529,1.994,2.398,0.944,0.025,0.093,-1.0,-3.517,5.587,2.419,-4.0,-1.516,0.931,-1.552,-2.502,1.078,-2.0,4.944,-4.0,4.386,0.0,1.399,-2.0,0.794,1.072,0.465,-1.536,-1.526,-0.539,11.594,-3.519,-3.0,0.966,-0.041,-1.56,2.162,-1.287,4.418,-3.0,1.093,0.0,0.0,0.0,0.0,0.0,0.0,0.0,0.0,0.0,0.0
GoldS210,XAUUSDc,714,8.226,12.339,4,0.3391,191.73,412,13.3495,1,9,0,0.01,1.7,3.0,0.0,1.0,15,1,-11.318,28,0,2,0,0.6,0.0,0.0,0.0,0.0,0.0,-1.0,17.045,-4.0,-3.0,-4.0,-5.0,-0.001,0.986,-3.0,-3.0,-3.004,-2.0,-2.0,5.242,-3.0,-3.0,2.969,-4.0,-1.0,12.31,-3.0,-4.0,5.868,13.13,-3.0,-4.0,-4.0,-3.0,7.711,-0.016,-4.0,-6.0,3.315,0.91,-1.029,-3.0,10.303,1.979,-1.0,-3.0,-3.0,-4.0,4.499,-3.153,-5.0,4.609,-4.0,-6.0,-4.0,-1.0,8.789,-4.0,1.953,7.871,9.282,8.5,-1.001,-3.0,-2.0,-5.0,-4.0,-4.0,-3.999,1.066,13.385,5.343,-3.0,-3.0,21.657,-3.0,0.0,-3.0,-0.003,-1.007,-4.0,-3.0,5.814,8.206,-3.0,2.672,3.407,-1.0,-1.033,-5.0,3.865,-4.0,-0.033,-3.0,5.15,-5.0,4.97,-2.0,-3.0,-1.04,2.724,0.0,3.42,-2.0,2.897,-4.0,8.04,0.927,-4.0,-2.0,16.596,-5.999,-3.0,-4.0,-5.0,-4.0,-3.0,-4.0,-0.005,-3.0,4.252,0.0,0.0,0.0,0.0,0.0,0.0,0.0,0.0,0.0,0.0
GoldS210,XAUUSDc,598,-1.708,-3.416,3,-0.0801,0.0,482,30.9129,1,9,0,0.01,1.9,1.5,0.0,0.5,15,1,-8.445,1,0,2,0,0.6,0.0,0.0,0.0,0.0,0.0,1.479,0.867,-4.0,-0.508,-4.0,-5.0,4.055,-0.507,-4.0,-0.504,-4.502,2.651,-2.999,-4.0,-3.0,1.029,-1.255,3.934,2.355,-0.203,-1.023,-1.478,0.934,-1.288,-2.511,-4.0,-4.0,-0.51,2.44,2.024,3.909,-5.0,3.938,-3.0,4.625,-3.0,-0.515,0.827,-2.0,1.665,-3.0,-4.0,6.075,4.428,-2.51,3.457,-1.503,-1.974,-1.511,-1.0,-3.014,-1.51,-1.194,-0.373,0.486,4.183,-2.501,-3.0,3.442,-4.0,0.293,1.424,3.319,0.493,1.979,1.986,4.899,0.795,3.467,5.9,0.0,-5.0,-0.501,-2.503,2.801,-0.217,2.731,3.512,0.944,-1.025,0.093,-1.0,-2.154,5.374,5.797,-4.0,-1.123,0.351,-2.505,-2.502,1.078,-2.0,2.22,-4.0,3.904,0.0,1.399,-2.0,-2.0,-2.559,0.465,1.394,-1.526,-0.539,11.958,-2.053,-4.0,0.966,-1.041,1.289,2.162,-2.026,6.795,-3.0,1.16,0.0,0.0,0.0,0.0,0.0,0.0,0.0,0.0,0.0,0.0
GoldS210,XAUUSDc,376,-2.6605,-5.321,3,-0.18,0.0,515,42.1359,1,5,0,0.01,1.7,1.0,0.0,0.5,15,1,-9.545,0,0,2,0,0.4,0.0,0.0,0.0,0.0,0.0,0.986,-2.007,0.168,-0.014,-3.0,-0.505,2.248,2.554,-1.047,-0.009,-4.001,-3.0,-5.0,-4.0,-3.0,0.808,-0.6,5.094,-3.02,2.959,0.637,1.839,2.314,-2.012,-5.0,-4.0,-4.0,1.035,-3.008,2.426,4.629,6.332,1.615,-0.048,2.86,-3.0,-1.01,-1.007,-2.0,0.996,-0.858,-3.0,2.548,1.413,-3.007,7.992,-0.009,-2.016,-2.007,-1.0,-4.009,-2.007,-0.52,-4.0,-0.009,5.393,2.289,-3.0,3.343,2.577,-0.026,0.962,3.549,-1.004,-2.012,2.984,5.065,1.575,3.366,1.471,-2.006,-4.0,-1.001,-3.002,1.973,-1.688,5.079,-2.0,-0.046,-0.023,-1.015,-1.0,1.751,0.982,-0.126,-4.0,-1.766,3.211,-3.003,-2.017,3.922,-3.0,6.032,-2.004,-1.029,0.0,-0.068,-2.0,-1.037,-3.042,-0.023,3.814,-0.019,0.973,1.927,0.728,-5.0,-0.022,3.298,-0.101,1.006,-0.534,-0.033,0.886,2.447,0.0,0.0,0.0,0.0,0.0,0.0,0.0,0.0,0.0,0.0
GoldS210,XAUUSDc,45,-9.17,-18.34,3,-0.2451,0.0,507,22.8797,1,7,0,0.01,1.9,1.5,0.0,0.0,15,1,-45.443,14,0,2,0,0.0,0.0,0.0,0.0,0.0,0.0,1.479,0.688,-3.999,-4.0,-3.0,-6.0,3.127,-1.507,-2.0,-0.504,-4.502,-3.0,-5.0,-4.0,-4.0,-3.069,-0.795,-3.519,-1.925,-1.708,-1.023,-1.942,-4.0,0.96,-4.999,-4.0,-4.0,-0.51,4.1,-0.264,15.501,-6.0,2.523,-3.0,11.815,0.07,-0.515,-5.999,-2.0,-2.999,-4.0,-3.0,-3.397,-1.752,-2.51,13.928,-1.503,-6.0,-1.511,-1.0,-2.879,0.594,-2.194,-0.424,1.247,5.346,-2.007,-3.0,12.571,-4.0,0.122,2.531,-5.0,0.493,6.19,4.693,9.784,0.263,3.467,11.985,-3.0,-4.0,-0.501,-2.503,-2.508,-4.0,-0.501,12.063,2.385,4.336,0.093,-1.0,-6.0,0.871,25.597,-4.0,-1.877,-2.514,-2.505,-2.502,1.078,-3.0,-0.148,-4.0,1.427,0.0,1.399,-2.0,-2.0,-2.559,0.465,2.023,-1.526,-0.539,7.44,-0.457,-4.0,1.061,2.092,1.964,6.493,-6.0,3.5,-4.0,-0.508,0.0,0.0,0.0,0.0,0.0,0.0,0.0,0.0,0.0,0.0
GoldS210,XAUUSDc,241,6.7315,13.463,3,0.3031,138.52,456,30.9211,1,7,0,0.01,1.5,1.5,0.0,1.0,15,1,-5.186,9,0,2,0,0.2,0.0,0.0,0.0,0.0,0.0,1.479,-2.508,-4.0,-0.508,-1.502,-1.802,2.429,-0.507,-3.0,-0.504,-4.501,4.965,-1.999,-0.555,-3.0,-2.069,-0.795,-2.519,-2.0,-2.554,2.421,-4.0,-4.0,0.96,-1.511,-1.515,-4.0,-1.51,-1.511,0.576,2.042,-5.0,15.82,-0.58,2.469,-3.0,3.714,0.489,-1.0,-3.0,-3.0,-4.0,0.888,-2.446,-2.51,7.795,0.946,-6.0,-1.511,-1.0,-3.014,0.594,1.933,1.291,1.439,5.516,-1.007,-3.0,3.442,-3.999,-2.517,2.531,5.585,0.493,4.263,4.358,5.515,-0.525,3.467,12.985,-2.0,-2.0,-1.501,-2.503,-1.509,-1.529,1.994,4.095,0.944,0.09,0.093,-1.0,-3.516,1.706,2.419,-4.0,-1.516,0.931,-1.552,-2.502,1.078,-2.0,18.121,-4.0,4.918,0.0,1.399,-2.0,0.794,2.179,0.465,-1.536,-1.526,-0.539,9.919,-3.519,-1.513,0.966,-0.041,-1.56,3.076,-0.646,4.418,-4.0,0.94,0.0,0.0,0.0,0.0,0.0,0.0,0.0,0.0,0.0,0.0
GoldS210,XAUUSDc,583,3.411,6.822,3,0.2024,63.25,484,31.405,1,11,0,0.01,1.7,1.5,0.0,0.0,15,1,2.507,0,0,2,0,0.6,0.0,0.0,0.0,0.0,0.0,1.479,1.434,-4.0,1.386,-4.0,-5.0,6.656,-1.507,-3.0,-0.504,-4.502,2.651,-3.0,-4.0,-4.0,0.363,-1.379,3.934,1.664,-1.455,-1.023,-0.478,1.543,-1.288,-2.511,-4.0,-4.0,-0.51,4.646,2.531,-0.397,-5.0,3.938,0.963,4.067,-1.513,2.318,-0.068,-2.0,1.65,-3.0,-4.0,6.403,5.684,-2.51,7.11,-1.503,-1.974,-1.511,-1.0,-2.879,-1.51,-2.353,-0.454,1.658,4.565,-3.501,-3.0,5.559,-4.0,2.451,-0.038,3.439,0.493,1.483,5.694,4.403,-0.396,3.467,5.478,-4.0,-4.0,-0.501,-2.503,2.317,0.365,2.731,4.191,1.985,-1.025,-0.523,-1.0,-2.517,3.447,2.789,-4.0,-1.123,-0.068,-2.505,-2.502,1.078,-2.0,1.221,-4.0,3.729,0.0,1.399,-2.0,-2.0,-2.559,0.465,-0.083,-1.526,-0.539,11.949,-2.053,-4.0,1.061,-0.04,1.289,2.443,-0.816,6.808,-3.0,2.092,0.0,0.0,0.0,0.0,0.0,0.0,0.0,0.0,0.0,0.0
GoldS210,XAUUSDc,71,-6.3428,-38.057,1,-0.7956,0.0,452,31.1947,1,11,0,0.01,1.9,1.5,0.0,1.0,15,1,-47.975,5,0,2,0,0.0,0.0,0.0,0.0,0.0,0.0,1.479,-2.508,-4.0,-0.508,-1.502,-5.0,2.429,-0.507,-3.0,-0.504,-4.502,4.965,-2.0,-0.555,-3.0,-3.503,-1.251,3.54,8.918,-1.554,2.421,-1.478,2.258,-0.04,-1.511,-1.515,-4.0,-1.51,-1.511,-0.066,0.796,-5.0,-0.017,-0.58,2.469,-3.0,3.714,0.489,-1.0,-3.0,-3.0,-4.0,0.889,-3.15,-2.51,3.981,0.946,-1.609,-1.511,-1.0,-3.014,-1.51,1.933,1.291,1.439,2.355,-1.007,-3.0,3.442,-3.999,1.716,-0.038,-2.531,0.493,3.169,1.986,4.166,-0.525,3.467,0.32,-2.0,-2.0,-1.501,-2.503,-1.509,-1.529,1.994,-0.598,0.944,-1.025,-0.523,-1.0,-3.517,1.208,2.419,-4.0,-1.516,2.687,-1.552,-2.502,1.123,-2.0,3.087,-4.0,3.448,0.0,1.399,-2.0,0.794,1.816,0.465,-0.536,-1.526,-0.539,10.604,-3.519,-3.0,0.966,-0.041,-1.56,3.076,-2.546,4.418,-4.0,-0.508,0.0,0.0,0.0,0.0,0.0,0.0,0.0,0.0,0.0,0.0
GoldS210,XAUUSDc,607,-3.599,-10.797,2,-0.2926,0.0,446,34.3049,1,11,0,0.01,1.7,1.5,0.0,1.0,15,1,-14.956,0,0,2,0,0.6,0.0,0.0,0.0,0.0,0.0,1.479,1.391,-4.0,-0.508,-1.502,-5.0,2.429,-0.507,-3.0,-0.504,-4.501,1.634,-2.0,-0.555,-3.0,-1.135,-1.379,4.934,2.448,-1.554,2.421,-0.478,1.543,-1.288,-1.511,-1.515,-4.0,-0.51,-2.511,-0.066,-0.985,-5.0,3.938,-0.58,2.469,-3.0,3.122,0.489,-1.0,1.65,-3.0,-4.0,4.212,1.279,-2.51,2.432,0.946,-1.974,-1.511,-1.0,-3.014,-1.51,1.933,0.807,1.439,2.355,-2.501,-3.0,3.442,-4.0,1.293,-0.038,1.917,0.493,0.986,1.986,2.743,-0.525,5.733,5.478,0.0,-3.0,-1.501,-2.503,2.317,-1.529,1.994,1.683,0.944,-1.025,-0.523,-1.0,-2.517,4.567,2.419,-4.0,-1.516,2.687,-1.552,-2.502,1.078,-2.0,2.453,-4.0,3.448,0.0,1.399,-2.0,0.794,0.874,0.465,-0.536,-1.526,-0.539,10.629,-3.519,-3.0,0.966,-0.041,-1.56,2.162,-2.546,4.418,-3.0,2.092,0.0,0.0,0.0,0.0,0.0,0.0,0.0,0.0,0.0,0.0
GoldS210,XAUUSDc,55,-16.5397,-49.619,2,-0.8591,0.0,493,26.1663,1,11,0,0.01,1.7,1.5,0.0,0.5,15,1,-77.381,9,0,2,0,0.0,0.0,0.0,0.0,0.0,0.0,1.479,-3.506,-4.0,-1.508,-3.0,-6.0,-0.015,-0.507,-4.0,-0.504,-4.502,-3.0,-0.749,-4.0,-3.0,23.762,-1.251,2.54,2.399,2.021,-1.023,-1.477,2.258,-0.04,-2.51,-4.0,-4.0,-2.51,-1.511,-2.508,0.796,-5.0,-0.017,1.556,-0.022,-3.0,2.318,-0.068,-2.0,-2.999,-4.0,-3.0,-3.562,1.375,-2.51,4.991,-1.503,-1.609,-1.511,-1.0,-3.014,-1.51,-1.194,-0.373,0.486,2.734,-1.007,-3.0,3.442,-4.0,4.127,-0.038,-5.0,0.493,4.928,1.986,7.776,2.269,3.467,0.32,-4.0,-4.0,-0.501,-2.503,-1.509,4.078,2.731,7.235,0.944,-1.025,-0.523,-1.0,-3.517,1.208,-2.506,-4.0,-1.123,-1.069,-1.552,-2.502,1.123,-2.0,2.221,-4.0,3.972,0.0,1.399,-2.0,-2.0,-2.559,0.465,-0.083,-1.526,-0.539,8.125,-0.457,-5.0,0.966,-1.041,1.964,3.076,-6.0,6.452,-4.0,-0.508,0.0,0.0,0.0,0.0,0.0,0.0,0.0,0.0,0.0,0.0
GoldS210,XAUUSDc,260,-17.0882,-102.529,1,-0.7882,0.0,505,14.8515,1,5,0,0.01,1.9,2.0,0.0,0.0,15,1,-118.378,24,0,2,0,0.2,0.0,0.0,0.0,0.0,0.0,1.972,-1.49,-4.0,-3.999,-3.0,-6.0,12.205,-1.01,-2.0,0.893,-4.003,-2.999,-5.0,-4.0,-5.0,2.792,0.997,-3.025,-6.0,6.268,-3.014,1.032,-4.0,12.789,-5.0,-4.0,-4.0,-0.014,-6.0,2.641,-6.0,-6.0,-0.943,3.072,0.97,1.728,-3.0,-6.0,-2.0,-2.999,-4.0,-3.0,6.123,2.743,-2.014,9.663,-1.004,-6.0,-1.014,-1.0,-4.78,-4.0,-3.856,1.244,2.549,4.558,-4.001,-3.0,5.394,-4.0,-5.999,-0.79,5.788,0.991,-6.0,2.674,4.412,-3.998,-0.022,-3.0,-4.0,-3.999,-0.002,-2.005,-4.0,-5.0,4.007,-5.0,-0.009,1.991,1.197,-1.0,-6.0,-5.0,1.135,-4.0,-0.48,7.096,1.208,-4.999,-2.063,-2.0,-5.999,-4.0,1.58,0.0,-0.11,-2.0,-2.0,-2.076,0.953,-3.049,-4.0,-2.0,13.797,-6.0,-5.0,11.81,5.23,3.405,14.383,-6.0,-2.044,-4.0,-0.01,0.0,0.0,0.0,0.0,0.0,0.0,0.0,0.0,0.0,0.0
GoldS210,XAUUSDc,369,-4.269,-12.807,2,-0.3171,0.0,520,40.5769,1,7,0,0.01,1.9,1.0,0.0,0.0,15,1,-17.378,0,0,2,0,0.4,0.0,0.0,0.0,0.0,0.0,0.986,-2.007,0.069,-2.009,-3.0,-0.086,5.738,1.554,-0.047,1.766,-4.001,-3.0,-5.0,-4.0,-3.007,-4.002,-3.005,3.523,-3.02,1.286,-0.025,1.214,0.315,-2.012,-5.0,-4.0,-4.0,2.222,-3.008,0.457,6.457,6.922,0.968,-3.0,2.954,-2.009,-1.01,-2.007,-2.0,0.996,-0.828,-3.0,2.692,2.562,-3.007,7.029,-0.009,-2.016,-2.007,-1.0,-3.967,-2.007,-2.036,-1.997,0.449,5.562,2.761,-3.0,6.527,1.472,0.651,1.218,6.689,-1.004,1.75,4.594,4.104,0.147,5.758,-0.018,-2.006,-4.0,-1.001,-3.002,1.973,-5.0,1.551,0.369,0.864,1.491,-1.015,-1.0,1.751,-3.014,1.428,-4.0,-2.613,2.017,-3.003,-2.017,3.922,-3.0,0.799,-2.004,1.294,0.0,-0.068,-2.0,1.911,-3.042,-0.023,3.18,-0.019,0.973,1.927,-2.54,-4.0,0.038,3.313,0.51,1.97,-2.494,1.522,-0.008,4.018,0.0,0.0,0.0,0.0,0.0,0.0,0.0,0.0,0.0,0.0
GoldS210,XAUUSDc,388,-1.1807,-3.542,2,-0.1472,0.0,477,50.1048,1,5,0,0.01,1.7,1.0,0.0,1.0,15,1,-4.542,0,0,2,0,0.4,0.0,0.0,0.0,0.0,0.0,0.986,-1.008,-1.022,0.986,-0.015,-2.003,0.941,0.977,-1.047,-0.009,-4.001,-0.165,0.934,0.755,-3.0,-2.068,-1.071,1.979,-0.125,0.93,0.932,1.982,1.99,-2.012,-2.007,-0.059,-4.0,-0.049,-2.008,-0.061,2.89,1.99,0.968,-1.077,0.978,-3.0,0.935,-0.007,-1.0,-1.002,-0.001,-4.0,2.891,-1.147,-3.007,2.948,1.942,-2.016,-2.007,-1.0,-4.009,-2.007,2.922,-1.054,0.96,3.819,0.967,-3.0,1.955,-0.088,-1.026,0.962,4.953,0.99,-0.023,2.984,1.936,-0.016,3.977,-0.018,-1.103,-1.0,-1.001,-3.002,1.973,-1.059,1.985,-2.0,-0.046,-0.023,-1.015,-1.0,0.918,-1.034,0.946,-4.0,-2.011,1.926,-2.048,-2.017,3.922,-0.006,4.907,-2.004,1.965,0.0,-0.068,-2.0,0.941,-1.09,-0.023,-0.029,-0.019,0.973,3.924,-2.034,-2.007,-0.022,2.932,-2.055,-0.032,-0.097,1.965,-0.008,1.91,0.0,0.0,0.0,0.0,0.0,0.0,0.0,0.0,0.0,0.0
GoldS210,XAUUSDc,122,10.6357,31.907,2,0.4117,233.25,480,12.5,1,9,0,0.01,1.5,2.5,0.0,0.5,15,1,-42.515,21,0,2,0,0.0,0.0,0.0,0.0,0.0,0.0,-1.0,34.23,-4.0,-4.0,-3.0,-6.0,-1.501,0.488,-4.0,0.494,-3.503,-3.0,-5.0,-4.0,-3.0,9.844,1.644,-5.0,-5.0,8.326,-1.519,-5.0,-3.999,12.478,0.533,-4.0,-4.0,-1.517,7.521,-1.513,3.668,-7.0,-1.515,-3.0,-1.523,-3.0,-3.0,-3.999,-2.0,-2.999,-4.0,-3.0,-0.747,-3.647,-4.999,72.921,-4.0,-6.0,-4.0,-1.0,3.532,-3.999,2.418,3.838,1.442,10.656,-2.501,-3.0,-1.999,-5.0,-1.529,-4.0,9.18,1.546,19.897,2.901,-2.999,-2.999,49.055,-2.999,-4.0,-4.0,0.498,-1.506,-4.0,-4.0,4.095,-4.0,-2.999,1.004,2.302,-1.0,1.398,-6.0,-1.51,-4.0,0.163,-2.526,-1.508,-5.0,0.471,-2.0,-3.999,0.896,-0.649,0.0,0.852,-2.0,-3.0,-1.593,1.441,7.282,-4.0,-2.0,-3.999,-6.0,-5.0,-0.536,-5.999,-3.0,-3.0,9.751,3.121,-4.0,2.851,0.0,0.0,0.0,0.0,0.0,0.0,0.0,0.0,0.0,0.0
GoldS210,XAUUSDc,234,-12.59,-25.18,3,-0.3491,0.0,497,25.7545,1,9,0,0.01,1.7,1.5,0.0,0.5,15,1,-42.604,14,0,2,0,0.2,0.0,0.0,0.0,0.0,0.0,1.479,5.648,-4.0,-1.508,-3.0,-6.0,-0.016,-0.507,-4.0,-0.504,-4.502,-3.0,-0.749,-4.0,-3.0,13.424,-1.22,2.54,-1.925,2.021,-1.023,-1.478,-3.0,-0.04,-2.511,-4.0,-4.0,-2.51,-1.511,-2.508,10.826,-6.0,-0.017,-3.0,-0.021,-3.0,-0.515,-3.999,-2.0,-2.999,-4.0,-3.0,-3.563,0.613,-2.51,8.805,-1.503,-1.609,-1.511,-1.0,-3.014,-1.51,-1.194,-0.373,0.486,5.895,-1.007,-3.0,3.442,-4.0,0.716,2.531,3.325,0.493,5.024,1.986,9.756,2.269,3.467,9.399,-4.0,-4.0,-0.501,-2.503,-1.509,3.672,2.731,6.521,0.944,-1.025,0.093,-1.0,-1.937,1.368,7.934,-4.0,-1.123,0.351,-2.505,-2.502,1.078,-2.0,2.221,-4.0,4.436,0.0,1.399,-2.0,-3.0,-2.559,0.465,3.25,-1.526,-0.539,7.162,-0.457,-5.0,0.966,-1.041,1.964,3.076,-6.0,7.136,-4.0,-2.508,0.0,0.0,0.0,0.0,0.0,0.0,0.0,0.0,0.0,0.0
GoldS210,XAUUSDc,557,-1.449,-4.347,2,-0.1288,0.0,507,45.3649,1,7,0,0.01,1.7,1.0,0.0,0.5,15,1,-6.88,0,0,2,0,0.6,0.0,0.0,0.0,0.0,0.0,0.986,-2.007,-0.398,0.986,-1.108,-1.46,1.793,1.876,-1.047,-0.009,-4.001,0.411,0.258,-4.0,-3.0,-0.859,-0.6,2.693,-0.474,1.277,-0.025,0.211,2.314,-2.012,-5.0,-1.228,-4.0,0.76,-2.008,2.03,3.569,4.637,0.968,-3.0,2.03,-3.0,-1.01,-1.007,-2.0,0.996,0.172,-4.0,1.271,0.609,-3.007,5.219,-0.009,-2.016,-2.007,-1.0,-4.009,-2.007,-0.52,-4.0,-0.009,4.036,1.576,-3.0,2.406,1.57,-0.026,0.962,5.539,-1.004,0.966,2.984,3.472,0.786,5.082,-0.018,-2.006,-4.0,-1.001,-3.002,1.973,-2.757,3.181,-2.0,-0.046,-0.023,-1.015,-1.0,1.496,-1.034,2.141,-4.0,-1.613,3.942,-2.048,-2.017,3.922,0.717,4.163,-2.004,1.294,0.0,-0.068,-2.0,1.661,-3.042,-0.023,2.632,-0.019,0.973,4.732,-1.239,-4.0,-0.022,1.933,0.034,-0.032,0.72,3.151,-0.008,2.447,0.0,0.0,0.0,0.0,0.0,0.0,0.0,0.0,0.0,0.0
GoldS210,XAUUSDc,449,-7.4183,-22.255,2,-0.3566,0.0,486,17.9012,1,7,0,0.01,1.7,2.0,0.0,0.5,15,1,-39.206,28,0,2,0,0.4,0.0,0.0,0.0,0.0,0.0,1.972,7.293,-4.0,-1.01,-3.0,-5.0,6.276,-0.01,-3.0,-0.005,-4.003,-3.0,-5.0,-4.0,-3.0,12.951,0.997,-2.025,-6.0,3.063,-2.015,-2.067,-3.0,5.008,-5.0,-4.0,-4.0,-0.014,3.988,11.951,1.028,1.134,2.733,-3.0,0.97,-3.0,-3.0,-4.0,-3.0,-2.999,-4.0,-3.0,1.142,0.66,-2.014,4.472,-1.004,-6.0,-1.014,-1.0,1.321,-4.0,0.112,-4.0,0.947,6.106,-3.001,-3.0,-0.061,-4.0,-3.023,-4.0,15.765,0.991,5.973,3.14,1.717,-3.0,7.68,-3.0,-4.0,-3.999,-0.002,-2.005,-4.0,10.343,-0.001,12.953,-0.009,0.975,1.197,-1.0,-6.0,-4.999,11.358,-4.0,-1.142,-2.021,1.4,-5.0,-0.507,-3.0,-4.999,-4.0,1.316,0.0,-0.11,-2.0,-3.0,-2.076,0.953,3.952,-4.0,-2.0,9.041,-6.0,-5.0,4.723,-3.042,9.234,5.946,-6.0,10.465,-3.0,2.676,0.0,0.0,0.0,0.0,0.0,0.0,0.0,0.0,0.0,0.0
GoldS210,XAUUSDc,304,-21.8358,-131.015,1,-0.8945,0.0,493,10.142,1,5,0,0.01,1.7,2.5,0.0,0.5,15,1,-159.012,18,0,2,0,0.2,0.0,0.0,0.0,0.0,0.0,-1.0,-2.51,-4.0,-4.0,-3.0,-6.0,-0.501,0.488,-3.0,1.787,-3.502,-3.0,-5.0,-4.0,-3.0,12.186,2.791,-6.0,-6.0,-5.0,-2.518,-0.192,-4.0,24.997,-5.0,-4.0,-4.0,-1.517,-5.0,-2.513,-7.0,-6.0,0.08,4.631,-1.523,-3.0,-3.0,-5.0,-2.0,-2.999,-4.0,-3.0,5.716,7.047,-5.0,1.436,-4.0,-6.0,-4.0,-1.0,-4.51,-4.0,2.418,-4.0,1.442,11.278,-2.501,-3.0,-2.0,-5.0,-1.528,-4.0,13.263,14.288,-6.0,4.926,11.47,-2.999,0.473,-3.0,-4.0,-4.0,0.498,-1.506,-4.0,-4.0,12.971,-4.0,-3.0,4.11,2.302,-1.0,-6.0,-5.0,2.536,-4.0,0.163,-2.526,3.047,-4.999,-5.0,-3.0,-5.0,-4.0,-5.0,0.0,0.852,-2.0,-3.0,-1.593,2.683,-2.561,-4.0,-2.0,-5.0,-6.0,-5.0,21.157,-5.999,-3.0,-4.0,-6.0,-4.0,-4.0,14.446,0.0,0.0,0.0,0.0,0.0,0.0,0.0,0.0,0.0,0.0
GoldS210,XAUUSDc,460,-10.3975,-62.385,1,-0.7623,0.0,447,18.7919,1,5,0,0.01,1.7,2.0,0.0,1.0,15,1,-76.359,19,0,2,0,0.4,0.0,0.0,0.0,0.0,0.0,1.972,11.439,-4.0,-0.01,-1.003,-4.0,0.938,-0.01,-3.0,0.893,-4.003,-2.0,-2.0,0.924,-3.0,4.289,0.997,-2.025,-1.0,9.974,-1.015,-4.0,-3.0,4.882,-3.0,-4.0,-4.0,-1.014,-4.0,-2.011,-7.0,-5.0,-0.943,-0.083,0.97,-3.0,-3.0,0.986,-1.0,-3.0,-3.0,-4.0,1.096,1.66,-2.014,0.257,-1.004,-6.0,-1.014,-1.0,-5.008,-4.0,-0.032,3.135,4.423,5.09,-3.001,-3.0,-0.062,-3.999,-2.023,-4.0,15.186,0.991,3.279,3.14,4.175,-3.0,-0.023,-3.0,-2.0,-2.0,-1.002,-2.005,-4.0,5.679,-0.001,7.717,-0.009,0.975,1.197,-1.0,-3.022,-5.0,11.219,-4.0,-1.022,-1.021,2.515,-4.999,-2.063,-2.0,-2.999,-2.032,2.58,0.0,-0.11,-2.0,1.484,-2.076,0.953,-1.049,-4.0,-2.0,8.041,-6.0,-3.0,6.321,-2.042,-4.0,-1.042,-5.0,7.108,-3.999,1.92,0.0,0.0,0.0,0.0,0.0,0.0,0.0,0.0,0.0,0.0
GoldS210,XAUUSDc,315,24.6327,36.949,4,1.0333,112.1,431,15.7773,1,11,0,0.01,1.5,2.5,0.0,1.0,15,1,-4.47,25,0,2,0,0.2,0.0,0.0,0.0,0.0,0.0,-1.0,19.601,-4.0,-2.999,-0.504,-5.0,-0.501,0.488,-3.0,0.494,-3.503,-2.0,-2.0,4.255,-3.0,0.501,1.982,-5.0,-2.0,-0.563,-0.519,-4.0,8.086,11.478,-3.0,-3.0,10.098,-0.517,8.16,-0.513,-6.0,-6.0,-1.515,0.413,-1.524,-3.0,5.592,1.482,-1.0,-3.0,-3.0,-4.0,2.252,-2.647,-5.0,39.918,-3.0,-6.0,-4.0,-1.0,3.532,-4.0,1.461,12.633,9.056,2.898,-1.501,-4.0,-1.999,-5.0,-0.529,-4.0,1.323,1.558,14.493,2.901,-2.999,-3.0,16.859,-3.0,-2.0,-2.0,-0.502,-1.506,-4.0,-4.0,4.095,-4.0,-2.999,5.323,0.461,-1.0,-2.528,-5.999,9.837,-4.0,-0.527,-3.0,-4.0,-5.0,4.243,-2.0,-2.998,-1.536,5.797,0.0,0.852,-2.0,2.191,-1.593,1.441,0.439,-4.0,-2.0,5.751,-6.0,-3.0,13.086,-5.0,-4.0,-3.0,13.093,0.496,-5.0,4.851,0.0,0.0,0.0,0.0,0.0,0.0,0.0,0.0,0.0,0.0
GoldS210,XAUUSDc,638,-4.82,-9.64,3,-0.2174,0.0,432,23.3796,1,9,0,0.01,1.5,2.0,0.0,1.0,15,1,-17.952,17,0,2,0,0.6,0.0,0.0,0.0,0.0,0.0,1.972,6.495,-4.0,-0.01,-1.003,-5.0,0.938,-0.01,-3.0,-0.005,-4.003,-2.0,-2.0,0.578,-3.0,1.422,0.152,-4.0,-1.0,3.214,-0.015,0.526,2.578,0.748,-3.0,-4.0,-4.0,-0.014,1.075,3.047,0.053,-6.0,-1.011,-0.083,0.97,-3.0,2.26,0.986,-1.0,-3.0,-3.0,-4.0,4.982,4.022,-2.014,10.048,-0.004,-6.0,-1.014,-1.0,0.414,-4.0,-0.032,2.345,3.365,3.254,-2.001,-3.0,-0.062,-4.0,-2.023,-4.0,14.389,0.991,5.847,0.985,-0.014,-3.0,6.061,-3.0,0.0,-3.0,-1.002,-2.005,2.114,1.884,-0.001,8.341,-0.009,6.433,1.197,-1.0,-3.022,0.114,6.169,-4.0,-1.022,-3.0,0.841,-5.0,-0.507,-2.0,-3.0,-2.032,5.419,0.0,-0.11,-2.0,1.484,-2.076,0.953,-0.049,-4.0,-2.0,13.577,-5.999,-3.0,1.955,-2.042,1.237,5.687,-4.0,6.441,-3.0,-2.009,0.0,0.0,0.0,0.0,0.0,0.0,0.0,0.0,0.0,0.0
GoldS210,XAUUSDc,526,-13.2635,-26.527,3,-0.2896,0.0,458,10.0437,1,9,0,0.01,1.9,3.0,0.0,0.5,15,1,-67.525,23,0,2,0,0.4,0.0,0.0,0.0,0.0,0.0,-1.0,24.969,-4.0,-4.0,-3.0,-5.0,-0.001,0.987,-4.0,-3.0,-3.004,-3.0,-5.0,-4.0,-3.0,-3.0,3.076,-5.0,-5.0,7.568,-4.999,-5.0,-3.0,21.039,-4.0,-4.0,-4.0,-3.0,11.782,-0.016,-4.0,-6.0,5.356,-3.0,-1.029,-3.0,-3.0,7.796,-2.0,-2.999,-4.0,-3.0,-4.0,-3.153,-4.999,-5.0,-5.0,-6.0,-4.0,-1.0,8.789,-4.0,3.724,6.292,1.938,12.421,-2.001,-3.0,-1.999,-5.0,-5.0,-4.0,-3.997,1.066,36.998,5.92,-3.0,-2.0,32.757,-2.999,-4.0,-3.999,0.997,-1.007,-4.0,-3.0,-3.0,23.15,-3.0,2.914,3.407,-1.0,4.066,-6.0,-0.012,-4.0,0.805,-6.0,-1.01,-5.0,4.97,-2.0,-3.999,1.954,0.037,0.0,3.42,-2.0,-3.0,-4.0,8.04,8.87,-4.0,-2.0,-4.0,-5.999,-5.0,-4.0,-6.0,-3.0,-3.0,-6.0,4.386,-3.0,5.201,0.0,0.0,0.0,0.0,0.0,0.0,0.0,0.0,0.0,0.0
GoldS210,XAUUSDc,281,-7.0557,-21.167,2,-0.4068,0.0,444,20.045,1,7,0,0.01,1.7,2.0,0.0,1.0,15,1,-37.016,24,0,2,0,0.2,0.0,0.0,0.0,0.0,0.0,1.972,-2.01,-4.0,-0.01,-1.003,-4.0,0.938,-0.01,-3.0,-0.005,-4.002,-2.0,-1.999,0.924,-3.0,1.712,0.997,-2.025,-2.0,-1.058,-0.015,-5.0,-4.0,9.814,-3.0,-4.0,-4.0,-1.014,7.566,-2.011,1.028,-5.999,2.734,-0.083,0.97,-3.0,3.411,0.986,-1.0,-3.0,-3.0,-4.0,4.755,3.119,-2.014,-4.001,-0.004,-6.0,-1.014,-1.0,1.321,-4.0,-0.032,3.135,6.501,6.02,-3.001,-3.0,-0.061,-3.999,-2.023,-4.0,22.799,0.991,4.978,3.14,1.717,-3.0,13.008,-3.0,-2.0,-2.0,-1.002,-2.005,-4.0,-4.0,-0.001,-4.0,-0.009,1.243,1.197,-1.0,-3.021,-5.0,10.999,-4.0,-1.022,-1.021,4.159,-5.0,-0.507,-2.0,-3.0,-2.032,6.635,0.0,-0.11,-2.0,1.484,-2.076,0.953,-1.049,-4.0,-2.0,14.797,-5.999,-1.018,5.313,-2.042,2.469,5.993,-4.999,6.441,-4.0,1.92,0.0,0.0,0.0,0.0,0.0,0.0,0.0,0.0,0.0,0.0
GoldS210,XAUUSDc,573,-1.1807,-3.542,2,-0.1472,0.0,477,50.1048,1,7,0,0.01,1.9,1.0,0.0,1.0,15,1,-4.542,0,0,2,0,0.6,0.0,0.0,0.0,0.0,0.0,0.986,-1.008,-1.022,0.986,-0.015,-2.003,0.941,0.977,-1.047,-0.009,-4.001,-0.165,0.934,0.755,-3.0,-2.068,-1.071,1.979,-0.125,0.93,0.932,1.982,1.99,-2.012,-2.007,-0.059,-4.0,-0.049,-2.008,-0.061,2.89,1.99,0.968,-1.077,0.978,-3.0,0.935,-0.007,-1.0,-1.002,-0.001,-4.0,2.891,-1.147,-3.007,2.948,1.942,-2.016,-2.007,-1.0,-4.009,-2.007,2.922,-1.054,0.96,3.819,0.967,-3.0,1.955,-0.088,-1.026,0.962,4.953,0.99,-0.023,2.984,1.936,-0.016,3.977,-0.018,-1.103,-1.0,-1.001,-3.002,1.973,-1.059,1.985,-2.0,-0.046,-0.023,-1.015,-1.0,0.918,-1.034,0.946,-4.0,-2.011,1.926,-2.048,-2.017,3.922,-0.006,4.907,-2.004,1.965,0.0,-0.068,-2.0,0.941,-1.09,-0.023,-0.029,-0.019,0.973,3.924,-2.034,-2.007,-0.022,2.932,-2.055,-0.032,-0.097,1.965,-0.008,1.91,0.0,0.0,0.0,0.0,0.0,0.0,0.0,0.0,0.0,0.0
GoldS210,XAUUSDc,252,-17.0882,-102.529,1,-0.7882,0.0,505,14.8515,1,5,0,0.01,1.5,2.0,0.0,0.0,15,1,-118.378,24,0,2,0,0.2,0.0,0.0,0.0,0.0,0.0,1.972,-1.49,-4.0,-3.999,-3.0,-6.0,12.205,-1.01,-2.0,0.893,-4.003,-2.999,-5.0,-4.0,-5.0,2.792,0.997,-3.025,-6.0,6.268,-3.014,1.032,-4.0,12.789,-5.0,-4.0,-4.0,-0.014,-6.0,2.641,-6.0,-6.0,-0.943,3.072,0.97,1.728,-3.0,-6.0,-2.0,-2.999,-4.0,-3.0,6.123,2.743,-2.014,9.663,-1.004,-6.0,-1.014,-1.0,-4.78,-4.0,-3.856,1.244,2.549,4.558,-4.001,-3.0,5.394,-4.0,-5.999,-0.79,5.788,0.991,-6.0,2.674,4.412,-3.998,-0.022,-3.0,-4.0,-3.999,-0.002,-2.005,-4.0,-5.0,4.007,-5.0,-0.009,1.991,1.197,-1.0,-6.0,-5.0,1.135,-4.0,-0.48,7.096,1.208,-4.999,-2.063,-2.0,-5.999,-4.0,1.58,0.0,-0.11,-2.0,-2.0,-2.076,0.953,-3.049,-4.0,-2.0,13.797,-6.0,-5.0,11.81,5.23,3.405,14.383,-6.0,-2.044,-4.0,-0.01,0.0,0.0,0.0,0.0,0.0,0.0,0.0,0.0,0.0,0.0
GoldS210,XAUUSDc,261,-2.4007,-7.202,2,-0.1045,0.0,500,16.8,1,7,0,0.01,1.9,2.0,0.0,0.0,15,1,-25.255,28,0,2,0,0.2,0.0,0.0,0.0,0.0,0.0,1.972,6.271,-3.999,-4.0,-3.0,-6.0,23.763,-1.01,-2.0,-0.005,-4.003,-3.0,-5.0,-4.0,-4.0,0.712,0.997,-3.025,-6.0,0.278,-2.015,-2.067,-4.0,9.814,-5.0,-4.0,-4.0,-0.014,5.566,2.825,1.028,-6.999,2.734,-3.0,0.97,1.511,-2.999,-6.0,-2.0,-2.999,-4.0,-3.0,-2.843,13.033,-2.014,4.916,-1.004,-6.0,-1.014,-1.0,1.549,-4.0,-0.888,0.957,1.99,6.369,-4.001,-3.0,19.892,-4.0,1.547,-4.0,22.799,0.991,8.18,2.674,1.717,-3.999,13.008,-3.0,-4.0,-4.0,-0.002,-2.005,-5.0,-4.0,-0.001,-3.999,-0.009,1.991,1.197,-1.0,-5.999,-5.0,1.524,-4.0,-1.142,-2.02,-2.006,-5.0,-0.507,-3.0,-6.0,-4.0,1.316,0.0,-0.11,-2.0,-2.0,-2.076,0.953,4.649,-4.0,-2.0,14.797,-6.0,-4.0,5.444,13.021,9.325,11.926,-6.0,5.376,-4.0,-0.01,0.0,0.0,0.0,0.0,0.0,0.0,0.0,0.0,0.0,0.0
GoldS210,XAUUSDc,285,-7.0557,-21.167,2,-0.4068,0.0,444,20.045,1,7,0,0.01,1.9,2.0,0.0,1.0,15,1,-37.016,24,0,2,0,0.2,0.0,0.0,0.0,0.0,0.0,1.972,-2.01,-4.0,-0.01,-1.003,-4.0,0.938,-0.01,-3.0,-0.005,-4.002,-2.0,-1.999,0.924,-3.0,1.712,0.997,-2.025,-2.0,-1.058,-0.015,-5.0,-4.0,9.814,-3.0,-4.0,-4.0,-1.014,7.566,-2.011,1.028,-5.999,2.734,-0.083,0.97,-3.0,3.411,0.986,-1.0,-3.0,-3.0,-4.0,4.755,3.119,-2.014,-4.001,-0.004,-6.0,-1.014,-1.0,1.321,-4.0,-0.032,3.135,6.501,6.02,-3.001,-3.0,-0.061,-3.999,-2.023,-4.0,22.799,0.991,4.978,3.14,1.717,-3.0,13.008,-3.0,-2.0,-2.0,-1.002,-2.005,-4.0,-4.0,-0.001,-4.0,-0.009,1.243,1.197,-1.0,-3.021,-5.0,10.999,-4.0,-1.022,-1.021,4.159,-5.0,-0.507,-2.0,-3.0,-2.032,6.635,0.0,-0.11,-2.0,1.484,-2.076,0.953,-1.049,-4.0,-2.0,14.797,-5.999,-1.018,5.313,-2.042,2.469,5.993,-4.999,6.441,-4.0,1.92,0.0,0.0,0.0,0.0,0.0,0.0,0.0,0.0,0.0,0.0
GoldS210,XAUUSDc,131,-15.0977,-45.293,2,-0.6751,0.0,474,13.2911,1,11,0,0.01,1.9,2.5,0.0,0.5,15,1,-86.712,23,0,2,0,0.0,0.0,0.0,0.0,0.0,0.0,-1.0,-2.51,-4.0,-4.0,-3.0,-6.0,-1.5,0.488,-4.0,0.494,-3.503,-3.0,-5.0,-4.0,-3.0,-4.0,1.982,-5.0,-5.0,8.326,-2.519,-3.999,8.086,11.478,0.534,-4.0,-4.0,-1.517,8.16,-1.513,-6.0,-6.0,-1.515,4.704,-1.524,-3.0,1.311,2.84,-2.0,-2.999,-4.0,-3.0,-0.746,-3.647,-5.0,51.273,-4.0,-6.0,-4.0,-1.0,3.532,-4.0,2.418,3.837,1.442,3.602,-1.501,-4.0,-1.999,-5.0,-1.529,-4.0,1.322,1.558,19.531,2.901,-2.999,-2.999,16.859,-2.999,-4.0,-4.0,0.498,-1.506,-4.0,-4.0,4.095,-4.0,-2.999,5.323,0.461,-1.0,-2.528,-5.999,-1.51,-4.0,0.163,-2.526,-4.0,-5.0,4.243,-2.0,-3.999,0.896,2.54,0.0,0.852,-2.0,-2.0,-1.593,1.441,5.116,-4.0,-2.0,-1.512,-6.0,-5.0,13.086,-6.0,-3.0,-3.0,11.093,3.061,-5.0,4.851,0.0,0.0,0.0,0.0,0.0,0.0,0.0,0.0,0.0,0.0
GoldS210,XAUUSDc,500,-2.7885,-5.577,3,-0.0843,0.0,436,13.9908,1,5,0,0.01,1.9,2.5,0.0,1.0,15,1,-40.269,23,0,2,0,0.4,0.0,0.0,0.0,0.0,0.0,-1.0,20.158,-4.0,-3.0,-0.504,-4.0,-0.501,0.488,-3.0,1.787,-3.503,-2.0,-2.0,4.255,-3.0,-3.0,2.791,-5.0,-1.0,30.692,-0.519,-4.0,-3.0,11.613,-3.0,-4.0,-4.0,-0.517,-4.0,-1.513,-7.0,-5.0,0.08,0.413,-1.523,-3.0,-3.0,1.482,-1.0,-3.0,-3.0,-4.0,6.142,5.515,-5.0,-1.199,-4.0,-6.0,-4.0,-1.0,-4.51,-4.0,1.461,-3.0,10.058,8.636,-2.501,-3.0,-2.0,-4.999,-0.529,-4.0,13.264,7.72,11.164,4.926,7.452,-3.0,0.472,-3.0,-2.0,-2.0,-0.502,-1.506,-4.0,-3.0,3.017,13.792,-3.0,3.732,2.302,-1.0,-2.528,-5.0,19.734,-4.0,-0.527,-0.526,6.368,-4.999,2.605,-2.0,-2.999,-1.536,-4.0,0.0,0.852,-2.0,2.191,-1.593,2.683,-0.561,-4.0,-2.0,-5.0,-6.0,-3.0,14.15,-5.0,-4.0,-4.0,-5.0,-0.504,-3.999,10.526,0.0,0.0,0.0,0.0,0.0,0.0,0.0,0.0,0.0,0.0
GoldS210,XAUUSDc,751,-1.1807,-3.542,2,-0.1472,0.0,477,50.1048,1,11,0,0.01,1.7,1.0,0.0,1.0,15,1,-4.542,0,0,2,0,0.8,0.0,0.0,0.0,0.0,0.0,0.986,-1.008,-1.022,0.986,-0.015,-2.003,0.941,0.977,-1.047,-0.009,-4.001,-0.165,0.934,0.755,-3.0,-2.068,-1.071,1.979,-0.125,0.93,0.932,1.982,1.99,-2.012,-2.007,-0.059,-4.0,-0.049,-2.008,-0.061,2.89,1.99,0.968,-1.077,0.978,-3.0,0.935,-0.007,-1.0,-1.002,-0.001,-4.0,2.891,-1.147,-3.007,2.948,1.942,-2.016,-2.007,-1.0,-4.009,-2.007,2.922,-1.054,0.96,3.819,0.967,-3.0,1.955,-0.088,-1.026,0.962,4.953,0.99,-0.023,2.984,1.936,-0.016,3.977,-0.018,-1.103,-1.0,-1.001,-3.002,1.973,-1.059,1.985,-2.0,-0.046,-0.023,-1.015,-1.0,0.918,-1.034,0.946,-4.0,-2.011,1.926,-2.048,-2.017,3.922,-0.006,4.907,-2.004,1.965,0.0,-0.068,-2.0,0.941,-1.09,-0.023,-0.029,-0.019,0.973,3.924,-2.034,-2.007,-0.022,2.932,-2.055,-0.032,-0.097,1.965,-0.008,1.91,0.0,0.0,0.0,0.0,0.0,0.0,0.0,0.0,0.0,0.0
GoldS210,XAUUSDc,299,28.3033,42.455,4,0.753,97.56,477,14.4654,1,11,0,0.01,1.9,2.5,0.0,0.0,15,1,1.036,29,0,2,0,0.2,0.0,0.0,0.0,0.0,0.0,-1.0,15.871,-4.0,-4.0,-3.0,-6.0,-1.501,-0.512,-3.0,0.494,-3.502,-3.0,-4.999,-4.0,-4.0,-0.499,1.982,-4.0,-1.451,-0.317,-2.519,-3.0,7.086,12.478,0.534,-4.0,-4.0,0.483,11.861,-0.513,-6.0,-6.0,-1.515,4.704,-1.523,-4.0,1.311,2.84,-2.0,-3.0,-4.0,-3.0,-2.287,9.282,-5.0,51.273,-4.0,-6.0,-4.0,-1.0,3.853,-4.0,0.498,3.681,3.57,10.522,-2.501,-4.0,7.058,-4.0,3.973,-4.0,1.323,1.558,19.531,1.526,-2.999,-3.999,16.859,-3.0,-4.0,-4.0,0.498,-1.506,-4.0,-5.0,4.095,-3.999,-2.999,5.752,0.461,-1.0,-2.528,0.83,-1.51,-4.0,0.163,-2.526,-1.508,-5.0,4.243,-3.0,-4.999,0.896,2.54,0.0,0.852,-2.0,-2.0,-1.593,1.441,5.116,-4.0,-2.0,-1.512,-6.0,-4.0,4.923,14.112,-3.0,-3.0,24.787,3.061,-5.0,4.851,0.0,0.0,0.0,0.0,0.0,0.0,0.0,0.0,0.0,0.0
GoldS210,XAUUSDc,236,-9.913,-29.739,2,-0.3925,0.0,505,22.7723,1,5,0,0.01,1.9,1.5,0.0,0.5,15,1,-55.183,19,0,2,0,0.2,0.0,0.0,0.0,0.0,0.0,1.479,3.666,-4.0,-1.508,-3.0,-6.0,9.037,-0.507,-3.0,-0.002,-4.501,-3.0,-5.0,-4.0,-3.0,-2.157,-0.795,-3.519,-1.925,-5.0,-0.879,-1.941,-4.0,0.96,-5.0,-4.0,-4.0,-2.51,-2.511,0.514,8.91,-6.0,1.089,1.512,11.554,-3.0,-0.515,-5.0,-2.0,-2.999,-4.0,-3.0,-3.563,3.221,-2.51,17.664,-1.503,-6.0,-1.511,-1.0,-3.014,0.594,-1.194,-4.0,0.486,12.508,-1.007,-3.0,7.535,-4.0,-0.565,2.541,1.415,0.493,-0.076,4.358,11.939,2.269,7.962,5.632,-4.0,-4.0,-0.501,-2.503,-1.509,9.166,5.661,21.444,0.944,0.09,0.093,-1.0,-6.0,2.74,-2.505,-4.0,-1.123,0.351,-0.632,-2.502,-0.068,-3.0,1.544,-4.0,1.427,0.0,1.399,-2.0,-3.0,-2.559,0.465,-3.536,-1.526,-0.539,2.848,-6.0,-5.0,7.306,-1.04,1.104,0.218,-6.0,1.791,-4.0,2.087,0.0,0.0,0.0,0.0,0.0,0.0,0.0,0.0,0.0,0.0
GoldS210,XAUUSDc,805,-4.7613,-14.284,2,-0.2862,0.0,458,23.3624,1,7,0,0.01,1.5,2.0,0.0,0.5,15,1,-20.781,8,0,2,0,0.8,0.0,0.0,0.0,0.0,0.0,1.972,5.139,-4.0,-0.01,-4.0,-5.0,6.546,-0.01,-3.0,-0.005,-3.003,-2.0,-3.0,-4.0,-3.0,1.541,4.919,-4.0,-0.839,0.421,2.474,0.579,1.025,0.346,-5.0,-4.0,-4.0,-0.014,0.976,7.747,0.334,-1.589,0.243,-3.0,0.972,-3.0,1.629,-4.0,-3.0,0.416,-3.0,-4.0,4.364,3.562,-2.014,9.348,-1.004,-6.0,-1.014,-1.0,0.226,-3.999,-2.148,-3.0,-0.053,9.212,-2.001,-3.0,-0.062,-4.0,-3.023,-4.0,11.612,0.991,5.228,2.379,2.162,-3.0,4.886,-3.0,0.0,-5.0,-0.002,-2.005,1.849,2.058,-0.001,7.55,-0.009,4.049,1.197,-1.0,-6.0,-5.0,11.041,-4.0,-0.198,3.646,-0.014,-5.0,-1.378,-2.0,-4.0,-4.0,4.922,0.0,-0.11,-2.0,-2.0,-2.076,0.953,2.223,4.486,-2.0,10.921,-6.0,-4.0,3.062,1.906,3.575,4.13,-5.0,6.489,-3.0,-1.009,0.0,0.0,0.0,0.0,0.0,0.0,0.0,0.0,0.0,0.0
GoldS210,XAUUSDc,549,1.9367,5.81,2,0.1818,45.47,513,44.2495,1,7,0,0.01,1.9,1.0,0.0,0.0,15,1,3.168,0,0,2,0,0.6,0.0,0.0,0.0,0.0,0.0,0.986,-2.007,-0.398,2.169,-1.108,-0.72,3.439,0.876,-0.047,0.889,-4.001,0.87,0.258,-4.0,-3.007,-4.002,-3.005,2.693,-0.474,1.286,-0.025,1.214,3.008,-2.012,-5.0,-1.228,-4.0,1.635,-2.008,-0.197,4.759,4.852,0.968,-3.0,2.03,-2.009,-1.01,-1.007,-2.0,0.996,0.172,-4.0,1.381,1.406,-3.007,5.707,-0.009,-2.016,-2.007,-1.0,-3.967,-2.007,-2.036,-1.998,0.449,5.751,1.294,-3.0,4.244,1.15,-0.058,1.218,6.072,-1.004,0.966,4.42,3.472,-0.282,5.082,-0.018,-2.006,-3.999,-1.001,-3.002,1.973,-1.899,0.799,-0.889,0.611,0.632,-1.015,-1.0,1.496,-0.336,2.825,-4.0,-1.613,3.865,-3.003,-2.017,3.922,0.717,0.798,-2.004,1.294,0.0,-0.068,-2.0,1.911,-3.042,-0.023,2.631,-0.019,0.973,4.732,-0.433,-4.0,0.038,2.664,0.034,1.003,0.631,3.397,-0.008,3.203,0.0,0.0,0.0,0.0,0.0,0.0,0.0,0.0,0.0,0.0
GoldS210,XAUUSDc,20,-1.239,-3.717,2,-0.0897,0.0,517,39.6518,1,5,0,0.01,1.9,1.0,0.0,0.5,15,1,-16.41,6,0,2,0,0.0,0.0,0.0,0.0,0.0,0.0,0.986,-2.007,0.168,-0.014,-3.0,-3.999,-1.01,3.047,-1.047,-0.009,-4.001,-3.0,-5.0,-4.0,-3.0,9.691,-0.6,2.484,-3.02,1.539,0.658,3.257,2.314,-2.012,-5.0,-4.0,-4.0,-1.01,-3.008,-0.431,6.217,1.108,2.495,-0.048,4.205,-3.0,-1.01,-1.007,-2.0,0.996,-0.858,-3.0,-3.062,2.267,-3.007,5.849,-0.009,-2.016,-2.007,-1.0,-4.009,-2.007,-0.52,-4.0,-0.009,12.885,-1.004,-3.0,3.74,6.317,-0.026,0.962,3.549,-1.004,-2.012,2.984,5.898,1.682,4.27,2.108,-2.006,-4.0,-1.001,-3.002,1.973,0.944,7.771,-2.0,-0.046,-0.023,-1.015,-1.0,1.751,3.169,-3.004,-4.0,-1.766,3.211,-3.003,-2.017,3.922,-3.0,6.967,-2.004,-1.029,0.0,-0.068,-2.0,-1.037,-3.042,-0.023,-0.055,-0.019,0.973,1.927,-2.727,-5.0,-0.022,7.468,-0.101,1.006,0.261,-0.033,1.643,2.447,0.0,0.0,0.0,0.0,0.0,0.0,0.0,0.0,0.0,0.0
GoldS210,XAUUSDc,473,9.3885,18.777,3,0.3316,131.58,477,13.4172,1,7,0,0.01,1.7,2.5,0.0,0.0,15,1,-5.929,27,0,2,0,0.4,0.0,0.0,0.0,0.0,0.0,-1.0,10.22,-4.0,-4.0,-3.0,-5.0,-0.501,-0.512,-2.0,0.494,-3.503,-3.0,-5.0,-4.0,-4.0,6.641,2.791,-4.0,-0.94,1.262,-1.519,-1.193,-4.0,12.779,-5.0,-4.0,-4.0,0.483,7.68,-1.513,3.698,3.094,4.434,-3.0,-1.524,3.994,-3.0,-5.0,-3.0,-2.999,-4.0,-3.0,1.649,10.597,-5.0,-3.501,-4.0,-6.0,-4.0,-1.0,7.666,-4.0,-1.539,9.236,2.788,10.402,-3.501,-3.0,-2.0,4.508,3.914,-4.0,18.682,0.546,15.859,3.963,-3.0,-4.0,12.394,-3.0,-4.0,-4.0,0.498,-1.506,-4.0,-5.0,2.818,21.706,-3.0,5.984,2.302,-1.0,-6.0,-5.0,24.51,-4.0,-0.406,-1.525,-1.508,-5.0,4.215,-3.0,-5.999,-4.0,-5.0,0.0,0.852,-2.0,-2.0,-1.593,2.683,-2.561,-4.0,-2.0,-4.0,-6.0,-4.0,9.303,11.848,-3.0,-3.0,5.476,3.537,-3.0,7.114,0.0,0.0,0.0,0.0,0.0,0.0,0.0,0.0,0.0,0.0
GoldS210,XAUUSDc,302,3.739,11.217,2,0.1228,639.56,478,12.3431,1,9,0,0.01,1.5,2.5,0.0,0.5,15,1,-60.523,20,0,2,0,0.2,0.0,0.0,0.0,0.0,0.0,-1.0,32.259,-4.0,-4.0,-3.0,-6.0,-1.501,0.488,-4.0,0.494,-3.503,-3.0,-5.0,-4.0,-3.0,-4.0,1.644,-5.0,-5.0,8.326,-1.519,-5.0,-3.0,11.478,0.533,-4.0,-4.0,-1.517,7.521,-1.513,3.668,-7.0,-1.515,-3.0,-1.523,-3.0,-3.0,-3.999,-2.0,-2.999,-4.0,-3.0,-0.747,-3.647,-4.999,70.239,-4.0,-6.0,-4.0,-1.0,3.532,-4.0,2.418,3.838,1.442,10.656,-2.501,-3.0,-1.999,-5.0,-1.529,-4.0,9.181,1.546,19.897,2.901,-2.999,-2.999,46.864,-2.999,-4.0,-4.0,0.498,-1.506,-4.0,-4.0,4.095,-4.0,-2.999,1.004,2.302,-1.0,1.398,-6.0,-1.51,-4.0,0.163,-2.526,-1.508,-5.0,0.471,-2.0,-3.999,0.896,-0.649,0.0,0.852,-2.0,-3.0,-1.593,1.441,7.282,-4.0,-2.0,-3.999,-6.0,-5.0,-0.536,-6.0,-3.0,-3.0,9.751,3.121,-4.0,2.851,0.0,0.0,0.0,0.0,0.0,0.0,0.0,0.0,0.0,0.0
GoldS210,XAUUSDc,208,-1.1807,-3.542,2,-0.1472,0.0,477,50.1048,1,5,0,0.01,1.7,1.0,0.0,1.0,15,1,-4.542,0,0,2,0,0.2,0.0,0.0,0.0,0.0,0.0,0.986,-1.008,-1.022,0.986,-0.015,-2.003,0.941,0.977,-1.047,-0.009,-4.001,-0.165,0.934,0.755,-3.0,-2.068,-1.071,1.979,-0.125,0.93,0.932,1.982,1.99,-2.012,-2.007,-0.059,-4.0,-0.049,-2.008,-0.061,2.89,1.99,0.968,-1.077,0.978,-3.0,0.935,-0.007,-1.0,-1.002,-0.001,-4.0,2.891,-1.147,-3.007,2.948,1.942,-2.016,-2.007,-1.0,-4.009,-2.007,2.922,-1.054,0.96,3.819,0.967,-3.0,1.955,-0.088,-1.026,0.962,4.953,0.99,-0.023,2.984,1.936,-0.016,3.977,-0.018,-1.103,-1.0,-1.001,-3.002,1.973,-1.059,1.985,-2.0,-0.046,-0.023,-1.015,-1.0,0.918,-1.034,0.946,-4.0,-2.011,1.926,-2.048,-2.017,3.922,-0.006,4.907,-2.004,1.965,0.0,-0.068,-2.0,0.941,-1.09,-0.023,-0.029,-0.019,0.973,3.924,-2.034,-2.007,-0.022,2.932,-2.055,-0.032,-0.097,1.965,-0.008,1.91,0.0,0.0,0.0,0.0,0.0,0.0,0.0,0.0,0.0,0.0
GoldS210,XAUUSDc,251,-7.565,-22.695,2,-0.533,0.0,452,31.6372,1,11,0,0.01,1.9,1.5,0.0,1.0,15,1,-30.698,7,0,2,0,0.2,0.0,0.0,0.0,0.0,0.0,1.479,6.495,-4.0,-0.508,-1.502,-5.0,2.429,-0.507,-3.0,-0.504,-4.502,4.965,-2.0,-0.555,-3.0,-3.503,-1.251,3.54,6.954,-1.554,2.421,-1.478,2.258,-0.04,-1.511,-1.515,-4.0,-1.51,-1.511,-0.066,0.796,-5.0,-0.017,-0.58,2.469,-3.0,3.714,0.489,-1.0,-3.0,-3.0,-4.0,0.888,-3.15,-2.51,3.981,0.946,-1.609,-1.511,-1.0,-3.014,-1.51,1.933,1.291,1.439,2.355,-1.007,-3.0,3.442,-3.999,1.716,-0.038,5.794,0.493,3.169,1.986,4.166,-0.525,3.467,0.319,-2.0,-2.0,-1.501,-2.503,-1.509,-1.529,1.994,-0.598,0.944,-1.025,-0.523,-1.0,-3.517,1.208,2.419,-4.0,-1.516,2.687,-1.552,-2.502,1.123,-2.0,3.087,-4.0,3.448,0.0,1.399,-2.0,0.794,1.816,0.465,-0.536,-1.526,-0.539,10.604,-3.519,-3.0,0.966,-0.041,-1.56,3.076,-2.546,4.418,-4.0,-0.508,0.0,0.0,0.0,0.0,0.0,0.0,0.0,0.0,0.0,0.0
GoldS210,XAUUSDc,340,-0.0,-175.663,0,-0.8874,0.0,490,7.1429,1,5,0,0.01,1.7,3.0,0.0,0.5,15,1,-219.684,16,0,2,0,0.2,0.0,0.0,0.0,0.0,0.0,-1.0,-2.013,-4.0,-4.0,-3.0,-6.0,-0.001,0.986,-3.0,-3.0,-3.003,-3.0,-5.0,-4.0,-3.0,-5.0,4.584,-6.0,-6.0,-5.0,-5.999,-3.999,-5.0,42.021,-5.0,-4.0,-4.0,-4.999,-5.0,-2.016,-7.0,-6.0,8.525,6.191,-1.028,-3.0,-3.0,-5.0,-2.0,-2.999,-4.0,-3.0,-5.999,13.954,-5.0,-7.0,-4.0,-6.0,-4.0,-1.0,-4.011,-4.0,3.724,-4.0,1.938,0.829,-0.646,-3.0,-2.0,-5.0,-4.999,-4.0,-5.999,19.488,-6.0,6.71,15.755,-2.999,-2.999,-3.0,-4.0,-4.0,0.997,-1.007,-4.0,-4.0,-3.0,-4.0,-3.0,7.055,3.407,-1.0,-6.0,-5.0,3.936,-4.0,0.805,-6.0,4.886,-4.999,-5.0,-3.0,-5.0,-4.0,-5.0,0.0,4.002,-2.0,-3.0,-4.0,22.034,-2.073,-4.0,-2.0,-5.0,-6.0,-5.0,-3.999,-5.999,-3.0,-4.0,-6.0,-4.0,-4.0,21.296,0.0,0.0,0.0,0.0,0.0,0.0,0.0,0.0,0.0,0.0
GoldS210,XAUUSDc,794,-5.0053,-15.016,2,-0.283,0.0,457,23.6324,1,9,0,0.01,1.5,2.0,0.0,0.0,15,1,-21.402,8,0,2,0,0.8,0.0,0.0,0.0,0.0,0.0,1.972,5.393,-4.0,1.249,-4.0,-5.0,7.547,-0.01,-3.0,-0.005,-3.002,-2.0,-2.999,-4.0,-3.0,2.386,-0.387,-4.0,-5.0,-0.886,2.474,3.885,1.437,0.134,-0.332,-4.0,-4.0,-0.014,0.944,4.935,1.028,-5.999,-1.012,-3.0,0.97,-3.0,1.78,1.081,-2.0,0.524,-3.0,-4.0,2.826,2.703,-2.014,7.492,-1.004,-6.0,-1.014,-1.0,0.161,-4.0,-2.214,1.587,0.862,4.445,-3.001,-3.0,0.718,-4.0,-1.331,-4.0,11.6,0.991,4.898,0.985,0.986,-3.0,4.886,-3.0,0.0,-5.0,-0.002,-2.005,0.855,2.695,-0.001,8.022,-0.009,3.63,1.197,-1.0,-1.538,-0.887,8.232,-4.0,-0.48,1.435,-2.006,-5.0,-1.378,-2.0,-4.0,-0.987,4.922,0.0,-0.11,-2.0,-2.0,-2.076,0.953,2.223,4.486,-2.0,10.592,-6.0,-4.0,2.086,3.813,3.048,4.412,-5.0,7.217,-3.0,-1.01,0.0,0.0,0.0,0.0,0.0,0.0,0.0,0.0,0.0,0.0
GoldS210,XAUUSDc,274,14.0887,21.133,4,0.3499,178.31,488,17.8279,1,9,0,0.01,1.9,2.0,0.0,0.5,15,1,-16.55,21,0,2,0,0.2,0.0,0.0,0.0,0.0,0.0,1.972,20.216,-4.0,-1.01,-3.0,-6.0,-2.001,-0.01,-4.0,-0.005,-4.003,-3.0,0.545,-4.0,-3.0,29.192,0.211,-2.025,-5.0,5.174,-2.015,1.403,-3.0,2.504,-0.332,-4.0,-4.0,-2.014,3.262,-2.011,1.007,-7.0,-2.012,-3.0,0.971,-3.0,-3.0,-3.999,-2.0,-2.999,-4.0,-3.0,-3.065,-3.161,-2.014,41.379,-1.004,-6.0,-1.014,-1.0,0.414,-4.0,0.112,1.022,0.947,6.562,-3.001,-3.0,-0.061,-4.0,-3.023,-4.0,17.579,0.991,8.022,0.985,-0.014,-2.999,13.008,-2.999,-4.0,-4.0,-0.002,-2.005,-4.0,-4.0,-0.001,-4.0,-0.009,13.295,1.197,-1.0,-0.269,-6.0,-2.008,-4.0,-0.48,3.203,-2.006,-5.0,-0.507,-2.0,-3.999,-0.162,4.981,0.0,-0.11,-2.0,-3.0,-2.076,0.953,5.997,-4.0,-2.0,28.594,-6.0,-5.0,1.955,1.006,6.495,8.299,-6.0,10.115,-4.0,-2.01,0.0,0.0,0.0,0.0,0.0,0.0,0.0,0.0,0.0,0.0
GoldS210,XAUUSDc,541,1.9367,5.81,2,0.1818,45.47,513,44.2495,1,7,0,0.01,1.5,1.0,0.0,0.0,15,1,3.168,0,0,2,0,0.6,0.0,0.0,0.0,0.0,0.0,0.986,-2.007,-0.398,2.169,-1.108,-0.72,3.439,0.876,-0.047,0.889,-4.001,0.87,0.258,-4.0,-3.007,-4.002,-3.005,2.693,-0.474,1.286,-0.025,1.214,3.008,-2.012,-5.0,-1.228,-4.0,1.635,-2.008,-0.197,4.759,4.852,0.968,-3.0,2.03,-2.009,-1.01,-1.007,-2.0,0.996,0.172,-4.0,1.381,1.406,-3.007,5.707,-0.009,-2.016,-2.007,-1.0,-3.967,-2.007,-2.036,-1.998,0.449,5.751,1.294,-3.0,4.244,1.15,-0.058,1.218,6.072,-1.004,0.966,4.42,3.472,-0.282,5.082,-0.018,-2.006,-3.999,-1.001,-3.002,1.973,-1.899,0.799,-0.889,0.611,0.632,-1.015,-1.0,1.496,-0.336,2.825,-4.0,-1.613,3.865,-3.003,-2.017,3.922,0.717,0.798,-2.004,1.294,0.0,-0.068,-2.0,1.911,-3.042,-0.023,2.631,-0.019,0.973,4.732,-0.433,-4.0,0.038,2.664,0.034,1.003,0.631,3.397,-0.008,3.203,0.0,0.0,0.0,0.0,0.0,0.0,0.0,0.0,0.0,0.0
GoldS210,XAUUSDc,166,2.3467,14.08,1,0.1312,605.3,473,9.3023,1,9,0,0.01,1.9,3.0,0.0,0.5,15,1,-71.146,21,0,2,0,0.0,0.0,0.0,0.0,0.0,0.0,-1.0,50.338,-4.0,-4.0,-3.0,-6.0,-1.001,0.986,-4.0,-3.0,-3.004,-3.0,-5.0,-4.0,-3.0,-5.0,3.076,-5.0,-5.0,11.479,-4.999,-5.0,-3.999,23.978,-4.0,-4.0,-4.0,-5.0,11.782,-1.016,-4.0,-7.0,5.558,-3.0,-1.028,-3.0,-3.0,-3.999,-2.0,-2.999,-4.0,-3.0,-5.999,-3.153,-4.999,-5.0,-5.0,-6.0,-4.0,-1.0,8.789,-3.999,3.724,6.292,1.938,14.044,-2.001,-3.0,-1.999,-5.0,-5.0,-4.0,-5.999,2.066,45.896,5.92,-2.999,-2.999,83.227,-2.999,-4.0,-4.0,0.997,-1.007,-4.0,-4.0,-3.0,-4.0,-2.999,2.914,3.407,-1.0,4.066,-6.0,-1.012,-4.0,0.805,-6.0,-1.01,-5.0,4.97,-2.0,-3.999,1.954,0.037,0.0,3.42,-2.0,-3.0,-4.0,8.04,10.006,-4.0,-2.0,-3.999,-6.0,-5.0,-4.0,-5.999,-3.0,-3.0,-5.999,4.386,-4.0,6.2,0.0,0.0,0.0,0.0,0.0,0.0,0.0,0.0,0.0,0.0
GoldS210,XAUUSDc,394,-1.1807,-3.542,2,-0.1472,0.0,477,50.1048,1,9,0,0.01,1.9,1.0,0.0,1.0,15,1,-4.542,0,0,2,0,0.4,0.0,0.0,0.0,0.0,0.0,0.986,-1.008,-1.022,0.986,-0.015,-2.003,0.941,0.977,-1.047,-0.009,-4.001,-0.165,0.934,0.755,-3.0,-2.068,-1.071,1.979,-0.125,0.93,0.932,1.982,1.99,-2.012,-2.007,-0.059,-4.0,-0.049,-2.008,-0.061,2.89,1.99,0.968,-1.077,0.978,-3.0,0.935,-0.007,-1.0,-1.002,-0.001,-4.0,2.891,-1.147,-3.007,2.948,1.942,-2.016,-2.007,-1.0,-4.009,-2.007,2.922,-1.054,0.96,3.819,0.967,-3.0,1.955,-0.088,-1.026,0.962,4.953,0.99,-0.023,2.984,1.936,-0.016,3.977,-0.018,-1.103,-1.0,-1.001,-3.002,1.973,-1.059,1.985,-2.0,-0.046,-0.023,-1.015,-1.0,0.918,-1.034,0.946,-4.0,-2.011,1.926,-2.048,-2.017,3.922,-0.006,4.907,-2.004,1.965,0.0,-0.068,-2.0,0.941,-1.09,-0.023,-0.029,-0.019,0.973,3.924,-2.034,-2.007,-0.022,2.932,-2.055,-0.032,-0.097,1.965,-0.008,1.91,0.0,0.0,0.0,0.0,0.0,0.0,0.0,0.0,0.0,0.0
GoldS210,XAUUSDc,506,-7.7475,-15.495,3,-0.2006,0.0,467,10.2784,1,9,0,0.01,1.5,3.0,0.0,0.0,15,1,-56.493,26,0,2,0,0.4,0.0,0.0,0.0,0.0,0.0,-1.0,22.307,-4.0,-4.0,-3.0,-5.0,-0.001,-0.013,-3.0,-3.0,-3.004,-3.0,-5.0,-4.0,-4.0,-6.0,3.076,-5.0,-5.0,0.252,-4.999,-5.0,-4.0,22.039,-4.0,-4.0,-4.0,-5.0,10.782,-0.016,-5.0,-6.0,5.356,-3.0,-1.029,13.645,-3.0,7.796,-2.0,-2.999,-4.0,-3.0,2.868,3.021,-4.999,-5.0,-4.999,-6.0,-4.0,-1.0,9.203,-4.0,1.422,6.071,4.19,11.92,-3.001,-3.0,-2.0,-5.0,-4.0,-4.0,-3.997,1.066,36.998,2.099,-3.0,-4.0,32.756,-2.999,-4.0,-4.0,0.997,-1.007,-4.0,-5.0,-3.0,29.624,-3.0,1.624,3.407,-1.0,4.066,-6.0,-0.012,-4.0,0.805,-6.0,-1.01,-5.0,4.97,-2.0,-4.999,1.954,0.037,0.0,3.42,-2.0,-2.0,-4.0,7.36,8.87,-4.0,-2.0,-4.0,-5.999,-4.0,-4.0,-4.0,-3.0,-3.0,-6.0,4.386,-3.0,5.201,0.0,0.0,0.0,0.0,0.0,0.0,0.0,0.0,0.0,0.0
GoldS210,XAUUSDc,612,-31.1365,-62.273,3,-0.6493,0.0,485,17.9381,1,5,0,0.01,1.5,2.0,0.0,0.0,15,1,-75.687,23,0,2,0,0.6,0.0,0.0,0.0,0.0,0.0,1.972,5.556,-4.0,2.587,-4.0,-5.0,3.897,-1.01,-2.0,0.893,-4.002,-2.0,-3.0,-4.0,-5.0,0.051,0.72,-4.0,0.202,2.557,-3.015,-0.035,3.307,1.61,-5.0,-4.0,-4.0,-0.014,-5.0,2.357,-6.0,-5.0,-0.942,2.175,0.97,1.336,-3.0,-5.0,-3.0,-3.0,-3.0,-4.0,5.359,0.76,-2.014,3.656,-1.004,-6.0,-1.014,-1.0,-4.78,-4.0,-6.0,0.454,2.549,4.146,-3.001,-3.0,-3.0,-4.0,-1.07,-0.79,10.897,0.991,1.346,2.528,2.799,-3.999,5.734,-2.999,-4.0,-4.0,-0.002,-2.005,3.591,10.414,2.383,6.281,-0.009,1.13,1.197,-1.0,-6.0,-5.0,10.82,-4.0,-0.48,3.473,0.361,-5.0,-2.063,-2.0,-6.0,-4.0,8.778,0.0,-0.11,-2.0,-2.0,-2.076,0.953,2.675,-4.0,-2.0,13.258,-6.0,-5.0,4.657,4.091,3.405,7.339,-5.0,-1.044,-3.0,-1.01,0.0,0.0,0.0,0.0,0.0,0.0,0.0,0.0,0.0,0.0
GoldS210,XAUUSDc,277,-7.0557,-21.167,2,-0.4068,0.0,444,20.045,1,7,0,0.01,1.5,2.0,0.0,1.0,15,1,-37.016,24,0,2,0,0.2,0.0,0.0,0.0,0.0,0.0,1.972,-2.01,-4.0,-0.01,-1.003,-4.0,0.938,-0.01,-3.0,-0.005,-4.002,-2.0,-1.999,0.924,-3.0,1.712,0.997,-2.025,-2.0,-1.058,-0.015,-5.0,-4.0,9.814,-3.0,-4.0,-4.0,-1.014,7.566,-2.011,1.028,-5.999,2.734,-0.083,0.97,-3.0,3.411,0.986,-1.0,-3.0,-3.0,-4.0,4.755,3.119,-2.014,-4.001,-0.004,-6.0,-1.014,-1.0,1.321,-4.0,-0.032,3.135,6.501,6.02,-3.001,-3.0,-0.061,-3.999,-2.023,-4.0,22.799,0.991,4.978,3.14,1.717,-3.0,13.008,-3.0,-2.0,-2.0,-1.002,-2.005,-4.0,-4.0,-0.001,-4.0,-0.009,1.243,1.197,-1.0,-3.021,-5.0,10.999,-4.0,-1.022,-1.021,4.159,-5.0,-0.507,-2.0,-3.0,-2.032,6.635,0.0,-0.11,-2.0,1.484,-2.076,0.953,-1.049,-4.0,-2.0,14.797,-5.999,-1.018,5.313,-2.042,2.469,5.993,-4.999,6.441,-4.0,1.92,0.0,0.0,0.0,0.0,0.0,0.0,0.0,0.0,0.0,0.0
GoldS210,XAUUSDc,191,-5.3345,-10.669,3,-0.2682,0.0,519,40.8478,1,11,0,0.01,1.9,1.0,0.0,0.0,15,1,-19.76,4,0,2,0,0.2,0.0,0.0,0.0,0.0,0.0,0.986,-0.891,-1.022,-2.009,-3.0,1.048,1.112,-0.023,-3.0,4.022,-4.0,-3.0,-2.146,-4.0,-3.007,-4.002,-3.005,4.646,-1.02,0.955,-0.025,2.273,0.315,-2.012,-3.006,-4.0,-4.0,1.35,-3.239,-0.542,3.429,9.335,0.968,-0.019,-1.015,-2.009,1.076,-2.002,-2.0,0.996,-0.809,-3.0,-0.6,5.732,-3.007,4.673,-0.009,-2.016,-2.007,-1.0,-3.967,-2.007,-1.298,-2.005,0.668,5.828,-2.004,-3.0,0.357,1.905,0.681,0.962,3.549,1.465,2.18,3.847,5.472,0.147,6.147,-0.018,-2.006,-4.0,-1.001,-3.002,1.973,-3.036,6.177,0.221,0.864,-0.023,-1.015,-1.0,0.918,-1.034,7.087,-4.0,-1.766,2.747,-3.003,-2.017,3.922,-3.0,4.451,-2.004,0.971,0.0,-0.068,-2.0,2.208,-3.042,-0.023,1.914,-0.019,0.973,1.927,-2.353,-4.0,0.038,1.932,0.51,3.282,-0.502,0.81,-0.008,-1.055,0.0,0.0,0.0,0.0,0.0,0.0,0.0,0.0,0.0,0.0
GoldS210,XAUUSDc,336,-0.0,-175.663,0,-0.8874,0.0,490,7.1429,1,5,0,0.01,1.5,3.0,0.0,0.5,15,1,-219.684,16,0,2,0,0.2,0.0,0.0,0.0,0.0,0.0,-1.0,-2.013,-4.0,-4.0,-3.0,-6.0,-0.001,0.986,-3.0,-3.0,-3.003,-3.0,-5.0,-4.0,-3.0,-5.0,4.584,-6.0,-6.0,-5.0,-5.999,-3.999,-5.0,42.021,-5.0,-4.0,-4.0,-4.999,-5.0,-2.016,-7.0,-6.0,8.525,6.191,-1.028,-3.0,-3.0,-5.0,-2.0,-2.999,-4.0,-3.0,-5.999,13.954,-5.0,-7.0,-4.0,-6.0,-4.0,-1.0,-4.011,-4.0,3.724,-4.0,1.938,0.829,-0.646,-3.0,-2.0,-5.0,-4.999,-4.0,-5.999,19.488,-6.0,6.71,15.755,-2.999,-2.999,-3.0,-4.0,-4.0,0.997,-1.007,-4.0,-4.0,-3.0,-4.0,-3.0,7.055,3.407,-1.0,-6.0,-5.0,3.936,-4.0,0.805,-6.0,4.886,-4.999,-5.0,-3.0,-5.0,-4.0,-5.0,0.0,4.002,-2.0,-3.0,-4.0,22.034,-2.073,-4.0,-2.0,-5.0,-6.0,-5.0,-3.999,-5.999,-3.0,-4.0,-6.0,-4.0,-4.0,21.296,0.0,0.0,0.0,0.0,0.0,0.0,0.0,0.0,0.0,0.0
GoldS210,XAUUSDc,125,-32.529,-97.587,2,-0.8242,0.0,488,10.8607,1,7,0,0.01,1.7,2.5,0.0,0.5,15,1,-123.221,20,0,2,0,0.0,0.0,0.0,0.0,0.0,0.0,-1.0,-2.51,-4.0,-4.0,-3.0,-6.0,-1.5,0.488,-3.0,0.494,-3.503,-3.0,-5.0,-4.0,-3.0,9.844,2.791,-6.0,-6.0,8.326,-1.519,-1.193,-4.0,19.612,-4.999,-4.0,-4.0,-1.517,14.42,-2.513,3.698,-7.0,3.434,-3.0,-1.524,-3.0,-2.999,-4.998,-2.0,-2.999,-4.0,-3.0,-5.999,6.209,-5.0,-3.501,-4.0,-6.0,-4.0,-1.0,-4.51,-4.0,2.418,-3.999,1.442,10.656,-2.501,-3.0,-1.999,-5.0,-1.529,-4.0,20.634,1.546,20.178,4.926,-3.0,-2.999,19.025,-3.0,-4.0,-4.0,0.498,-1.506,-3.999,-4.0,-2.999,-4.0,-3.0,3.97,2.302,-1.0,-6.0,-4.999,3.008,-4.0,-0.406,-1.526,4.546,-5.0,-5.0,-3.0,-5.0,-4.0,-5.0,0.0,0.852,-2.0,-3.0,-1.593,2.683,-2.56,-4.0,-2.0,-4.0,-6.0,-5.0,14.485,-6.0,-3.0,-3.0,3.075,3.807,-4.0,14.445,0.0,0.0,0.0,0.0,0.0,0.0,0.0,0.0,0.0,0.0
GoldS210,XAUUSDc,632,-23.5137,-70.541,2,-0.7012,0.0,481,18.2952,1,5,0,0.01,1.9,2.0,0.0,0.5,15,1,-80.212,22,0,2,0,0.6,0.0,0.0,0.0,0.0,0.0,1.972,5.227,-4.0,-0.01,-4.0,-5.0,3.198,-0.01,-3.0,0.893,-4.003,-2.0,-3.0,-4.0,-3.0,5.671,0.72,-4.0,0.202,2.268,-3.015,-1.066,3.307,1.609,-5.0,-4.0,-4.0,-0.014,-5.0,2.357,-7.0,-5.0,-0.942,2.175,0.97,-3.0,-3.0,-4.0,-3.0,-3.0,-3.0,-4.0,4.724,-1.011,-2.014,3.656,-1.004,-6.0,-1.014,-1.0,-5.008,-4.0,0.112,-4.0,0.947,3.788,-2.001,-3.0,-0.062,-4.0,-3.021,-4.0,17.928,0.991,0.17,3.117,2.799,-3.0,5.734,-2.999,-4.0,-4.0,-0.002,-2.005,3.591,6.512,2.383,6.281,-0.009,0.068,1.197,-1.0,-6.0,-5.0,8.649,-4.0,-0.48,3.439,0.361,-5.0,-2.063,-2.0,-5.0,-4.0,8.495,0.0,-0.11,-2.0,-1.999,-2.076,0.953,2.674,-4.0,-2.0,13.258,-6.0,-5.0,4.526,-3.042,3.405,7.639,-5.0,3.483,-3.0,-2.01,0.0,0.0,0.0,0.0,0.0,0.0,0.0,0.0,0.0,0.0
GoldS210,XAUUSDc,438,10.2245,20.449,3,0.3874,77.04,486,19.3416,1,9,0,0.01,1.7,2.0,0.0,0.0,15,1,4.696,28,0,2,0,0.4,0.0,0.0,0.0,0.0,0.0,1.972,8.447,-4.0,-4.0,-3.0,-5.0,16.991,-1.009,-3.0,-0.005,-4.003,-3.0,0.545,-4.0,-4.0,-0.361,0.211,-2.025,-5.0,-0.886,-2.015,0.444,-4.0,2.972,-0.332,-4.0,-4.0,-2.014,2.262,9.334,-5.0,-6.0,-1.011,-3.0,0.97,1.5,-3.0,3.653,-2.0,-2.999,-4.0,-3.0,4.026,0.774,-2.014,19.322,-1.004,-6.0,-1.014,-1.0,0.642,-4.0,-1.428,0.91,2.371,5.436,-4.001,-3.0,0.718,-4.0,1.256,-4.0,24.522,0.991,5.763,0.985,-0.014,-4.0,7.68,-2.999,-4.0,-4.0,-0.002,-2.005,-4.0,-5.0,-0.001,20.145,-0.009,9.129,1.197,-1.0,-0.269,-6.0,13.311,-4.0,-0.48,3.203,-2.006,-5.0,-0.507,-2.0,-4.999,-0.162,4.981,0.0,-0.11,-2.0,-2.0,-2.076,0.953,4.952,-4.0,-2.0,10.058,-5.999,-4.0,2.086,11.596,6.495,10.602,-6.0,4.812,-3.0,-3.009,0.0,0.0,0.0,0.0,0.0,0.0,0.0,0.0,0.0,0.0
GoldS210,XAUUSDc,463,-3.5717,-10.715,2,-0.2671,0.0,438,21.9178,1,11,0,0.01,1.7,2.0,0.0,1.0,15,1,-24.026,20,0,2,0,0.4,0.0,0.0,0.0,0.0,0.0,1.972,7.284,-4.0,-0.01,-1.003,-5.0,0.938,-0.009,-3.0,-0.005,-4.003,5.366,-1.999,0.924,-3.0,1.967,0.365,-2.025,-1.0,10.311,-0.015,-1.577,5.172,1.972,-3.0,-3.0,2.866,-1.014,3.663,3.047,-6.0,-6.0,-1.012,-0.083,0.971,-3.0,3.41,0.986,-1.0,-3.0,-3.0,-4.0,-0.066,-2.161,-2.014,15.374,-0.004,-6.0,-1.014,-1.0,0.414,-4.0,-0.032,3.135,2.789,0.913,-2.001,-4.0,-0.061,-3.999,-2.023,-4.0,8.082,0.991,2.725,0.985,-0.014,-3.0,7.68,-2.999,-2.0,-2.0,-1.002,-2.005,-4.0,3.947,-0.001,2.676,-0.009,8.612,-0.031,-1.0,-3.022,-5.999,6.789,-4.0,-1.022,-3.0,1.358,-5.0,-0.445,-2.0,-2.998,-2.032,3.911,0.0,-0.11,-2.0,1.484,-2.076,0.953,-0.049,-4.0,-2.0,16.942,-6.0,-3.0,1.955,-2.042,1.658,8.252,-4.0,6.441,-3.0,-1.009,0.0,0.0,0.0,0.0,0.0,0.0,0.0,0.0,0.0,0.0
GoldS210,XAUUSDc,343,-12.3757,-74.254,1,-0.6781,0.0,468,10.0427,1,11,0,0.01,1.7,3.0,0.0,0.5,15,1,-101.296,23,0,2,0,0.2,0.0,0.0,0.0,0.0,0.0,-1.0,26.029,-4.0,-3.999,-3.0,-6.0,-1.001,0.986,-4.0,-3.0,-3.004,-3.0,-4.999,-4.0,-3.0,-4.0,3.599,-5.0,-5.0,11.479,-5.999,-4.0,11.001,22.978,-3.999,-4.0,-4.0,-5.0,12.657,-0.016,-6.0,-6.0,5.558,6.278,-1.028,-3.0,1.983,4.295,-2.0,-3.0,-4.0,-3.0,-5.999,-3.153,-5.0,10.722,-5.0,-6.0,-4.0,-1.0,7.268,-4.0,3.724,6.291,1.938,0.829,-1.001,-4.0,-1.999,-5.0,-5.0,-4.0,-5.999,2.078,-5.0,5.92,-2.999,-2.999,18.234,-3.0,-4.0,-4.0,0.997,-1.007,-4.0,-4.0,-3.0,-4.0,-2.999,8.513,0.954,-1.0,-1.033,-5.999,-1.012,-4.0,0.805,-6.0,-4.0,-5.0,14.056,-2.0,-3.999,1.954,4.342,0.0,4.844,-2.0,-2.0,-4.0,8.04,7.316,-4.0,-2.0,-1.015,-6.0,-5.0,-4.0,-6.0,-3.0,-3.0,-6.0,4.136,-5.0,8.2,0.0,0.0,0.0,0.0,0.0,0.0,0.0,0.0,0.0,0.0
GoldS210,XAUUSDc,184,-0.7987,-2.396,2,-0.064,0.0,526,38.0228,1,5,0,0.01,1.7,1.0,0.0,0.0,15,1,-12.177,4,0,2,0,0.2,0.0,0.0,0.0,0.0,0.0,0.986,-0.883,0.168,-2.008,-3.0,5.19,9.694,2.047,-0.047,1.541,-4.001,-2.999,-5.0,-4.0,-3.007,-4.002,-3.005,2.484,-3.02,3.713,0.658,0.432,0.315,-2.012,-5.0,-1.617,-4.0,6.159,-4.008,-2.006,8.974,1.351,2.174,-0.048,4.205,-2.009,-1.01,-2.007,-2.0,0.996,-0.858,-3.0,-1.975,5.193,-3.007,7.99,-0.009,-2.016,-2.007,-1.0,-3.967,-2.007,-3.504,-2.998,0.694,7.586,-2.004,-3.0,-0.219,1.267,-2.015,1.218,4.199,-1.004,-0.384,4.171,5.898,0.148,4.27,2.108,-2.006,-3.999,-1.001,-3.002,1.973,-5.0,4.552,-2.503,0.864,3.845,-1.015,-1.0,1.751,0.135,7.778,-4.0,-1.766,5.544,-3.003,-2.017,3.922,0.623,2.405,-2.004,-0.435,0.0,-0.068,-2.0,2.907,-3.042,-0.023,-2.029,-0.019,0.973,1.927,-2.486,-5.0,0.038,4.77,-0.101,2.526,-4.016,-3.022,1.643,3.819,0.0,0.0,0.0,0.0,0.0,0.0,0.0,0.0,0.0,0.0
GoldS210,XAUUSDc,391,-1.1807,-3.542,2,-0.1472,0.0,477,50.1048,1,11,0,0.01,1.7,1.0,0.0,1.0,15,1,-4.542,0,0,2,0,0.4,0.0,0.0,0.0,0.0,0.0,0.986,-1.008,-1.022,0.986,-0.015,-2.003,0.941,0.977,-1.047,-0.009,-4.001,-0.165,0.934,0.755,-3.0,-2.068,-1.071,1.979,-0.125,0.93,0.932,1.982,1.99,-2.012,-2.007,-0.059,-4.0,-0.049,-2.008,-0.061,2.89,1.99,0.968,-1.077,0.978,-3.0,0.935,-0.007,-1.0,-1.002,-0.001,-4.0,2.891,-1.147,-3.007,2.948,1.942,-2.016,-2.007,-1.0,-4.009,-2.007,2.922,-1.054,0.96,3.819,0.967,-3.0,1.955,-0.088,-1.026,0.962,4.953,0.99,-0.023,2.984,1.936,-0.016,3.977,-0.018,-1.103,-1.0,-1.001,-3.002,1.973,-1.059,1.985,-2.0,-0.046,-0.023,-1.015,-1.0,0.918,-1.034,0.946,-4.0,-2.011,1.926,-2.048,-2.017,3.922,-0.006,4.907,-2.004,1.965,0.0,-0.068,-2.0,0.941,-1.09,-0.023,-0.029,-0.019,0.973,3.924,-2.034,-2.007,-0.022,2.932,-2.055,-0.032,-0.097,1.965,-0.008,1.91,0.0,0.0,0.0,0.0,0.0,0.0,0.0,0.0,0.0,0.0
GoldS210,XAUUSDc,819,-7.0857,-21.257,2,-0.512,0.0,425,25.4118,1,11,0,0.01,1.5,2.0,0.0,1.0,15,1,-26.715,2,0,2,0,0.8,0.0,0.0,0.0,0.0,0.0,1.972,3.334,-4.0,-0.01,-1.003,-5.0,4.941,-0.01,-3.0,-0.005,-3.003,3.146,-2.0,0.377,-3.0,-0.263,-0.693,-4.0,-1.0,1.859,-0.015,4.562,2.11,0.134,-3.0,-3.0,0.137,-0.014,0.968,2.551,0.919,-6.0,-1.012,-0.083,0.97,-3.0,6.023,0.986,-1.0,-3.0,-3.0,-4.0,4.247,2.685,-2.014,6.912,-0.004,-6.0,-1.014,-1.0,-0.067,-4.0,-0.032,1.423,2.292,1.913,-2.001,-3.0,-0.062,-4.0,-2.023,-4.0,9.255,0.991,-0.922,0.985,0.986,-3.0,4.886,-3.0,0.0,-3.0,-1.002,-2.005,0.484,0.746,-0.001,5.542,-0.009,4.601,-0.031,-1.0,-2.021,-1.406,5.31,-4.0,-1.022,-3.0,-0.091,-5.0,-1.378,-2.0,-3.0,-2.032,3.424,0.0,-0.11,-2.0,1.484,-2.076,0.953,-0.049,4.368,-2.0,9.772,-6.0,-3.0,1.955,3.089,0.408,4.221,-4.0,6.315,-3.0,-1.01,0.0,0.0,0.0,0.0,0.0,0.0,0.0,0.0,0.0,0.0
GoldS210,XAUUSDc,316,-11.8343,-35.503,2,-0.5974,0.0,442,13.3484,1,5,0,0.01,1.7,2.5,0.0,1.0,15,1,-63.5,21,0,2,0,0.2,0.0,0.0,0.0,0.0,0.0,-1.0,-1.513,-4.0,-3.0,-0.504,-4.0,-0.501,0.488,-3.0,1.787,-3.502,-2.0,-2.0,4.255,-3.0,12.186,2.791,-4.999,-2.0,2.614,-0.519,-4.0,-4.0,24.997,-3.0,-4.0,-4.0,-0.517,-4.0,-1.513,-7.0,-5.0,0.08,0.413,-1.523,-3.0,-3.0,1.482,-1.0,-3.0,-3.0,-4.0,7.715,8.047,-5.0,1.436,-4.0,-6.0,-4.0,-1.0,-4.51,-4.0,1.461,-3.0,14.545,10.574,-2.501,-3.0,-2.0,-4.999,-0.529,-4.0,13.263,14.288,-6.0,4.926,11.47,-3.0,0.473,-3.0,-2.0,-2.0,-0.502,-1.506,-4.0,-4.0,3.107,-4.0,-3.0,4.11,2.302,-1.0,-2.528,-5.0,19.968,-4.0,-0.527,-0.526,7.684,-4.999,-5.0,-2.0,-2.998,-1.536,-4.0,0.0,0.852,-2.0,2.191,-1.593,2.683,-0.561,-4.0,-2.0,-5.0,-6.0,-0.522,21.157,-5.0,-4.0,-4.0,-4.999,-0.504,-4.0,12.083,0.0,0.0,0.0,0.0,0.0,0.0,0.0,0.0,0.0,0.0
GoldS210,XAUUSDc,431,-7.8623,-23.587,2,-0.5461,0.0,451,32.3725,1,11,0,0.01,1.9,1.5,0.0,1.0,15,1,-30.385,2,0,2,0,0.4,0.0,0.0,0.0,0.0,0.0,1.479,2.548,-4.0,-0.508,-1.502,-5.0,2.429,-0.506,-3.0,-0.504,-4.502,2.594,-1.999,-0.555,-3.0,-0.515,-1.251,2.066,4.285,-1.554,2.421,-1.478,2.258,-0.398,-1.511,-1.515,-4.0,-1.51,-1.511,-0.066,-0.228,-5.0,5.103,-0.58,2.469,-3.0,3.714,0.489,-1.0,-3.0,-3.0,-4.0,0.888,-3.15,-2.51,3.154,0.946,-1.609,-1.511,-1.0,-3.014,-1.51,1.933,1.291,1.439,2.355,-1.007,-3.0,3.442,-3.999,1.716,-0.038,3.097,0.493,1.986,1.986,3.351,-0.525,3.467,8.117,-2.0,-2.0,-1.501,-2.503,-1.509,-1.529,1.994,2.982,0.944,-1.025,-0.523,-1.0,-3.517,1.208,2.419,-4.0,-1.516,2.687,-1.552,-2.502,1.123,-2.0,3.087,-4.0,3.448,0.0,1.399,-2.0,0.794,1.585,0.465,-0.536,-1.526,-0.539,7.844,-3.519,-3.0,0.966,-0.041,-1.56,3.051,-2.546,4.418,-3.0,-1.507,0.0,0.0,0.0,0.0,0.0,0.0,0.0,0.0,0.0,0.0
GoldS210,XAUUSDc,153,-11.172,-33.516,2,-0.3345,0.0,486,8.642,1,7,0,0.01,1.9,3.0,0.0,0.0,15,1,-101.666,21,0,2,0,0.0,0.0,0.0,0.0,0.0,0.0,-1.0,18.344,-3.999,-4.0,-3.0,-6.0,-1.001,-0.014,-2.0,-3.0,-3.004,-3.0,-5.0,-4.0,-4.0,-6.0,4.584,-5.0,0.3,2.248,-5.0,-5.0,-4.999,33.903,-4.999,-4.0,-4.0,-2.999,19.275,-2.016,-4.0,-7.0,17.459,-3.0,-1.029,5.943,-2.999,-5.999,-2.0,-2.999,-4.0,-3.0,-5.999,-8.0,-5.0,-6.0,-5.0,-6.0,-4.0,-1.0,-3.597,-4.0,2.724,15.65,3.587,13.729,-1.239,-3.0,-3.0,13.397,-4.0,-4.0,-6.0,2.066,64.15,5.488,-3.0,-3.999,26.099,-4.0,-3.0,-4.0,0.997,-1.007,-4.999,-4.0,-2.999,-3.999,-3.0,7.978,3.407,-1.0,-6.0,-5.0,4.492,-4.0,0.329,-4.999,-1.01,-5.0,-5.0,-3.0,-6.0,-4.0,-5.0,0.0,4.816,-2.0,-2.0,-4.0,9.873,-2.072,-4.0,-2.0,-4.0,-6.0,-4.0,-4.0,-4.0,-3.0,-3.0,-6.0,5.193,-4.0,15.429,0.0,0.0,0.0,0.0,0.0,0.0,0.0,0.0,0.0,0.0
GoldS210,XAUUSDc,601,1.65,4.95,2,0.1487,110.55,450,34.0,1,7,0,0.01,1.5,1.5,0.0,1.0,15,1,-0.522,1,0,2,0,0.6,0.0,0.0,0.0,0.0,0.0,1.479,1.321,-4.0,-0.508,-1.502,-1.802,2.429,-0.507,-3.0,-0.504,-4.502,1.634,-2.0,-0.555,-3.0,-1.424,-0.948,4.711,2.134,-2.554,2.421,-3.0,0.324,-1.13,-1.511,-1.515,-4.0,-0.51,-2.511,0.292,4.034,-5.0,5.909,-0.58,2.469,-3.0,3.122,0.489,-1.0,1.451,-3.0,-4.0,4.212,2.291,-2.51,2.446,0.946,-6.0,-1.511,-1.0,-3.014,-0.134,1.933,0.807,1.439,4.359,-2.501,-3.0,3.442,-4.0,1.161,1.424,1.396,0.493,1.567,3.678,3.123,-0.525,5.853,6.528,0.0,-3.0,-1.501,-2.503,3.257,-1.529,1.994,2.398,0.944,0.025,0.093,-1.0,-3.517,5.587,2.419,-4.0,-1.516,0.931,-1.552,-2.502,1.078,-2.0,4.944,-4.0,4.386,0.0,1.399,-2.0,0.794,1.072,0.465,-1.536,-1.526,-0.539,11.594,-3.519,-3.0,0.966,-0.041,-1.56,2.162,-1.287,4.418,-3.0,1.093,0.0,0.0,0.0,0.0,0.0,0.0,0.0,0.0,0.0,0.0
GoldS210,XAUUSDc,179,-9.1152,-54.691,1,-0.856,0.0,424,11.3208,1,11,0,0.01,1.9,3.0,0.0,1.0,15,1,-80.669,19,0,2,0,0.0,0.0,0.0,0.0,0.0,0.0,-1.0,-1.016,-4.0,-3.0,-4.0,-5.0,-0.001,0.986,-3.0,-3.0,-3.004,-2.0,-2.0,7.585,-3.0,-5.0,3.599,-5.0,-2.0,-0.067,-3.999,-4.0,11.001,22.978,-3.0,-3.0,-3.999,-4.0,12.657,-0.016,-6.0,-6.0,5.558,0.91,-1.029,-3.0,7.58,1.979,-1.0,-3.0,-3.0,-4.0,-2.999,-2.153,-5.0,-5.0,-4.0,-6.0,-4.0,-1.0,7.268,-4.0,1.953,17.859,14.725,-0.037,-1.001,-4.0,-1.999,-5.0,-4.0,-4.0,-6.0,2.078,-5.0,5.92,-2.999,-3.0,18.234,-2.999,-2.0,-2.0,-0.003,-1.007,-4.0,-4.0,-3.0,-4.0,-2.999,8.513,0.954,-1.0,-1.033,-5.999,3.865,-4.0,-0.033,-3.0,-4.0,-5.0,14.056,-2.0,-2.998,-1.04,9.881,0.0,4.844,-2.0,2.897,-4.0,8.04,0.927,-4.0,-2.0,7.697,-6.0,-3.0,-4.0,-5.0,-4.0,-3.0,-4.0,0.995,-5.0,8.2,0.0,0.0,0.0,0.0,0.0,0.0,0.0,0.0,0.0,0.0
GoldS210,XAUUSDc,308,-21.8358,-131.015,1,-0.8945,0.0,493,10.142,1,5,0,0.01,1.9,2.5,0.0,0.5,15,1,-159.012,18,0,2,0,0.2,0.0,0.0,0.0,0.0,0.0,-1.0,-2.51,-4.0,-4.0,-3.0,-6.0,-0.501,0.488,-3.0,1.787,-3.502,-3.0,-5.0,-4.0,-3.0,12.186,2.791,-6.0,-6.0,-5.0,-2.518,-0.192,-4.0,24.997,-5.0,-4.0,-4.0,-1.517,-5.0,-2.513,-7.0,-6.0,0.08,4.631,-1.523,-3.0,-3.0,-5.0,-2.0,-2.999,-4.0,-3.0,5.716,7.047,-5.0,1.436,-4.0,-6.0,-4.0,-1.0,-4.51,-4.0,2.418,-4.0,1.442,11.278,-2.501,-3.0,-2.0,-5.0,-1.528,-4.0,13.263,14.288,-6.0,4.926,11.47,-2.999,0.473,-3.0,-4.0,-4.0,0.498,-1.506,-4.0,-4.0,12.971,-4.0,-3.0,4.11,2.302,-1.0,-6.0,-5.0,2.536,-4.0,0.163,-2.526,3.047,-4.999,-5.0,-3.0,-5.0,-4.0,-5.0,0.0,0.852,-2.0,-3.0,-1.593,2.683,-2.561,-4.0,-2.0,-5.0,-6.0,-5.0,21.157,-5.999,-3.0,-4.0,-6.0,-4.0,-4.0,14.446,0.0,0.0,0.0,0.0,0.0,0.0,0.0,0.0,0.0,0.0
GoldS210,XAUUSDc,201,-7.7847,-23.354,2,-0.5076,0.0,515,41.165,1,7,0,0.01,1.9,1.0,0.0,0.5,15,1,-31.02,1,0,2,0,0.2,0.0,0.0,0.0,0.0,0.0,0.986,-2.007,0.069,-0.014,-3.0,-4.0,4.314,3.047,-1.047,-0.009,-4.001,-3.0,-5.0,-4.0,-3.0,4.664,-0.6,4.646,-3.02,1.848,-0.025,2.054,2.314,-2.012,-5.0,-4.0,-4.0,-1.01,-2.008,-0.431,6.196,1.108,0.968,-3.0,4.324,-3.0,-1.01,-1.007,-2.0,0.996,-0.828,-3.0,-3.062,1.007,-3.007,5.095,-0.009,-2.016,-2.007,-1.0,-4.009,-2.007,-0.52,-3.999,-0.009,4.036,-1.004,-3.0,3.744,4.051,-0.026,0.962,2.978,-1.004,2.253,2.984,4.916,1.682,7.556,-0.018,-2.006,-4.0,-1.001,-3.002,1.973,-1.97,6.191,-2.0,-0.046,-0.023,-1.015,-1.0,1.751,-1.034,0.945,-4.0,-2.613,-1.012,-2.048,-2.017,3.922,-3.0,4.677,-2.004,1.294,0.0,-0.068,-2.0,-1.037,-3.042,-0.023,3.392,-0.019,0.973,1.927,-0.375,-5.0,-0.022,1.932,0.51,-0.032,-1.022,4.079,-0.008,2.447,0.0,0.0,0.0,0.0,0.0,0.0,0.0,0.0,0.0,0.0
GoldS210,XAUUSDc,643,-6.2967,-18.89,2,-0.4683,0.0,431,23.4339,1,11,0,0.01,1.7,2.0,0.0,1.0,15,1,-27.209,16,0,2,0,0.6,0.0,0.0,0.0,0.0,0.0,1.972,4.97,-4.0,-0.01,-1.003,-5.0,0.938,-0.01,-3.0,-0.005,-4.002,4.08,-2.0,0.578,-3.0,0.842,0.129,-4.0,-1.0,4.211,-0.015,-0.577,3.818,0.748,-3.0,-3.0,1.67,-0.014,1.185,3.047,-6.0,-6.0,-1.011,-0.083,0.971,-3.0,2.26,0.986,-1.0,-3.0,-3.0,-4.0,4.982,4.022,-2.014,10.001,-0.004,-6.0,-1.014,-1.0,0.414,-4.0,-0.032,2.298,2.459,0.913,-2.001,-3.0,-0.062,-4.0,-2.023,-4.0,11.959,0.991,0.27,0.985,-0.014,-3.0,6.061,-3.0,0.0,-3.0,-1.002,-2.005,1.43,1.805,-0.001,7.698,-0.009,7.205,-0.031,-1.0,-2.022,-0.354,6.095,-4.0,-1.022,-3.0,0.398,-5.0,-0.507,-2.0,-3.0,-2.032,3.911,0.0,-0.11,-2.0,1.484,-2.076,0.953,-0.049,-4.0,-2.0,12.216,-5.999,-3.0,1.955,-2.042,1.237,5.687,-4.0,6.441,-3.0,-1.01,0.0,0.0,0.0,0.0,0.0,0.0,0.0,0.0,0.0,0.0
GoldS210,XAUUSDc,272,-22.4982,-134.989,1,-0.8977,0.0,500,14.8,1,5,0,0.01,1.9,2.0,0.0,0.5,15,1,-150.838,18,0,2,0,0.2,0.0,0.0,0.0,0.0,0.0,1.972,-3.008,-4.0,-1.01,-3.0,-6.0,10.997,-0.01,-3.0,0.893,-4.002,-3.0,-5.0,-4.0,-3.0,2.792,0.997,-3.025,-6.0,-5.0,-3.014,-1.066,-4.0,12.789,-5.0,-4.0,-4.0,-2.014,-5.0,2.641,-7.0,-6.0,-0.943,3.072,0.97,-3.0,-3.0,-5.0,-2.0,-2.999,-4.0,-3.0,-0.633,2.119,-2.014,9.663,-1.004,-6.0,-1.014,-1.0,-5.008,-4.0,0.112,-4.0,0.947,7.043,-3.001,-3.0,-0.062,-4.0,-3.022,-4.0,16.943,0.991,-6.0,3.14,4.412,-2.999,-0.022,-3.0,-4.0,-4.0,-0.002,-2.005,-4.0,-4.0,4.007,-4.0,-0.009,1.243,1.197,-1.0,-6.0,-5.0,1.135,-4.0,-0.48,3.439,1.208,-4.999,-2.063,-3.0,-5.0,-4.0,1.58,0.0,-0.11,-2.0,-3.0,-2.076,0.953,-3.049,-4.0,-2.0,13.797,-6.0,-5.0,11.679,-3.041,3.405,1.42,-6.0,3.483,-4.0,3.676,0.0,0.0,0.0,0.0,0.0,0.0,0.0,0.0,0.0,0.0
GoldS210,XAUUSDc,318,47.742,95.484,3,2.1184,75.13,433,15.2425,1,9,0,0.01,1.7,2.5,0.0,1.0,15,1,23.744,22,0,2,0,0.2,0.0,0.0,0.0,0.0,0.0,-1.0,33.256,-4.0,-3.0,-0.504,-5.0,-0.501,0.488,-3.0,0.494,-3.503,-2.0,-1.999,4.255,-3.0,9.844,1.644,-5.0,-2.0,-0.563,0.481,-5.0,-3.0,11.478,-3.0,-4.0,-4.0,-0.517,7.521,-0.513,3.668,-6.0,-1.515,0.413,-1.524,-3.0,5.592,1.482,-1.0,-3.0,-3.0,-4.0,2.252,-2.647,-4.999,70.239,-3.0,-6.0,-4.0,-1.0,3.532,-4.0,1.461,-3.0,13.822,9.952,-2.501,-3.0,-1.999,-4.999,-0.529,-4.0,9.181,1.546,14.493,2.901,-2.999,-3.0,46.864,-2.999,-2.0,-2.0,-0.502,-1.506,-4.0,-4.0,4.095,-4.0,-2.999,1.004,2.302,-1.0,-2.528,-6.0,9.837,-4.0,-0.527,-3.0,11.205,-5.0,0.471,-2.0,-2.999,-1.536,1.55,0.0,0.852,-2.0,2.191,-1.593,1.441,0.439,-4.0,-2.0,3.264,-6.0,-3.0,-0.536,-5.0,-4.0,-3.0,10.751,-0.504,-4.0,7.264,0.0,0.0,0.0,0.0,0.0,0.0,0.0,0.0,0.0,0.0
GoldS210,XAUUSDc,60,7.813,15.626,3,0.2824,150.31,459,29.6296,1,5,0,0.01,1.5,1.5,0.0,1.0,15,1,-7.861,12,0,2,0,0.0,0.0,0.0,0.0,0.0,0.0,1.479,-2.508,-4.0,-0.508,-1.502,-0.317,2.429,-0.506,-3.0,-0.002,-4.502,8.91,-2.0,-0.555,-3.0,-2.157,-0.795,-2.519,-2.0,-2.554,2.564,-4.0,-4.0,0.96,0.307,-1.515,-4.0,-1.51,-1.511,1.015,-2.862,-5.0,0.525,-0.58,2.469,-3.0,-0.515,0.489,-1.0,-3.0,-3.0,-4.0,3.402,-2.446,-2.51,11.128,0.946,-6.0,-1.511,-1.0,-3.014,0.594,1.933,1.291,1.439,5.855,-1.007,-3.0,3.442,-3.999,1.107,2.541,3.884,0.493,-0.076,4.358,6.384,-0.525,8.003,17.751,-3.0,-2.0,-1.501,-2.503,-1.509,0.955,1.994,4.423,0.944,0.09,0.093,-1.0,-3.517,2.74,2.419,-4.0,-1.516,0.931,-1.552,-2.502,-0.068,-2.0,22.959,-4.0,4.918,0.0,1.399,-2.0,0.794,1.602,0.465,-1.536,-1.526,-0.539,5.327,-3.519,-1.513,8.272,-0.041,-1.56,-1.532,-0.646,4.748,-4.0,0.941,0.0,0.0,0.0,0.0,0.0,0.0,0.0,0.0,0.0,0.0
GoldS210,XAUUSDc,635,-10.0307,-30.092,2,-0.5194,0.0,467,21.4133,1,11,0,0.01,1.9,2.0,0.0,0.5,15,1,-38.411,21,0,2,0,0.6,0.0,0.0,0.0,0.0,0.0,1.972,3.972,-4.0,-0.01,-4.0,-5.0,3.711,-0.01,-4.0,-0.005,-4.002,5.926,-3.0,-4.0,-3.0,4.241,0.129,-4.0,-4.999,1.297,-2.015,-1.577,3.818,0.748,-0.332,-4.0,-4.0,-0.014,2.185,6.376,-6.0,-6.0,-1.011,2.234,0.971,-3.0,0.571,1.386,-2.0,-3.0,-3.0,-4.0,3.982,3.022,-2.014,10.697,-1.004,-6.0,-1.014,-1.0,0.414,-4.0,0.112,0.941,0.947,1.455,-2.001,-3.0,-0.062,-4.0,-3.023,-4.0,13.537,0.991,1.761,0.985,-0.014,-2.0,6.061,-3.0,-4.0,-4.0,-0.002,-2.005,1.43,4.011,-0.001,10.002,-0.009,7.205,-0.031,-1.0,-2.022,-0.354,5.01,-4.0,-0.48,-3.021,0.398,-5.0,-0.507,-2.0,-3.999,-0.162,3.245,0.0,-0.11,-2.0,-2.0,-2.076,0.953,0.888,-4.0,-2.0,12.216,-6.0,-4.0,1.955,-1.608,4.803,5.687,-5.0,9.167,-3.0,-1.01,0.0,0.0,0.0,0.0,0.0,0.0,0.0,0.0,0.0,0.0
GoldS210,XAUUSDc,507,-9.343,-18.686,3,-0.3217,0.0,458,11.5721,1,11,0,0.01,1.5,3.0,0.0,0.0,15,1,-42.725,27,0,2,0,0.4,0.0,0.0,0.0,0.0,0.0,-1.0,15.194,-4.0,-4.0,-3.0,-5.0,0.0,-0.013,-3.0,-3.0,-3.004,-3.0,-5.0,-4.0,-4.0,-6.0,3.599,-4.0,-0.924,0.252,-4.999,-4.0,10.001,22.039,-4.0,-4.0,-4.0,-2.0,19.464,-0.016,-6.0,-6.0,5.355,6.278,-1.029,-4.0,1.983,4.295,-2.0,-3.0,-4.0,-3.0,21.778,3.021,-5.0,10.722,-5.0,-6.0,-4.0,-1.0,7.682,-4.0,1.422,6.07,4.561,10.255,-2.001,-4.0,-2.0,-4.0,-4.0,-4.0,-3.999,1.078,-4.998,2.099,-3.0,-4.0,16.341,-2.999,-4.0,-3.999,0.997,-1.007,-4.0,-5.0,-3.0,19.733,-3.0,9.052,0.954,-1.0,-1.033,-4.999,-0.012,-4.0,0.805,-5.0,-1.01,-5.0,11.185,-3.0,-4.999,1.954,4.342,0.0,4.844,-2.0,-2.0,-4.0,7.36,7.316,-4.0,-2.0,-1.015,-5.999,-4.0,-4.0,-3.999,-3.0,-3.0,-6.0,4.136,-4.0,7.201,0.0,0.0,0.0,0.0,0.0,0.0,0.0,0.0,0.0,0.0
GoldS210,XAUUSDc,514,-7.7475,-15.495,3,-0.2006,0.0,467,10.2784,1,9,0,0.01,1.9,3.0,0.0,0.0,15,1,-56.493,26,0,2,0,0.4,0.0,0.0,0.0,0.0,0.0,-1.0,22.307,-4.0,-4.0,-3.0,-5.0,-0.001,-0.013,-3.0,-3.0,-3.004,-3.0,-5.0,-4.0,-4.0,-6.0,3.076,-5.0,-5.0,0.252,-4.999,-5.0,-4.0,22.039,-4.0,-4.0,-4.0,-5.0,10.782,-0.016,-5.0,-6.0,5.356,-3.0,-1.029,13.645,-3.0,7.796,-2.0,-2.999,-4.0,-3.0,2.868,3.021,-4.999,-5.0,-4.999,-6.0,-4.0,-1.0,9.203,-4.0,1.422,6.071,4.19,11.92,-3.001,-3.0,-2.0,-5.0,-4.0,-4.0,-3.997,1.066,36.998,2.099,-3.0,-4.0,32.756,-2.999,-4.0,-4.0,0.997,-1.007,-4.0,-5.0,-3.0,29.624,-3.0,1.624,3.407,-1.0,4.066,-6.0,-0.012,-4.0,0.805,-6.0,-1.01,-5.0,4.97,-2.0,-4.999,1.954,0.037,0.0,3.42,-2.0,-2.0,-4.0,7.36,8.87,-4.0,-2.0,-4.0,-5.999,-4.0,-4.0,-4.0,-3.0,-3.0,-6.0,4.386,-3.0,5.201,0.0,0.0,0.0,0.0,0.0,0.0,0.0,0.0,0.0,0.0
GoldS210,XAUUSDc,666,-6.305,-18.915,2,-0.3351,0.0,451,15.7428,1,9,0,0.01,1.7,2.5,0.0,0.5,15,1,-34.69,31,0,2,0,0.6,0.0,0.0,0.0,0.0,0.0,-1.0,10.184,-4.0,-3.0,-4.0,-5.0,-0.501,0.488,-4.0,0.494,-3.503,-2.0,-2.999,-4.0,-3.0,-3.0,1.561,-4.0,-5.0,2.796,-1.519,4.567,4.224,5.77,0.533,-4.0,-4.0,0.483,5.393,-0.513,2.051,-6.0,-0.514,-3.0,-1.524,-3.0,-3.0,4.405,-2.0,-3.0,-3.0,-4.0,8.026,-3.647,-5.0,23.774,-4.0,-6.0,-4.0,-1.0,3.532,-4.0,2.418,3.838,1.442,6.835,-1.501,-3.0,-2.0,-5.0,-1.529,-4.0,6.541,0.546,15.47,2.694,-3.0,-2.0,14.365,-3.0,0.0,-5.0,0.498,-1.506,-4.0,-3.0,2.361,15.694,-3.0,0.83,2.302,-1.0,0.859,1.735,14.5,-4.0,0.163,-2.526,-1.508,-5.0,0.471,-2.0,-4.0,0.896,-0.649,0.0,0.852,-2.0,-2.0,-1.593,1.441,4.956,-4.0,-2.0,7.54,-6.0,-4.0,-0.536,-6.0,-3.0,-3.0,4.396,2.581,-3.0,1.648,0.0,0.0,0.0,0.0,0.0,0.0,0.0,0.0,0.0,0.0
GoldS210,XAUUSDc,253,-2.4007,-7.202,2,-0.1045,0.0,500,16.8,1,7,0,0.01,1.5,2.0,0.0,0.0,15,1,-25.255,28,0,2,0,0.2,0.0,0.0,0.0,0.0,0.0,1.972,6.271,-3.999,-4.0,-3.0,-6.0,23.763,-1.01,-2.0,-0.005,-4.003,-3.0,-5.0,-4.0,-4.0,0.712,0.997,-3.025,-6.0,0.278,-2.015,-2.067,-4.0,9.814,-5.0,-4.0,-4.0,-0.014,5.566,2.825,1.028,-6.999,2.734,-3.0,0.97,1.511,-2.999,-6.0,-2.0,-2.999,-4.0,-3.0,-2.843,13.033,-2.014,4.916,-1.004,-6.0,-1.014,-1.0,1.549,-4.0,-0.888,0.957,1.99,6.369,-4.001,-3.0,19.892,-4.0,1.547,-4.0,22.799,0.991,8.18,2.674,1.717,-3.999,13.008,-3.0,-4.0,-4.0,-0.002,-2.005,-5.0,-4.0,-0.001,-3.999,-0.009,1.991,1.197,-1.0,-5.999,-5.0,1.524,-4.0,-1.142,-2.02,-2.006,-5.0,-0.507,-3.0,-6.0,-4.0,1.316,0.0,-0.11,-2.0,-2.0,-2.076,0.953,4.649,-4.0,-2.0,14.797,-6.0,-4.0,5.444,13.021,9.325,11.926,-6.0,5.376,-4.0,-0.01,0.0,0.0,0.0,0.0,0.0,0.0,0.0,0.0,0.0,0.0
GoldS210,XAUUSDc,797,-1.75,-5.25,2,-0.104,0.0,457,23.1947,1,7,0,0.01,1.7,2.0,0.0,0.0,15,1,-11.747,10,0,2,0,0.8,0.0,0.0,0.0,0.0,0.0,1.972,4.778,-4.0,1.458,-4.0,-5.0,7.59,-0.01,-3.0,-0.005,-3.003,-2.0,-3.0,-4.0,-3.0,2.277,-0.371,-4.0,-0.839,0.278,2.474,0.579,1.025,0.345,-5.0,-4.0,-4.0,-0.014,0.976,8.301,0.334,-1.589,0.243,-3.0,0.972,-3.0,1.629,-4.0,-3.0,0.416,-3.0,-4.0,3.685,4.353,-2.013,9.348,-1.004,-6.0,-1.014,-1.0,0.454,-3.999,-5.0,1.595,0.862,5.138,-3.001,-3.0,1.084,-4.0,-1.054,-4.0,12.356,0.991,5.228,1.786,2.162,-4.0,4.886,-3.0,0.0,-5.0,-0.002,-2.005,1.849,2.735,0.0,8.353,-0.009,5.364,1.197,-1.0,-6.0,-1.158,11.726,-4.0,-0.198,2.647,0.938,-5.0,-1.378,-2.0,-4.0,-4.0,4.922,0.0,-0.11,-2.0,-2.0,-2.076,0.953,2.223,4.486,-2.0,10.921,-6.0,-4.0,3.193,3.293,3.575,5.006,-5.0,6.654,-3.0,-0.008,0.0,0.0,0.0,0.0,0.0,0.0,0.0,0.0,0.0,0.0
GoldS210,XAUUSDc,359,-4.4415,-26.649,1,-0.4306,0.0,424,11.5566,1,11,0,0.01,1.9,3.0,0.0,1.0,15,1,-53.691,20,0,2,0,0.2,0.0,0.0,0.0,0.0,0.0,-1.0,27.026,-4.0,-2.999,-4.0,-5.0,-0.001,0.986,-3.0,-3.0,-3.004,-2.0,-2.0,7.585,-3.0,-5.0,3.599,-5.0,-2.0,-0.067,-3.999,-4.0,11.001,22.978,-3.0,-3.0,-3.999,-4.0,12.657,-0.016,-6.0,-6.0,5.558,0.91,-1.029,-3.0,7.58,1.979,-1.0,-3.0,-3.0,-4.0,-3.0,-2.153,-5.0,-5.0,-4.0,-6.0,-4.0,-1.0,7.268,-4.0,1.953,17.859,14.725,-0.037,-1.001,-4.0,-1.999,-5.0,-4.0,-4.0,-5.999,2.078,-5.0,5.92,-2.999,-3.0,18.234,-3.0,-2.0,-2.0,-0.003,-1.007,-4.0,-4.0,-3.0,-4.0,-2.999,8.513,0.954,-1.0,-1.033,-5.999,3.865,-4.0,-0.033,-3.0,-4.0,-5.0,14.056,-2.0,-2.998,-1.04,9.881,0.0,4.844,-2.0,2.897,-4.0,8.04,0.927,-4.0,-2.0,7.697,-6.0,-3.0,-4.0,-5.0,-4.0,-3.0,-4.0,0.995,-5.0,8.2,0.0,0.0,0.0,0.0,0.0,0.0,0.0,0.0,0.0,0.0
GoldS210,XAUUSDc,266,14.0887,21.133,4,0.3499,178.31,488,17.8279,1,9,0,0.01,1.5,2.0,0.0,0.5,15,1,-16.55,21,0,2,0,0.2,0.0,0.0,0.0,0.0,0.0,1.972,20.216,-4.0,-1.01,-3.0,-6.0,-2.001,-0.01,-4.0,-0.005,-4.003,-3.0,0.545,-4.0,-3.0,29.192,0.211,-2.025,-5.0,5.174,-2.015,1.403,-3.0,2.504,-0.332,-4.0,-4.0,-2.014,3.262,-2.011,1.007,-7.0,-2.012,-3.0,0.971,-3.0,-3.0,-3.999,-2.0,-2.999,-4.0,-3.0,-3.065,-3.161,-2.014,41.379,-1.004,-6.0,-1.014,-1.0,0.414,-4.0,0.112,1.022,0.947,6.562,-3.001,-3.0,-0.061,-4.0,-3.023,-4.0,17.579,0.991,8.022,0.985,-0.014,-2.999,13.008,-2.999,-4.0,-4.0,-0.002,-2.005,-4.0,-4.0,-0.001,-4.0,-0.009,13.295,1.197,-1.0,-0.269,-6.0,-2.008,-4.0,-0.48,3.203,-2.006,-5.0,-0.507,-2.0,-3.999,-0.162,4.981,0.0,-0.11,-2.0,-3.0,-2.076,0.953,5.997,-4.0,-2.0,28.594,-6.0,-5.0,1.955,1.006,6.495,8.299,-6.0,10.115,-4.0,-2.01,0.0,0.0,0.0,0.0,0.0,0.0,0.0,0.0,0.0,0.0
GoldS210,XAUUSDc,255,-5.46,-10.92,3,-0.1609,0.0,488,18.6475,1,11,0,0.01,1.5,2.0,0.0,0.0,15,1,-35.279,19,0,2,0,0.2,0.0,0.0,0.0,0.0,0.0,1.972,10.41,-4.0,-4.0,-3.0,-6.0,10.31,-1.01,-3.0,-0.005,-4.002,-3.0,0.546,-4.0,-4.0,-3.809,0.365,-2.025,-5.0,-0.886,-3.015,0.423,4.172,3.504,-0.331,-4.0,-4.0,-0.014,5.256,-1.011,-6.0,-6.0,-2.012,3.13,0.971,-1.017,0.571,1.386,-2.0,-3.0,-4.0,-3.0,-2.843,6.903,-2.014,24.156,-1.004,-6.0,-1.014,-1.0,0.642,-4.0,-1.428,0.829,2.579,6.895,-3.001,-4.0,2.849,-4.0,1.547,-4.0,12.624,0.991,7.815,0.985,-0.014,-3.999,11.518,-3.0,-4.0,-4.0,-0.002,-2.005,-4.0,-5.0,-0.001,-3.999,-0.009,9.688,-0.031,-1.0,-3.022,-0.6,-2.008,-4.0,-0.48,-3.021,-2.006,-5.0,-0.445,-3.0,-4.999,-0.162,3.688,0.0,-0.11,-2.0,-2.0,-2.076,0.953,0.888,-4.0,-2.0,23.307,-6.0,-4.0,2.086,12.829,6.424,15.368,-6.0,3.94,-4.0,-0.01,0.0,0.0,0.0,0.0,0.0,0.0,0.0,0.0,0.0,0.0
GoldS210,XAUUSDc,35,-1.1807,-3.542,2,-0.1472,0.0,477,50.1048,1,11,0,0.01,1.9,1.0,0.0,1.0,15,1,-4.542,0,0,2,0,0.0,0.0,0.0,0.0,0.0,0.0,0.986,-1.008,-1.022,0.986,-0.015,-2.003,0.941,0.977,-1.047,-0.009,-4.001,-0.165,0.934,0.755,-3.0,-2.068,-1.071,1.979,-0.125,0.93,0.932,1.982,1.99,-2.012,-2.007,-0.059,-4.0,-0.049,-2.008,-0.061,2.89,1.99,0.968,-1.077,0.978,-3.0,0.935,-0.007,-1.0,-1.002,-0.001,-4.0,2.891,-1.147,-3.007,2.948,1.942,-2.016,-2.007,-1.0,-4.009,-2.007,2.922,-1.054,0.96,3.819,0.967,-3.0,1.955,-0.088,-1.026,0.962,4.953,0.99,-0.023,2.984,1.936,-0.016,3.977,-0.018,-1.103,-1.0,-1.001,-3.002,1.973,-1.059,1.985,-2.0,-0.046,-0.023,-1.015,-1.0,0.918,-1.034,0.946,-4.0,-2.011,1.926,-2.048,-2.017,3.922,-0.006,4.907,-2.004,1.965,0.0,-0.068,-2.0,0.941,-1.09,-0.023,-0.029,-0.019,0.973,3.924,-2.034,-2.007,-0.022,2.932,-2.055,-0.032,-0.097,1.965,-0.008,1.91,0.0,0.0,0.0,0.0,0.0,0.0,0.0,0.0,0.0,0.0
GoldS210,XAUUSDc,154,4.142,24.852,1,0.2668,342.93,479,8.977,1,9,0,0.01,1.9,3.0,0.0,0.0,15,1,-60.374,21,0,2,0,0.0,0.0,0.0,0.0,0.0,0.0,-1.0,40.071,-4.0,-4.0,-3.0,-6.0,-1.001,-0.014,-3.0,-3.0,-3.004,-3.0,-5.0,-4.0,-4.0,-6.0,3.076,-5.0,-5.0,0.252,-4.999,-5.0,-4.0,23.978,-4.0,-4.0,-4.0,-5.0,9.782,-0.016,-5.0,-7.0,5.558,-3.0,-1.028,31.291,-3.0,-3.999,-2.0,-2.999,-4.0,-3.0,-5.999,-8.0,-4.999,-5.0,-4.999,-6.0,-4.0,-1.0,9.203,-3.999,1.422,6.071,4.19,27.518,-3.001,-3.0,-3.0,-5.0,-4.0,-4.0,-5.999,2.066,45.896,2.099,-2.999,-3.999,83.226,-3.999,-3.0,-4.0,0.997,-1.007,-5.0,-4.0,-3.0,-4.0,-2.999,1.623,3.407,-1.0,4.066,-6.0,-1.012,-4.0,0.805,-6.0,-1.01,-5.0,4.97,-2.0,-4.999,1.954,0.037,0.0,3.42,-2.0,-2.0,-4.0,7.36,10.006,-4.0,-2.0,-3.999,-6.0,-4.0,-4.0,-5.0,-3.0,-3.0,-5.999,4.386,-4.0,6.2,0.0,0.0,0.0,0.0,0.0,0.0,0.0,0.0,0.0,0.0
GoldS210,XAUUSDc,824,-14.053,-28.106,3,-0.5481,0.0,430,23.9535,1,5,0,0.01,1.9,2.0,0.0,1.0,15,1,-33.726,4,0,2,0,0.8,0.0,0.0,0.0,0.0,0.0,1.972,3.954,-4.0,-0.01,-1.003,-4.0,5.017,-0.01,-3.0,0.893,-3.003,-2.0,-2.0,0.377,-3.0,0.043,-0.387,-4.0,-1.0,2.053,-1.015,-3.0,1.858,0.197,1.771,-4.0,-4.0,-0.014,-4.0,2.903,0.894,-6.0,-0.943,-0.083,0.971,-3.0,1.407,0.986,-1.0,-3.0,-3.0,-4.0,5.685,4.388,-2.014,6.99,-1.004,-6.0,-1.014,-1.0,0.19,-3.999,-0.032,1.524,2.876,3.324,-2.001,-3.0,-0.061,-4.0,-2.023,-4.0,11.706,0.991,4.068,2.379,3.112,-3.0,4.718,-3.0,0.0,-3.0,-1.002,-2.005,1.78,1.004,-0.001,1.508,-0.009,4.049,1.197,-1.0,-3.022,-0.165,9.069,-4.0,-1.022,-1.021,0.254,-5.0,-2.063,-2.0,-3.0,-2.032,0.678,0.0,-0.11,-2.0,1.484,-2.076,0.953,-0.049,0.275,-2.0,9.795,-6.0,-3.0,3.629,2.616,0.151,4.381,-4.0,7.027,-3.0,-2.01,0.0,0.0,0.0,0.0,0.0,0.0,0.0,0.0,0.0,0.0
GoldS210,XAUUSDc,416,-4.2998,-25.799,1,-0.5565,0.0,499,25.0501,1,5,0,0.01,1.9,1.5,0.0,0.5,15,1,-35.624,13,0,2,0,0.4,0.0,0.0,0.0,0.0,0.0,1.479,1.723,-4.0,-1.508,-3.0,-5.0,5.163,-0.507,-3.0,-0.002,-4.502,-3.0,-5.0,-4.0,-3.0,5.825,-0.795,6.095,-1.925,0.563,-0.88,-1.942,-3.0,-0.36,-5.0,-4.0,-4.0,-0.51,3.113,6.339,5.268,-5.0,1.089,1.512,7.14,-3.0,-0.515,-4.0,-3.0,-2.999,-4.0,-3.0,6.634,1.6,-2.51,11.385,-1.503,-6.0,-1.511,-1.0,-3.014,0.594,-1.194,-4.0,0.486,7.958,-1.007,-3.0,6.824,-4.0,-0.565,2.541,0.369,0.493,-0.679,4.269,9.525,2.093,6.373,3.254,-4.0,-4.0,-0.501,-2.503,-1.509,2.878,5.661,8.425,0.944,0.09,0.093,-1.0,-6.0,2.74,2.848,-4.0,-1.123,0.351,-0.632,-2.502,-0.068,-3.0,1.302,-4.0,1.427,0.0,1.399,-2.0,-3.0,-2.559,0.465,2.614,-1.526,-0.539,0.088,-0.768,-5.0,3.669,-1.041,1.104,0.218,-6.0,1.791,-4.0,2.086,0.0,0.0,0.0,0.0,0.0,0.0,0.0,0.0,0.0,0.0
GoldS210,XAUUSDc,563,-2.8147,-8.444,2,-0.2332,0.0,507,45.7594,1,11,0,0.01,1.9,1.0,0.0,0.5,15,1,-10.713,0,0,2,0,0.6,0.0,0.0,0.0,0.0,0.0,0.986,-2.007,-1.022,0.986,-1.206,-1.46,1.793,0.977,-4.0,-0.009,-4.001,0.411,0.236,-4.0,-3.0,-0.933,-0.6,2.693,-1.198,1.277,-0.025,-0.014,2.314,-2.012,-3.007,-1.295,-4.0,0.533,-2.008,1.087,2.89,4.07,0.968,-0.309,1.489,-3.0,1.076,-2.002,-2.0,0.996,0.191,-4.0,1.206,0.609,-3.007,3.607,-0.009,-2.016,-2.007,-1.0,-4.009,-2.007,-0.52,-1.933,-0.009,4.036,1.576,-3.0,1.955,1.345,-0.026,0.962,6.368,1.465,0.885,2.984,3.576,0.786,4.714,-0.018,-2.006,-4.0,-1.001,-3.002,1.973,-0.793,3.178,-2.0,-0.046,-0.023,-1.015,-1.0,0.918,-1.034,-0.536,-4.0,-1.766,3.051,-2.048,-2.017,3.922,0.72,7.22,-2.004,0.971,0.0,-0.068,-2.0,1.734,-3.042,-0.023,1.914,-0.019,0.973,4.732,-1.239,-4.0,-0.022,1.933,0.034,-0.032,0.472,3.232,-0.008,-1.055,0.0,0.0,0.0,0.0,0.0,0.0,0.0,0.0,0.0,0.0
GoldS210,XAUUSDc,85,-30.7067,-92.12,2,-0.7521,0.0,495,15.9596,1,7,0,0.01,1.5,2.0,0.0,0.5,15,1,-107.969,22,0,2,0,0.0,0.0,0.0,0.0,0.0,0.0,1.972,-3.008,-4.0,-1.01,-3.0,-6.0,-2.0,-0.01,-3.0,-0.005,-4.003,-3.0,-5.0,-4.0,-3.0,1.712,0.997,-3.025,-6.0,5.174,-2.015,-2.067,-4.0,9.814,-4.999,-4.0,-4.0,-2.014,7.566,2.825,1.028,-7.0,1.733,-3.0,0.97,-3.0,-2.999,-4.998,-2.0,-2.999,-4.0,-3.0,3.515,2.119,-2.014,4.916,-1.004,-6.0,-1.014,-1.0,1.321,-4.0,0.112,-3.999,0.947,6.562,-3.001,-3.0,-0.061,-4.0,-3.023,-4.0,9.677,0.991,8.18,3.14,1.717,-2.999,13.008,-3.0,-4.0,-4.0,-0.002,-2.005,-3.999,-4.0,-0.001,-4.0,-0.009,1.243,1.197,-1.0,-6.0,-4.999,1.524,-4.0,-1.142,-2.021,1.4,-5.0,-0.507,-3.0,-5.0,-4.0,1.316,0.0,-0.11,-2.0,-3.0,-2.076,0.953,4.649,-4.0,-2.0,14.797,-6.0,-5.0,5.313,-3.042,9.325,5.993,-6.0,10.679,-4.0,3.675,0.0,0.0,0.0,0.0,0.0,0.0,0.0,0.0,0.0,0.0
GoldS210,XAUUSDc,670,-6.305,-18.915,2,-0.3351,0.0,451,15.7428,1,9,0,0.01,1.9,2.5,0.0,0.5,15,1,-34.69,31,0,2,0,0.6,0.0,0.0,0.0,0.0,0.0,-1.0,10.184,-4.0,-3.0,-4.0,-5.0,-0.501,0.488,-4.0,0.494,-3.503,-2.0,-2.999,-4.0,-3.0,-3.0,1.561,-4.0,-5.0,2.796,-1.519,4.567,4.224,5.77,0.533,-4.0,-4.0,0.483,5.393,-0.513,2.051,-6.0,-0.514,-3.0,-1.524,-3.0,-3.0,4.405,-2.0,-3.0,-3.0,-4.0,8.026,-3.647,-5.0,23.774,-4.0,-6.0,-4.0,-1.0,3.532,-4.0,2.418,3.838,1.442,6.835,-1.501,-3.0,-2.0,-5.0,-1.529,-4.0,6.541,0.546,15.47,2.694,-3.0,-2.0,14.365,-3.0,0.0,-5.0,0.498,-1.506,-4.0,-3.0,2.361,15.694,-3.0,0.83,2.302,-1.0,0.859,1.735,14.5,-4.0,0.163,-2.526,-1.508,-5.0,0.471,-2.0,-4.0,0.896,-0.649,0.0,0.852,-2.0,-2.0,-1.593,1.441,4.956,-4.0,-2.0,7.54,-6.0,-4.0,-0.536,-6.0,-3.0,-3.0,4.396,2.581,-3.0,1.648,0.0,0.0,0.0,0.0,0.0,0.0,0.0,0.0,0.0,0.0
GoldS210,XAUUSDc,548,1.5963,4.789,2,0.1909,60.7,516,42.8295,1,5,0,0.01,1.9,1.0,0.0,0.0,15,1,1.882,0,0,2,0,0.6,0.0,0.0,0.0,0.0,0.0,0.986,-0.883,-0.298,2.1,-1.228,-0.093,3.104,0.876,-0.047,0.743,-4.001,0.478,0.329,-4.0,-3.007,-4.002,-3.005,3.553,-0.474,2.322,0.353,2.808,3.008,-2.012,-5.0,-1.617,-4.0,1.778,-3.008,0.295,5.509,4.751,1.431,-0.338,1.97,-2.009,-1.01,-2.007,-2.0,0.996,0.142,-4.0,5.201,2.21,-3.007,5.599,-0.009,-2.016,-2.007,-1.0,-3.967,-2.007,-4.02,-2.998,0.694,6.016,1.405,-3.0,1.778,0.977,0.784,1.218,7.293,-1.004,-1.267,4.092,3.862,-0.282,2.733,0.784,-2.006,-4.0,-1.001,-3.002,1.973,-1.327,1.241,-1.011,0.611,1.686,-1.015,-1.0,1.496,-0.013,0.2,-4.0,-1.766,3.763,-3.003,-2.017,3.922,0.623,0.966,-2.004,3.64,0.0,-0.068,-2.0,2.431,-3.042,-0.023,0.911,-0.019,0.973,5.077,-0.032,-5.0,0.038,4.286,-0.101,0.003,-0.891,-2.022,0.497,3.26,0.0,0.0,0.0,0.0,0.0,0.0,0.0,0.0,0.0,0.0
GoldS210,XAUUSDc,177,21.4595,42.919,3,0.7743,122.37,431,10.9049,1,7,0,0.01,1.9,3.0,0.0,1.0,15,1,-9.603,20,0,2,0,0.0,0.0,0.0,0.0,0.0,0.0,-1.0,-1.016,-4.0,-3.0,-4.0,-4.0,-0.001,0.986,-3.0,-3.0,-3.004,-2.0,-1.999,7.585,-3.0,-5.0,4.584,-5.0,-2.0,-0.067,-3.0,-5.0,-4.0,33.903,-3.0,-4.0,-4.0,-3.999,21.275,-1.016,-4.0,-6.0,17.459,0.91,-1.029,-3.0,20.646,1.979,-1.0,-3.0,-3.0,-4.0,-3.0,12.279,-5.0,-6.0,-4.0,-6.0,-4.0,-1.0,-4.011,-4.0,1.953,-3.0,27.266,13.178,-0.239,-3.0,-1.999,-4.999,-4.0,-4.0,-6.0,2.066,48.522,6.71,-3.0,-3.0,26.099,-3.0,-3.0,-2.0,-0.003,-1.007,-3.999,-4.0,-2.999,-4.0,-3.0,6.698,3.407,-1.0,-1.033,-5.0,9.369,-4.0,-0.033,-4.0,14.267,-5.0,-5.0,-2.0,-3.0,-1.04,-3.999,0.0,4.816,-2.0,2.897,-4.0,13.335,-0.073,-4.0,-2.0,-4.0,-5.999,-0.027,-4.0,-5.0,-4.0,-3.0,-4.998,-0.005,-4.0,18.324,0.0,0.0,0.0,0.0,0.0,0.0,0.0,0.0,0.0,0.0
GoldS210,XAUUSDc,722,-3.124,-6.248,3,-0.1653,0.0,503,45.7256,1,9,0,0.01,1.5,1.0,0.0,0.0,15,1,-8.052,0,0,2,0,0.8,0.0,0.0,0.0,0.0,0.0,0.986,-0.514,-0.646,1.512,-1.566,-1.318,2.216,0.977,-0.706,0.398,-4.001,0.167,-0.31,-4.0,-3.0,-1.25,-3.005,2.271,-1.174,0.955,-0.025,0.029,2.587,-2.012,-3.007,-1.592,-4.0,0.634,-2.008,0.955,4.316,3.417,0.968,-3.0,1.482,-3.0,-1.01,-2.002,-2.0,0.996,0.191,-4.0,3.44,0.73,-3.007,3.565,-0.009,-2.016,-2.007,-1.0,-3.967,-2.007,-1.66,-1.005,-0.607,5.026,0.716,-3.0,2.676,0.791,-0.695,1.218,5.388,-1.004,0.532,3.338,3.011,-0.698,4.637,-0.018,-0.196,-4.0,-1.001,-3.002,1.973,-0.25,2.804,-1.492,0.224,0.307,-1.015,-1.0,0.918,-0.766,2.017,-4.0,-1.766,3.023,-3.003,-2.017,3.922,0.416,6.246,-2.004,2.302,0.0,-0.068,-2.0,1.593,-3.042,-0.023,2.348,-0.019,0.973,4.328,-1.173,-4.0,0.038,3.257,-1.354,0.276,0.143,2.975,-0.008,2.589,0.0,0.0,0.0,0.0,0.0,0.0,0.0,0.0,0.0,0.0
GoldS210,XAUUSDc,120,-21.5438,-129.263,1,-0.8933,0.0,494,10.1215,1,5,0,0.01,1.5,2.5,0.0,0.5,15,1,-157.468,18,0,2,0,0.0,0.0,0.0,0.0,0.0,0.0,-1.0,-2.51,-4.0,-4.0,-3.0,-5.999,-1.501,0.488,-3.0,1.787,-3.503,-3.0,-5.0,-4.0,-3.0,12.186,2.791,-6.0,-6.0,-5.0,-2.518,-0.191,-4.0,25.205,-5.0,-4.0,-4.0,-1.517,-5.0,-2.513,-7.0,-6.0,0.08,4.631,-1.523,-3.0,-3.0,-5.0,-2.0,-2.999,-4.0,-3.0,5.716,7.047,-5.0,2.085,-4.0,-6.0,-4.0,-1.0,-4.51,-4.0,2.418,-4.0,1.442,11.278,-2.501,-3.0,-2.0,-5.0,-1.528,-4.0,13.263,14.288,-6.0,4.926,11.47,-2.999,0.472,-3.0,-4.0,-4.0,0.498,-1.506,-4.0,-4.0,12.971,-4.0,-3.0,4.11,2.302,-1.0,-6.0,-5.0,2.535,-4.0,0.163,-2.526,3.047,-4.999,-5.0,-3.0,-5.0,-4.0,-5.0,0.0,0.852,-2.0,-3.0,-1.593,2.683,-2.561,-4.0,-2.0,-5.0,-6.0,-5.0,23.054,-6.0,-3.0,-4.0,-6.0,-4.0,-4.0,14.446,0.0,0.0,0.0,0.0,0.0,0.0,0.0,0.0,0.0,0.0
GoldS210,XAUUSDc,683,4.932,7.398,4,0.3181,210.14,415,18.0723,1,11,0,0.01,1.9,2.5,0.0,1.0,15,1,-8.148,30,0,2,0,0.6,0.0,0.0,0.0,0.0,0.0,-1.0,8.093,-4.0,-3.0,-0.504,-5.0,-0.501,0.488,-3.0,0.494,-3.502,6.283,-2.0,2.911,-3.0,-2.0,1.638,-4.0,-1.0,9.285,0.481,4.057,6.093,5.77,-3.0,-3.0,5.971,0.483,4.561,-0.513,-6.0,-6.0,-0.514,0.413,-1.523,-3.0,3.883,1.482,-1.0,-3.0,-3.0,-4.0,9.026,-2.647,-5.0,21.483,-3.0,-6.0,-4.0,-1.0,3.532,-4.0,1.461,5.273,4.823,2.898,-1.501,-3.0,-2.0,-4.0,-0.529,-4.0,2.537,0.558,4.854,2.694,-3.0,-3.0,10.189,-3.0,0.0,-3.0,-0.502,-1.506,-4.0,-3.0,2.361,12.575,-3.0,2.302,0.461,-1.0,-1.528,1.143,8.762,-4.0,-0.527,-3.0,2.495,-5.0,1.955,-2.0,-3.0,-1.536,5.325,0.0,0.852,-2.0,2.191,-1.593,1.441,0.439,-4.0,-2.0,6.459,-5.999,-3.0,6.775,-5.0,-4.0,-3.0,5.396,0.496,-4.0,2.181,0.0,0.0,0.0,0.0,0.0,0.0,0.0,0.0,0.0,0.0
GoldS210,XAUUSDc,448,-21.0963,-63.289,2,-0.6661,0.0,491,16.0896,1,5,0,0.01,1.7,2.0,0.0,0.5,15,1,-85.078,24,0,2,0,0.4,0.0,0.0,0.0,0.0,0.0,1.972,10.441,-4.0,-1.01,-3.0,-5.0,5.1,-0.01,-3.0,0.893,-4.003,-3.0,-5.0,-4.0,-3.0,17.789,0.997,-4.0,-6.0,4.423,-3.015,-1.067,-3.0,4.882,-5.0,-4.0,-4.0,-0.014,-5.0,2.641,-7.0,-5.0,-0.943,3.072,0.97,-3.0,-3.0,-4.0,-3.0,-2.999,-4.0,-3.0,0.096,0.66,-2.014,8.497,-1.004,-6.0,-1.014,-1.0,-5.008,-4.0,0.112,-4.0,0.947,5.632,-3.001,-3.0,-0.062,-4.0,-3.022,-4.0,15.186,0.991,-6.0,3.14,4.175,-3.0,-0.023,-3.0,-4.0,-4.0,-0.002,-2.005,-4.0,16.502,4.007,16.935,-0.009,0.975,1.197,-1.0,-6.0,-5.0,11.566,-4.0,-0.48,3.439,1.208,-4.999,-2.063,-3.0,-5.0,-4.0,1.58,0.0,-0.11,-2.0,-3.0,-2.076,0.953,5.382,-4.0,-2.0,8.041,-5.999,-5.0,6.321,-3.042,3.405,1.42,-6.0,3.483,-4.0,3.675,0.0,0.0,0.0,0.0,0.0,0.0,0.0,0.0,0.0,0.0
GoldS210,XAUUSDc,811,-7.1867,-21.56,2,-0.491,0.0,451,24.3902,1,11,0,0.01,1.7,2.0,0.0,0.5,15,1,-27.018,6,0,2,0,0.8,0.0,0.0,0.0,0.0,0.0,1.972,4.638,-4.0,-0.01,-4.0,-5.0,6.546,-0.01,-3.0,-0.005,-3.003,4.025,-1.999,-4.0,-3.0,1.283,4.455,-4.0,-5.0,0.421,2.473,3.562,2.11,0.134,-0.332,-4.0,-4.0,-0.014,0.968,4.386,0.919,-6.0,-1.012,1.294,0.97,-3.0,5.174,0.491,-2.0,-2.0,-3.0,-4.0,3.247,1.685,-2.014,7.094,-1.004,-6.0,-1.014,-1.0,-0.067,-4.0,-0.18,1.599,-0.053,2.455,-2.001,-3.0,-0.062,-4.0,-2.023,-4.0,10.075,0.991,-0.044,0.985,0.986,-2.0,4.886,-3.0,0.0,-5.0,-0.002,-2.005,0.484,1.902,-0.001,6.619,-0.009,4.601,-0.031,-1.0,-2.021,-1.406,7.229,-4.0,-0.48,-2.021,-0.091,-5.0,-1.378,-2.0,-3.999,-0.987,3.555,0.0,-0.11,-2.0,-2.0,-2.076,0.953,0.888,4.368,-2.0,9.772,-6.0,-4.0,1.955,3.679,2.023,4.221,-5.0,6.841,-3.0,-1.01,0.0,0.0,0.0,0.0,0.0,0.0,0.0,0.0,0.0,0.0
GoldS210,XAUUSDc,243,-7.565,-22.695,2,-0.533,0.0,452,31.6372,1,11,0,0.01,1.5,1.5,0.0,1.0,15,1,-30.698,7,0,2,0,0.2,0.0,0.0,0.0,0.0,0.0,1.479,6.495,-4.0,-0.508,-1.502,-5.0,2.429,-0.507,-3.0,-0.504,-4.502,4.965,-2.0,-0.555,-3.0,-3.503,-1.251,3.54,6.954,-1.554,2.421,-1.478,2.258,-0.04,-1.511,-1.515,-4.0,-1.51,-1.511,-0.066,0.796,-5.0,-0.017,-0.58,2.469,-3.0,3.714,0.489,-1.0,-3.0,-3.0,-4.0,0.888,-3.15,-2.51,3.981,0.946,-1.609,-1.511,-1.0,-3.014,-1.51,1.933,1.291,1.439,2.355,-1.007,-3.0,3.442,-3.999,1.716,-0.038,5.794,0.493,3.169,1.986,4.166,-0.525,3.467,0.319,-2.0,-2.0,-1.501,-2.503,-1.509,-1.529,1.994,-0.598,0.944,-1.025,-0.523,-1.0,-3.517,1.208,2.419,-4.0,-1.516,2.687,-1.552,-2.502,1.123,-2.0,3.087,-4.0,3.448,0.0,1.399,-2.0,0.794,1.816,0.465,-0.536,-1.526,-0.539,10.604,-3.519,-3.0,0.966,-0.041,-1.56,3.076,-2.546,4.418,-4.0,-0.508,0.0,0.0,0.0,0.0,0.0,0.0,0.0,0.0,0.0,0.0
GoldS210,XAUUSDc,286,21.5705,43.141,3,0.8124,87.35,442,21.0407,1,9,0,0.01,1.9,2.0,0.0,1.0,15,1,5.458,20,0,2,0,0.2,0.0,0.0,0.0,0.0,0.0,1.972,21.214,-4.0,-0.01,-1.003,-5.0,0.938,-0.01,-3.0,-0.005,-4.003,-2.0,-1.999,0.924,-3.0,1.712,0.211,-2.025,-2.0,-1.058,-0.015,1.403,-3.0,2.504,-3.0,-4.0,-4.0,-1.014,3.262,3.047,1.007,-6.0,-2.012,-0.083,0.97,-3.0,3.41,0.986,-1.0,-3.0,-3.0,-4.0,-0.066,-2.161,-2.014,40.201,-0.004,-6.0,-1.014,-1.0,0.414,-4.0,-0.032,3.135,6.501,6.02,-3.001,-3.0,-0.061,-3.999,-2.023,-4.0,17.579,0.991,4.978,0.985,-0.014,-3.0,13.008,-2.999,-2.0,-2.0,-1.002,-2.005,-4.0,-4.0,-0.001,-4.0,-0.009,13.295,1.197,-1.0,-3.022,-6.0,6.789,-4.0,-1.022,-3.0,5.236,-5.0,-0.507,-2.0,-2.999,-2.032,6.635,0.0,-0.11,-2.0,1.484,-2.076,0.953,-0.049,-4.0,-2.0,34.408,-6.0,-3.0,1.955,-2.042,1.658,8.299,-5.0,6.441,-4.0,1.92,0.0,0.0,0.0,0.0,0.0,0.0,0.0,0.0,0.0,0.0
GoldS210,XAUUSDc,750,-1.1807,-3.542,2,-0.1472,0.0,477,50.1048,1,9,0,0.01,1.7,1.0,0.0,1.0,15,1,-4.542,0,0,2,0,0.8,0.0,0.0,0.0,0.0,0.0,0.986,-1.008,-1.022,0.986,-0.015,-2.003,0.941,0.977,-1.047,-0.009,-4.001,-0.165,0.934,0.755,-3.0,-2.068,-1.071,1.979,-0.125,0.93,0.932,1.982,1.99,-2.012,-2.007,-0.059,-4.0,-0.049,-2.008,-0.061,2.89,1.99,0.968,-1.077,0.978,-3.0,0.935,-0.007,-1.0,-1.002,-0.001,-4.0,2.891,-1.147,-3.007,2.948,1.942,-2.016,-2.007,-1.0,-4.009,-2.007,2.922,-1.054,0.96,3.819,0.967,-3.0,1.955,-0.088,-1.026,0.962,4.953,0.99,-0.023,2.984,1.936,-0.016,3.977,-0.018,-1.103,-1.0,-1.001,-3.002,1.973,-1.059,1.985,-2.0,-0.046,-0.023,-1.015,-1.0,0.918,-1.034,0.946,-4.0,-2.011,1.926,-2.048,-2.017,3.922,-0.006,4.907,-2.004,1.965,0.0,-0.068,-2.0,0.941,-1.09,-0.023,-0.029,-0.019,0.973,3.924,-2.034,-2.007,-0.022,2.932,-2.055,-0.032,-0.097,1.965,-0.008,1.91,0.0,0.0,0.0,0.0,0.0,0.0,0.0,0.0,0.0,0.0
GoldS210,XAUUSDc,245,6.7315,13.463,3,0.3031,138.52,456,30.9211,1,7,0,0.01,1.7,1.5,0.0,1.0,15,1,-5.186,9,0,2,0,0.2,0.0,0.0,0.0,0.0,0.0,1.479,-2.508,-4.0,-0.508,-1.502,-1.802,2.429,-0.507,-3.0,-0.504,-4.501,4.965,-1.999,-0.555,-3.0,-2.069,-0.795,-2.519,-2.0,-2.554,2.421,-4.0,-4.0,0.96,-1.511,-1.515,-4.0,-1.51,-1.511,0.576,2.042,-5.0,15.82,-0.58,2.469,-3.0,3.714,0.489,-1.0,-3.0,-3.0,-4.0,0.888,-2.446,-2.51,7.795,0.946,-6.0,-1.511,-1.0,-3.014,0.594,1.933,1.291,1.439,5.516,-1.007,-3.0,3.442,-3.999,-2.517,2.531,5.585,0.493,4.263,4.358,5.515,-0.525,3.467,12.985,-2.0,-2.0,-1.501,-2.503,-1.509,-1.529,1.994,4.095,0.944,0.09,0.093,-1.0,-3.516,1.706,2.419,-4.0,-1.516,0.931,-1.552,-2.502,1.078,-2.0,18.121,-4.0,4.918,0.0,1.399,-2.0,0.794,2.179,0.465,-1.536,-1.526,-0.539,9.919,-3.519,-1.513,0.966,-0.041,-1.56,3.076,-0.646,4.418,-4.0,0.94,0.0,0.0,0.0,0.0,0.0,0.0,0.0,0.0,0.0,0.0
GoldS210,XAUUSDc,248,13.7705,27.541,3,0.6246,85.28,458,30.131,1,5,0,0.01,1.9,1.5,0.0,1.0,15,1,4.054,14,0,2,0,0.2,0.0,0.0,0.0,0.0,0.0,1.479,4.664,-4.0,-0.508,-1.502,-0.317,2.429,-0.507,-3.0,-0.002,-4.501,5.936,-2.0,-0.555,-3.0,-2.157,-0.795,-2.518,-2.0,-2.554,2.564,-4.0,-4.0,0.96,0.307,-1.515,-4.0,-1.51,-1.511,1.015,-2.862,-5.0,13.739,-0.58,2.469,-3.0,-0.515,0.489,-1.0,-3.0,-3.0,-4.0,3.402,-2.446,-2.51,11.128,0.946,-6.0,-1.511,-1.0,-3.014,0.594,1.933,1.291,1.439,5.855,-1.007,-3.0,3.442,-3.999,1.107,2.541,3.884,0.493,-0.076,4.358,6.343,-0.525,7.07,13.88,-2.0,-2.0,-1.501,-2.503,-1.509,0.596,1.994,4.095,0.944,0.09,0.093,-1.0,-3.517,2.74,2.419,-4.0,-1.516,0.931,-1.552,-2.502,-0.068,-2.0,22.959,-4.0,4.918,0.0,1.399,-2.0,0.794,1.602,0.465,-1.536,-1.526,-0.539,5.327,-3.519,-1.513,7.306,-0.041,-1.56,-1.532,-0.646,4.748,-4.0,0.941,0.0,0.0,0.0,0.0,0.0,0.0,0.0,0.0,0.0,0.0
GoldS210,XAUUSDc,636,-16.3927,-49.178,2,-0.6169,0.0,441,21.0884,1,5,0,0.01,1.5,2.0,0.0,1.0,15,1,-57.353,17,0,2,0,0.6,0.0,0.0,0.0,0.0,0.0,1.972,6.225,-4.0,-0.01,-1.003,-3.999,0.938,-0.01,-3.0,0.893,-4.003,-2.0,-2.0,0.578,-3.0,1.311,0.72,-2.025,-1.0,3.625,-1.015,-3.0,3.307,1.609,-3.0,-4.0,-4.0,-0.014,-5.0,-2.011,-7.0,-5.0,-0.942,-0.083,0.97,-3.0,2.225,0.986,-1.0,-3.0,-3.0,-4.0,5.724,-0.011,-2.014,-0.265,-1.004,-6.0,-1.014,-1.0,-5.008,-4.0,-0.032,2.345,3.365,3.246,-2.001,-3.0,-0.062,-4.0,-2.023,-4.0,16.286,0.991,6.747,3.117,2.799,-3.0,5.734,-2.999,0.0,-3.0,-1.002,-2.005,3.591,2.335,-0.001,3.272,-0.009,0.068,1.197,-1.0,-3.022,1.209,10.047,-4.0,-1.022,-1.021,0.948,-5.0,-2.063,-2.0,-2.999,-2.032,1.406,0.0,-0.11,-2.0,1.485,-2.076,0.953,-1.049,-4.0,-2.0,13.258,-5.999,-3.0,4.526,-2.042,-4.0,5.715,-3.999,7.108,-3.0,-2.01,0.0,0.0,0.0,0.0,0.0,0.0,0.0,0.0,0.0,0.0
GoldS210,XAUUSDc,428,-0.758,-2.274,2,-0.0528,0.0,456,31.1404,1,5,0,0.01,1.9,1.5,0.0,1.0,15,1,-13.352,5,0,2,0,0.4,0.0,0.0,0.0,0.0,0.0,1.479,2.721,-4.0,-0.508,-1.502,-0.317,2.429,-0.507,-3.0,-0.002,-4.502,2.78,-2.0,-0.555,-3.0,-0.593,-0.795,1.679,3.7,-2.554,2.564,-4.0,-3.0,-0.36,0.307,-1.515,-4.0,-1.51,-1.511,1.015,1.465,-5.0,9.472,-0.58,2.469,-3.0,-0.515,0.489,-1.0,-3.0,-3.0,-4.0,2.399,-2.766,-2.51,4.856,0.946,-6.0,-1.511,-1.0,-3.014,0.594,1.933,1.291,1.439,4.971,-1.007,-3.0,3.442,-3.999,1.107,2.541,2.838,0.493,3.04,4.269,4.498,-0.525,5.077,9.627,-2.0,-2.0,-1.501,-2.503,-1.509,-0.568,1.994,4.248,0.944,0.09,0.093,-1.0,-3.517,2.74,2.419,-4.0,-1.516,0.931,-1.552,-2.502,-0.068,-2.0,10.55,-4.0,4.918,0.0,1.399,-2.0,0.794,1.602,0.465,-1.536,-1.526,-0.539,2.567,-3.519,-3.0,3.669,-0.041,-1.56,-1.532,-0.669,4.748,-3.999,0.94,0.0,0.0,0.0,0.0,0.0,0.0,0.0,0.0,0.0,0.0
GoldS210,XAUUSDc,211,-1.1807,-3.542,2,-0.1472,0.0,477,50.1048,1,11,0,0.01,1.7,1.0,0.0,1.0,15,1,-4.542,0,0,2,0,0.2,0.0,0.0,0.0,0.0,0.0,0.986,-1.008,-1.022,0.986,-0.015,-2.003,0.941,0.977,-1.047,-0.009,-4.001,-0.165,0.934,0.755,-3.0,-2.068,-1.071,1.979,-0.125,0.93,0.932,1.982,1.99,-2.012,-2.007,-0.059,-4.0,-0.049,-2.008,-0.061,2.89,1.99,0.968,-1.077,0.978,-3.0,0.935,-0.007,-1.0,-1.002,-0.001,-4.0,2.891,-1.147,-3.007,2.948,1.942,-2.016,-2.007,-1.0,-4.009,-2.007,2.922,-1.054,0.96,3.819,0.967,-3.0,1.955,-0.088,-1.026,0.962,4.953,0.99,-0.023,2.984,1.936,-0.016,3.977,-0.018,-1.103,-1.0,-1.001,-3.002,1.973,-1.059,1.985,-2.0,-0.046,-0.023,-1.015,-1.0,0.918,-1.034,0.946,-4.0,-2.011,1.926,-2.048,-2.017,3.922,-0.006,4.907,-2.004,1.965,0.0,-0.068,-2.0,0.941,-1.09,-0.023,-0.029,-0.019,0.973,3.924,-2.034,-2.007,-0.022,2.932,-2.055,-0.032,-0.097,1.965,-0.008,1.91,0.0,0.0,0.0,0.0,0.0,0.0,0.0,0.0,0.0,0.0
GoldS210,XAUUSDc,633,-11.335,-34.005,2,-0.4841,0.0,474,19.8312,1,7,0,0.01,1.9,2.0,0.0,0.5,15,1,-42.452,24,0,2,0,0.6,0.0,0.0,0.0,0.0,0.0,1.972,4.466,-4.0,-0.01,-3.999,-5.0,3.71,-0.009,-3.0,-0.005,-4.003,-2.0,-2.999,-4.0,-3.0,4.395,0.72,-4.0,0.21,1.297,-2.015,-5.0,1.777,1.771,-5.0,-4.0,-4.0,-0.014,2.205,10.118,0.074,-0.675,1.17,-3.0,0.97,-3.0,-3.0,-4.0,-3.0,-3.0,-3.0,-4.0,5.378,6.265,-2.014,2.72,-1.004,-6.0,-1.014,-1.0,0.968,-4.0,0.112,-4.0,0.947,4.797,-2.001,-3.0,-0.062,-4.0,-3.023,-4.0,16.209,0.991,8.445,3.117,1.717,-3.0,6.061,-3.0,-4.0,-4.0,-0.002,-2.005,3.74,4.351,-0.001,5.447,-0.009,0.068,1.197,-1.0,-6.0,-5.0,13.223,-4.0,-0.142,5.914,0.475,-5.0,-0.507,-2.0,-5.0,-4.0,0.1,0.0,-0.11,-2.0,-2.0,-2.076,0.953,2.153,-4.0,-2.0,14.372,-5.999,-4.0,3.616,-3.041,6.073,4.726,-5.0,8.753,-3.0,-2.009,0.0,0.0,0.0,0.0,0.0,0.0,0.0,0.0,0.0,0.0
GoldS210,XAUUSDc,99,-14.759,-44.277,2,-0.593,0.0,441,20.4082,1,11,0,0.01,1.5,2.0,0.0,1.0,15,1,-68.636,13,0,2,0,0.0,0.0,0.0,0.0,0.0,0.0,1.972,-2.01,-4.0,-0.01,-1.003,-5.0,0.938,-0.01,-3.0,-0.005,-4.003,-2.0,-2.0,0.924,-3.0,-2.809,0.365,-2.025,-2.0,-1.058,-1.015,-0.577,5.172,2.504,-3.0,-3.0,4.429,-1.014,3.663,3.047,-6.0,-6.0,-2.012,-0.083,0.97,-3.0,3.41,0.986,-1.0,-3.0,-3.0,-4.0,-0.065,-2.161,-2.014,24.296,-0.004,-6.0,-1.014,-1.0,0.414,-4.0,-0.032,3.135,3.388,0.913,-2.001,-4.0,-0.061,-3.999,-2.023,-4.0,-1.379,0.991,4.978,0.985,-0.014,-3.0,11.518,-2.999,-2.0,-2.0,-1.002,-2.005,-4.0,-4.0,-0.001,-4.0,-0.009,9.367,-0.031,-1.0,-3.022,-5.999,6.789,-4.0,-1.022,-3.0,-4.0,-5.0,-0.445,-2.0,-2.998,-2.032,3.911,0.0,-0.11,-2.0,1.484,-2.076,0.953,-0.049,-4.0,-2.0,29.121,-6.0,-3.0,1.955,-2.042,1.658,8.299,-4.0,6.441,-4.0,-0.01,0.0,0.0,0.0,0.0,0.0,0.0,0.0,0.0,0.0,0.0
GoldS210,XAUUSDc,259,-5.46,-10.92,3,-0.1609,0.0,488,18.6475,1,11,0,0.01,1.7,2.0,0.0,0.0,15,1,-35.279,19,0,2,0,0.2,0.0,0.0,0.0,0.0,0.0,1.972,10.41,-4.0,-4.0,-3.0,-6.0,10.31,-1.01,-3.0,-0.005,-4.002,-3.0,0.546,-4.0,-4.0,-3.809,0.365,-2.025,-5.0,-0.886,-3.015,0.423,4.172,3.504,-0.331,-4.0,-4.0,-0.014,5.256,-1.011,-6.0,-6.0,-2.012,3.13,0.971,-1.017,0.571,1.386,-2.0,-3.0,-4.0,-3.0,-2.843,6.903,-2.014,24.156,-1.004,-6.0,-1.014,-1.0,0.642,-4.0,-1.428,0.829,2.579,6.895,-3.001,-4.0,2.849,-4.0,1.547,-4.0,12.624,0.991,7.815,0.985,-0.014,-3.999,11.518,-3.0,-4.0,-4.0,-0.002,-2.005,-4.0,-5.0,-0.001,-3.999,-0.009,9.688,-0.031,-1.0,-3.022,-0.6,-2.008,-4.0,-0.48,-3.021,-2.006,-5.0,-0.445,-3.0,-4.999,-0.162,3.688,0.0,-0.11,-2.0,-2.0,-2.076,0.953,0.888,-4.0,-2.0,23.307,-6.0,-4.0,2.086,12.829,6.424,15.368,-6.0,3.94,-4.0,-0.01,0.0,0.0,0.0,0.0,0.0,0.0,0.0,0.0,0.0,0.0
GoldS210,XAUUSDc,297,4.888,9.776,3,0.1043,304.61,489,12.2699,1,7,0,0.01,1.9,2.5,0.0,0.0,15,1,-20.003,23,0,2,0,0.2,0.0,0.0,0.0,0.0,0.0,-1.0,11.329,-3.999,-4.0,-3.0,-6.0,-0.501,-0.512,-2.0,0.494,-3.503,-3.0,-5.0,-4.0,-4.0,8.844,2.791,-5.0,-0.94,1.262,-1.519,-1.193,-4.0,19.612,-5.0,-4.0,-4.0,0.483,12.42,-2.513,3.698,-6.999,4.435,-3.0,-1.524,3.994,-2.999,-6.0,-2.0,-2.999,-4.0,-3.0,-0.35,23.779,-5.0,-3.501,-4.0,-6.0,-4.0,-1.0,-4.189,-4.0,1.418,9.445,2.788,10.402,-3.501,-3.0,13.739,10.367,3.973,-4.0,20.634,1.546,20.178,3.963,-3.0,-3.999,19.025,-3.0,-4.0,-4.0,0.498,-1.506,-5.0,-4.0,-3.0,-3.999,-3.0,4.984,2.302,-1.0,-5.999,-5.0,3.008,-4.0,-0.406,-1.525,-1.508,-5.0,-5.0,-3.0,-6.0,-4.0,-5.0,0.0,0.852,-2.0,-2.0,-1.593,2.683,-2.56,-4.0,-2.0,-4.0,-6.0,-4.0,10.437,18.14,-3.0,-3.0,10.614,3.807,-4.0,9.669,0.0,0.0,0.0,0.0,0.0,0.0,0.0,0.0,0.0,0.0
GoldS210,XAUUSDc,157,-19.8083,-59.425,2,-0.6508,0.0,483,8.0745,1,7,0,0.01,1.5,3.0,0.0,0.5,15,1,-127.575,20,0,2,0,0.0,0.0,0.0,0.0,0.0,0.0,-1.0,-2.013,-4.0,-4.0,-3.0,-6.0,-1.0,0.986,-3.0,-3.0,-3.004,-3.0,-5.0,-4.0,-3.0,-5.0,4.584,-6.0,-6.0,11.479,-5.0,-5.0,-4.999,33.903,-4.999,-4.0,-4.0,-4.999,21.275,-2.016,-4.0,-7.0,17.459,-3.0,-1.029,-3.0,-2.999,-4.998,-2.0,-2.999,-4.0,-3.0,-5.999,11.279,-5.0,-6.0,-5.0,-6.0,-4.0,-1.0,-4.011,-4.0,3.724,-3.999,1.938,14.044,-0.239,-3.0,-1.999,-5.0,-5.0,-4.0,-6.0,2.066,64.15,6.71,-3.0,-2.999,26.099,-3.0,-4.0,-4.0,0.997,-1.007,-3.999,-4.0,-2.999,-4.0,-3.0,6.698,3.407,-1.0,-6.0,-4.999,4.492,-4.0,0.329,-5.0,7.693,-5.0,-5.0,-3.0,-5.0,-4.0,-5.0,0.0,4.816,-2.0,-3.0,-4.0,13.335,-2.072,-4.0,-2.0,-4.0,-6.0,-5.0,-4.0,-6.0,-3.0,-3.0,-5.999,5.193,-4.0,21.295,0.0,0.0,0.0,0.0,0.0,0.0,0.0,0.0,0.0,0.0
GoldS210,XAUUSDc,115,19.7087,29.563,4,0.4592,140.1,478,14.2259,1,11,0,0.01,1.7,2.5,0.0,0.0,15,1,-11.856,28,0,2,0,0.0,0.0,0.0,0.0,0.0,0.0,-1.0,17.403,-4.0,-4.0,-3.0,-6.0,-1.501,-0.512,-3.0,0.494,-3.503,-3.0,-5.0,-4.0,-4.0,-0.499,1.982,-4.0,-1.451,-0.317,-2.519,-3.0,7.086,12.478,0.534,-4.0,-4.0,0.483,11.861,-0.513,-6.0,-6.0,-1.515,4.704,-1.524,-4.0,1.311,2.84,-2.0,-2.999,-4.0,-3.0,-2.287,-8.0,-5.0,51.273,-4.0,-6.0,-4.0,-1.0,3.853,-4.0,0.498,3.681,3.57,10.522,-2.501,-4.0,9.737,-4.0,3.973,-4.0,1.322,1.558,19.531,1.526,-2.999,-3.998,16.859,-2.999,-4.0,-4.0,0.498,-1.506,-5.0,-4.0,4.095,-4.0,-2.999,5.752,0.461,-1.0,-2.528,0.83,-1.51,-4.0,0.163,-2.526,-1.508,-5.0,4.243,-3.0,-4.999,0.896,2.54,0.0,0.852,-2.0,-2.0,-1.593,1.441,5.116,-4.0,-2.0,-1.512,-6.0,-4.0,4.923,14.293,-3.0,-3.0,24.787,3.061,-5.0,4.851,0.0,0.0,0.0,0.0,0.0,0.0,0.0,0.0,0.0,0.0
GoldS210,XAUUSDc,210,-1.1807,-3.542,2,-0.1472,0.0,477,50.1048,1,9,0,0.01,1.7,1.0,0.0,1.0,15,1,-4.542,0,0,2,0,0.2,0.0,0.0,0.0,0.0,0.0,0.986,-1.008,-1.022,0.986,-0.015,-2.003,0.941,0.977,-1.047,-0.009,-4.001,-0.165,0.934,0.755,-3.0,-2.068,-1.071,1.979,-0.125,0.93,0.932,1.982,1.99,-2.012,-2.007,-0.059,-4.0,-0.049,-2.008,-0.061,2.89,1.99,0.968,-1.077,0.978,-3.0,0.935,-0.007,-1.0,-1.002,-0.001,-4.0,2.891,-1.147,-3.007,2.948,1.942,-2.016,-2.007,-1.0,-4.009,-2.007,2.922,-1.054,0.96,3.819,0.967,-3.0,1.955,-0.088,-1.026,0.962,4.953,0.99,-0.023,2.984,1.936,-0.016,3.977,-0.018,-1.103,-1.0,-1.001,-3.002,1.973,-1.059,1.985,-2.0,-0.046,-0.023,-1.015,-1.0,0.918,-1.034,0.946,-4.0,-2.011,1.926,-2.048,-2.017,3.922,-0.006,4.907,-2.004,1.965,0.0,-0.068,-2.0,0.941,-1.09,-0.023,-0.029,-0.019,0.973,3.924,-2.034,-2.007,-0.022,2.932,-2.055,-0.032,-0.097,1.965,-0.008,1.91,0.0,0.0,0.0,0.0,0.0,0.0,0.0,0.0,0.0,0.0
GoldS210,XAUUSDc,418,-2.9652,-17.791,1,-0.3801,0.0,492,27.8455,1,9,0,0.01,1.9,1.5,0.0,0.5,15,1,-25.72,9,0,2,0,0.4,0.0,0.0,0.0,0.0,0.0,1.479,2.638,-4.0,-1.508,-3.0,-5.0,5.443,-0.506,-4.0,-0.504,-4.502,-3.0,-0.749,-4.0,-3.0,3.929,-1.22,1.066,-1.925,0.81,-1.023,-1.478,-3.0,-0.398,-2.511,-4.0,-4.0,-0.51,3.418,2.99,6.032,-5.0,5.103,-3.0,6.691,-3.0,-0.515,1.582,-2.0,-2.999,-4.0,-3.0,5.272,0.613,-2.51,5.384,-1.503,-1.609,-1.511,-1.0,-3.014,-1.51,-1.194,-0.373,0.486,5.302,-1.007,-3.0,3.442,-4.0,0.716,2.531,5.778,0.493,3.695,1.987,7.236,2.093,3.468,8.651,-4.0,-3.999,-0.501,-2.503,-1.509,0.761,2.731,6.102,0.944,-1.025,0.093,-1.0,-1.937,1.368,3.002,-4.0,-1.123,0.351,-2.505,-2.502,1.078,-2.0,2.221,-4.0,4.436,0.0,1.399,-2.0,-3.0,-2.559,0.465,2.569,-1.526,-0.539,4.401,-0.802,-5.0,0.966,-1.041,1.964,3.051,-6.0,7.136,-3.0,-3.507,0.0,0.0,0.0,0.0,0.0,0.0,0.0,0.0,0.0,0.0
GoldS210,XAUUSDc,479,20.3907,30.586,4,0.6137,81.15,468,15.1709,1,11,0,0.01,1.9,2.5,0.0,0.0,15,1,5.764,31,0,2,0,0.4,0.0,0.0,0.0,0.0,0.0,-1.0,10.739,-4.0,-4.0,-3.0,-5.0,-0.5,-0.511,-3.0,0.494,-3.503,-3.0,-5.0,-4.0,-4.0,-0.499,1.982,-4.0,-1.451,-0.317,-1.519,-4.0,7.086,11.297,0.533,-4.0,-4.0,0.483,12.86,-0.513,-6.0,-6.0,-0.515,4.704,-1.524,-4.0,1.311,2.84,-2.0,-3.0,-4.0,-3.0,12.807,1.408,-5.0,34.676,-4.0,-6.0,-4.0,-1.0,3.853,-4.0,0.498,3.681,3.57,8.057,-2.501,-4.0,-2.0,-4.0,3.605,-4.0,3.323,0.558,15.23,1.526,-3.0,-4.0,12.277,-2.999,-4.0,-3.999,0.498,-1.506,-4.0,-5.0,3.451,14.006,-3.0,5.752,0.461,-1.0,-2.528,0.83,19.191,-4.0,0.163,-1.526,-1.508,-5.0,3.064,-3.0,-4.999,0.896,2.54,0.0,0.852,-2.0,-2.0,-1.593,1.441,5.116,-4.0,-2.0,-1.512,-5.999,-4.0,4.923,5.971,-3.0,-3.0,14.642,3.061,-4.0,3.852,0.0,0.0,0.0,0.0,0.0,0.0,0.0,0.0,0.0,0.0
GoldS210,XAUUSDc,68,7.813,15.626,3,0.2824,150.31,459,29.6296,1,5,0,0.01,1.9,1.5,0.0,1.0,15,1,-7.861,12,0,2,0,0.0,0.0,0.0,0.0,0.0,0.0,1.479,-2.508,-4.0,-0.508,-1.502,-0.317,2.429,-0.506,-3.0,-0.002,-4.502,8.91,-2.0,-0.555,-3.0,-2.157,-0.795,-2.519,-2.0,-2.554,2.564,-4.0,-4.0,0.96,0.307,-1.515,-4.0,-1.51,-1.511,1.015,-2.862,-5.0,0.525,-0.58,2.469,-3.0,-0.515,0.489,-1.0,-3.0,-3.0,-4.0,3.402,-2.446,-2.51,11.128,0.946,-6.0,-1.511,-1.0,-3.014,0.594,1.933,1.291,1.439,5.855,-1.007,-3.0,3.442,-3.999,1.107,2.541,3.884,0.493,-0.076,4.358,6.384,-0.525,8.003,17.751,-3.0,-2.0,-1.501,-2.503,-1.509,0.955,1.994,4.423,0.944,0.09,0.093,-1.0,-3.517,2.74,2.419,-4.0,-1.516,0.931,-1.552,-2.502,-0.068,-2.0,22.959,-4.0,4.918,0.0,1.399,-2.0,0.794,1.602,0.465,-1.536,-1.526,-0.539,5.327,-3.519,-1.513,8.272,-0.041,-1.56,-1.532,-0.646,4.748,-4.0,0.941,0.0,0.0,0.0,0.0,0.0,0.0,0.0,0.0,0.0,0.0
GoldS210,XAUUSDc,162,2.3467,14.08,1,0.1312,605.3,473,9.3023,1,9,0,0.01,1.7,3.0,0.0,0.5,15,1,-71.146,21,0,2,0,0.0,0.0,0.0,0.0,0.0,0.0,-1.0,50.338,-4.0,-4.0,-3.0,-6.0,-1.001,0.986,-4.0,-3.0,-3.004,-3.0,-5.0,-4.0,-3.0,-5.0,3.076,-5.0,-5.0,11.479,-4.999,-5.0,-3.999,23.978,-4.0,-4.0,-4.0,-5.0,11.782,-1.016,-4.0,-7.0,5.558,-3.0,-1.028,-3.0,-3.0,-3.999,-2.0,-2.999,-4.0,-3.0,-5.999,-3.153,-4.999,-5.0,-5.0,-6.0,-4.0,-1.0,8.789,-3.999,3.724,6.292,1.938,14.044,-2.001,-3.0,-1.999,-5.0,-5.0,-4.0,-5.999,2.066,45.896,5.92,-2.999,-2.999,83.227,-2.999,-4.0,-4.0,0.997,-1.007,-4.0,-4.0,-3.0,-4.0,-2.999,2.914,3.407,-1.0,4.066,-6.0,-1.012,-4.0,0.805,-6.0,-1.01,-5.0,4.97,-2.0,-3.999,1.954,0.037,0.0,3.42,-2.0,-3.0,-4.0,8.04,10.006,-4.0,-2.0,-3.999,-6.0,-5.0,-4.0,-5.999,-3.0,-3.0,-5.999,4.386,-4.0,6.2,0.0,0.0,0.0,0.0,0.0,0.0,0.0,0.0,0.0,0.0
GoldS210,XAUUSDc,230,-12.59,-25.18,3,-0.3491,0.0,497,25.7545,1,9,0,0.01,1.5,1.5,0.0,0.5,15,1,-42.604,14,0,2,0,0.2,0.0,0.0,0.0,0.0,0.0,1.479,5.648,-4.0,-1.508,-3.0,-6.0,-0.016,-0.507,-4.0,-0.504,-4.502,-3.0,-0.749,-4.0,-3.0,13.424,-1.22,2.54,-1.925,2.021,-1.023,-1.478,-3.0,-0.04,-2.511,-4.0,-4.0,-2.51,-1.511,-2.508,10.826,-6.0,-0.017,-3.0,-0.021,-3.0,-0.515,-3.999,-2.0,-2.999,-4.0,-3.0,-3.563,0.613,-2.51,8.805,-1.503,-1.609,-1.511,-1.0,-3.014,-1.51,-1.194,-0.373,0.486,5.895,-1.007,-3.0,3.442,-4.0,0.716,2.531,3.325,0.493,5.024,1.986,9.756,2.269,3.467,9.399,-4.0,-4.0,-0.501,-2.503,-1.509,3.672,2.731,6.521,0.944,-1.025,0.093,-1.0,-1.937,1.368,7.934,-4.0,-1.123,0.351,-2.505,-2.502,1.078,-2.0,2.221,-4.0,4.436,0.0,1.399,-2.0,-3.0,-2.559,0.465,3.25,-1.526,-0.539,7.162,-0.457,-5.0,0.966,-1.041,1.964,3.076,-6.0,7.136,-4.0,-2.508,0.0,0.0,0.0,0.0,0.0,0.0,0.0,0.0,0.0,0.0
GoldS210,XAUUSDc,815,-7.1867,-21.56,2,-0.491,0.0,451,24.3902,1,11,0,0.01,1.9,2.0,0.0,0.5,15,1,-27.018,6,0,2,0,0.8,0.0,0.0,0.0,0.0,0.0,1.972,4.638,-4.0,-0.01,-4.0,-5.0,6.546,-0.01,-3.0,-0.005,-3.003,4.025,-1.999,-4.0,-3.0,1.283,4.455,-4.0,-5.0,0.421,2.473,3.562,2.11,0.134,-0.332,-4.0,-4.0,-0.014,0.968,4.386,0.919,-6.0,-1.012,1.294,0.97,-3.0,5.174,0.491,-2.0,-2.0,-3.0,-4.0,3.247,1.685,-2.014,7.094,-1.004,-6.0,-1.014,-1.0,-0.067,-4.0,-0.18,1.599,-0.053,2.455,-2.001,-3.0,-0.062,-4.0,-2.023,-4.0,10.075,0.991,-0.044,0.985,0.986,-2.0,4.886,-3.0,0.0,-5.0,-0.002,-2.005,0.484,1.902,-0.001,6.619,-0.009,4.601,-0.031,-1.0,-2.021,-1.406,7.229,-4.0,-0.48,-2.021,-0.091,-5.0,-1.378,-2.0,-3.999,-0.987,3.555,0.0,-0.11,-2.0,-2.0,-2.076,0.953,0.888,4.368,-2.0,9.772,-6.0,-4.0,1.955,3.679,2.023,4.221,-5.0,6.841,-3.0,-1.01,0.0,0.0,0.0,0.0,0.0,0.0,0.0,0.0,0.0,0.0
GoldS210,XAUUSDc,178,89.7158,107.659,5,1.9024,79.16,426,11.7371,1,9,0,0.01,1.9,3.0,0.0,1.0,15,1,22.433,21,0,2,0,0.0,0.0,0.0,0.0,0.0,0.0,-1.0,51.335,-4.0,-3.0,-4.0,-5.0,-0.001,0.986,-3.0,-3.0,-3.004,-2.0,-1.999,7.585,-3.0,-5.0,3.076,-5.0,-2.0,-0.067,-3.999,-5.0,-3.999,23.978,-3.0,-4.0,-4.0,-4.0,11.782,-0.016,-4.0,-6.0,5.558,0.91,-1.029,-3.0,15.838,1.979,-1.0,-3.0,-3.0,-4.0,-3.0,-2.153,-4.999,-5.0,-4.0,-6.0,-4.0,-1.0,8.789,-3.999,1.953,-3.0,24.853,13.178,-2.001,-3.0,-1.999,-4.999,-4.0,-4.0,-5.999,2.066,34.849,5.92,-2.999,-3.0,83.227,-2.999,-2.0,-2.0,-0.003,-1.007,-4.0,-4.0,-3.0,-4.0,-2.999,2.914,3.407,-1.0,-1.033,-6.0,3.865,-4.0,-0.033,-3.0,17.176,-5.0,4.97,-2.0,-2.999,-1.04,2.724,0.0,3.42,-2.0,2.897,-4.0,8.04,0.927,-4.0,-2.0,13.741,-6.0,-3.0,-4.0,-5.0,-4.0,-3.0,-4.999,-0.005,-4.0,11.095,0.0,0.0,0.0,0.0,0.0,0.0,0.0,0.0,0.0,0.0
GoldS210,XAUUSDc,128,-21.5438,-129.263,1,-0.8933,0.0,494,10.1215,1,5,0,0.01,1.9,2.5,0.0,0.5,15,1,-157.468,18,0,2,0,0.0,0.0,0.0,0.0,0.0,0.0,-1.0,-2.51,-4.0,-4.0,-3.0,-5.999,-1.501,0.488,-3.0,1.787,-3.503,-3.0,-5.0,-4.0,-3.0,12.186,2.791,-6.0,-6.0,-5.0,-2.518,-0.191,-4.0,25.205,-5.0,-4.0,-4.0,-1.517,-5.0,-2.513,-7.0,-6.0,0.08,4.631,-1.523,-3.0,-3.0,-5.0,-2.0,-2.999,-4.0,-3.0,5.716,7.047,-5.0,2.085,-4.0,-6.0,-4.0,-1.0,-4.51,-4.0,2.418,-4.0,1.442,11.278,-2.501,-3.0,-2.0,-5.0,-1.528,-4.0,13.263,14.288,-6.0,4.926,11.47,-2.999,0.472,-3.0,-4.0,-4.0,0.498,-1.506,-4.0,-4.0,12.971,-4.0,-3.0,4.11,2.302,-1.0,-6.0,-5.0,2.535,-4.0,0.163,-2.526,3.047,-4.999,-5.0,-3.0,-5.0,-4.0,-5.0,0.0,0.852,-2.0,-3.0,-1.593,2.683,-2.561,-4.0,-2.0,-5.0,-6.0,-5.0,23.054,-6.0,-3.0,-4.0,-6.0,-4.0,-4.0,14.446,0.0,0.0,0.0,0.0,0.0,0.0,0.0,0.0,0.0,0.0
GoldS210,XAUUSDc,630,-3.3975,-6.795,3,-0.1061,0.0,466,21.6738,1,9,0,0.01,1.7,2.0,0.0,0.5,15,1,-15.81,23,0,2,0,0.6,0.0,0.0,0.0,0.0,0.0,1.972,5.497,-4.0,-0.01,-4.0,-5.0,3.462,-0.01,-4.0,-0.005,-4.003,-2.0,-2.999,-4.0,-3.0,5.015,0.152,-4.0,-5.0,1.297,-2.015,-0.474,2.578,0.748,-0.332,-4.0,-4.0,-0.014,2.075,6.291,0.053,-6.0,-1.011,-3.0,0.97,-3.0,-3.0,2.617,-2.0,-3.0,-3.0,-4.0,3.982,3.022,-2.014,11.391,-1.004,-6.0,-1.014,-1.0,0.414,-4.0,0.112,1.022,0.947,3.796,-2.001,-3.0,-0.062,-4.0,-3.023,-4.0,16.55,0.991,7.417,0.985,-0.014,-2.0,6.061,-3.0,0.0,-5.0,-0.002,-2.005,2.114,4.167,-0.001,10.164,-0.009,6.433,1.197,-1.0,-0.647,0.114,10.398,-4.0,-0.48,3.203,-2.006,-5.0,-0.507,-2.0,-4.0,-0.162,3.765,0.0,-0.11,-2.0,-2.0,-2.076,0.953,3.152,-4.0,-2.0,13.577,-6.0,-4.0,1.955,-1.608,4.862,5.687,-5.0,9.674,-3.0,-2.009,0.0,0.0,0.0,0.0,0.0,0.0,0.0,0.0,0.0,0.0
GoldS210,XAUUSDc,705,-11.0297,-33.089,2,-0.4501,0.0,454,10.793,1,7,0,0.01,1.9,3.0,0.0,0.5,15,1,-60.184,30,0,2,0,0.6,0.0,0.0,0.0,0.0,0.0,-1.0,14.521,-4.0,-3.0,-3.999,-5.0,-0.001,0.987,-3.0,-3.0,-3.004,-2.0,-2.999,-4.0,-3.0,-3.0,4.058,-4.0,3.616,4.296,-5.0,-5.0,4.683,13.351,-5.0,-4.0,-4.0,-3.0,8.976,-1.016,-4.0,-5.0,3.704,-3.0,-1.029,-3.0,-3.0,-4.0,-3.0,-3.0,-3.0,-4.0,4.732,3.014,-5.0,10.477,-5.0,-6.0,-4.0,-1.0,10.063,-4.0,3.724,-4.0,1.938,11.095,0.761,-3.0,-2.0,-5.0,-5.0,-4.0,-3.999,1.066,23.095,6.66,-3.0,-3.0,12.375,-3.0,-4.0,-4.0,0.997,-1.007,-4.0,-3.0,5.404,13.624,-3.0,4.538,3.407,-1.0,-6.0,-5.0,11.65,-4.0,1.329,-5.999,4.746,-5.0,9.739,-2.0,-5.0,-4.0,-5.0,0.0,4.816,-2.0,-2.0,-4.0,12.696,-2.072,-4.0,-2.0,19.746,-5.999,-4.0,-4.0,-5.999,-3.0,-3.0,-5.0,2.269,-3.0,5.881,0.0,0.0,0.0,0.0,0.0,0.0,0.0,0.0,0.0,0.0
GoldS210,XAUUSDc,890,-9.006,-18.012,3,-0.3911,0.0,401,14.7132,1,9,0,0.01,1.5,3.0,0.0,1.0,15,1,-32.542,31,0,2,0,0.8,0.0,0.0,0.0,0.0,0.0,-1.0,11.397,-4.0,-3.0,-4.0,-4.0,-0.001,0.986,-3.0,-3.0,-2.004,-2.0,-1.999,3.877,-3.0,-2.0,2.019,-4.0,-1.0,8.156,-2.999,-4.0,3.784,9.351,-3.0,-4.0,-4.0,-1.999,5.386,-0.016,-3.0,-6.0,2.29,0.91,-1.029,-3.0,14.439,1.979,-1.0,-3.0,-2.999,-4.0,2.906,-3.153,-5.0,3.083,-4.0,-6.0,-4.0,-1.0,7.037,-4.0,1.953,6.356,7.007,7.972,-1.001,-3.0,-2.0,-5.0,-4.0,-4.0,-4.0,1.066,7.397,4.305,5.273,-3.0,12.53,-3.0,0.0,-3.0,-0.003,-1.007,-4.0,-3.0,4.667,4.862,-3.0,1.044,3.407,-1.0,-1.033,-5.0,4.865,-4.0,-0.033,-3.0,3.348,-5.0,2.723,-2.0,-3.0,-1.04,2.724,0.0,3.42,-2.0,2.897,-4.0,8.04,0.927,9.541,-2.0,10.898,-6.0,-3.0,-3.999,-4.0,-4.0,-3.0,-3.999,-0.005,-3.0,3.485,0.0,0.0,0.0,0.0,0.0,0.0,0.0,0.0,0.0,0.0
GoldS210,XAUUSDc,403,-6.1345,-12.269,3,-0.2906,0.0,494,28.1377,1,11,0,0.01,1.7,1.5,0.0,0.0,15,1,-20.003,6,0,2,0,0.4,0.0,0.0,0.0,0.0,0.0,1.479,2.324,-4.0,-4.0,-3.0,-5.0,11.207,-1.506,-3.0,-0.504,-4.502,-3.0,-0.749,-4.0,-4.0,-4.503,-1.251,1.066,2.399,-1.455,-1.023,-0.478,1.258,0.602,-2.511,-4.0,-4.0,-0.51,3.96,3.663,-0.151,-5.0,5.103,1.556,5.377,-1.513,2.318,-0.068,-2.0,-3.0,-4.0,-3.0,5.438,3.904,-2.51,8.296,-1.503,-1.609,-1.511,-1.0,-2.879,-1.51,-2.353,-0.454,1.658,4.866,-2.007,-3.0,7.289,-4.0,4.139,-0.038,6.018,0.493,3.117,1.986,5.248,0.263,3.467,8.117,-4.0,-3.999,-0.501,-2.503,-1.509,-5.0,2.731,8.483,2.385,-1.025,-0.523,-1.0,-3.517,3.447,6.228,-4.0,-1.123,-0.069,-2.505,-2.502,1.123,-3.0,1.221,-4.0,3.972,0.0,1.399,-2.0,-2.0,-2.559,0.465,-0.083,-1.526,-0.539,5.365,-0.802,-4.0,1.061,-0.04,1.964,3.831,-6.0,2.375,-3.0,-1.507,0.0,0.0,0.0,0.0,0.0,0.0,0.0,0.0,0.0,0.0
GoldS210,XAUUSDc,38,-7.8717,-23.615,2,-0.2615,0.0,502,24.3028,1,9,0,0.01,1.5,1.5,0.0,0.0,15,1,-53.881,13,0,2,0,0.0,0.0,0.0,0.0,0.0,0.0,1.479,4.334,-4.0,-4.0,-3.0,-6.0,3.321,-1.507,-3.0,-0.504,-4.502,-3.0,-0.749,-4.0,-4.0,-3.069,-1.22,2.54,-1.925,-1.455,-1.023,-1.478,-4.0,0.96,-2.511,-4.0,-4.0,-2.51,-3.511,-1.508,10.503,-6.0,-0.017,-3.0,-0.021,0.064,-0.515,-3.999,-2.0,-2.999,-4.0,-3.0,-3.397,-1.752,-2.51,12.999,-1.503,-1.609,-1.511,-1.0,-2.879,-1.51,-2.353,-0.454,1.525,11.204,-2.007,-3.0,1.493,-4.0,4.355,2.531,-5.0,0.493,5.024,1.987,9.756,0.263,3.467,8.399,-3.0,-4.0,-0.501,-2.503,-2.509,-4.0,2.731,13.322,2.385,4.305,0.093,-1.0,-1.937,0.799,28.76,-4.0,-1.123,0.351,-2.505,-2.502,1.078,-2.0,1.221,-4.0,4.436,0.0,1.399,-2.0,-2.0,-2.559,0.465,3.25,-1.526,-0.539,7.162,-0.457,-4.0,1.061,-2.502,1.964,6.026,-6.0,3.059,-4.0,-2.508,0.0,0.0,0.0,0.0,0.0,0.0,0.0,0.0,0.0,0.0
GoldS210,XAUUSDc,377,-6.0413,-18.124,2,-0.4895,0.0,513,42.6901,1,7,0,0.01,1.7,1.0,0.0,0.5,15,1,-22.695,0,0,2,0,0.4,0.0,0.0,0.0,0.0,0.0,0.986,-2.007,0.069,-0.014,-3.0,-1.034,2.573,2.554,-1.047,-0.009,-4.001,-3.0,-5.0,-4.0,-3.0,0.439,-0.6,3.523,-3.02,1.537,-0.025,1.56,2.314,-2.012,-5.0,-4.0,-4.0,1.339,-2.008,2.426,4.156,6.679,0.968,-3.0,2.954,-3.0,-1.01,-1.007,-2.0,0.996,-0.828,-3.0,2.582,1.007,-3.007,6.493,-0.009,-2.016,-2.007,-1.0,-4.009,-2.007,-0.52,-4.0,-0.009,4.036,2.074,-3.0,2.748,2.237,-0.026,0.962,2.978,-1.004,1.75,2.984,4.104,1.575,5.758,-0.018,-2.006,-3.999,-1.001,-3.002,1.973,-2.559,3.933,-2.0,-0.046,-0.023,-1.015,-1.0,1.751,-1.034,-0.207,-4.0,-2.613,2.694,-2.048,-2.017,3.922,-3.0,4.677,-2.004,1.294,0.0,-0.068,-2.0,-1.037,-3.042,-0.023,3.18,-0.019,0.973,1.927,-0.562,-5.0,-0.022,1.933,0.51,-0.032,-1.034,3.976,-0.008,2.447,0.0,0.0,0.0,0.0,0.0,0.0,0.0,0.0,0.0,0.0
GoldS210,XAUUSDc,321,3.3977,10.193,2,0.2141,251.49,436,14.4495,1,7,0,0.01,1.9,2.5,0.0,1.0,15,1,-15.441,23,0,2,0,0.2,0.0,0.0,0.0,0.0,0.0,-1.0,-1.513,-4.0,-3.0,-0.504,-4.0,-0.501,0.488,-3.0,0.494,-3.502,-2.0,-1.999,4.255,-3.0,9.844,2.791,-5.0,-2.0,-0.563,0.481,-5.0,-4.0,19.612,-3.0,-4.0,-4.0,-0.517,14.42,-1.513,3.698,-5.999,4.435,0.413,-1.524,-3.0,9.927,1.482,-1.0,-3.0,-3.0,-4.0,11.238,7.209,-5.0,-3.501,-3.0,-6.0,-4.0,-1.0,-4.51,-4.0,1.461,-3.0,14.545,9.952,-2.501,-3.0,-1.999,-4.999,-0.529,-4.0,20.634,1.546,14.493,4.926,-3.0,-3.0,19.025,-3.0,-2.0,-2.0,-0.502,-1.506,-4.0,-4.0,-3.0,-4.0,-3.0,3.97,2.302,-1.0,-2.527,-5.0,15.446,-4.0,-0.527,-0.526,9.213,-5.0,-5.0,-2.0,-3.0,-1.536,-3.999,0.0,0.852,-2.0,2.191,-1.593,2.683,-0.561,-4.0,-2.0,-4.0,-5.999,-0.522,14.485,-5.0,-4.0,-3.0,4.076,-0.504,-4.0,12.082,0.0,0.0,0.0,0.0,0.0,0.0,0.0,0.0,0.0,0.0
GoldS210,XAUUSDc,813,-4.7613,-14.284,2,-0.2862,0.0,458,23.3624,1,7,0,0.01,1.9,2.0,0.0,0.5,15,1,-20.781,8,0,2,0,0.8,0.0,0.0,0.0,0.0,0.0,1.972,5.139,-4.0,-0.01,-4.0,-5.0,6.546,-0.01,-3.0,-0.005,-3.003,-2.0,-3.0,-4.0,-3.0,1.541,4.919,-4.0,-0.839,0.421,2.474,0.579,1.025,0.346,-5.0,-4.0,-4.0,-0.014,0.976,7.747,0.334,-1.589,0.243,-3.0,0.972,-3.0,1.629,-4.0,-3.0,0.416,-3.0,-4.0,4.364,3.562,-2.014,9.348,-1.004,-6.0,-1.014,-1.0,0.226,-3.999,-2.148,-3.0,-0.053,9.212,-2.001,-3.0,-0.062,-4.0,-3.023,-4.0,11.612,0.991,5.228,2.379,2.162,-3.0,4.886,-3.0,0.0,-5.0,-0.002,-2.005,1.849,2.058,-0.001,7.55,-0.009,4.049,1.197,-1.0,-6.0,-5.0,11.041,-4.0,-0.198,3.646,-0.014,-5.0,-1.378,-2.0,-4.0,-4.0,4.922,0.0,-0.11,-2.0,-2.0,-2.076,0.953,2.223,4.486,-2.0,10.921,-6.0,-4.0,3.062,1.906,3.575,4.13,-5.0,6.489,-3.0,-1.009,0.0,0.0,0.0,0.0,0.0,0.0,0.0,0.0,0.0,0.0
GoldS210,XAUUSDc,604,-1.763,-5.289,2,-0.1335,0.0,453,32.8918,1,5,0,0.01,1.7,1.5,0.0,1.0,15,1,-11.465,2,0,2,0,0.6,0.0,0.0,0.0,0.0,0.0,1.479,1.585,-4.0,-0.508,-1.502,-0.711,2.429,-0.507,-3.0,-0.002,-4.502,1.725,-2.0,-0.555,-3.0,-1.424,-0.948,0.91,2.134,-2.554,2.564,-3.0,1.2,-1.13,-0.018,-1.515,-4.0,-0.51,-2.511,0.697,0.482,-5.0,6.538,-0.58,2.469,-3.0,3.075,0.489,-1.0,1.45,-3.0,-4.0,5.053,-2.92,-2.51,2.655,0.946,-6.0,-1.511,-1.0,-3.014,-0.134,1.933,0.807,1.439,3.816,-2.501,-3.0,3.442,-4.0,1.107,1.849,1.789,0.493,1.559,3.679,3.31,-0.525,4.413,6.335,0.0,-3.0,-1.501,-2.503,3.164,-0.959,1.994,2.398,0.944,0.025,0.093,-1.0,-3.517,5.623,2.419,-4.0,-1.516,0.931,-1.552,-2.502,-0.068,-2.0,5.648,-4.0,4.386,0.0,1.399,-2.0,0.795,0.976,0.465,-1.536,-1.526,-0.539,6.921,-3.518,-3.0,2.446,-0.041,-1.56,2.092,-1.287,4.748,-3.0,1.11,0.0,0.0,0.0,0.0,0.0,0.0,0.0,0.0,0.0,0.0
GoldS210,XAUUSDc,747,-1.1807,-3.542,2,-0.1472,0.0,477,50.1048,1,11,0,0.01,1.5,1.0,0.0,1.0,15,1,-4.542,0,0,2,0,0.8,0.0,0.0,0.0,0.0,0.0,0.986,-1.008,-1.022,0.986,-0.015,-2.003,0.941,0.977,-1.047,-0.009,-4.001,-0.165,0.934,0.755,-3.0,-2.068,-1.071,1.979,-0.125,0.93,0.932,1.982,1.99,-2.012,-2.007,-0.059,-4.0,-0.049,-2.008,-0.061,2.89,1.99,0.968,-1.077,0.978,-3.0,0.935,-0.007,-1.0,-1.002,-0.001,-4.0,2.891,-1.147,-3.007,2.948,1.942,-2.016,-2.007,-1.0,-4.009,-2.007,2.922,-1.054,0.96,3.819,0.967,-3.0,1.955,-0.088,-1.026,0.962,4.953,0.99,-0.023,2.984,1.936,-0.016,3.977,-0.018,-1.103,-1.0,-1.001,-3.002,1.973,-1.059,1.985,-2.0,-0.046,-0.023,-1.015,-1.0,0.918,-1.034,0.946,-4.0,-2.011,1.926,-2.048,-2.017,3.922,-0.006,4.907,-2.004,1.965,0.0,-0.068,-2.0,0.941,-1.09,-0.023,-0.029,-0.019,0.973,3.924,-2.034,-2.007,-0.022,2.932,-2.055,-0.032,-0.097,1.965,-0.008,1.91,0.0,0.0,0.0,0.0,0.0,0.0,0.0,0.0,0.0,0.0
GoldS210,XAUUSDc,325,3.9957,11.987,2,0.1196,568.53,483,8.9027,1,7,0,0.01,1.5,3.0,0.0,0.0,15,1,-56.163,22,0,2,0,0.2,0.0,0.0,0.0,0.0,0.0,-1.0,18.344,-3.999,-4.0,-3.0,-6.0,-0.001,-0.014,-2.0,-3.0,-3.004,-3.0,-5.0,-4.0,-4.0,-6.0,4.584,-5.0,0.3,2.248,-5.0,-5.0,-5.0,33.903,-5.0,-4.0,-4.0,-2.999,19.275,-2.016,-4.0,-6.999,18.46,-3.0,-1.029,5.943,-2.999,-6.0,-2.0,-2.999,-4.0,-3.0,-5.999,35.505,-5.0,-6.0,-5.0,-6.0,-4.0,-1.0,-3.597,-4.0,2.724,15.65,3.587,13.729,-1.239,-3.0,-3.0,13.397,-4.0,-4.0,-6.0,2.066,64.15,5.488,-3.0,-3.999,26.099,-3.0,-4.0,-4.0,0.997,-1.007,-5.0,-4.0,-3.0,-3.999,-3.0,7.978,3.407,-1.0,-5.999,-5.0,4.492,-4.0,0.329,-4.999,-1.01,-5.0,-5.0,-3.0,-6.0,-4.0,-5.0,0.0,4.816,-2.0,-2.0,-4.0,9.873,-2.072,-4.0,-2.0,-4.0,-6.0,-4.0,-4.0,-4.0,-3.0,-3.0,-6.0,5.193,-4.0,15.429,0.0,0.0,0.0,0.0,0.0,0.0,0.0,0.0,0.0,0.0
GoldS210,XAUUSDc,660,-26.408,-79.224,2,-0.8392,0.0,470,12.9787,1,5,0,0.01,1.5,2.5,0.0,0.5,15,1,-93.021,28,0,2,0,0.6,0.0,0.0,0.0,0.0,0.0,-1.0,9.852,-4.0,-3.0,-4.0,-5.0,-0.501,0.488,-3.0,1.787,-3.503,-2.0,-3.0,-4.0,-3.0,-3.0,2.39,-4.0,1.904,4.409,-2.519,-0.192,5.415,5.919,-5.0,-4.0,-4.0,0.483,-5.0,-2.513,-7.0,-5.0,0.081,3.432,-1.524,-3.0,-3.0,-4.0,-3.0,-3.0,-3.0,-4.0,10.084,1.226,-5.0,12.49,-4.0,-6.0,-4.0,-1.0,-4.51,-4.0,2.418,-4.0,1.442,6.807,-1.501,-3.0,-2.0,-5.0,-1.527,-4.0,10.01,4.202,5.209,4.889,5.45,-3.0,9.457,-2.999,-4.0,-4.0,0.498,-1.506,-4.0,-3.0,5.826,10.739,-3.0,2.449,2.302,-1.0,-6.0,-5.0,15.898,-4.0,0.163,-2.526,1.847,-5.0,0.826,-2.0,-5.0,-4.0,5.111,0.0,0.852,-2.0,-1.999,-1.593,2.683,-2.561,-4.0,-2.0,10.798,-6.0,-5.0,10.596,-6.0,-3.0,-4.0,-5.0,-4.0,-3.0,2.818,0.0,0.0,0.0,0.0,0.0,0.0,0.0,0.0,0.0,0.0
GoldS210,XAUUSDc,579,3.411,6.822,3,0.2024,63.25,484,31.405,1,11,0,0.01,1.5,1.5,0.0,0.0,15,1,2.507,0,0,2,0,0.6,0.0,0.0,0.0,0.0,0.0,1.479,1.434,-4.0,1.386,-4.0,-5.0,6.656,-1.507,-3.0,-0.504,-4.502,2.651,-3.0,-4.0,-4.0,0.363,-1.379,3.934,1.664,-1.455,-1.023,-0.478,1.543,-1.288,-2.511,-4.0,-4.0,-0.51,4.646,2.531,-0.397,-5.0,3.938,0.963,4.067,-1.513,2.318,-0.068,-2.0,1.65,-3.0,-4.0,6.403,5.684,-2.51,7.11,-1.503,-1.974,-1.511,-1.0,-2.879,-1.51,-2.353,-0.454,1.658,4.565,-3.501,-3.0,5.559,-4.0,2.451,-0.038,3.439,0.493,1.483,5.694,4.403,-0.396,3.467,5.478,-4.0,-4.0,-0.501,-2.503,2.317,0.365,2.731,4.191,1.985,-1.025,-0.523,-1.0,-2.517,3.447,2.789,-4.0,-1.123,-0.068,-2.505,-2.502,1.078,-2.0,1.221,-4.0,3.729,0.0,1.399,-2.0,-2.0,-2.559,0.465,-0.083,-1.526,-0.539,11.949,-2.053,-4.0,1.061,-0.04,1.289,2.443,-0.816,6.808,-3.0,2.092,0.0,0.0,0.0,0.0,0.0,0.0,0.0,0.0,0.0,0.0
GoldS210,XAUUSDc,517,8.927,17.854,3,0.2996,316.85,467,9.4218,1,7,0,0.01,1.5,3.0,0.0,0.5,15,1,-38.717,25,0,2,0,0.4,0.0,0.0,0.0,0.0,0.0,-1.0,20.778,-4.0,-4.0,-3.0,-5.0,-0.001,0.986,-3.0,-3.0,-3.004,-3.0,-5.0,-4.0,-3.0,-3.0,4.584,-5.0,-6.0,7.568,-5.0,-5.0,16.722,22.199,-5.0,-4.0,-4.0,-2.999,13.373,-1.016,-4.0,-5.0,17.888,-3.0,-1.029,-3.0,-3.0,-4.0,-3.0,-2.999,-4.0,-3.0,-4.0,7.937,-5.0,-6.0,-5.0,-6.0,-4.0,-1.0,14.417,-4.0,3.724,-4.0,1.938,13.303,-0.239,-3.0,-1.999,-5.0,-5.0,-4.0,-5.999,2.066,52.571,6.71,-3.0,-3.0,15.697,-3.0,-4.0,-3.999,0.997,-1.007,-4.0,-3.0,-3.0,30.46,-3.0,6.194,3.407,-1.0,-6.0,-4.999,5.492,-4.0,0.329,-5.0,7.693,-5.0,13.131,-3.0,-4.999,-4.0,-5.0,0.0,4.816,-2.0,-3.0,-4.0,13.335,-2.073,-4.0,-2.0,-4.0,-6.0,-5.0,-4.0,-6.0,-3.0,-3.0,-6.0,4.868,-3.0,18.033,0.0,0.0,0.0,0.0,0.0,0.0,0.0,0.0,0.0,0.0
GoldS210,XAUUSDc,539,8.114,16.228,3,0.3578,195.02,418,12.4402,1,11,0,0.01,1.9,3.0,0.0,1.0,15,1,-15.42,24,0,2,0,0.4,0.0,0.0,0.0,0.0,0.0,-1.0,16.216,-4.0,-3.0,-4.0,-5.0,-0.001,0.987,-3.0,-3.0,-3.004,10.666,-1.999,7.585,-3.0,-3.0,3.599,-5.0,-1.0,28.648,-2.999,-5.0,11.001,21.039,-3.0,-3.0,-4.0,-3.0,12.657,-0.016,-6.0,-6.0,5.355,0.91,-1.028,-3.0,7.58,1.979,-1.0,-3.0,-3.0,-4.0,-3.0,-2.153,-5.0,-5.0,-4.0,-6.0,-4.0,-1.0,7.268,-4.0,1.953,17.859,9.863,-0.037,-1.001,-4.0,-1.999,-5.0,-4.0,-4.0,-5.999,2.078,-5.0,5.92,-3.0,-3.0,12.29,-2.999,-2.0,-2.0,-0.003,-1.007,-4.0,-3.0,-3.0,8.855,-3.0,7.129,0.954,-1.0,-1.033,-5.999,3.865,-4.0,-0.033,-3.0,7.652,-5.0,11.185,-2.0,-2.998,-1.04,9.881,0.0,4.844,-2.0,2.897,-4.0,8.04,0.927,-4.0,-2.0,7.697,-6.0,-3.0,-4.0,-5.0,-4.0,-3.0,-3.999,0.995,-4.0,7.201,0.0,0.0,0.0,0.0,0.0,0.0,0.0,0.0,0.0,0.0
GoldS210,XAUUSDc,641,-6.3215,-12.643,3,-0.2613,0.0,435,22.7586,1,7,0,0.01,1.7,2.0,0.0,1.0,15,1,-20.253,17,0,2,0,0.6,0.0,0.0,0.0,0.0,0.0,1.972,5.464,-4.0,-0.01,-1.003,-4.0,0.938,-0.01,-3.0,-0.005,-4.003,-2.0,-2.0,0.578,-3.0,0.817,0.72,-4.0,-1.0,3.61,-0.015,-4.0,1.777,1.771,-3.0,-4.0,-4.0,-0.014,1.205,-2.011,0.074,-0.676,1.17,-0.083,0.97,-3.0,2.26,0.986,-1.0,-3.0,-3.0,-4.0,6.378,7.265,-2.014,0.156,-0.004,-6.0,-1.014,-1.0,0.968,-4.0,-0.032,2.345,3.365,4.255,-2.001,-3.0,-0.062,-4.0,-2.023,-4.0,13.604,0.991,6.724,3.117,1.717,-3.0,6.061,-3.0,0.0,-3.0,-1.002,-2.005,3.74,1.791,-0.001,3.272,-0.009,0.068,1.197,-1.0,-3.022,1.257,10.126,-4.0,-1.022,-1.021,1.057,-5.0,-0.507,-2.0,-3.0,-2.032,5.419,0.0,-0.11,-2.0,1.484,-2.076,0.953,-1.049,-4.0,-2.0,14.372,-6.0,-3.0,3.616,-2.041,1.465,4.726,-3.999,6.441,-3.0,-2.009,0.0,0.0,0.0,0.0,0.0,0.0,0.0,0.0,0.0,0.0
GoldS210,XAUUSDc,700,-6.8268,-40.961,1,-0.5638,0.0,466,10.3004,1,5,0,0.01,1.7,3.0,0.0,0.5,15,1,-66.288,29,0,2,0,0.6,0.0,0.0,0.0,0.0,0.0,-1.0,16.172,-4.0,-3.0,-4.0,-5.0,-0.001,0.986,-3.0,-3.0,-3.004,-2.0,-3.0,-4.0,-3.0,-3.0,4.058,-4.0,3.607,6.552,-6.0,-3.999,21.302,12.917,-5.0,-4.0,-4.0,-3.0,-5.0,-2.016,-7.0,-5.0,5.301,4.688,-1.029,-3.0,-3.0,-4.0,-3.0,-3.0,-3.0,-4.0,5.274,5.296,-5.0,13.273,-4.0,-6.0,-4.0,-1.0,-4.011,-4.0,3.724,-4.0,1.938,9.153,0.354,-3.0,-2.0,-5.0,-4.998,-4.0,-3.999,6.048,-6.0,6.66,7.951,-3.0,11.093,-2.999,-4.0,-4.0,0.997,-1.007,-4.0,-3.0,11.781,16.364,-3.0,4.911,3.407,-1.0,-6.0,-5.0,4.935,-4.0,0.805,-6.0,3.333,-5.0,6.437,-2.0,-5.0,-4.0,8.779,0.0,4.002,-2.0,-1.999,-4.0,12.868,-2.073,-4.0,-2.0,22.328,-6.0,-5.0,-4.0,-6.0,-3.0,-4.0,-5.0,-4.0,-3.0,5.88,0.0,0.0,0.0,0.0,0.0,0.0,0.0,0.0,0.0,0.0
GoldS210,XAUUSDc,215,-1.1807,-3.542,2,-0.1472,0.0,477,50.1048,1,11,0,0.01,1.9,1.0,0.0,1.0,15,1,-4.542,0,0,2,0,0.2,0.0,0.0,0.0,0.0,0.0,0.986,-1.008,-1.022,0.986,-0.015,-2.003,0.941,0.977,-1.047,-0.009,-4.001,-0.165,0.934,0.755,-3.0,-2.068,-1.071,1.979,-0.125,0.93,0.932,1.982,1.99,-2.012,-2.007,-0.059,-4.0,-0.049,-2.008,-0.061,2.89,1.99,0.968,-1.077,0.978,-3.0,0.935,-0.007,-1.0,-1.002,-0.001,-4.0,2.891,-1.147,-3.007,2.948,1.942,-2.016,-2.007,-1.0,-4.009,-2.007,2.922,-1.054,0.96,3.819,0.967,-3.0,1.955,-0.088,-1.026,0.962,4.953,0.99,-0.023,2.984,1.936,-0.016,3.977,-0.018,-1.103,-1.0,-1.001,-3.002,1.973,-1.059,1.985,-2.0,-0.046,-0.023,-1.015,-1.0,0.918,-1.034,0.946,-4.0,-2.011,1.926,-2.048,-2.017,3.922,-0.006,4.907,-2.004,1.965,0.0,-0.068,-2.0,0.941,-1.09,-0.023,-0.029,-0.019,0.973,3.924,-2.034,-2.007,-0.022,2.932,-2.055,-0.032,-0.097,1.965,-0.008,1.91,0.0,0.0,0.0,0.0,0.0,0.0,0.0,0.0,0.0,0.0
GoldS210,XAUUSDc,817,4.877,9.754,3,0.3547,57.47,425,26.1176,1,7,0,0.01,1.5,2.0,0.0,1.0,15,1,4.148,3,0,2,0,0.8,0.0,0.0,0.0,0.0,0.0,1.972,3.621,-4.0,-0.01,-1.003,-4.0,4.941,-0.01,-3.0,-0.005,-3.003,-2.0,-1.999,0.377,-3.0,-0.151,5.053,-4.0,-1.0,2.045,-0.015,1.579,1.025,0.346,-3.0,-4.0,-4.0,-0.014,0.976,2.467,0.334,-1.589,0.243,-0.083,0.97,-3.0,6.049,0.986,-1.0,-3.0,-3.0,-4.0,5.364,4.562,-2.014,7.357,-0.004,-6.0,-1.014,-1.0,0.226,-3.999,-0.032,1.524,2.876,8.67,-2.001,-3.0,-0.062,-4.0,-2.023,-4.0,10.25,0.991,4.276,2.379,2.162,-3.0,4.886,-3.0,0.0,-3.0,-1.002,-2.005,1.849,0.704,-0.001,6.423,-0.009,4.049,1.197,-1.0,-3.022,-0.121,9.114,-4.0,-1.022,-1.021,0.307,-5.0,-1.378,-2.0,-3.0,-2.032,4.689,0.0,-0.11,-2.0,1.484,-2.076,0.953,-0.049,4.486,-2.0,10.921,-6.0,-3.0,3.062,2.906,0.546,4.13,-4.0,6.315,-3.0,-1.009,0.0,0.0,0.0,0.0,0.0,0.0,0.0,0.0,0.0,0.0
GoldS210,XAUUSDc,503,24.648,36.972,4,1.1947,67.14,425,16.4706,1,11,0,0.01,1.9,2.5,0.0,1.0,15,1,12.15,28,0,2,0,0.4,0.0,0.0,0.0,0.0,0.0,-1.0,11.487,-4.0,-3.0,-0.504,-5.0,-0.501,0.489,-3.0,0.494,-3.503,8.016,-1.999,4.255,-3.0,-3.0,1.982,-5.0,-1.0,19.408,0.481,-5.0,8.086,10.297,-3.0,-3.0,7.758,-0.517,8.16,-0.513,-6.0,-6.0,-0.515,0.413,-1.523,-3.0,5.592,1.482,-1.0,-3.0,-3.0,-4.0,2.252,-2.647,-5.0,23.321,-3.0,-6.0,-4.0,-1.0,3.532,-4.0,1.461,12.633,6.326,2.898,-1.501,-4.0,-1.999,-5.0,-0.529,-4.0,1.323,1.558,10.195,2.901,-3.0,-3.0,12.277,-2.999,-2.0,-2.0,-0.502,-1.506,-4.0,-3.0,3.451,5.765,-3.0,4.254,0.461,-1.0,-2.528,-5.999,9.837,-4.0,-0.527,-3.0,4.505,-5.0,3.064,-2.0,-2.998,-1.536,5.797,0.0,0.852,-2.0,2.191,-1.593,1.441,0.439,-4.0,-2.0,5.751,-6.0,-3.0,8.861,-5.0,-4.0,-3.0,12.317,0.496,-4.0,3.852,0.0,0.0,0.0,0.0,0.0,0.0,0.0,0.0,0.0,0.0
GoldS210,XAUUSDc,675,4.932,7.398,4,0.3181,210.14,415,18.0723,1,11,0,0.01,1.5,2.5,0.0,1.0,15,1,-8.148,30,0,2,0,0.6,0.0,0.0,0.0,0.0,0.0,-1.0,8.093,-4.0,-3.0,-0.504,-5.0,-0.501,0.488,-3.0,0.494,-3.502,6.283,-2.0,2.911,-3.0,-2.0,1.638,-4.0,-1.0,9.285,0.481,4.057,6.093,5.77,-3.0,-3.0,5.971,0.483,4.561,-0.513,-6.0,-6.0,-0.514,0.413,-1.523,-3.0,3.883,1.482,-1.0,-3.0,-3.0,-4.0,9.026,-2.647,-5.0,21.483,-3.0,-6.0,-4.0,-1.0,3.532,-4.0,1.461,5.273,4.823,2.898,-1.501,-3.0,-2.0,-4.0,-0.529,-4.0,2.537,0.558,4.854,2.694,-3.0,-3.0,10.189,-3.0,0.0,-3.0,-0.502,-1.506,-4.0,-3.0,2.361,12.575,-3.0,2.302,0.461,-1.0,-1.528,1.143,8.762,-4.0,-0.527,-3.0,2.495,-5.0,1.955,-2.0,-3.0,-1.536,5.325,0.0,0.852,-2.0,2.191,-1.593,1.441,0.439,-4.0,-2.0,6.459,-5.999,-3.0,6.775,-5.0,-4.0,-3.0,5.396,0.496,-4.0,2.181,0.0,0.0,0.0,0.0,0.0,0.0,0.0,0.0,0.0,0.0
GoldS210,XAUUSDc,472,-11.262,-67.572,1,-0.6704,0.0,490,11.0204,1,5,0,0.01,1.7,2.5,0.0,0.0,15,1,-99.257,23,0,2,0,0.4,0.0,0.0,0.0,0.0,0.0,-1.0,15.241,-4.0,-4.0,-3.0,-5.0,-0.501,-0.512,-2.0,1.787,-3.503,-3.0,-5.0,-4.0,-5.0,10.879,2.791,-4.0,-6.0,7.139,-2.519,2.328,-4.0,12.613,-5.0,-4.0,-4.0,0.483,-5.0,-2.513,-6.0,-5.0,0.08,4.631,-1.523,10.181,-3.0,-5.0,-3.0,-2.999,-4.0,-3.0,14.813,8.106,-5.0,-3.469,-4.0,-6.0,-4.0,-1.0,-4.189,-4.0,-6.0,-5.0,3.51,7.638,-3.501,-3.0,-3.0,-4.0,-5.999,-0.147,-2.999,6.72,-6.0,3.963,7.452,-4.0,0.472,-3.0,-4.0,-4.0,0.498,-1.506,-4.0,-5.0,12.558,26.787,-3.0,5.15,2.302,-1.0,-6.0,-5.0,35.22,-4.0,0.163,-2.525,3.047,-4.999,2.605,-2.0,-6.0,-4.0,-5.0,0.0,0.852,-2.0,-2.0,-1.593,2.683,-2.561,-4.0,-2.0,-5.0,-5.999,-5.0,10.318,4.861,-3.0,-3.999,-6.0,-5.0,-4.0,8.113,0.0,0.0,0.0,0.0,0.0,0.0,0.0,0.0,0.0,0.0
GoldS210,XAUUSDc,151,-15.588,-46.764,2,-0.5917,0.0,470,10.6383,1,11,0,0.01,1.7,3.0,0.0,0.0,15,1,-72.742,24,0,2,0,0.0,0.0,0.0,0.0,0.0,0.0,-1.0,24.075,-4.0,-4.0,-3.0,-6.0,-1.001,-0.014,-3.0,-3.0,-3.004,-3.0,-5.0,-4.0,-4.0,-6.0,3.599,-4.0,-0.924,0.252,-5.999,-3.0,10.001,23.978,-3.999,-4.0,-4.0,-3.0,18.465,-0.016,-6.0,-6.0,5.558,6.278,-1.029,-4.0,1.983,4.295,-2.0,-2.999,-4.0,-3.0,3.355,-8.0,-5.0,10.722,-5.0,-6.0,-4.0,-1.0,7.682,-4.0,1.422,6.07,4.561,23.519,-2.001,-4.0,-3.0,-4.0,-4.0,-4.0,-6.0,2.078,-5.0,2.099,-2.999,-3.998,22.285,-2.999,-4.0,-4.0,0.997,-1.007,-5.0,-4.0,-3.0,-4.0,-2.999,9.052,0.954,-1.0,-1.033,-5.0,-1.012,-4.0,0.805,-6.0,-1.01,-5.0,14.056,-3.0,-4.999,1.954,4.342,0.0,4.844,-2.0,-2.0,-4.0,7.36,7.316,-4.0,-2.0,-1.015,-6.0,-4.0,-4.0,-4.0,-3.0,-3.0,-6.0,4.136,-5.0,8.2,0.0,0.0,0.0,0.0,0.0,0.0,0.0,0.0,0.0,0.0
GoldS210,XAUUSDc,673,12.9953,19.493,4,0.6692,77.88,422,17.2986,1,7,0,0.01,1.5,2.5,0.0,1.0,15,1,4.311,34,0,2,0,0.6,0.0,0.0,0.0,0.0,0.0,-1.0,9.696,-4.0,-3.0,-0.504,-4.0,-0.501,0.488,-3.0,0.494,-3.503,-2.0,-2.0,2.911,-3.0,-3.0,2.39,-4.0,-1.0,11.182,0.481,-4.0,3.23,6.124,-3.0,-4.0,-4.0,0.483,4.59,-1.513,2.082,0.789,2.369,0.413,-1.524,-3.0,6.511,1.482,-1.0,-3.0,-3.0,-4.0,11.663,1.511,-5.0,4.449,-3.0,-6.0,-4.0,-1.0,4.329,-4.0,1.461,8.677,7.175,7.578,-1.501,-3.0,-2.0,-5.0,-0.529,-4.0,6.541,0.546,15.912,4.889,-3.0,-3.0,10.277,-3.0,0.0,-3.0,-0.502,-1.506,-4.0,-3.0,1.913,6.422,-3.0,2.302,2.302,-1.0,-2.528,2.919,14.242,-4.0,-0.527,-0.526,3.477,-5.0,2.671,-2.0,-3.0,-1.536,-4.0,0.0,0.852,-2.0,2.191,-1.593,2.683,-0.561,-4.0,-2.0,9.063,-6.0,-3.0,10.008,-4.999,-4.0,-3.0,3.263,-0.504,-3.0,2.819,0.0,0.0,0.0,0.0,0.0,0.0,0.0,0.0,0.0,0.0
GoldS210,XAUUSDc,744,-1.1807,-3.542,2,-0.1472,0.0,477,50.1048,1,5,0,0.01,1.5,1.0,0.0,1.0,15,1,-4.542,0,0,2,0,0.8,0.0,0.0,0.0,0.0,0.0,0.986,-1.008,-1.022,0.986,-0.015,-2.003,0.941,0.977,-1.047,-0.009,-4.001,-0.165,0.934,0.755,-3.0,-2.068,-1.071,1.979,-0.125,0.93,0.932,1.982,1.99,-2.012,-2.007,-0.059,-4.0,-0.049,-2.008,-0.061,2.89,1.99,0.968,-1.077,0.978,-3.0,0.935,-0.007,-1.0,-1.002,-0.001,-4.0,2.891,-1.147,-3.007,2.948,1.942,-2.016,-2.007,-1.0,-4.009,-2.007,2.922,-1.054,0.96,3.819,0.967,-3.0,1.955,-0.088,-1.026,0.962,4.953,0.99,-0.023,2.984,1.936,-0.016,3.977,-0.018,-1.103,-1.0,-1.001,-3.002,1.973,-1.059,1.985,-2.0,-0.046,-0.023,-1.015,-1.0,0.918,-1.034,0.946,-4.0,-2.011,1.926,-2.048,-2.017,3.922,-0.006,4.907,-2.004,1.965,0.0,-0.068,-2.0,0.941,-1.09,-0.023,-0.029,-0.019,0.973,3.924,-2.034,-2.007,-0.022,2.932,-2.055,-0.032,-0.097,1.965,-0.008,1.91,0.0,0.0,0.0,0.0,0.0,0.0,0.0,0.0,0.0,0.0
GoldS210,XAUUSDc,225,8.374,16.748,3,0.2821,125.79,507,23.6686,1,7,0,0.01,1.9,1.5,0.0,0.0,15,1,-4.319,18,0,2,0,0.2,0.0,0.0,0.0,0.0,0.0,1.479,0.688,-3.999,-4.0,-3.0,-6.0,15.659,-1.507,-2.0,-0.504,-4.502,-3.0,-5.0,-4.0,-4.0,-3.069,-0.795,-3.519,-1.925,-1.708,-1.023,-1.942,-4.0,0.96,-5.0,-4.0,-4.0,-0.51,4.1,-0.264,15.045,-6.0,15.82,-3.0,11.815,0.07,-0.515,-6.0,-2.0,-2.999,-4.0,-3.0,-3.397,7.069,-2.51,13.928,-1.503,-6.0,-1.511,-1.0,-2.879,0.594,-2.194,-0.424,1.247,5.346,-2.007,-3.0,12.571,-4.0,0.122,2.531,3.116,0.493,6.19,4.693,9.784,0.263,3.467,12.985,-4.0,-4.0,-0.501,-2.503,-2.509,-4.0,-0.501,10.879,2.385,4.336,0.093,-1.0,-5.999,0.871,19.561,-4.0,-1.877,-2.514,-2.505,-2.502,1.078,-3.0,-0.148,-4.0,1.427,0.0,1.399,-2.0,-2.0,-2.559,0.465,2.023,-1.526,-0.539,7.44,-0.457,-4.0,1.061,2.092,1.964,6.493,-6.0,3.5,-4.0,-0.508,0.0,0.0,0.0,0.0,0.0,0.0,0.0,0.0,0.0,0.0
GoldS210,XAUUSDc,84,-24.4058,-146.435,1,-0.8969,0.0,500,14.6,1,5,0,0.01,1.5,2.0,0.0,0.5,15,1,-162.339,17,0,2,0,0.0,0.0,0.0,0.0,0.0,0.0,1.972,-3.008,-4.0,-1.01,-3.0,-5.999,-2.001,-0.01,-3.0,0.893,-4.003,-3.0,-5.0,-4.0,-3.0,2.792,0.997,-3.025,-6.0,-5.0,-3.014,-1.065,-4.0,12.904,-5.0,-4.0,-4.0,-2.014,-5.0,2.641,-7.0,-6.0,-0.943,3.072,0.97,-3.0,-3.0,-5.0,-2.0,-2.999,-4.0,-3.0,-0.633,2.119,-2.014,9.663,-1.004,-6.0,-1.014,-1.0,-5.008,-4.0,0.112,-4.0,0.947,7.043,-3.001,-3.0,-0.062,-4.0,-3.022,-4.0,16.943,0.991,-6.0,3.14,4.412,-2.999,-0.023,-3.0,-4.0,-4.0,-0.002,-2.005,-4.0,-4.0,4.007,-4.0,-0.009,1.243,1.197,-1.0,-6.0,-5.0,1.134,-4.0,-0.48,3.439,1.208,-4.999,-2.063,-3.0,-5.0,-4.0,1.58,0.0,-0.11,-2.0,-3.0,-2.076,0.953,-3.049,-4.0,-2.0,13.797,-6.0,-5.0,13.118,-3.042,3.405,1.42,-6.0,3.483,-4.0,3.676,0.0,0.0,0.0,0.0,0.0,0.0,0.0,0.0,0.0,0.0
GoldS210,XAUUSDc,650,-1.1975,-2.395,3,-0.0423,0.0,457,15.7549,1,9,0,0.01,1.5,2.5,0.0,0.0,15,1,-18.17,30,0,2,0,0.6,0.0,0.0,0.0,0.0,0.0,-1.0,9.492,-4.0,-3.0,-4.0,-5.0,-0.501,-0.512,-3.0,0.494,-3.503,-2.0,-2.999,-4.0,-4.0,2.614,1.561,-4.0,-5.0,-0.317,-1.519,4.567,4.224,5.77,0.533,-4.0,-4.0,0.483,5.393,-0.513,-5.0,-6.0,-0.514,-3.0,-1.524,2.779,-3.0,4.405,-2.0,-3.0,-3.0,-4.0,4.995,-1.091,-5.0,23.774,-4.0,-6.0,-4.0,-1.0,3.853,-4.0,0.498,3.682,3.28,7.105,-2.501,-3.0,-2.0,-5.0,1.446,-4.0,6.541,0.546,15.47,1.526,-3.0,-3.0,14.365,-3.0,0.0,-4.999,0.498,-1.506,-4.0,-3.0,2.361,17.999,-3.0,-0.21,2.302,-1.0,0.859,2.894,17.203,-4.0,0.163,-2.526,-1.508,-5.0,0.471,-2.0,-5.0,0.896,-0.649,0.0,0.852,-2.0,-2.0,-1.593,1.441,4.956,-4.0,-2.0,7.54,-6.0,-4.0,-0.536,5.944,-3.0,-3.0,5.622,2.581,-3.0,1.648,0.0,0.0,0.0,0.0,0.0,0.0,0.0,0.0,0.0,0.0
GoldS210,XAUUSDc,858,-7.262,-14.524,3,-0.4412,0.0,409,19.0709,1,9,0,0.01,1.7,2.5,0.0,1.0,15,1,-24.237,20,0,2,0,0.8,0.0,0.0,0.0,0.0,0.0,-1.0,7.204,-4.0,-3.0,-0.504,-4.0,-0.501,0.488,-3.0,0.494,-2.503,-2.0,-1.999,2.128,-3.0,-2.0,0.817,-4.0,-1.0,4.705,0.481,3.295,2.61,3.586,-3.0,-4.0,-4.0,0.483,3.164,-0.513,1.792,-6.0,-0.515,0.413,-1.524,-3.0,9.127,1.482,-1.0,-3.0,-2.999,-4.0,7.334,-2.647,-5.0,14.548,-3.0,-6.0,-4.0,-1.0,2.353,-4.0,1.461,4.16,4.941,5.882,-1.501,-3.0,-2.0,-5.0,-0.529,-4.0,3.646,0.546,9.885,2.32,3.612,-3.0,9.791,-3.0,0.0,-3.0,-0.502,-1.506,-4.0,-3.0,1.732,9.791,-3.0,-0.334,2.302,-1.0,-2.528,-0.021,8.068,-4.0,-0.527,-3.0,1.766,-5.0,-0.621,-2.0,-3.0,-1.536,1.55,0.0,0.852,-2.0,2.191,-1.593,1.441,0.439,7.102,-2.0,5.844,-6.0,-3.0,-0.535,2.968,-4.0,-3.0,3.033,-0.504,-3.0,1.591,0.0,0.0,0.0,0.0,0.0,0.0,0.0,0.0,0.0,0.0
GoldS210,XAUUSDc,681,12.9953,19.493,4,0.6692,77.88,422,17.2986,1,7,0,0.01,1.9,2.5,0.0,1.0,15,1,4.311,34,0,2,0,0.6,0.0,0.0,0.0,0.0,0.0,-1.0,9.696,-4.0,-3.0,-0.504,-4.0,-0.501,0.488,-3.0,0.494,-3.503,-2.0,-2.0,2.911,-3.0,-3.0,2.39,-4.0,-1.0,11.182,0.481,-4.0,3.23,6.124,-3.0,-4.0,-4.0,0.483,4.59,-1.513,2.082,0.789,2.369,0.413,-1.524,-3.0,6.511,1.482,-1.0,-3.0,-3.0,-4.0,11.663,1.511,-5.0,4.449,-3.0,-6.0,-4.0,-1.0,4.329,-4.0,1.461,8.677,7.175,7.578,-1.501,-3.0,-2.0,-5.0,-0.529,-4.0,6.541,0.546,15.912,4.889,-3.0,-3.0,10.277,-3.0,0.0,-3.0,-0.502,-1.506,-4.0,-3.0,1.913,6.422,-3.0,2.302,2.302,-1.0,-2.528,2.919,14.242,-4.0,-0.527,-0.526,3.477,-5.0,2.671,-2.0,-3.0,-1.536,-4.0,0.0,0.852,-2.0,2.191,-1.593,2.683,-0.561,-4.0,-2.0,9.063,-6.0,-3.0,10.008,-4.999,-4.0,-3.0,3.263,-0.504,-3.0,2.819,0.0,0.0,0.0,0.0,0.0,0.0,0.0,0.0,0.0,0.0
GoldS210,XAUUSDc,592,-9.3537,-28.061,2,-0.5827,0.0,492,27.8455,1,5,0,0.01,1.7,1.5,0.0,0.5,15,1,-33.366,2,0,2,0,0.6,0.0,0.0,0.0,0.0,0.0,1.479,0.587,-4.0,-0.508,-4.0,-5.0,3.914,-0.507,-3.0,-0.002,-4.502,2.408,-3.0,-4.0,-3.0,1.053,-0.948,4.262,2.289,-0.854,-0.88,-1.941,1.2,-1.13,-5.0,-4.0,-4.0,-0.51,1.79,5.088,2.263,-5.0,5.451,0.919,4.851,-3.0,-0.515,-4.0,-3.0,1.45,-3.0,-4.0,7.014,0.304,-2.51,5.836,-1.503,-6.0,-1.511,-1.0,-3.014,-0.134,-1.194,-4.0,0.486,5.594,-2.501,-3.0,5.402,-4.0,-0.564,1.849,3.217,0.493,-1.658,3.679,5.473,0.795,5.274,1.407,-4.0,-4.0,-0.501,-2.503,3.164,1.042,4.686,4.049,0.944,0.025,0.093,-1.0,-6.0,1.062,1.565,-4.0,-1.123,0.351,-1.126,-2.502,-0.068,-2.0,-0.397,-4.0,6.271,0.0,1.399,-2.0,-1.999,-2.559,0.465,0.795,-1.526,-0.539,8.918,-2.038,-5.0,2.446,-1.041,1.104,3.459,-1.086,1.791,-3.0,2.377,0.0,0.0,0.0,0.0,0.0,0.0,0.0,0.0,0.0,0.0
GoldS210,XAUUSDc,877,-8.2798,-49.679,1,-0.6461,0.0,436,12.3853,1,7,0,0.01,1.5,3.0,0.0,0.5,15,1,-65.118,34,0,2,0,0.8,0.0,0.0,0.0,0.0,0.0,-1.0,13.37,-4.0,-3.0,-4.0,-5.0,-0.001,0.986,-3.0,-3.0,-2.004,-2.0,-3.0,-4.0,-3.0,-2.0,3.043,-4.0,1.815,2.673,1.922,-5.0,3.205,9.46,-5.0,-4.0,-4.0,-3.0,5.445,-1.016,-3.0,-4.999,2.257,-3.0,-1.027,-3.0,4.544,-4.0,-3.0,5.833,-3.0,-4.0,3.727,0.822,-5.0,5.85,-5.0,-6.0,-4.0,-1.0,7.679,-3.999,-0.681,-3.0,0.938,9.805,0.761,-3.0,-2.0,-5.0,-5.0,-4.0,-4.0,1.066,11.439,5.266,-2.0,-3.0,9.116,-3.0,0.0,-5.0,0.997,-1.007,-4.0,-3.0,4.406,7.538,-3.0,2.046,3.407,-1.0,-6.0,-5.0,11.785,-4.0,1.249,-5.0,3.189,-5.0,5.128,-2.0,-4.0,-4.0,6.169,0.0,4.816,-2.0,-2.0,-4.0,11.698,-1.073,9.13,-2.0,12.239,-6.0,-4.0,-4.0,-5.0,-3.0,-3.0,-5.0,0.971,-3.0,4.338,0.0,0.0,0.0,0.0,0.0,0.0,0.0,0.0,0.0,0.0
GoldS210,XAUUSDc,502,7.0125,14.025,3,0.3804,210.78,427,15.4567,1,9,0,0.01,1.9,2.5,0.0,1.0,15,1,-15.537,23,0,2,0,0.4,0.0,0.0,0.0,0.0,0.0,-1.0,17.444,-4.0,-3.0,-0.504,-4.999,-0.501,0.489,-3.0,0.494,-3.503,-2.0,-1.999,4.255,-3.0,-3.0,1.644,-5.0,-1.0,14.279,0.481,-5.0,-3.0,10.297,-3.0,-4.0,-4.0,-0.517,7.521,-0.513,3.668,-6.0,-0.514,0.413,-1.524,-3.0,5.592,1.482,-1.0,-3.0,-3.0,-4.0,2.252,-2.647,-4.999,28.061,-3.0,-6.0,-4.0,-1.0,3.532,-4.0,1.461,-3.0,9.447,8.629,-2.501,-3.0,-1.999,-4.999,-0.529,-4.0,9.182,1.546,10.195,2.901,-3.0,-3.0,20.621,-2.999,-2.0,-2.0,-0.502,-1.506,-4.0,-3.0,3.451,11.377,-3.0,1.004,2.302,-1.0,-2.528,-6.0,9.837,-4.0,-0.527,-3.0,5.532,-5.0,0.471,-2.0,-2.999,-1.536,1.55,0.0,0.852,-2.0,2.191,-1.593,1.441,0.439,-4.0,-2.0,3.263,-6.0,-3.0,-0.536,-5.0,-4.0,-3.0,10.642,-0.504,-3.0,6.265,0.0,0.0,0.0,0.0,0.0,0.0,0.0,0.0,0.0,0.0
GoldS210,XAUUSDc,76,-19.1965,-115.179,1,-0.799,0.0,505,14.6535,1,5,0,0.01,1.7,2.0,0.0,0.0,15,1,-131.083,23,0,2,0,0.0,0.0,0.0,0.0,0.0,0.0,1.972,-1.49,-4.0,-3.999,-3.0,-6.0,-1.998,-1.01,-2.0,0.893,-4.003,-2.999,-5.0,-4.0,-5.0,2.792,0.997,-3.025,-6.0,6.268,-3.014,1.032,-4.0,12.904,-5.0,-4.0,-4.0,-0.014,-6.0,2.641,-6.0,-6.0,-0.943,3.072,0.97,1.728,-3.0,-6.0,-2.0,-2.999,-4.0,-3.0,6.123,2.743,-2.014,9.663,-1.004,-6.0,-1.014,-1.0,-4.78,-4.0,-3.856,1.244,2.549,4.558,-4.001,-3.0,5.394,-4.0,-5.999,-0.79,5.788,0.991,-6.0,2.674,4.412,-3.998,-0.023,-3.0,-4.0,-3.999,-0.002,-2.005,-4.0,-5.0,4.007,-5.0,-0.009,1.991,1.197,-1.0,-6.0,-5.0,1.134,-4.0,-0.48,7.096,1.208,-4.999,-2.063,-2.0,-5.999,-4.0,1.58,0.0,-0.11,-2.0,-1.999,-2.076,0.953,-3.049,-4.0,-2.0,13.797,-6.0,-5.0,13.249,5.23,3.405,14.383,-6.0,-2.044,-4.0,-0.01,0.0,0.0,0.0,0.0,0.0,0.0,0.0,0.0,0.0,0.0
GoldS210,XAUUSDc,609,1.65,4.95,2,0.1487,110.55,450,34.0,1,7,0,0.01,1.9,1.5,0.0,1.0,15,1,-0.522,1,0,2,0,0.6,0.0,0.0,0.0,0.0,0.0,1.479,1.321,-4.0,-0.508,-1.502,-1.802,2.429,-0.507,-3.0,-0.504,-4.502,1.634,-2.0,-0.555,-3.0,-1.424,-0.948,4.711,2.134,-2.554,2.421,-3.0,0.324,-1.13,-1.511,-1.515,-4.0,-0.51,-2.511,0.292,4.034,-5.0,5.909,-0.58,2.469,-3.0,3.122,0.489,-1.0,1.451,-3.0,-4.0,4.212,2.291,-2.51,2.446,0.946,-6.0,-1.511,-1.0,-3.014,-0.134,1.933,0.807,1.439,4.359,-2.501,-3.0,3.442,-4.0,1.161,1.424,1.396,0.493,1.567,3.678,3.123,-0.525,5.853,6.528,0.0,-3.0,-1.501,-2.503,3.257,-1.529,1.994,2.398,0.944,0.025,0.093,-1.0,-3.517,5.587,2.419,-4.0,-1.516,0.931,-1.552,-2.502,1.078,-2.0,4.944,-4.0,4.386,0.0,1.399,-2.0,0.794,1.072,0.465,-1.536,-1.526,-0.539,11.594,-3.519,-3.0,0.966,-0.041,-1.56,2.162,-1.287,4.418,-3.0,1.093,0.0,0.0,0.0,0.0,0.0,0.0,0.0,0.0,0.0,0.0
GoldS210,XAUUSDc,614,4.954,9.908,3,0.1646,91.68,470,21.7021,1,9,0,0.01,1.5,2.0,0.0,0.0,15,1,0.824,25,0,2,0,0.6,0.0,0.0,0.0,0.0,0.0,1.972,5.035,-4.0,2.204,-4.0,-5.0,10.57,-1.01,-3.0,-0.005,-4.003,-2.0,-2.999,-4.0,-4.0,-1.658,0.152,-4.0,-5.0,-0.886,-2.015,-0.474,2.578,0.748,-0.332,-4.0,-4.0,-0.014,2.075,7.177,-5.0,-6.0,-1.011,-3.0,0.97,1.35,-3.0,2.617,-2.0,-3.0,-3.0,-4.0,3.54,5.012,-2.014,11.391,-1.004,-6.0,-1.014,-1.0,0.642,-4.0,-1.428,0.91,2.371,4.127,-3.001,-3.0,0.718,-4.0,-0.456,-4.0,16.55,0.991,7.417,0.985,-0.014,-3.0,6.061,-3.0,0.0,-4.999,-0.002,-2.005,2.114,6.084,-0.001,11.835,-0.009,6.141,1.197,-1.0,-0.647,1.029,12.405,-4.0,-0.48,3.203,-2.006,-5.0,-0.507,-2.0,-5.0,-0.162,3.765,0.0,-0.11,-2.0,-2.0,-2.076,0.953,3.152,-4.0,-2.0,13.577,-6.0,-4.0,2.086,6.007,4.862,6.477,-4.999,10.208,-3.0,-2.009,0.0,0.0,0.0,0.0,0.0,0.0,0.0,0.0,0.0,0.0
GoldS210,XAUUSDc,880,-10.6695,-64.017,1,-0.7774,0.0,447,11.6331,1,5,0,0.01,1.7,3.0,0.0,0.5,15,1,-79.439,33,0,2,0,0.8,0.0,0.0,0.0,0.0,0.0,-1.0,13.992,-4.0,-3.0,-4.0,-5.0,-0.001,0.987,-3.0,-3.0,-2.004,-2.0,-2.999,-4.0,-3.0,-3.0,2.019,-4.0,1.794,4.831,-6.0,-4.0,4.74,8.912,-5.0,-4.0,-4.0,-3.0,-5.0,-1.016,6.906,-6.0,3.865,3.131,-1.029,-3.0,-3.0,-4.0,-2.999,5.343,-3.0,-4.0,5.104,3.066,-5.0,7.107,-4.0,-6.0,-4.0,-1.0,8.485,-3.999,-0.681,-3.0,0.938,8.64,0.354,-3.0,-1.999,-5.0,-3.999,-4.0,-4.0,4.266,-6.0,5.266,7.654,-3.0,7.649,-3.0,0.0,-5.0,0.997,-1.007,-4.0,-3.0,7.927,8.693,-3.0,2.679,3.407,-1.0,-6.0,-5.0,5.935,-4.0,0.805,-5.0,1.699,-5.0,4.242,-2.0,-3.0,0.975,4.818,0.0,4.002,-2.0,-2.0,-4.0,11.71,-1.073,3.186,-2.0,12.423,-6.0,-5.0,-4.0,-4.999,-3.0,-3.999,-5.0,1.902,-3.0,3.338,0.0,0.0,0.0,0.0,0.0,0.0,0.0,0.0,0.0,0.0
GoldS210,XAUUSDc,690,-8.2843,-24.853,2,-0.3246,0.0,448,11.8304,1,9,0,0.01,1.7,3.0,0.0,0.0,15,1,-48.51,31,0,2,0,0.6,0.0,0.0,0.0,0.0,0.0,-1.0,15.067,-4.0,-3.0,-4.0,-5.0,-0.001,-0.014,-3.0,-3.0,-3.004,-2.0,-2.999,-4.0,-4.0,-6.0,2.969,-4.0,-5.0,0.252,-5.0,-5.0,5.868,13.13,-3.999,-4.0,-4.0,-3.0,8.711,-0.016,-5.0,-6.0,3.315,-3.0,-1.029,4.184,-3.0,6.195,-2.0,-3.0,-3.0,-4.0,2.18,-0.029,-5.0,7.732,-4.999,-6.0,-4.0,-1.0,9.203,-4.0,1.422,6.071,4.19,9.838,-2.001,-3.0,-2.0,-5.0,-4.0,-4.0,-3.999,1.066,17.982,2.099,-3.0,-3.0,21.657,-3.0,0.0,-4.999,0.997,-1.007,-4.0,-3.0,5.814,17.924,-3.0,0.883,3.407,-1.0,3.366,-5.0,7.475,-4.0,0.805,-6.0,-1.01,-5.0,4.97,-2.0,-5.0,1.954,0.037,0.0,3.42,-2.0,-2.0,-4.0,7.36,7.115,-4.0,-2.0,16.596,-6.0,-4.0,-4.0,-4.0,-3.0,-3.0,-4.999,3.746,-3.0,4.252,0.0,0.0,0.0,0.0,0.0,0.0,0.0,0.0,0.0,0.0
GoldS210,XAUUSDc,295,28.3033,42.455,4,0.753,97.56,477,14.4654,1,11,0,0.01,1.7,2.5,0.0,0.0,15,1,1.036,29,0,2,0,0.2,0.0,0.0,0.0,0.0,0.0,-1.0,15.871,-4.0,-4.0,-3.0,-6.0,-1.501,-0.512,-3.0,0.494,-3.502,-3.0,-4.999,-4.0,-4.0,-0.499,1.982,-4.0,-1.451,-0.317,-2.519,-3.0,7.086,12.478,0.534,-4.0,-4.0,0.483,11.861,-0.513,-6.0,-6.0,-1.515,4.704,-1.523,-4.0,1.311,2.84,-2.0,-3.0,-4.0,-3.0,-2.287,9.282,-5.0,51.273,-4.0,-6.0,-4.0,-1.0,3.853,-4.0,0.498,3.681,3.57,10.522,-2.501,-4.0,7.058,-4.0,3.973,-4.0,1.323,1.558,19.531,1.526,-2.999,-3.999,16.859,-3.0,-4.0,-4.0,0.498,-1.506,-4.0,-5.0,4.095,-3.999,-2.999,5.752,0.461,-1.0,-2.528,0.83,-1.51,-4.0,0.163,-2.526,-1.508,-5.0,4.243,-3.0,-4.999,0.896,2.54,0.0,0.852,-2.0,-2.0,-1.593,1.441,5.116,-4.0,-2.0,-1.512,-6.0,-4.0,4.923,14.112,-3.0,-3.0,24.787,3.061,-5.0,4.851,0.0,0.0,0.0,0.0,0.0,0.0,0.0,0.0,0.0,0.0
GoldS210,XAUUSDc,497,22.7865,45.573,3,1.3825,62.63,431,15.5452,1,7,0,0.01,1.7,2.5,0.0,1.0,15,1,17.03,28,0,2,0,0.4,0.0,0.0,0.0,0.0,0.0,-1.0,13.932,-4.0,-3.0,-0.504,-4.0,-0.501,0.488,-3.0,0.494,-3.503,-2.0,-1.999,4.255,-3.0,-3.0,2.791,-5.0,-1.0,24.543,0.481,-5.0,-3.0,11.779,-3.0,-4.0,-4.0,-0.517,8.68,-1.513,3.698,3.094,4.434,0.413,-1.524,-3.0,9.926,1.482,-1.0,-3.0,-3.0,-4.0,6.368,4.809,-5.0,-3.501,-3.0,-6.0,-4.0,-1.0,7.345,-4.0,1.461,-3.0,10.058,9.353,-2.501,-3.0,-1.999,-4.999,-0.529,-4.0,16.682,1.546,10.195,4.926,-3.0,-3.0,12.394,-3.0,-2.0,-2.0,-0.502,-1.506,-4.0,-3.0,2.818,13.792,-3.0,3.585,2.302,-1.0,-2.528,-5.0,15.446,-4.0,-0.527,-0.526,6.532,-5.0,4.215,-2.0,-3.0,-1.536,-4.0,0.0,0.852,-2.0,2.191,-1.593,2.683,-0.561,-4.0,-2.0,-4.0,-6.0,-3.0,13.351,-5.0,-4.0,-3.0,4.025,-0.504,-3.0,9.527,0.0,0.0,0.0,0.0,0.0,0.0,0.0,0.0,0.0,0.0
GoldS210,XAUUSDc,513,20.4875,40.975,3,0.6501,138.06,468,9.8291,1,7,0,0.01,1.9,3.0,0.0,0.0,15,1,-15.596,26,0,2,0,0.4,0.0,0.0,0.0,0.0,0.0,-1.0,16.716,-4.0,-4.0,-3.0,-5.0,-0.001,-0.014,-2.0,-3.0,-3.004,-3.0,-5.0,-4.0,-4.0,-6.0,4.584,-4.0,0.3,2.248,-5.0,-5.0,15.722,23.199,-5.0,-4.0,-4.0,-2.999,12.373,-1.016,-4.0,-5.0,17.888,-3.0,-1.029,5.943,-3.0,-5.0,-3.0,-2.999,-4.0,-3.0,-4.0,17.32,-5.0,-6.0,-5.0,-6.0,-4.0,-1.0,14.831,-4.0,-1.047,15.329,3.587,13.729,-1.239,-3.0,-2.0,6.301,-4.0,-4.0,-3.999,1.066,52.571,5.488,-3.0,-4.0,15.697,-3.0,-4.0,-4.0,0.997,-1.007,-4.0,-5.0,-3.0,30.46,-3.0,8.978,3.407,-1.0,-6.0,-5.0,5.492,-4.0,0.329,-4.999,-1.01,-5.0,13.131,-3.0,-5.999,-4.0,-5.0,0.0,4.816,-2.0,-2.0,-4.0,9.873,-2.073,-4.0,-2.0,-4.0,-6.0,-4.0,-4.0,-4.0,-3.0,-3.0,-6.0,4.868,-3.0,12.167,0.0,0.0,0.0,0.0,0.0,0.0,0.0,0.0,0.0,0.0
GoldS210,XAUUSDc,625,-11.335,-34.005,2,-0.4841,0.0,474,19.8312,1,7,0,0.01,1.5,2.0,0.0,0.5,15,1,-42.452,24,0,2,0,0.6,0.0,0.0,0.0,0.0,0.0,1.972,4.466,-4.0,-0.01,-3.999,-5.0,3.71,-0.009,-3.0,-0.005,-4.003,-2.0,-2.999,-4.0,-3.0,4.395,0.72,-4.0,0.21,1.297,-2.015,-5.0,1.777,1.771,-5.0,-4.0,-4.0,-0.014,2.205,10.118,0.074,-0.675,1.17,-3.0,0.97,-3.0,-3.0,-4.0,-3.0,-3.0,-3.0,-4.0,5.378,6.265,-2.014,2.72,-1.004,-6.0,-1.014,-1.0,0.968,-4.0,0.112,-4.0,0.947,4.797,-2.001,-3.0,-0.062,-4.0,-3.023,-4.0,16.209,0.991,8.445,3.117,1.717,-3.0,6.061,-3.0,-4.0,-4.0,-0.002,-2.005,3.74,4.351,-0.001,5.447,-0.009,0.068,1.197,-1.0,-6.0,-5.0,13.223,-4.0,-0.142,5.914,0.475,-5.0,-0.507,-2.0,-5.0,-4.0,0.1,0.0,-0.11,-2.0,-2.0,-2.076,0.953,2.153,-4.0,-2.0,14.372,-5.999,-4.0,3.616,-3.041,6.073,4.726,-5.0,8.753,-3.0,-2.009,0.0,0.0,0.0,0.0,0.0,0.0,0.0,0.0,0.0,0.0
GoldS210,XAUUSDc,482,-9.4037,-28.211,2,-0.3721,0.0,465,13.3333,1,9,0,0.01,1.5,2.5,0.0,0.5,15,1,-57.773,23,0,2,0,0.4,0.0,0.0,0.0,0.0,0.0,-1.0,16.447,-4.0,-4.0,-3.0,-5.0,-0.501,0.489,-4.0,0.494,-3.503,-3.0,-5.0,-4.0,-3.0,-3.0,1.644,-5.0,-5.0,5.315,-1.519,-5.0,-3.0,10.297,0.533,-4.0,-4.0,0.483,7.521,-0.513,3.668,-6.0,-0.514,-3.0,-1.524,-3.0,-3.0,5.724,-2.0,-2.999,-4.0,-3.0,1.252,-3.647,-4.999,28.061,-4.0,-6.0,-4.0,-1.0,3.532,-4.0,2.418,3.838,1.442,9.333,-2.501,-3.0,-1.999,-5.0,-1.529,-4.0,11.182,0.546,15.491,2.901,-3.0,-2.0,20.621,-2.999,-4.0,-3.999,0.498,-1.506,-4.0,-3.0,3.451,16.61,-3.0,1.004,2.302,-1.0,1.398,-6.0,11.55,-4.0,0.163,-2.526,-1.508,-5.0,0.471,-2.0,-3.999,0.896,-0.649,0.0,0.852,-2.0,-3.0,-1.593,1.441,6.368,-4.0,-2.0,-4.0,-5.999,-5.0,-0.536,-6.0,-3.0,-3.0,9.642,3.121,-3.0,1.852,0.0,0.0,0.0,0.0,0.0,0.0,0.0,0.0,0.0,0.0
GoldS210,XAUUSDc,383,-2.8467,-8.54,2,-0.2174,0.0,511,44.4227,1,11,0,0.01,1.9,1.0,0.0,0.5,15,1,-12.016,0,0,2,0,0.4,0.0,0.0,0.0,0.0,0.0,0.986,-2.007,-1.022,-0.014,-3.0,-1.034,2.58,0.977,-4.0,-0.009,-4.001,-3.0,-2.147,-4.0,-3.0,0.234,-0.6,3.523,-1.02,1.537,-0.025,-0.014,2.314,-2.012,-3.007,-4.0,-4.0,0.99,-2.008,1.538,2.89,5.173,0.968,-0.019,1.904,-3.0,1.076,-2.002,-2.0,0.996,-0.809,-3.0,2.413,1.25,-3.007,3.607,-0.009,-2.016,-2.007,-1.0,-4.009,-2.007,-0.52,-1.933,-0.009,4.036,2.074,-3.0,1.955,2.145,-0.026,0.962,7.146,1.465,1.639,2.984,4.086,1.575,5.339,-0.018,-2.006,-3.999,-1.001,-3.002,1.973,-0.595,3.927,-2.0,-0.046,-0.023,-1.015,-1.0,0.918,-1.034,-0.143,-4.0,-1.766,3.651,-2.048,-2.017,3.922,1.131,7.754,-2.004,0.971,0.0,-0.068,-2.0,2.131,-3.042,-0.023,1.914,-0.019,0.973,1.927,-0.562,-5.0,-0.022,1.932,0.51,-0.032,-1.959,3.264,-0.008,-1.055,0.0,0.0,0.0,0.0,0.0,0.0,0.0,0.0,0.0,0.0
GoldS210,XAUUSDc,254,20.8807,31.321,4,0.4065,120.31,493,17.6471,1,9,0,0.01,1.5,2.0,0.0,0.0,15,1,-6.362,23,0,2,0,0.2,0.0,0.0,0.0,0.0,0.0,1.972,15.512,-4.0,-4.0,-3.0,-6.0,24.028,-1.01,-3.0,-0.005,-4.002,-3.0,0.545,-4.0,-4.0,0.712,0.211,-2.025,-5.0,-0.886,-2.015,1.403,-4.0,3.504,-0.332,-4.0,-4.0,-2.014,1.262,-1.011,-5.0,-7.0,-2.012,-3.0,0.971,1.5,-3.0,-3.999,-2.0,-2.999,-4.0,-3.0,-2.843,6.903,-2.014,41.379,-1.004,-6.0,-1.014,-1.0,0.642,-4.0,-1.428,0.91,2.371,14.762,-4.001,-3.0,2.711,-4.0,1.547,-4.0,17.579,0.991,8.022,0.985,-0.014,-3.999,13.008,-2.999,-4.0,-4.0,-0.002,-2.005,-5.0,-4.0,-0.001,6.073,-0.009,13.402,1.197,-1.0,-0.269,-6.0,-2.008,-4.0,-0.48,3.203,-2.006,-5.0,-0.507,-2.0,-4.999,-0.162,4.981,0.0,-0.11,-2.0,-2.0,-2.076,0.953,5.997,-4.0,-2.0,28.594,-6.0,-4.0,2.086,-5.0,6.495,15.368,-6.0,4.812,-4.0,-2.01,0.0,0.0,0.0,0.0,0.0,0.0,0.0,0.0,0.0,0.0
GoldS210,XAUUSDc,445,-7.4183,-22.255,2,-0.3566,0.0,486,17.9012,1,7,0,0.01,1.5,2.0,0.0,0.5,15,1,-39.206,28,0,2,0,0.4,0.0,0.0,0.0,0.0,0.0,1.972,7.293,-4.0,-1.01,-3.0,-5.0,6.276,-0.01,-3.0,-0.005,-4.003,-3.0,-5.0,-4.0,-3.0,12.951,0.997,-2.025,-6.0,3.063,-2.015,-2.067,-3.0,5.008,-5.0,-4.0,-4.0,-0.014,3.988,11.951,1.028,1.134,2.733,-3.0,0.97,-3.0,-3.0,-4.0,-3.0,-2.999,-4.0,-3.0,1.142,0.66,-2.014,4.472,-1.004,-6.0,-1.014,-1.0,1.321,-4.0,0.112,-4.0,0.947,6.106,-3.001,-3.0,-0.061,-4.0,-3.023,-4.0,15.765,0.991,5.973,3.14,1.717,-3.0,7.68,-3.0,-4.0,-3.999,-0.002,-2.005,-4.0,10.343,-0.001,12.953,-0.009,0.975,1.197,-1.0,-6.0,-4.999,11.358,-4.0,-1.142,-2.021,1.4,-5.0,-0.507,-3.0,-4.999,-4.0,1.316,0.0,-0.11,-2.0,-3.0,-2.076,0.953,3.952,-4.0,-2.0,9.041,-6.0,-5.0,4.723,-3.042,9.234,5.946,-6.0,10.465,-3.0,2.676,0.0,0.0,0.0,0.0,0.0,0.0,0.0,0.0,0.0,0.0
GoldS210,XAUUSDc,720,-2.601,-5.202,3,-0.1449,0.0,506,44.664,1,5,0,0.01,1.5,1.0,0.0,0.0,15,1,-7.17,0,0,2,0,0.8,0.0,0.0,0.0,0.0,0.0,0.986,-0.883,-0.589,1.613,-1.632,-1.032,2.126,1.538,-1.047,0.32,-4.001,0.24,-0.271,-4.0,-3.0,-1.124,-3.005,2.778,-1.174,1.908,0.211,0.474,2.587,-2.012,-5.0,-1.633,-4.0,0.84,-3.008,-0.307,4.365,3.506,1.336,-0.638,1.555,-3.0,-1.01,-1.007,-1.999,0.996,0.142,-4.0,4.027,1.048,-3.007,4.401,-0.009,-2.016,-2.007,-1.0,-3.967,-2.007,-3.02,-2.998,0.393,5.144,0.733,-3.0,3.52,0.665,-0.594,1.218,6.406,1.538,-1.586,3.593,3.116,-0.698,4.625,0.428,-0.144,-4.0,-1.001,-3.002,1.973,0.16,3.125,-1.518,0.224,0.798,-1.015,-1.0,1.271,-0.356,-0.436,-4.0,-1.766,4.03,-3.003,-2.017,3.922,0.549,6.676,-2.004,3.071,0.0,-0.068,-2.0,1.671,-3.042,-0.023,0.502,-0.019,0.973,4.563,-0.934,-5.0,0.038,3.35,-0.424,-0.479,-1.411,0.419,0.303,2.747,0.0,0.0,0.0,0.0,0.0,0.0,0.0,0.0,0.0,0.0
GoldS210,XAUUSDc,59,-16.5397,-49.619,2,-0.8591,0.0,493,26.1663,1,11,0,0.01,1.9,1.5,0.0,0.5,15,1,-77.381,9,0,2,0,0.0,0.0,0.0,0.0,0.0,0.0,1.479,-3.506,-4.0,-1.508,-3.0,-6.0,-0.015,-0.507,-4.0,-0.504,-4.502,-3.0,-0.749,-4.0,-3.0,23.762,-1.251,2.54,2.399,2.021,-1.023,-1.477,2.258,-0.04,-2.51,-4.0,-4.0,-2.51,-1.511,-2.508,0.796,-5.0,-0.017,1.556,-0.022,-3.0,2.318,-0.068,-2.0,-2.999,-4.0,-3.0,-3.562,1.375,-2.51,4.991,-1.503,-1.609,-1.511,-1.0,-3.014,-1.51,-1.194,-0.373,0.486,2.734,-1.007,-3.0,3.442,-4.0,4.127,-0.038,-5.0,0.493,4.928,1.986,7.776,2.269,3.467,0.32,-4.0,-4.0,-0.501,-2.503,-1.509,4.078,2.731,7.235,0.944,-1.025,-0.523,-1.0,-3.517,1.208,-2.506,-4.0,-1.123,-1.069,-1.552,-2.502,1.123,-2.0,2.221,-4.0,3.972,0.0,1.399,-2.0,-2.0,-2.559,0.465,-0.083,-1.526,-0.539,8.125,-0.457,-5.0,0.966,-1.041,1.964,3.076,-6.0,6.452,-4.0,-0.508,0.0,0.0,0.0,0.0,0.0,0.0,0.0,0.0,0.0,0.0
GoldS210,XAUUSDc,280,-14.9852,-89.911,1,-0.8705,0.0,449,18.0401,1,5,0,0.01,1.7,2.0,0.0,1.0,15,1,-105.76,15,0,2,0,0.2,0.0,0.0,0.0,0.0,0.0,1.972,-2.01,-4.0,-0.01,-1.003,-4.0,0.938,-0.01,-3.0,0.893,-4.002,-2.0,-2.0,0.924,-3.0,2.792,0.997,-2.024,-2.0,0.496,-1.015,-4.0,-4.0,12.789,-3.0,-4.0,-4.0,-1.014,-4.0,-2.011,-7.0,-5.0,-0.943,-0.083,0.97,-3.0,-3.0,0.986,-1.0,-3.0,-3.0,-4.0,1.366,3.119,-2.014,0.481,-1.004,-6.0,-1.014,-1.0,-5.008,-4.0,-0.032,3.135,6.501,6.501,-3.001,-3.0,-0.062,-3.999,-2.023,-4.0,16.943,0.991,-6.0,3.14,4.412,-3.0,-0.022,-3.0,-2.0,-2.0,-1.002,-2.005,-4.0,-4.0,-0.001,-4.0,-0.009,1.243,1.197,-1.0,-3.022,-5.0,11.335,-4.0,-1.022,-1.021,3.26,-4.999,-2.063,-2.0,-2.998,-2.032,2.58,0.0,-0.11,-2.0,1.484,-2.076,0.953,-1.049,-4.0,-2.0,13.797,-6.0,-1.018,11.679,-2.042,-4.0,-1.042,-4.999,7.108,-4.0,1.921,0.0,0.0,0.0,0.0,0.0,0.0,0.0,0.0,0.0,0.0
GoldS210,XAUUSDc,390,-1.1807,-3.542,2,-0.1472,0.0,477,50.1048,1,9,0,0.01,1.7,1.0,0.0,1.0,15,1,-4.542,0,0,2,0,0.4,0.0,0.0,0.0,0.0,0.0,0.986,-1.008,-1.022,0.986,-0.015,-2.003,0.941,0.977,-1.047,-0.009,-4.001,-0.165,0.934,0.755,-3.0,-2.068,-1.071,1.979,-0.125,0.93,0.932,1.982,1.99,-2.012,-2.007,-0.059,-4.0,-0.049,-2.008,-0.061,2.89,1.99,0.968,-1.077,0.978,-3.0,0.935,-0.007,-1.0,-1.002,-0.001,-4.0,2.891,-1.147,-3.007,2.948,1.942,-2.016,-2.007,-1.0,-4.009,-2.007,2.922,-1.054,0.96,3.819,0.967,-3.0,1.955,-0.088,-1.026,0.962,4.953,0.99,-0.023,2.984,1.936,-0.016,3.977,-0.018,-1.103,-1.0,-1.001,-3.002,1.973,-1.059,1.985,-2.0,-0.046,-0.023,-1.015,-1.0,0.918,-1.034,0.946,-4.0,-2.011,1.926,-2.048,-2.017,3.922,-0.006,4.907,-2.004,1.965,0.0,-0.068,-2.0,0.941,-1.09,-0.023,-0.029,-0.019,0.973,3.924,-2.034,-2.007,-0.022,2.932,-2.055,-0.032,-0.097,1.965,-0.008,1.91,0.0,0.0,0.0,0.0,0.0,0.0,0.0,0.0,0.0,0.0
GoldS210,XAUUSDc,708,48.071,48.071,6,1.2422,61.59,423,12.766,1,5,0,0.01,1.5,3.0,0.0,1.0,15,1,18.462,30,0,2,0,0.6,0.0,0.0,0.0,0.0,0.0,-1.0,17.169,-4.0,-3.0,-4.0,-3.999,-0.001,0.986,-3.0,-3.0,-3.004,-2.0,-2.0,5.256,-3.0,-3.0,4.058,-5.0,-1.0,26.609,-4.0,-3.0,7.524,12.917,-3.0,-4.0,-4.0,-3.0,-5.0,-1.016,-7.0,-5.0,5.301,0.91,-1.029,-3.0,15.169,1.979,-1.0,-3.0,-3.0,-4.0,5.274,5.296,-5.0,3.428,-4.0,-6.0,-4.0,-1.0,-4.011,-4.0,1.953,13.999,11.77,8.287,0.354,-3.0,-2.0,-5.0,-4.0,-4.0,-3.999,6.048,14.29,6.66,7.951,-3.0,11.093,-2.999,0.0,-3.0,-0.003,-1.007,-4.0,-3.0,5.415,10.403,-3.0,4.911,3.407,-1.0,-1.033,-4.0,8.812,-4.0,-0.033,-4.0,5.678,-5.0,6.437,-2.0,-2.999,-1.04,-4.0,0.0,4.002,-2.0,2.898,-4.0,12.868,-0.073,-4.0,-2.0,22.328,-5.999,-3.0,-4.0,-5.0,-4.0,-4.0,-3.999,-0.005,-3.0,5.88,0.0,0.0,0.0,0.0,0.0,0.0,0.0,0.0,0.0,0.0
GoldS210,XAUUSDc,508,-32.6585,-65.317,3,-0.6409,0.0,483,8.6957,1,5,0,0.01,1.7,3.0,0.0,0.0,15,1,-108.498,24,0,2,0,0.4,0.0,0.0,0.0,0.0,0.0,-1.0,23.434,-4.0,-4.0,-3.0,-5.0,-0.001,-0.014,-2.0,-3.0,-3.004,-3.0,-5.0,-4.0,-5.0,-5.0,4.584,-4.0,-6.0,9.974,-6.0,-4.0,7.735,22.757,-5.0,-4.0,-4.0,-2.999,-5.0,-2.016,-6.0,-5.0,8.186,6.191,-1.028,14.362,-3.0,-5.0,-3.0,-2.999,-4.0,-3.0,6.457,15.534,-5.0,-7.0,-4.0,-6.0,-4.0,-1.0,-3.597,-4.0,-6.0,-5.0,4.472,10.308,-1.646,-3.0,-3.0,-4.0,-5.999,6.921,-2.999,9.493,-6.0,5.488,10.547,-4.0,0.98,-3.0,-4.0,-4.0,0.997,-1.007,-4.0,-5.0,-3.0,40.181,-3.0,8.4,3.407,-1.0,-6.0,-5.0,4.935,-4.0,0.805,-5.999,4.886,-4.999,10.139,-2.0,-6.0,-4.0,-5.0,0.0,4.002,-2.0,-2.0,-4.0,9.72,-2.073,-4.0,-2.0,-5.0,-5.999,-5.0,-4.0,-5.0,-3.0,-3.999,-6.0,-5.0,-4.0,13.166,0.0,0.0,0.0,0.0,0.0,0.0,0.0,0.0,0.0,0.0
GoldS210,XAUUSDc,562,-3.436,-6.872,3,-0.1798,0.0,507,45.3649,1,9,0,0.01,1.9,1.0,0.0,0.5,15,1,-9.141,0,0,2,0,0.6,0.0,0.0,0.0,0.0,0.0,0.986,-2.007,-0.398,0.986,-1.108,-1.46,1.668,0.977,-4.0,-0.009,-4.001,0.411,0.236,-4.0,-3.0,-0.978,-0.6,2.693,-0.474,1.277,-0.025,0.211,2.314,-2.012,-3.007,-1.228,-4.0,0.463,-2.008,1.05,3.569,4.346,0.968,-3.0,1.829,-3.0,-1.01,-2.002,-2.0,0.996,0.191,-4.0,1.206,0.609,-3.007,3.607,-0.009,-2.016,-2.007,-1.0,-4.009,-2.007,-0.52,-1.933,-0.009,4.036,1.523,-3.0,1.955,1.556,-0.026,0.962,5.732,-1.004,0.917,2.984,3.623,0.786,5.153,-0.018,-0.124,-4.0,-1.001,-3.002,1.973,-0.145,3.181,-2.0,-0.046,-0.023,-1.015,-1.0,0.918,-1.034,2.54,-4.0,-1.766,3.759,-3.003,-2.017,3.922,0.72,6.637,-2.004,1.294,0.0,-0.068,-2.0,1.661,-3.042,-0.023,2.631,-0.019,0.973,4.732,-1.239,-4.0,-0.022,1.932,0.034,-0.032,0.463,3.518,-0.008,-1.055,0.0,0.0,0.0,0.0,0.0,0.0,0.0,0.0,0.0,0.0
GoldS210,XAUUSDc,73,-19.4863,-58.459,2,-0.5255,0.0,501,16.1677,1,7,0,0.01,1.5,2.0,0.0,0.0,15,1,-74.308,25,0,2,0,0.0,0.0,0.0,0.0,0.0,0.0,1.972,6.271,-3.999,-4.0,-3.0,-6.0,5.681,-1.01,-2.0,-0.005,-4.003,-3.0,-5.0,-4.0,-4.0,0.712,0.997,-3.025,-6.0,0.278,-2.015,-2.067,-4.0,9.814,-4.999,-4.0,-4.0,-0.014,5.566,2.825,1.028,-7.0,1.733,-3.0,0.97,1.511,-2.999,-5.999,-2.0,-2.999,-4.0,-3.0,-2.843,-6.02,-2.014,4.916,-1.004,-6.0,-1.014,-1.0,1.549,-4.0,-0.888,0.957,1.99,6.369,-4.001,-3.0,19.892,-4.0,1.547,-4.0,9.677,0.991,8.18,2.674,1.717,-3.999,13.008,-4.0,-3.0,-4.0,-0.002,-2.005,-4.999,-4.0,-0.001,-3.999,-0.009,1.991,1.197,-1.0,-6.0,-5.0,1.524,-4.0,-1.142,-2.02,-2.006,-5.0,-0.507,-3.0,-6.0,-4.0,1.316,0.0,-0.11,-2.0,-2.0,-2.076,0.953,4.649,-4.0,-2.0,14.797,-6.0,-4.0,5.444,13.021,9.325,11.926,-6.0,5.376,-4.0,-0.01,0.0,0.0,0.0,0.0,0.0,0.0,0.0,0.0,0.0,0.0
GoldS210,XAUUSDc,105,-5.5503,-33.302,1,-0.615,0.0,446,19.7309,1,7,0,0.01,1.9,2.0,0.0,1.0,15,1,-49.151,23,0,2,0,0.0,0.0,0.0,0.0,0.0,0.0,1.972,-2.01,-4.0,-0.01,-1.003,-4.0,0.938,-0.01,-3.0,-0.005,-4.003,-2.0,-1.999,0.924,-3.0,1.712,0.997,-2.025,-2.0,-1.058,-0.015,-5.0,-4.0,9.814,-3.0,-4.0,-4.0,-1.014,7.566,-2.011,1.028,-6.0,1.733,-0.083,0.97,-3.0,3.411,0.986,-1.0,-3.0,-3.0,-4.0,6.514,3.119,-2.014,-4.001,-0.004,-6.0,-1.014,-1.0,1.321,-4.0,-0.032,3.135,7.732,6.02,-3.001,-3.0,-0.061,-3.999,-2.023,-4.0,9.677,0.991,4.978,3.14,1.717,-3.0,13.008,-3.0,-3.0,-2.0,-1.002,-2.005,-3.999,-4.0,-0.001,-4.0,-0.009,1.243,1.197,-1.0,-3.022,-5.0,10.999,-4.0,-1.022,-1.021,4.159,-5.0,-0.507,-2.0,-3.0,-2.032,6.635,0.0,-0.11,-2.0,1.484,-2.076,0.953,-1.049,-4.0,-2.0,14.797,-5.999,-1.018,5.313,-2.042,2.469,5.993,-4.999,6.441,-4.0,1.92,0.0,0.0,0.0,0.0,0.0,0.0,0.0,0.0,0.0,0.0
GoldS210,XAUUSDc,102,16.018,32.036,3,0.5922,121.86,443,20.7675,1,9,0,0.01,1.7,2.0,0.0,1.0,15,1,-7.004,19,0,2,0,0.0,0.0,0.0,0.0,0.0,0.0,1.972,22.522,-4.0,-0.01,-1.003,-5.0,0.938,-0.01,-3.0,-0.005,-4.003,-2.0,-1.999,0.924,-3.0,1.712,0.211,-2.025,-2.0,-1.058,-1.015,1.403,-3.999,3.504,-3.0,-4.0,-4.0,-1.014,3.262,3.047,1.007,-6.0,-2.012,-0.083,0.97,-3.0,3.41,0.986,-1.0,-3.0,-3.0,-4.0,-0.066,-2.161,-2.014,41.558,-0.004,-6.0,-1.014,-1.0,0.414,-3.999,-0.032,3.135,7.732,6.02,-3.001,-3.0,-0.061,-3.999,-2.023,-4.0,3.576,0.991,4.978,0.985,-0.014,-3.0,13.008,-2.999,-2.0,-2.0,-1.002,-2.005,-4.0,-4.0,-0.001,-4.0,-0.009,13.295,1.197,-1.0,-3.022,-6.0,6.789,-4.0,-1.022,-3.0,5.236,-5.0,-0.507,-2.0,-2.999,-2.032,6.635,0.0,-0.11,-2.0,1.484,-2.076,0.953,-0.049,-4.0,-2.0,34.408,-6.0,-3.0,1.955,-2.042,1.658,8.299,-5.0,6.441,-4.0,1.92,0.0,0.0,0.0,0.0,0.0,0.0,0.0,0.0,0.0,0.0
GoldS210,XAUUSDc,244,13.7705,27.541,3,0.6246,85.28,458,30.131,1,5,0,0.01,1.7,1.5,0.0,1.0,15,1,4.054,14,0,2,0,0.2,0.0,0.0,0.0,0.0,0.0,1.479,4.664,-4.0,-0.508,-1.502,-0.317,2.429,-0.507,-3.0,-0.002,-4.501,5.936,-2.0,-0.555,-3.0,-2.157,-0.795,-2.518,-2.0,-2.554,2.564,-4.0,-4.0,0.96,0.307,-1.515,-4.0,-1.51,-1.511,1.015,-2.862,-5.0,13.739,-0.58,2.469,-3.0,-0.515,0.489,-1.0,-3.0,-3.0,-4.0,3.402,-2.446,-2.51,11.128,0.946,-6.0,-1.511,-1.0,-3.014,0.594,1.933,1.291,1.439,5.855,-1.007,-3.0,3.442,-3.999,1.107,2.541,3.884,0.493,-0.076,4.358,6.343,-0.525,7.07,13.88,-2.0,-2.0,-1.501,-2.503,-1.509,0.596,1.994,4.095,0.944,0.09,0.093,-1.0,-3.517,2.74,2.419,-4.0,-1.516,0.931,-1.552,-2.502,-0.068,-2.0,22.959,-4.0,4.918,0.0,1.399,-2.0,0.794,1.602,0.465,-1.536,-1.526,-0.539,5.327,-3.519,-1.513,7.306,-0.041,-1.56,-1.532,-0.646,4.748,-4.0,0.941,0.0,0.0,0.0,0.0,0.0,0.0,0.0,0.0,0.0,0.0
GoldS210,XAUUSDc,452,-21.0963,-63.289,2,-0.6661,0.0,491,16.0896,1,5,0,0.01,1.9,2.0,0.0,0.5,15,1,-85.078,24,0,2,0,0.4,0.0,0.0,0.0,0.0,0.0,1.972,10.441,-4.0,-1.01,-3.0,-5.0,5.1,-0.01,-3.0,0.893,-4.003,-3.0,-5.0,-4.0,-3.0,17.789,0.997,-4.0,-6.0,4.423,-3.015,-1.067,-3.0,4.882,-5.0,-4.0,-4.0,-0.014,-5.0,2.641,-7.0,-5.0,-0.943,3.072,0.97,-3.0,-3.0,-4.0,-3.0,-2.999,-4.0,-3.0,0.096,0.66,-2.014,8.497,-1.004,-6.0,-1.014,-1.0,-5.008,-4.0,0.112,-4.0,0.947,5.632,-3.001,-3.0,-0.062,-4.0,-3.022,-4.0,15.186,0.991,-6.0,3.14,4.175,-3.0,-0.023,-3.0,-4.0,-4.0,-0.002,-2.005,-4.0,16.502,4.007,16.935,-0.009,0.975,1.197,-1.0,-6.0,-5.0,11.566,-4.0,-0.48,3.439,1.208,-4.999,-2.063,-3.0,-5.0,-4.0,1.58,0.0,-0.11,-2.0,-3.0,-2.076,0.953,5.382,-4.0,-2.0,8.041,-5.999,-5.0,6.321,-3.042,3.405,1.42,-6.0,3.483,-4.0,3.675,0.0,0.0,0.0,0.0,0.0,0.0,0.0,0.0,0.0,0.0
GoldS210,XAUUSDc,729,-3.756,-7.512,3,-0.1876,0.0,503,45.328,1,7,0,0.01,1.9,1.0,0.0,0.0,15,1,-9.407,0,0,2,0,0.8,0.0,0.0,0.0,0.0,0.0,0.986,-0.514,-0.646,1.633,-1.566,-1.318,2.239,1.538,-1.047,0.44,-4.001,0.349,-0.303,-4.0,-3.0,-1.107,-3.005,2.271,-1.174,1.286,-0.025,0.029,2.587,-2.012,-5.0,-1.592,-4.0,0.784,-2.008,-0.523,3.835,3.532,0.968,-3.0,1.586,-3.0,-1.01,-1.007,-2.0,0.996,0.172,-4.0,3.439,0.698,-3.006,4.369,-0.009,-2.016,-2.007,-1.0,-3.967,-2.007,-3.02,-0.998,-0.607,5.085,0.675,-3.0,3.151,0.809,-0.57,1.218,5.614,-1.004,0.528,3.593,2.929,-0.698,4.593,-0.018,-0.158,-4.0,-1.001,-3.002,1.973,-0.038,2.917,-1.477,0.224,0.223,-1.015,-1.0,1.271,-0.766,2.005,-4.0,-1.644,3.109,-1.684,-2.017,3.922,0.418,3.946,-2.004,2.302,0.0,-0.068,-2.0,1.593,-3.042,-0.023,2.348,-0.019,0.973,4.328,-1.173,-4.0,0.038,2.257,-0.354,0.52,0.034,2.744,-0.008,2.689,0.0,0.0,0.0,0.0,0.0,0.0,0.0,0.0,0.0,0.0
GoldS210,XAUUSDc,734,-6.318,-12.636,3,-0.3232,0.0,501,46.3074,1,9,0,0.01,1.5,1.0,0.0,0.5,15,1,-14.326,0,0,2,0,0.8,0.0,0.0,0.0,0.0,0.0,0.986,-0.472,-0.646,0.986,-1.566,-1.671,1.368,0.977,-0.706,-0.009,-4.001,0.167,-0.31,-4.0,-3.0,-1.462,-0.641,2.271,-1.174,1.148,-0.025,0.129,2.314,-2.012,-3.007,-1.592,-4.0,0.266,-2.008,0.694,3.297,3.308,0.968,-3.0,1.482,-3.0,-1.01,-2.002,-2.0,0.996,0.191,-4.0,3.064,0.29,-3.007,3.243,-0.009,-2.016,-2.007,-1.0,-4.009,-2.007,-0.651,-0.933,-1.009,4.036,1.302,-3.0,1.955,0.873,-1.026,0.962,5.388,-1.004,0.532,2.984,3.011,0.399,4.637,-0.018,-0.551,-4.0,-1.001,-3.002,1.973,-0.653,2.804,-2.0,-0.046,-0.023,-1.015,-1.0,0.918,-1.034,1.745,-4.0,-1.766,4.022,-3.003,-2.017,3.922,0.416,6.123,-2.004,2.302,0.0,-0.068,-2.0,1.359,-3.042,-0.023,2.348,-0.019,0.973,4.328,-1.59,-4.0,-0.022,2.932,-1.354,-0.032,-0.208,2.877,-0.008,2.589,0.0,0.0,0.0,0.0,0.0,0.0,0.0,0.0,0.0,0.0
GoldS210,XAUUSDc,571,-1.1807,-3.542,2,-0.1472,0.0,477,50.1048,1,11,0,0.01,1.7,1.0,0.0,1.0,15,1,-4.542,0,0,2,0,0.6,0.0,0.0,0.0,0.0,0.0,0.986,-1.008,-1.022,0.986,-0.015,-2.003,0.941,0.977,-1.047,-0.009,-4.001,-0.165,0.934,0.755,-3.0,-2.068,-1.071,1.979,-0.125,0.93,0.932,1.982,1.99,-2.012,-2.007,-0.059,-4.0,-0.049,-2.008,-0.061,2.89,1.99,0.968,-1.077,0.978,-3.0,0.935,-0.007,-1.0,-1.002,-0.001,-4.0,2.891,-1.147,-3.007,2.948,1.942,-2.016,-2.007,-1.0,-4.009,-2.007,2.922,-1.054,0.96,3.819,0.967,-3.0,1.955,-0.088,-1.026,0.962,4.953,0.99,-0.023,2.984,1.936,-0.016,3.977,-0.018,-1.103,-1.0,-1.001,-3.002,1.973,-1.059,1.985,-2.0,-0.046,-0.023,-1.015,-1.0,0.918,-1.034,0.946,-4.0,-2.011,1.926,-2.048,-2.017,3.922,-0.006,4.907,-2.004,1.965,0.0,-0.068,-2.0,0.941,-1.09,-0.023,-0.029,-0.019,0.973,3.924,-2.034,-2.007,-0.022,2.932,-2.055,-0.032,-0.097,1.965,-0.008,1.91,0.0,0.0,0.0,0.0,0.0,0.0,0.0,0.0,0.0,0.0
GoldS210,XAUUSDc,873,-10.139,-30.417,2,-0.4727,0.0,432,12.7315,1,7,0,0.01,1.9,3.0,0.0,0.0,15,1,-45.856,34,0,2,0,0.8,0.0,0.0,0.0,0.0,0.0,-1.0,12.61,-4.0,-3.0,-4.0,-5.0,-0.001,0.986,-3.0,-3.0,-2.004,-2.0,-3.0,-4.0,-3.0,-2.0,2.043,-4.0,1.815,2.248,1.922,-5.0,3.205,9.459,-5.0,-4.0,-4.0,-3.0,5.445,-1.016,-3.0,-4.999,2.257,-3.0,-1.027,-3.0,4.544,-4.0,-3.0,5.833,-3.0,-4.0,3.727,2.272,-4.999,5.85,-5.0,-6.0,-4.0,-1.0,8.093,-3.999,-5.0,10.161,2.386,10.935,-0.239,-3.0,-2.0,1.962,-3.999,-4.0,-4.0,1.066,11.439,4.063,-2.0,-4.0,9.116,-3.0,0.0,-5.0,0.997,-1.007,-4.0,-3.0,4.407,7.538,-3.0,3.557,3.407,-1.0,-6.0,-4.0,11.785,-4.0,1.249,-5.999,4.904,-5.0,5.128,-2.0,-4.0,-4.0,6.169,0.0,4.816,-2.0,-2.0,-4.0,9.873,-1.073,9.13,-2.0,12.239,-6.0,-4.0,-4.0,-4.0,-3.0,-3.0,-5.0,0.97,-3.0,5.339,0.0,0.0,0.0,0.0,0.0,0.0,0.0,0.0,0.0,0.0
GoldS210,XAUUSDc,852,-4.5503,-13.651,2,-0.3355,0.0,415,18.0723,1,5,0,0.01,1.5,2.5,0.0,1.0,15,1,-24.088,25,0,2,0,0.8,0.0,0.0,0.0,0.0,0.0,-1.0,6.997,-4.0,-3.0,-0.504,-4.0,-0.501,0.488,-3.0,1.787,-2.503,-2.0,-2.0,2.128,-3.0,-3.0,0.817,-4.0,-1.0,6.218,-0.519,-3.0,3.3,3.369,2.894,-4.0,-4.0,0.483,-4.0,-0.513,2.31,-6.0,0.08,0.413,-1.523,-3.0,4.118,1.482,-1.0,-3.0,-3.0,-4.0,9.88,0.741,-5.0,16.668,-4.0,-6.0,-4.0,-1.0,3.422,-3.999,1.461,5.964,5.458,5.836,-1.501,-3.0,-1.999,-5.0,-0.529,-4.0,5.495,2.896,10.626,3.791,5.447,-3.0,7.343,-3.0,0.0,-3.0,-0.502,-1.506,-4.0,-3.0,1.521,3.547,-3.0,0.72,2.302,-1.0,-2.528,0.992,13.964,-4.0,-0.527,-0.526,1.97,-5.0,0.033,-2.0,-3.0,-1.536,-4.0,0.0,0.852,-2.0,2.191,-1.593,2.683,0.439,1.736,-2.0,6.35,-6.0,-3.0,8.098,2.119,-4.0,-3.999,-4.0,-0.504,-3.0,1.232,0.0,0.0,0.0,0.0,0.0,0.0,0.0,0.0,0.0,0.0
GoldS210,XAUUSDc,385,-1.1807,-3.542,2,-0.1472,0.0,477,50.1048,1,7,0,0.01,1.5,1.0,0.0,1.0,15,1,-4.542,0,0,2,0,0.4,0.0,0.0,0.0,0.0,0.0,0.986,-1.008,-1.022,0.986,-0.015,-2.003,0.941,0.977,-1.047,-0.009,-4.001,-0.165,0.934,0.755,-3.0,-2.068,-1.071,1.979,-0.125,0.93,0.932,1.982,1.99,-2.012,-2.007,-0.059,-4.0,-0.049,-2.008,-0.061,2.89,1.99,0.968,-1.077,0.978,-3.0,0.935,-0.007,-1.0,-1.002,-0.001,-4.0,2.891,-1.147,-3.007,2.948,1.942,-2.016,-2.007,-1.0,-4.009,-2.007,2.922,-1.054,0.96,3.819,0.967,-3.0,1.955,-0.088,-1.026,0.962,4.953,0.99,-0.023,2.984,1.936,-0.016,3.977,-0.018,-1.103,-1.0,-1.001,-3.002,1.973,-1.059,1.985,-2.0,-0.046,-0.023,-1.015,-1.0,0.918,-1.034,0.946,-4.0,-2.011,1.926,-2.048,-2.017,3.922,-0.006,4.907,-2.004,1.965,0.0,-0.068,-2.0,0.941,-1.09,-0.023,-0.029,-0.019,0.973,3.924,-2.034,-2.007,-0.022,2.932,-2.055,-0.032,-0.097,1.965,-0.008,1.91,0.0,0.0,0.0,0.0,0.0,0.0,0.0,0.0,0.0,0.0
GoldS210,XAUUSDc,436,-26.9413,-80.824,2,-0.7399,0.0,495,15.5556,1,5,0,0.01,1.7,2.0,0.0,0.0,15,1,-100.759,28,0,2,0,0.4,0.0,0.0,0.0,0.0,0.0,1.972,8.495,-4.0,-4.0,-3.0,-5.0,5.969,-1.01,-2.0,0.893,-4.003,-3.0,-5.0,-4.0,-5.0,2.16,0.997,-4.0,-6.0,4.306,-3.015,1.032,-4.0,5.882,-5.0,-4.0,-4.0,-0.014,-5.0,2.641,-6.0,-5.0,-0.943,3.072,0.97,1.728,-3.0,-5.0,-3.0,-2.999,-4.0,-3.0,6.634,2.743,-2.014,8.497,-1.004,-6.0,-1.014,-1.0,-4.78,-4.0,-6.0,1.244,2.549,4.558,-4.001,-3.0,-3.0,-4.0,-5.999,-0.79,14.157,0.991,-6.0,2.674,4.175,-4.0,-0.023,-3.0,-4.0,-4.0,-0.002,-2.005,-4.0,-5.0,4.007,15.935,-0.009,1.991,1.197,-1.0,-6.0,-5.0,18.095,-4.0,-0.48,4.711,1.208,-4.999,-2.063,-2.0,-6.0,-4.0,1.58,0.0,-0.11,-2.0,-2.0,-2.076,0.953,5.382,-4.0,-2.0,8.041,-5.999,-5.0,6.452,5.23,3.405,10.056,-6.0,-2.044,-4.0,-0.01,0.0,0.0,0.0,0.0,0.0,0.0,0.0,0.0,0.0,0.0
GoldS210,XAUUSDc,363,-2.662,-7.986,2,-0.2192,0.0,517,42.3598,1,11,0,0.01,1.5,1.0,0.0,0.0,15,1,-12.083,0,0,2,0,0.4,0.0,0.0,0.0,0.0,0.0,0.986,-0.891,-1.022,-2.009,-3.0,-0.086,5.861,-0.023,-3.0,1.54,-4.001,-3.0,-2.147,-4.0,-3.007,-4.002,-3.005,3.523,-1.02,0.955,-0.025,2.273,0.315,-2.012,-3.007,-4.0,-4.0,1.35,-2.24,1.929,3.232,5.399,0.968,-0.019,1.904,-2.009,1.076,-2.002,-2.0,0.996,-0.809,-3.0,4.875,2.947,-3.007,4.673,-0.009,-2.016,-2.007,-1.0,-3.967,-2.007,-1.298,-2.005,0.668,4.945,1.153,-3.0,4.411,1.652,0.542,0.962,7.146,1.465,1.677,3.847,4.086,0.147,5.339,-0.018,-2.006,-3.999,-1.001,-3.002,1.973,-3.036,3.927,0.003,0.864,-0.023,-1.015,-1.0,0.918,-1.034,1.529,-4.0,-1.766,3.747,-3.003,-2.017,3.922,-3.0,4.451,-2.004,0.971,0.0,-0.068,-2.0,2.208,-3.042,-0.023,1.914,-0.019,0.973,1.927,-2.54,-4.0,0.038,1.933,0.51,1.726,-0.841,0.81,-0.008,-1.055,0.0,0.0,0.0,0.0,0.0,0.0,0.0,0.0,0.0,0.0
GoldS210,XAUUSDc,291,28.3033,42.455,4,0.753,97.56,477,14.4654,1,11,0,0.01,1.5,2.5,0.0,0.0,15,1,1.036,29,0,2,0,0.2,0.0,0.0,0.0,0.0,0.0,-1.0,15.871,-4.0,-4.0,-3.0,-6.0,-1.501,-0.512,-3.0,0.494,-3.502,-3.0,-4.999,-4.0,-4.0,-0.499,1.982,-4.0,-1.451,-0.317,-2.519,-3.0,7.086,12.478,0.534,-4.0,-4.0,0.483,11.861,-0.513,-6.0,-6.0,-1.515,4.704,-1.523,-4.0,1.311,2.84,-2.0,-3.0,-4.0,-3.0,-2.287,9.282,-5.0,51.273,-4.0,-6.0,-4.0,-1.0,3.853,-4.0,0.498,3.681,3.57,10.522,-2.501,-4.0,7.058,-4.0,3.973,-4.0,1.323,1.558,19.531,1.526,-2.999,-3.999,16.859,-3.0,-4.0,-4.0,0.498,-1.506,-4.0,-5.0,4.095,-3.999,-2.999,5.752,0.461,-1.0,-2.528,0.83,-1.51,-4.0,0.163,-2.526,-1.508,-5.0,4.243,-3.0,-4.999,0.896,2.54,0.0,0.852,-2.0,-2.0,-1.593,1.441,5.116,-4.0,-2.0,-1.512,-6.0,-4.0,4.923,14.112,-3.0,-3.0,24.787,3.061,-5.0,4.851,0.0,0.0,0.0,0.0,0.0,0.0,0.0,0.0,0.0,0.0
GoldS210,XAUUSDc,485,-6.043,-36.258,1,-0.4584,0.0,474,12.6582,1,7,0,0.01,1.7,2.5,0.0,0.5,15,1,-60.964,26,0,2,0,0.4,0.0,0.0,0.0,0.0,0.0,-1.0,12.935,-4.0,-4.0,-3.0,-5.0,-0.501,0.488,-3.0,0.494,-3.503,-3.0,-5.0,-4.0,-3.0,-3.0,2.791,-5.0,-6.0,5.315,-1.519,-1.193,-3.0,11.779,-5.0,-4.0,-4.0,0.483,8.68,-1.513,3.698,3.094,4.434,-3.0,-1.524,-3.0,-3.0,-4.0,-3.0,-2.999,-4.0,-3.0,5.368,3.809,-5.0,-3.501,-4.0,-6.0,-4.0,-1.0,7.345,-4.0,2.418,-4.0,1.442,10.057,-2.501,-3.0,-1.999,-5.0,-1.529,-4.0,16.682,1.546,15.859,4.926,-3.0,-3.0,12.394,-3.0,-4.0,-3.999,0.498,-1.506,-4.0,-3.0,2.818,21.706,-3.0,3.585,2.302,-1.0,-6.0,-4.999,16.568,-4.0,-0.406,-1.526,4.546,-5.0,4.215,-3.0,-4.999,-4.0,-5.0,0.0,0.852,-2.0,-3.0,-1.593,2.683,-2.561,-4.0,-2.0,-4.0,-6.0,-5.0,13.351,-6.0,-3.0,-3.0,3.025,3.537,-3.0,11.89,0.0,0.0,0.0,0.0,0.0,0.0,0.0,0.0,0.0,0.0
GoldS210,XAUUSDc,328,-30.8987,-92.696,2,-0.7599,0.0,495,8.2828,1,5,0,0.01,1.7,3.0,0.0,0.0,15,1,-136.717,22,0,2,0,0.2,0.0,0.0,0.0,0.0,0.0,-1.0,-0.101,-4.0,-3.999,-3.0,-6.0,-0.001,-0.014,-2.0,-3.0,-3.004,-2.999,-5.0,-4.0,-5.0,-5.0,4.584,-5.0,0.3,13.282,-5.999,-4.0,7.735,42.021,-5.0,-4.0,-4.0,-2.999,-6.0,-2.016,-6.0,-6.0,8.525,6.191,-1.028,29.382,-3.0,-6.0,-2.0,-2.999,-4.0,-3.0,5.458,15.534,-5.0,-7.0,-4.0,-6.0,-4.0,-1.0,-3.597,-4.0,-2.229,-5.0,4.472,10.308,-1.646,-3.0,-4.0,-4.0,-5.999,6.921,-4.999,19.488,-6.0,5.488,15.755,-3.998,0.981,-3.0,-4.0,-3.999,0.997,-1.007,-4.0,-5.0,-3.0,-5.0,-3.0,8.4,3.407,-1.0,-6.0,-5.0,3.936,-4.0,0.805,-6.0,4.886,-4.999,-5.0,-2.0,-5.999,-4.0,-5.0,0.0,4.002,-2.0,-2.0,-4.0,9.72,-2.073,-4.0,-2.0,-5.0,-6.0,-5.0,-4.0,-5.0,-3.0,-3.999,-6.0,-5.0,-4.0,15.429,0.0,0.0,0.0,0.0,0.0,0.0,0.0,0.0,0.0,0.0
GoldS210,XAUUSDc,501,22.7865,45.573,3,1.3825,62.63,431,15.5452,1,7,0,0.01,1.9,2.5,0.0,1.0,15,1,17.03,28,0,2,0,0.4,0.0,0.0,0.0,0.0,0.0,-1.0,13.932,-4.0,-3.0,-0.504,-4.0,-0.501,0.488,-3.0,0.494,-3.503,-2.0,-1.999,4.255,-3.0,-3.0,2.791,-5.0,-1.0,24.543,0.481,-5.0,-3.0,11.779,-3.0,-4.0,-4.0,-0.517,8.68,-1.513,3.698,3.094,4.434,0.413,-1.524,-3.0,9.926,1.482,-1.0,-3.0,-3.0,-4.0,6.368,4.809,-5.0,-3.501,-3.0,-6.0,-4.0,-1.0,7.345,-4.0,1.461,-3.0,10.058,9.353,-2.501,-3.0,-1.999,-4.999,-0.529,-4.0,16.682,1.546,10.195,4.926,-3.0,-3.0,12.394,-3.0,-2.0,-2.0,-0.502,-1.506,-4.0,-3.0,2.818,13.792,-3.0,3.585,2.302,-1.0,-2.528,-5.0,15.446,-4.0,-0.527,-0.526,6.532,-5.0,4.215,-2.0,-3.0,-1.536,-4.0,0.0,0.852,-2.0,2.191,-1.593,2.683,-0.561,-4.0,-2.0,-4.0,-6.0,-3.0,13.351,-5.0,-4.0,-3.0,4.025,-0.504,-3.0,9.527,0.0,0.0,0.0,0.0,0.0,0.0,0.0,0.0,0.0,0.0
GoldS210,XAUUSDc,741,-4.6937,-14.081,2,-0.3477,0.0,502,46.0159,1,7,0,0.01,1.9,1.0,0.0,0.5,15,1,-15.812,0,0,2,0,0.8,0.0,0.0,0.0,0.0,0.0,0.986,-0.472,-0.646,0.986,-1.566,-1.671,1.434,1.538,-1.047,-0.009,-4.001,0.167,-0.303,-4.0,-3.0,-1.39,-0.641,2.271,-1.174,1.148,-0.025,0.129,2.314,-2.012,-5.0,-1.592,-4.0,0.428,-2.008,1.682,3.297,3.422,0.968,-3.0,1.586,-3.0,-1.01,-1.007,-2.0,0.996,0.172,-4.0,3.096,0.29,-3.007,4.139,-0.009,-2.016,-2.007,-1.0,-4.009,-2.007,-1.635,-3.0,-1.009,4.036,1.333,-3.0,2.235,0.891,-0.026,0.962,5.31,-1.004,0.528,2.984,2.929,0.399,4.593,-0.018,-0.532,-4.0,-1.001,-3.002,1.973,-0.441,2.804,-2.0,-0.046,-0.023,-1.015,-1.0,1.271,-1.034,1.733,-4.0,-1.644,4.108,-2.048,-2.017,3.922,0.418,3.613,-2.004,2.302,0.0,-0.068,-2.0,1.359,-3.042,-0.023,2.348,-0.019,0.973,4.328,-1.59,-4.0,-0.022,1.932,-0.354,-0.032,-0.114,2.646,-0.008,2.34,0.0,0.0,0.0,0.0,0.0,0.0,0.0,0.0,0.0,0.0
GoldS210,XAUUSDc,465,-1.4283,-4.285,2,-0.1097,0.0,442,21.0407,1,7,0,0.01,1.9,2.0,0.0,1.0,15,1,-18.259,26,0,2,0,0.4,0.0,0.0,0.0,0.0,0.0,1.972,8.291,-4.0,-0.01,-1.003,-4.0,0.938,-0.01,-3.0,-0.005,-4.003,-2.0,-1.999,0.924,-3.0,2.916,0.997,-2.025,-1.0,9.974,-0.015,-5.0,-3.0,5.008,-3.0,-4.0,-4.0,-1.014,3.988,-2.011,1.028,1.134,2.733,-0.083,0.97,-3.0,3.41,0.986,-1.0,-3.0,-3.0,-4.0,2.142,1.66,-2.014,1.038,-0.004,-6.0,-1.014,-1.0,1.321,-4.0,-0.032,3.135,4.423,5.564,-3.001,-3.0,-0.061,-3.999,-2.023,-4.0,15.765,0.991,2.725,3.14,1.717,-3.0,7.68,-3.0,-2.0,-2.0,-1.002,-2.005,-4.0,4.265,-0.001,7.717,-0.009,0.975,1.197,-1.0,-3.022,-5.0,10.999,-4.0,-1.022,-1.021,2.642,-5.0,-0.507,-2.0,-3.0,-2.032,6.635,0.0,-0.11,-2.0,1.484,-2.076,0.953,-1.049,-4.0,-2.0,9.041,-6.0,-3.0,4.723,-2.042,2.43,5.946,-5.0,6.441,-3.0,0.921,0.0,0.0,0.0,0.0,0.0,0.0,0.0,0.0,0.0,0.0
GoldS210,XAUUSDc,644,-16.3927,-49.178,2,-0.6169,0.0,441,21.0884,1,5,0,0.01,1.9,2.0,0.0,1.0,15,1,-57.353,17,0,2,0,0.6,0.0,0.0,0.0,0.0,0.0,1.972,6.225,-4.0,-0.01,-1.003,-3.999,0.938,-0.01,-3.0,0.893,-4.003,-2.0,-2.0,0.578,-3.0,1.311,0.72,-2.025,-1.0,3.625,-1.015,-3.0,3.307,1.609,-3.0,-4.0,-4.0,-0.014,-5.0,-2.011,-7.0,-5.0,-0.942,-0.083,0.97,-3.0,2.225,0.986,-1.0,-3.0,-3.0,-4.0,5.724,-0.011,-2.014,-0.265,-1.004,-6.0,-1.014,-1.0,-5.008,-4.0,-0.032,2.345,3.365,3.246,-2.001,-3.0,-0.062,-4.0,-2.023,-4.0,16.286,0.991,6.747,3.117,2.799,-3.0,5.734,-2.999,0.0,-3.0,-1.002,-2.005,3.591,2.335,-0.001,3.272,-0.009,0.068,1.197,-1.0,-3.022,1.209,10.047,-4.0,-1.022,-1.021,0.948,-5.0,-2.063,-2.0,-2.999,-2.032,1.406,0.0,-0.11,-2.0,1.485,-2.076,0.953,-1.049,-4.0,-2.0,13.258,-5.999,-3.0,4.526,-2.042,-4.0,5.715,-3.999,7.108,-3.0,-2.01,0.0,0.0,0.0,0.0,0.0,0.0,0.0,0.0,0.0,0.0
GoldS210,XAUUSDc,878,-5.6715,-34.029,1,-0.5071,0.0,427,13.5831,1,9,0,0.01,1.5,3.0,0.0,0.5,15,1,-48.559,33,0,2,0,0.8,0.0,0.0,0.0,0.0,0.0,-1.0,13.896,-4.0,-3.0,-4.0,-5.0,-0.001,0.986,-3.0,-3.0,-2.004,-2.0,-2.999,-4.0,-3.0,-2.0,3.019,-4.0,-5.0,2.673,1.923,-5.0,3.784,9.351,-4.0,-4.0,-4.0,-1.999,5.386,-0.016,-3.0,-5.999,2.29,-3.0,-1.029,-3.0,4.779,3.563,-2.0,6.42,-3.0,-4.0,2.906,-3.153,-5.0,4.172,-5.0,-6.0,-4.0,-1.0,7.037,-4.0,3.272,6.692,0.938,8.838,-1.001,-3.0,-2.0,-5.0,-4.0,-4.0,-4.0,1.066,9.754,4.305,5.273,-2.0,12.53,-3.0,0.0,-5.0,0.997,-1.007,-4.0,-3.0,4.667,6.679,-3.0,1.044,3.407,-1.0,1.716,-5.0,6.522,-4.0,0.805,-4.0,-1.01,-5.0,2.723,-2.0,-4.0,0.633,2.737,0.0,3.42,-2.0,-2.0,-4.0,8.04,5.155,9.541,-2.0,10.898,-6.0,-4.0,-3.999,-4.0,-4.0,-3.0,-5.0,1.866,-3.0,3.485,0.0,0.0,0.0,0.0,0.0,0.0,0.0,0.0,0.0,0.0
GoldS210,XAUUSDc,121,-32.529,-97.587,2,-0.8242,0.0,488,10.8607,1,7,0,0.01,1.5,2.5,0.0,0.5,15,1,-123.221,20,0,2,0,0.0,0.0,0.0,0.0,0.0,0.0,-1.0,-2.51,-4.0,-4.0,-3.0,-6.0,-1.5,0.488,-3.0,0.494,-3.503,-3.0,-5.0,-4.0,-3.0,9.844,2.791,-6.0,-6.0,8.326,-1.519,-1.193,-4.0,19.612,-4.999,-4.0,-4.0,-1.517,14.42,-2.513,3.698,-7.0,3.434,-3.0,-1.524,-3.0,-2.999,-4.998,-2.0,-2.999,-4.0,-3.0,-5.999,6.209,-5.0,-3.501,-4.0,-6.0,-4.0,-1.0,-4.51,-4.0,2.418,-3.999,1.442,10.656,-2.501,-3.0,-1.999,-5.0,-1.529,-4.0,20.634,1.546,20.178,4.926,-3.0,-2.999,19.025,-3.0,-4.0,-4.0,0.498,-1.506,-3.999,-4.0,-2.999,-4.0,-3.0,3.97,2.302,-1.0,-6.0,-4.999,3.008,-4.0,-0.406,-1.526,4.546,-5.0,-5.0,-3.0,-5.0,-4.0,-5.0,0.0,0.852,-2.0,-3.0,-1.593,2.683,-2.56,-4.0,-2.0,-4.0,-6.0,-5.0,14.485,-6.0,-3.0,-3.0,3.075,3.807,-4.0,14.445,0.0,0.0,0.0,0.0,0.0,0.0,0.0,0.0,0.0,0.0
GoldS210,XAUUSDc,523,-17.977,-53.931,2,-0.6882,0.0,455,10.7692,1,11,0,0.01,1.7,3.0,0.0,0.5,15,1,-77.97,25,0,2,0,0.4,0.0,0.0,0.0,0.0,0.0,-1.0,15.219,-4.0,-4.0,-3.0,-5.0,-0.001,0.987,-4.0,-3.0,-3.004,-3.0,-5.0,-4.0,-3.0,-3.0,3.599,-5.0,-5.0,7.568,-4.999,-5.0,11.001,21.039,-4.0,-4.0,-4.0,-2.0,12.657,-0.016,-6.0,-6.0,5.355,6.278,-1.029,-3.0,1.983,4.295,-2.0,-3.0,-4.0,-3.0,-4.0,-3.153,-5.0,10.722,-5.0,-6.0,-4.0,-1.0,7.268,-4.0,3.724,6.291,1.938,0.829,-1.001,-4.0,-1.999,-5.0,-5.0,-4.0,-3.999,1.078,-4.998,5.92,-3.0,-2.0,12.29,-2.999,-4.0,-3.999,0.997,-1.007,-4.0,-3.0,-3.0,19.733,-3.0,7.129,0.954,-1.0,-1.033,-5.999,-0.012,-4.0,0.805,-6.0,7.652,-5.0,11.185,-2.0,-3.999,1.954,4.342,0.0,4.844,-2.0,-2.0,-4.0,8.04,7.316,-4.0,-2.0,-1.015,-5.999,-5.0,-4.0,-6.0,-3.0,-3.0,-5.999,4.136,-4.0,7.201,0.0,0.0,0.0,0.0,0.0,0.0,0.0,0.0,0.0,0.0
GoldS210,XAUUSDc,881,-8.2798,-49.679,1,-0.6461,0.0,436,12.3853,1,7,0,0.01,1.7,3.0,0.0,0.5,15,1,-65.118,34,0,2,0,0.8,0.0,0.0,0.0,0.0,0.0,-1.0,13.37,-4.0,-3.0,-4.0,-5.0,-0.001,0.986,-3.0,-3.0,-2.004,-2.0,-3.0,-4.0,-3.0,-2.0,3.043,-4.0,1.815,2.673,1.922,-5.0,3.205,9.46,-5.0,-4.0,-4.0,-3.0,5.445,-1.016,-3.0,-4.999,2.257,-3.0,-1.027,-3.0,4.544,-4.0,-3.0,5.833,-3.0,-4.0,3.727,0.822,-5.0,5.85,-5.0,-6.0,-4.0,-1.0,7.679,-3.999,-0.681,-3.0,0.938,9.805,0.761,-3.0,-2.0,-5.0,-5.0,-4.0,-4.0,1.066,11.439,5.266,-2.0,-3.0,9.116,-3.0,0.0,-5.0,0.997,-1.007,-4.0,-3.0,4.406,7.538,-3.0,2.046,3.407,-1.0,-6.0,-5.0,11.785,-4.0,1.249,-5.0,3.189,-5.0,5.128,-2.0,-4.0,-4.0,6.169,0.0,4.816,-2.0,-2.0,-4.0,11.698,-1.073,9.13,-2.0,12.239,-6.0,-4.0,-4.0,-5.0,-3.0,-3.0,-5.0,0.971,-3.0,4.338,0.0,0.0,0.0,0.0,0.0,0.0,0.0,0.0,0.0,0.0
GoldS210,XAUUSDc,544,1.5963,4.789,2,0.1909,60.7,516,42.8295,1,5,0,0.01,1.7,1.0,0.0,0.0,15,1,1.882,0,0,2,0,0.6,0.0,0.0,0.0,0.0,0.0,0.986,-0.883,-0.298,2.1,-1.228,-0.093,3.104,0.876,-0.047,0.743,-4.001,0.478,0.329,-4.0,-3.007,-4.002,-3.005,3.553,-0.474,2.322,0.353,2.808,3.008,-2.012,-5.0,-1.617,-4.0,1.778,-3.008,0.295,5.509,4.751,1.431,-0.338,1.97,-2.009,-1.01,-2.007,-2.0,0.996,0.142,-4.0,5.201,2.21,-3.007,5.599,-0.009,-2.016,-2.007,-1.0,-3.967,-2.007,-4.02,-2.998,0.694,6.016,1.405,-3.0,1.778,0.977,0.784,1.218,7.293,-1.004,-1.267,4.092,3.862,-0.282,2.733,0.784,-2.006,-4.0,-1.001,-3.002,1.973,-1.327,1.241,-1.011,0.611,1.686,-1.015,-1.0,1.496,-0.013,0.2,-4.0,-1.766,3.763,-3.003,-2.017,3.922,0.623,0.966,-2.004,3.64,0.0,-0.068,-2.0,2.431,-3.042,-0.023,0.911,-0.019,0.973,5.077,-0.032,-5.0,0.038,4.286,-0.101,0.003,-0.891,-2.022,0.497,3.26,0.0,0.0,0.0,0.0,0.0,0.0,0.0,0.0,0.0,0.0
GoldS210,XAUUSDc,834,-15.894,-31.788,3,-0.5655,0.0,440,17.5,1,9,0,0.01,1.7,2.5,0.0,0.0,15,1,-41.501,25,0,2,0,0.8,0.0,0.0,0.0,0.0,0.0,-1.0,8.886,-4.0,-3.0,-4.0,-5.0,-0.5,0.488,-3.0,0.494,-2.502,-2.0,-2.999,-4.0,-3.0,-2.0,0.817,-4.0,-5.0,-0.317,4.184,2.295,2.61,3.586,0.533,-4.0,-4.0,0.483,3.164,-0.513,2.487,-5.999,-0.515,-3.0,-1.524,-3.0,3.238,2.322,-2.0,2.116,-3.0,-4.0,4.134,-2.339,-5.0,15.366,-4.0,-6.0,-4.0,-1.0,2.674,-4.0,-0.501,4.243,1.623,7.261,-2.501,-3.0,-2.0,-5.0,0.344,-4.0,3.646,0.546,11.294,1.526,3.612,-3.0,9.791,-3.0,0.0,-5.0,0.498,-1.506,-4.0,-3.0,1.732,12.282,-3.0,-1.152,2.302,-1.0,-0.411,0.339,11.682,-4.0,0.163,-1.525,-1.508,-5.0,-0.621,-2.0,-4.0,-0.177,1.67,0.0,0.852,-2.0,-2.0,-1.593,1.441,3.38,7.102,-2.0,5.844,-6.0,-4.0,-0.536,3.487,-4.0,-3.0,2.289,1.034,-3.0,1.591,0.0,0.0,0.0,0.0,0.0,0.0,0.0,0.0,0.0,0.0
GoldS210,XAUUSDc,69,-4.3115,-8.623,3,-0.1494,0.0,457,30.4158,1,7,0,0.01,1.9,1.5,0.0,1.0,15,1,-27.272,7,0,2,0,0.0,0.0,0.0,0.0,0.0,0.0,1.479,-2.508,-4.0,-0.508,-1.502,-1.802,2.429,-0.507,-3.0,-0.504,-4.502,4.965,-1.999,-0.555,-3.0,-2.069,-0.795,-2.519,-2.0,-2.554,2.421,-4.0,-4.0,0.96,-1.511,-1.515,-4.0,-1.51,-1.511,0.576,2.042,-5.0,2.523,-0.58,2.469,-3.0,3.714,0.489,-1.0,-3.0,-3.0,-4.0,0.888,-2.446,-2.51,7.795,0.946,-6.0,-1.511,-1.0,-3.014,0.594,1.933,1.291,1.439,5.516,-1.007,-3.0,3.442,-3.999,-2.517,2.531,-2.531,0.493,4.263,4.358,5.515,-0.525,3.467,12.985,-3.0,-2.0,-1.501,-2.503,-1.508,-1.529,1.994,4.423,0.944,0.09,0.093,-1.0,-3.517,1.706,2.419,-4.0,-1.516,0.931,-1.552,-2.502,1.078,-2.0,18.121,-4.0,4.918,0.0,1.399,-2.0,0.794,2.179,0.465,-1.536,-1.526,-0.539,9.919,-3.519,-1.513,0.966,-0.041,-1.56,3.076,-0.646,4.418,-4.0,0.94,0.0,0.0,0.0,0.0,0.0,0.0,0.0,0.0,0.0,0.0
GoldS210,XAUUSDc,711,-8.4847,-12.727,4,-0.3182,0.0,409,13.6919,1,11,0,0.01,1.5,3.0,0.0,1.0,15,1,-30.264,27,0,2,0,0.6,0.0,0.0,0.0,0.0,0.0,-1.0,11.709,-4.0,-3.0,-4.0,-5.0,-0.001,0.986,-3.0,-3.0,-3.003,8.486,-2.0,5.242,-3.0,-2.0,3.146,-4.0,-1.0,14.537,-3.0,-4.0,8.37,13.13,-3.0,-3.0,-4.0,-1.999,7.939,-0.016,-6.0,-6.0,3.315,0.91,-1.028,-3.0,5.362,1.979,-1.0,-3.0,-3.0,-4.0,4.499,0.841,-5.0,4.97,-4.0,-6.0,-4.0,-1.0,7.268,-4.0,1.953,7.87,7.186,-0.037,-1.001,-3.0,-2.0,-4.0,-4.0,-4.0,-4.0,1.078,-5.0,5.343,-3.0,-3.0,9.585,-3.0,0.0,-3.0,-0.003,-1.007,-4.0,-3.0,5.791,5.109,-3.0,4.538,0.954,-1.0,-0.033,-4.999,3.865,-4.0,-0.033,-3.0,4.593,-5.0,8.557,-2.0,-3.0,-1.04,9.032,0.0,4.844,-2.0,2.897,-4.0,8.04,0.927,-4.0,-2.0,14.186,-5.999,-3.0,-4.0,-5.0,-4.0,-3.0,-4.0,0.995,-4.0,4.44,0.0,0.0,0.0,0.0,0.0,0.0,0.0,0.0,0.0,0.0
GoldS210,XAUUSDc,440,-26.9413,-80.824,2,-0.7399,0.0,495,15.5556,1,5,0,0.01,1.9,2.0,0.0,0.0,15,1,-100.759,28,0,2,0,0.4,0.0,0.0,0.0,0.0,0.0,1.972,8.495,-4.0,-4.0,-3.0,-5.0,5.969,-1.01,-2.0,0.893,-4.003,-3.0,-5.0,-4.0,-5.0,2.16,0.997,-4.0,-6.0,4.306,-3.015,1.032,-4.0,5.882,-5.0,-4.0,-4.0,-0.014,-5.0,2.641,-6.0,-5.0,-0.943,3.072,0.97,1.728,-3.0,-5.0,-3.0,-2.999,-4.0,-3.0,6.634,2.743,-2.014,8.497,-1.004,-6.0,-1.014,-1.0,-4.78,-4.0,-6.0,1.244,2.549,4.558,-4.001,-3.0,-3.0,-4.0,-5.999,-0.79,14.157,0.991,-6.0,2.674,4.175,-4.0,-0.023,-3.0,-4.0,-4.0,-0.002,-2.005,-4.0,-5.0,4.007,15.935,-0.009,1.991,1.197,-1.0,-6.0,-5.0,18.095,-4.0,-0.48,4.711,1.208,-4.999,-2.063,-2.0,-6.0,-4.0,1.58,0.0,-0.11,-2.0,-2.0,-2.076,0.953,5.382,-4.0,-2.0,8.041,-5.999,-5.0,6.452,5.23,3.405,10.056,-6.0,-2.044,-4.0,-0.01,0.0,0.0,0.0,0.0,0.0,0.0,0.0,0.0,0.0,0.0
GoldS210,XAUUSDc,791,-3.3077,-9.923,2,-0.2826,0.0,443,35.8916,1,11,0,0.01,1.9,1.5,0.0,1.0,15,1,-12.957,0,0,2,0,0.8,0.0,0.0,0.0,0.0,0.0,1.479,0.838,-4.0,-0.508,-1.502,-5.0,2.429,-0.507,-3.0,-0.504,-3.502,1.15,-2.0,-0.555,-3.0,-1.673,-1.824,3.979,1.592,-1.554,2.421,-0.478,0.593,-1.738,-1.511,-1.515,-4.0,-0.51,1.266,-0.066,3.129,-5.0,3.356,-0.58,2.469,-3.0,2.69,0.489,-1.0,0.75,-3.0,-4.0,3.905,0.463,-2.51,4.632,0.946,-2.558,-1.511,-1.0,-3.014,-1.51,1.933,0.301,1.439,2.355,-2.501,-3.0,3.442,-4.0,0.796,-0.038,1.151,0.493,0.392,5.196,2.435,-0.525,5.084,4.247,0.0,-3.0,-1.501,-2.503,1.794,-1.529,1.994,1.063,0.944,-1.025,-0.523,-1.0,-2.516,3.281,2.419,-4.0,-1.516,2.687,-1.552,-2.502,0.436,-2.0,5.038,-4.0,3.448,0.0,1.399,-2.0,0.794,0.528,0.465,-0.536,1.704,-0.539,9.124,-3.519,-3.0,0.966,-0.041,-1.56,1.718,-2.546,4.337,-3.0,1.7,0.0,0.0,0.0,0.0,0.0,0.0,0.0,0.0,0.0,0.0
GoldS210,XAUUSDc,393,-1.1807,-3.542,2,-0.1472,0.0,477,50.1048,1,7,0,0.01,1.9,1.0,0.0,1.0,15,1,-4.542,0,0,2,0,0.4,0.0,0.0,0.0,0.0,0.0,0.986,-1.008,-1.022,0.986,-0.015,-2.003,0.941,0.977,-1.047,-0.009,-4.001,-0.165,0.934,0.755,-3.0,-2.068,-1.071,1.979,-0.125,0.93,0.932,1.982,1.99,-2.012,-2.007,-0.059,-4.0,-0.049,-2.008,-0.061,2.89,1.99,0.968,-1.077,0.978,-3.0,0.935,-0.007,-1.0,-1.002,-0.001,-4.0,2.891,-1.147,-3.007,2.948,1.942,-2.016,-2.007,-1.0,-4.009,-2.007,2.922,-1.054,0.96,3.819,0.967,-3.0,1.955,-0.088,-1.026,0.962,4.953,0.99,-0.023,2.984,1.936,-0.016,3.977,-0.018,-1.103,-1.0,-1.001,-3.002,1.973,-1.059,1.985,-2.0,-0.046,-0.023,-1.015,-1.0,0.918,-1.034,0.946,-4.0,-2.011,1.926,-2.048,-2.017,3.922,-0.006,4.907,-2.004,1.965,0.0,-0.068,-2.0,0.941,-1.09,-0.023,-0.029,-0.019,0.973,3.924,-2.034,-2.007,-0.022,2.932,-2.055,-0.032,-0.097,1.965,-0.008,1.91,0.0,0.0,0.0,0.0,0.0,0.0,0.0,0.0,0.0,0.0
GoldS210,XAUUSDc,816,-14.053,-28.106,3,-0.5481,0.0,430,23.9535,1,5,0,0.01,1.5,2.0,0.0,1.0,15,1,-33.726,4,0,2,0,0.8,0.0,0.0,0.0,0.0,0.0,1.972,3.954,-4.0,-0.01,-1.003,-4.0,5.017,-0.01,-3.0,0.893,-3.003,-2.0,-2.0,0.377,-3.0,0.043,-0.387,-4.0,-1.0,2.053,-1.015,-3.0,1.858,0.197,1.771,-4.0,-4.0,-0.014,-4.0,2.903,0.894,-6.0,-0.943,-0.083,0.971,-3.0,1.407,0.986,-1.0,-3.0,-3.0,-4.0,5.685,4.388,-2.014,6.99,-1.004,-6.0,-1.014,-1.0,0.19,-3.999,-0.032,1.524,2.876,3.324,-2.001,-3.0,-0.061,-4.0,-2.023,-4.0,11.706,0.991,4.068,2.379,3.112,-3.0,4.718,-3.0,0.0,-3.0,-1.002,-2.005,1.78,1.004,-0.001,1.508,-0.009,4.049,1.197,-1.0,-3.022,-0.165,9.069,-4.0,-1.022,-1.021,0.254,-5.0,-2.063,-2.0,-3.0,-2.032,0.678,0.0,-0.11,-2.0,1.484,-2.076,0.953,-0.049,0.275,-2.0,9.795,-6.0,-3.0,3.629,2.616,0.151,4.381,-4.0,7.027,-3.0,-2.01,0.0,0.0,0.0,0.0,0.0,0.0,0.0,0.0,0.0,0.0
GoldS210,XAUUSDc,432,-26.9413,-80.824,2,-0.7399,0.0,495,15.5556,1,5,0,0.01,1.5,2.0,0.0,0.0,15,1,-100.759,28,0,2,0,0.4,0.0,0.0,0.0,0.0,0.0,1.972,8.495,-4.0,-4.0,-3.0,-5.0,5.969,-1.01,-2.0,0.893,-4.003,-3.0,-5.0,-4.0,-5.0,2.16,0.997,-4.0,-6.0,4.306,-3.015,1.032,-4.0,5.882,-5.0,-4.0,-4.0,-0.014,-5.0,2.641,-6.0,-5.0,-0.943,3.072,0.97,1.728,-3.0,-5.0,-3.0,-2.999,-4.0,-3.0,6.634,2.743,-2.014,8.497,-1.004,-6.0,-1.014,-1.0,-4.78,-4.0,-6.0,1.244,2.549,4.558,-4.001,-3.0,-3.0,-4.0,-5.999,-0.79,14.157,0.991,-6.0,2.674,4.175,-4.0,-0.023,-3.0,-4.0,-4.0,-0.002,-2.005,-4.0,-5.0,4.007,15.935,-0.009,1.991,1.197,-1.0,-6.0,-5.0,18.095,-4.0,-0.48,4.711,1.208,-4.999,-2.063,-2.0,-6.0,-4.0,1.58,0.0,-0.11,-2.0,-2.0,-2.076,0.953,5.382,-4.0,-2.0,8.041,-5.999,-5.0,6.452,5.23,3.405,10.056,-6.0,-2.044,-4.0,-0.01,0.0,0.0,0.0,0.0,0.0,0.0,0.0,0.0,0.0,0.0
GoldS210,XAUUSDc,373,-6.0413,-18.124,2,-0.4895,0.0,513,42.6901,1,7,0,0.01,1.5,1.0,0.0,0.5,15,1,-22.695,0,0,2,0,0.4,0.0,0.0,0.0,0.0,0.0,0.986,-2.007,0.069,-0.014,-3.0,-1.034,2.573,2.554,-1.047,-0.009,-4.001,-3.0,-5.0,-4.0,-3.0,0.439,-0.6,3.523,-3.02,1.537,-0.025,1.56,2.314,-2.012,-5.0,-4.0,-4.0,1.339,-2.008,2.426,4.156,6.679,0.968,-3.0,2.954,-3.0,-1.01,-1.007,-2.0,0.996,-0.828,-3.0,2.582,1.007,-3.007,6.493,-0.009,-2.016,-2.007,-1.0,-4.009,-2.007,-0.52,-4.0,-0.009,4.036,2.074,-3.0,2.748,2.237,-0.026,0.962,2.978,-1.004,1.75,2.984,4.104,1.575,5.758,-0.018,-2.006,-3.999,-1.001,-3.002,1.973,-2.559,3.933,-2.0,-0.046,-0.023,-1.015,-1.0,1.751,-1.034,-0.207,-4.0,-2.613,2.694,-2.048,-2.017,3.922,-3.0,4.677,-2.004,1.294,0.0,-0.068,-2.0,-1.037,-3.042,-0.023,3.18,-0.019,0.973,1.927,-0.562,-5.0,-0.022,1.933,0.51,-0.032,-1.034,3.976,-0.008,2.447,0.0,0.0,0.0,0.0,0.0,0.0,0.0,0.0,0.0,0.0
GoldS210,XAUUSDc,556,0.863,1.726,3,0.0699,144.61,510,44.902,1,5,0,0.01,1.7,1.0,0.0,0.5,15,1,-0.77,0,0,2,0,0.6,0.0,0.0,0.0,0.0,0.0,0.986,-2.007,-0.298,0.986,-1.228,-1.207,1.651,1.876,-1.047,-0.009,-4.001,0.336,0.329,-4.0,-3.0,-0.709,-0.6,3.553,-0.474,2.209,0.353,1.547,2.314,-2.012,-5.0,-1.295,-4.0,0.545,-3.008,2.03,3.786,4.536,1.431,-0.338,1.97,-3.0,-1.01,-1.007,-2.0,0.996,0.142,-4.0,4.068,0.665,-3.007,5.805,-0.009,-2.016,-2.007,-1.0,-4.009,-2.007,-0.52,-4.0,-0.009,4.764,1.664,-3.0,2.753,1.708,-0.026,0.962,6.11,-1.004,-2.012,2.984,3.862,0.786,2.733,0.784,-2.006,-4.0,-1.001,-3.002,1.973,-2.311,4.019,-2.0,-0.046,-0.023,-1.015,-1.0,1.496,0.21,-0.521,-4.0,-1.766,3.211,-3.003,-2.017,3.922,0.662,4.569,-2.004,2.924,0.0,-0.068,-2.0,1.661,-3.042,-0.023,2.884,-0.019,0.973,5.077,-0.49,-5.0,-0.022,2.677,-0.101,0.779,0.91,-0.033,0.497,2.447,0.0,0.0,0.0,0.0,0.0,0.0,0.0,0.0,0.0,0.0
GoldS210,XAUUSDc,897,6.4227,9.634,4,0.2584,147.8,401,14.7132,1,7,0,0.01,1.9,3.0,0.0,1.0,15,1,-4.605,34,0,2,0,0.8,0.0,0.0,0.0,0.0,0.0,-1.0,10.871,-4.0,-3.0,-4.0,-4.0,-0.001,0.986,-3.0,-3.0,-2.004,-2.0,-1.999,3.877,-3.0,-2.0,3.043,-4.0,-1.0,10.178,-3.0,-4.0,3.205,9.46,-3.0,-4.0,-4.0,-3.0,5.445,-0.016,-3.0,-4.999,2.257,0.91,-1.029,-3.0,15.281,1.979,-1.0,-3.0,-3.0,-4.0,3.727,0.822,-5.0,3.617,-4.0,-6.0,-4.0,-1.0,7.679,-3.999,1.953,9.938,8.515,8.939,0.761,-3.0,-2.0,-5.0,-4.0,-4.0,-4.0,1.066,8.836,5.266,-2.0,-3.0,9.116,-3.0,0.0,-3.0,-0.003,-1.007,-4.0,-3.0,4.406,5.586,-3.0,2.046,3.407,-1.0,-1.033,-4.0,10.122,-4.0,-0.033,-4.0,3.777,-5.0,5.128,-2.0,-3.0,-1.04,5.558,0.0,4.816,-2.0,2.897,-4.0,11.698,0.927,9.13,-2.0,12.239,-6.0,-3.0,-4.0,-4.0,-4.0,-3.0,-4.0,-0.005,-3.0,4.338,0.0,0.0,0.0,0.0,0.0,0.0,0.0,0.0,0.0,0.0
GoldS210,XAUUSDc,658,-1.1975,-2.395,3,-0.0423,0.0,457,15.7549,1,9,0,0.01,1.9,2.5,0.0,0.0,15,1,-18.17,30,0,2,0,0.6,0.0,0.0,0.0,0.0,0.0,-1.0,9.492,-4.0,-3.0,-4.0,-5.0,-0.501,-0.512,-3.0,0.494,-3.503,-2.0,-2.999,-4.0,-4.0,2.614,1.561,-4.0,-5.0,-0.317,-1.519,4.567,4.224,5.77,0.533,-4.0,-4.0,0.483,5.393,-0.513,-5.0,-6.0,-0.514,-3.0,-1.524,2.779,-3.0,4.405,-2.0,-3.0,-3.0,-4.0,4.995,-1.091,-5.0,23.774,-4.0,-6.0,-4.0,-1.0,3.853,-4.0,0.498,3.682,3.28,7.105,-2.501,-3.0,-2.0,-5.0,1.446,-4.0,6.541,0.546,15.47,1.526,-3.0,-3.0,14.365,-3.0,0.0,-4.999,0.498,-1.506,-4.0,-3.0,2.361,17.999,-3.0,-0.21,2.302,-1.0,0.859,2.894,17.203,-4.0,0.163,-2.526,-1.508,-5.0,0.471,-2.0,-5.0,0.896,-0.649,0.0,0.852,-2.0,-2.0,-1.593,1.441,4.956,-4.0,-2.0,7.54,-6.0,-4.0,-0.536,5.944,-3.0,-3.0,5.622,2.581,-3.0,1.648,0.0,0.0,0.0,0.0,0.0,0.0,0.0,0.0,0.0,0.0
GoldS210,XAUUSDc,566,-1.1807,-3.542,2,-0.1472,0.0,477,50.1048,1,9,0,0.01,1.5,1.0,0.0,1.0,15,1,-4.542,0,0,2,0,0.6,0.0,0.0,0.0,0.0,0.0,0.986,-1.008,-1.022,0.986,-0.015,-2.003,0.941,0.977,-1.047,-0.009,-4.001,-0.165,0.934,0.755,-3.0,-2.068,-1.071,1.979,-0.125,0.93,0.932,1.982,1.99,-2.012,-2.007,-0.059,-4.0,-0.049,-2.008,-0.061,2.89,1.99,0.968,-1.077,0.978,-3.0,0.935,-0.007,-1.0,-1.002,-0.001,-4.0,2.891,-1.147,-3.007,2.948,1.942,-2.016,-2.007,-1.0,-4.009,-2.007,2.922,-1.054,0.96,3.819,0.967,-3.0,1.955,-0.088,-1.026,0.962,4.953,0.99,-0.023,2.984,1.936,-0.016,3.977,-0.018,-1.103,-1.0,-1.001,-3.002,1.973,-1.059,1.985,-2.0,-0.046,-0.023,-1.015,-1.0,0.918,-1.034,0.946,-4.0,-2.011,1.926,-2.048,-2.017,3.922,-0.006,4.907,-2.004,1.965,0.0,-0.068,-2.0,0.941,-1.09,-0.023,-0.029,-0.019,0.973,3.924,-2.034,-2.007,-0.022,2.932,-2.055,-0.032,-0.097,1.965,-0.008,1.91,0.0,0.0,0.0,0.0,0.0,0.0,0.0,0.0,0.0,0.0
GoldS210,XAUUSDc,93,-30.7067,-92.12,2,-0.7521,0.0,495,15.9596,1,7,0,0.01,1.9,2.0,0.0,0.5,15,1,-107.969,22,0,2,0,0.0,0.0,0.0,0.0,0.0,0.0,1.972,-3.008,-4.0,-1.01,-3.0,-6.0,-2.0,-0.01,-3.0,-0.005,-4.003,-3.0,-5.0,-4.0,-3.0,1.712,0.997,-3.025,-6.0,5.174,-2.015,-2.067,-4.0,9.814,-4.999,-4.0,-4.0,-2.014,7.566,2.825,1.028,-7.0,1.733,-3.0,0.97,-3.0,-2.999,-4.998,-2.0,-2.999,-4.0,-3.0,3.515,2.119,-2.014,4.916,-1.004,-6.0,-1.014,-1.0,1.321,-4.0,0.112,-3.999,0.947,6.562,-3.001,-3.0,-0.061,-4.0,-3.023,-4.0,9.677,0.991,8.18,3.14,1.717,-2.999,13.008,-3.0,-4.0,-4.0,-0.002,-2.005,-3.999,-4.0,-0.001,-4.0,-0.009,1.243,1.197,-1.0,-6.0,-4.999,1.524,-4.0,-1.142,-2.021,1.4,-5.0,-0.507,-3.0,-5.0,-4.0,1.316,0.0,-0.11,-2.0,-3.0,-2.076,0.953,4.649,-4.0,-2.0,14.797,-6.0,-5.0,5.313,-3.042,9.325,5.993,-6.0,10.679,-4.0,3.675,0.0,0.0,0.0,0.0,0.0,0.0,0.0,0.0,0.0,0.0
GoldS210,XAUUSDc,879,-8.0363,-24.109,2,-0.4715,0.0,425,14.3529,1,11,0,0.01,1.5,3.0,0.0,0.5,15,1,-38.576,34,0,2,0,0.8,0.0,0.0,0.0,0.0,0.0,-1.0,10.607,-4.0,-3.0,-4.0,-5.0,-0.001,0.986,-3.0,-3.0,-2.004,8.238,-1.999,-4.0,-3.0,-2.0,2.57,-4.0,-5.0,2.673,1.917,-5.0,5.144,9.351,-4.0,-4.0,-4.0,-2.0,5.428,-0.016,6.542,-6.0,2.29,3.2,-1.029,-3.0,9.476,2.684,-2.0,-2.0,-3.0,-4.0,2.906,-3.153,-5.0,4.631,-5.0,-6.0,-4.0,-1.0,5.228,-4.0,3.272,6.691,0.938,1.829,-1.001,-3.0,-2.0,-4.0,-4.0,-4.0,-4.0,1.078,10.467,4.305,5.273,-2.0,7.022,-3.0,0.0,-5.0,0.997,-1.007,-4.0,-3.0,4.129,5.124,-3.0,2.046,0.954,-1.0,-0.032,-5.0,6.339,-4.0,0.805,-5.0,3.036,-5.0,4.529,-2.0,-3.999,0.633,6.232,0.0,4.844,-2.0,-2.0,-4.0,8.04,4.084,9.089,-2.0,10.904,-6.0,-4.0,-4.0,-4.0,-4.0,-3.0,-5.0,2.566,-4.0,3.035,0.0,0.0,0.0,0.0,0.0,0.0,0.0,0.0,0.0,0.0
GoldS210,XAUUSDc,580,-7.9665,-15.933,3,-0.411,0.0,497,26.9618,1,5,0,0.01,1.7,1.5,0.0,0.0,15,1,-21.838,5,0,2,0,0.6,0.0,0.0,0.0,0.0,0.0,1.479,1.35,-4.0,1.347,-4.0,-5.0,6.196,-1.507,-2.0,-0.002,-4.501,2.857,-3.0,-4.0,-5.0,-2.884,-0.948,4.262,2.289,-0.661,-0.88,-1.104,1.2,-1.129,-5.0,-4.0,-4.0,-0.51,3.874,6.754,4.404,-5.0,5.451,0.919,4.851,-0.019,-0.515,-5.0,-3.0,1.45,-3.0,-4.0,7.621,1.459,-2.51,5.836,-1.503,-6.0,-1.511,-1.0,-2.879,-0.134,-6.0,-1.117,1.655,5.517,-3.501,-3.0,4.476,-4.0,0.816,1.849,3.898,0.493,-0.832,3.245,5.473,-0.396,5.274,1.407,-4.0,-4.0,-0.501,-2.503,3.164,2.905,0.912,5.034,1.985,1.411,0.093,-1.0,-6.0,0.912,2.747,-4.0,-1.123,1.141,-1.126,-2.502,-0.068,-2.0,-1.557,-4.0,7.599,0.0,1.399,-2.0,-2.0,-2.559,0.465,0.796,-1.526,-0.539,8.918,-2.038,-5.0,2.541,0.99,1.104,2.877,-0.387,-1.533,-3.0,3.377,0.0,0.0,0.0,0.0,0.0,0.0,0.0,0.0,0.0,0.0
GoldS210,XAUUSDc,410,-2.9652,-17.791,1,-0.3801,0.0,492,27.8455,1,9,0,0.01,1.5,1.5,0.0,0.5,15,1,-25.72,9,0,2,0,0.4,0.0,0.0,0.0,0.0,0.0,1.479,2.638,-4.0,-1.508,-3.0,-5.0,5.443,-0.506,-4.0,-0.504,-4.502,-3.0,-0.749,-4.0,-3.0,3.929,-1.22,1.066,-1.925,0.81,-1.023,-1.478,-3.0,-0.398,-2.511,-4.0,-4.0,-0.51,3.418,2.99,6.032,-5.0,5.103,-3.0,6.691,-3.0,-0.515,1.582,-2.0,-2.999,-4.0,-3.0,5.272,0.613,-2.51,5.384,-1.503,-1.609,-1.511,-1.0,-3.014,-1.51,-1.194,-0.373,0.486,5.302,-1.007,-3.0,3.442,-4.0,0.716,2.531,5.778,0.493,3.695,1.987,7.236,2.093,3.468,8.651,-4.0,-3.999,-0.501,-2.503,-1.509,0.761,2.731,6.102,0.944,-1.025,0.093,-1.0,-1.937,1.368,3.002,-4.0,-1.123,0.351,-2.505,-2.502,1.078,-2.0,2.221,-4.0,4.436,0.0,1.399,-2.0,-3.0,-2.559,0.465,2.569,-1.526,-0.539,4.401,-0.802,-5.0,0.966,-1.041,1.964,3.051,-6.0,7.136,-3.0,-3.507,0.0,0.0,0.0,0.0,0.0,0.0,0.0,0.0,0.0,0.0
GoldS210,XAUUSDc,298,27.365,82.095,2,1.2134,87.39,483,12.6294,1,9,0,0.01,1.9,2.5,0.0,0.0,15,1,10.355,24,0,2,0,0.2,0.0,0.0,0.0,0.0,0.0,-1.0,25.223,-4.0,-4.0,-3.0,-6.0,-0.501,-0.512,-3.0,0.494,-3.502,-3.0,-5.0,-4.0,-4.0,8.844,1.644,-5.0,-5.0,-0.317,-1.519,-5.0,-4.0,12.478,0.533,-4.0,-4.0,-1.517,5.521,-0.513,-5.0,-7.0,-1.515,-3.0,-1.523,20.043,-3.0,-3.999,-2.0,-2.999,-4.0,-3.0,-2.287,9.282,-4.999,70.239,-4.0,-6.0,-4.0,-1.0,3.853,-4.0,0.498,3.682,3.28,21.328,-3.501,-3.0,7.058,-5.0,3.973,-4.0,9.181,1.546,19.897,1.526,-2.999,-3.999,46.864,-2.999,-4.0,-4.0,0.498,-1.506,-5.0,-4.0,4.095,9.962,-2.999,0.412,2.302,-1.0,1.398,-6.0,-1.51,-4.0,0.163,-2.526,-1.508,-5.0,0.471,-2.0,-4.999,0.896,-0.649,0.0,0.852,-2.0,-2.0,-1.593,1.441,7.282,-4.0,-2.0,-3.999,-6.0,-4.0,-0.536,-5.0,-3.0,-3.0,22.39,3.121,-4.0,2.851,0.0,0.0,0.0,0.0,0.0,0.0,0.0,0.0,0.0,0.0
GoldS210,XAUUSDc,15,-5.831,-17.493,2,-0.4028,0.0,513,42.4951,1,11,0,0.01,1.5,1.0,0.0,0.5,15,1,-29.71,3,0,2,0,0.0,0.0,0.0,0.0,0.0,0.0,0.986,-2.007,-1.022,-0.014,-3.0,-4.0,-1.009,0.977,-4.0,-0.009,-4.001,-3.0,-2.147,-4.0,-3.0,9.215,-0.6,4.646,-1.02,1.848,-0.025,-0.013,2.314,-2.012,-3.006,-4.0,-4.0,-1.01,-2.008,-1.43,2.89,10.389,0.968,-0.019,-1.016,-3.0,1.076,-2.002,-2.0,0.996,-0.809,-3.0,-3.062,1.396,-3.007,3.607,-0.009,-2.016,-2.007,-1.0,-4.009,-2.007,-0.52,-1.933,-0.009,4.036,-1.004,-3.0,1.955,2.643,-0.026,0.962,3.549,1.465,2.142,2.984,5.472,1.682,6.147,-0.018,-2.006,-4.0,-1.001,-3.002,1.973,0.076,8.196,-2.0,-0.046,-0.023,-1.015,-1.0,0.918,-1.034,-3.004,-4.0,-1.766,-0.055,-2.048,-2.017,3.922,1.131,7.754,-2.004,0.971,0.0,-0.068,-2.0,2.131,-3.042,-0.023,1.914,-0.019,0.973,1.927,-0.375,-5.0,-0.022,1.932,0.51,-0.032,-1.959,3.264,-0.008,-1.055,0.0,0.0,0.0,0.0,0.0,0.0,0.0,0.0,0.0,0.0
GoldS210,XAUUSDc,776,-11.556,-34.668,2,-0.6559,0.0,479,30.2714,1,5,0,0.01,1.9,1.5,0.0,0.5,15,1,-38.172,0,0,2,0,0.8,0.0,0.0,0.0,0.0,0.0,1.479,1.823,-4.0,-0.508,-4.0,-5.0,3.295,-0.506,-3.0,-0.002,-3.502,1.518,-2.999,-4.0,-3.0,-0.637,-1.591,3.338,0.958,-0.524,-0.88,-4.0,0.418,-1.554,-5.0,-4.0,-4.0,-0.51,1.151,3.718,4.931,-5.0,4.713,0.304,3.848,-3.0,-0.515,-4.0,-2.999,2.579,-3.0,-4.0,4.921,3.432,-2.51,6.846,-1.503,-2.821,-1.511,-1.0,-3.014,-0.647,-2.882,-3.0,-0.514,4.411,-2.501,-3.0,4.593,-4.0,0.435,1.241,1.951,0.493,-2.33,6.321,3.773,0.157,4.714,3.969,0.0,-5.0,-0.501,-2.503,2.289,-0.034,3.504,2.264,0.944,-0.343,0.093,-1.0,-6.0,0.129,0.946,-4.0,-1.123,0.799,-1.644,-2.502,-0.068,-2.0,7.425,-4.0,5.168,0.0,1.399,-2.0,-2.0,-2.559,0.465,1.003,-1.526,-0.539,6.329,-2.672,-5.0,1.835,-1.041,0.584,2.414,-2.098,5.097,-3.0,1.428,0.0,0.0,0.0,0.0,0.0,0.0,0.0,0.0,0.0,0.0
GoldS210,XAUUSDc,624,-23.5137,-70.541,2,-0.7012,0.0,481,18.2952,1,5,0,0.01,1.5,2.0,0.0,0.5,15,1,-80.212,22,0,2,0,0.6,0.0,0.0,0.0,0.0,0.0,1.972,5.227,-4.0,-0.01,-4.0,-5.0,3.198,-0.01,-3.0,0.893,-4.003,-2.0,-3.0,-4.0,-3.0,5.671,0.72,-4.0,0.202,2.268,-3.015,-1.066,3.307,1.609,-5.0,-4.0,-4.0,-0.014,-5.0,2.357,-7.0,-5.0,-0.942,2.175,0.97,-3.0,-3.0,-4.0,-3.0,-3.0,-3.0,-4.0,4.724,-1.011,-2.014,3.656,-1.004,-6.0,-1.014,-1.0,-5.008,-4.0,0.112,-4.0,0.947,3.788,-2.001,-3.0,-0.062,-4.0,-3.021,-4.0,17.928,0.991,0.17,3.117,2.799,-3.0,5.734,-2.999,-4.0,-4.0,-0.002,-2.005,3.591,6.512,2.383,6.281,-0.009,0.068,1.197,-1.0,-6.0,-5.0,8.649,-4.0,-0.48,3.439,0.361,-5.0,-2.063,-2.0,-5.0,-4.0,8.495,0.0,-0.11,-2.0,-1.999,-2.076,0.953,2.674,-4.0,-2.0,13.258,-6.0,-5.0,4.526,-3.042,3.405,7.639,-5.0,3.483,-3.0,-2.01,0.0,0.0,0.0,0.0,0.0,0.0,0.0,0.0,0.0,0.0
GoldS210,XAUUSDc,762,-5.3895,-10.779,3,-0.2562,0.0,476,32.3529,1,9,0,0.01,1.7,1.5,0.0,0.0,15,1,-14.513,0,0,2,0,0.8,0.0,0.0,0.0,0.0,0.0,1.479,1.967,-4.0,0.385,-4.0,-5.0,4.682,-0.507,-3.0,-0.504,-3.501,1.644,-2.999,-4.0,-3.0,-0.266,-1.591,3.979,0.845,-1.455,2.252,-1.478,0.263,-1.738,-2.511,-4.0,-4.0,-0.51,2.528,1.558,4.515,-4.999,3.356,-3.0,3.737,-3.0,-0.515,-0.16,-2.0,2.689,-3.0,-4.0,4.543,3.855,-2.51,5.195,-1.503,-2.558,-1.511,-1.0,-2.879,-1.51,-2.927,0.348,0.154,4.638,-3.501,-3.0,4.625,-4.0,1.308,0.863,1.934,0.493,1.033,5.83,3.529,-1.036,3.467,4.295,0.0,-5.0,-0.501,-2.503,2.066,-0.387,2.731,2.61,1.371,-0.509,0.093,-1.0,-2.665,3.877,4.633,-4.0,-1.123,-0.2,-2.505,-2.502,0.436,-2.0,4.769,-4.0,4.947,0.0,1.399,-2.0,-2.0,-2.559,0.465,0.788,1.819,-0.539,10.066,-2.7,-4.0,1.061,0.461,0.687,1.763,-2.278,5.11,-3.0,0.72,0.0,0.0,0.0,0.0,0.0,0.0,0.0,0.0,0.0,0.0
GoldS210,XAUUSDc,529,90.1225,108.147,5,2.3992,40.49,422,11.8483,1,7,0,0.01,1.5,3.0,0.0,1.0,15,1,64.361,25,0,2,0,0.4,0.0,0.0,0.0,0.0,0.0,-1.0,21.775,-4.0,-3.0,-4.0,-4.0,-0.001,0.986,-3.0,-3.0,-3.004,-2.0,-1.999,7.585,-3.0,-3.0,4.584,-5.0,-1.0,40.786,-3.0,-5.0,-3.0,22.199,-3.0,-4.0,-4.0,-3.999,13.373,-1.016,-4.0,-5.0,17.888,0.91,-1.029,-3.0,20.645,1.979,-1.0,-3.0,-3.0,-4.0,-3.0,8.937,-5.0,-6.0,-4.0,-6.0,-4.0,-1.0,14.417,-4.0,1.953,-3.0,16.256,12.437,-0.239,-3.0,-1.999,-4.999,-4.0,-4.0,-5.999,2.066,36.94,6.71,-3.0,-3.0,15.697,-3.0,-2.0,-2.0,-0.003,-1.007,-4.0,-3.0,-3.0,19.868,-3.0,6.194,3.407,-1.0,-1.033,-5.0,9.369,-4.0,-0.033,-4.0,10.423,-5.0,13.131,-2.0,-3.0,-1.04,-4.0,0.0,4.816,-2.0,2.897,-4.0,13.335,-0.073,-4.0,-2.0,-4.0,-6.0,-3.0,-4.0,-5.0,-4.0,-3.0,-5.0,-0.005,-3.0,15.062,0.0,0.0,0.0,0.0,0.0,0.0,0.0,0.0,0.0,0.0
GoldS210,XAUUSDc,189,-2.7623,-8.287,2,-0.1779,0.0,523,39.3881,1,7,0,0.01,1.9,1.0,0.0,0.0,15,1,-16.768,2,0,2,0,0.2,0.0,0.0,0.0,0.0,0.0,0.986,-2.006,0.069,-2.009,-3.0,1.048,7.956,2.047,-0.047,2.498,-4.001,-3.0,-5.0,-4.0,-3.007,-4.002,-3.005,4.646,-3.02,1.286,-0.025,1.214,0.315,-2.012,-5.0,-4.0,-4.0,2.222,-4.008,-2.006,8.422,1.351,0.968,-3.0,4.324,-2.009,-1.01,-2.007,-2.0,0.996,-0.828,-3.0,-2.952,4.856,-3.007,8.245,-0.009,-2.016,-2.007,-1.0,-3.967,-2.007,-1.52,-1.997,0.449,7.083,-2.004,-3.0,5.251,1.472,0.681,1.218,2.978,-1.004,2.253,4.594,4.916,0.147,7.556,-0.018,-2.006,-4.0,-1.001,-3.002,0.973,-4.0,3.809,0.628,0.864,2.801,-1.015,-1.0,1.751,-3.014,6.477,-4.0,-2.613,2.017,-3.003,-2.017,3.922,-3.0,0.798,-2.004,1.294,0.0,-0.068,-2.0,1.911,-3.042,-0.023,3.392,-0.019,0.973,1.927,-2.353,-4.0,0.038,3.313,0.51,3.526,-2.494,1.625,-0.008,4.309,0.0,0.0,0.0,0.0,0.0,0.0,0.0,0.0,0.0,0.0
GoldS210,XAUUSDc,36,10.067,20.134,3,0.3702,156.36,512,22.0703,1,5,0,0.01,1.5,1.5,0.0,0.0,15,1,-11.348,20,0,2,0,0.0,0.0,0.0,0.0,0.0,0.0,1.479,1.766,-4.0,-3.999,-3.0,-6.0,13.632,-1.507,-2.0,-0.002,-4.502,-2.999,-5.0,-4.0,-5.0,-2.157,-0.795,-3.519,-1.925,1.76,-0.879,-0.266,-4.0,0.96,-5.0,-4.0,-4.0,-0.51,12.335,0.514,11.388,-6.0,1.089,1.512,11.554,0.23,-0.515,-6.0,-2.0,-2.999,-4.0,-3.0,0.536,4.176,-2.51,17.664,-1.503,-6.0,-1.511,-1.0,-2.879,0.594,-4.67,-0.633,1.655,4.828,-2.007,-3.0,2.588,-4.0,-3.048,2.541,1.416,0.493,2.143,3.358,11.939,0.264,7.962,5.632,-4.0,-3.999,-0.501,-2.503,-1.509,-5.0,1.874,26.678,2.385,3.597,0.093,-1.0,-6.0,2.294,29.976,-4.0,-1.123,3.74,-0.632,-2.502,-0.068,-2.0,-0.036,-4.0,2.577,0.0,1.399,-2.0,-1.999,-2.559,0.465,-3.536,-1.526,-0.539,2.848,-6.0,-5.0,8.367,1.674,1.104,6.463,-6.0,-2.533,-4.0,-0.508,0.0,0.0,0.0,0.0,0.0,0.0,0.0,0.0,0.0,0.0
GoldS210,XAUUSDc,685,2.2853,3.428,4,0.0688,790.4,455,11.4286,1,7,0,0.01,1.5,3.0,0.0,0.0,15,1,-23.667,32,0,2,0,0.6,0.0,0.0,0.0,0.0,0.0,-1.0,12.858,-3.999,-3.0,-3.999,-5.0,0.0,-0.013,-2.0,-3.0,-3.003,-2.0,-2.999,-4.0,-4.0,-6.0,4.058,-4.0,3.616,2.248,-5.0,-5.0,18.461,13.352,-5.0,-4.0,-4.0,-3.0,8.976,-1.016,-4.0,-5.0,3.704,-3.0,-1.029,5.837,-3.0,-4.0,-3.0,-3.0,-3.0,-4.0,4.732,6.55,-5.0,10.477,-5.0,-6.0,-4.0,-1.0,10.477,-4.0,-1.047,11.834,3.587,12.709,-0.239,-3.0,-1.999,3.47,-4.0,-4.0,-3.999,1.066,23.095,5.249,-3.0,-4.0,12.375,-3.0,-4.0,-3.999,0.997,-1.007,-4.0,-3.0,5.404,13.625,-3.0,7.389,3.407,-1.0,-6.0,-4.0,11.65,-4.0,1.329,-6.0,-1.01,-5.0,9.739,-2.0,-6.0,-4.0,-5.0,0.0,4.816,-2.0,-2.0,-4.0,9.873,-2.073,-4.0,-2.0,19.746,-5.999,-4.0,-4.0,-3.998,-3.0,-3.0,-4.999,2.269,-3.0,6.88,0.0,0.0,0.0,0.0,0.0,0.0,0.0,0.0,0.0,0.0
GoldS210,XAUUSDc,360,0.2225,0.445,3,0.0134,1130.79,523,39.7706,1,5,0,0.01,1.5,1.0,0.0,0.0,15,1,-4.587,1,0,2,0,0.4,0.0,0.0,0.0,0.0,0.0,0.986,-0.883,0.168,-2.009,-3.0,2.032,4.883,1.554,-0.047,1.541,-4.001,-3.0,-5.0,-4.0,-3.007,-4.002,-3.005,5.094,-3.02,2.903,0.637,0.432,0.315,-2.012,-5.0,-1.617,-4.0,3.475,-3.008,1.271,7.416,6.575,1.615,-0.048,2.86,-2.009,-1.01,-2.007,-2.0,0.996,-0.858,-3.0,3.634,3.915,-3.007,7.519,-0.009,-2.016,-2.007,-1.0,-3.967,-2.007,-4.02,-2.998,0.694,6.065,3.094,-3.0,3.488,1.267,-2.015,1.218,7.91,-1.004,-0.635,4.171,5.065,0.147,3.366,1.471,-2.006,-4.0,-1.001,-3.002,1.973,-5.0,2.294,-2.503,0.864,3.562,-1.015,-1.0,1.751,0.135,1.665,-4.0,-1.766,4.375,-3.003,-2.017,3.922,0.623,1.676,-2.004,-0.435,0.0,-0.068,-2.0,2.907,-3.042,-0.023,1.84,-0.019,0.973,1.927,0.969,-5.0,0.038,4.77,-0.101,0.97,-4.016,-3.022,0.886,3.819,0.0,0.0,0.0,0.0,0.0,0.0,0.0,0.0,0.0,0.0
GoldS210,XAUUSDc,408,-4.2998,-25.799,1,-0.5565,0.0,499,25.0501,1,5,0,0.01,1.5,1.5,0.0,0.5,15,1,-35.624,13,0,2,0,0.4,0.0,0.0,0.0,0.0,0.0,1.479,1.723,-4.0,-1.508,-3.0,-5.0,5.163,-0.507,-3.0,-0.002,-4.502,-3.0,-5.0,-4.0,-3.0,5.825,-0.795,6.095,-1.925,0.563,-0.88,-1.942,-3.0,-0.36,-5.0,-4.0,-4.0,-0.51,3.113,6.339,5.268,-5.0,1.089,1.512,7.14,-3.0,-0.515,-4.0,-3.0,-2.999,-4.0,-3.0,6.634,1.6,-2.51,11.385,-1.503,-6.0,-1.511,-1.0,-3.014,0.594,-1.194,-4.0,0.486,7.958,-1.007,-3.0,6.824,-4.0,-0.565,2.541,0.369,0.493,-0.679,4.269,9.525,2.093,6.373,3.254,-4.0,-4.0,-0.501,-2.503,-1.509,2.878,5.661,8.425,0.944,0.09,0.093,-1.0,-6.0,2.74,2.848,-4.0,-1.123,0.351,-0.632,-2.502,-0.068,-3.0,1.302,-4.0,1.427,0.0,1.399,-2.0,-3.0,-2.559,0.465,2.614,-1.526,-0.539,0.088,-0.768,-5.0,3.669,-1.041,1.104,0.218,-6.0,1.791,-4.0,2.086,0.0,0.0,0.0,0.0,0.0,0.0,0.0,0.0,0.0,0.0
GoldS210,XAUUSDc,74,-5.5655,-11.131,3,-0.1158,0.0,493,17.0385,1,9,0,0.01,1.5,2.0,0.0,0.0,15,1,-50.171,20,0,2,0,0.0,0.0,0.0,0.0,0.0,0.0,1.972,16.711,-4.0,-4.0,-3.0,-6.0,5.946,-1.01,-3.0,-0.005,-4.003,-3.0,0.545,-4.0,-4.0,0.712,0.211,-2.025,-5.0,-0.886,-2.015,1.403,-4.0,3.504,-0.332,-4.0,-4.0,-2.014,1.262,-1.011,-5.0,-7.0,-2.012,-3.0,0.971,1.5,-3.0,-3.999,-2.0,-2.999,-4.0,-3.0,-2.843,-6.02,-2.014,42.736,-1.004,-6.0,-1.014,-1.0,0.642,-3.999,-1.428,0.91,2.371,14.762,-4.001,-3.0,2.711,-4.0,1.547,-4.0,3.576,0.991,8.022,0.985,-0.014,-3.999,13.008,-3.999,-3.0,-4.0,-0.002,-2.005,-5.0,-4.0,-0.001,6.073,-0.009,13.402,1.197,-1.0,-0.269,-6.0,-2.008,-4.0,-0.48,3.203,-2.006,-5.0,-0.507,-2.0,-4.999,-0.162,4.981,0.0,-0.11,-2.0,-2.0,-2.076,0.953,5.997,-4.0,-2.0,28.594,-6.0,-4.0,2.086,-5.0,6.495,15.368,-6.0,4.812,-4.0,-2.01,0.0,0.0,0.0,0.0,0.0,0.0,0.0,0.0,0.0,0.0
GoldS210,XAUUSDc,603,-3.599,-10.797,2,-0.2926,0.0,446,34.3049,1,11,0,0.01,1.5,1.5,0.0,1.0,15,1,-14.956,0,0,2,0,0.6,0.0,0.0,0.0,0.0,0.0,1.479,1.391,-4.0,-0.508,-1.502,-5.0,2.429,-0.507,-3.0,-0.504,-4.501,1.634,-2.0,-0.555,-3.0,-1.135,-1.379,4.934,2.448,-1.554,2.421,-0.478,1.543,-1.288,-1.511,-1.515,-4.0,-0.51,-2.511,-0.066,-0.985,-5.0,3.938,-0.58,2.469,-3.0,3.122,0.489,-1.0,1.65,-3.0,-4.0,4.212,1.279,-2.51,2.432,0.946,-1.974,-1.511,-1.0,-3.014,-1.51,1.933,0.807,1.439,2.355,-2.501,-3.0,3.442,-4.0,1.293,-0.038,1.917,0.493,0.986,1.986,2.743,-0.525,5.733,5.478,0.0,-3.0,-1.501,-2.503,2.317,-1.529,1.994,1.683,0.944,-1.025,-0.523,-1.0,-2.517,4.567,2.419,-4.0,-1.516,2.687,-1.552,-2.502,1.078,-2.0,2.453,-4.0,3.448,0.0,1.399,-2.0,0.794,0.874,0.465,-0.536,-1.526,-0.539,10.629,-3.519,-3.0,0.966,-0.041,-1.56,2.162,-2.546,4.418,-3.0,2.092,0.0,0.0,0.0,0.0,0.0,0.0,0.0,0.0,0.0,0.0
GoldS210,XAUUSDc,116,-29.986,-89.958,2,-0.8758,0.0,500,10.6,1,5,0,0.01,1.9,2.5,0.0,0.0,15,1,-118.163,20,0,2,0,0.0,0.0,0.0,0.0,0.0,0.0,-1.0,-0.795,-4.0,-3.999,-3.0,-6.0,-1.498,-0.512,-2.0,1.787,-3.503,-2.999,-5.0,-4.0,-5.0,12.186,2.791,-5.0,-0.94,9.775,-2.518,2.328,-4.0,25.205,-5.0,-4.0,-4.0,0.483,-6.0,-2.513,-6.0,-6.0,0.08,4.631,-1.523,23.42,-3.0,-6.0,-2.0,-2.999,-4.0,-3.0,15.79,8.106,-5.0,-3.469,-4.0,-6.0,-4.0,-1.0,-4.189,-4.0,-3.043,-5.0,3.51,7.638,-3.501,-3.0,8.491,-4.0,-5.999,-0.147,-4.999,14.288,-6.0,3.963,11.47,-3.998,0.472,-3.0,-4.0,-3.999,0.498,-1.506,-4.0,-5.0,12.971,-5.0,-3.0,5.15,2.302,-1.0,-6.0,-5.0,2.535,-4.0,0.163,-2.526,3.047,-4.999,-5.0,-2.0,-5.999,-4.0,-5.0,0.0,0.852,-2.0,-1.999,-1.593,2.683,-2.561,-4.0,-2.0,-5.0,-6.0,-5.0,19.222,4.861,-3.0,-3.999,-6.0,-5.0,-4.0,9.669,0.0,0.0,0.0,0.0,0.0,0.0,0.0,0.0,0.0,0.0
GoldS210,XAUUSDc,522,-13.2635,-26.527,3,-0.2896,0.0,458,10.0437,1,9,0,0.01,1.7,3.0,0.0,0.5,15,1,-67.525,23,0,2,0,0.4,0.0,0.0,0.0,0.0,0.0,-1.0,24.969,-4.0,-4.0,-3.0,-5.0,-0.001,0.987,-4.0,-3.0,-3.004,-3.0,-5.0,-4.0,-3.0,-3.0,3.076,-5.0,-5.0,7.568,-4.999,-5.0,-3.0,21.039,-4.0,-4.0,-4.0,-3.0,11.782,-0.016,-4.0,-6.0,5.356,-3.0,-1.029,-3.0,-3.0,7.796,-2.0,-2.999,-4.0,-3.0,-4.0,-3.153,-4.999,-5.0,-5.0,-6.0,-4.0,-1.0,8.789,-4.0,3.724,6.292,1.938,12.421,-2.001,-3.0,-1.999,-5.0,-5.0,-4.0,-3.997,1.066,36.998,5.92,-3.0,-2.0,32.757,-2.999,-4.0,-3.999,0.997,-1.007,-4.0,-3.0,-3.0,23.15,-3.0,2.914,3.407,-1.0,4.066,-6.0,-0.012,-4.0,0.805,-6.0,-1.01,-5.0,4.97,-2.0,-3.999,1.954,0.037,0.0,3.42,-2.0,-3.0,-4.0,8.04,8.87,-4.0,-2.0,-4.0,-5.999,-5.0,-4.0,-6.0,-3.0,-3.0,-6.0,4.386,-3.0,5.201,0.0,0.0,0.0,0.0,0.0,0.0,0.0,0.0,0.0,0.0
GoldS210,XAUUSDc,199,-8.952,-17.904,3,-0.3896,0.0,513,42.885,1,11,0,0.01,1.7,1.0,0.0,0.5,15,1,-24.905,2,0,2,0,0.2,0.0,0.0,0.0,0.0,0.0,0.986,-2.007,-1.022,-0.014,-3.0,-4.0,-1.01,0.977,-4.0,-0.009,-4.001,-3.0,-2.146,-4.0,-3.0,3.649,-0.6,4.646,-1.02,1.848,-0.025,-0.014,2.314,-2.012,-3.006,-4.0,-4.0,-1.01,-2.008,2.882,2.89,9.109,0.968,-0.019,-1.015,-3.0,1.076,-2.002,-2.0,0.996,-0.809,-3.0,-3.062,1.396,-3.007,3.607,-0.009,-2.016,-2.007,-1.0,-4.009,-2.007,-0.52,-1.933,-0.009,4.036,-1.004,-3.0,1.955,2.643,-0.026,0.962,3.549,1.465,2.142,2.984,5.472,1.682,6.147,-0.018,-2.006,-4.0,-1.001,-3.002,1.973,-0.006,6.177,-2.0,-0.046,-0.023,-1.015,-1.0,0.918,-1.034,1.22,-4.0,-1.766,-0.055,-2.048,-2.017,3.922,1.131,7.754,-2.004,0.971,0.0,-0.068,-2.0,2.131,-3.042,-0.023,1.914,-0.019,0.973,1.927,-0.375,-5.0,-0.022,1.932,0.51,-0.032,-1.959,3.264,-0.008,-1.055,0.0,0.0,0.0,0.0,0.0,0.0,0.0,0.0,0.0,0.0
GoldS210,XAUUSDc,470,19.162,28.743,4,0.4577,102.85,475,13.6842,1,9,0,0.01,1.5,2.5,0.0,0.0,15,1,-0.819,27,0,2,0,0.4,0.0,0.0,0.0,0.0,0.0,-1.0,14.575,-4.0,-4.0,-3.0,-5.0,-0.501,-0.511,-3.0,0.494,-3.503,-3.0,-5.0,-4.0,-4.0,6.641,1.644,-5.0,-5.0,-0.317,-1.519,-5.0,-4.0,11.297,0.533,-4.0,-4.0,-1.517,6.521,-0.513,-5.0,-6.0,-0.514,-3.0,-1.524,9.627,-3.0,5.724,-2.0,-2.999,-4.0,-3.0,5.581,1.408,-4.999,28.061,-4.0,-6.0,-4.0,-1.0,3.853,-4.0,0.498,3.682,3.28,8.718,-3.501,-3.0,-2.0,-5.0,3.605,-4.0,11.182,0.546,15.491,1.526,-3.0,-4.0,20.621,-2.999,-4.0,-4.0,0.498,-1.506,-4.0,-5.0,3.451,30.572,-3.0,0.413,2.302,-1.0,1.398,-6.0,19.191,-4.0,0.163,-2.526,-1.508,-5.0,0.471,-2.0,-4.999,0.896,-0.649,0.0,0.852,-2.0,-2.0,-1.593,1.441,6.368,-4.0,-2.0,-4.0,-5.999,-4.0,-0.536,15.006,-3.0,-3.0,13.873,3.121,-3.0,1.852,0.0,0.0,0.0,0.0,0.0,0.0,0.0,0.0,0.0,0.0
GoldS210,XAUUSDc,72,-19.1965,-115.179,1,-0.799,0.0,505,14.6535,1,5,0,0.01,1.5,2.0,0.0,0.0,15,1,-131.083,23,0,2,0,0.0,0.0,0.0,0.0,0.0,0.0,1.972,-1.49,-4.0,-3.999,-3.0,-6.0,-1.998,-1.01,-2.0,0.893,-4.003,-2.999,-5.0,-4.0,-5.0,2.792,0.997,-3.025,-6.0,6.268,-3.014,1.032,-4.0,12.904,-5.0,-4.0,-4.0,-0.014,-6.0,2.641,-6.0,-6.0,-0.943,3.072,0.97,1.728,-3.0,-6.0,-2.0,-2.999,-4.0,-3.0,6.123,2.743,-2.014,9.663,-1.004,-6.0,-1.014,-1.0,-4.78,-4.0,-3.856,1.244,2.549,4.558,-4.001,-3.0,5.394,-4.0,-5.999,-0.79,5.788,0.991,-6.0,2.674,4.412,-3.998,-0.023,-3.0,-4.0,-3.999,-0.002,-2.005,-4.0,-5.0,4.007,-5.0,-0.009,1.991,1.197,-1.0,-6.0,-5.0,1.134,-4.0,-0.48,7.096,1.208,-4.999,-2.063,-2.0,-5.999,-4.0,1.58,0.0,-0.11,-2.0,-1.999,-2.076,0.953,-3.049,-4.0,-2.0,13.797,-6.0,-5.0,13.249,5.23,3.405,14.383,-6.0,-2.044,-4.0,-0.01,0.0,0.0,0.0,0.0,0.0,0.0,0.0,0.0,0.0,0.0
GoldS210,XAUUSDc,520,-11.2637,-67.582,1,-0.5753,0.0,477,8.5954,1,5,0,0.01,1.7,3.0,0.0,0.5,15,1,-110.763,22,0,2,0,0.4,0.0,0.0,0.0,0.0,0.0,-1.0,29.853,-4.0,-4.0,-3.0,-5.0,-0.001,0.986,-3.0,-3.0,-3.004,-3.0,-5.0,-4.0,-3.0,-3.0,4.584,-4.0,-6.0,10.164,-6.0,-4.0,16.722,21.757,-5.0,-4.0,-4.0,-2.999,-5.0,-2.016,-7.0,-5.0,8.186,6.191,-1.028,-3.0,-3.0,-4.0,-3.0,-2.999,-4.0,-3.0,-5.0,10.19,-5.0,-7.0,-4.0,-6.0,-4.0,-1.0,-4.011,-4.0,3.724,-4.0,1.938,12.179,-0.646,-3.0,-2.0,-5.0,-4.999,-4.0,-5.998,10.493,-6.0,6.71,10.547,-3.0,-2.999,-3.0,-4.0,-4.0,0.997,-1.007,-4.0,-3.0,-3.0,40.181,-3.0,6.567,3.407,-1.0,-6.0,-5.0,4.935,-4.0,0.805,-6.0,4.886,-4.999,10.139,-3.0,-5.0,-4.0,-5.0,0.0,4.002,-2.0,-3.0,-4.0,21.02,-2.073,-4.0,-2.0,-5.0,-5.999,-5.0,-3.999,-6.0,-3.0,-4.0,-6.0,-4.0,-4.0,19.032,0.0,0.0,0.0,0.0,0.0,0.0,0.0,0.0,0.0,0.0
GoldS210,XAUUSDc,183,-5.3345,-10.669,3,-0.2682,0.0,519,40.8478,1,11,0,0.01,1.5,1.0,0.0,0.0,15,1,-19.76,4,0,2,0,0.2,0.0,0.0,0.0,0.0,0.0,0.986,-0.891,-1.022,-2.009,-3.0,1.048,1.112,-0.023,-3.0,4.022,-4.0,-3.0,-2.146,-4.0,-3.007,-4.002,-3.005,4.646,-1.02,0.955,-0.025,2.273,0.315,-2.012,-3.006,-4.0,-4.0,1.35,-3.239,-0.542,3.429,9.335,0.968,-0.019,-1.015,-2.009,1.076,-2.002,-2.0,0.996,-0.809,-3.0,-0.6,5.732,-3.007,4.673,-0.009,-2.016,-2.007,-1.0,-3.967,-2.007,-1.298,-2.005,0.668,5.828,-2.004,-3.0,0.357,1.905,0.681,0.962,3.549,1.465,2.18,3.847,5.472,0.147,6.147,-0.018,-2.006,-4.0,-1.001,-3.002,1.973,-3.036,6.177,0.221,0.864,-0.023,-1.015,-1.0,0.918,-1.034,7.087,-4.0,-1.766,2.747,-3.003,-2.017,3.922,-3.0,4.451,-2.004,0.971,0.0,-0.068,-2.0,2.208,-3.042,-0.023,1.914,-0.019,0.973,1.927,-2.353,-4.0,0.038,1.932,0.51,3.282,-0.502,0.81,-0.008,-1.055,0.0,0.0,0.0,0.0,0.0,0.0,0.0,0.0,0.0,0.0
GoldS210,XAUUSDc,335,-9.386,-28.158,2,-0.3868,0.0,469,10.8742,1,11,0,0.01,1.9,3.0,0.0,0.0,15,1,-54.136,25,0,2,0,0.2,0.0,0.0,0.0,0.0,0.0,-1.0,22.039,-4.0,-4.0,-3.0,-6.0,-1.001,-0.014,-3.0,-3.0,-3.003,-3.0,-4.999,-4.0,-4.0,-6.0,3.599,-4.0,-0.924,0.252,-5.999,-3.0,10.001,23.978,-3.999,-4.0,-4.0,-3.0,18.465,-0.016,-6.0,-6.0,5.558,6.278,-1.028,-4.0,1.983,4.295,-2.0,-3.0,-4.0,-3.0,3.355,12.64,-5.0,10.722,-5.0,-6.0,-4.0,-1.0,7.682,-4.0,1.422,6.07,4.561,23.519,-2.001,-4.0,-3.0,-4.0,-4.0,-4.0,-5.999,2.078,-5.0,2.099,-2.999,-3.999,22.285,-3.0,-4.0,-4.0,0.997,-1.007,-4.0,-5.0,-3.0,-3.999,-2.999,9.052,0.954,-1.0,-1.033,-5.0,-1.012,-4.0,0.805,-6.0,-1.01,-5.0,14.056,-3.0,-4.999,1.954,4.342,0.0,4.844,-2.0,-2.0,-4.0,7.36,7.316,-4.0,-2.0,-1.015,-6.0,-4.0,-4.0,-4.0,-3.0,-3.0,-6.0,4.136,-5.0,8.2,0.0,0.0,0.0,0.0,0.0,0.0,0.0,0.0,0.0,0.0
GoldS210,XAUUSDc,840,-13.1035,-78.621,1,-0.8756,0.0,452,14.823,1,5,0,0.01,1.5,2.5,0.0,0.5,15,1,-89.939,25,0,2,0,0.8,0.0,0.0,0.0,0.0,0.0,-1.0,8.942,-4.0,-3.0,-4.0,-5.0,-0.501,0.489,-3.0,1.787,-2.503,-2.0,-2.999,-4.0,-3.0,-3.0,0.817,-4.0,0.471,3.037,-2.519,-4.0,3.3,3.369,-5.0,-4.0,-4.0,0.483,-5.0,-1.513,2.31,-6.0,0.08,2.189,-1.524,-3.0,-3.0,-4.0,-2.999,2.17,-3.0,-4.0,8.88,-0.259,-5.0,20.561,-4.0,-6.0,-4.0,-1.0,3.422,-3.999,-1.415,-3.0,0.442,6.54,-1.501,-3.0,-1.999,-5.0,-0.528,-4.0,5.495,2.896,2.058,3.791,5.447,-3.0,7.343,-3.0,0.0,-5.0,0.498,-1.506,-4.0,-3.0,3.671,5.234,-3.0,0.72,2.302,-1.0,-6.0,-5.0,11.822,-4.0,0.163,-1.526,0.585,-5.0,0.033,-2.0,-3.0,0.082,2.286,0.0,0.852,-2.0,-2.0,-1.593,2.683,-1.561,1.736,-2.0,6.35,-6.0,-5.0,8.098,1.119,-3.0,-3.999,-5.0,1.037,-3.0,1.233,0.0,0.0,0.0,0.0,0.0,0.0,0.0,0.0,0.0,0.0
GoldS210,XAUUSDc,313,3.3977,10.193,2,0.2141,251.49,436,14.4495,1,7,0,0.01,1.5,2.5,0.0,1.0,15,1,-15.441,23,0,2,0,0.2,0.0,0.0,0.0,0.0,0.0,-1.0,-1.513,-4.0,-3.0,-0.504,-4.0,-0.501,0.488,-3.0,0.494,-3.502,-2.0,-1.999,4.255,-3.0,9.844,2.791,-5.0,-2.0,-0.563,0.481,-5.0,-4.0,19.612,-3.0,-4.0,-4.0,-0.517,14.42,-1.513,3.698,-5.999,4.435,0.413,-1.524,-3.0,9.927,1.482,-1.0,-3.0,-3.0,-4.0,11.238,7.209,-5.0,-3.501,-3.0,-6.0,-4.0,-1.0,-4.51,-4.0,1.461,-3.0,14.545,9.952,-2.501,-3.0,-1.999,-4.999,-0.529,-4.0,20.634,1.546,14.493,4.926,-3.0,-3.0,19.025,-3.0,-2.0,-2.0,-0.502,-1.506,-4.0,-4.0,-3.0,-4.0,-3.0,3.97,2.302,-1.0,-2.527,-5.0,15.446,-4.0,-0.527,-0.526,9.213,-5.0,-5.0,-2.0,-3.0,-1.536,-3.999,0.0,0.852,-2.0,2.191,-1.593,2.683,-0.561,-4.0,-2.0,-4.0,-5.999,-0.522,14.485,-5.0,-4.0,-3.0,4.076,-0.504,-4.0,12.082,0.0,0.0,0.0,0.0,0.0,0.0,0.0,0.0,0.0,0.0
GoldS210,XAUUSDc,405,-7.3817,-22.145,2,-0.3721,0.0,501,24.9501,1,7,0,0.01,1.9,1.5,0.0,0.0,15,1,-30.077,13,0,2,0,0.4,0.0,0.0,0.0,0.0,0.0,1.479,0.687,-4.0,-4.0,-3.0,-5.0,11.039,-1.507,-2.0,-0.504,-4.502,-3.0,-5.0,-4.0,-4.0,-3.453,-0.795,0.679,-1.925,-1.708,-1.023,-1.942,-4.0,0.64,-5.0,-4.0,-4.0,-0.51,5.1,5.794,10.629,-4.999,8.879,-3.0,7.314,0.07,-0.515,-5.0,-3.0,-2.999,-4.0,-3.0,5.725,3.258,-2.51,8.42,-1.503,-6.0,-1.511,-1.0,-2.879,0.594,-3.524,-0.424,1.247,5.346,-2.007,-3.0,12.034,-4.0,0.082,2.531,5.51,0.493,4.778,4.604,7.076,0.263,3.467,9.471,-4.0,-4.0,-0.501,-2.503,-1.509,-5.0,-0.501,9.263,2.385,2.367,0.093,-1.0,-6.0,0.871,5.751,-4.0,-1.877,-2.514,-2.505,-2.502,1.078,-3.0,-0.374,-4.0,1.427,0.0,1.399,-2.0,-2.0,-2.559,0.465,1.569,-1.526,-0.539,4.68,-0.802,-4.0,1.061,2.092,1.964,4.298,-6.0,3.342,-3.0,-1.507,0.0,0.0,0.0,0.0,0.0,0.0,0.0,0.0,0.0,0.0
GoldS210,XAUUSDc,303,-11.59,-23.18,3,-0.3617,0.0,473,13.5307,1,11,0,0.01,1.5,2.5,0.0,0.5,15,1,-64.599,24,0,2,0,0.2,0.0,0.0,0.0,0.0,0.0,-1.0,18.604,-4.0,-3.999,-3.0,-6.0,-1.501,0.488,-4.0,0.494,-3.503,-3.0,-4.999,-4.0,-3.0,-4.0,1.982,-5.0,-5.0,8.326,-2.519,-4.0,8.086,11.478,0.534,-4.0,-4.0,-1.517,8.16,-0.513,-6.0,-6.0,-1.515,4.704,-1.523,-3.0,1.311,2.84,-2.0,-3.0,-4.0,-3.0,-0.747,-3.647,-5.0,51.273,-4.0,-6.0,-4.0,-1.0,3.532,-4.0,2.418,3.837,1.442,3.602,-1.501,-4.0,-1.999,-5.0,-1.529,-4.0,1.323,1.558,19.531,2.901,-2.999,-2.999,16.859,-3.0,-4.0,-4.0,0.498,-1.506,-4.0,-4.0,4.095,-4.0,-2.999,5.323,0.461,-1.0,-2.528,-5.999,-1.51,-4.0,0.163,-2.526,-4.0,-5.0,4.243,-2.0,-3.999,0.896,2.54,0.0,0.852,-2.0,-2.0,-1.593,1.441,5.116,-4.0,-2.0,-1.512,-6.0,-5.0,13.086,-6.0,-3.0,-3.0,11.093,3.061,-5.0,4.851,0.0,0.0,0.0,0.0,0.0,0.0,0.0,0.0,0.0,0.0
GoldS210,XAUUSDc,28,-1.1807,-3.542,2,-0.1472,0.0,477,50.1048,1,5,0,0.01,1.7,1.0,0.0,1.0,15,1,-4.542,0,0,2,0,0.0,0.0,0.0,0.0,0.0,0.0,0.986,-1.008,-1.022,0.986,-0.015,-2.003,0.941,0.977,-1.047,-0.009,-4.001,-0.165,0.934,0.755,-3.0,-2.068,-1.071,1.979,-0.125,0.93,0.932,1.982,1.99,-2.012,-2.007,-0.059,-4.0,-0.049,-2.008,-0.061,2.89,1.99,0.968,-1.077,0.978,-3.0,0.935,-0.007,-1.0,-1.002,-0.001,-4.0,2.891,-1.147,-3.007,2.948,1.942,-2.016,-2.007,-1.0,-4.009,-2.007,2.922,-1.054,0.96,3.819,0.967,-3.0,1.955,-0.088,-1.026,0.962,4.953,0.99,-0.023,2.984,1.936,-0.016,3.977,-0.018,-1.103,-1.0,-1.001,-3.002,1.973,-1.059,1.985,-2.0,-0.046,-0.023,-1.015,-1.0,0.918,-1.034,0.946,-4.0,-2.011,1.926,-2.048,-2.017,3.922,-0.006,4.907,-2.004,1.965,0.0,-0.068,-2.0,0.941,-1.09,-0.023,-0.029,-0.019,0.973,3.924,-2.034,-2.007,-0.022,2.932,-2.055,-0.032,-0.097,1.965,-0.008,1.91,0.0,0.0,0.0,0.0,0.0,0.0,0.0,0.0,0.0,0.0
GoldS210,XAUUSDc,94,-5.894,-17.682,2,-0.2012,0.0,489,17.5869,1,9,0,0.01,1.9,2.0,0.0,0.5,15,1,-56.722,20,0,2,0,0.0,0.0,0.0,0.0,0.0,0.0,1.972,21.524,-4.0,-1.01,-3.0,-6.0,-2.001,-0.01,-4.0,-0.005,-4.003,-3.0,0.545,-4.0,-3.0,1.712,0.211,-2.025,-5.0,5.174,-2.015,1.403,-3.999,3.504,-0.332,-4.0,-4.0,-2.014,3.262,-2.011,1.007,-7.0,-2.012,-3.0,0.971,-3.0,-3.0,-3.999,-2.0,-2.999,-4.0,-3.0,-3.065,-3.161,-2.014,42.736,-1.004,-6.0,-1.014,-1.0,0.414,-3.999,0.112,1.022,0.947,6.562,-3.001,-3.0,-0.061,-4.0,-3.023,-4.0,3.576,0.991,8.022,0.985,-0.014,-2.999,13.008,-2.999,-4.0,-4.0,-0.002,-2.005,-4.0,-4.0,-0.001,-4.0,-0.009,13.295,1.197,-1.0,-0.269,-6.0,-2.008,-4.0,-0.48,3.203,-2.006,-5.0,-0.507,-2.0,-3.999,-0.162,4.981,0.0,-0.11,-2.0,-3.0,-2.076,0.953,5.997,-4.0,-2.0,28.594,-6.0,-5.0,1.955,1.007,6.495,8.299,-6.0,10.115,-4.0,-2.01,0.0,0.0,0.0,0.0,0.0,0.0,0.0,0.0,0.0,0.0
GoldS210,XAUUSDc,530,23.744,47.488,3,1.126,73.19,420,12.1429,1,9,0,0.01,1.5,3.0,0.0,1.0,15,1,12.732,23,0,2,0,0.4,0.0,0.0,0.0,0.0,0.0,-1.0,25.966,-4.0,-3.0,-4.0,-4.999,-0.001,0.987,-3.0,-3.0,-3.004,-2.0,-1.999,7.585,-3.0,-3.0,3.076,-5.0,-1.0,21.484,-2.999,-5.0,-3.0,21.039,-3.0,-4.0,-4.0,-4.0,11.782,-0.016,-4.0,-6.0,5.356,0.91,-1.029,-3.0,15.838,1.979,-1.0,-3.0,-3.0,-4.0,-3.0,-2.153,-4.999,-5.0,-4.0,-6.0,-4.0,-1.0,8.789,-4.0,1.953,-3.0,14.471,11.555,-2.001,-3.0,-1.999,-4.999,-4.0,-4.0,-5.997,2.066,26.149,5.92,-3.0,-3.0,32.757,-2.999,-2.0,-2.0,-0.003,-1.007,-4.0,-3.0,-3.0,16.269,-3.0,2.914,3.407,-1.0,-1.033,-6.0,3.865,-4.0,-0.033,-3.0,8.871,-5.0,4.97,-2.0,-2.999,-1.04,2.724,0.0,3.42,-2.0,2.897,-4.0,8.04,0.927,-4.0,-2.0,13.74,-6.0,-3.0,-4.0,-5.0,-4.0,-3.0,-5.0,-0.005,-3.0,10.096,0.0,0.0,0.0,0.0,0.0,0.0,0.0,0.0,0.0,0.0
GoldS210,XAUUSDc,832,-20.3027,-60.908,2,-0.8338,0.0,450,15.3333,1,5,0,0.01,1.7,2.5,0.0,0.0,15,1,-72.226,26,0,2,0,0.8,0.0,0.0,0.0,0.0,0.0,-1.0,7.071,-4.0,-3.0,-4.0,-5.0,-0.5,0.489,-3.0,1.787,-2.502,-2.0,-2.999,-4.0,-3.0,-3.0,0.817,-4.0,0.471,3.614,-2.519,-4.0,3.3,3.37,-5.0,-4.0,-4.0,0.483,-5.0,-1.513,2.733,-6.0,0.08,2.189,-1.524,-3.0,-3.0,-4.0,-2.999,2.17,-3.0,-4.0,9.931,0.988,-5.0,19.611,-4.0,-6.0,-4.0,-1.0,3.743,-3.999,-5.0,4.105,2.623,7.285,-2.501,-3.0,-2.0,1.356,0.816,-0.147,-3.0,2.896,3.3,2.83,5.447,-4.0,7.343,-3.0,0.0,-5.0,0.498,-1.506,-4.0,-3.0,3.671,5.234,-3.0,1.151,2.302,-1.0,-6.0,-5.0,12.942,-4.0,0.163,-1.526,0.585,-5.0,0.033,-2.0,-3.0,0.472,7.802,0.0,0.852,-2.0,-2.0,-1.593,2.683,-1.561,1.736,-2.0,6.35,-6.0,-5.0,6.811,3.077,-3.0,-3.999,-5.0,1.037,-3.0,2.233,0.0,0.0,0.0,0.0,0.0,0.0,0.0,0.0,0.0,0.0
GoldS210,XAUUSDc,292,-31.1547,-93.464,2,-0.8951,0.0,499,10.6212,1,5,0,0.01,1.7,2.5,0.0,0.0,15,1,-121.461,20,0,2,0,0.2,0.0,0.0,0.0,0.0,0.0,-1.0,-0.795,-4.0,-3.999,-3.0,-6.0,-0.501,-0.512,-2.0,1.787,-3.503,-2.999,-5.0,-4.0,-5.0,12.186,2.791,-5.0,-0.94,9.775,-2.518,2.328,-4.0,24.997,-5.0,-4.0,-4.0,0.483,-6.0,-2.513,-6.0,-6.0,0.08,4.631,-1.523,21.021,-3.0,-6.0,-2.0,-2.999,-4.0,-3.0,15.79,8.106,-5.0,-3.469,-4.0,-6.0,-4.0,-1.0,-4.189,-4.0,-3.043,-5.0,3.51,7.638,-3.501,-3.0,8.491,-4.0,-5.999,-0.147,-4.999,14.288,-6.0,3.963,11.47,-3.998,0.473,-3.0,-4.0,-3.999,0.498,-1.506,-4.0,-5.0,12.971,-5.0,-3.0,5.15,2.302,-1.0,-6.0,-5.0,2.536,-4.0,0.163,-2.526,3.047,-4.999,-5.0,-2.0,-5.999,-4.0,-5.0,0.0,0.852,-2.0,-2.0,-1.593,2.683,-2.561,-4.0,-2.0,-5.0,-6.0,-5.0,17.325,4.861,-3.0,-3.999,-6.0,-5.0,-4.0,9.669,0.0,0.0,0.0,0.0,0.0,0.0,0.0,0.0,0.0,0.0
GoldS210,XAUUSDc,75,-6.114,-36.684,1,-0.3869,0.0,488,18.2377,1,11,0,0.01,1.5,2.0,0.0,0.0,15,1,-61.043,17,0,2,0,0.0,0.0,0.0,0.0,0.0,0.0,1.972,11.458,-4.0,-4.0,-3.0,-6.0,10.31,-1.01,-3.0,-0.005,-4.003,-3.0,0.545,-4.0,-4.0,-3.809,0.365,-2.025,-5.0,-0.886,-3.015,0.423,4.172,3.504,-0.331,-4.0,-4.0,-0.014,5.256,-1.011,-6.0,-6.0,-2.012,3.13,0.97,-1.017,0.571,1.386,-2.0,-2.999,-4.0,-3.0,-2.843,-6.02,-2.014,24.156,-1.004,-6.0,-1.014,-1.0,0.642,-4.0,-1.428,0.829,2.579,6.895,-3.001,-4.0,2.849,-4.0,1.547,-4.0,-1.379,0.991,7.815,0.985,-0.014,-3.998,11.518,-2.999,-4.0,-4.0,-0.002,-2.005,-5.0,-4.0,-0.001,-4.0,-0.009,9.688,-0.031,-1.0,-3.022,-0.6,-2.008,-4.0,-0.48,-3.021,-2.006,-5.0,-0.445,-3.0,-4.999,-0.162,3.688,0.0,-0.11,-2.0,-2.0,-2.076,0.953,0.888,-4.0,-2.0,23.307,-6.0,-4.0,2.086,12.944,6.424,15.368,-6.0,3.94,-4.0,-0.01,0.0,0.0,0.0,0.0,0.0,0.0,0.0,0.0,0.0,0.0
GoldS210,XAUUSDc,412,-4.2998,-25.799,1,-0.5565,0.0,499,25.0501,1,5,0,0.01,1.7,1.5,0.0,0.5,15,1,-35.624,13,0,2,0,0.4,0.0,0.0,0.0,0.0,0.0,1.479,1.723,-4.0,-1.508,-3.0,-5.0,5.163,-0.507,-3.0,-0.002,-4.502,-3.0,-5.0,-4.0,-3.0,5.825,-0.795,6.095,-1.925,0.563,-0.88,-1.942,-3.0,-0.36,-5.0,-4.0,-4.0,-0.51,3.113,6.339,5.268,-5.0,1.089,1.512,7.14,-3.0,-0.515,-4.0,-3.0,-2.999,-4.0,-3.0,6.634,1.6,-2.51,11.385,-1.503,-6.0,-1.511,-1.0,-3.014,0.594,-1.194,-4.0,0.486,7.958,-1.007,-3.0,6.824,-4.0,-0.565,2.541,0.369,0.493,-0.679,4.269,9.525,2.093,6.373,3.254,-4.0,-4.0,-0.501,-2.503,-1.509,2.878,5.661,8.425,0.944,0.09,0.093,-1.0,-6.0,2.74,2.848,-4.0,-1.123,0.351,-0.632,-2.502,-0.068,-3.0,1.302,-4.0,1.427,0.0,1.399,-2.0,-3.0,-2.559,0.465,2.614,-1.526,-0.539,0.088,-0.768,-5.0,3.669,-1.041,1.104,0.218,-6.0,1.791,-4.0,2.086,0.0,0.0,0.0,0.0,0.0,0.0,0.0,0.0,0.0,0.0
GoldS210,XAUUSDc,273,-21.994,-65.982,2,-0.6849,0.0,494,16.3968,1,7,0,0.01,1.9,2.0,0.0,0.5,15,1,-81.831,24,0,2,0,0.2,0.0,0.0,0.0,0.0,0.0,1.972,-3.008,-4.0,-1.01,-3.0,-6.0,11.775,-0.01,-3.0,-0.005,-4.002,-3.0,-5.0,-4.0,-3.0,1.712,0.997,-3.025,-6.0,5.174,-2.015,-2.067,-4.0,9.814,-5.0,-4.0,-4.0,-2.014,7.566,2.825,1.028,-6.999,2.734,-3.0,0.97,-3.0,-2.999,-5.0,-2.0,-2.999,-4.0,-3.0,1.756,2.119,-2.014,4.916,-1.004,-6.0,-1.014,-1.0,1.321,-4.0,0.112,-3.999,0.947,6.562,-3.001,-3.0,-0.061,-4.0,-3.023,-4.0,22.799,0.991,8.18,3.14,1.717,-2.999,13.008,-3.0,-4.0,-4.0,-0.002,-2.005,-4.0,-4.0,-0.001,-4.0,-0.009,1.243,1.197,-1.0,-5.999,-4.999,1.524,-4.0,-1.142,-2.021,1.4,-5.0,-0.507,-3.0,-5.0,-4.0,1.316,0.0,-0.11,-2.0,-3.0,-2.076,0.953,4.649,-4.0,-2.0,14.797,-6.0,-5.0,5.313,-3.042,9.325,5.993,-6.0,10.679,-4.0,3.675,0.0,0.0,0.0,0.0,0.0,0.0,0.0,0.0,0.0,0.0
GoldS210,XAUUSDc,435,1.9545,3.909,3,0.1003,366.31,481,19.9584,1,11,0,0.01,1.5,2.0,0.0,0.0,15,1,-10.41,25,0,2,0,0.4,0.0,0.0,0.0,0.0,0.0,1.972,6.763,-4.0,-4.0,-3.0,-5.0,16.59,-1.009,-3.0,-0.005,-4.003,-3.0,0.545,-4.0,-4.0,-3.809,0.365,-2.025,-5.0,-0.886,-2.015,-0.577,4.172,2.972,-0.332,-4.0,-4.0,-0.014,6.255,9.357,-6.0,-6.0,-1.012,3.13,0.97,-1.017,0.571,1.386,-2.0,-3.0,-4.0,-3.0,8.922,0.774,-2.014,15.614,-1.004,-6.0,-1.014,-1.0,0.642,-4.0,-1.428,0.829,2.579,4.957,-3.001,-4.0,0.856,-4.0,1.256,-4.0,18.119,0.991,5.615,0.985,-0.014,-4.0,7.68,-2.999,-4.0,-3.999,-0.002,-2.005,-4.0,-5.0,-0.001,8.282,-0.009,9.688,-0.031,-1.0,-3.022,-0.6,13.311,-4.0,-0.48,-2.021,-2.006,-5.0,-0.445,-3.0,-4.999,-0.162,3.688,0.0,-0.11,-2.0,-2.0,-2.076,0.953,0.888,-4.0,-2.0,11.128,-5.999,-4.0,2.086,8.206,6.424,10.602,-6.0,3.94,-3.0,-1.009,0.0,0.0,0.0,0.0,0.0,0.0,0.0,0.0,0.0,0.0
GoldS210,XAUUSDc,626,-3.3975,-6.795,3,-0.1061,0.0,466,21.6738,1,9,0,0.01,1.5,2.0,0.0,0.5,15,1,-15.81,23,0,2,0,0.6,0.0,0.0,0.0,0.0,0.0,1.972,5.497,-4.0,-0.01,-4.0,-5.0,3.462,-0.01,-4.0,-0.005,-4.003,-2.0,-2.999,-4.0,-3.0,5.015,0.152,-4.0,-5.0,1.297,-2.015,-0.474,2.578,0.748,-0.332,-4.0,-4.0,-0.014,2.075,6.291,0.053,-6.0,-1.011,-3.0,0.97,-3.0,-3.0,2.617,-2.0,-3.0,-3.0,-4.0,3.982,3.022,-2.014,11.391,-1.004,-6.0,-1.014,-1.0,0.414,-4.0,0.112,1.022,0.947,3.796,-2.001,-3.0,-0.062,-4.0,-3.023,-4.0,16.55,0.991,7.417,0.985,-0.014,-2.0,6.061,-3.0,0.0,-5.0,-0.002,-2.005,2.114,4.167,-0.001,10.164,-0.009,6.433,1.197,-1.0,-0.647,0.114,10.398,-4.0,-0.48,3.203,-2.006,-5.0,-0.507,-2.0,-4.0,-0.162,3.765,0.0,-0.11,-2.0,-2.0,-2.076,0.953,3.152,-4.0,-2.0,13.577,-6.0,-4.0,1.955,-1.608,4.862,5.687,-5.0,9.674,-3.0,-2.009,0.0,0.0,0.0,0.0,0.0,0.0,0.0,0.0,0.0,0.0
GoldS210,XAUUSDc,509,20.4875,40.975,3,0.6501,138.06,468,9.8291,1,7,0,0.01,1.7,3.0,0.0,0.0,15,1,-15.596,26,0,2,0,0.4,0.0,0.0,0.0,0.0,0.0,-1.0,16.716,-4.0,-4.0,-3.0,-5.0,-0.001,-0.014,-2.0,-3.0,-3.004,-3.0,-5.0,-4.0,-4.0,-6.0,4.584,-4.0,0.3,2.248,-5.0,-5.0,15.722,23.199,-5.0,-4.0,-4.0,-2.999,12.373,-1.016,-4.0,-5.0,17.888,-3.0,-1.029,5.943,-3.0,-5.0,-3.0,-2.999,-4.0,-3.0,-4.0,17.32,-5.0,-6.0,-5.0,-6.0,-4.0,-1.0,14.831,-4.0,-1.047,15.329,3.587,13.729,-1.239,-3.0,-2.0,6.301,-4.0,-4.0,-3.999,1.066,52.571,5.488,-3.0,-4.0,15.697,-3.0,-4.0,-4.0,0.997,-1.007,-4.0,-5.0,-3.0,30.46,-3.0,8.978,3.407,-1.0,-6.0,-5.0,5.492,-4.0,0.329,-4.999,-1.01,-5.0,13.131,-3.0,-5.999,-4.0,-5.0,0.0,4.816,-2.0,-2.0,-4.0,9.873,-2.073,-4.0,-2.0,-4.0,-6.0,-4.0,-4.0,-4.0,-3.0,-3.0,-6.0,4.868,-3.0,12.167,0.0,0.0,0.0,0.0,0.0,0.0,0.0,0.0,0.0,0.0
GoldS210,XAUUSDc,114,25.1613,75.484,2,0.9636,98.59,485,12.3711,1,9,0,0.01,1.7,2.5,0.0,0.0,15,1,1.062,23,0,2,0,0.0,0.0,0.0,0.0,0.0,0.0,-1.0,27.024,-4.0,-4.0,-3.0,-6.0,-1.501,-0.512,-3.0,0.494,-3.503,-3.0,-5.0,-4.0,-4.0,8.844,1.644,-5.0,-5.0,-0.317,-1.519,-5.0,-4.0,12.478,0.533,-4.0,-4.0,-1.517,5.521,-0.513,-5.0,-7.0,-1.515,-3.0,-1.523,22.362,-3.0,-3.999,-2.0,-2.999,-4.0,-3.0,-2.287,-8.0,-4.999,72.921,-4.0,-6.0,-4.0,-1.0,3.853,-3.999,0.498,3.682,3.28,21.328,-3.501,-3.0,9.737,-5.0,3.973,-4.0,9.18,1.546,19.897,1.526,-2.999,-3.999,49.055,-3.999,-3.0,-4.0,0.498,-1.506,-5.0,-4.0,4.095,9.962,-2.999,0.412,2.302,-1.0,1.398,-6.0,-1.51,-4.0,0.163,-2.526,-1.508,-5.0,0.471,-2.0,-4.999,0.896,-0.649,0.0,0.852,-2.0,-2.0,-1.593,1.441,7.282,-4.0,-2.0,-3.999,-6.0,-4.0,-0.536,-5.0,-3.0,-3.0,22.39,3.121,-4.0,2.851,0.0,0.0,0.0,0.0,0.0,0.0,0.0,0.0,0.0,0.0
GoldS210,XAUUSDc,854,-7.262,-14.524,3,-0.4412,0.0,409,19.0709,1,9,0,0.01,1.5,2.5,0.0,1.0,15,1,-24.237,20,0,2,0,0.8,0.0,0.0,0.0,0.0,0.0,-1.0,7.204,-4.0,-3.0,-0.504,-4.0,-0.501,0.488,-3.0,0.494,-2.503,-2.0,-1.999,2.128,-3.0,-2.0,0.817,-4.0,-1.0,4.705,0.481,3.295,2.61,3.586,-3.0,-4.0,-4.0,0.483,3.164,-0.513,1.792,-6.0,-0.515,0.413,-1.524,-3.0,9.127,1.482,-1.0,-3.0,-2.999,-4.0,7.334,-2.647,-5.0,14.548,-3.0,-6.0,-4.0,-1.0,2.353,-4.0,1.461,4.16,4.941,5.882,-1.501,-3.0,-2.0,-5.0,-0.529,-4.0,3.646,0.546,9.885,2.32,3.612,-3.0,9.791,-3.0,0.0,-3.0,-0.502,-1.506,-4.0,-3.0,1.732,9.791,-3.0,-0.334,2.302,-1.0,-2.528,-0.021,8.068,-4.0,-0.527,-3.0,1.766,-5.0,-0.621,-2.0,-3.0,-1.536,1.55,0.0,0.852,-2.0,2.191,-1.593,1.441,0.439,7.102,-2.0,5.844,-6.0,-3.0,-0.535,2.968,-4.0,-3.0,3.033,-0.504,-3.0,1.591,0.0,0.0,0.0,0.0,0.0,0.0,0.0,0.0,0.0,0.0
GoldS210,XAUUSDc,332,-30.8987,-92.696,2,-0.7599,0.0,495,8.2828,1,5,0,0.01,1.9,3.0,0.0,0.0,15,1,-136.717,22,0,2,0,0.2,0.0,0.0,0.0,0.0,0.0,-1.0,-0.101,-4.0,-3.999,-3.0,-6.0,-0.001,-0.014,-2.0,-3.0,-3.004,-2.999,-5.0,-4.0,-5.0,-5.0,4.584,-5.0,0.3,13.282,-5.999,-4.0,7.735,42.021,-5.0,-4.0,-4.0,-2.999,-6.0,-2.016,-6.0,-6.0,8.525,6.191,-1.028,29.382,-3.0,-6.0,-2.0,-2.999,-4.0,-3.0,5.458,15.534,-5.0,-7.0,-4.0,-6.0,-4.0,-1.0,-3.597,-4.0,-2.229,-5.0,4.472,10.308,-1.646,-3.0,-4.0,-4.0,-5.999,6.921,-4.999,19.488,-6.0,5.488,15.755,-3.998,0.981,-3.0,-4.0,-3.999,0.997,-1.007,-4.0,-5.0,-3.0,-5.0,-3.0,8.4,3.407,-1.0,-6.0,-5.0,3.936,-4.0,0.805,-6.0,4.886,-4.999,-5.0,-2.0,-5.999,-4.0,-5.0,0.0,4.002,-2.0,-2.0,-4.0,9.72,-2.073,-4.0,-2.0,-5.0,-6.0,-5.0,-4.0,-5.0,-3.0,-3.999,-6.0,-5.0,-4.0,15.429,0.0,0.0,0.0,0.0,0.0,0.0,0.0,0.0,0.0,0.0
GoldS210,XAUUSDc,415,-3.1703,-19.022,1,-0.4803,0.0,489,28.8344,1,11,0,0.01,1.7,1.5,0.0,0.5,15,1,-27.215,3,0,2,0,0.4,0.0,0.0,0.0,0.0,0.0,1.479,1.55,-4.0,-1.508,-3.0,-5.0,5.927,-0.506,-4.0,-0.504,-4.502,-3.0,-0.749,-4.0,-3.0,4.193,-1.251,1.066,2.399,0.81,-1.023,-1.478,2.258,-0.398,-2.511,-4.0,-4.0,-0.51,3.529,3.089,-0.228,-5.0,5.103,1.556,5.377,-3.0,2.318,-0.068,-2.0,-3.0,-4.0,-3.0,5.272,1.088,-2.51,4.164,-1.503,-1.609,-1.511,-1.0,-3.014,-1.51,-1.194,-0.373,0.486,2.734,-1.007,-3.0,3.442,-4.0,4.127,-0.038,6.018,0.493,3.625,1.986,5.248,2.093,3.467,8.117,-4.0,-3.999,-0.501,-2.503,-1.509,0.761,2.731,4.725,0.944,-1.025,-0.523,-1.0,-3.517,1.208,3.002,-4.0,-1.123,-1.069,-1.552,-2.502,1.123,-2.0,2.221,-4.0,3.972,0.0,1.399,-2.0,-2.0,-2.559,0.465,-0.083,-1.526,-0.539,5.365,-0.802,-5.0,0.966,-1.041,1.964,3.051,-6.0,6.452,-3.0,-1.507,0.0,0.0,0.0,0.0,0.0,0.0,0.0,0.0,0.0,0.0
GoldS210,XAUUSDc,188,-0.7987,-2.396,2,-0.064,0.0,526,38.0228,1,5,0,0.01,1.9,1.0,0.0,0.0,15,1,-12.177,4,0,2,0,0.2,0.0,0.0,0.0,0.0,0.0,0.986,-0.883,0.168,-2.008,-3.0,5.19,9.694,2.047,-0.047,1.541,-4.001,-2.999,-5.0,-4.0,-3.007,-4.002,-3.005,2.484,-3.02,3.713,0.658,0.432,0.315,-2.012,-5.0,-1.617,-4.0,6.159,-4.008,-2.006,8.974,1.351,2.174,-0.048,4.205,-2.009,-1.01,-2.007,-2.0,0.996,-0.858,-3.0,-1.975,5.193,-3.007,7.99,-0.009,-2.016,-2.007,-1.0,-3.967,-2.007,-3.504,-2.998,0.694,7.586,-2.004,-3.0,-0.219,1.267,-2.015,1.218,4.199,-1.004,-0.384,4.171,5.898,0.148,4.27,2.108,-2.006,-3.999,-1.001,-3.002,1.973,-5.0,4.552,-2.503,0.864,3.845,-1.015,-1.0,1.751,0.135,7.778,-4.0,-1.766,5.544,-3.003,-2.017,3.922,0.623,2.405,-2.004,-0.435,0.0,-0.068,-2.0,2.907,-3.042,-0.023,-2.029,-0.019,0.973,1.927,-2.486,-5.0,0.038,4.77,-0.101,2.526,-4.016,-3.022,1.643,3.819,0.0,0.0,0.0,0.0,0.0,0.0,0.0,0.0,0.0,0.0
GoldS210,XAUUSDc,434,10.2245,20.449,3,0.3874,77.04,486,19.3416,1,9,0,0.01,1.5,2.0,0.0,0.0,15,1,4.696,28,0,2,0,0.4,0.0,0.0,0.0,0.0,0.0,1.972,8.447,-4.0,-4.0,-3.0,-5.0,16.991,-1.009,-3.0,-0.005,-4.003,-3.0,0.545,-4.0,-4.0,-0.361,0.211,-2.025,-5.0,-0.886,-2.015,0.444,-4.0,2.972,-0.332,-4.0,-4.0,-2.014,2.262,9.334,-5.0,-6.0,-1.011,-3.0,0.97,1.5,-3.0,3.653,-2.0,-2.999,-4.0,-3.0,4.026,0.774,-2.014,19.322,-1.004,-6.0,-1.014,-1.0,0.642,-4.0,-1.428,0.91,2.371,5.436,-4.001,-3.0,0.718,-4.0,1.256,-4.0,24.522,0.991,5.763,0.985,-0.014,-4.0,7.68,-2.999,-4.0,-4.0,-0.002,-2.005,-4.0,-5.0,-0.001,20.145,-0.009,9.129,1.197,-1.0,-0.269,-6.0,13.311,-4.0,-0.48,3.203,-2.006,-5.0,-0.507,-2.0,-4.999,-0.162,4.981,0.0,-0.11,-2.0,-2.0,-2.076,0.953,4.952,-4.0,-2.0,10.058,-5.999,-4.0,2.086,11.596,6.495,10.602,-6.0,4.812,-3.0,-3.009,0.0,0.0,0.0,0.0,0.0,0.0,0.0,0.0,0.0,0.0
GoldS210,XAUUSDc,156,-0.0,-176.338,0,-0.8878,0.0,491,7.1283,1,5,0,0.01,1.5,3.0,0.0,0.5,15,1,-220.684,16,0,2,0,0.0,0.0,0.0,0.0,0.0,0.0,-1.0,-2.013,-4.0,-4.0,-3.0,-5.999,-1.001,0.986,-3.0,-3.0,-3.004,-3.0,-5.0,-4.0,-3.0,-5.0,4.584,-6.0,-6.0,-5.0,-5.999,-3.998,-4.999,42.346,-5.0,-4.0,-4.0,-4.999,-5.0,-2.016,-7.0,-6.0,8.525,6.191,-1.028,-3.0,-3.0,-5.0,-2.0,-2.999,-4.0,-3.0,-5.999,13.954,-5.0,-7.0,-4.0,-6.0,-4.0,-1.0,-4.011,-4.0,3.724,-4.0,1.938,0.829,-0.646,-3.0,-2.0,-5.0,-4.999,-4.0,-5.999,19.488,-6.0,6.71,15.755,-2.999,-3.0,-3.0,-4.0,-4.0,0.997,-1.007,-4.0,-4.0,-3.0,-4.0,-3.0,7.055,3.407,-1.0,-6.0,-5.0,3.935,-4.0,0.805,-6.0,4.886,-4.999,-5.0,-3.0,-5.0,-4.0,-5.0,0.0,4.002,-2.0,-3.0,-4.0,22.034,-2.073,-4.0,-2.0,-5.0,-6.0,-5.0,-3.998,-6.0,-3.0,-4.0,-6.0,-4.0,-4.0,21.296,0.0,0.0,0.0,0.0,0.0,0.0,0.0,0.0,0.0,0.0
GoldS210,XAUUSDc,628,-23.5137,-70.541,2,-0.7012,0.0,481,18.2952,1,5,0,0.01,1.7,2.0,0.0,0.5,15,1,-80.212,22,0,2,0,0.6,0.0,0.0,0.0,0.0,0.0,1.972,5.227,-4.0,-0.01,-4.0,-5.0,3.198,-0.01,-3.0,0.893,-4.003,-2.0,-3.0,-4.0,-3.0,5.671,0.72,-4.0,0.202,2.268,-3.015,-1.066,3.307,1.609,-5.0,-4.0,-4.0,-0.014,-5.0,2.357,-7.0,-5.0,-0.942,2.175,0.97,-3.0,-3.0,-4.0,-3.0,-3.0,-3.0,-4.0,4.724,-1.011,-2.014,3.656,-1.004,-6.0,-1.014,-1.0,-5.008,-4.0,0.112,-4.0,0.947,3.788,-2.001,-3.0,-0.062,-4.0,-3.021,-4.0,17.928,0.991,0.17,3.117,2.799,-3.0,5.734,-2.999,-4.0,-4.0,-0.002,-2.005,3.591,6.512,2.383,6.281,-0.009,0.068,1.197,-1.0,-6.0,-5.0,8.649,-4.0,-0.48,3.439,0.361,-5.0,-2.063,-2.0,-5.0,-4.0,8.495,0.0,-0.11,-2.0,-1.999,-2.076,0.953,2.674,-4.0,-2.0,13.258,-6.0,-5.0,4.526,-3.042,3.405,7.639,-5.0,3.483,-3.0,-2.01,0.0,0.0,0.0,0.0,0.0,0.0,0.0,0.0,0.0,0.0
GoldS210,XAUUSDc,798,-5.0053,-15.016,2,-0.283,0.0,457,23.6324,1,9,0,0.01,1.7,2.0,0.0,0.0,15,1,-21.402,8,0,2,0,0.8,0.0,0.0,0.0,0.0,0.0,1.972,5.393,-4.0,1.249,-4.0,-5.0,7.547,-0.01,-3.0,-0.005,-3.002,-2.0,-2.999,-4.0,-3.0,2.386,-0.387,-4.0,-5.0,-0.886,2.474,3.885,1.437,0.134,-0.332,-4.0,-4.0,-0.014,0.944,4.935,1.028,-5.999,-1.012,-3.0,0.97,-3.0,1.78,1.081,-2.0,0.524,-3.0,-4.0,2.826,2.703,-2.014,7.492,-1.004,-6.0,-1.014,-1.0,0.161,-4.0,-2.214,1.587,0.862,4.445,-3.001,-3.0,0.718,-4.0,-1.331,-4.0,11.6,0.991,4.898,0.985,0.986,-3.0,4.886,-3.0,0.0,-5.0,-0.002,-2.005,0.855,2.695,-0.001,8.022,-0.009,3.63,1.197,-1.0,-1.538,-0.887,8.232,-4.0,-0.48,1.435,-2.006,-5.0,-1.378,-2.0,-4.0,-0.987,4.922,0.0,-0.11,-2.0,-2.0,-2.076,0.953,2.223,4.486,-2.0,10.592,-6.0,-4.0,2.086,3.813,3.048,4.412,-5.0,7.217,-3.0,-1.01,0.0,0.0,0.0,0.0,0.0,0.0,0.0,0.0,0.0,0.0
GoldS210,XAUUSDc,898,-9.006,-18.012,3,-0.3911,0.0,401,14.7132,1,9,0,0.01,1.9,3.0,0.0,1.0,15,1,-32.542,31,0,2,0,0.8,0.0,0.0,0.0,0.0,0.0,-1.0,11.397,-4.0,-3.0,-4.0,-4.0,-0.001,0.986,-3.0,-3.0,-2.004,-2.0,-1.999,3.877,-3.0,-2.0,2.019,-4.0,-1.0,8.156,-2.999,-4.0,3.784,9.351,-3.0,-4.0,-4.0,-1.999,5.386,-0.016,-3.0,-6.0,2.29,0.91,-1.029,-3.0,14.439,1.979,-1.0,-3.0,-2.999,-4.0,2.906,-3.153,-5.0,3.083,-4.0,-6.0,-4.0,-1.0,7.037,-4.0,1.953,6.356,7.007,7.972,-1.001,-3.0,-2.0,-5.0,-4.0,-4.0,-4.0,1.066,7.397,4.305,5.273,-3.0,12.53,-3.0,0.0,-3.0,-0.003,-1.007,-4.0,-3.0,4.667,4.862,-3.0,1.044,3.407,-1.0,-1.033,-5.0,4.865,-4.0,-0.033,-3.0,3.348,-5.0,2.723,-2.0,-3.0,-1.04,2.724,0.0,3.42,-2.0,2.897,-4.0,8.04,0.927,9.541,-2.0,10.898,-6.0,-3.0,-3.999,-4.0,-4.0,-3.0,-3.999,-0.005,-3.0,3.485,0.0,0.0,0.0,0.0,0.0,0.0,0.0,0.0,0.0,0.0
GoldS210,XAUUSDc,808,-18.719,-56.157,2,-0.7208,0.0,464,21.1207,1,5,0,0.01,1.7,2.0,0.0,0.5,15,1,-62.165,7,0,2,0,0.8,0.0,0.0,0.0,0.0,0.0,1.972,5.363,-4.0,-0.01,-4.0,-5.0,6.337,-0.009,-3.0,0.893,-3.003,-2.0,-2.999,-4.0,-3.0,1.961,-0.387,-4.0,-0.853,1.244,-3.015,-4.0,1.858,0.197,-5.0,-4.0,-4.0,-0.014,-5.0,8.046,0.894,-6.0,-0.943,1.246,0.97,-3.0,-3.0,-4.0,-2.999,0.539,-3.0,-4.0,4.685,3.388,-2.014,9.325,-1.004,-6.0,-1.014,-1.0,0.19,-3.999,-2.148,-3.0,-0.053,3.866,-2.001,-3.0,-0.061,-4.0,-2.022,-4.0,12.701,0.991,-1.097,2.379,3.112,-3.0,4.718,-3.0,0.0,-5.0,-0.002,-2.005,1.78,2.973,1.467,2.743,-0.009,4.049,1.197,-1.0,-6.0,-5.0,6.935,-4.0,-0.48,2.729,-0.529,-5.0,-2.063,-2.0,-3.0,-0.811,5.533,0.0,-0.11,-2.0,-2.0,-2.076,0.953,2.499,0.275,-2.0,9.795,-6.0,-5.0,3.629,1.616,2.46,5.42,-5.0,7.654,-3.0,-2.009,0.0,0.0,0.0,0.0,0.0,0.0,0.0,0.0,0.0,0.0
GoldS210,XAUUSDc,57,-17.0403,-51.121,2,-0.6428,0.0,501,23.5529,1,7,0,0.01,1.9,1.5,0.0,0.5,15,1,-67.183,12,0,2,0,0.0,0.0,0.0,0.0,0.0,0.0,1.479,-3.506,-4.0,-1.508,-3.0,-6.0,-0.015,-0.507,-3.0,-0.504,-4.502,-3.0,-5.0,-4.0,-3.0,-2.069,-0.795,-3.519,-1.925,1.021,-1.023,-1.942,-4.0,0.96,-4.999,-4.0,-4.0,-2.51,-1.511,-0.264,17.286,-6.0,2.523,-3.0,11.815,-3.0,-0.515,-4.998,-2.0,-2.999,-4.0,-3.0,-3.563,1.317,-2.51,13.928,-1.503,-6.0,-1.511,-1.0,-3.014,0.594,-1.194,-3.999,0.486,5.895,-1.007,-3.0,9.05,-4.0,-3.517,2.531,-5.0,0.493,6.19,4.358,9.784,2.269,3.467,12.985,-4.0,-4.0,-0.501,-2.503,-1.508,4.078,2.731,12.062,0.944,0.09,0.093,-1.0,-6.0,1.707,-2.506,-4.0,-1.877,-2.515,-1.552,-2.502,1.078,-3.0,1.257,-4.0,1.427,0.0,1.399,-2.0,-3.0,-2.559,0.465,2.023,-1.526,-0.539,7.44,-0.457,-5.0,0.966,-1.041,1.964,3.076,-6.0,7.577,-4.0,2.086,0.0,0.0,0.0,0.0,0.0,0.0,0.0,0.0,0.0,0.0
GoldS210,XAUUSDc,555,-2.8147,-8.444,2,-0.2332,0.0,507,45.7594,1,11,0,0.01,1.5,1.0,0.0,0.5,15,1,-10.713,0,0,2,0,0.6,0.0,0.0,0.0,0.0,0.0,0.986,-2.007,-1.022,0.986,-1.206,-1.46,1.793,0.977,-4.0,-0.009,-4.001,0.411,0.236,-4.0,-3.0,-0.933,-0.6,2.693,-1.198,1.277,-0.025,-0.014,2.314,-2.012,-3.007,-1.295,-4.0,0.533,-2.008,1.087,2.89,4.07,0.968,-0.309,1.489,-3.0,1.076,-2.002,-2.0,0.996,0.191,-4.0,1.206,0.609,-3.007,3.607,-0.009,-2.016,-2.007,-1.0,-4.009,-2.007,-0.52,-1.933,-0.009,4.036,1.576,-3.0,1.955,1.345,-0.026,0.962,6.368,1.465,0.885,2.984,3.576,0.786,4.714,-0.018,-2.006,-4.0,-1.001,-3.002,1.973,-0.793,3.178,-2.0,-0.046,-0.023,-1.015,-1.0,0.918,-1.034,-0.536,-4.0,-1.766,3.051,-2.048,-2.017,3.922,0.72,7.22,-2.004,0.971,0.0,-0.068,-2.0,1.734,-3.042,-0.023,1.914,-0.019,0.973,4.732,-1.239,-4.0,-0.022,1.933,0.034,-0.032,0.472,3.232,-0.008,-1.055,0.0,0.0,0.0,0.0,0.0,0.0,0.0,0.0,0.0,0.0
GoldS210,XAUUSDc,222,-0.5167,-1.55,2,-0.021,0.0,502,24.9004,1,9,0,0.01,1.7,1.5,0.0,0.0,15,1,-25.499,16,0,2,0,0.2,0.0,0.0,0.0,0.0,0.0,1.479,3.786,-4.0,-4.0,-3.0,-6.0,15.853,-1.507,-3.0,-0.504,-4.501,-3.0,-0.749,-4.0,-4.0,-3.069,-1.22,2.54,-1.925,-1.455,-1.023,-1.478,-4.0,0.96,-2.511,-4.0,-4.0,-2.51,-3.511,-1.508,9.853,-6.0,-0.017,-3.0,-0.021,0.064,-0.515,-3.999,-2.0,-2.999,-4.0,-3.0,-3.397,7.813,-2.51,12.999,-1.503,-1.609,-1.511,-1.0,-2.879,-1.51,-2.353,-0.454,1.525,11.204,-2.007,-3.0,1.493,-4.0,4.355,2.531,3.325,0.493,5.024,1.987,9.756,0.263,3.467,9.399,-4.0,-4.0,-0.501,-2.503,-2.509,-4.0,2.731,12.479,2.385,4.305,0.093,-1.0,-1.937,0.799,22.443,-4.0,-1.123,0.351,-2.505,-2.502,1.078,-2.0,1.221,-4.0,4.436,0.0,1.399,-2.0,-2.0,-2.559,0.465,3.25,-1.526,-0.539,7.162,-0.457,-4.0,1.061,-2.502,1.964,6.026,-6.0,3.059,-4.0,-2.508,0.0,0.0,0.0,0.0,0.0,0.0,0.0,0.0,0.0,0.0
GoldS210,XAUUSDc,821,4.877,9.754,3,0.3547,57.47,425,26.1176,1,7,0,0.01,1.7,2.0,0.0,1.0,15,1,4.148,3,0,2,0,0.8,0.0,0.0,0.0,0.0,0.0,1.972,3.621,-4.0,-0.01,-1.003,-4.0,4.941,-0.01,-3.0,-0.005,-3.003,-2.0,-1.999,0.377,-3.0,-0.151,5.053,-4.0,-1.0,2.045,-0.015,1.579,1.025,0.346,-3.0,-4.0,-4.0,-0.014,0.976,2.467,0.334,-1.589,0.243,-0.083,0.97,-3.0,6.049,0.986,-1.0,-3.0,-3.0,-4.0,5.364,4.562,-2.014,7.357,-0.004,-6.0,-1.014,-1.0,0.226,-3.999,-0.032,1.524,2.876,8.67,-2.001,-3.0,-0.062,-4.0,-2.023,-4.0,10.25,0.991,4.276,2.379,2.162,-3.0,4.886,-3.0,0.0,-3.0,-1.002,-2.005,1.849,0.704,-0.001,6.423,-0.009,4.049,1.197,-1.0,-3.022,-0.121,9.114,-4.0,-1.022,-1.021,0.307,-5.0,-1.378,-2.0,-3.0,-2.032,4.689,0.0,-0.11,-2.0,1.484,-2.076,0.953,-0.049,4.486,-2.0,10.921,-6.0,-3.0,3.062,2.906,0.546,4.13,-4.0,6.315,-3.0,-1.009,0.0,0.0,0.0,0.0,0.0,0.0,0.0,0.0,0.0,0.0
GoldS210,XAUUSDc,572,-1.1807,-3.542,2,-0.1472,0.0,477,50.1048,1,5,0,0.01,1.9,1.0,0.0,1.0,15,1,-4.542,0,0,2,0,0.6,0.0,0.0,0.0,0.0,0.0,0.986,-1.008,-1.022,0.986,-0.015,-2.003,0.941,0.977,-1.047,-0.009,-4.001,-0.165,0.934,0.755,-3.0,-2.068,-1.071,1.979,-0.125,0.93,0.932,1.982,1.99,-2.012,-2.007,-0.059,-4.0,-0.049,-2.008,-0.061,2.89,1.99,0.968,-1.077,0.978,-3.0,0.935,-0.007,-1.0,-1.002,-0.001,-4.0,2.891,-1.147,-3.007,2.948,1.942,-2.016,-2.007,-1.0,-4.009,-2.007,2.922,-1.054,0.96,3.819,0.967,-3.0,1.955,-0.088,-1.026,0.962,4.953,0.99,-0.023,2.984,1.936,-0.016,3.977,-0.018,-1.103,-1.0,-1.001,-3.002,1.973,-1.059,1.985,-2.0,-0.046,-0.023,-1.015,-1.0,0.918,-1.034,0.946,-4.0,-2.011,1.926,-2.048,-2.017,3.922,-0.006,4.907,-2.004,1.965,0.0,-0.068,-2.0,0.941,-1.09,-0.023,-0.029,-0.019,0.973,3.924,-2.034,-2.007,-0.022,2.932,-2.055,-0.032,-0.097,1.965,-0.008,1.91,0.0,0.0,0.0,0.0,0.0,0.0,0.0,0.0,0.0,0.0
GoldS210,XAUUSDc,195,-8.952,-17.904,3,-0.3896,0.0,513,42.885,1,11,0,0.01,1.5,1.0,0.0,0.5,15,1,-24.905,2,0,2,0,0.2,0.0,0.0,0.0,0.0,0.0,0.986,-2.007,-1.022,-0.014,-3.0,-4.0,-1.01,0.977,-4.0,-0.009,-4.001,-3.0,-2.146,-4.0,-3.0,3.649,-0.6,4.646,-1.02,1.848,-0.025,-0.014,2.314,-2.012,-3.006,-4.0,-4.0,-1.01,-2.008,2.882,2.89,9.109,0.968,-0.019,-1.015,-3.0,1.076,-2.002,-2.0,0.996,-0.809,-3.0,-3.062,1.396,-3.007,3.607,-0.009,-2.016,-2.007,-1.0,-4.009,-2.007,-0.52,-1.933,-0.009,4.036,-1.004,-3.0,1.955,2.643,-0.026,0.962,3.549,1.465,2.142,2.984,5.472,1.682,6.147,-0.018,-2.006,-4.0,-1.001,-3.002,1.973,-0.006,6.177,-2.0,-0.046,-0.023,-1.015,-1.0,0.918,-1.034,1.22,-4.0,-1.766,-0.055,-2.048,-2.017,3.922,1.131,7.754,-2.004,0.971,0.0,-0.068,-2.0,2.131,-3.042,-0.023,1.914,-0.019,0.973,1.927,-0.375,-5.0,-0.022,1.932,0.51,-0.032,-1.959,3.264,-0.008,-1.055,0.0,0.0,0.0,0.0,0.0,0.0,0.0,0.0,0.0,0.0
GoldS210,XAUUSDc,379,-2.8467,-8.54,2,-0.2174,0.0,511,44.4227,1,11,0,0.01,1.7,1.0,0.0,0.5,15,1,-12.016,0,0,2,0,0.4,0.0,0.0,0.0,0.0,0.0,0.986,-2.007,-1.022,-0.014,-3.0,-1.034,2.58,0.977,-4.0,-0.009,-4.001,-3.0,-2.147,-4.0,-3.0,0.234,-0.6,3.523,-1.02,1.537,-0.025,-0.014,2.314,-2.012,-3.007,-4.0,-4.0,0.99,-2.008,1.538,2.89,5.173,0.968,-0.019,1.904,-3.0,1.076,-2.002,-2.0,0.996,-0.809,-3.0,2.413,1.25,-3.007,3.607,-0.009,-2.016,-2.007,-1.0,-4.009,-2.007,-0.52,-1.933,-0.009,4.036,2.074,-3.0,1.955,2.145,-0.026,0.962,7.146,1.465,1.639,2.984,4.086,1.575,5.339,-0.018,-2.006,-3.999,-1.001,-3.002,1.973,-0.595,3.927,-2.0,-0.046,-0.023,-1.015,-1.0,0.918,-1.034,-0.143,-4.0,-1.766,3.651,-2.048,-2.017,3.922,1.131,7.754,-2.004,0.971,0.0,-0.068,-2.0,2.131,-3.042,-0.023,1.914,-0.019,0.973,1.927,-0.562,-5.0,-0.022,1.932,0.51,-0.032,-1.959,3.264,-0.008,-1.055,0.0,0.0,0.0,0.0,0.0,0.0,0.0,0.0,0.0,0.0
GoldS210,XAUUSDc,839,-7.6413,-22.924,2,-0.5461,0.0,435,18.3908,1,11,0,0.01,1.9,2.5,0.0,0.0,15,1,-32.6,24,0,2,0,0.8,0.0,0.0,0.0,0.0,0.0,-1.0,5.904,-4.0,-2.999,-4.0,-5.0,-0.501,0.488,-3.0,0.494,-2.503,6.131,-1.999,-4.0,-3.0,-2.0,0.439,-4.0,-5.0,-0.317,4.183,2.564,3.627,3.586,0.533,-4.0,-4.0,0.483,4.355,-0.513,2.848,-6.0,-0.515,2.247,-1.524,-3.0,7.319,1.587,-2.0,-2.0,-3.0,-4.0,4.134,-2.339,-5.0,15.632,-4.0,-6.0,-4.0,-1.0,2.674,-4.0,-0.501,4.242,1.618,5.645,-2.501,-3.0,-2.0,-4.0,0.344,-4.0,1.518,0.558,3.731,1.526,3.612,-3.0,8.288,-3.0,0.0,-5.0,0.498,-1.506,-4.0,-3.0,1.732,11.949,-3.0,0.883,0.461,-1.0,-1.527,-0.432,10.829,-4.0,0.163,-1.526,3.196,-5.0,0.176,-2.0,-3.999,-0.177,3.634,0.0,0.852,-2.0,-2.0,-1.593,1.441,2.591,6.79,-2.0,5.826,-6.0,-4.0,4.923,2.395,-4.0,-3.0,2.289,1.778,-4.0,1.332,0.0,0.0,0.0,0.0,0.0,0.0,0.0,0.0,0.0,0.0
GoldS210,XAUUSDc,551,1.5247,2.287,4,0.0723,112.55,510,44.902,1,11,0,0.01,1.9,1.0,0.0,0.0,15,1,-0.287,0,0,2,0,0.6,0.0,0.0,0.0,0.0,0.0,0.986,-0.891,-1.022,2.13,-1.206,-0.72,3.363,-0.023,-3.0,0.704,-4.001,0.411,0.236,-4.0,-3.007,-4.002,-3.005,2.693,-1.198,0.955,-0.025,2.273,3.008,-2.012,-3.007,-1.295,-4.0,1.186,-1.272,1.3,2.295,4.266,0.968,-0.309,1.489,-2.009,1.076,-2.002,-2.0,0.996,0.191,-4.0,2.006,1.467,-3.007,4.34,-0.009,-2.016,-2.007,-1.0,-3.967,-2.007,-1.298,-2.005,0.668,5.129,0.684,-3.0,3.295,1.003,-0.277,0.962,6.368,1.465,0.923,3.752,3.576,-0.282,4.714,-0.018,-2.006,-4.0,-1.001,-3.002,1.973,0.036,3.178,-1.01,0.611,-0.023,-1.015,-1.0,0.918,-1.034,0.157,-4.0,-1.766,3.748,-3.003,-2.017,3.922,0.949,3.917,-2.004,0.971,0.0,-0.068,-2.0,1.925,-3.042,-0.023,1.914,-0.019,0.973,4.732,-0.418,-4.0,0.038,1.933,0.034,0.759,1.656,3.478,-0.008,-1.055,0.0,0.0,0.0,0.0,0.0,0.0,0.0,0.0,0.0,0.0
GoldS210,XAUUSDc,409,-5.3787,-32.272,1,-0.617,0.0,495,25.8586,1,7,0,0.01,1.5,1.5,0.0,0.5,15,1,-41.27,11,0,2,0,0.4,0.0,0.0,0.0,0.0,0.0,1.479,1.453,-4.0,-1.508,-3.0,-5.0,5.913,-0.507,-3.0,-0.504,-4.502,-3.0,-5.0,-4.0,-3.0,4.998,-0.795,0.679,-1.925,-0.19,-1.023,-1.942,-3.0,-0.36,-5.0,-4.0,-4.0,-0.51,4.495,5.103,8.79,-4.999,8.879,-3.0,7.314,-3.0,-0.515,-4.0,-3.0,-2.999,-4.0,-3.0,5.559,0.997,-2.51,8.42,-1.503,-6.0,-1.511,-1.0,-3.014,0.594,-1.194,-4.0,0.486,5.58,-1.007,-3.0,5.929,-4.0,-3.517,2.531,0.023,0.493,4.778,4.27,7.076,2.093,3.467,9.471,-4.0,-3.999,-0.501,-2.503,-1.509,0.761,2.731,6.66,0.944,0.09,0.093,-1.0,-6.0,1.703,2.699,-4.0,-1.877,-2.515,-1.552,-2.502,1.078,-3.0,1.031,-4.0,1.427,0.0,1.399,-2.0,-3.0,-2.559,0.465,1.569,-1.526,-0.539,4.68,-0.802,-5.0,0.966,-1.04,1.964,3.051,-6.0,7.419,-3.0,1.087,0.0,0.0,0.0,0.0,0.0,0.0,0.0,0.0,0.0,0.0
GoldS210,XAUUSDc,246,-0.32,-0.96,2,-0.0193,0.0,452,31.8584,1,9,0,0.01,1.7,1.5,0.0,1.0,15,1,-9.786,10,0,2,0,0.2,0.0,0.0,0.0,0.0,0.0,1.479,6.646,-4.0,-0.508,-1.502,-5.0,2.429,-0.507,-3.0,-0.504,-4.502,4.965,-1.999,-0.555,-3.0,-2.069,-1.22,3.54,-2.0,-1.554,2.421,-1.478,-3.0,-0.04,-1.511,-1.515,-4.0,-1.51,-1.511,-0.066,4.296,-5.0,-0.017,-0.58,2.469,-3.0,3.714,0.489,-1.0,-3.0,-3.0,-4.0,0.888,-3.15,-2.51,7.795,0.946,-1.609,-1.511,-1.0,-3.014,-1.51,1.933,1.291,1.439,5.516,-1.007,-3.0,3.442,-3.999,1.716,2.531,5.794,0.493,3.169,1.986,5.515,-0.525,3.467,9.399,-2.0,-2.0,-1.501,-2.503,-1.509,-1.529,1.994,2.752,0.944,-1.025,0.093,-1.0,-3.517,1.368,2.419,-4.0,-1.516,2.687,-1.552,-2.502,1.078,-2.0,5.298,-4.0,4.918,0.0,1.399,-2.0,0.794,3.107,0.465,-0.536,-1.526,-0.539,9.641,-3.519,-3.0,0.966,-0.041,-1.56,3.076,-1.227,4.418,-4.0,0.94,0.0,0.0,0.0,0.0,0.0,0.0,0.0,0.0,0.0,0.0
GoldS210,XAUUSDc,587,3.411,6.822,3,0.2024,63.25,484,31.405,1,11,0,0.01,1.9,1.5,0.0,0.0,15,1,2.507,0,0,2,0,0.6,0.0,0.0,0.0,0.0,0.0,1.479,1.434,-4.0,1.386,-4.0,-5.0,6.656,-1.507,-3.0,-0.504,-4.502,2.651,-3.0,-4.0,-4.0,0.363,-1.379,3.934,1.664,-1.455,-1.023,-0.478,1.543,-1.288,-2.511,-4.0,-4.0,-0.51,4.646,2.531,-0.397,-5.0,3.938,0.963,4.067,-1.513,2.318,-0.068,-2.0,1.65,-3.0,-4.0,6.403,5.684,-2.51,7.11,-1.503,-1.974,-1.511,-1.0,-2.879,-1.51,-2.353,-0.454,1.658,4.565,-3.501,-3.0,5.559,-4.0,2.451,-0.038,3.439,0.493,1.483,5.694,4.403,-0.396,3.467,5.478,-4.0,-4.0,-0.501,-2.503,2.317,0.365,2.731,4.191,1.985,-1.025,-0.523,-1.0,-2.517,3.447,2.789,-4.0,-1.123,-0.068,-2.505,-2.502,1.078,-2.0,1.221,-4.0,3.729,0.0,1.399,-2.0,-2.0,-2.559,0.465,-0.083,-1.526,-0.539,11.949,-2.053,-4.0,1.061,-0.04,1.289,2.443,-0.816,6.808,-3.0,2.092,0.0,0.0,0.0,0.0,0.0,0.0,0.0,0.0,0.0,0.0
GoldS210,XAUUSDc,467,-3.5717,-10.715,2,-0.2671,0.0,438,21.9178,1,11,0,0.01,1.9,2.0,0.0,1.0,15,1,-24.026,20,0,2,0,0.4,0.0,0.0,0.0,0.0,0.0,1.972,7.284,-4.0,-0.01,-1.003,-5.0,0.938,-0.009,-3.0,-0.005,-4.003,5.366,-1.999,0.924,-3.0,1.967,0.365,-2.025,-1.0,10.311,-0.015,-1.577,5.172,1.972,-3.0,-3.0,2.866,-1.014,3.663,3.047,-6.0,-6.0,-1.012,-0.083,0.971,-3.0,3.41,0.986,-1.0,-3.0,-3.0,-4.0,-0.066,-2.161,-2.014,15.374,-0.004,-6.0,-1.014,-1.0,0.414,-4.0,-0.032,3.135,2.789,0.913,-2.001,-4.0,-0.061,-3.999,-2.023,-4.0,8.082,0.991,2.725,0.985,-0.014,-3.0,7.68,-2.999,-2.0,-2.0,-1.002,-2.005,-4.0,3.947,-0.001,2.676,-0.009,8.612,-0.031,-1.0,-3.022,-5.999,6.789,-4.0,-1.022,-3.0,1.358,-5.0,-0.445,-2.0,-2.998,-2.032,3.911,0.0,-0.11,-2.0,1.484,-2.076,0.953,-0.049,-4.0,-2.0,16.942,-6.0,-3.0,1.955,-2.042,1.658,8.252,-4.0,6.441,-3.0,-1.009,0.0,0.0,0.0,0.0,0.0,0.0,0.0,0.0,0.0,0.0
GoldS210,XAUUSDc,205,-1.1807,-3.542,2,-0.1472,0.0,477,50.1048,1,7,0,0.01,1.5,1.0,0.0,1.0,15,1,-4.542,0,0,2,0,0.2,0.0,0.0,0.0,0.0,0.0,0.986,-1.008,-1.022,0.986,-0.015,-2.003,0.941,0.977,-1.047,-0.009,-4.001,-0.165,0.934,0.755,-3.0,-2.068,-1.071,1.979,-0.125,0.93,0.932,1.982,1.99,-2.012,-2.007,-0.059,-4.0,-0.049,-2.008,-0.061,2.89,1.99,0.968,-1.077,0.978,-3.0,0.935,-0.007,-1.0,-1.002,-0.001,-4.0,2.891,-1.147,-3.007,2.948,1.942,-2.016,-2.007,-1.0,-4.009,-2.007,2.922,-1.054,0.96,3.819,0.967,-3.0,1.955,-0.088,-1.026,0.962,4.953,0.99,-0.023,2.984,1.936,-0.016,3.977,-0.018,-1.103,-1.0,-1.001,-3.002,1.973,-1.059,1.985,-2.0,-0.046,-0.023,-1.015,-1.0,0.918,-1.034,0.946,-4.0,-2.011,1.926,-2.048,-2.017,3.922,-0.006,4.907,-2.004,1.965,0.0,-0.068,-2.0,0.941,-1.09,-0.023,-0.029,-0.019,0.973,3.924,-2.034,-2.007,-0.022,2.932,-2.055,-0.032,-0.097,1.965,-0.008,1.91,0.0,0.0,0.0,0.0,0.0,0.0,0.0,0.0,0.0,0.0
GoldS210,XAUUSDc,853,16.3742,19.649,5,0.7406,54.04,409,19.8044,1,7,0,0.01,1.5,2.5,0.0,1.0,15,1,9.031,30,0,2,0,0.8,0.0,0.0,0.0,0.0,0.0,-1.0,6.538,-4.0,-3.0,-0.504,-4.0,-0.501,0.488,-3.0,0.494,-2.503,-2.0,-1.999,2.128,-3.0,-2.0,7.63,-4.0,-1.0,6.03,0.481,-4.0,2.115,3.641,-3.0,-4.0,-4.0,0.483,3.21,-0.513,1.812,-0.376,1.144,0.413,-1.524,-3.0,10.188,1.482,-1.0,-3.0,-3.0,-4.0,9.368,0.038,-5.0,15.857,-3.0,-6.0,-4.0,-1.0,2.75,-3.999,1.461,5.964,5.458,6.671,-1.501,-3.0,-2.0,-5.0,-0.529,-4.0,3.646,0.546,10.404,3.791,-2.0,-3.0,8.288,-3.0,0.0,-3.0,-0.502,-1.506,-4.0,-3.0,1.465,10.28,-3.0,0.471,2.302,-1.0,-2.528,1.049,12.876,-4.0,-0.527,-0.526,2.042,-5.0,0.576,-2.0,-3.0,-1.536,2.896,0.0,0.852,-2.0,2.191,-1.593,2.683,0.439,6.813,-2.0,6.48,-6.0,-3.0,7.616,2.63,-4.0,-3.0,2.407,-0.504,-3.0,2.233,0.0,0.0,0.0,0.0,0.0,0.0,0.0,0.0,0.0,0.0
GoldS210,XAUUSDc,492,-2.7885,-5.577,3,-0.0843,0.0,436,13.9908,1,5,0,0.01,1.5,2.5,0.0,1.0,15,1,-40.269,23,0,2,0,0.4,0.0,0.0,0.0,0.0,0.0,-1.0,20.158,-4.0,-3.0,-0.504,-4.0,-0.501,0.488,-3.0,1.787,-3.503,-2.0,-2.0,4.255,-3.0,-3.0,2.791,-5.0,-1.0,30.692,-0.519,-4.0,-3.0,11.613,-3.0,-4.0,-4.0,-0.517,-4.0,-1.513,-7.0,-5.0,0.08,0.413,-1.523,-3.0,-3.0,1.482,-1.0,-3.0,-3.0,-4.0,6.142,5.515,-5.0,-1.199,-4.0,-6.0,-4.0,-1.0,-4.51,-4.0,1.461,-3.0,10.058,8.636,-2.501,-3.0,-2.0,-4.999,-0.529,-4.0,13.264,7.72,11.164,4.926,7.452,-3.0,0.472,-3.0,-2.0,-2.0,-0.502,-1.506,-4.0,-3.0,3.017,13.792,-3.0,3.732,2.302,-1.0,-2.528,-5.0,19.734,-4.0,-0.527,-0.526,6.368,-4.999,2.605,-2.0,-2.999,-1.536,-4.0,0.0,0.852,-2.0,2.191,-1.593,2.683,-0.561,-4.0,-2.0,-5.0,-6.0,-3.0,14.15,-5.0,-4.0,-4.0,-5.0,-0.504,-3.999,10.526,0.0,0.0,0.0,0.0,0.0,0.0,0.0,0.0,0.0,0.0
GoldS210,XAUUSDc,117,-12.001,-24.002,3,-0.256,0.0,492,11.9919,1,7,0,0.01,1.9,2.5,0.0,0.0,15,1,-49.636,22,0,2,0,0.0,0.0,0.0,0.0,0.0,0.0,-1.0,11.329,-3.999,-4.0,-3.0,-6.0,-1.501,-0.512,-2.0,0.494,-3.503,-3.0,-5.0,-4.0,-4.0,8.844,2.791,-5.0,-0.94,1.262,-1.519,-1.193,-4.0,19.612,-4.999,-4.0,-4.0,0.483,12.42,-2.513,3.698,-7.0,3.434,-3.0,-1.524,3.994,-2.999,-5.999,-2.0,-2.999,-4.0,-3.0,-0.35,-8.0,-5.0,-3.501,-4.0,-6.0,-4.0,-1.0,-4.189,-4.0,1.418,9.445,2.788,10.402,-3.501,-3.0,13.739,10.367,3.973,-4.0,20.634,1.546,20.178,3.963,-3.0,-3.999,19.025,-4.0,-3.0,-4.0,0.498,-1.506,-4.999,-4.0,-2.999,-3.999,-3.0,4.984,2.302,-1.0,-6.0,-5.0,3.008,-4.0,-0.406,-1.525,-1.508,-5.0,-5.0,-3.0,-6.0,-4.0,-5.0,0.0,0.852,-2.0,-2.0,-1.593,2.683,-2.56,-4.0,-2.0,-4.0,-6.0,-4.0,10.437,18.14,-3.0,-3.0,10.614,3.807,-4.0,9.669,0.0,0.0,0.0,0.0,0.0,0.0,0.0,0.0,0.0,0.0
GoldS210,XAUUSDc,525,8.927,17.854,3,0.2996,316.85,467,9.4218,1,7,0,0.01,1.9,3.0,0.0,0.5,15,1,-38.717,25,0,2,0,0.4,0.0,0.0,0.0,0.0,0.0,-1.0,20.778,-4.0,-4.0,-3.0,-5.0,-0.001,0.986,-3.0,-3.0,-3.004,-3.0,-5.0,-4.0,-3.0,-3.0,4.584,-5.0,-6.0,7.568,-5.0,-5.0,16.722,22.199,-5.0,-4.0,-4.0,-2.999,13.373,-1.016,-4.0,-5.0,17.888,-3.0,-1.029,-3.0,-3.0,-4.0,-3.0,-2.999,-4.0,-3.0,-4.0,7.937,-5.0,-6.0,-5.0,-6.0,-4.0,-1.0,14.417,-4.0,3.724,-4.0,1.938,13.303,-0.239,-3.0,-1.999,-5.0,-5.0,-4.0,-5.999,2.066,52.571,6.71,-3.0,-3.0,15.697,-3.0,-4.0,-3.999,0.997,-1.007,-4.0,-3.0,-3.0,30.46,-3.0,6.194,3.407,-1.0,-6.0,-4.999,5.492,-4.0,0.329,-5.0,7.693,-5.0,13.131,-3.0,-4.999,-4.0,-5.0,0.0,4.816,-2.0,-3.0,-4.0,13.335,-2.073,-4.0,-2.0,-4.0,-6.0,-5.0,-4.0,-6.0,-3.0,-3.0,-6.0,4.868,-3.0,18.033,0.0,0.0,0.0,0.0,0.0,0.0,0.0,0.0,0.0,0.0
GoldS210,XAUUSDc,350,49.1195,98.239,3,1.7672,82.79,425,11.7647,1,9,0,0.01,1.5,3.0,0.0,1.0,15,1,16.903,21,0,2,0,0.2,0.0,0.0,0.0,0.0,0.0,-1.0,48.515,-4.0,-3.0,-4.0,-5.0,-0.001,0.986,-3.0,-3.0,-3.004,-2.0,-1.999,7.585,-3.0,-5.0,3.076,-5.0,-2.0,-0.067,-2.999,-5.0,-3.0,22.978,-3.0,-4.0,-4.0,-4.0,11.782,-0.016,-4.0,-6.0,5.558,0.91,-1.029,-3.0,15.838,1.979,-1.0,-3.0,-3.0,-4.0,-3.0,-2.153,-4.999,-5.0,-4.0,-6.0,-4.0,-1.0,8.789,-4.0,1.953,-3.0,21.144,13.178,-2.001,-3.0,-1.999,-4.999,-4.0,-4.0,-5.998,2.066,34.849,5.92,-2.999,-3.0,79.337,-2.999,-2.0,-2.0,-0.003,-1.007,-4.0,-4.0,-3.0,-4.0,-2.999,2.914,3.407,-1.0,-1.033,-6.0,3.865,-4.0,-0.033,-3.0,17.176,-5.0,4.97,-2.0,-2.999,-1.04,2.724,0.0,3.42,-2.0,2.897,-4.0,8.04,0.927,-4.0,-2.0,13.741,-6.0,-3.0,-4.0,-5.0,-4.0,-3.0,-4.999,-0.005,-4.0,11.095,0.0,0.0,0.0,0.0,0.0,0.0,0.0,0.0,0.0,0.0
GoldS210,XAUUSDc,489,-6.043,-36.258,1,-0.4584,0.0,474,12.6582,1,7,0,0.01,1.9,2.5,0.0,0.5,15,1,-60.964,26,0,2,0,0.4,0.0,0.0,0.0,0.0,0.0,-1.0,12.935,-4.0,-4.0,-3.0,-5.0,-0.501,0.488,-3.0,0.494,-3.503,-3.0,-5.0,-4.0,-3.0,-3.0,2.791,-5.0,-6.0,5.315,-1.519,-1.193,-3.0,11.779,-5.0,-4.0,-4.0,0.483,8.68,-1.513,3.698,3.094,4.434,-3.0,-1.524,-3.0,-3.0,-4.0,-3.0,-2.999,-4.0,-3.0,5.368,3.809,-5.0,-3.501,-4.0,-6.0,-4.0,-1.0,7.345,-4.0,2.418,-4.0,1.442,10.057,-2.501,-3.0,-1.999,-5.0,-1.529,-4.0,16.682,1.546,15.859,4.926,-3.0,-3.0,12.394,-3.0,-4.0,-3.999,0.498,-1.506,-4.0,-3.0,2.818,21.706,-3.0,3.585,2.302,-1.0,-6.0,-4.999,16.568,-4.0,-0.406,-1.526,4.546,-5.0,4.215,-3.0,-4.999,-4.0,-5.0,0.0,0.852,-2.0,-3.0,-1.593,2.683,-2.561,-4.0,-2.0,-4.0,-6.0,-5.0,13.351,-6.0,-3.0,-3.0,3.025,3.537,-3.0,11.89,0.0,0.0,0.0,0.0,0.0,0.0,0.0,0.0,0.0,0.0
GoldS210,XAUUSDc,169,21.4595,42.919,3,0.7743,122.37,431,10.9049,1,7,0,0.01,1.5,3.0,0.0,1.0,15,1,-9.603,20,0,2,0,0.0,0.0,0.0,0.0,0.0,0.0,-1.0,-1.016,-4.0,-3.0,-4.0,-4.0,-0.001,0.986,-3.0,-3.0,-3.004,-2.0,-1.999,7.585,-3.0,-5.0,4.584,-5.0,-2.0,-0.067,-3.0,-5.0,-4.0,33.903,-3.0,-4.0,-4.0,-3.999,21.275,-1.016,-4.0,-6.0,17.459,0.91,-1.029,-3.0,20.646,1.979,-1.0,-3.0,-3.0,-4.0,-3.0,12.279,-5.0,-6.0,-4.0,-6.0,-4.0,-1.0,-4.011,-4.0,1.953,-3.0,27.266,13.178,-0.239,-3.0,-1.999,-4.999,-4.0,-4.0,-6.0,2.066,48.522,6.71,-3.0,-3.0,26.099,-3.0,-3.0,-2.0,-0.003,-1.007,-3.999,-4.0,-2.999,-4.0,-3.0,6.698,3.407,-1.0,-1.033,-5.0,9.369,-4.0,-0.033,-4.0,14.267,-5.0,-5.0,-2.0,-3.0,-1.04,-3.999,0.0,4.816,-2.0,2.897,-4.0,13.335,-0.073,-4.0,-2.0,-4.0,-5.999,-0.027,-4.0,-5.0,-4.0,-3.0,-4.998,-0.005,-4.0,18.324,0.0,0.0,0.0,0.0,0.0,0.0,0.0,0.0,0.0,0.0
GoldS210,XAUUSDc,883,-8.0363,-24.109,2,-0.4715,0.0,425,14.3529,1,11,0,0.01,1.7,3.0,0.0,0.5,15,1,-38.576,34,0,2,0,0.8,0.0,0.0,0.0,0.0,0.0,-1.0,10.607,-4.0,-3.0,-4.0,-5.0,-0.001,0.986,-3.0,-3.0,-2.004,8.238,-1.999,-4.0,-3.0,-2.0,2.57,-4.0,-5.0,2.673,1.917,-5.0,5.144,9.351,-4.0,-4.0,-4.0,-2.0,5.428,-0.016,6.542,-6.0,2.29,3.2,-1.029,-3.0,9.476,2.684,-2.0,-2.0,-3.0,-4.0,2.906,-3.153,-5.0,4.631,-5.0,-6.0,-4.0,-1.0,5.228,-4.0,3.272,6.691,0.938,1.829,-1.001,-3.0,-2.0,-4.0,-4.0,-4.0,-4.0,1.078,10.467,4.305,5.273,-2.0,7.022,-3.0,0.0,-5.0,0.997,-1.007,-4.0,-3.0,4.129,5.124,-3.0,2.046,0.954,-1.0,-0.032,-5.0,6.339,-4.0,0.805,-5.0,3.036,-5.0,4.529,-2.0,-3.999,0.633,6.232,0.0,4.844,-2.0,-2.0,-4.0,8.04,4.084,9.089,-2.0,10.904,-6.0,-4.0,-4.0,-4.0,-4.0,-3.0,-5.0,2.566,-4.0,3.035,0.0,0.0,0.0,0.0,0.0,0.0,0.0,0.0,0.0,0.0
GoldS210,XAUUSDc,342,1.3947,8.368,1,0.0787,971.99,472,9.322,1,9,0,0.01,1.7,3.0,0.0,0.5,15,1,-72.968,21,0,2,0,0.2,0.0,0.0,0.0,0.0,0.0,-1.0,47.518,-4.0,-4.0,-3.0,-6.0,-1.001,0.986,-4.0,-3.0,-3.004,-3.0,-5.0,-4.0,-3.0,-4.0,3.076,-5.0,-5.0,11.479,-4.999,-5.0,-3.0,22.978,-4.0,-4.0,-4.0,-5.0,11.782,-1.016,-4.0,-7.0,5.558,-3.0,-1.028,-3.0,-3.0,-3.999,-2.0,-2.999,-4.0,-3.0,-5.999,-3.153,-4.999,-5.0,-5.0,-6.0,-4.0,-1.0,8.789,-4.0,3.724,6.292,1.938,14.044,-2.001,-3.0,-1.999,-5.0,-5.0,-4.0,-5.998,2.066,45.896,5.92,-2.999,-2.999,79.337,-2.999,-4.0,-4.0,0.997,-1.007,-4.0,-4.0,-3.0,-4.0,-2.999,2.914,3.407,-1.0,4.066,-6.0,-1.012,-4.0,0.805,-6.0,-1.01,-5.0,4.97,-2.0,-3.999,1.954,0.037,0.0,3.42,-2.0,-3.0,-4.0,8.04,10.006,-4.0,-2.0,-3.999,-6.0,-5.0,-4.0,-6.0,-3.0,-3.0,-5.999,4.386,-4.0,6.2,0.0,0.0,0.0,0.0,0.0,0.0,0.0,0.0,0.0,0.0
GoldS210,XAUUSDc,356,-10.6483,-63.89,1,-0.742,0.0,437,9.8398,1,5,0,0.01,1.9,3.0,0.0,1.0,15,1,-107.911,17,0,2,0,0.2,0.0,0.0,0.0,0.0,0.0,-1.0,-1.016,-4.0,-3.0,-4.0,-4.0,-0.001,0.986,-3.0,-3.0,-3.003,-2.0,-2.0,7.586,-3.0,-5.0,4.584,-4.999,-2.0,4.732,-4.0,-4.0,-4.0,42.021,-3.0,-4.0,-4.0,-3.999,-4.0,-1.016,-7.0,-5.0,8.525,0.91,-1.028,-3.0,-3.0,1.979,-1.0,-3.0,-3.0,-4.0,-4.0,14.954,-5.0,-7.0,-4.0,-6.0,-4.0,-1.0,-4.011,-4.0,1.953,-3.0,23.255,-0.037,-0.646,-3.0,-2.0,-4.999,-4.0,-4.0,-5.999,19.488,-6.0,6.71,15.755,-3.0,-2.999,-3.0,-2.0,-2.0,-0.003,-1.007,-4.0,-4.0,-3.0,-4.0,-3.0,7.055,3.407,-1.0,-1.033,-5.0,8.812,-4.0,-0.033,-4.0,12.109,-4.999,-5.0,-2.0,-2.998,-1.04,-4.0,0.0,4.002,-2.0,2.897,-4.0,22.034,-0.073,-4.0,-2.0,-5.0,-6.0,-0.027,-3.999,-5.0,-4.0,-4.0,-4.999,-0.005,-4.0,18.325,0.0,0.0,0.0,0.0,0.0,0.0,0.0,0.0,0.0,0.0
GoldS210,XAUUSDc,185,-2.7623,-8.287,2,-0.1779,0.0,523,39.3881,1,7,0,0.01,1.7,1.0,0.0,0.0,15,1,-16.768,2,0,2,0,0.2,0.0,0.0,0.0,0.0,0.0,0.986,-2.006,0.069,-2.009,-3.0,1.048,7.956,2.047,-0.047,2.498,-4.001,-3.0,-5.0,-4.0,-3.007,-4.002,-3.005,4.646,-3.02,1.286,-0.025,1.214,0.315,-2.012,-5.0,-4.0,-4.0,2.222,-4.008,-2.006,8.422,1.351,0.968,-3.0,4.324,-2.009,-1.01,-2.007,-2.0,0.996,-0.828,-3.0,-2.952,4.856,-3.007,8.245,-0.009,-2.016,-2.007,-1.0,-3.967,-2.007,-1.52,-1.997,0.449,7.083,-2.004,-3.0,5.251,1.472,0.681,1.218,2.978,-1.004,2.253,4.594,4.916,0.147,7.556,-0.018,-2.006,-4.0,-1.001,-3.002,0.973,-4.0,3.809,0.628,0.864,2.801,-1.015,-1.0,1.751,-3.014,6.477,-4.0,-2.613,2.017,-3.003,-2.017,3.922,-3.0,0.798,-2.004,1.294,0.0,-0.068,-2.0,1.911,-3.042,-0.023,3.392,-0.019,0.973,1.927,-2.353,-4.0,0.038,3.313,0.51,3.526,-2.494,1.625,-0.008,4.309,0.0,0.0,0.0,0.0,0.0,0.0,0.0,0.0,0.0,0.0
GoldS210,XAUUSDc,702,-8.0653,-24.196,2,-0.3204,0.0,443,11.7381,1,9,0,0.01,1.7,3.0,0.0,0.5,15,1,-47.853,29,0,2,0,0.6,0.0,0.0,0.0,0.0,0.0,-1.0,16.048,-4.0,-3.0,-4.0,-5.0,-0.001,0.986,-4.0,-3.0,-3.004,-2.0,-2.999,-4.0,-3.0,-3.0,2.969,-4.0,-5.0,4.296,-5.0,-5.0,5.868,13.13,-3.999,-4.0,-4.0,-3.0,8.711,-0.016,-4.0,-6.0,3.315,-3.0,-1.029,-3.0,-3.0,6.195,-2.0,-3.0,-3.0,-4.0,4.499,-3.153,-5.0,7.732,-5.0,-6.0,-4.0,-1.0,8.789,-4.0,3.724,6.292,1.938,9.366,-1.001,-3.0,-2.0,-5.0,-5.0,-4.0,-3.999,1.066,17.982,5.343,-3.0,-2.0,21.657,-3.0,0.0,-5.0,0.997,-1.007,-4.0,-3.0,5.814,11.45,-3.0,2.672,3.407,-1.0,3.366,-5.0,7.475,-4.0,0.805,-6.0,-1.01,-5.0,4.97,-2.0,-4.0,1.954,0.037,0.0,3.42,-2.0,-2.0,-4.0,8.04,7.115,-4.0,-2.0,16.596,-6.0,-4.0,-4.0,-6.0,-3.0,-3.0,-5.0,3.746,-3.0,4.252,0.0,0.0,0.0,0.0,0.0,0.0,0.0,0.0,0.0,0.0
GoldS210,XAUUSDc,733,-4.6937,-14.081,2,-0.3477,0.0,502,46.0159,1,7,0,0.01,1.5,1.0,0.0,0.5,15,1,-15.812,0,0,2,0,0.8,0.0,0.0,0.0,0.0,0.0,0.986,-0.472,-0.646,0.986,-1.566,-1.671,1.434,1.538,-1.047,-0.009,-4.001,0.167,-0.303,-4.0,-3.0,-1.39,-0.641,2.271,-1.174,1.148,-0.025,0.129,2.314,-2.012,-5.0,-1.592,-4.0,0.428,-2.008,1.682,3.297,3.422,0.968,-3.0,1.586,-3.0,-1.01,-1.007,-2.0,0.996,0.172,-4.0,3.096,0.29,-3.007,4.139,-0.009,-2.016,-2.007,-1.0,-4.009,-2.007,-1.635,-3.0,-1.009,4.036,1.333,-3.0,2.235,0.891,-0.026,0.962,5.31,-1.004,0.528,2.984,2.929,0.399,4.593,-0.018,-0.532,-4.0,-1.001,-3.002,1.973,-0.441,2.804,-2.0,-0.046,-0.023,-1.015,-1.0,1.271,-1.034,1.733,-4.0,-1.644,4.108,-2.048,-2.017,3.922,0.418,3.613,-2.004,2.302,0.0,-0.068,-2.0,1.359,-3.042,-0.023,2.348,-0.019,0.973,4.328,-1.59,-4.0,-0.022,1.932,-0.354,-0.032,-0.114,2.646,-0.008,2.34,0.0,0.0,0.0,0.0,0.0,0.0,0.0,0.0,0.0,0.0
GoldS210,XAUUSDc,380,-2.6605,-5.321,3,-0.18,0.0,515,42.1359,1,5,0,0.01,1.9,1.0,0.0,0.5,15,1,-9.545,0,0,2,0,0.4,0.0,0.0,0.0,0.0,0.0,0.986,-2.007,0.168,-0.014,-3.0,-0.505,2.248,2.554,-1.047,-0.009,-4.001,-3.0,-5.0,-4.0,-3.0,0.808,-0.6,5.094,-3.02,2.959,0.637,1.839,2.314,-2.012,-5.0,-4.0,-4.0,1.035,-3.008,2.426,4.629,6.332,1.615,-0.048,2.86,-3.0,-1.01,-1.007,-2.0,0.996,-0.858,-3.0,2.548,1.413,-3.007,7.992,-0.009,-2.016,-2.007,-1.0,-4.009,-2.007,-0.52,-4.0,-0.009,5.393,2.289,-3.0,3.343,2.577,-0.026,0.962,3.549,-1.004,-2.012,2.984,5.065,1.575,3.366,1.471,-2.006,-4.0,-1.001,-3.002,1.973,-1.688,5.079,-2.0,-0.046,-0.023,-1.015,-1.0,1.751,0.982,-0.126,-4.0,-1.766,3.211,-3.003,-2.017,3.922,-3.0,6.032,-2.004,-1.029,0.0,-0.068,-2.0,-1.037,-3.042,-0.023,3.814,-0.019,0.973,1.927,0.728,-5.0,-0.022,3.298,-0.101,1.006,-0.534,-0.033,0.886,2.447,0.0,0.0,0.0,0.0,0.0,0.0,0.0,0.0,0.0,0.0
GoldS210,XAUUSDc,486,-9.4037,-28.211,2,-0.3721,0.0,465,13.3333,1,9,0,0.01,1.7,2.5,0.0,0.5,15,1,-57.773,23,0,2,0,0.4,0.0,0.0,0.0,0.0,0.0,-1.0,16.447,-4.0,-4.0,-3.0,-5.0,-0.501,0.489,-4.0,0.494,-3.503,-3.0,-5.0,-4.0,-3.0,-3.0,1.644,-5.0,-5.0,5.315,-1.519,-5.0,-3.0,10.297,0.533,-4.0,-4.0,0.483,7.521,-0.513,3.668,-6.0,-0.514,-3.0,-1.524,-3.0,-3.0,5.724,-2.0,-2.999,-4.0,-3.0,1.252,-3.647,-4.999,28.061,-4.0,-6.0,-4.0,-1.0,3.532,-4.0,2.418,3.838,1.442,9.333,-2.501,-3.0,-1.999,-5.0,-1.529,-4.0,11.182,0.546,15.491,2.901,-3.0,-2.0,20.621,-2.999,-4.0,-3.999,0.498,-1.506,-4.0,-3.0,3.451,16.61,-3.0,1.004,2.302,-1.0,1.398,-6.0,11.55,-4.0,0.163,-2.526,-1.508,-5.0,0.471,-2.0,-3.999,0.896,-0.649,0.0,0.852,-2.0,-3.0,-1.593,1.441,6.368,-4.0,-2.0,-4.0,-5.999,-5.0,-0.536,-6.0,-3.0,-3.0,9.642,3.121,-3.0,1.852,0.0,0.0,0.0,0.0,0.0,0.0,0.0,0.0,0.0,0.0
GoldS210,XAUUSDc,753,-1.1807,-3.542,2,-0.1472,0.0,477,50.1048,1,7,0,0.01,1.9,1.0,0.0,1.0,15,1,-4.542,0,0,2,0,0.8,0.0,0.0,0.0,0.0,0.0,0.986,-1.008,-1.022,0.986,-0.015,-2.003,0.941,0.977,-1.047,-0.009,-4.001,-0.165,0.934,0.755,-3.0,-2.068,-1.071,1.979,-0.125,0.93,0.932,1.982,1.99,-2.012,-2.007,-0.059,-4.0,-0.049,-2.008,-0.061,2.89,1.99,0.968,-1.077,0.978,-3.0,0.935,-0.007,-1.0,-1.002,-0.001,-4.0,2.891,-1.147,-3.007,2.948,1.942,-2.016,-2.007,-1.0,-4.009,-2.007,2.922,-1.054,0.96,3.819,0.967,-3.0,1.955,-0.088,-1.026,0.962,4.953,0.99,-0.023,2.984,1.936,-0.016,3.977,-0.018,-1.103,-1.0,-1.001,-3.002,1.973,-1.059,1.985,-2.0,-0.046,-0.023,-1.015,-1.0,0.918,-1.034,0.946,-4.0,-2.011,1.926,-2.048,-2.017,3.922,-0.006,4.907,-2.004,1.965,0.0,-0.068,-2.0,0.941,-1.09,-0.023,-0.029,-0.019,0.973,3.924,-2.034,-2.007,-0.022,2.932,-2.055,-0.032,-0.097,1.965,-0.008,1.91,0.0,0.0,0.0,0.0,0.0,0.0,0.0,0.0,0.0,0.0
GoldS210,XAUUSDc,717,46.0292,55.235,5,1.578,41.87,414,13.285,1,7,0,0.01,1.9,3.0,0.0,1.0,15,1,32.107,31,0,2,0,0.6,0.0,0.0,0.0,0.0,0.0,-1.0,15.518,-4.0,-3.0,-4.0,-4.0,-0.001,0.986,-3.0,-3.0,-3.004,-2.0,-2.0,5.242,-3.0,-3.0,4.058,-4.0,-1.0,20.128,-3.0,-4.0,4.683,13.351,-3.0,-4.0,-4.0,-3.0,7.976,-1.016,-4.0,-5.0,3.704,0.91,-1.029,-3.0,12.718,1.979,-1.0,-3.0,-3.0,-4.0,4.732,3.014,-5.0,4.586,-4.0,-6.0,-4.0,-1.0,10.063,-4.0,1.953,13.999,11.77,10.229,0.761,-3.0,-2.0,-5.0,-4.0,-4.0,-3.999,1.066,17.048,6.66,-3.0,-3.0,12.375,-3.0,0.0,-3.0,-0.003,-1.007,-4.0,-3.0,5.404,9.574,-3.0,4.538,3.407,-1.0,-1.033,-4.0,9.369,-4.0,-0.033,-4.0,5.9,-5.0,9.739,-2.0,-3.0,-1.04,-4.0,0.0,4.816,-2.0,2.897,-4.0,12.696,-0.073,-4.0,-2.0,19.746,-6.0,-3.0,-4.0,-4.999,-4.0,-3.0,-3.999,-0.005,-3.0,5.881,0.0,0.0,0.0,0.0,0.0,0.0,0.0,0.0,0.0,0.0
GoldS210,XAUUSDc,100,-14.688,-88.128,1,-0.8561,0.0,450,18.0,1,5,0,0.01,1.7,2.0,0.0,1.0,15,1,-104.032,15,0,2,0,0.0,0.0,0.0,0.0,0.0,0.0,1.972,-2.01,-4.0,-0.01,-1.003,-4.0,0.938,-0.009,-3.0,0.893,-4.003,-2.0,-2.0,0.924,-3.0,2.792,0.997,-2.025,-2.0,0.496,-1.015,-4.0,-4.0,12.904,-3.0,-4.0,-4.0,-1.014,-4.0,-2.011,-7.0,-5.0,-0.943,-0.083,0.97,-3.0,-3.0,0.986,-1.0,-3.0,-3.0,-4.0,1.366,3.119,-2.014,0.481,-1.004,-6.0,-1.014,-1.0,-5.008,-4.0,-0.032,3.135,7.732,6.501,-3.001,-3.0,-0.062,-3.999,-2.023,-4.0,16.943,0.991,-6.0,3.14,4.412,-3.0,-0.023,-3.0,-3.0,-2.0,-1.002,-2.005,-4.0,-4.0,-0.001,-4.0,-0.009,1.243,1.197,-1.0,-3.022,-5.0,11.335,-4.0,-1.022,-1.021,3.26,-4.999,-2.063,-2.0,-2.998,-2.032,2.58,0.0,-0.11,-2.0,1.484,-2.076,0.953,-1.049,-4.0,-2.0,13.797,-6.0,-1.018,13.118,-2.042,-4.0,-1.042,-4.999,7.108,-4.0,1.921,0.0,0.0,0.0,0.0,0.0,0.0,0.0,0.0,0.0,0.0
GoldS210,XAUUSDc,82,-5.5655,-11.131,3,-0.1158,0.0,493,17.0385,1,9,0,0.01,1.9,2.0,0.0,0.0,15,1,-50.171,20,0,2,0,0.0,0.0,0.0,0.0,0.0,0.0,1.972,16.711,-4.0,-4.0,-3.0,-6.0,5.946,-1.01,-3.0,-0.005,-4.003,-3.0,0.545,-4.0,-4.0,0.712,0.211,-2.025,-5.0,-0.886,-2.015,1.403,-4.0,3.504,-0.332,-4.0,-4.0,-2.014,1.262,-1.011,-5.0,-7.0,-2.012,-3.0,0.971,1.5,-3.0,-3.999,-2.0,-2.999,-4.0,-3.0,-2.843,-6.02,-2.014,42.736,-1.004,-6.0,-1.014,-1.0,0.642,-3.999,-1.428,0.91,2.371,14.762,-4.001,-3.0,2.711,-4.0,1.547,-4.0,3.576,0.991,8.022,0.985,-0.014,-3.999,13.008,-3.999,-3.0,-4.0,-0.002,-2.005,-5.0,-4.0,-0.001,6.073,-0.009,13.402,1.197,-1.0,-0.269,-6.0,-2.008,-4.0,-0.48,3.203,-2.006,-5.0,-0.507,-2.0,-4.999,-0.162,4.981,0.0,-0.11,-2.0,-2.0,-2.076,0.953,5.997,-4.0,-2.0,28.594,-6.0,-4.0,2.086,-5.0,6.495,15.368,-6.0,4.812,-4.0,-2.01,0.0,0.0,0.0,0.0,0.0,0.0,0.0,0.0,0.0,0.0
GoldS210,XAUUSDc,860,-4.5503,-13.651,2,-0.3355,0.0,415,18.0723,1,5,0,0.01,1.9,2.5,0.0,1.0,15,1,-24.088,25,0,2,0,0.8,0.0,0.0,0.0,0.0,0.0,-1.0,6.997,-4.0,-3.0,-0.504,-4.0,-0.501,0.488,-3.0,1.787,-2.503,-2.0,-2.0,2.128,-3.0,-3.0,0.817,-4.0,-1.0,6.218,-0.519,-3.0,3.3,3.369,2.894,-4.0,-4.0,0.483,-4.0,-0.513,2.31,-6.0,0.08,0.413,-1.523,-3.0,4.118,1.482,-1.0,-3.0,-3.0,-4.0,9.88,0.741,-5.0,16.668,-4.0,-6.0,-4.0,-1.0,3.422,-3.999,1.461,5.964,5.458,5.836,-1.501,-3.0,-1.999,-5.0,-0.529,-4.0,5.495,2.896,10.626,3.791,5.447,-3.0,7.343,-3.0,0.0,-3.0,-0.502,-1.506,-4.0,-3.0,1.521,3.547,-3.0,0.72,2.302,-1.0,-2.528,0.992,13.964,-4.0,-0.527,-0.526,1.97,-5.0,0.033,-2.0,-3.0,-1.536,-4.0,0.0,0.852,-2.0,2.191,-1.593,2.683,0.439,1.736,-2.0,6.35,-6.0,-3.0,8.098,2.119,-4.0,-3.999,-4.0,-0.504,-3.0,1.232,0.0,0.0,0.0,0.0,0.0,0.0,0.0,0.0,0.0,0.0
GoldS210,XAUUSDc,790,-1.5985,-3.197,3,-0.0994,0.0,445,35.9551,1,9,0,0.01,1.9,1.5,0.0,1.0,15,1,-6.463,0,0,2,0,0.8,0.0,0.0,0.0,0.0,0.0,1.479,1.098,-4.0,-0.508,-1.502,-1.568,2.429,-0.507,-3.0,-0.504,-3.502,1.15,-1.999,-0.555,-3.0,-1.673,-1.591,3.979,1.29,-1.554,2.421,-0.478,0.263,-1.738,-1.511,-1.515,-4.0,-0.51,1.266,-0.066,2.134,-5.0,3.356,-0.58,2.469,-3.0,2.69,0.489,-1.0,0.756,-2.999,-4.0,3.905,0.463,-2.51,4.652,0.946,-2.558,-1.511,-1.0,-3.014,-1.51,1.933,0.301,1.439,3.244,-2.501,-3.0,3.442,-4.0,0.796,0.863,1.151,0.493,0.392,5.508,2.664,-0.525,5.084,4.295,0.0,-3.0,-1.501,-2.503,2.066,-1.529,1.994,1.487,0.944,-1.025,0.093,-1.0,-3.517,3.709,2.419,-4.0,-1.516,2.687,-1.552,-2.502,0.436,-2.0,5.503,-4.0,4.068,0.0,1.399,-2.0,0.794,0.726,0.465,-0.536,1.819,-0.539,9.406,-3.519,-3.0,0.966,-0.041,-1.56,1.718,-1.964,4.337,-3.0,0.72,0.0,0.0,0.0,0.0,0.0,0.0,0.0,0.0,0.0,0.0
GoldS210,XAUUSDc,581,0.4437,1.331,2,0.032,386.7,492,29.065,1,7,0,0.01,1.7,1.5,0.0,0.0,15,1,-3.816,1,0,2,0,0.6,0.0,0.0,0.0,0.0,0.0,1.479,-0.001,-3.999,1.443,-3.999,-5.0,6.831,-1.506,-2.0,-0.504,-4.501,3.499,-2.999,-4.0,-4.0,-3.88,-0.948,3.711,2.297,-1.708,-1.023,-1.942,0.324,-1.129,-5.0,-4.0,-4.0,-0.51,4.636,4.635,6.405,-4.999,5.909,-3.0,4.949,0.026,-0.515,-4.0,-3.0,1.451,-3.0,-4.0,6.347,6.595,-2.51,5.306,-1.503,-6.0,-1.511,-1.0,-2.879,-0.134,-3.524,-0.425,1.247,6.018,-3.501,-3.0,7.824,-4.0,2.671,1.424,3.504,0.493,2.639,3.91,4.628,-0.396,3.467,6.528,-4.0,-3.999,-0.501,-2.503,3.257,0.414,-0.501,4.775,1.985,1.01,0.093,-1.0,-6.0,4.306,6.185,-4.0,-0.877,0.614,-2.505,-2.502,1.078,-2.0,-1.653,-4.0,0.895,0.0,1.399,-2.0,-2.0,-2.559,0.465,0.394,-1.526,-0.539,12.914,-2.053,-4.0,1.061,1.089,1.289,2.91,-0.387,6.561,-3.0,2.092,0.0,0.0,0.0,0.0,0.0,0.0,0.0,0.0,0.0,0.0
GoldS210,XAUUSDc,173,21.4595,42.919,3,0.7743,122.37,431,10.9049,1,7,0,0.01,1.7,3.0,0.0,1.0,15,1,-9.603,20,0,2,0,0.0,0.0,0.0,0.0,0.0,0.0,-1.0,-1.016,-4.0,-3.0,-4.0,-4.0,-0.001,0.986,-3.0,-3.0,-3.004,-2.0,-1.999,7.585,-3.0,-5.0,4.584,-5.0,-2.0,-0.067,-3.0,-5.0,-4.0,33.903,-3.0,-4.0,-4.0,-3.999,21.275,-1.016,-4.0,-6.0,17.459,0.91,-1.029,-3.0,20.646,1.979,-1.0,-3.0,-3.0,-4.0,-3.0,12.279,-5.0,-6.0,-4.0,-6.0,-4.0,-1.0,-4.011,-4.0,1.953,-3.0,27.266,13.178,-0.239,-3.0,-1.999,-4.999,-4.0,-4.0,-6.0,2.066,48.522,6.71,-3.0,-3.0,26.099,-3.0,-3.0,-2.0,-0.003,-1.007,-3.999,-4.0,-2.999,-4.0,-3.0,6.698,3.407,-1.0,-1.033,-5.0,9.369,-4.0,-0.033,-4.0,14.267,-5.0,-5.0,-2.0,-3.0,-1.04,-3.999,0.0,4.816,-2.0,2.897,-4.0,13.335,-0.073,-4.0,-2.0,-4.0,-5.999,-0.027,-4.0,-5.0,-4.0,-3.0,-4.998,-0.005,-4.0,18.324,0.0,0.0,0.0,0.0,0.0,0.0,0.0,0.0,0.0,0.0
GoldS210,XAUUSDc,642,-4.82,-9.64,3,-0.2174,0.0,432,23.3796,1,9,0,0.01,1.7,2.0,0.0,1.0,15,1,-17.952,17,0,2,0,0.6,0.0,0.0,0.0,0.0,0.0,1.972,6.495,-4.0,-0.01,-1.003,-5.0,0.938,-0.01,-3.0,-0.005,-4.003,-2.0,-2.0,0.578,-3.0,1.422,0.152,-4.0,-1.0,3.214,-0.015,0.526,2.578,0.748,-3.0,-4.0,-4.0,-0.014,1.075,3.047,0.053,-6.0,-1.011,-0.083,0.97,-3.0,2.26,0.986,-1.0,-3.0,-3.0,-4.0,4.982,4.022,-2.014,10.048,-0.004,-6.0,-1.014,-1.0,0.414,-4.0,-0.032,2.345,3.365,3.254,-2.001,-3.0,-0.062,-4.0,-2.023,-4.0,14.389,0.991,5.847,0.985,-0.014,-3.0,6.061,-3.0,0.0,-3.0,-1.002,-2.005,2.114,1.884,-0.001,8.341,-0.009,6.433,1.197,-1.0,-3.022,0.114,6.169,-4.0,-1.022,-3.0,0.841,-5.0,-0.507,-2.0,-3.0,-2.032,5.419,0.0,-0.11,-2.0,1.484,-2.076,0.953,-0.049,-4.0,-2.0,13.577,-5.999,-3.0,1.955,-2.042,1.237,5.687,-4.0,6.441,-3.0,-2.009,0.0,0.0,0.0,0.0,0.0,0.0,0.0,0.0,0.0,0.0
GoldS210,XAUUSDc,590,-1.708,-3.416,3,-0.0801,0.0,482,30.9129,1,9,0,0.01,1.5,1.5,0.0,0.5,15,1,-8.445,1,0,2,0,0.6,0.0,0.0,0.0,0.0,0.0,1.479,0.867,-4.0,-0.508,-4.0,-5.0,4.055,-0.507,-4.0,-0.504,-4.502,2.651,-2.999,-4.0,-3.0,1.029,-1.255,3.934,2.355,-0.203,-1.023,-1.478,0.934,-1.288,-2.511,-4.0,-4.0,-0.51,2.44,2.024,3.909,-5.0,3.938,-3.0,4.625,-3.0,-0.515,0.827,-2.0,1.665,-3.0,-4.0,6.075,4.428,-2.51,3.457,-1.503,-1.974,-1.511,-1.0,-3.014,-1.51,-1.194,-0.373,0.486,4.183,-2.501,-3.0,3.442,-4.0,0.293,1.424,3.319,0.493,1.979,1.986,4.899,0.795,3.467,5.9,0.0,-5.0,-0.501,-2.503,2.801,-0.217,2.731,3.512,0.944,-1.025,0.093,-1.0,-2.154,5.374,5.797,-4.0,-1.123,0.351,-2.505,-2.502,1.078,-2.0,2.22,-4.0,3.904,0.0,1.399,-2.0,-2.0,-2.559,0.465,1.394,-1.526,-0.539,11.958,-2.053,-4.0,0.966,-1.041,1.289,2.162,-2.026,6.795,-3.0,1.16,0.0,0.0,0.0,0.0,0.0,0.0,0.0,0.0,0.0,0.0
GoldS210,XAUUSDc,296,-31.1547,-93.464,2,-0.8951,0.0,499,10.6212,1,5,0,0.01,1.9,2.5,0.0,0.0,15,1,-121.461,20,0,2,0,0.2,0.0,0.0,0.0,0.0,0.0,-1.0,-0.795,-4.0,-3.999,-3.0,-6.0,-0.501,-0.512,-2.0,1.787,-3.503,-2.999,-5.0,-4.0,-5.0,12.186,2.791,-5.0,-0.94,9.775,-2.518,2.328,-4.0,24.997,-5.0,-4.0,-4.0,0.483,-6.0,-2.513,-6.0,-6.0,0.08,4.631,-1.523,21.021,-3.0,-6.0,-2.0,-2.999,-4.0,-3.0,15.79,8.106,-5.0,-3.469,-4.0,-6.0,-4.0,-1.0,-4.189,-4.0,-3.043,-5.0,3.51,7.638,-3.501,-3.0,8.491,-4.0,-5.999,-0.147,-4.999,14.288,-6.0,3.963,11.47,-3.998,0.473,-3.0,-4.0,-3.999,0.498,-1.506,-4.0,-5.0,12.971,-5.0,-3.0,5.15,2.302,-1.0,-6.0,-5.0,2.536,-4.0,0.163,-2.526,3.047,-4.999,-5.0,-2.0,-5.999,-4.0,-5.0,0.0,0.852,-2.0,-2.0,-1.593,2.683,-2.561,-4.0,-2.0,-5.0,-6.0,-5.0,17.325,4.861,-3.0,-3.999,-6.0,-5.0,-4.0,9.669,0.0,0.0,0.0,0.0,0.0,0.0,0.0,0.0,0.0,0.0
GoldS210,XAUUSDc,103,-14.759,-44.277,2,-0.593,0.0,441,20.4082,1,11,0,0.01,1.7,2.0,0.0,1.0,15,1,-68.636,13,0,2,0,0.0,0.0,0.0,0.0,0.0,0.0,1.972,-2.01,-4.0,-0.01,-1.003,-5.0,0.938,-0.01,-3.0,-0.005,-4.003,-2.0,-2.0,0.924,-3.0,-2.809,0.365,-2.025,-2.0,-1.058,-1.015,-0.577,5.172,2.504,-3.0,-3.0,4.429,-1.014,3.663,3.047,-6.0,-6.0,-2.012,-0.083,0.97,-3.0,3.41,0.986,-1.0,-3.0,-3.0,-4.0,-0.065,-2.161,-2.014,24.296,-0.004,-6.0,-1.014,-1.0,0.414,-4.0,-0.032,3.135,3.388,0.913,-2.001,-4.0,-0.061,-3.999,-2.023,-4.0,-1.379,0.991,4.978,0.985,-0.014,-3.0,11.518,-2.999,-2.0,-2.0,-1.002,-2.005,-4.0,-4.0,-0.001,-4.0,-0.009,9.367,-0.031,-1.0,-3.022,-5.999,6.789,-4.0,-1.022,-3.0,-4.0,-5.0,-0.445,-2.0,-2.998,-2.032,3.911,0.0,-0.11,-2.0,1.484,-2.076,0.953,-0.049,-4.0,-2.0,29.121,-6.0,-3.0,1.955,-2.042,1.658,8.299,-4.0,6.441,-4.0,-0.01,0.0,0.0,0.0,0.0,0.0,0.0,0.0,0.0,0.0,0.0
GoldS210,XAUUSDc,400,-9.5815,-19.163,3,-0.384,0.0,506,23.913,1,5,0,0.01,1.7,1.5,0.0,0.0,15,1,-28.321,14,0,2,0,0.4,0.0,0.0,0.0,0.0,0.0,1.479,1.766,-4.0,-4.0,-3.0,-5.0,9.403,-1.507,-2.0,-0.002,-4.502,-3.0,-5.0,-4.0,-5.0,-2.46,-0.795,6.095,-1.925,0.483,-0.88,-0.266,-4.0,0.64,-5.0,-4.0,-4.0,-0.51,7.647,9.154,8.232,-5.0,1.089,1.512,7.14,0.23,-0.515,-5.0,-3.0,-2.999,-4.0,-3.0,10.733,2.875,-2.51,11.385,-1.503,-6.0,-1.511,-1.0,-2.879,0.594,-6.0,-0.633,1.655,4.828,-2.007,-3.0,7.631,-4.0,-3.048,2.541,5.856,0.493,0.83,3.358,9.525,0.263,6.373,3.254,-4.0,-4.0,-0.501,-2.503,-1.509,-5.0,1.874,6.744,2.385,3.227,0.093,-1.0,-6.0,2.294,6.176,-4.0,-1.123,2.03,-0.632,-2.502,-0.068,-2.0,-0.263,-4.0,2.577,0.0,1.399,-2.0,-2.0,-2.559,0.465,2.614,-1.526,-0.539,0.088,-0.768,-5.0,3.764,1.674,1.104,4.251,-6.0,-2.533,-4.0,-0.508,0.0,0.0,0.0,0.0,0.0,0.0,0.0,0.0,0.0,0.0
GoldS210,XAUUSDc,490,-9.4037,-28.211,2,-0.3721,0.0,465,13.3333,1,9,0,0.01,1.9,2.5,0.0,0.5,15,1,-57.773,23,0,2,0,0.4,0.0,0.0,0.0,0.0,0.0,-1.0,16.447,-4.0,-4.0,-3.0,-5.0,-0.501,0.489,-4.0,0.494,-3.503,-3.0,-5.0,-4.0,-3.0,-3.0,1.644,-5.0,-5.0,5.315,-1.519,-5.0,-3.0,10.297,0.533,-4.0,-4.0,0.483,7.521,-0.513,3.668,-6.0,-0.514,-3.0,-1.524,-3.0,-3.0,5.724,-2.0,-2.999,-4.0,-3.0,1.252,-3.647,-4.999,28.061,-4.0,-6.0,-4.0,-1.0,3.532,-4.0,2.418,3.838,1.442,9.333,-2.501,-3.0,-1.999,-5.0,-1.529,-4.0,11.182,0.546,15.491,2.901,-3.0,-2.0,20.621,-2.999,-4.0,-3.999,0.498,-1.506,-4.0,-3.0,3.451,16.61,-3.0,1.004,2.302,-1.0,1.398,-6.0,11.55,-4.0,0.163,-2.526,-1.508,-5.0,0.471,-2.0,-3.999,0.896,-0.649,0.0,0.852,-2.0,-3.0,-1.593,1.441,6.368,-4.0,-2.0,-4.0,-5.999,-5.0,-0.536,-6.0,-3.0,-3.0,9.642,3.121,-3.0,1.852,0.0,0.0,0.0,0.0,0.0,0.0,0.0,0.0,0.0,0.0
GoldS210,XAUUSDc,319,24.6327,36.949,4,1.0333,112.1,431,15.7773,1,11,0,0.01,1.7,2.5,0.0,1.0,15,1,-4.47,25,0,2,0,0.2,0.0,0.0,0.0,0.0,0.0,-1.0,19.601,-4.0,-2.999,-0.504,-5.0,-0.501,0.488,-3.0,0.494,-3.503,-2.0,-2.0,4.255,-3.0,0.501,1.982,-5.0,-2.0,-0.563,-0.519,-4.0,8.086,11.478,-3.0,-3.0,10.098,-0.517,8.16,-0.513,-6.0,-6.0,-1.515,0.413,-1.524,-3.0,5.592,1.482,-1.0,-3.0,-3.0,-4.0,2.252,-2.647,-5.0,39.918,-3.0,-6.0,-4.0,-1.0,3.532,-4.0,1.461,12.633,9.056,2.898,-1.501,-4.0,-1.999,-5.0,-0.529,-4.0,1.323,1.558,14.493,2.901,-2.999,-3.0,16.859,-3.0,-2.0,-2.0,-0.502,-1.506,-4.0,-4.0,4.095,-4.0,-2.999,5.323,0.461,-1.0,-2.528,-5.999,9.837,-4.0,-0.527,-3.0,-4.0,-5.0,4.243,-2.0,-2.998,-1.536,5.797,0.0,0.852,-2.0,2.191,-1.593,1.441,0.439,-4.0,-2.0,5.751,-6.0,-3.0,13.086,-5.0,-4.0,-3.0,13.093,0.496,-5.0,4.851,0.0,0.0,0.0,0.0,0.0,0.0,0.0,0.0,0.0,0.0
GoldS210,XAUUSDc,140,-10.392,-31.176,2,-0.5304,0.0,443,13.3183,1,5,0,0.01,1.9,2.5,0.0,1.0,15,1,-59.381,21,0,2,0,0.0,0.0,0.0,0.0,0.0,0.0,-1.0,-1.513,-4.0,-3.0,-0.504,-4.0,-0.501,0.489,-3.0,1.787,-3.503,-2.0,-2.0,4.255,-3.0,12.186,2.791,-5.0,-2.0,2.614,-0.519,-4.0,-4.0,25.205,-3.0,-4.0,-4.0,-0.517,-4.0,-1.513,-7.0,-5.0,0.08,0.413,-1.523,-3.0,-3.0,1.482,-1.0,-3.0,-3.0,-4.0,7.715,8.047,-5.0,2.085,-4.0,-6.0,-4.0,-1.0,-4.51,-4.0,1.461,-3.0,17.12,10.574,-2.501,-3.0,-2.0,-4.999,-0.529,-4.0,13.263,14.288,-6.0,4.926,11.47,-3.0,0.472,-3.0,-3.0,-2.0,-0.502,-1.506,-4.0,-4.0,3.107,-4.0,-3.0,4.11,2.302,-1.0,-2.528,-5.0,19.968,-4.0,-0.527,-0.526,7.684,-4.999,-5.0,-2.0,-2.998,-1.536,-4.0,0.0,0.852,-2.0,2.191,-1.593,2.683,-0.561,-4.0,-2.0,-5.0,-6.0,-0.522,23.054,-5.0,-4.0,-4.0,-4.999,-0.504,-4.0,12.083,0.0,0.0,0.0,0.0,0.0,0.0,0.0,0.0,0.0,0.0
GoldS210,XAUUSDc,147,-15.588,-46.764,2,-0.5917,0.0,470,10.6383,1,11,0,0.01,1.5,3.0,0.0,0.0,15,1,-72.742,24,0,2,0,0.0,0.0,0.0,0.0,0.0,0.0,-1.0,24.075,-4.0,-4.0,-3.0,-6.0,-1.001,-0.014,-3.0,-3.0,-3.004,-3.0,-5.0,-4.0,-4.0,-6.0,3.599,-4.0,-0.924,0.252,-5.999,-3.0,10.001,23.978,-3.999,-4.0,-4.0,-3.0,18.465,-0.016,-6.0,-6.0,5.558,6.278,-1.029,-4.0,1.983,4.295,-2.0,-2.999,-4.0,-3.0,3.355,-8.0,-5.0,10.722,-5.0,-6.0,-4.0,-1.0,7.682,-4.0,1.422,6.07,4.561,23.519,-2.001,-4.0,-3.0,-4.0,-4.0,-4.0,-6.0,2.078,-5.0,2.099,-2.999,-3.998,22.285,-2.999,-4.0,-4.0,0.997,-1.007,-5.0,-4.0,-3.0,-4.0,-2.999,9.052,0.954,-1.0,-1.033,-5.0,-1.012,-4.0,0.805,-6.0,-1.01,-5.0,14.056,-3.0,-4.999,1.954,4.342,0.0,4.844,-2.0,-2.0,-4.0,7.36,7.316,-4.0,-2.0,-1.015,-6.0,-4.0,-4.0,-4.0,-3.0,-3.0,-6.0,4.136,-5.0,8.2,0.0,0.0,0.0,0.0,0.0,0.0,0.0,0.0,0.0,0.0
GoldS210,XAUUSDc,882,-5.6715,-34.029,1,-0.5071,0.0,427,13.5831,1,9,0,0.01,1.7,3.0,0.0,0.5,15,1,-48.559,33,0,2,0,0.8,0.0,0.0,0.0,0.0,0.0,-1.0,13.896,-4.0,-3.0,-4.0,-5.0,-0.001,0.986,-3.0,-3.0,-2.004,-2.0,-2.999,-4.0,-3.0,-2.0,3.019,-4.0,-5.0,2.673,1.923,-5.0,3.784,9.351,-4.0,-4.0,-4.0,-1.999,5.386,-0.016,-3.0,-5.999,2.29,-3.0,-1.029,-3.0,4.779,3.563,-2.0,6.42,-3.0,-4.0,2.906,-3.153,-5.0,4.172,-5.0,-6.0,-4.0,-1.0,7.037,-4.0,3.272,6.692,0.938,8.838,-1.001,-3.0,-2.0,-5.0,-4.0,-4.0,-4.0,1.066,9.754,4.305,5.273,-2.0,12.53,-3.0,0.0,-5.0,0.997,-1.007,-4.0,-3.0,4.667,6.679,-3.0,1.044,3.407,-1.0,1.716,-5.0,6.522,-4.0,0.805,-4.0,-1.01,-5.0,2.723,-2.0,-4.0,0.633,2.737,0.0,3.42,-2.0,-2.0,-4.0,8.04,5.155,9.541,-2.0,10.898,-6.0,-4.0,-3.999,-4.0,-4.0,-3.0,-5.0,1.866,-3.0,3.485,0.0,0.0,0.0,0.0,0.0,0.0,0.0,0.0,0.0,0.0
GoldS210,XAUUSDc,610,-0.056,-0.168,2,-0.0051,0.0,447,34.4519,1,9,0,0.01,1.9,1.5,0.0,1.0,15,1,-4.238,0,0,2,0,0.6,0.0,0.0,0.0,0.0,0.0,1.479,1.865,-4.0,-0.508,-1.502,-5.0,2.429,-0.507,-3.0,-0.504,-4.502,1.634,-2.0,-0.555,-3.0,-1.135,-1.255,4.934,1.838,-1.554,2.421,-0.478,0.934,-1.288,-1.511,-1.515,-4.0,-0.51,-2.511,-0.066,2.515,-5.0,3.938,-0.58,2.469,-3.0,3.122,0.489,-1.0,1.665,-3.0,-4.0,4.212,1.279,-2.51,2.447,0.946,-1.974,-1.511,-1.0,-3.014,-1.51,1.933,0.807,1.439,3.804,-2.501,-3.0,3.442,-4.0,1.293,1.424,1.917,0.493,0.986,1.986,3.123,-0.525,5.733,5.9,0.0,-3.0,-1.501,-2.503,2.801,-1.529,1.994,2.414,0.944,-1.025,0.093,-1.0,-3.517,5.374,2.419,-4.0,-1.516,2.687,-1.552,-2.502,1.078,-2.0,3.542,-4.0,4.386,0.0,1.399,-2.0,0.794,1.25,0.465,-0.536,-1.526,-0.539,10.638,-3.519,-3.0,0.966,-0.041,-1.56,2.162,-1.656,4.418,-3.0,1.16,0.0,0.0,0.0,0.0,0.0,0.0,0.0,0.0,0.0,0.0
GoldS210,XAUUSDc,425,-1.622,-3.244,3,-0.0782,0.0,454,31.9383,1,7,0,0.01,1.7,1.5,0.0,1.0,15,1,-12.361,4,0,2,0,0.4,0.0,0.0,0.0,0.0,0.0,1.479,2.451,-4.0,-0.508,-1.502,-1.802,2.429,-0.507,-3.0,-0.504,-4.502,2.594,-1.999,-0.555,-3.0,-0.593,-0.795,1.679,3.7,-2.554,2.421,-4.0,-3.0,-0.36,-1.511,-1.515,-4.0,-1.51,-1.511,0.532,6.024,-5.0,8.879,-0.58,2.469,-3.0,3.714,0.489,-1.0,-3.0,-3.0,-4.0,0.888,-2.766,-2.51,4.374,0.946,-6.0,-1.511,-1.0,-3.014,0.594,1.933,1.291,1.439,5.201,-1.007,-3.0,3.442,-3.999,-2.517,2.531,2.492,0.493,2.971,4.27,4.12,-0.525,3.467,9.471,-2.0,-2.0,-1.501,-2.503,-1.509,-1.529,1.994,4.25,0.944,0.09,0.093,-1.0,-3.517,1.702,2.419,-4.0,-1.516,0.931,-1.552,-2.502,1.078,-2.0,8.589,-4.0,4.918,0.0,1.399,-2.0,0.794,1.948,0.465,-1.536,-1.526,-0.539,7.159,-3.519,-3.0,0.966,-0.041,-1.56,3.051,-0.669,4.418,-3.0,-0.059,0.0,0.0,0.0,0.0,0.0,0.0,0.0,0.0,0.0,0.0
GoldS210,XAUUSDc,86,-5.894,-17.682,2,-0.2012,0.0,489,17.5869,1,9,0,0.01,1.5,2.0,0.0,0.5,15,1,-56.722,20,0,2,0,0.0,0.0,0.0,0.0,0.0,0.0,1.972,21.524,-4.0,-1.01,-3.0,-6.0,-2.001,-0.01,-4.0,-0.005,-4.003,-3.0,0.545,-4.0,-3.0,1.712,0.211,-2.025,-5.0,5.174,-2.015,1.403,-3.999,3.504,-0.332,-4.0,-4.0,-2.014,3.262,-2.011,1.007,-7.0,-2.012,-3.0,0.971,-3.0,-3.0,-3.999,-2.0,-2.999,-4.0,-3.0,-3.065,-3.161,-2.014,42.736,-1.004,-6.0,-1.014,-1.0,0.414,-3.999,0.112,1.022,0.947,6.562,-3.001,-3.0,-0.061,-4.0,-3.023,-4.0,3.576,0.991,8.022,0.985,-0.014,-2.999,13.008,-2.999,-4.0,-4.0,-0.002,-2.005,-4.0,-4.0,-0.001,-4.0,-0.009,13.295,1.197,-1.0,-0.269,-6.0,-2.008,-4.0,-0.48,3.203,-2.006,-5.0,-0.507,-2.0,-3.999,-0.162,4.981,0.0,-0.11,-2.0,-3.0,-2.076,0.953,5.997,-4.0,-2.0,28.594,-6.0,-5.0,1.955,1.007,6.495,8.299,-6.0,10.115,-4.0,-2.01,0.0,0.0,0.0,0.0,0.0,0.0,0.0,0.0,0.0,0.0
GoldS210,XAUUSDc,899,-1.8203,-10.922,1,-0.3212,0.0,401,15.4613,1,11,0,0.01,1.9,3.0,0.0,1.0,15,1,-23.273,32,0,2,0,0.8,0.0,0.0,0.0,0.0,0.0,-1.0,8.411,-4.0,-3.0,-4.0,-5.0,-0.001,0.986,-3.0,-3.0,-2.004,6.683,-2.0,3.877,-3.0,-2.0,1.57,-4.0,-1.0,9.13,-2.999,-4.0,5.144,9.351,-3.0,-3.0,-4.0,-2.0,5.428,-0.016,6.542,-6.0,2.29,0.91,-1.029,-3.0,11.237,1.979,-1.0,-3.0,-3.0,-4.0,2.906,0.841,-5.0,3.273,-4.0,-6.0,-4.0,-1.0,5.228,-4.0,1.953,6.337,5.829,0.963,-1.001,-3.0,-2.0,-4.0,-4.0,-4.0,-4.0,1.078,8.183,4.305,5.273,-3.0,7.022,-3.0,0.0,-3.0,-0.003,-1.007,-4.0,-3.0,4.129,3.305,-3.0,2.046,0.954,-1.0,-0.032,-5.0,4.865,-4.0,-0.033,-3.0,3.036,-5.0,4.529,-2.0,-3.0,-1.04,5.919,0.0,4.844,-2.0,2.897,-4.0,8.04,0.927,9.089,-2.0,10.904,-6.0,-3.0,-4.0,-4.0,-4.0,-3.0,-4.0,0.995,-4.0,3.035,0.0,0.0,0.0,0.0,0.0,0.0,0.0,0.0,0.0,0.0
GoldS210,XAUUSDc,779,-5.3313,-15.994,2,-0.3938,0.0,470,33.4043,1,11,0,0.01,1.9,1.5,0.0,0.5,15,1,-19.409,0,0,2,0,0.8,0.0,0.0,0.0,0.0,0.0,1.479,1.695,-4.0,-0.508,-4.0,-5.0,3.477,-0.507,-3.0,-0.504,-3.502,1.644,-1.999,-4.0,-3.0,-0.585,1.429,3.979,0.487,-0.705,2.25,-1.478,0.593,-1.738,-2.511,-4.0,-4.0,-0.51,1.991,1.241,3.129,-5.0,3.356,0.341,3.447,-3.0,2.318,-0.606,-2.0,1.75,-3.0,-4.0,4.475,2.821,-2.51,5.084,-1.503,-2.558,-1.511,-1.0,-3.014,-1.51,-1.406,0.429,-0.514,2.734,-2.501,-3.0,3.442,-4.0,0.796,-0.038,1.974,0.493,0.982,5.196,3.399,0.157,3.467,4.247,0.0,-5.0,-0.501,-2.503,1.794,-0.694,2.731,1.597,0.944,-1.025,-0.523,-1.0,-2.516,3.281,4.113,-4.0,-1.123,-0.069,-1.552,-2.502,0.436,-2.0,4.678,-4.0,4.327,0.0,1.399,-2.0,-2.0,-2.559,0.465,-0.083,1.704,-0.539,9.784,-2.7,-4.0,0.966,-0.041,-0.313,1.718,-2.284,4.812,-3.0,1.7,0.0,0.0,0.0,0.0,0.0,0.0,0.0,0.0,0.0,0.0
GoldS210,XAUUSDc,326,12.2707,36.812,2,0.4928,220.95,477,9.2243,1,9,0,0.01,1.5,3.0,0.0,0.0,15,1,-44.524,22,0,2,0,0.2,0.0,0.0,0.0,0.0,0.0,-1.0,37.494,-4.0,-4.0,-3.0,-6.0,-0.001,-0.014,-3.0,-3.0,-3.003,-3.0,-5.0,-4.0,-4.0,-6.0,3.076,-5.0,-5.0,0.252,-4.999,-5.0,-4.0,23.978,-4.0,-4.0,-4.0,-5.0,9.782,-0.016,-5.0,-7.0,5.558,-3.0,-1.028,28.077,-3.0,-3.999,-2.0,-2.999,-4.0,-3.0,-5.999,12.64,-4.999,-5.0,-4.999,-6.0,-4.0,-1.0,9.203,-4.0,1.422,6.071,4.19,27.518,-3.001,-3.0,-3.0,-5.0,-4.0,-4.0,-5.998,2.066,45.896,2.099,-2.999,-3.999,79.336,-2.999,-4.0,-4.0,0.997,-1.007,-5.0,-4.0,-3.0,-4.0,-2.999,1.623,3.407,-1.0,4.066,-6.0,-1.012,-4.0,0.805,-6.0,-1.01,-5.0,4.97,-2.0,-4.999,1.954,0.037,0.0,3.42,-2.0,-2.0,-4.0,7.36,10.006,-4.0,-2.0,-3.999,-6.0,-4.0,-4.0,-5.0,-3.0,-3.0,-5.999,4.386,-4.0,6.2,0.0,0.0,0.0,0.0,0.0,0.0,0.0,0.0,0.0,0.0
GoldS210,XAUUSDc,227,-15.7545,-31.509,3,-0.473,0.0,497,26.1569,1,11,0,0.01,1.9,1.5,0.0,0.0,15,1,-55.458,12,0,2,0,0.2,0.0,0.0,0.0,0.0,0.0,1.479,4.991,-4.0,-4.0,-3.0,-6.0,3.321,-1.507,-3.0,-0.504,-4.501,-3.0,-0.748,-4.0,-4.0,-4.503,-1.251,2.54,2.399,-1.455,-1.023,-0.478,1.258,0.96,-2.51,-4.0,-4.0,-0.51,2.961,-1.508,-0.151,-5.0,-0.017,1.556,-0.021,-1.513,2.318,-0.068,-2.0,-3.0,-4.0,-3.0,-3.397,8.575,-2.51,9.123,-1.503,-1.609,-1.511,-1.0,-2.879,-1.51,-2.353,-0.454,1.658,6.277,-2.007,-3.0,1.603,-4.0,4.355,-0.038,3.325,0.493,4.363,1.986,7.776,0.263,3.467,0.319,-4.0,-4.0,-0.501,-2.503,-1.509,-5.0,2.731,3.917,2.385,-1.025,-0.523,-1.0,-3.517,3.447,22.443,-4.0,-1.123,-1.069,-2.505,-2.502,1.123,-3.0,1.221,-4.0,3.972,0.0,1.399,-2.0,-2.0,-2.559,0.465,-0.083,-1.526,-0.539,8.125,-0.457,-4.0,1.061,-0.041,1.964,6.026,-6.0,2.375,-4.0,-0.508,0.0,0.0,0.0,0.0,0.0,0.0,0.0,0.0,0.0,0.0
GoldS210,XAUUSDc,338,1.3947,8.368,1,0.0787,971.99,472,9.322,1,9,0,0.01,1.5,3.0,0.0,0.5,15,1,-72.968,21,0,2,0,0.2,0.0,0.0,0.0,0.0,0.0,-1.0,47.518,-4.0,-4.0,-3.0,-6.0,-1.001,0.986,-4.0,-3.0,-3.004,-3.0,-5.0,-4.0,-3.0,-4.0,3.076,-5.0,-5.0,11.479,-4.999,-5.0,-3.0,22.978,-4.0,-4.0,-4.0,-5.0,11.782,-1.016,-4.0,-7.0,5.558,-3.0,-1.028,-3.0,-3.0,-3.999,-2.0,-2.999,-4.0,-3.0,-5.999,-3.153,-4.999,-5.0,-5.0,-6.0,-4.0,-1.0,8.789,-4.0,3.724,6.292,1.938,14.044,-2.001,-3.0,-1.999,-5.0,-5.0,-4.0,-5.998,2.066,45.896,5.92,-2.999,-2.999,79.337,-2.999,-4.0,-4.0,0.997,-1.007,-4.0,-4.0,-3.0,-4.0,-2.999,2.914,3.407,-1.0,4.066,-6.0,-1.012,-4.0,0.805,-6.0,-1.01,-5.0,4.97,-2.0,-3.999,1.954,0.037,0.0,3.42,-2.0,-3.0,-4.0,8.04,10.006,-4.0,-2.0,-3.999,-6.0,-5.0,-4.0,-6.0,-3.0,-3.0,-5.999,4.386,-4.0,6.2,0.0,0.0,0.0,0.0,0.0,0.0,0.0,0.0,0.0,0.0
GoldS210,XAUUSDc,718,8.226,12.339,4,0.3391,191.73,412,13.3495,1,9,0,0.01,1.9,3.0,0.0,1.0,15,1,-11.318,28,0,2,0,0.6,0.0,0.0,0.0,0.0,0.0,-1.0,17.045,-4.0,-3.0,-4.0,-5.0,-0.001,0.986,-3.0,-3.0,-3.004,-2.0,-2.0,5.242,-3.0,-3.0,2.969,-4.0,-1.0,12.31,-3.0,-4.0,5.868,13.13,-3.0,-4.0,-4.0,-3.0,7.711,-0.016,-4.0,-6.0,3.315,0.91,-1.029,-3.0,10.303,1.979,-1.0,-3.0,-3.0,-4.0,4.499,-3.153,-5.0,4.609,-4.0,-6.0,-4.0,-1.0,8.789,-4.0,1.953,7.871,9.282,8.5,-1.001,-3.0,-2.0,-5.0,-4.0,-4.0,-3.999,1.066,13.385,5.343,-3.0,-3.0,21.657,-3.0,0.0,-3.0,-0.003,-1.007,-4.0,-3.0,5.814,8.206,-3.0,2.672,3.407,-1.0,-1.033,-5.0,3.865,-4.0,-0.033,-3.0,5.15,-5.0,4.97,-2.0,-3.0,-1.04,2.724,0.0,3.42,-2.0,2.897,-4.0,8.04,0.927,-4.0,-2.0,16.596,-5.999,-3.0,-4.0,-5.0,-4.0,-3.0,-4.0,-0.005,-3.0,4.252,0.0,0.0,0.0,0.0,0.0,0.0,0.0,0.0,0.0,0.0
GoldS210,XAUUSDc,279,-5.069,-15.207,2,-0.2549,0.0,441,20.8617,1,11,0,0.01,1.5,2.0,0.0,1.0,15,1,-39.566,15,0,2,0,0.2,0.0,0.0,0.0,0.0,0.0,1.972,13.059,-4.0,-0.01,-1.003,-5.0,0.938,-0.01,-3.0,-0.005,-4.003,-2.0,-2.0,0.924,-3.0,-2.809,0.365,-2.025,-2.0,-1.058,-1.015,-0.577,5.172,2.504,-3.0,-3.0,4.429,-1.014,3.663,3.047,-6.0,-6.0,-2.012,-0.083,0.97,-3.0,3.41,0.986,-1.0,-3.0,-3.0,-4.0,-0.066,-2.161,-2.014,24.296,-0.004,-6.0,-1.014,-1.0,0.414,-4.0,-0.032,3.135,3.388,0.913,-2.001,-4.0,-0.061,-3.999,-2.023,-4.0,12.624,0.991,4.978,0.985,-0.014,-3.0,11.518,-3.0,-2.0,-2.0,-1.002,-2.005,-4.0,-4.0,-0.001,-4.0,-0.009,9.367,-0.031,-1.0,-3.022,-5.999,6.789,-4.0,-1.022,-3.0,-4.0,-5.0,-0.445,-2.0,-2.998,-2.032,3.911,0.0,-0.11,-2.0,1.484,-2.076,0.953,-0.049,-4.0,-2.0,29.121,-6.0,-3.0,1.955,-2.042,1.658,8.299,-4.0,6.441,-4.0,-0.01,0.0,0.0,0.0,0.0,0.0,0.0,0.0,0.0,0.0,0.0
GoldS210,XAUUSDc,857,16.3742,19.649,5,0.7406,54.04,409,19.8044,1,7,0,0.01,1.7,2.5,0.0,1.0,15,1,9.031,30,0,2,0,0.8,0.0,0.0,0.0,0.0,0.0,-1.0,6.538,-4.0,-3.0,-0.504,-4.0,-0.501,0.488,-3.0,0.494,-2.503,-2.0,-1.999,2.128,-3.0,-2.0,7.63,-4.0,-1.0,6.03,0.481,-4.0,2.115,3.641,-3.0,-4.0,-4.0,0.483,3.21,-0.513,1.812,-0.376,1.144,0.413,-1.524,-3.0,10.188,1.482,-1.0,-3.0,-3.0,-4.0,9.368,0.038,-5.0,15.857,-3.0,-6.0,-4.0,-1.0,2.75,-3.999,1.461,5.964,5.458,6.671,-1.501,-3.0,-2.0,-5.0,-0.529,-4.0,3.646,0.546,10.404,3.791,-2.0,-3.0,8.288,-3.0,0.0,-3.0,-0.502,-1.506,-4.0,-3.0,1.465,10.28,-3.0,0.471,2.302,-1.0,-2.528,1.049,12.876,-4.0,-0.527,-0.526,2.042,-5.0,0.576,-2.0,-3.0,-1.536,2.896,0.0,0.852,-2.0,2.191,-1.593,2.683,0.439,6.813,-2.0,6.48,-6.0,-3.0,7.616,2.63,-4.0,-3.0,2.407,-0.504,-3.0,2.233,0.0,0.0,0.0,0.0,0.0,0.0,0.0,0.0,0.0,0.0
GoldS210,XAUUSDc,294,27.365,82.095,2,1.2134,87.39,483,12.6294,1,9,0,0.01,1.7,2.5,0.0,0.0,15,1,10.355,24,0,2,0,0.2,0.0,0.0,0.0,0.0,0.0,-1.0,25.223,-4.0,-4.0,-3.0,-6.0,-0.501,-0.512,-3.0,0.494,-3.502,-3.0,-5.0,-4.0,-4.0,8.844,1.644,-5.0,-5.0,-0.317,-1.519,-5.0,-4.0,12.478,0.533,-4.0,-4.0,-1.517,5.521,-0.513,-5.0,-7.0,-1.515,-3.0,-1.523,20.043,-3.0,-3.999,-2.0,-2.999,-4.0,-3.0,-2.287,9.282,-4.999,70.239,-4.0,-6.0,-4.0,-1.0,3.853,-4.0,0.498,3.682,3.28,21.328,-3.501,-3.0,7.058,-5.0,3.973,-4.0,9.181,1.546,19.897,1.526,-2.999,-3.999,46.864,-2.999,-4.0,-4.0,0.498,-1.506,-5.0,-4.0,4.095,9.962,-2.999,0.412,2.302,-1.0,1.398,-6.0,-1.51,-4.0,0.163,-2.526,-1.508,-5.0,0.471,-2.0,-4.999,0.896,-0.649,0.0,0.852,-2.0,-2.0,-1.593,1.441,7.282,-4.0,-2.0,-3.999,-6.0,-4.0,-0.536,-5.0,-3.0,-3.0,22.39,3.121,-4.0,2.851,0.0,0.0,0.0,0.0,0.0,0.0,0.0,0.0,0.0,0.0
GoldS210,XAUUSDc,894,-9.006,-18.012,3,-0.3911,0.0,401,14.7132,1,9,0,0.01,1.7,3.0,0.0,1.0,15,1,-32.542,31,0,2,0,0.8,0.0,0.0,0.0,0.0,0.0,-1.0,11.397,-4.0,-3.0,-4.0,-4.0,-0.001,0.986,-3.0,-3.0,-2.004,-2.0,-1.999,3.877,-3.0,-2.0,2.019,-4.0,-1.0,8.156,-2.999,-4.0,3.784,9.351,-3.0,-4.0,-4.0,-1.999,5.386,-0.016,-3.0,-6.0,2.29,0.91,-1.029,-3.0,14.439,1.979,-1.0,-3.0,-2.999,-4.0,2.906,-3.153,-5.0,3.083,-4.0,-6.0,-4.0,-1.0,7.037,-4.0,1.953,6.356,7.007,7.972,-1.001,-3.0,-2.0,-5.0,-4.0,-4.0,-4.0,1.066,7.397,4.305,5.273,-3.0,12.53,-3.0,0.0,-3.0,-0.003,-1.007,-4.0,-3.0,4.667,4.862,-3.0,1.044,3.407,-1.0,-1.033,-5.0,4.865,-4.0,-0.033,-3.0,3.348,-5.0,2.723,-2.0,-3.0,-1.04,2.724,0.0,3.42,-2.0,2.897,-4.0,8.04,0.927,9.541,-2.0,10.898,-6.0,-3.0,-3.999,-4.0,-4.0,-3.0,-3.999,-0.005,-3.0,3.485,0.0,0.0,0.0,0.0,0.0,0.0,0.0,0.0,0.0,0.0
GoldS210,XAUUSDc,584,-7.9665,-15.933,3,-0.411,0.0,497,26.9618,1,5,0,0.01,1.9,1.5,0.0,0.0,15,1,-21.838,5,0,2,0,0.6,0.0,0.0,0.0,0.0,0.0,1.479,1.35,-4.0,1.347,-4.0,-5.0,6.196,-1.507,-2.0,-0.002,-4.501,2.857,-3.0,-4.0,-5.0,-2.884,-0.948,4.262,2.289,-0.661,-0.88,-1.104,1.2,-1.129,-5.0,-4.0,-4.0,-0.51,3.874,6.754,4.404,-5.0,5.451,0.919,4.851,-0.019,-0.515,-5.0,-3.0,1.45,-3.0,-4.0,7.621,1.459,-2.51,5.836,-1.503,-6.0,-1.511,-1.0,-2.879,-0.134,-6.0,-1.117,1.655,5.517,-3.501,-3.0,4.476,-4.0,0.816,1.849,3.898,0.493,-0.832,3.245,5.473,-0.396,5.274,1.407,-4.0,-4.0,-0.501,-2.503,3.164,2.905,0.912,5.034,1.985,1.411,0.093,-1.0,-6.0,0.912,2.747,-4.0,-1.123,1.141,-1.126,-2.502,-0.068,-2.0,-1.557,-4.0,7.599,0.0,1.399,-2.0,-2.0,-2.559,0.465,0.796,-1.526,-0.539,8.918,-2.038,-5.0,2.541,0.99,1.104,2.877,-0.387,-1.533,-3.0,3.377,0.0,0.0,0.0,0.0,0.0,0.0,0.0,0.0,0.0,0.0
GoldS210,XAUUSDc,574,-1.1807,-3.542,2,-0.1472,0.0,477,50.1048,1,9,0,0.01,1.9,1.0,0.0,1.0,15,1,-4.542,0,0,2,0,0.6,0.0,0.0,0.0,0.0,0.0,0.986,-1.008,-1.022,0.986,-0.015,-2.003,0.941,0.977,-1.047,-0.009,-4.001,-0.165,0.934,0.755,-3.0,-2.068,-1.071,1.979,-0.125,0.93,0.932,1.982,1.99,-2.012,-2.007,-0.059,-4.0,-0.049,-2.008,-0.061,2.89,1.99,0.968,-1.077,0.978,-3.0,0.935,-0.007,-1.0,-1.002,-0.001,-4.0,2.891,-1.147,-3.007,2.948,1.942,-2.016,-2.007,-1.0,-4.009,-2.007,2.922,-1.054,0.96,3.819,0.967,-3.0,1.955,-0.088,-1.026,0.962,4.953,0.99,-0.023,2.984,1.936,-0.016,3.977,-0.018,-1.103,-1.0,-1.001,-3.002,1.973,-1.059,1.985,-2.0,-0.046,-0.023,-1.015,-1.0,0.918,-1.034,0.946,-4.0,-2.011,1.926,-2.048,-2.017,3.922,-0.006,4.907,-2.004,1.965,0.0,-0.068,-2.0,0.941,-1.09,-0.023,-0.029,-0.019,0.973,3.924,-2.034,-2.007,-0.022,2.932,-2.055,-0.032,-0.097,1.965,-0.008,1.91,0.0,0.0,0.0,0.0,0.0,0.0,0.0,0.0,0.0,0.0
GoldS210,XAUUSDc,351,-4.4415,-26.649,1,-0.4306,0.0,424,11.5566,1,11,0,0.01,1.5,3.0,0.0,1.0,15,1,-53.691,20,0,2,0,0.2,0.0,0.0,0.0,0.0,0.0,-1.0,27.026,-4.0,-2.999,-4.0,-5.0,-0.001,0.986,-3.0,-3.0,-3.004,-2.0,-2.0,7.585,-3.0,-5.0,3.599,-5.0,-2.0,-0.067,-3.999,-4.0,11.001,22.978,-3.0,-3.0,-3.999,-4.0,12.657,-0.016,-6.0,-6.0,5.558,0.91,-1.029,-3.0,7.58,1.979,-1.0,-3.0,-3.0,-4.0,-3.0,-2.153,-5.0,-5.0,-4.0,-6.0,-4.0,-1.0,7.268,-4.0,1.953,17.859,14.725,-0.037,-1.001,-4.0,-1.999,-5.0,-4.0,-4.0,-5.999,2.078,-5.0,5.92,-2.999,-3.0,18.234,-3.0,-2.0,-2.0,-0.003,-1.007,-4.0,-4.0,-3.0,-4.0,-2.999,8.513,0.954,-1.0,-1.033,-5.999,3.865,-4.0,-0.033,-3.0,-4.0,-5.0,14.056,-2.0,-2.998,-1.04,9.881,0.0,4.844,-2.0,2.897,-4.0,8.04,0.927,-4.0,-2.0,7.697,-6.0,-3.0,-4.0,-5.0,-4.0,-3.0,-4.0,0.995,-5.0,8.2,0.0,0.0,0.0,0.0,0.0,0.0,0.0,0.0,0.0,0.0
GoldS210,XAUUSDc,611,-3.599,-10.797,2,-0.2926,0.0,446,34.3049,1,11,0,0.01,1.9,1.5,0.0,1.0,15,1,-14.956,0,0,2,0,0.6,0.0,0.0,0.0,0.0,0.0,1.479,1.391,-4.0,-0.508,-1.502,-5.0,2.429,-0.507,-3.0,-0.504,-4.501,1.634,-2.0,-0.555,-3.0,-1.135,-1.379,4.934,2.448,-1.554,2.421,-0.478,1.543,-1.288,-1.511,-1.515,-4.0,-0.51,-2.511,-0.066,-0.985,-5.0,3.938,-0.58,2.469,-3.0,3.122,0.489,-1.0,1.65,-3.0,-4.0,4.212,1.279,-2.51,2.432,0.946,-1.974,-1.511,-1.0,-3.014,-1.51,1.933,0.807,1.439,2.355,-2.501,-3.0,3.442,-4.0,1.293,-0.038,1.917,0.493,0.986,1.986,2.743,-0.525,5.733,5.478,0.0,-3.0,-1.501,-2.503,2.317,-1.529,1.994,1.683,0.944,-1.025,-0.523,-1.0,-2.517,4.567,2.419,-4.0,-1.516,2.687,-1.552,-2.502,1.078,-2.0,2.453,-4.0,3.448,0.0,1.399,-2.0,0.794,0.874,0.465,-0.536,-1.526,-0.539,10.629,-3.519,-3.0,0.966,-0.041,-1.56,2.162,-2.546,4.418,-3.0,2.092,0.0,0.0,0.0,0.0,0.0,0.0,0.0,0.0,0.0,0.0
GoldS210,XAUUSDc,843,-8.2695,-16.539,3,-0.4653,0.0,434,18.894,1,11,0,0.01,1.5,2.5,0.0,0.5,15,1,-26.215,24,0,2,0,0.8,0.0,0.0,0.0,0.0,0.0,-1.0,7.353,-4.0,-3.0,-4.0,-5.0,-0.501,0.488,-3.0,0.494,-2.503,6.131,-1.999,-4.0,-3.0,-2.0,6.482,-4.0,-5.0,1.547,4.183,1.564,3.627,3.586,0.533,-4.0,-4.0,0.483,3.197,-0.513,2.339,-6.0,-0.515,2.247,-1.524,-3.0,7.319,1.587,-2.0,-2.0,-3.0,-4.0,6.334,-3.647,-5.0,15.632,-4.0,-6.0,-4.0,-1.0,2.353,-4.0,2.046,4.398,0.442,4.602,-1.501,-3.0,-2.0,-4.0,-0.529,-4.0,1.518,0.558,3.731,2.32,3.612,-2.0,8.288,-3.0,0.0,-5.0,0.498,-1.506,-4.0,-3.0,1.732,10.387,-3.0,0.471,0.461,-1.0,-1.527,-0.304,10.012,-4.0,0.163,-1.526,1.472,-5.0,0.176,-2.0,-3.999,-0.177,3.634,0.0,0.852,-2.0,-2.0,-1.593,1.441,2.591,6.79,-2.0,5.826,-6.0,-4.0,5.715,2.968,-4.0,-3.0,2.032,1.778,-4.0,1.332,0.0,0.0,0.0,0.0,0.0,0.0,0.0,0.0,0.0,0.0
GoldS210,XAUUSDc,345,-19.1427,-57.428,2,-0.6289,0.0,481,8.1081,1,7,0,0.01,1.9,3.0,0.0,0.5,15,1,-125.578,20,0,2,0,0.2,0.0,0.0,0.0,0.0,0.0,-1.0,-2.013,-4.0,-4.0,-3.0,-6.0,-0.001,0.986,-3.0,-3.0,-3.003,-3.0,-5.0,-4.0,-3.0,-5.0,4.584,-6.0,-6.0,11.479,-5.0,-5.0,-5.0,33.903,-5.0,-4.0,-4.0,-4.999,21.275,-2.016,-4.0,-6.999,18.46,-3.0,-1.029,-3.0,-2.999,-5.0,-2.0,-2.999,-4.0,-3.0,-5.999,11.279,-5.0,-6.0,-5.0,-6.0,-4.0,-1.0,-4.011,-4.0,3.724,-3.999,1.938,14.044,-0.239,-3.0,-1.999,-5.0,-5.0,-4.0,-6.0,2.066,64.15,6.71,-3.0,-2.999,26.099,-3.0,-4.0,-4.0,0.997,-1.007,-4.0,-4.0,-3.0,-4.0,-3.0,6.698,3.407,-1.0,-5.999,-4.999,4.492,-4.0,0.329,-5.0,7.693,-5.0,-5.0,-3.0,-5.0,-4.0,-5.0,0.0,4.816,-2.0,-3.0,-4.0,13.335,-2.072,-4.0,-2.0,-4.0,-6.0,-5.0,-4.0,-6.0,-3.0,-3.0,-5.999,5.193,-4.0,21.295,0.0,0.0,0.0,0.0,0.0,0.0,0.0,0.0,0.0,0.0
GoldS210,XAUUSDc,845,-13.1353,-39.406,2,-0.6812,0.0,444,16.6667,1,7,0,0.01,1.7,2.5,0.0,0.5,15,1,-51.591,26,0,2,0,0.8,0.0,0.0,0.0,0.0,0.0,-1.0,8.546,-4.0,-3.0,-4.0,-5.0,-0.501,0.488,-3.0,0.494,-2.503,-2.0,-3.0,-4.0,-3.0,-2.0,7.456,-4.0,0.489,1.547,4.184,-5.0,2.115,3.641,-5.0,-4.0,-4.0,0.483,3.21,-1.513,1.812,-0.376,1.144,-3.0,-1.522,-3.0,3.045,-4.0,-3.0,1.818,-3.0,-4.0,8.368,-0.962,-5.0,19.108,-4.0,-6.0,-4.0,-1.0,2.75,-3.999,-1.415,-3.0,0.442,7.375,-1.501,-3.0,-2.0,-5.0,-1.529,-4.0,3.646,0.546,11.807,3.791,-2.0,-3.0,8.288,-3.0,0.0,-5.0,0.498,-1.506,-4.0,-3.0,1.465,11.82,-3.0,0.471,2.302,-1.0,-6.0,-5.0,15.41,-4.0,0.526,-1.526,1.586,-5.0,0.576,-2.0,-4.0,-4.0,3.335,0.0,0.852,-2.0,-2.0,-1.593,2.683,-1.561,6.813,-2.0,6.48,-6.0,-4.0,7.616,1.63,-3.0,-3.0,1.407,0.305,-3.0,2.233,0.0,0.0,0.0,0.0,0.0,0.0,0.0,0.0,0.0,0.0
GoldS210,XAUUSDc,220,6.682,13.364,3,0.2655,190.39,512,22.2656,1,5,0,0.01,1.7,1.5,0.0,0.0,15,1,-12.08,21,0,2,0,0.2,0.0,0.0,0.0,0.0,0.0,1.479,1.766,-4.0,-3.999,-3.0,-6.0,18.334,-1.507,-2.0,-0.002,-4.502,-2.999,-5.0,-4.0,-5.0,-2.157,-0.795,-3.519,-1.925,1.76,-0.879,-0.266,-4.0,0.96,-5.0,-4.0,-4.0,-0.51,12.335,0.514,11.388,-6.0,1.089,1.512,11.554,0.23,-0.515,-6.0,-2.0,-2.999,-4.0,-3.0,0.536,4.176,-2.51,17.664,-1.503,-6.0,-1.511,-1.0,-2.879,0.594,-4.67,-0.633,1.655,4.828,-2.007,-3.0,2.588,-4.0,-3.048,2.541,1.416,0.493,2.143,3.358,11.939,0.264,7.962,5.632,-4.0,-3.999,-0.501,-2.503,-1.509,-5.0,1.874,23.699,2.385,3.597,0.093,-1.0,-6.0,2.294,22.45,-4.0,-1.123,3.74,-0.632,-2.502,-0.068,-2.0,-0.036,-4.0,2.577,0.0,1.399,-2.0,-2.0,-2.559,0.465,-3.536,-1.526,-0.539,2.848,-6.0,-5.0,7.401,1.674,1.104,6.463,-6.0,-2.533,-4.0,-0.508,0.0,0.0,0.0,0.0,0.0,0.0,0.0,0.0,0.0,0.0
GoldS210,XAUUSDc,848,-13.1035,-78.621,1,-0.8756,0.0,452,14.823,1,5,0,0.01,1.9,2.5,0.0,0.5,15,1,-89.939,25,0,2,0,0.8,0.0,0.0,0.0,0.0,0.0,-1.0,8.942,-4.0,-3.0,-4.0,-5.0,-0.501,0.489,-3.0,1.787,-2.503,-2.0,-2.999,-4.0,-3.0,-3.0,0.817,-4.0,0.471,3.037,-2.519,-4.0,3.3,3.369,-5.0,-4.0,-4.0,0.483,-5.0,-1.513,2.31,-6.0,0.08,2.189,-1.524,-3.0,-3.0,-4.0,-2.999,2.17,-3.0,-4.0,8.88,-0.259,-5.0,20.561,-4.0,-6.0,-4.0,-1.0,3.422,-3.999,-1.415,-3.0,0.442,6.54,-1.501,-3.0,-1.999,-5.0,-0.528,-4.0,5.495,2.896,2.058,3.791,5.447,-3.0,7.343,-3.0,0.0,-5.0,0.498,-1.506,-4.0,-3.0,3.671,5.234,-3.0,0.72,2.302,-1.0,-6.0,-5.0,11.822,-4.0,0.163,-1.526,0.585,-5.0,0.033,-2.0,-3.0,0.082,2.286,0.0,0.852,-2.0,-2.0,-1.593,2.683,-1.561,1.736,-2.0,6.35,-6.0,-5.0,8.098,1.119,-3.0,-3.999,-5.0,1.037,-3.0,1.233,0.0,0.0,0.0,0.0,0.0,0.0,0.0,0.0,0.0,0.0
GoldS210,XAUUSDc,442,10.2245,20.449,3,0.3874,77.04,486,19.3416,1,9,0,0.01,1.9,2.0,0.0,0.0,15,1,4.696,28,0,2,0,0.4,0.0,0.0,0.0,0.0,0.0,1.972,8.447,-4.0,-4.0,-3.0,-5.0,16.991,-1.009,-3.0,-0.005,-4.003,-3.0,0.545,-4.0,-4.0,-0.361,0.211,-2.025,-5.0,-0.886,-2.015,0.444,-4.0,2.972,-0.332,-4.0,-4.0,-2.014,2.262,9.334,-5.0,-6.0,-1.011,-3.0,0.97,1.5,-3.0,3.653,-2.0,-2.999,-4.0,-3.0,4.026,0.774,-2.014,19.322,-1.004,-6.0,-1.014,-1.0,0.642,-4.0,-1.428,0.91,2.371,5.436,-4.001,-3.0,0.718,-4.0,1.256,-4.0,24.522,0.991,5.763,0.985,-0.014,-4.0,7.68,-2.999,-4.0,-4.0,-0.002,-2.005,-4.0,-5.0,-0.001,20.145,-0.009,9.129,1.197,-1.0,-0.269,-6.0,13.311,-4.0,-0.48,3.203,-2.006,-5.0,-0.507,-2.0,-4.999,-0.162,4.981,0.0,-0.11,-2.0,-2.0,-2.076,0.953,4.952,-4.0,-2.0,10.058,-5.999,-4.0,2.086,11.596,6.495,10.602,-6.0,4.812,-3.0,-3.009,0.0,0.0,0.0,0.0,0.0,0.0,0.0,0.0,0.0,0.0
GoldS210,XAUUSDc,569,-1.1807,-3.542,2,-0.1472,0.0,477,50.1048,1,7,0,0.01,1.7,1.0,0.0,1.0,15,1,-4.542,0,0,2,0,0.6,0.0,0.0,0.0,0.0,0.0,0.986,-1.008,-1.022,0.986,-0.015,-2.003,0.941,0.977,-1.047,-0.009,-4.001,-0.165,0.934,0.755,-3.0,-2.068,-1.071,1.979,-0.125,0.93,0.932,1.982,1.99,-2.012,-2.007,-0.059,-4.0,-0.049,-2.008,-0.061,2.89,1.99,0.968,-1.077,0.978,-3.0,0.935,-0.007,-1.0,-1.002,-0.001,-4.0,2.891,-1.147,-3.007,2.948,1.942,-2.016,-2.007,-1.0,-4.009,-2.007,2.922,-1.054,0.96,3.819,0.967,-3.0,1.955,-0.088,-1.026,0.962,4.953,0.99,-0.023,2.984,1.936,-0.016,3.977,-0.018,-1.103,-1.0,-1.001,-3.002,1.973,-1.059,1.985,-2.0,-0.046,-0.023,-1.015,-1.0,0.918,-1.034,0.946,-4.0,-2.011,1.926,-2.048,-2.017,3.922,-0.006,4.907,-2.004,1.965,0.0,-0.068,-2.0,0.941,-1.09,-0.023,-0.029,-0.019,0.973,3.924,-2.034,-2.007,-0.022,2.932,-2.055,-0.032,-0.097,1.965,-0.008,1.91,0.0,0.0,0.0,0.0,0.0,0.0,0.0,0.0,0.0,0.0
GoldS210,XAUUSDc,193,-7.7847,-23.354,2,-0.5076,0.0,515,41.165,1,7,0,0.01,1.5,1.0,0.0,0.5,15,1,-31.02,1,0,2,0,0.2,0.0,0.0,0.0,0.0,0.0,0.986,-2.007,0.069,-0.014,-3.0,-4.0,4.314,3.047,-1.047,-0.009,-4.001,-3.0,-5.0,-4.0,-3.0,4.664,-0.6,4.646,-3.02,1.848,-0.025,2.054,2.314,-2.012,-5.0,-4.0,-4.0,-1.01,-2.008,-0.431,6.196,1.108,0.968,-3.0,4.324,-3.0,-1.01,-1.007,-2.0,0.996,-0.828,-3.0,-3.062,1.007,-3.007,5.095,-0.009,-2.016,-2.007,-1.0,-4.009,-2.007,-0.52,-3.999,-0.009,4.036,-1.004,-3.0,3.744,4.051,-0.026,0.962,2.978,-1.004,2.253,2.984,4.916,1.682,7.556,-0.018,-2.006,-4.0,-1.001,-3.002,1.973,-1.97,6.191,-2.0,-0.046,-0.023,-1.015,-1.0,1.751,-1.034,0.945,-4.0,-2.613,-1.012,-2.048,-2.017,3.922,-3.0,4.677,-2.004,1.294,0.0,-0.068,-2.0,-1.037,-3.042,-0.023,3.392,-0.019,0.973,1.927,-0.375,-5.0,-0.022,1.932,0.51,-0.032,-1.022,4.079,-0.008,2.447,0.0,0.0,0.0,0.0,0.0,0.0,0.0,0.0,0.0,0.0
GoldS210,XAUUSDc,293,4.888,9.776,3,0.1043,304.61,489,12.2699,1,7,0,0.01,1.7,2.5,0.0,0.0,15,1,-20.003,23,0,2,0,0.2,0.0,0.0,0.0,0.0,0.0,-1.0,11.329,-3.999,-4.0,-3.0,-6.0,-0.501,-0.512,-2.0,0.494,-3.503,-3.0,-5.0,-4.0,-4.0,8.844,2.791,-5.0,-0.94,1.262,-1.519,-1.193,-4.0,19.612,-5.0,-4.0,-4.0,0.483,12.42,-2.513,3.698,-6.999,4.435,-3.0,-1.524,3.994,-2.999,-6.0,-2.0,-2.999,-4.0,-3.0,-0.35,23.779,-5.0,-3.501,-4.0,-6.0,-4.0,-1.0,-4.189,-4.0,1.418,9.445,2.788,10.402,-3.501,-3.0,13.739,10.367,3.973,-4.0,20.634,1.546,20.178,3.963,-3.0,-3.999,19.025,-3.0,-4.0,-4.0,0.498,-1.506,-5.0,-4.0,-3.0,-3.999,-3.0,4.984,2.302,-1.0,-5.999,-5.0,3.008,-4.0,-0.406,-1.525,-1.508,-5.0,-5.0,-3.0,-6.0,-4.0,-5.0,0.0,0.852,-2.0,-2.0,-1.593,2.683,-2.56,-4.0,-2.0,-4.0,-6.0,-4.0,10.437,18.14,-3.0,-3.0,10.614,3.807,-4.0,9.669,0.0,0.0,0.0,0.0,0.0,0.0,0.0,0.0,0.0,0.0
GoldS210,XAUUSDc,402,-7.6955,-15.391,3,-0.2634,0.0,499,26.6533,1,9,0,0.01,1.7,1.5,0.0,0.0,15,1,-23.528,10,0,2,0,0.4,0.0,0.0,0.0,0.0,0.0,1.479,2.029,-4.0,-4.0,-3.0,-5.0,11.231,-1.506,-3.0,-0.504,-4.502,-3.0,-0.749,-4.0,-4.0,-3.453,-1.22,1.066,-1.925,-1.455,-1.023,-1.478,-4.0,0.602,-2.511,-4.0,-4.0,-2.51,-2.511,3.651,5.623,-5.0,5.103,-3.0,6.691,0.064,-0.515,1.582,-2.0,-2.999,-4.0,-3.0,5.438,3.429,-2.51,9.578,-1.503,-1.609,-1.511,-1.0,-2.879,-1.51,-2.353,-0.454,1.525,5.162,-2.007,-3.0,6.843,-4.0,4.139,2.531,5.778,0.493,3.695,1.987,7.236,0.263,3.468,8.651,-4.0,-4.0,-0.501,-2.503,-1.509,-5.0,2.731,8.129,2.385,1.439,0.093,-1.0,-1.937,0.799,6.228,-4.0,-1.123,0.351,-2.505,-2.502,1.078,-2.0,1.221,-4.0,4.436,0.0,1.399,-2.0,-2.0,-2.559,0.465,2.569,-1.526,-0.539,4.401,-0.802,-4.0,1.061,2.343,1.964,3.831,-6.0,3.059,-3.0,-3.507,0.0,0.0,0.0,0.0,0.0,0.0,0.0,0.0,0.0,0.0
GoldS210,XAUUSDc,674,2.7765,5.553,3,0.1692,284.08,418,17.4641,1,9,0,0.01,1.5,2.5,0.0,1.0,15,1,-10.222,29,0,2,0,0.6,0.0,0.0,0.0,0.0,0.0,-1.0,11.181,-4.0,-3.0,-0.504,-5.0,-0.501,0.488,-3.0,0.494,-3.503,-2.0,-2.0,2.911,-3.0,-3.0,1.561,-4.0,-1.0,7.689,0.481,5.567,4.224,5.77,-3.0,-4.0,-4.0,0.483,4.393,-0.513,2.051,-6.0,-0.514,0.413,-1.524,-3.0,4.025,1.482,-1.0,-3.0,-3.0,-4.0,9.026,-2.647,-5.0,21.516,-3.0,-6.0,-4.0,-1.0,3.532,-4.0,1.461,5.274,6.323,6.131,-1.501,-3.0,-2.0,-5.0,-0.529,-4.0,6.541,0.546,13.002,2.694,-3.0,-3.0,14.365,-3.0,0.0,-3.0,-0.502,-1.506,-4.0,-3.0,2.361,13.161,-3.0,0.83,2.302,-1.0,-2.528,1.735,8.985,-4.0,-0.527,-3.0,2.994,-5.0,0.471,-2.0,-3.0,-1.536,1.55,0.0,0.852,-2.0,2.191,-1.593,1.441,0.439,-4.0,-2.0,7.54,-5.999,-3.0,-0.536,-5.0,-4.0,-3.0,5.396,-0.504,-3.0,1.648,0.0,0.0,0.0,0.0,0.0,0.0,0.0,0.0,0.0,0.0
GoldS210,XAUUSDc,793,-1.75,-5.25,2,-0.104,0.0,457,23.1947,1,7,0,0.01,1.5,2.0,0.0,0.0,15,1,-11.747,10,0,2,0,0.8,0.0,0.0,0.0,0.0,0.0,1.972,4.778,-4.0,1.458,-4.0,-5.0,7.59,-0.01,-3.0,-0.005,-3.003,-2.0,-3.0,-4.0,-3.0,2.277,-0.371,-4.0,-0.839,0.278,2.474,0.579,1.025,0.345,-5.0,-4.0,-4.0,-0.014,0.976,8.301,0.334,-1.589,0.243,-3.0,0.972,-3.0,1.629,-4.0,-3.0,0.416,-3.0,-4.0,3.685,4.353,-2.013,9.348,-1.004,-6.0,-1.014,-1.0,0.454,-3.999,-5.0,1.595,0.862,5.138,-3.001,-3.0,1.084,-4.0,-1.054,-4.0,12.356,0.991,5.228,1.786,2.162,-4.0,4.886,-3.0,0.0,-5.0,-0.002,-2.005,1.849,2.735,0.0,8.353,-0.009,5.364,1.197,-1.0,-6.0,-1.158,11.726,-4.0,-0.198,2.647,0.938,-5.0,-1.378,-2.0,-4.0,-4.0,4.922,0.0,-0.11,-2.0,-2.0,-2.076,0.953,2.223,4.486,-2.0,10.921,-6.0,-4.0,3.193,3.293,3.575,5.006,-5.0,6.654,-3.0,-0.008,0.0,0.0,0.0,0.0,0.0,0.0,0.0,0.0,0.0,0.0
GoldS210,XAUUSDc,863,-3.7025,-7.405,3,-0.3283,0.0,408,19.8529,1,11,0,0.01,1.9,2.5,0.0,1.0,15,1,-17.081,22,0,2,0,0.8,0.0,0.0,0.0,0.0,0.0,-1.0,5.603,-4.0,-3.0,-0.504,-5.0,-0.501,0.488,-3.0,0.494,-2.503,4.914,-2.0,2.128,-3.0,-2.0,0.439,-4.0,-1.0,5.409,0.481,2.564,3.627,3.586,-3.0,-3.0,3.661,0.483,3.197,-0.513,2.339,-6.0,-0.515,0.413,-1.524,-3.0,8.645,1.482,-1.0,-3.0,-3.0,-4.0,7.334,-2.647,-5.0,14.613,-3.0,-6.0,-4.0,-1.0,2.353,-4.0,1.461,4.141,4.061,3.898,-1.501,-3.0,-2.0,-4.0,-0.529,-4.0,1.518,0.558,2.438,2.32,3.612,-3.0,8.288,-3.0,0.0,-3.0,-0.502,-1.506,-4.0,-3.0,1.732,8.94,-3.0,0.471,0.461,-1.0,-1.527,-0.304,7.547,-4.0,-0.527,-3.0,1.472,-5.0,0.176,-2.0,-3.0,-1.536,3.398,0.0,0.852,-2.0,2.191,-1.593,1.441,0.439,6.79,-2.0,5.826,-6.0,-3.0,5.715,2.968,-4.0,-3.0,3.032,0.496,-4.0,1.332,0.0,0.0,0.0,0.0,0.0,0.0,0.0,0.0,0.0,0.0
GoldS210,XAUUSDc,782,-1.5985,-3.197,3,-0.0994,0.0,445,35.9551,1,9,0,0.01,1.5,1.5,0.0,1.0,15,1,-6.463,0,0,2,0,0.8,0.0,0.0,0.0,0.0,0.0,1.479,1.098,-4.0,-0.508,-1.502,-1.568,2.429,-0.507,-3.0,-0.504,-3.502,1.15,-1.999,-0.555,-3.0,-1.673,-1.591,3.979,1.29,-1.554,2.421,-0.478,0.263,-1.738,-1.511,-1.515,-4.0,-0.51,1.266,-0.066,2.134,-5.0,3.356,-0.58,2.469,-3.0,2.69,0.489,-1.0,0.756,-2.999,-4.0,3.905,0.463,-2.51,4.652,0.946,-2.558,-1.511,-1.0,-3.014,-1.51,1.933,0.301,1.439,3.244,-2.501,-3.0,3.442,-4.0,0.796,0.863,1.151,0.493,0.392,5.508,2.664,-0.525,5.084,4.295,0.0,-3.0,-1.501,-2.503,2.066,-1.529,1.994,1.487,0.944,-1.025,0.093,-1.0,-3.517,3.709,2.419,-4.0,-1.516,2.687,-1.552,-2.502,0.436,-2.0,5.503,-4.0,4.068,0.0,1.399,-2.0,0.794,0.726,0.465,-0.536,1.819,-0.539,9.406,-3.519,-3.0,0.966,-0.041,-1.56,1.718,-1.964,4.337,-3.0,0.72,0.0,0.0,0.0,0.0,0.0,0.0,0.0,0.0,0.0,0.0
GoldS210,XAUUSDc,70,-0.7055,-1.411,3,-0.0284,0.0,452,31.6372,1,9,0,0.01,1.9,1.5,0.0,1.0,15,1,-15.507,9,0,2,0,0.0,0.0,0.0,0.0,0.0,0.0,1.479,7.175,-4.0,-0.508,-1.502,-5.0,2.429,-0.507,-3.0,-0.504,-4.502,4.965,-1.999,-0.555,-3.0,-2.069,-1.22,3.54,-2.0,-1.554,2.421,-1.478,-3.999,0.96,-1.511,-1.515,-4.0,-1.51,-1.511,-0.066,4.296,-5.0,-0.017,-0.58,2.469,-3.0,3.714,0.489,-1.0,-3.0,-3.0,-4.0,0.888,-3.15,-2.51,7.795,0.946,-1.609,-1.511,-1.0,-3.014,-1.51,1.933,1.291,1.439,5.516,-1.007,-3.0,3.442,-3.999,1.716,2.531,-2.531,0.493,3.169,1.986,5.515,-0.525,3.467,9.399,-2.0,-2.0,-1.501,-2.503,-1.509,-1.529,1.994,10.096,0.944,-1.025,0.093,-1.0,-3.517,1.368,2.419,-4.0,-1.516,2.687,-1.552,-2.502,1.078,-2.0,5.298,-4.0,4.918,0.0,1.399,-2.0,0.794,3.107,0.465,-0.536,-1.526,-0.539,9.641,-3.519,-3.0,0.966,-0.041,-1.56,3.076,-1.227,4.418,-4.0,0.94,0.0,0.0,0.0,0.0,0.0,0.0,0.0,0.0,0.0,0.0
GoldS210,XAUUSDc,395,-1.1807,-3.542,2,-0.1472,0.0,477,50.1048,1,11,0,0.01,1.9,1.0,0.0,1.0,15,1,-4.542,0,0,2,0,0.4,0.0,0.0,0.0,0.0,0.0,0.986,-1.008,-1.022,0.986,-0.015,-2.003,0.941,0.977,-1.047,-0.009,-4.001,-0.165,0.934,0.755,-3.0,-2.068,-1.071,1.979,-0.125,0.93,0.932,1.982,1.99,-2.012,-2.007,-0.059,-4.0,-0.049,-2.008,-0.061,2.89,1.99,0.968,-1.077,0.978,-3.0,0.935,-0.007,-1.0,-1.002,-0.001,-4.0,2.891,-1.147,-3.007,2.948,1.942,-2.016,-2.007,-1.0,-4.009,-2.007,2.922,-1.054,0.96,3.819,0.967,-3.0,1.955,-0.088,-1.026,0.962,4.953,0.99,-0.023,2.984,1.936,-0.016,3.977,-0.018,-1.103,-1.0,-1.001,-3.002,1.973,-1.059,1.985,-2.0,-0.046,-0.023,-1.015,-1.0,0.918,-1.034,0.946,-4.0,-2.011,1.926,-2.048,-2.017,3.922,-0.006,4.907,-2.004,1.965,0.0,-0.068,-2.0,0.941,-1.09,-0.023,-0.029,-0.019,0.973,3.924,-2.034,-2.007,-0.022,2.932,-2.055,-0.032,-0.097,1.965,-0.008,1.91,0.0,0.0,0.0,0.0,0.0,0.0,0.0,0.0,0.0,0.0
GoldS210,XAUUSDc,437,-3.414,-6.828,3,-0.122,0.0,489,17.7914,1,7,0,0.01,1.7,2.0,0.0,0.0,15,1,-22.781,31,0,2,0,0.4,0.0,0.0,0.0,0.0,0.0,1.972,5.522,-4.0,-4.0,-3.0,-5.0,16.726,-1.01,-2.0,-0.005,-4.003,-3.0,-5.0,-4.0,-4.0,-0.361,0.997,-2.025,-6.0,0.278,-2.015,-2.067,-4.0,6.008,-5.0,-4.0,-4.0,-0.014,2.988,13.185,1.028,1.134,2.733,-3.0,0.97,1.511,-3.0,-5.0,-3.0,-2.999,-4.0,-3.0,-0.844,4.855,-2.014,4.472,-1.004,-6.0,-1.014,-1.0,1.549,-4.0,-3.032,0.957,1.99,6.369,-4.001,-3.0,3.885,-4.0,1.498,-4.0,31.258,0.991,5.973,2.674,1.717,-4.0,7.68,-3.0,-4.0,-4.0,-0.002,-2.005,-4.0,-5.0,-0.001,12.953,-0.009,2.991,1.197,-1.0,-6.0,-5.0,17.115,-4.0,-1.142,-2.02,-2.006,-5.0,-0.507,-3.0,-5.999,-4.0,1.316,0.0,-0.11,-2.0,-2.0,-2.076,0.953,3.952,-4.0,-2.0,9.041,-6.0,-4.0,4.854,9.429,9.234,8.349,-6.0,5.162,-3.0,-1.009,0.0,0.0,0.0,0.0,0.0,0.0,0.0,0.0,0.0,0.0
GoldS210,XAUUSDc,250,-0.32,-0.96,2,-0.0193,0.0,452,31.8584,1,9,0,0.01,1.9,1.5,0.0,1.0,15,1,-9.786,10,0,2,0,0.2,0.0,0.0,0.0,0.0,0.0,1.479,6.646,-4.0,-0.508,-1.502,-5.0,2.429,-0.507,-3.0,-0.504,-4.502,4.965,-1.999,-0.555,-3.0,-2.069,-1.22,3.54,-2.0,-1.554,2.421,-1.478,-3.0,-0.04,-1.511,-1.515,-4.0,-1.51,-1.511,-0.066,4.296,-5.0,-0.017,-0.58,2.469,-3.0,3.714,0.489,-1.0,-3.0,-3.0,-4.0,0.888,-3.15,-2.51,7.795,0.946,-1.609,-1.511,-1.0,-3.014,-1.51,1.933,1.291,1.439,5.516,-1.007,-3.0,3.442,-3.999,1.716,2.531,5.794,0.493,3.169,1.986,5.515,-0.525,3.467,9.399,-2.0,-2.0,-1.501,-2.503,-1.509,-1.529,1.994,2.752,0.944,-1.025,0.093,-1.0,-3.517,1.368,2.419,-4.0,-1.516,2.687,-1.552,-2.502,1.078,-2.0,5.298,-4.0,4.918,0.0,1.399,-2.0,0.794,3.107,0.465,-0.536,-1.526,-0.539,9.641,-3.519,-3.0,0.966,-0.041,-1.56,3.076,-1.227,4.418,-4.0,0.94,0.0,0.0,0.0,0.0,0.0,0.0,0.0,0.0,0.0,0.0
GoldS210,XAUUSDc,768,-11.556,-34.668,2,-0.6559,0.0,479,30.2714,1,5,0,0.01,1.5,1.5,0.0,0.5,15,1,-38.172,0,0,2,0,0.8,0.0,0.0,0.0,0.0,0.0,1.479,1.823,-4.0,-0.508,-4.0,-5.0,3.295,-0.506,-3.0,-0.002,-3.502,1.518,-2.999,-4.0,-3.0,-0.637,-1.591,3.338,0.958,-0.524,-0.88,-4.0,0.418,-1.554,-5.0,-4.0,-4.0,-0.51,1.151,3.718,4.931,-5.0,4.713,0.304,3.848,-3.0,-0.515,-4.0,-2.999,2.579,-3.0,-4.0,4.921,3.432,-2.51,6.846,-1.503,-2.821,-1.511,-1.0,-3.014,-0.647,-2.882,-3.0,-0.514,4.411,-2.501,-3.0,4.593,-4.0,0.435,1.241,1.951,0.493,-2.33,6.321,3.773,0.157,4.714,3.969,0.0,-5.0,-0.501,-2.503,2.289,-0.034,3.504,2.264,0.944,-0.343,0.093,-1.0,-6.0,0.129,0.946,-4.0,-1.123,0.799,-1.644,-2.502,-0.068,-2.0,7.425,-4.0,5.168,0.0,1.399,-2.0,-2.0,-2.559,0.465,1.003,-1.526,-0.539,6.329,-2.672,-5.0,1.835,-1.041,0.584,2.414,-2.098,5.097,-3.0,1.428,0.0,0.0,0.0,0.0,0.0,0.0,0.0,0.0,0.0,0.0
GoldS210,XAUUSDc,381,-6.0413,-18.124,2,-0.4895,0.0,513,42.6901,1,7,0,0.01,1.9,1.0,0.0,0.5,15,1,-22.695,0,0,2,0,0.4,0.0,0.0,0.0,0.0,0.0,0.986,-2.007,0.069,-0.014,-3.0,-1.034,2.573,2.554,-1.047,-0.009,-4.001,-3.0,-5.0,-4.0,-3.0,0.439,-0.6,3.523,-3.02,1.537,-0.025,1.56,2.314,-2.012,-5.0,-4.0,-4.0,1.339,-2.008,2.426,4.156,6.679,0.968,-3.0,2.954,-3.0,-1.01,-1.007,-2.0,0.996,-0.828,-3.0,2.582,1.007,-3.007,6.493,-0.009,-2.016,-2.007,-1.0,-4.009,-2.007,-0.52,-4.0,-0.009,4.036,2.074,-3.0,2.748,2.237,-0.026,0.962,2.978,-1.004,1.75,2.984,4.104,1.575,5.758,-0.018,-2.006,-3.999,-1.001,-3.002,1.973,-2.559,3.933,-2.0,-0.046,-0.023,-1.015,-1.0,1.751,-1.034,-0.207,-4.0,-2.613,2.694,-2.048,-2.017,3.922,-3.0,4.677,-2.004,1.294,0.0,-0.068,-2.0,-1.037,-3.042,-0.023,3.18,-0.019,0.973,1.927,-0.562,-5.0,-0.022,1.933,0.51,-0.032,-1.034,3.976,-0.008,2.447,0.0,0.0,0.0,0.0,0.0,0.0,0.0,0.0,0.0,0.0
GoldS210,XAUUSDc,427,-7.8623,-23.587,2,-0.5461,0.0,451,32.3725,1,11,0,0.01,1.7,1.5,0.0,1.0,15,1,-30.385,2,0,2,0,0.4,0.0,0.0,0.0,0.0,0.0,1.479,2.548,-4.0,-0.508,-1.502,-5.0,2.429,-0.506,-3.0,-0.504,-4.502,2.594,-1.999,-0.555,-3.0,-0.515,-1.251,2.066,4.285,-1.554,2.421,-1.478,2.258,-0.398,-1.511,-1.515,-4.0,-1.51,-1.511,-0.066,-0.228,-5.0,5.103,-0.58,2.469,-3.0,3.714,0.489,-1.0,-3.0,-3.0,-4.0,0.888,-3.15,-2.51,3.154,0.946,-1.609,-1.511,-1.0,-3.014,-1.51,1.933,1.291,1.439,2.355,-1.007,-3.0,3.442,-3.999,1.716,-0.038,3.097,0.493,1.986,1.986,3.351,-0.525,3.467,8.117,-2.0,-2.0,-1.501,-2.503,-1.509,-1.529,1.994,2.982,0.944,-1.025,-0.523,-1.0,-3.517,1.208,2.419,-4.0,-1.516,2.687,-1.552,-2.502,1.123,-2.0,3.087,-4.0,3.448,0.0,1.399,-2.0,0.794,1.585,0.465,-0.536,-1.526,-0.539,7.844,-3.519,-3.0,0.966,-0.041,-1.56,3.051,-2.546,4.418,-3.0,-1.507,0.0,0.0,0.0,0.0,0.0,0.0,0.0,0.0,0.0,0.0
GoldS210,XAUUSDc,823,-7.0857,-21.257,2,-0.512,0.0,425,25.4118,1,11,0,0.01,1.7,2.0,0.0,1.0,15,1,-26.715,2,0,2,0,0.8,0.0,0.0,0.0,0.0,0.0,1.972,3.334,-4.0,-0.01,-1.003,-5.0,4.941,-0.01,-3.0,-0.005,-3.003,3.146,-2.0,0.377,-3.0,-0.263,-0.693,-4.0,-1.0,1.859,-0.015,4.562,2.11,0.134,-3.0,-3.0,0.137,-0.014,0.968,2.551,0.919,-6.0,-1.012,-0.083,0.97,-3.0,6.023,0.986,-1.0,-3.0,-3.0,-4.0,4.247,2.685,-2.014,6.912,-0.004,-6.0,-1.014,-1.0,-0.067,-4.0,-0.032,1.423,2.292,1.913,-2.001,-3.0,-0.062,-4.0,-2.023,-4.0,9.255,0.991,-0.922,0.985,0.986,-3.0,4.886,-3.0,0.0,-3.0,-1.002,-2.005,0.484,0.746,-0.001,5.542,-0.009,4.601,-0.031,-1.0,-2.021,-1.406,5.31,-4.0,-1.022,-3.0,-0.091,-5.0,-1.378,-2.0,-3.0,-2.032,3.424,0.0,-0.11,-2.0,1.484,-2.076,0.953,-0.049,4.368,-2.0,9.772,-6.0,-3.0,1.955,3.089,0.408,4.221,-4.0,6.315,-3.0,-1.01,0.0,0.0,0.0,0.0,0.0,0.0,0.0,0.0,0.0,0.0
GoldS210,XAUUSDc,846,-10.804,-21.608,3,-0.4653,0.0,437,18.0778,1,9,0,0.01,1.7,2.5,0.0,0.5,15,1,-31.321,22,0,2,0,0.8,0.0,0.0,0.0,0.0,0.0,-1.0,9.212,-4.0,-3.0,-4.0,-5.0,-0.501,0.488,-3.0,0.494,-2.503,-2.0,-2.999,-4.0,-3.0,-2.0,7.418,-4.0,-5.0,1.547,4.184,2.295,2.61,3.586,0.533,-4.0,-4.0,0.483,3.164,-0.513,1.792,-5.999,-0.515,-3.0,-1.524,-3.0,3.238,2.322,-2.0,2.116,-3.0,-4.0,6.334,-3.647,-5.0,15.366,-4.0,-6.0,-4.0,-1.0,2.353,-4.0,2.046,4.399,0.442,6.586,-1.501,-3.0,-2.0,-5.0,-0.529,-4.0,3.646,0.546,11.294,2.32,3.612,-2.0,9.791,-3.0,0.0,-5.0,0.498,-1.506,-4.0,-3.0,1.732,11.238,-3.0,-0.334,2.302,-1.0,-0.411,-0.021,10.79,-4.0,0.163,-0.526,-1.508,-5.0,-0.621,-2.0,-4.0,-0.177,1.67,0.0,0.852,-2.0,-2.0,-1.593,1.441,3.38,7.102,-2.0,5.844,-6.0,-4.0,-0.535,2.968,-4.0,-3.0,2.032,1.035,-3.0,1.591,0.0,0.0,0.0,0.0,0.0,0.0,0.0,0.0,0.0,0.0
GoldS210,XAUUSDc,543,1.5247,2.287,4,0.0723,112.55,510,44.902,1,11,0,0.01,1.5,1.0,0.0,0.0,15,1,-0.287,0,0,2,0,0.6,0.0,0.0,0.0,0.0,0.0,0.986,-0.891,-1.022,2.13,-1.206,-0.72,3.363,-0.023,-3.0,0.704,-4.001,0.411,0.236,-4.0,-3.007,-4.002,-3.005,2.693,-1.198,0.955,-0.025,2.273,3.008,-2.012,-3.007,-1.295,-4.0,1.186,-1.272,1.3,2.295,4.266,0.968,-0.309,1.489,-2.009,1.076,-2.002,-2.0,0.996,0.191,-4.0,2.006,1.467,-3.007,4.34,-0.009,-2.016,-2.007,-1.0,-3.967,-2.007,-1.298,-2.005,0.668,5.129,0.684,-3.0,3.295,1.003,-0.277,0.962,6.368,1.465,0.923,3.752,3.576,-0.282,4.714,-0.018,-2.006,-4.0,-1.001,-3.002,1.973,0.036,3.178,-1.01,0.611,-0.023,-1.015,-1.0,0.918,-1.034,0.157,-4.0,-1.766,3.748,-3.003,-2.017,3.922,0.949,3.917,-2.004,0.971,0.0,-0.068,-2.0,1.925,-3.042,-0.023,1.914,-0.019,0.973,4.732,-0.418,-4.0,0.038,1.933,0.034,0.759,1.656,3.478,-0.008,-1.055,0.0,0.0,0.0,0.0,0.0,0.0,0.0,0.0,0.0,0.0
GoldS210,XAUUSDc,223,-15.7545,-31.509,3,-0.473,0.0,497,26.1569,1,11,0,0.01,1.7,1.5,0.0,0.0,15,1,-55.458,12,0,2,0,0.2,0.0,0.0,0.0,0.0,0.0,1.479,4.991,-4.0,-4.0,-3.0,-6.0,3.321,-1.507,-3.0,-0.504,-4.501,-3.0,-0.748,-4.0,-4.0,-4.503,-1.251,2.54,2.399,-1.455,-1.023,-0.478,1.258,0.96,-2.51,-4.0,-4.0,-0.51,2.961,-1.508,-0.151,-5.0,-0.017,1.556,-0.021,-1.513,2.318,-0.068,-2.0,-3.0,-4.0,-3.0,-3.397,8.575,-2.51,9.123,-1.503,-1.609,-1.511,-1.0,-2.879,-1.51,-2.353,-0.454,1.658,6.277,-2.007,-3.0,1.603,-4.0,4.355,-0.038,3.325,0.493,4.363,1.986,7.776,0.263,3.467,0.319,-4.0,-4.0,-0.501,-2.503,-1.509,-5.0,2.731,3.917,2.385,-1.025,-0.523,-1.0,-3.517,3.447,22.443,-4.0,-1.123,-1.069,-2.505,-2.502,1.123,-3.0,1.221,-4.0,3.972,0.0,1.399,-2.0,-2.0,-2.559,0.465,-0.083,-1.526,-0.539,8.125,-0.457,-4.0,1.061,-0.041,1.964,6.026,-6.0,2.375,-4.0,-0.508,0.0,0.0,0.0,0.0,0.0,0.0,0.0,0.0,0.0,0.0
GoldS210,XAUUSDc,694,-8.2843,-24.853,2,-0.3246,0.0,448,11.8304,1,9,0,0.01,1.9,3.0,0.0,0.0,15,1,-48.51,31,0,2,0,0.6,0.0,0.0,0.0,0.0,0.0,-1.0,15.067,-4.0,-3.0,-4.0,-5.0,-0.001,-0.014,-3.0,-3.0,-3.004,-2.0,-2.999,-4.0,-4.0,-6.0,2.969,-4.0,-5.0,0.252,-5.0,-5.0,5.868,13.13,-3.999,-4.0,-4.0,-3.0,8.711,-0.016,-5.0,-6.0,3.315,-3.0,-1.029,4.184,-3.0,6.195,-2.0,-3.0,-3.0,-4.0,2.18,-0.029,-5.0,7.732,-4.999,-6.0,-4.0,-1.0,9.203,-4.0,1.422,6.071,4.19,9.838,-2.001,-3.0,-2.0,-5.0,-4.0,-4.0,-3.999,1.066,17.982,2.099,-3.0,-3.0,21.657,-3.0,0.0,-4.999,0.997,-1.007,-4.0,-3.0,5.814,17.924,-3.0,0.883,3.407,-1.0,3.366,-5.0,7.475,-4.0,0.805,-6.0,-1.01,-5.0,4.97,-2.0,-5.0,1.954,0.037,0.0,3.42,-2.0,-2.0,-4.0,7.36,7.115,-4.0,-2.0,16.596,-6.0,-4.0,-4.0,-4.0,-3.0,-3.0,-4.999,3.746,-3.0,4.252,0.0,0.0,0.0,0.0,0.0,0.0,0.0,0.0,0.0,0.0
GoldS210,XAUUSDc,63,-6.3428,-38.057,1,-0.7956,0.0,452,31.1947,1,11,0,0.01,1.5,1.5,0.0,1.0,15,1,-47.975,5,0,2,0,0.0,0.0,0.0,0.0,0.0,0.0,1.479,-2.508,-4.0,-0.508,-1.502,-5.0,2.429,-0.507,-3.0,-0.504,-4.502,4.965,-2.0,-0.555,-3.0,-3.503,-1.251,3.54,8.918,-1.554,2.421,-1.478,2.258,-0.04,-1.511,-1.515,-4.0,-1.51,-1.511,-0.066,0.796,-5.0,-0.017,-0.58,2.469,-3.0,3.714,0.489,-1.0,-3.0,-3.0,-4.0,0.889,-3.15,-2.51,3.981,0.946,-1.609,-1.511,-1.0,-3.014,-1.51,1.933,1.291,1.439,2.355,-1.007,-3.0,3.442,-3.999,1.716,-0.038,-2.531,0.493,3.169,1.986,4.166,-0.525,3.467,0.32,-2.0,-2.0,-1.501,-2.503,-1.509,-1.529,1.994,-0.598,0.944,-1.025,-0.523,-1.0,-3.517,1.208,2.419,-4.0,-1.516,2.687,-1.552,-2.502,1.123,-2.0,3.087,-4.0,3.448,0.0,1.399,-2.0,0.794,1.816,0.465,-0.536,-1.526,-0.539,10.604,-3.519,-3.0,0.966,-0.041,-1.56,3.076,-2.546,4.418,-4.0,-0.508,0.0,0.0,0.0,0.0,0.0,0.0,0.0,0.0,0.0,0.0
GoldS210,XAUUSDc,95,-7.5792,-45.475,1,-0.5338,0.0,484,17.7686,1,11,0,0.01,1.9,2.0,0.0,0.5,15,1,-89.216,15,0,2,0,0.0,0.0,0.0,0.0,0.0,0.0,1.972,-3.008,-4.0,-1.01,-3.0,-6.0,-2.0,-0.01,-4.0,-0.005,-4.003,-3.0,0.545,-4.0,-3.0,39.741,0.365,-2.025,-5.0,5.174,-3.015,-0.576,5.172,2.504,-0.331,-4.0,-4.0,-2.014,3.663,-2.011,-6.0,-6.0,-2.012,3.13,0.97,-3.0,0.571,1.386,-2.0,-2.999,-4.0,-3.0,-3.064,-3.161,-2.014,24.156,-1.004,-6.0,-1.014,-1.0,0.414,-4.0,0.112,0.941,0.947,1.455,-2.001,-4.0,-0.061,-4.0,-3.023,-4.0,-1.379,0.991,7.815,0.985,-0.014,-2.999,11.518,-2.999,-4.0,-4.0,-0.002,-2.005,-4.0,-4.0,-0.001,-4.0,-0.009,9.367,-0.031,-1.0,-3.022,-5.999,-2.008,-4.0,-0.48,-3.021,-4.0,-5.0,-0.445,-2.0,-3.999,-0.162,3.688,0.0,-0.11,-2.0,-2.0,-2.076,0.953,0.888,-4.0,-2.0,23.307,-6.0,-5.0,1.955,1.006,6.424,8.299,-6.0,9.243,-4.0,-0.01,0.0,0.0,0.0,0.0,0.0,0.0,0.0,0.0,0.0,0.0
GoldS210,XAUUSDc,859,-3.7025,-7.405,3,-0.3283,0.0,408,19.8529,1,11,0,0.01,1.7,2.5,0.0,1.0,15,1,-17.081,22,0,2,0,0.8,0.0,0.0,0.0,0.0,0.0,-1.0,5.603,-4.0,-3.0,-0.504,-5.0,-0.501,0.488,-3.0,0.494,-2.503,4.914,-2.0,2.128,-3.0,-2.0,0.439,-4.0,-1.0,5.409,0.481,2.564,3.627,3.586,-3.0,-3.0,3.661,0.483,3.197,-0.513,2.339,-6.0,-0.515,0.413,-1.524,-3.0,8.645,1.482,-1.0,-3.0,-3.0,-4.0,7.334,-2.647,-5.0,14.613,-3.0,-6.0,-4.0,-1.0,2.353,-4.0,1.461,4.141,4.061,3.898,-1.501,-3.0,-2.0,-4.0,-0.529,-4.0,1.518,0.558,2.438,2.32,3.612,-3.0,8.288,-3.0,0.0,-3.0,-0.502,-1.506,-4.0,-3.0,1.732,8.94,-3.0,0.471,0.461,-1.0,-1.527,-0.304,7.547,-4.0,-0.527,-3.0,1.472,-5.0,0.176,-2.0,-3.0,-1.536,3.398,0.0,0.852,-2.0,2.191,-1.593,1.441,0.439,6.79,-2.0,5.826,-6.0,-3.0,5.715,2.968,-4.0,-3.0,3.032,0.496,-4.0,1.332,0.0,0.0,0.0,0.0,0.0,0.0,0.0,0.0,0.0,0.0
GoldS210,XAUUSDc,233,-10.6513,-15.977,4,-0.2446,0.0,501,24.3513,1,7,0,0.01,1.7,1.5,0.0,0.5,15,1,-30.855,16,0,2,0,0.2,0.0,0.0,0.0,0.0,0.0,1.479,-3.506,-4.0,-1.508,-3.0,-6.0,9.533,-0.507,-3.0,-0.504,-4.501,-3.0,-5.0,-4.0,-3.0,-2.069,-0.795,-3.519,-1.925,1.021,-1.023,-1.942,-4.0,0.96,-5.0,-4.0,-4.0,-2.51,-1.511,-0.264,13.921,-6.0,15.82,-3.0,11.815,-3.0,-0.515,-5.0,-2.0,-2.999,-4.0,-3.0,-3.563,1.317,-2.51,13.928,-1.503,-6.0,-1.511,-1.0,-3.014,0.594,-1.194,-3.999,0.486,5.895,-1.007,-3.0,9.05,-4.0,-3.517,2.531,3.116,0.493,6.19,4.358,9.784,2.269,3.467,12.985,-4.0,-4.0,-0.501,-2.503,-1.509,3.672,2.731,10.878,0.944,0.09,0.093,-1.0,-5.999,1.707,6.634,-4.0,-1.877,-2.515,-1.552,-2.502,1.078,-3.0,1.257,-4.0,1.427,0.0,1.399,-2.0,-3.0,-2.559,0.465,2.023,-1.526,-0.539,7.44,-0.457,-5.0,0.966,-1.041,1.964,3.076,-6.0,7.577,-4.0,2.086,0.0,0.0,0.0,0.0,0.0,0.0,0.0,0.0,0.0,0.0
GoldS210,XAUUSDc,661,-19.756,-59.268,2,-0.8086,0.0,461,14.0998,1,7,0,0.01,1.5,2.5,0.0,0.5,15,1,-71.803,31,0,2,0,0.6,0.0,0.0,0.0,0.0,0.0,-1.0,8.699,-4.0,-3.0,-3.999,-5.0,-0.501,0.489,-3.0,0.494,-3.503,-2.0,-2.999,-4.0,-3.0,-3.0,2.39,-4.0,1.912,2.796,-1.519,-5.0,3.23,6.124,-5.0,-4.0,-4.0,0.483,5.59,-1.513,2.082,0.79,2.369,-3.0,-1.524,-3.0,-3.0,-4.0,-3.0,-3.0,-3.0,-4.0,10.663,0.511,-5.0,8.722,-4.0,-6.0,-4.0,-1.0,4.329,-4.0,2.418,-4.0,1.442,8.282,-1.501,-3.0,-2.0,-5.0,-1.529,-4.0,6.541,0.546,18.621,4.889,-3.0,-3.0,10.277,-3.0,-4.0,-4.0,0.498,-1.506,-4.0,-3.0,1.913,9.535,-3.0,2.302,2.302,-1.0,-6.0,-5.0,18.32,-4.0,0.594,-2.525,2.609,-5.0,2.671,-2.0,-5.0,-4.0,-5.0,0.0,0.852,-2.0,-2.0,-1.593,2.683,-2.56,-4.0,-2.0,9.063,-5.999,-4.0,10.008,-5.999,-3.0,-3.0,2.262,1.382,-3.0,2.819,0.0,0.0,0.0,0.0,0.0,0.0,0.0,0.0,0.0,0.0
GoldS210,XAUUSDc,895,-1.8203,-10.922,1,-0.3212,0.0,401,15.4613,1,11,0,0.01,1.7,3.0,0.0,1.0,15,1,-23.273,32,0,2,0,0.8,0.0,0.0,0.0,0.0,0.0,-1.0,8.411,-4.0,-3.0,-4.0,-5.0,-0.001,0.986,-3.0,-3.0,-2.004,6.683,-2.0,3.877,-3.0,-2.0,1.57,-4.0,-1.0,9.13,-2.999,-4.0,5.144,9.351,-3.0,-3.0,-4.0,-2.0,5.428,-0.016,6.542,-6.0,2.29,0.91,-1.029,-3.0,11.237,1.979,-1.0,-3.0,-3.0,-4.0,2.906,0.841,-5.0,3.273,-4.0,-6.0,-4.0,-1.0,5.228,-4.0,1.953,6.337,5.829,0.963,-1.001,-3.0,-2.0,-4.0,-4.0,-4.0,-4.0,1.078,8.183,4.305,5.273,-3.0,7.022,-3.0,0.0,-3.0,-0.003,-1.007,-4.0,-3.0,4.129,3.305,-3.0,2.046,0.954,-1.0,-0.032,-5.0,4.865,-4.0,-0.033,-3.0,3.036,-5.0,4.529,-2.0,-3.0,-1.04,5.919,0.0,4.844,-2.0,2.897,-4.0,8.04,0.927,9.089,-2.0,10.904,-6.0,-3.0,-4.0,-4.0,-4.0,-3.0,-4.0,0.995,-4.0,3.035,0.0,0.0,0.0,0.0,0.0,0.0,0.0,0.0,0.0,0.0
GoldS210,XAUUSDc,867,-7.8093,-11.714,4,-0.2871,0.0,425,14.8235,1,11,0,0.01,1.5,3.0,0.0,0.0,15,1,-26.181,30,0,2,0,0.8,0.0,0.0,0.0,0.0,0.0,-1.0,8.779,-4.0,-2.999,-4.0,-5.0,-0.001,0.986,-3.0,-3.0,-2.004,8.238,-1.999,-4.0,-3.0,-2.0,1.57,-4.0,-5.0,0.252,1.917,-4.0,5.144,9.351,-4.0,-4.0,-4.0,-2.0,6.945,-0.016,7.393,-6.0,2.29,3.2,-1.029,-3.0,9.476,2.684,-2.0,-2.0,-3.0,-4.0,8.687,-1.555,-5.0,4.631,-5.0,-6.0,-4.0,-1.0,5.642,-4.0,0.212,6.471,2.387,7.244,-2.001,-3.0,-2.0,-4.0,-4.0,-4.0,-4.0,1.078,10.467,2.099,5.273,-3.0,11.073,-3.0,0.0,-5.0,0.997,-1.007,-4.0,-3.0,4.129,5.124,-3.0,2.557,0.954,-1.0,-0.032,-4.999,6.339,-4.0,0.805,-5.0,5.256,-5.0,4.529,-2.0,-3.999,0.633,6.232,0.0,4.844,-2.0,-2.0,-4.0,7.36,4.084,9.089,-2.0,10.904,-6.0,-4.0,-4.0,-4.0,-3.0,-3.0,-4.999,2.566,-4.0,3.035,0.0,0.0,0.0,0.0,0.0,0.0,0.0,0.0,0.0,0.0
GoldS210,XAUUSDc,547,1.5247,2.287,4,0.0723,112.55,510,44.902,1,11,0,0.01,1.7,1.0,0.0,0.0,15,1,-0.287,0,0,2,0,0.6,0.0,0.0,0.0,0.0,0.0,0.986,-0.891,-1.022,2.13,-1.206,-0.72,3.363,-0.023,-3.0,0.704,-4.001,0.411,0.236,-4.0,-3.007,-4.002,-3.005,2.693,-1.198,0.955,-0.025,2.273,3.008,-2.012,-3.007,-1.295,-4.0,1.186,-1.272,1.3,2.295,4.266,0.968,-0.309,1.489,-2.009,1.076,-2.002,-2.0,0.996,0.191,-4.0,2.006,1.467,-3.007,4.34,-0.009,-2.016,-2.007,-1.0,-3.967,-2.007,-1.298,-2.005,0.668,5.129,0.684,-3.0,3.295,1.003,-0.277,0.962,6.368,1.465,0.923,3.752,3.576,-0.282,4.714,-0.018,-2.006,-4.0,-1.001,-3.002,1.973,0.036,3.178,-1.01,0.611,-0.023,-1.015,-1.0,0.918,-1.034,0.157,-4.0,-1.766,3.748,-3.003,-2.017,3.922,0.949,3.917,-2.004,0.971,0.0,-0.068,-2.0,1.925,-3.042,-0.023,1.914,-0.019,0.973,4.732,-0.418,-4.0,0.038,1.933,0.034,0.759,1.656,3.478,-0.008,-1.055,0.0,0.0,0.0,0.0,0.0,0.0,0.0,0.0,0.0,0.0
GoldS210,XAUUSDc,827,-7.0857,-21.257,2,-0.512,0.0,425,25.4118,1,11,0,0.01,1.9,2.0,0.0,1.0,15,1,-26.715,2,0,2,0,0.8,0.0,0.0,0.0,0.0,0.0,1.972,3.334,-4.0,-0.01,-1.003,-5.0,4.941,-0.01,-3.0,-0.005,-3.003,3.146,-2.0,0.377,-3.0,-0.263,-0.693,-4.0,-1.0,1.859,-0.015,4.562,2.11,0.134,-3.0,-3.0,0.137,-0.014,0.968,2.551,0.919,-6.0,-1.012,-0.083,0.97,-3.0,6.023,0.986,-1.0,-3.0,-3.0,-4.0,4.247,2.685,-2.014,6.912,-0.004,-6.0,-1.014,-1.0,-0.067,-4.0,-0.032,1.423,2.292,1.913,-2.001,-3.0,-0.062,-4.0,-2.023,-4.0,9.255,0.991,-0.922,0.985,0.986,-3.0,4.886,-3.0,0.0,-3.0,-1.002,-2.005,0.484,0.746,-0.001,5.542,-0.009,4.601,-0.031,-1.0,-2.021,-1.406,5.31,-4.0,-1.022,-3.0,-0.091,-5.0,-1.378,-2.0,-3.0,-2.032,3.424,0.0,-0.11,-2.0,1.484,-2.076,0.953,-0.049,4.368,-2.0,9.772,-6.0,-3.0,1.955,3.089,0.408,4.221,-4.0,6.315,-3.0,-1.01,0.0,0.0,0.0,0.0,0.0,0.0,0.0,0.0,0.0,0.0
GoldS210,XAUUSDc,174,89.7158,107.659,5,1.9024,79.16,426,11.7371,1,9,0,0.01,1.7,3.0,0.0,1.0,15,1,22.433,21,0,2,0,0.0,0.0,0.0,0.0,0.0,0.0,-1.0,51.335,-4.0,-3.0,-4.0,-5.0,-0.001,0.986,-3.0,-3.0,-3.004,-2.0,-1.999,7.585,-3.0,-5.0,3.076,-5.0,-2.0,-0.067,-3.999,-5.0,-3.999,23.978,-3.0,-4.0,-4.0,-4.0,11.782,-0.016,-4.0,-6.0,5.558,0.91,-1.029,-3.0,15.838,1.979,-1.0,-3.0,-3.0,-4.0,-3.0,-2.153,-4.999,-5.0,-4.0,-6.0,-4.0,-1.0,8.789,-3.999,1.953,-3.0,24.853,13.178,-2.001,-3.0,-1.999,-4.999,-4.0,-4.0,-5.999,2.066,34.849,5.92,-2.999,-3.0,83.227,-2.999,-2.0,-2.0,-0.003,-1.007,-4.0,-4.0,-3.0,-4.0,-2.999,2.914,3.407,-1.0,-1.033,-6.0,3.865,-4.0,-0.033,-3.0,17.176,-5.0,4.97,-2.0,-2.999,-1.04,2.724,0.0,3.42,-2.0,2.897,-4.0,8.04,0.927,-4.0,-2.0,13.741,-6.0,-3.0,-4.0,-5.0,-4.0,-3.0,-4.999,-0.005,-4.0,11.095,0.0,0.0,0.0,0.0,0.0,0.0,0.0,0.0,0.0,0.0
GoldS210,XAUUSDc,802,-5.0053,-15.016,2,-0.283,0.0,457,23.6324,1,9,0,0.01,1.9,2.0,0.0,0.0,15,1,-21.402,8,0,2,0,0.8,0.0,0.0,0.0,0.0,0.0,1.972,5.393,-4.0,1.249,-4.0,-5.0,7.547,-0.01,-3.0,-0.005,-3.002,-2.0,-2.999,-4.0,-3.0,2.386,-0.387,-4.0,-5.0,-0.886,2.474,3.885,1.437,0.134,-0.332,-4.0,-4.0,-0.014,0.944,4.935,1.028,-5.999,-1.012,-3.0,0.97,-3.0,1.78,1.081,-2.0,0.524,-3.0,-4.0,2.826,2.703,-2.014,7.492,-1.004,-6.0,-1.014,-1.0,0.161,-4.0,-2.214,1.587,0.862,4.445,-3.001,-3.0,0.718,-4.0,-1.331,-4.0,11.6,0.991,4.898,0.985,0.986,-3.0,4.886,-3.0,0.0,-5.0,-0.002,-2.005,0.855,2.695,-0.001,8.022,-0.009,3.63,1.197,-1.0,-1.538,-0.887,8.232,-4.0,-0.48,1.435,-2.006,-5.0,-1.378,-2.0,-4.0,-0.987,4.922,0.0,-0.11,-2.0,-2.0,-2.076,0.953,2.223,4.486,-2.0,10.592,-6.0,-4.0,2.086,3.813,3.048,4.412,-5.0,7.217,-3.0,-1.01,0.0,0.0,0.0,0.0,0.0,0.0,0.0,0.0,0.0,0.0
GoldS210,XAUUSDc,724,-2.601,-5.202,3,-0.1449,0.0,506,44.664,1,5,0,0.01,1.7,1.0,0.0,0.0,15,1,-7.17,0,0,2,0,0.8,0.0,0.0,0.0,0.0,0.0,0.986,-0.883,-0.589,1.613,-1.632,-1.032,2.126,1.538,-1.047,0.32,-4.001,0.24,-0.271,-4.0,-3.0,-1.124,-3.005,2.778,-1.174,1.908,0.211,0.474,2.587,-2.012,-5.0,-1.633,-4.0,0.84,-3.008,-0.307,4.365,3.506,1.336,-0.638,1.555,-3.0,-1.01,-1.007,-1.999,0.996,0.142,-4.0,4.027,1.048,-3.007,4.401,-0.009,-2.016,-2.007,-1.0,-3.967,-2.007,-3.02,-2.998,0.393,5.144,0.733,-3.0,3.52,0.665,-0.594,1.218,6.406,1.538,-1.586,3.593,3.116,-0.698,4.625,0.428,-0.144,-4.0,-1.001,-3.002,1.973,0.16,3.125,-1.518,0.224,0.798,-1.015,-1.0,1.271,-0.356,-0.436,-4.0,-1.766,4.03,-3.003,-2.017,3.922,0.549,6.676,-2.004,3.071,0.0,-0.068,-2.0,1.671,-3.042,-0.023,0.502,-0.019,0.973,4.563,-0.934,-5.0,0.038,3.35,-0.424,-0.479,-1.411,0.419,0.303,2.747,0.0,0.0,0.0,0.0,0.0,0.0,0.0,0.0,0.0,0.0
GoldS210,XAUUSDc,268,-22.4982,-134.989,1,-0.8977,0.0,500,14.8,1,5,0,0.01,1.7,2.0,0.0,0.5,15,1,-150.838,18,0,2,0,0.2,0.0,0.0,0.0,0.0,0.0,1.972,-3.008,-4.0,-1.01,-3.0,-6.0,10.997,-0.01,-3.0,0.893,-4.002,-3.0,-5.0,-4.0,-3.0,2.792,0.997,-3.025,-6.0,-5.0,-3.014,-1.066,-4.0,12.789,-5.0,-4.0,-4.0,-2.014,-5.0,2.641,-7.0,-6.0,-0.943,3.072,0.97,-3.0,-3.0,-5.0,-2.0,-2.999,-4.0,-3.0,-0.633,2.119,-2.014,9.663,-1.004,-6.0,-1.014,-1.0,-5.008,-4.0,0.112,-4.0,0.947,7.043,-3.001,-3.0,-0.062,-4.0,-3.022,-4.0,16.943,0.991,-6.0,3.14,4.412,-2.999,-0.022,-3.0,-4.0,-4.0,-0.002,-2.005,-4.0,-4.0,4.007,-4.0,-0.009,1.243,1.197,-1.0,-6.0,-5.0,1.135,-4.0,-0.48,3.439,1.208,-4.999,-2.063,-3.0,-5.0,-4.0,1.58,0.0,-0.11,-2.0,-3.0,-2.076,0.953,-3.049,-4.0,-2.0,13.797,-6.0,-5.0,11.679,-3.041,3.405,1.42,-6.0,3.483,-4.0,3.676,0.0,0.0,0.0,0.0,0.0,0.0,0.0,0.0,0.0,0.0
GoldS210,XAUUSDc,354,49.1195,98.239,3,1.7672,82.79,425,11.7647,1,9,0,0.01,1.7,3.0,0.0,1.0,15,1,16.903,21,0,2,0,0.2,0.0,0.0,0.0,0.0,0.0,-1.0,48.515,-4.0,-3.0,-4.0,-5.0,-0.001,0.986,-3.0,-3.0,-3.004,-2.0,-1.999,7.585,-3.0,-5.0,3.076,-5.0,-2.0,-0.067,-2.999,-5.0,-3.0,22.978,-3.0,-4.0,-4.0,-4.0,11.782,-0.016,-4.0,-6.0,5.558,0.91,-1.029,-3.0,15.838,1.979,-1.0,-3.0,-3.0,-4.0,-3.0,-2.153,-4.999,-5.0,-4.0,-6.0,-4.0,-1.0,8.789,-4.0,1.953,-3.0,21.144,13.178,-2.001,-3.0,-1.999,-4.999,-4.0,-4.0,-5.998,2.066,34.849,5.92,-2.999,-3.0,79.337,-2.999,-2.0,-2.0,-0.003,-1.007,-4.0,-4.0,-3.0,-4.0,-2.999,2.914,3.407,-1.0,-1.033,-6.0,3.865,-4.0,-0.033,-3.0,17.176,-5.0,4.97,-2.0,-2.999,-1.04,2.724,0.0,3.42,-2.0,2.897,-4.0,8.04,0.927,-4.0,-2.0,13.741,-6.0,-3.0,-4.0,-5.0,-4.0,-3.0,-4.999,-0.005,-4.0,11.095,0.0,0.0,0.0,0.0,0.0,0.0,0.0,0.0,0.0,0.0
GoldS210,XAUUSDc,459,-3.5717,-10.715,2,-0.2671,0.0,438,21.9178,1,11,0,0.01,1.5,2.0,0.0,1.0,15,1,-24.026,20,0,2,0,0.4,0.0,0.0,0.0,0.0,0.0,1.972,7.284,-4.0,-0.01,-1.003,-5.0,0.938,-0.009,-3.0,-0.005,-4.003,5.366,-1.999,0.924,-3.0,1.967,0.365,-2.025,-1.0,10.311,-0.015,-1.577,5.172,1.972,-3.0,-3.0,2.866,-1.014,3.663,3.047,-6.0,-6.0,-1.012,-0.083,0.971,-3.0,3.41,0.986,-1.0,-3.0,-3.0,-4.0,-0.066,-2.161,-2.014,15.374,-0.004,-6.0,-1.014,-1.0,0.414,-4.0,-0.032,3.135,2.789,0.913,-2.001,-4.0,-0.061,-3.999,-2.023,-4.0,8.082,0.991,2.725,0.985,-0.014,-3.0,7.68,-2.999,-2.0,-2.0,-1.002,-2.005,-4.0,3.947,-0.001,2.676,-0.009,8.612,-0.031,-1.0,-3.022,-5.999,6.789,-4.0,-1.022,-3.0,1.358,-5.0,-0.445,-2.0,-2.998,-2.032,3.911,0.0,-0.11,-2.0,1.484,-2.076,0.953,-0.049,-4.0,-2.0,16.942,-6.0,-3.0,1.955,-2.042,1.658,8.252,-4.0,6.441,-3.0,-1.009,0.0,0.0,0.0,0.0,0.0,0.0,0.0,0.0,0.0,0.0
GoldS210,XAUUSDc,207,-1.1807,-3.542,2,-0.1472,0.0,477,50.1048,1,11,0,0.01,1.5,1.0,0.0,1.0,15,1,-4.542,0,0,2,0,0.2,0.0,0.0,0.0,0.0,0.0,0.986,-1.008,-1.022,0.986,-0.015,-2.003,0.941,0.977,-1.047,-0.009,-4.001,-0.165,0.934,0.755,-3.0,-2.068,-1.071,1.979,-0.125,0.93,0.932,1.982,1.99,-2.012,-2.007,-0.059,-4.0,-0.049,-2.008,-0.061,2.89,1.99,0.968,-1.077,0.978,-3.0,0.935,-0.007,-1.0,-1.002,-0.001,-4.0,2.891,-1.147,-3.007,2.948,1.942,-2.016,-2.007,-1.0,-4.009,-2.007,2.922,-1.054,0.96,3.819,0.967,-3.0,1.955,-0.088,-1.026,0.962,4.953,0.99,-0.023,2.984,1.936,-0.016,3.977,-0.018,-1.103,-1.0,-1.001,-3.002,1.973,-1.059,1.985,-2.0,-0.046,-0.023,-1.015,-1.0,0.918,-1.034,0.946,-4.0,-2.011,1.926,-2.048,-2.017,3.922,-0.006,4.907,-2.004,1.965,0.0,-0.068,-2.0,0.941,-1.09,-0.023,-0.029,-0.019,0.973,3.924,-2.034,-2.007,-0.022,2.932,-2.055,-0.032,-0.097,1.965,-0.008,1.91,0.0,0.0,0.0,0.0,0.0,0.0,0.0,0.0,0.0,0.0
GoldS210,XAUUSDc,414,-2.9652,-17.791,1,-0.3801,0.0,492,27.8455,1,9,0,0.01,1.7,1.5,0.0,0.5,15,1,-25.72,9,0,2,0,0.4,0.0,0.0,0.0,0.0,0.0,1.479,2.638,-4.0,-1.508,-3.0,-5.0,5.443,-0.506,-4.0,-0.504,-4.502,-3.0,-0.749,-4.0,-3.0,3.929,-1.22,1.066,-1.925,0.81,-1.023,-1.478,-3.0,-0.398,-2.511,-4.0,-4.0,-0.51,3.418,2.99,6.032,-5.0,5.103,-3.0,6.691,-3.0,-0.515,1.582,-2.0,-2.999,-4.0,-3.0,5.272,0.613,-2.51,5.384,-1.503,-1.609,-1.511,-1.0,-3.014,-1.51,-1.194,-0.373,0.486,5.302,-1.007,-3.0,3.442,-4.0,0.716,2.531,5.778,0.493,3.695,1.987,7.236,2.093,3.468,8.651,-4.0,-3.999,-0.501,-2.503,-1.509,0.761,2.731,6.102,0.944,-1.025,0.093,-1.0,-1.937,1.368,3.002,-4.0,-1.123,0.351,-2.505,-2.502,1.078,-2.0,2.221,-4.0,4.436,0.0,1.399,-2.0,-3.0,-2.559,0.465,2.569,-1.526,-0.539,4.401,-0.802,-5.0,0.966,-1.041,1.964,3.051,-6.0,7.136,-3.0,-3.507,0.0,0.0,0.0,0.0,0.0,0.0,0.0,0.0,0.0,0.0
GoldS210,XAUUSDc,725,-3.756,-7.512,3,-0.1876,0.0,503,45.328,1,7,0,0.01,1.7,1.0,0.0,0.0,15,1,-9.407,0,0,2,0,0.8,0.0,0.0,0.0,0.0,0.0,0.986,-0.514,-0.646,1.633,-1.566,-1.318,2.239,1.538,-1.047,0.44,-4.001,0.349,-0.303,-4.0,-3.0,-1.107,-3.005,2.271,-1.174,1.286,-0.025,0.029,2.587,-2.012,-5.0,-1.592,-4.0,0.784,-2.008,-0.523,3.835,3.532,0.968,-3.0,1.586,-3.0,-1.01,-1.007,-2.0,0.996,0.172,-4.0,3.439,0.698,-3.006,4.369,-0.009,-2.016,-2.007,-1.0,-3.967,-2.007,-3.02,-0.998,-0.607,5.085,0.675,-3.0,3.151,0.809,-0.57,1.218,5.614,-1.004,0.528,3.593,2.929,-0.698,4.593,-0.018,-0.158,-4.0,-1.001,-3.002,1.973,-0.038,2.917,-1.477,0.224,0.223,-1.015,-1.0,1.271,-0.766,2.005,-4.0,-1.644,3.109,-1.684,-2.017,3.922,0.418,3.946,-2.004,2.302,0.0,-0.068,-2.0,1.593,-3.042,-0.023,2.348,-0.019,0.973,4.328,-1.173,-4.0,0.038,2.257,-0.354,0.52,0.034,2.744,-0.008,2.689,0.0,0.0,0.0,0.0,0.0,0.0,0.0,0.0,0.0,0.0
GoldS210,XAUUSDc,495,24.648,36.972,4,1.1947,67.14,425,16.4706,1,11,0,0.01,1.5,2.5,0.0,1.0,15,1,12.15,28,0,2,0,0.4,0.0,0.0,0.0,0.0,0.0,-1.0,11.487,-4.0,-3.0,-0.504,-5.0,-0.501,0.489,-3.0,0.494,-3.503,8.016,-1.999,4.255,-3.0,-3.0,1.982,-5.0,-1.0,19.408,0.481,-5.0,8.086,10.297,-3.0,-3.0,7.758,-0.517,8.16,-0.513,-6.0,-6.0,-0.515,0.413,-1.523,-3.0,5.592,1.482,-1.0,-3.0,-3.0,-4.0,2.252,-2.647,-5.0,23.321,-3.0,-6.0,-4.0,-1.0,3.532,-4.0,1.461,12.633,6.326,2.898,-1.501,-4.0,-1.999,-5.0,-0.529,-4.0,1.323,1.558,10.195,2.901,-3.0,-3.0,12.277,-2.999,-2.0,-2.0,-0.502,-1.506,-4.0,-3.0,3.451,5.765,-3.0,4.254,0.461,-1.0,-2.528,-5.999,9.837,-4.0,-0.527,-3.0,4.505,-5.0,3.064,-2.0,-2.998,-1.536,5.797,0.0,0.852,-2.0,2.191,-1.593,1.441,0.439,-4.0,-2.0,5.751,-6.0,-3.0,8.861,-5.0,-4.0,-3.0,12.317,0.496,-4.0,3.852,0.0,0.0,0.0,0.0,0.0,0.0,0.0,0.0,0.0,0.0
GoldS210,XAUUSDc,81,-19.4863,-58.459,2,-0.5255,0.0,501,16.1677,1,7,0,0.01,1.9,2.0,0.0,0.0,15,1,-74.308,25,0,2,0,0.0,0.0,0.0,0.0,0.0,0.0,1.972,6.271,-3.999,-4.0,-3.0,-6.0,5.681,-1.01,-2.0,-0.005,-4.003,-3.0,-5.0,-4.0,-4.0,0.712,0.997,-3.025,-6.0,0.278,-2.015,-2.067,-4.0,9.814,-4.999,-4.0,-4.0,-0.014,5.566,2.825,1.028,-7.0,1.733,-3.0,0.97,1.511,-2.999,-5.999,-2.0,-2.999,-4.0,-3.0,-2.843,-6.02,-2.014,4.916,-1.004,-6.0,-1.014,-1.0,1.549,-4.0,-0.888,0.957,1.99,6.369,-4.001,-3.0,19.892,-4.0,1.547,-4.0,9.677,0.991,8.18,2.674,1.717,-3.999,13.008,-4.0,-3.0,-4.0,-0.002,-2.005,-4.999,-4.0,-0.001,-3.999,-0.009,1.991,1.197,-1.0,-6.0,-5.0,1.524,-4.0,-1.142,-2.02,-2.006,-5.0,-0.507,-3.0,-6.0,-4.0,1.316,0.0,-0.11,-2.0,-2.0,-2.076,0.953,4.649,-4.0,-2.0,14.797,-6.0,-4.0,5.444,13.021,9.325,11.926,-6.0,5.376,-4.0,-0.01,0.0,0.0,0.0,0.0,0.0,0.0,0.0,0.0,0.0,0.0
GoldS210,XAUUSDc,411,-3.1703,-19.022,1,-0.4803,0.0,489,28.8344,1,11,0,0.01,1.5,1.5,0.0,0.5,15,1,-27.215,3,0,2,0,0.4,0.0,0.0,0.0,0.0,0.0,1.479,1.55,-4.0,-1.508,-3.0,-5.0,5.927,-0.506,-4.0,-0.504,-4.502,-3.0,-0.749,-4.0,-3.0,4.193,-1.251,1.066,2.399,0.81,-1.023,-1.478,2.258,-0.398,-2.511,-4.0,-4.0,-0.51,3.529,3.089,-0.228,-5.0,5.103,1.556,5.377,-3.0,2.318,-0.068,-2.0,-3.0,-4.0,-3.0,5.272,1.088,-2.51,4.164,-1.503,-1.609,-1.511,-1.0,-3.014,-1.51,-1.194,-0.373,0.486,2.734,-1.007,-3.0,3.442,-4.0,4.127,-0.038,6.018,0.493,3.625,1.986,5.248,2.093,3.467,8.117,-4.0,-3.999,-0.501,-2.503,-1.509,0.761,2.731,4.725,0.944,-1.025,-0.523,-1.0,-3.517,1.208,3.002,-4.0,-1.123,-1.069,-1.552,-2.502,1.123,-2.0,2.221,-4.0,3.972,0.0,1.399,-2.0,-2.0,-2.559,0.465,-0.083,-1.526,-0.539,5.365,-0.802,-5.0,0.966,-1.041,1.964,3.051,-6.0,6.452,-3.0,-1.507,0.0,0.0,0.0,0.0,0.0,0.0,0.0,0.0,0.0,0.0
GoldS210,XAUUSDc,742,-6.318,-12.636,3,-0.3232,0.0,501,46.3074,1,9,0,0.01,1.9,1.0,0.0,0.5,15,1,-14.326,0,0,2,0,0.8,0.0,0.0,0.0,0.0,0.0,0.986,-0.472,-0.646,0.986,-1.566,-1.671,1.368,0.977,-0.706,-0.009,-4.001,0.167,-0.31,-4.0,-3.0,-1.462,-0.641,2.271,-1.174,1.148,-0.025,0.129,2.314,-2.012,-3.007,-1.592,-4.0,0.266,-2.008,0.694,3.297,3.308,0.968,-3.0,1.482,-3.0,-1.01,-2.002,-2.0,0.996,0.191,-4.0,3.064,0.29,-3.007,3.243,-0.009,-2.016,-2.007,-1.0,-4.009,-2.007,-0.651,-0.933,-1.009,4.036,1.302,-3.0,1.955,0.873,-1.026,0.962,5.388,-1.004,0.532,2.984,3.011,0.399,4.637,-0.018,-0.551,-4.0,-1.001,-3.002,1.973,-0.653,2.804,-2.0,-0.046,-0.023,-1.015,-1.0,0.918,-1.034,1.745,-4.0,-1.766,4.022,-3.003,-2.017,3.922,0.416,6.123,-2.004,2.302,0.0,-0.068,-2.0,1.359,-3.042,-0.023,2.348,-0.019,0.973,4.328,-1.59,-4.0,-0.022,2.932,-1.354,-0.032,-0.208,2.877,-0.008,2.589,0.0,0.0,0.0,0.0,0.0,0.0,0.0,0.0,0.0,0.0
GoldS210,XAUUSDc,772,-11.556,-34.668,2,-0.6559,0.0,479,30.2714,1,5,0,0.01,1.7,1.5,0.0,0.5,15,1,-38.172,0,0,2,0,0.8,0.0,0.0,0.0,0.0,0.0,1.479,1.823,-4.0,-0.508,-4.0,-5.0,3.295,-0.506,-3.0,-0.002,-3.502,1.518,-2.999,-4.0,-3.0,-0.637,-1.591,3.338,0.958,-0.524,-0.88,-4.0,0.418,-1.554,-5.0,-4.0,-4.0,-0.51,1.151,3.718,4.931,-5.0,4.713,0.304,3.848,-3.0,-0.515,-4.0,-2.999,2.579,-3.0,-4.0,4.921,3.432,-2.51,6.846,-1.503,-2.821,-1.511,-1.0,-3.014,-0.647,-2.882,-3.0,-0.514,4.411,-2.501,-3.0,4.593,-4.0,0.435,1.241,1.951,0.493,-2.33,6.321,3.773,0.157,4.714,3.969,0.0,-5.0,-0.501,-2.503,2.289,-0.034,3.504,2.264,0.944,-0.343,0.093,-1.0,-6.0,0.129,0.946,-4.0,-1.123,0.799,-1.644,-2.502,-0.068,-2.0,7.425,-4.0,5.168,0.0,1.399,-2.0,-2.0,-2.559,0.465,1.003,-1.526,-0.539,6.329,-2.672,-5.0,1.835,-1.041,0.584,2.414,-2.098,5.097,-3.0,1.428,0.0,0.0,0.0,0.0,0.0,0.0,0.0,0.0,0.0,0.0
GoldS210,XAUUSDc,118,25.1613,75.484,2,0.9636,98.59,485,12.3711,1,9,0,0.01,1.9,2.5,0.0,0.0,15,1,1.062,23,0,2,0,0.0,0.0,0.0,0.0,0.0,0.0,-1.0,27.024,-4.0,-4.0,-3.0,-6.0,-1.501,-0.512,-3.0,0.494,-3.503,-3.0,-5.0,-4.0,-4.0,8.844,1.644,-5.0,-5.0,-0.317,-1.519,-5.0,-4.0,12.478,0.533,-4.0,-4.0,-1.517,5.521,-0.513,-5.0,-7.0,-1.515,-3.0,-1.523,22.362,-3.0,-3.999,-2.0,-2.999,-4.0,-3.0,-2.287,-8.0,-4.999,72.921,-4.0,-6.0,-4.0,-1.0,3.853,-3.999,0.498,3.682,3.28,21.328,-3.501,-3.0,9.737,-5.0,3.973,-4.0,9.18,1.546,19.897,1.526,-2.999,-3.999,49.055,-3.999,-3.0,-4.0,0.498,-1.506,-5.0,-4.0,4.095,9.962,-2.999,0.412,2.302,-1.0,1.398,-6.0,-1.51,-4.0,0.163,-2.526,-1.508,-5.0,0.471,-2.0,-4.999,0.896,-0.649,0.0,0.852,-2.0,-2.0,-1.593,1.441,7.282,-4.0,-2.0,-3.999,-6.0,-4.0,-0.536,-5.0,-3.0,-3.0,22.39,3.121,-4.0,2.851,0.0,0.0,0.0,0.0,0.0,0.0,0.0,0.0,0.0,0.0
GoldS210,XAUUSDc,346,1.3947,8.368,1,0.0787,971.99,472,9.322,1,9,0,0.01,1.9,3.0,0.0,0.5,15,1,-72.968,21,0,2,0,0.2,0.0,0.0,0.0,0.0,0.0,-1.0,47.518,-4.0,-4.0,-3.0,-6.0,-1.001,0.986,-4.0,-3.0,-3.004,-3.0,-5.0,-4.0,-3.0,-4.0,3.076,-5.0,-5.0,11.479,-4.999,-5.0,-3.0,22.978,-4.0,-4.0,-4.0,-5.0,11.782,-1.016,-4.0,-7.0,5.558,-3.0,-1.028,-3.0,-3.0,-3.999,-2.0,-2.999,-4.0,-3.0,-5.999,-3.153,-4.999,-5.0,-5.0,-6.0,-4.0,-1.0,8.789,-4.0,3.724,6.292,1.938,14.044,-2.001,-3.0,-1.999,-5.0,-5.0,-4.0,-5.998,2.066,45.896,5.92,-2.999,-2.999,79.337,-2.999,-4.0,-4.0,0.997,-1.007,-4.0,-4.0,-3.0,-4.0,-2.999,2.914,3.407,-1.0,4.066,-6.0,-1.012,-4.0,0.805,-6.0,-1.01,-5.0,4.97,-2.0,-3.999,1.954,0.037,0.0,3.42,-2.0,-3.0,-4.0,8.04,10.006,-4.0,-2.0,-3.999,-6.0,-5.0,-4.0,-6.0,-3.0,-3.0,-5.999,4.386,-4.0,6.2,0.0,0.0,0.0,0.0,0.0,0.0,0.0,0.0,0.0,0.0
GoldS210,XAUUSDc,620,-31.1365,-62.273,3,-0.6493,0.0,485,17.9381,1,5,0,0.01,1.9,2.0,0.0,0.0,15,1,-75.687,23,0,2,0,0.6,0.0,0.0,0.0,0.0,0.0,1.972,5.556,-4.0,2.587,-4.0,-5.0,3.897,-1.01,-2.0,0.893,-4.002,-2.0,-3.0,-4.0,-5.0,0.051,0.72,-4.0,0.202,2.557,-3.015,-0.035,3.307,1.61,-5.0,-4.0,-4.0,-0.014,-5.0,2.357,-6.0,-5.0,-0.942,2.175,0.97,1.336,-3.0,-5.0,-3.0,-3.0,-3.0,-4.0,5.359,0.76,-2.014,3.656,-1.004,-6.0,-1.014,-1.0,-4.78,-4.0,-6.0,0.454,2.549,4.146,-3.001,-3.0,-3.0,-4.0,-1.07,-0.79,10.897,0.991,1.346,2.528,2.799,-3.999,5.734,-2.999,-4.0,-4.0,-0.002,-2.005,3.591,10.414,2.383,6.281,-0.009,1.13,1.197,-1.0,-6.0,-5.0,10.82,-4.0,-0.48,3.473,0.361,-5.0,-2.063,-2.0,-6.0,-4.0,8.778,0.0,-0.11,-2.0,-2.0,-2.076,0.953,2.675,-4.0,-2.0,13.258,-6.0,-5.0,4.657,4.091,3.405,7.339,-5.0,-1.044,-3.0,-1.01,0.0,0.0,0.0,0.0,0.0,0.0,0.0,0.0,0.0,0.0
GoldS210,XAUUSDc,389,-1.1807,-3.542,2,-0.1472,0.0,477,50.1048,1,7,0,0.01,1.7,1.0,0.0,1.0,15,1,-4.542,0,0,2,0,0.4,0.0,0.0,0.0,0.0,0.0,0.986,-1.008,-1.022,0.986,-0.015,-2.003,0.941,0.977,-1.047,-0.009,-4.001,-0.165,0.934,0.755,-3.0,-2.068,-1.071,1.979,-0.125,0.93,0.932,1.982,1.99,-2.012,-2.007,-0.059,-4.0,-0.049,-2.008,-0.061,2.89,1.99,0.968,-1.077,0.978,-3.0,0.935,-0.007,-1.0,-1.002,-0.001,-4.0,2.891,-1.147,-3.007,2.948,1.942,-2.016,-2.007,-1.0,-4.009,-2.007,2.922,-1.054,0.96,3.819,0.967,-3.0,1.955,-0.088,-1.026,0.962,4.953,0.99,-0.023,2.984,1.936,-0.016,3.977,-0.018,-1.103,-1.0,-1.001,-3.002,1.973,-1.059,1.985,-2.0,-0.046,-0.023,-1.015,-1.0,0.918,-1.034,0.946,-4.0,-2.011,1.926,-2.048,-2.017,3.922,-0.006,4.907,-2.004,1.965,0.0,-0.068,-2.0,0.941,-1.09,-0.023,-0.029,-0.019,0.973,3.924,-2.034,-2.007,-0.022,2.932,-2.055,-0.032,-0.097,1.965,-0.008,1.91,0.0,0.0,0.0,0.0,0.0,0.0,0.0,0.0,0.0,0.0
GoldS210,XAUUSDc,112,-29.986,-89.958,2,-0.8758,0.0,500,10.6,1,5,0,0.01,1.7,2.5,0.0,0.0,15,1,-118.163,20,0,2,0,0.0,0.0,0.0,0.0,0.0,0.0,-1.0,-0.795,-4.0,-3.999,-3.0,-6.0,-1.498,-0.512,-2.0,1.787,-3.503,-2.999,-5.0,-4.0,-5.0,12.186,2.791,-5.0,-0.94,9.775,-2.518,2.328,-4.0,25.205,-5.0,-4.0,-4.0,0.483,-6.0,-2.513,-6.0,-6.0,0.08,4.631,-1.523,23.42,-3.0,-6.0,-2.0,-2.999,-4.0,-3.0,15.79,8.106,-5.0,-3.469,-4.0,-6.0,-4.0,-1.0,-4.189,-4.0,-3.043,-5.0,3.51,7.638,-3.501,-3.0,8.491,-4.0,-5.999,-0.147,-4.999,14.288,-6.0,3.963,11.47,-3.998,0.472,-3.0,-4.0,-3.999,0.498,-1.506,-4.0,-5.0,12.971,-5.0,-3.0,5.15,2.302,-1.0,-6.0,-5.0,2.535,-4.0,0.163,-2.526,3.047,-4.999,-5.0,-2.0,-5.999,-4.0,-5.0,0.0,0.852,-2.0,-1.999,-1.593,2.683,-2.561,-4.0,-2.0,-5.0,-6.0,-5.0,19.222,4.861,-3.0,-3.999,-6.0,-5.0,-4.0,9.669,0.0,0.0,0.0,0.0,0.0,0.0,0.0,0.0,0.0,0.0
GoldS210,XAUUSDc,90,-5.894,-17.682,2,-0.2012,0.0,489,17.5869,1,9,0,0.01,1.7,2.0,0.0,0.5,15,1,-56.722,20,0,2,0,0.0,0.0,0.0,0.0,0.0,0.0,1.972,21.524,-4.0,-1.01,-3.0,-6.0,-2.001,-0.01,-4.0,-0.005,-4.003,-3.0,0.545,-4.0,-3.0,1.712,0.211,-2.025,-5.0,5.174,-2.015,1.403,-3.999,3.504,-0.332,-4.0,-4.0,-2.014,3.262,-2.011,1.007,-7.0,-2.012,-3.0,0.971,-3.0,-3.0,-3.999,-2.0,-2.999,-4.0,-3.0,-3.065,-3.161,-2.014,42.736,-1.004,-6.0,-1.014,-1.0,0.414,-3.999,0.112,1.022,0.947,6.562,-3.001,-3.0,-0.061,-4.0,-3.023,-4.0,3.576,0.991,8.022,0.985,-0.014,-2.999,13.008,-2.999,-4.0,-4.0,-0.002,-2.005,-4.0,-4.0,-0.001,-4.0,-0.009,13.295,1.197,-1.0,-0.269,-6.0,-2.008,-4.0,-0.48,3.203,-2.006,-5.0,-0.507,-2.0,-3.999,-0.162,4.981,0.0,-0.11,-2.0,-3.0,-2.076,0.953,5.997,-4.0,-2.0,28.594,-6.0,-5.0,1.955,1.007,6.495,8.299,-6.0,10.115,-4.0,-2.01,0.0,0.0,0.0,0.0,0.0,0.0,0.0,0.0,0.0,0.0
GoldS210,XAUUSDc,494,7.0125,14.025,3,0.3804,210.78,427,15.4567,1,9,0,0.01,1.5,2.5,0.0,1.0,15,1,-15.537,23,0,2,0,0.4,0.0,0.0,0.0,0.0,0.0,-1.0,17.444,-4.0,-3.0,-0.504,-4.999,-0.501,0.489,-3.0,0.494,-3.503,-2.0,-1.999,4.255,-3.0,-3.0,1.644,-5.0,-1.0,14.279,0.481,-5.0,-3.0,10.297,-3.0,-4.0,-4.0,-0.517,7.521,-0.513,3.668,-6.0,-0.514,0.413,-1.524,-3.0,5.592,1.482,-1.0,-3.0,-3.0,-4.0,2.252,-2.647,-4.999,28.061,-3.0,-6.0,-4.0,-1.0,3.532,-4.0,1.461,-3.0,9.447,8.629,-2.501,-3.0,-1.999,-4.999,-0.529,-4.0,9.182,1.546,10.195,2.901,-3.0,-3.0,20.621,-2.999,-2.0,-2.0,-0.502,-1.506,-4.0,-3.0,3.451,11.377,-3.0,1.004,2.302,-1.0,-2.528,-6.0,9.837,-4.0,-0.527,-3.0,5.532,-5.0,0.471,-2.0,-2.999,-1.536,1.55,0.0,0.852,-2.0,2.191,-1.593,1.441,0.439,-4.0,-2.0,3.263,-6.0,-3.0,-0.536,-5.0,-4.0,-3.0,10.642,-0.504,-3.0,6.265,0.0,0.0,0.0,0.0,0.0,0.0,0.0,0.0,0.0,0.0
GoldS210,XAUUSDc,182,-6.464,-12.928,3,-0.2462,0.0,520,39.8077,1,9,0,0.01,1.5,1.0,0.0,0.0,15,1,-22.019,4,0,2,0,0.2,0.0,0.0,0.0,0.0,0.0,0.986,-2.006,0.069,-2.009,-3.0,1.048,8.095,-0.023,-3.0,1.007,-4.0,-3.0,-2.147,-4.0,-3.007,-4.002,-3.005,4.646,-3.02,0.955,-0.025,0.029,0.315,-2.012,-3.007,-4.0,-4.0,-1.01,-4.008,-0.542,9.037,1.334,0.968,-3.0,-1.015,-2.009,-1.01,-2.002,-2.0,0.996,-0.809,-3.0,0.153,5.343,-3.007,4.673,-0.009,-2.016,-2.007,-1.0,-3.967,-2.007,-1.298,-2.005,0.616,8.87,2.449,-3.0,0.274,1.513,0.681,1.218,2.978,-1.004,2.204,3.847,4.904,0.147,7.805,-0.018,-2.006,-4.0,-1.001,-3.002,0.973,-4.0,6.191,0.193,0.864,3.391,-1.015,-1.0,0.918,-3.014,7.087,-4.0,-1.766,3.455,-3.003,-2.017,3.922,1.131,3.334,-2.004,1.294,0.0,-0.068,-2.0,1.911,-3.042,-0.023,3.498,-0.019,0.973,1.927,-2.353,-4.0,0.038,-0.042,0.51,3.282,-0.841,1.305,-0.008,-1.055,0.0,0.0,0.0,0.0,0.0,0.0,0.0,0.0,0.0,0.0
GoldS210,XAUUSDc,536,31.7615,63.523,3,0.9364,105.68,430,10.9302,1,5,0,0.01,1.9,3.0,0.0,1.0,15,1,-3.606,22,0,2,0,0.4,0.0,0.0,0.0,0.0,0.0,-1.0,30.85,-4.0,-3.0,-4.0,-4.0,-0.001,0.986,-3.0,-3.0,-3.004,-2.0,-2.0,7.586,-3.0,-3.0,4.584,-5.0,-1.0,64.129,-4.0,-4.0,-3.0,21.757,-3.0,-4.0,-4.0,-3.999,-4.0,-1.016,-7.0,-5.0,8.186,0.91,-1.028,-3.0,-3.0,1.979,-1.0,-3.0,-3.0,-4.0,-4.0,11.19,-5.0,-7.0,-4.0,-6.0,-4.0,-1.0,-4.011,-4.0,1.953,-3.0,16.256,11.313,-0.646,-3.0,-2.0,-4.999,-4.0,-4.0,-5.998,10.493,28.136,6.71,10.547,-3.0,-2.999,-3.0,-2.0,-2.0,-0.003,-1.007,-4.0,-3.0,-3.0,20.723,-3.0,6.567,3.407,-1.0,-1.033,-5.0,8.812,-4.0,-0.033,-4.0,10.221,-4.999,10.139,-2.0,-2.999,-1.04,-4.0,0.0,4.002,-2.0,2.897,-4.0,21.02,-0.073,-4.0,-2.0,-5.0,-6.0,-3.0,-3.999,-5.0,-4.0,-4.0,-5.0,-0.005,-3.999,16.061,0.0,0.0,0.0,0.0,0.0,0.0,0.0,0.0,0.0,0.0
GoldS210,XAUUSDc,634,-3.3975,-6.795,3,-0.1061,0.0,466,21.6738,1,9,0,0.01,1.9,2.0,0.0,0.5,15,1,-15.81,23,0,2,0,0.6,0.0,0.0,0.0,0.0,0.0,1.972,5.497,-4.0,-0.01,-4.0,-5.0,3.462,-0.01,-4.0,-0.005,-4.003,-2.0,-2.999,-4.0,-3.0,5.015,0.152,-4.0,-5.0,1.297,-2.015,-0.474,2.578,0.748,-0.332,-4.0,-4.0,-0.014,2.075,6.291,0.053,-6.0,-1.011,-3.0,0.97,-3.0,-3.0,2.617,-2.0,-3.0,-3.0,-4.0,3.982,3.022,-2.014,11.391,-1.004,-6.0,-1.014,-1.0,0.414,-4.0,0.112,1.022,0.947,3.796,-2.001,-3.0,-0.062,-4.0,-3.023,-4.0,16.55,0.991,7.417,0.985,-0.014,-2.0,6.061,-3.0,0.0,-5.0,-0.002,-2.005,2.114,4.167,-0.001,10.164,-0.009,6.433,1.197,-1.0,-0.647,0.114,10.398,-4.0,-0.48,3.203,-2.006,-5.0,-0.507,-2.0,-4.0,-0.162,3.765,0.0,-0.11,-2.0,-2.0,-2.076,0.953,3.152,-4.0,-2.0,13.577,-6.0,-4.0,1.955,-1.608,4.862,5.687,-5.0,9.674,-3.0,-2.009,0.0,0.0,0.0,0.0,0.0,0.0,0.0,0.0,0.0,0.0
GoldS210,XAUUSDc,454,5.653,11.306,3,0.2242,139.33,479,19.6242,1,9,0,0.01,1.9,2.0,0.0,0.5,15,1,-4.447,27,0,2,0,0.4,0.0,0.0,0.0,0.0,0.0,1.972,9.703,-4.0,-1.01,-3.0,-5.0,5.619,-0.009,-4.0,-0.005,-4.003,-3.0,0.545,-4.0,-3.0,11.122,0.211,-2.025,-5.0,3.063,-2.015,0.444,-3.0,1.972,-0.332,-4.0,-4.0,-0.014,3.262,8.061,1.007,-6.0,-1.011,-3.0,0.97,-3.0,-3.0,3.653,-2.0,-2.999,-4.0,-3.0,-1.066,-3.161,-2.014,19.322,-1.004,-6.0,-1.014,-1.0,0.414,-4.0,0.112,1.022,0.947,5.605,-3.001,-3.0,-0.061,-4.0,-3.023,-4.0,24.522,0.991,5.763,0.985,-0.014,-2.0,7.68,-2.999,-4.0,-3.999,-0.002,-2.005,-4.0,9.763,-0.001,10.072,-0.009,9.021,1.197,-1.0,-0.269,-6.0,7.657,-4.0,-0.48,3.203,-2.006,-5.0,-0.507,-2.0,-3.999,-0.162,4.981,0.0,-0.11,-2.0,-3.0,-2.076,0.953,4.952,-4.0,-2.0,10.058,-5.999,-5.0,1.955,0.078,6.495,8.252,-6.0,10.115,-3.0,-3.009,0.0,0.0,0.0,0.0,0.0,0.0,0.0,0.0,0.0,0.0
GoldS210,XAUUSDc,171,-9.1152,-54.691,1,-0.856,0.0,424,11.3208,1,11,0,0.01,1.5,3.0,0.0,1.0,15,1,-80.669,19,0,2,0,0.0,0.0,0.0,0.0,0.0,0.0,-1.0,-1.016,-4.0,-3.0,-4.0,-5.0,-0.001,0.986,-3.0,-3.0,-3.004,-2.0,-2.0,7.585,-3.0,-5.0,3.599,-5.0,-2.0,-0.067,-3.999,-4.0,11.001,22.978,-3.0,-3.0,-3.999,-4.0,12.657,-0.016,-6.0,-6.0,5.558,0.91,-1.029,-3.0,7.58,1.979,-1.0,-3.0,-3.0,-4.0,-2.999,-2.153,-5.0,-5.0,-4.0,-6.0,-4.0,-1.0,7.268,-4.0,1.953,17.859,14.725,-0.037,-1.001,-4.0,-1.999,-5.0,-4.0,-4.0,-6.0,2.078,-5.0,5.92,-2.999,-3.0,18.234,-2.999,-2.0,-2.0,-0.003,-1.007,-4.0,-4.0,-3.0,-4.0,-2.999,8.513,0.954,-1.0,-1.033,-5.999,3.865,-4.0,-0.033,-3.0,-4.0,-5.0,14.056,-2.0,-2.998,-1.04,9.881,0.0,4.844,-2.0,2.897,-4.0,8.04,0.927,-4.0,-2.0,7.697,-6.0,-3.0,-4.0,-5.0,-4.0,-3.0,-4.0,0.995,-5.0,8.2,0.0,0.0,0.0,0.0,0.0,0.0,0.0,0.0,0.0,0.0
GoldS210,XAUUSDc,491,-9.1455,-18.291,3,-0.3034,0.0,462,14.5022,1,11,0,0.01,1.9,2.5,0.0,0.5,15,1,-43.113,27,0,2,0,0.4,0.0,0.0,0.0,0.0,0.0,-1.0,10.49,-4.0,-4.0,-3.0,-5.0,-0.501,0.489,-4.0,0.494,-3.503,-3.0,-5.0,-4.0,-3.0,-3.0,1.982,-5.0,-5.0,5.315,-1.519,-5.0,8.086,10.297,0.533,-4.0,-4.0,0.483,8.16,-0.513,-6.0,-6.0,-0.515,4.704,-1.524,-3.0,1.311,2.84,-2.0,-3.0,-4.0,-3.0,1.252,-3.647,-5.0,34.676,-4.0,-6.0,-4.0,-1.0,3.532,-4.0,2.418,3.837,1.442,3.602,-1.501,-4.0,-1.999,-5.0,-1.529,-4.0,3.323,0.558,15.23,2.901,-3.0,-2.0,12.277,-2.999,-4.0,-3.999,0.498,-1.506,-4.0,-3.0,3.451,14.006,-3.0,4.254,0.461,-1.0,-2.528,-5.999,11.55,-4.0,0.163,-2.526,4.505,-5.0,3.064,-2.0,-3.999,0.896,2.54,0.0,0.852,-2.0,-2.0,-1.593,1.441,5.116,-4.0,-2.0,-1.512,-5.999,-5.0,8.861,-6.0,-3.0,-3.0,10.317,3.061,-4.0,3.852,0.0,0.0,0.0,0.0,0.0,0.0,0.0,0.0,0.0,0.0
GoldS210,XAUUSDc,232,-9.913,-29.739,2,-0.3925,0.0,505,22.7723,1,5,0,0.01,1.7,1.5,0.0,0.5,15,1,-55.183,19,0,2,0,0.2,0.0,0.0,0.0,0.0,0.0,1.479,3.666,-4.0,-1.508,-3.0,-6.0,9.037,-0.507,-3.0,-0.002,-4.501,-3.0,-5.0,-4.0,-3.0,-2.157,-0.795,-3.519,-1.925,-5.0,-0.879,-1.941,-4.0,0.96,-5.0,-4.0,-4.0,-2.51,-2.511,0.514,8.91,-6.0,1.089,1.512,11.554,-3.0,-0.515,-5.0,-2.0,-2.999,-4.0,-3.0,-3.563,3.221,-2.51,17.664,-1.503,-6.0,-1.511,-1.0,-3.014,0.594,-1.194,-4.0,0.486,12.508,-1.007,-3.0,7.535,-4.0,-0.565,2.541,1.415,0.493,-0.076,4.358,11.939,2.269,7.962,5.632,-4.0,-4.0,-0.501,-2.503,-1.509,9.166,5.661,21.444,0.944,0.09,0.093,-1.0,-6.0,2.74,-2.505,-4.0,-1.123,0.351,-0.632,-2.502,-0.068,-3.0,1.544,-4.0,1.427,0.0,1.399,-2.0,-3.0,-2.559,0.465,-3.536,-1.526,-0.539,2.848,-6.0,-5.0,7.306,-1.04,1.104,0.218,-6.0,1.791,-4.0,2.087,0.0,0.0,0.0,0.0,0.0,0.0,0.0,0.0,0.0,0.0
GoldS210,XAUUSDc,441,-3.414,-6.828,3,-0.122,0.0,489,17.7914,1,7,0,0.01,1.9,2.0,0.0,0.0,15,1,-22.781,31,0,2,0,0.4,0.0,0.0,0.0,0.0,0.0,1.972,5.522,-4.0,-4.0,-3.0,-5.0,16.726,-1.01,-2.0,-0.005,-4.003,-3.0,-5.0,-4.0,-4.0,-0.361,0.997,-2.025,-6.0,0.278,-2.015,-2.067,-4.0,6.008,-5.0,-4.0,-4.0,-0.014,2.988,13.185,1.028,1.134,2.733,-3.0,0.97,1.511,-3.0,-5.0,-3.0,-2.999,-4.0,-3.0,-0.844,4.855,-2.014,4.472,-1.004,-6.0,-1.014,-1.0,1.549,-4.0,-3.032,0.957,1.99,6.369,-4.001,-3.0,3.885,-4.0,1.498,-4.0,31.258,0.991,5.973,2.674,1.717,-4.0,7.68,-3.0,-4.0,-4.0,-0.002,-2.005,-4.0,-5.0,-0.001,12.953,-0.009,2.991,1.197,-1.0,-6.0,-5.0,17.115,-4.0,-1.142,-2.02,-2.006,-5.0,-0.507,-3.0,-5.999,-4.0,1.316,0.0,-0.11,-2.0,-2.0,-2.076,0.953,3.952,-4.0,-2.0,9.041,-6.0,-4.0,4.854,9.429,9.234,8.349,-6.0,5.162,-3.0,-1.009,0.0,0.0,0.0,0.0,0.0,0.0,0.0,0.0,0.0,0.0
GoldS210,XAUUSDc,374,-6.2903,-18.871,2,-0.4371,0.0,512,43.1641,1,9,0,0.01,1.5,1.0,0.0,0.5,15,1,-22.516,0,0,2,0,0.4,0.0,0.0,0.0,0.0,0.0,0.986,-2.007,0.069,-0.014,-3.0,-1.034,2.288,0.977,-4.0,-0.009,-4.001,-3.0,-2.147,-4.0,-3.0,0.107,-0.6,3.523,-3.02,1.537,-0.025,0.375,2.314,-2.012,-3.007,-4.0,-4.0,0.862,-2.008,1.465,4.156,5.753,0.968,-3.0,2.617,-3.0,-1.01,-2.002,-2.0,0.996,-0.809,-3.0,2.413,1.007,-3.007,3.607,-0.009,-2.016,-2.007,-1.0,-4.009,-2.007,-0.52,-1.933,-0.009,4.036,1.966,-3.0,1.955,2.256,-0.026,0.962,6.443,-1.004,1.686,2.984,4.177,1.575,6.336,-0.018,-2.006,-3.999,-1.001,-3.002,1.973,-2.559,3.933,-2.0,-0.046,-0.023,-1.015,-1.0,0.918,-1.034,-0.143,-4.0,-1.766,4.359,-3.003,-2.017,3.922,1.131,6.637,-2.004,1.294,0.0,-0.068,-2.0,-1.037,-3.042,-0.023,3.18,-0.019,0.973,1.927,-0.562,-5.0,-0.022,1.932,0.51,-0.032,-1.959,3.759,-0.008,-1.055,0.0,0.0,0.0,0.0,0.0,0.0,0.0,0.0,0.0,0.0
GoldS210,XAUUSDc,419,-3.1703,-19.022,1,-0.4803,0.0,489,28.8344,1,11,0,0.01,1.9,1.5,0.0,0.5,15,1,-27.215,3,0,2,0,0.4,0.0,0.0,0.0,0.0,0.0,1.479,1.55,-4.0,-1.508,-3.0,-5.0,5.927,-0.506,-4.0,-0.504,-4.502,-3.0,-0.749,-4.0,-3.0,4.193,-1.251,1.066,2.399,0.81,-1.023,-1.478,2.258,-0.398,-2.511,-4.0,-4.0,-0.51,3.529,3.089,-0.228,-5.0,5.103,1.556,5.377,-3.0,2.318,-0.068,-2.0,-3.0,-4.0,-3.0,5.272,1.088,-2.51,4.164,-1.503,-1.609,-1.511,-1.0,-3.014,-1.51,-1.194,-0.373,0.486,2.734,-1.007,-3.0,3.442,-4.0,4.127,-0.038,6.018,0.493,3.625,1.986,5.248,2.093,3.467,8.117,-4.0,-3.999,-0.501,-2.503,-1.509,0.761,2.731,4.725,0.944,-1.025,-0.523,-1.0,-3.517,1.208,3.002,-4.0,-1.123,-1.069,-1.552,-2.502,1.123,-2.0,2.221,-4.0,3.972,0.0,1.399,-2.0,-2.0,-2.559,0.465,-0.083,-1.526,-0.539,5.365,-0.802,-5.0,0.966,-1.041,1.964,3.051,-6.0,6.452,-3.0,-1.507,0.0,0.0,0.0,0.0,0.0,0.0,0.0,0.0,0.0,0.0
GoldS210,XAUUSDc,392,-1.1807,-3.542,2,-0.1472,0.0,477,50.1048,1,5,0,0.01,1.9,1.0,0.0,1.0,15,1,-4.542,0,0,2,0,0.4,0.0,0.0,0.0,0.0,0.0,0.986,-1.008,-1.022,0.986,-0.015,-2.003,0.941,0.977,-1.047,-0.009,-4.001,-0.165,0.934,0.755,-3.0,-2.068,-1.071,1.979,-0.125,0.93,0.932,1.982,1.99,-2.012,-2.007,-0.059,-4.0,-0.049,-2.008,-0.061,2.89,1.99,0.968,-1.077,0.978,-3.0,0.935,-0.007,-1.0,-1.002,-0.001,-4.0,2.891,-1.147,-3.007,2.948,1.942,-2.016,-2.007,-1.0,-4.009,-2.007,2.922,-1.054,0.96,3.819,0.967,-3.0,1.955,-0.088,-1.026,0.962,4.953,0.99,-0.023,2.984,1.936,-0.016,3.977,-0.018,-1.103,-1.0,-1.001,-3.002,1.973,-1.059,1.985,-2.0,-0.046,-0.023,-1.015,-1.0,0.918,-1.034,0.946,-4.0,-2.011,1.926,-2.048,-2.017,3.922,-0.006,4.907,-2.004,1.965,0.0,-0.068,-2.0,0.941,-1.09,-0.023,-0.029,-0.019,0.973,3.924,-2.034,-2.007,-0.022,2.932,-2.055,-0.032,-0.097,1.965,-0.008,1.91,0.0,0.0,0.0,0.0,0.0,0.0,0.0,0.0,0.0,0.0
GoldS210,XAUUSDc,651,1.6155,3.231,3,0.1037,481.15,455,16.7033,1,11,0,0.01,1.5,2.5,0.0,0.0,15,1,-12.315,30,0,2,0,0.6,0.0,0.0,0.0,0.0,0.0,-1.0,8.08,-4.0,-2.999,-4.0,-5.0,-0.501,-0.512,-3.0,0.494,-3.503,8.869,-3.0,-4.0,-4.0,5.696,1.638,-4.0,-4.999,-0.317,-1.519,4.057,6.093,5.77,0.533,-4.0,-4.0,0.483,9.867,-0.513,-6.0,-6.0,-0.514,3.505,-1.523,2.586,1.311,2.84,-2.0,-3.0,-3.0,-4.0,4.995,-1.091,-5.0,24.203,-4.0,-6.0,-4.0,-1.0,3.853,-4.0,0.498,3.681,3.57,5.782,-2.501,-3.0,-2.0,-4.0,1.446,-4.0,2.537,0.558,7.198,1.526,-3.0,-3.0,10.189,-3.0,-4.0,-4.0,0.498,-1.506,-4.0,-3.0,2.361,19.947,-3.0,3.759,0.461,-1.0,-1.528,0.83,10.421,-4.0,0.163,-1.525,-1.508,-5.0,1.955,-2.0,-4.999,0.896,1.886,0.0,0.852,-2.0,-2.0,-1.593,1.441,4.037,-4.0,-2.0,6.459,-6.0,-4.0,4.923,2.871,-3.0,-3.0,5.621,2.962,-4.0,2.181,0.0,0.0,0.0,0.0,0.0,0.0,0.0,0.0,0.0,0.0
GoldS210,XAUUSDc,209,-1.1807,-3.542,2,-0.1472,0.0,477,50.1048,1,7,0,0.01,1.7,1.0,0.0,1.0,15,1,-4.542,0,0,2,0,0.2,0.0,0.0,0.0,0.0,0.0,0.986,-1.008,-1.022,0.986,-0.015,-2.003,0.941,0.977,-1.047,-0.009,-4.001,-0.165,0.934,0.755,-3.0,-2.068,-1.071,1.979,-0.125,0.93,0.932,1.982,1.99,-2.012,-2.007,-0.059,-4.0,-0.049,-2.008,-0.061,2.89,1.99,0.968,-1.077,0.978,-3.0,0.935,-0.007,-1.0,-1.002,-0.001,-4.0,2.891,-1.147,-3.007,2.948,1.942,-2.016,-2.007,-1.0,-4.009,-2.007,2.922,-1.054,0.96,3.819,0.967,-3.0,1.955,-0.088,-1.026,0.962,4.953,0.99,-0.023,2.984,1.936,-0.016,3.977,-0.018,-1.103,-1.0,-1.001,-3.002,1.973,-1.059,1.985,-2.0,-0.046,-0.023,-1.015,-1.0,0.918,-1.034,0.946,-4.0,-2.011,1.926,-2.048,-2.017,3.922,-0.006,4.907,-2.004,1.965,0.0,-0.068,-2.0,0.941,-1.09,-0.023,-0.029,-0.019,0.973,3.924,-2.034,-2.007,-0.022,2.932,-2.055,-0.032,-0.097,1.965,-0.008,1.91,0.0,0.0,0.0,0.0,0.0,0.0,0.0,0.0,0.0,0.0
GoldS210,XAUUSDc,637,-6.3215,-12.643,3,-0.2613,0.0,435,22.7586,1,7,0,0.01,1.5,2.0,0.0,1.0,15,1,-20.253,17,0,2,0,0.6,0.0,0.0,0.0,0.0,0.0,1.972,5.464,-4.0,-0.01,-1.003,-4.0,0.938,-0.01,-3.0,-0.005,-4.003,-2.0,-2.0,0.578,-3.0,0.817,0.72,-4.0,-1.0,3.61,-0.015,-4.0,1.777,1.771,-3.0,-4.0,-4.0,-0.014,1.205,-2.011,0.074,-0.676,1.17,-0.083,0.97,-3.0,2.26,0.986,-1.0,-3.0,-3.0,-4.0,6.378,7.265,-2.014,0.156,-0.004,-6.0,-1.014,-1.0,0.968,-4.0,-0.032,2.345,3.365,4.255,-2.001,-3.0,-0.062,-4.0,-2.023,-4.0,13.604,0.991,6.724,3.117,1.717,-3.0,6.061,-3.0,0.0,-3.0,-1.002,-2.005,3.74,1.791,-0.001,3.272,-0.009,0.068,1.197,-1.0,-3.022,1.257,10.126,-4.0,-1.022,-1.021,1.057,-5.0,-0.507,-2.0,-3.0,-2.032,5.419,0.0,-0.11,-2.0,1.484,-2.076,0.953,-1.049,-4.0,-2.0,14.372,-6.0,-3.0,3.616,-2.041,1.465,4.726,-3.999,6.441,-3.0,-2.009,0.0,0.0,0.0,0.0,0.0,0.0,0.0,0.0,0.0,0.0
GoldS210,XAUUSDc,795,-6.2577,-18.773,2,-0.4442,0.0,451,23.9468,1,11,0,0.01,1.5,2.0,0.0,0.0,15,1,-24.808,9,0,2,0,0.8,0.0,0.0,0.0,0.0,0.0,1.972,3.558,-4.0,1.377,-4.0,-5.0,7.163,-0.01,-3.0,-0.005,-3.003,4.025,-1.999,-4.0,-3.0,1.833,-0.693,-4.0,-5.0,-0.886,2.473,4.562,2.11,0.134,-0.332,-4.0,-4.0,-0.014,1.766,5.024,1.31,-6.0,-1.012,1.294,0.97,-3.0,5.174,0.491,-2.0,-2.0,-3.0,-4.0,2.826,2.703,-2.014,7.094,-1.004,-6.0,-1.014,-1.0,0.161,-4.0,-2.214,1.486,0.849,3.275,-3.001,-3.0,0.808,-4.0,-1.331,-4.0,10.075,0.991,-0.044,0.985,0.986,-3.0,4.886,-3.0,0.0,-5.0,-0.002,-2.005,0.484,2.599,-0.001,7.753,-0.009,4.916,-0.031,-1.0,-2.021,-1.508,7.866,-4.0,-0.48,-2.021,1.137,-5.0,-1.378,-2.0,-3.999,-0.987,3.555,0.0,-0.11,-2.0,-2.0,-2.076,0.953,0.888,4.368,-2.0,9.772,-6.0,-4.0,2.086,3.262,3.023,4.412,-5.0,7.006,-3.0,-1.01,0.0,0.0,0.0,0.0,0.0,0.0,0.0,0.0,0.0,0.0
GoldS210,XAUUSDc,288,-31.1547,-93.464,2,-0.8951,0.0,499,10.6212,1,5,0,0.01,1.5,2.5,0.0,0.0,15,1,-121.461,20,0,2,0,0.2,0.0,0.0,0.0,0.0,0.0,-1.0,-0.795,-4.0,-3.999,-3.0,-6.0,-0.501,-0.512,-2.0,1.787,-3.503,-2.999,-5.0,-4.0,-5.0,12.186,2.791,-5.0,-0.94,9.775,-2.518,2.328,-4.0,24.997,-5.0,-4.0,-4.0,0.483,-6.0,-2.513,-6.0,-6.0,0.08,4.631,-1.523,21.021,-3.0,-6.0,-2.0,-2.999,-4.0,-3.0,15.79,8.106,-5.0,-3.469,-4.0,-6.0,-4.0,-1.0,-4.189,-4.0,-3.043,-5.0,3.51,7.638,-3.501,-3.0,8.491,-4.0,-5.999,-0.147,-4.999,14.288,-6.0,3.963,11.47,-3.998,0.473,-3.0,-4.0,-3.999,0.498,-1.506,-4.0,-5.0,12.971,-5.0,-3.0,5.15,2.302,-1.0,-6.0,-5.0,2.536,-4.0,0.163,-2.526,3.047,-4.999,-5.0,-2.0,-5.999,-4.0,-5.0,0.0,0.852,-2.0,-2.0,-1.593,2.683,-2.561,-4.0,-2.0,-5.0,-6.0,-5.0,17.325,4.861,-3.0,-3.999,-6.0,-5.0,-4.0,9.669,0.0,0.0,0.0,0.0,0.0,0.0,0.0,0.0,0.0,0.0
GoldS210,XAUUSDc,550,2.904,5.808,3,0.1669,46.28,511,44.4227,1,9,0,0.01,1.9,1.0,0.0,0.0,15,1,3.12,0,0,2,0,0.6,0.0,0.0,0.0,0.0,0.0,0.986,-2.007,-0.398,1.89,-1.108,-0.72,3.436,-0.023,-3.0,0.784,-4.001,0.411,0.236,-4.0,-3.007,-4.002,-3.005,2.693,-0.474,0.955,-0.025,0.029,3.008,-2.012,-3.007,-1.228,-4.0,1.208,-2.008,1.278,5.392,4.542,0.968,-3.0,1.829,-2.009,-1.01,-2.002,-2.0,0.996,0.191,-4.0,2.006,1.467,-3.007,4.34,-0.009,-2.016,-2.007,-1.0,-3.967,-2.007,-1.298,-2.005,0.616,5.839,1.238,-3.0,3.147,1.15,-0.277,1.218,5.732,-1.004,0.917,3.752,3.623,-0.282,5.153,-0.018,0.688,-3.999,-1.001,-3.002,1.973,0.713,3.181,-0.953,0.611,0.711,-1.015,-1.0,0.918,-0.336,3.233,-4.0,-1.766,3.455,-3.003,-2.017,3.922,0.72,3.334,-2.004,1.294,0.0,-0.068,-2.0,1.911,-3.042,-0.023,2.631,-0.019,0.973,4.732,-0.433,-4.0,0.038,2.663,0.034,0.759,1.207,3.764,-0.008,-1.055,0.0,0.0,0.0,0.0,0.0,0.0,0.0,0.0,0.0,0.0
GoldS210,XAUUSDc,216,6.682,13.364,3,0.2655,190.39,512,22.2656,1,5,0,0.01,1.5,1.5,0.0,0.0,15,1,-12.08,21,0,2,0,0.2,0.0,0.0,0.0,0.0,0.0,1.479,1.766,-4.0,-3.999,-3.0,-6.0,18.334,-1.507,-2.0,-0.002,-4.502,-2.999,-5.0,-4.0,-5.0,-2.157,-0.795,-3.519,-1.925,1.76,-0.879,-0.266,-4.0,0.96,-5.0,-4.0,-4.0,-0.51,12.335,0.514,11.388,-6.0,1.089,1.512,11.554,0.23,-0.515,-6.0,-2.0,-2.999,-4.0,-3.0,0.536,4.176,-2.51,17.664,-1.503,-6.0,-1.511,-1.0,-2.879,0.594,-4.67,-0.633,1.655,4.828,-2.007,-3.0,2.588,-4.0,-3.048,2.541,1.416,0.493,2.143,3.358,11.939,0.264,7.962,5.632,-4.0,-3.999,-0.501,-2.503,-1.509,-5.0,1.874,23.699,2.385,3.597,0.093,-1.0,-6.0,2.294,22.45,-4.0,-1.123,3.74,-0.632,-2.502,-0.068,-2.0,-0.036,-4.0,2.577,0.0,1.399,-2.0,-2.0,-2.559,0.465,-3.536,-1.526,-0.539,2.848,-6.0,-5.0,7.401,1.674,1.104,6.463,-6.0,-2.533,-4.0,-0.508,0.0,0.0,0.0,0.0,0.0,0.0,0.0,0.0,0.0,0.0
GoldS210,XAUUSDc,524,-11.2637,-67.582,1,-0.5753,0.0,477,8.5954,1,5,0,0.01,1.9,3.0,0.0,0.5,15,1,-110.763,22,0,2,0,0.4,0.0,0.0,0.0,0.0,0.0,-1.0,29.853,-4.0,-4.0,-3.0,-5.0,-0.001,0.986,-3.0,-3.0,-3.004,-3.0,-5.0,-4.0,-3.0,-3.0,4.584,-4.0,-6.0,10.164,-6.0,-4.0,16.722,21.757,-5.0,-4.0,-4.0,-2.999,-5.0,-2.016,-7.0,-5.0,8.186,6.191,-1.028,-3.0,-3.0,-4.0,-3.0,-2.999,-4.0,-3.0,-5.0,10.19,-5.0,-7.0,-4.0,-6.0,-4.0,-1.0,-4.011,-4.0,3.724,-4.0,1.938,12.179,-0.646,-3.0,-2.0,-5.0,-4.999,-4.0,-5.998,10.493,-6.0,6.71,10.547,-3.0,-2.999,-3.0,-4.0,-4.0,0.997,-1.007,-4.0,-3.0,-3.0,40.181,-3.0,6.567,3.407,-1.0,-6.0,-5.0,4.935,-4.0,0.805,-6.0,4.886,-4.999,10.139,-3.0,-5.0,-4.0,-5.0,0.0,4.002,-2.0,-3.0,-4.0,21.02,-2.073,-4.0,-2.0,-5.0,-5.999,-5.0,-3.999,-6.0,-3.0,-4.0,-6.0,-4.0,-4.0,19.032,0.0,0.0,0.0,0.0,0.0,0.0,0.0,0.0,0.0,0.0
GoldS210,XAUUSDc,726,-3.124,-6.248,3,-0.1653,0.0,503,45.7256,1,9,0,0.01,1.7,1.0,0.0,0.0,15,1,-8.052,0,0,2,0,0.8,0.0,0.0,0.0,0.0,0.0,0.986,-0.514,-0.646,1.512,-1.566,-1.318,2.216,0.977,-0.706,0.398,-4.001,0.167,-0.31,-4.0,-3.0,-1.25,-3.005,2.271,-1.174,0.955,-0.025,0.029,2.587,-2.012,-3.007,-1.592,-4.0,0.634,-2.008,0.955,4.316,3.417,0.968,-3.0,1.482,-3.0,-1.01,-2.002,-2.0,0.996,0.191,-4.0,3.44,0.73,-3.007,3.565,-0.009,-2.016,-2.007,-1.0,-3.967,-2.007,-1.66,-1.005,-0.607,5.026,0.716,-3.0,2.676,0.791,-0.695,1.218,5.388,-1.004,0.532,3.338,3.011,-0.698,4.637,-0.018,-0.196,-4.0,-1.001,-3.002,1.973,-0.25,2.804,-1.492,0.224,0.307,-1.015,-1.0,0.918,-0.766,2.017,-4.0,-1.766,3.023,-3.003,-2.017,3.922,0.416,6.246,-2.004,2.302,0.0,-0.068,-2.0,1.593,-3.042,-0.023,2.348,-0.019,0.973,4.328,-1.173,-4.0,0.038,3.257,-1.354,0.276,0.143,2.975,-0.008,2.589,0.0,0.0,0.0,0.0,0.0,0.0,0.0,0.0,0.0,0.0
GoldS210,XAUUSDc,456,-10.3975,-62.385,1,-0.7623,0.0,447,18.7919,1,5,0,0.01,1.5,2.0,0.0,1.0,15,1,-76.359,19,0,2,0,0.4,0.0,0.0,0.0,0.0,0.0,1.972,11.439,-4.0,-0.01,-1.003,-4.0,0.938,-0.01,-3.0,0.893,-4.003,-2.0,-2.0,0.924,-3.0,4.289,0.997,-2.025,-1.0,9.974,-1.015,-4.0,-3.0,4.882,-3.0,-4.0,-4.0,-1.014,-4.0,-2.011,-7.0,-5.0,-0.943,-0.083,0.97,-3.0,-3.0,0.986,-1.0,-3.0,-3.0,-4.0,1.096,1.66,-2.014,0.257,-1.004,-6.0,-1.014,-1.0,-5.008,-4.0,-0.032,3.135,4.423,5.09,-3.001,-3.0,-0.062,-3.999,-2.023,-4.0,15.186,0.991,3.279,3.14,4.175,-3.0,-0.023,-3.0,-2.0,-2.0,-1.002,-2.005,-4.0,5.679,-0.001,7.717,-0.009,0.975,1.197,-1.0,-3.022,-5.0,11.219,-4.0,-1.022,-1.021,2.515,-4.999,-2.063,-2.0,-2.999,-2.032,2.58,0.0,-0.11,-2.0,1.484,-2.076,0.953,-1.049,-4.0,-2.0,8.041,-6.0,-3.0,6.321,-2.042,-4.0,-1.042,-5.0,7.108,-3.999,1.92,0.0,0.0,0.0,0.0,0.0,0.0,0.0,0.0,0.0,0.0
GoldS210,XAUUSDc,471,20.3907,30.586,4,0.6137,81.15,468,15.1709,1,11,0,0.01,1.5,2.5,0.0,0.0,15,1,5.764,31,0,2,0,0.4,0.0,0.0,0.0,0.0,0.0,-1.0,10.739,-4.0,-4.0,-3.0,-5.0,-0.5,-0.511,-3.0,0.494,-3.503,-3.0,-5.0,-4.0,-4.0,-0.499,1.982,-4.0,-1.451,-0.317,-1.519,-4.0,7.086,11.297,0.533,-4.0,-4.0,0.483,12.86,-0.513,-6.0,-6.0,-0.515,4.704,-1.524,-4.0,1.311,2.84,-2.0,-3.0,-4.0,-3.0,12.807,1.408,-5.0,34.676,-4.0,-6.0,-4.0,-1.0,3.853,-4.0,0.498,3.681,3.57,8.057,-2.501,-4.0,-2.0,-4.0,3.605,-4.0,3.323,0.558,15.23,1.526,-3.0,-4.0,12.277,-2.999,-4.0,-3.999,0.498,-1.506,-4.0,-5.0,3.451,14.006,-3.0,5.752,0.461,-1.0,-2.528,0.83,19.191,-4.0,0.163,-1.526,-1.508,-5.0,3.064,-3.0,-4.999,0.896,2.54,0.0,0.852,-2.0,-2.0,-1.593,1.441,5.116,-4.0,-2.0,-1.512,-5.999,-4.0,4.923,5.971,-3.0,-3.0,14.642,3.061,-4.0,3.852,0.0,0.0,0.0,0.0,0.0,0.0,0.0,0.0,0.0,0.0
GoldS210,XAUUSDc,713,46.0292,55.235,5,1.578,41.87,414,13.285,1,7,0,0.01,1.7,3.0,0.0,1.0,15,1,32.107,31,0,2,0,0.6,0.0,0.0,0.0,0.0,0.0,-1.0,15.518,-4.0,-3.0,-4.0,-4.0,-0.001,0.986,-3.0,-3.0,-3.004,-2.0,-2.0,5.242,-3.0,-3.0,4.058,-4.0,-1.0,20.128,-3.0,-4.0,4.683,13.351,-3.0,-4.0,-4.0,-3.0,7.976,-1.016,-4.0,-5.0,3.704,0.91,-1.029,-3.0,12.718,1.979,-1.0,-3.0,-3.0,-4.0,4.732,3.014,-5.0,4.586,-4.0,-6.0,-4.0,-1.0,10.063,-4.0,1.953,13.999,11.77,10.229,0.761,-3.0,-2.0,-5.0,-4.0,-4.0,-3.999,1.066,17.048,6.66,-3.0,-3.0,12.375,-3.0,0.0,-3.0,-0.003,-1.007,-4.0,-3.0,5.404,9.574,-3.0,4.538,3.407,-1.0,-1.033,-4.0,9.369,-4.0,-0.033,-4.0,5.9,-5.0,9.739,-2.0,-3.0,-1.04,-4.0,0.0,4.816,-2.0,2.897,-4.0,12.696,-0.073,-4.0,-2.0,19.746,-6.0,-3.0,-4.0,-4.999,-4.0,-3.0,-3.999,-0.005,-3.0,5.881,0.0,0.0,0.0,0.0,0.0,0.0,0.0,0.0,0.0,0.0
GoldS210,XAUUSDc,519,-17.977,-53.931,2,-0.6882,0.0,455,10.7692,1,11,0,0.01,1.5,3.0,0.0,0.5,15,1,-77.97,25,0,2,0,0.4,0.0,0.0,0.0,0.0,0.0,-1.0,15.219,-4.0,-4.0,-3.0,-5.0,-0.001,0.987,-4.0,-3.0,-3.004,-3.0,-5.0,-4.0,-3.0,-3.0,3.599,-5.0,-5.0,7.568,-4.999,-5.0,11.001,21.039,-4.0,-4.0,-4.0,-2.0,12.657,-0.016,-6.0,-6.0,5.355,6.278,-1.029,-3.0,1.983,4.295,-2.0,-3.0,-4.0,-3.0,-4.0,-3.153,-5.0,10.722,-5.0,-6.0,-4.0,-1.0,7.268,-4.0,3.724,6.291,1.938,0.829,-1.001,-4.0,-1.999,-5.0,-5.0,-4.0,-3.999,1.078,-4.998,5.92,-3.0,-2.0,12.29,-2.999,-4.0,-3.999,0.997,-1.007,-4.0,-3.0,-3.0,19.733,-3.0,7.129,0.954,-1.0,-1.033,-5.999,-0.012,-4.0,0.805,-6.0,7.652,-5.0,11.185,-2.0,-3.999,1.954,4.342,0.0,4.844,-2.0,-2.0,-4.0,8.04,7.316,-4.0,-2.0,-1.015,-5.999,-5.0,-4.0,-6.0,-3.0,-3.0,-5.999,4.136,-4.0,7.201,0.0,0.0,0.0,0.0,0.0,0.0,0.0,0.0,0.0,0.0
GoldS210,XAUUSDc,49,-17.0403,-51.121,2,-0.6428,0.0,501,23.5529,1,7,0,0.01,1.5,1.5,0.0,0.5,15,1,-67.183,12,0,2,0,0.0,0.0,0.0,0.0,0.0,0.0,1.479,-3.506,-4.0,-1.508,-3.0,-6.0,-0.015,-0.507,-3.0,-0.504,-4.502,-3.0,-5.0,-4.0,-3.0,-2.069,-0.795,-3.519,-1.925,1.021,-1.023,-1.942,-4.0,0.96,-4.999,-4.0,-4.0,-2.51,-1.511,-0.264,17.286,-6.0,2.523,-3.0,11.815,-3.0,-0.515,-4.998,-2.0,-2.999,-4.0,-3.0,-3.563,1.317,-2.51,13.928,-1.503,-6.0,-1.511,-1.0,-3.014,0.594,-1.194,-3.999,0.486,5.895,-1.007,-3.0,9.05,-4.0,-3.517,2.531,-5.0,0.493,6.19,4.358,9.784,2.269,3.467,12.985,-4.0,-4.0,-0.501,-2.503,-1.508,4.078,2.731,12.062,0.944,0.09,0.093,-1.0,-6.0,1.707,-2.506,-4.0,-1.877,-2.515,-1.552,-2.502,1.078,-3.0,1.257,-4.0,1.427,0.0,1.399,-2.0,-3.0,-2.559,0.465,2.023,-1.526,-0.539,7.44,-0.457,-5.0,0.966,-1.041,1.964,3.076,-6.0,7.577,-4.0,2.086,0.0,0.0,0.0,0.0,0.0,0.0,0.0,0.0,0.0,0.0
GoldS210,XAUUSDc,781,1.0145,2.029,3,0.0707,176.98,446,35.8744,1,7,0,0.01,1.5,1.5,0.0,1.0,15,1,-1.562,0,0,2,0,0.8,0.0,0.0,0.0,0.0,0.0,1.479,0.802,-4.0,-0.508,-1.502,-1.802,2.429,-0.507,-3.0,-0.504,-3.502,1.15,-1.999,-0.555,-3.0,-1.84,1.551,3.836,1.431,-1.554,2.421,-3.0,-0.065,-1.553,-1.511,-1.515,-4.0,-0.51,1.197,0.172,3.03,-5.0,4.432,-0.58,2.469,-3.0,2.69,0.489,-1.0,0.643,-3.0,-4.0,3.905,0.974,-2.51,4.652,0.946,-2.821,-1.511,-1.0,-3.014,-0.647,1.933,0.301,1.439,3.547,-2.501,-3.0,3.442,-4.0,0.731,0.863,0.86,0.493,0.629,6.614,2.664,-0.525,5.105,4.598,0.0,-3.0,-1.501,-2.503,2.337,-1.529,1.994,1.501,0.944,-0.344,0.093,-1.0,-3.517,3.798,2.419,-4.0,-1.516,0.931,-1.552,-2.502,0.436,-2.0,6.407,-4.0,4.068,0.0,1.399,-2.0,0.794,0.645,0.465,-0.536,1.819,-0.539,9.781,-3.519,-3.0,0.966,-0.041,-1.56,1.718,-1.745,4.337,-3.0,0.7,0.0,0.0,0.0,0.0,0.0,0.0,0.0,0.0,0.0,0.0
GoldS210,XAUUSDc,14,-9.3493,-28.048,2,-0.6041,0.0,514,41.0506,1,9,0,0.01,1.5,1.0,0.0,0.5,15,1,-46.534,3,0,2,0,0.0,0.0,0.0,0.0,0.0,0.0,0.986,-2.007,0.069,-0.014,-3.0,-4.0,-1.01,0.977,-4.0,-0.009,-4.001,-3.0,-2.147,-4.0,-3.0,15.484,-0.6,4.646,-3.02,1.848,-0.025,1.468,2.314,-2.012,-3.007,-4.0,-4.0,-1.01,-2.008,-1.43,7.784,1.108,0.968,-3.0,-1.015,-3.0,-1.01,-2.002,-2.0,0.996,-0.809,-3.0,-3.062,1.007,-3.007,3.607,-0.009,-2.016,-2.007,-1.0,-4.009,-2.007,-0.52,-1.933,-0.009,4.036,-1.004,-3.0,1.955,2.643,-0.026,0.962,2.978,-1.004,2.204,2.984,4.904,1.682,7.805,-0.018,-2.006,-4.0,-1.001,-3.002,1.973,-1.888,6.625,-2.0,-0.046,-0.023,-1.015,-1.0,0.918,-1.034,-3.004,-4.0,-1.766,0.653,-3.003,-2.017,3.922,1.131,6.637,-2.004,1.294,0.0,-0.068,-2.0,-1.037,-3.042,-0.023,3.498,-0.019,0.973,1.927,-0.375,-5.0,-0.022,1.933,0.51,-0.032,-1.959,3.759,-0.008,-1.055,0.0,0.0,0.0,0.0,0.0,0.0,0.0,0.0,0.0,0.0
GoldS210,XAUUSDc,884,-10.6695,-64.017,1,-0.7774,0.0,447,11.6331,1,5,0,0.01,1.9,3.0,0.0,0.5,15,1,-79.439,33,0,2,0,0.8,0.0,0.0,0.0,0.0,0.0,-1.0,13.992,-4.0,-3.0,-4.0,-5.0,-0.001,0.987,-3.0,-3.0,-2.004,-2.0,-2.999,-4.0,-3.0,-3.0,2.019,-4.0,1.794,4.831,-6.0,-4.0,4.74,8.912,-5.0,-4.0,-4.0,-3.0,-5.0,-1.016,6.906,-6.0,3.865,3.131,-1.029,-3.0,-3.0,-4.0,-2.999,5.343,-3.0,-4.0,5.104,3.066,-5.0,7.107,-4.0,-6.0,-4.0,-1.0,8.485,-3.999,-0.681,-3.0,0.938,8.64,0.354,-3.0,-1.999,-5.0,-3.999,-4.0,-4.0,4.266,-6.0,5.266,7.654,-3.0,7.649,-3.0,0.0,-5.0,0.997,-1.007,-4.0,-3.0,7.927,8.693,-3.0,2.679,3.407,-1.0,-6.0,-5.0,5.935,-4.0,0.805,-5.0,1.699,-5.0,4.242,-2.0,-3.0,0.975,4.818,0.0,4.002,-2.0,-2.0,-4.0,11.71,-1.073,3.186,-2.0,12.423,-6.0,-5.0,-4.0,-4.999,-3.0,-3.999,-5.0,1.902,-3.0,3.338,0.0,0.0,0.0,0.0,0.0,0.0,0.0,0.0,0.0,0.0
GoldS210,XAUUSDc,493,22.7865,45.573,3,1.3825,62.63,431,15.5452,1,7,0,0.01,1.5,2.5,0.0,1.0,15,1,17.03,28,0,2,0,0.4,0.0,0.0,0.0,0.0,0.0,-1.0,13.932,-4.0,-3.0,-0.504,-4.0,-0.501,0.488,-3.0,0.494,-3.503,-2.0,-1.999,4.255,-3.0,-3.0,2.791,-5.0,-1.0,24.543,0.481,-5.0,-3.0,11.779,-3.0,-4.0,-4.0,-0.517,8.68,-1.513,3.698,3.094,4.434,0.413,-1.524,-3.0,9.926,1.482,-1.0,-3.0,-3.0,-4.0,6.368,4.809,-5.0,-3.501,-3.0,-6.0,-4.0,-1.0,7.345,-4.0,1.461,-3.0,10.058,9.353,-2.501,-3.0,-1.999,-4.999,-0.529,-4.0,16.682,1.546,10.195,4.926,-3.0,-3.0,12.394,-3.0,-2.0,-2.0,-0.502,-1.506,-4.0,-3.0,2.818,13.792,-3.0,3.585,2.302,-1.0,-2.528,-5.0,15.446,-4.0,-0.527,-0.526,6.532,-5.0,4.215,-2.0,-3.0,-1.536,-4.0,0.0,0.852,-2.0,2.191,-1.593,2.683,-0.561,-4.0,-2.0,-4.0,-6.0,-3.0,13.351,-5.0,-4.0,-3.0,4.025,-0.504,-3.0,9.527,0.0,0.0,0.0,0.0,0.0,0.0,0.0,0.0,0.0,0.0
GoldS210,XAUUSDc,888,0.399,0.798,3,0.0209,1964.79,410,13.9024,1,5,0,0.01,1.5,3.0,0.0,1.0,15,1,-14.881,33,0,2,0,0.8,0.0,0.0,0.0,0.0,0.0,-1.0,11.512,-4.0,-3.0,-4.0,-4.0,-0.001,0.986,-3.0,-3.0,-2.004,-2.0,-2.0,3.898,-3.0,-3.0,2.019,-4.0,-1.0,12.679,-4.0,-3.0,4.74,8.912,-3.0,-4.0,-4.0,-3.0,-4.0,-0.016,6.906,-6.0,3.865,0.91,-1.028,-3.0,8.85,1.979,-1.0,-3.0,-3.0,-4.0,5.104,3.066,-5.0,2.951,-4.0,-6.0,-4.0,-1.0,8.485,-3.999,1.953,9.938,8.515,7.774,0.354,-3.0,-1.999,-5.0,-4.0,-4.0,-4.0,4.266,7.625,5.266,7.654,-3.0,7.649,-3.0,0.0,-3.0,-0.003,-1.007,-4.0,-3.0,4.417,6.381,-3.0,2.679,3.407,-1.0,-1.033,-3.999,9.812,-4.0,-0.033,-4.0,3.687,-5.0,4.242,-2.0,-3.0,-1.04,-4.0,0.0,4.002,-2.0,2.897,-4.0,11.71,0.927,3.186,-2.0,12.423,-6.0,-3.0,-4.0,-3.999,-4.0,-3.999,-4.0,-0.005,-3.0,3.337,0.0,0.0,0.0,0.0,0.0,0.0,0.0,0.0,0.0,0.0
GoldS210,XAUUSDc,640,-16.3927,-49.178,2,-0.6169,0.0,441,21.0884,1,5,0,0.01,1.7,2.0,0.0,1.0,15,1,-57.353,17,0,2,0,0.6,0.0,0.0,0.0,0.0,0.0,1.972,6.225,-4.0,-0.01,-1.003,-3.999,0.938,-0.01,-3.0,0.893,-4.003,-2.0,-2.0,0.578,-3.0,1.311,0.72,-2.025,-1.0,3.625,-1.015,-3.0,3.307,1.609,-3.0,-4.0,-4.0,-0.014,-5.0,-2.011,-7.0,-5.0,-0.942,-0.083,0.97,-3.0,2.225,0.986,-1.0,-3.0,-3.0,-4.0,5.724,-0.011,-2.014,-0.265,-1.004,-6.0,-1.014,-1.0,-5.008,-4.0,-0.032,2.345,3.365,3.246,-2.001,-3.0,-0.062,-4.0,-2.023,-4.0,16.286,0.991,6.747,3.117,2.799,-3.0,5.734,-2.999,0.0,-3.0,-1.002,-2.005,3.591,2.335,-0.001,3.272,-0.009,0.068,1.197,-1.0,-3.022,1.209,10.047,-4.0,-1.022,-1.021,0.948,-5.0,-2.063,-2.0,-2.999,-2.032,1.406,0.0,-0.11,-2.0,1.485,-2.076,0.953,-1.049,-4.0,-2.0,13.258,-5.999,-3.0,4.526,-2.042,-4.0,5.715,-3.999,7.108,-3.0,-2.01,0.0,0.0,0.0,0.0,0.0,0.0,0.0,0.0,0.0,0.0
GoldS210,XAUUSDc,348,-10.6483,-63.89,1,-0.742,0.0,437,9.8398,1,5,0,0.01,1.5,3.0,0.0,1.0,15,1,-107.911,17,0,2,0,0.2,0.0,0.0,0.0,0.0,0.0,-1.0,-1.016,-4.0,-3.0,-4.0,-4.0,-0.001,0.986,-3.0,-3.0,-3.003,-2.0,-2.0,7.586,-3.0,-5.0,4.584,-4.999,-2.0,4.732,-4.0,-4.0,-4.0,42.021,-3.0,-4.0,-4.0,-3.999,-4.0,-1.016,-7.0,-5.0,8.525,0.91,-1.028,-3.0,-3.0,1.979,-1.0,-3.0,-3.0,-4.0,-4.0,14.954,-5.0,-7.0,-4.0,-6.0,-4.0,-1.0,-4.011,-4.0,1.953,-3.0,23.255,-0.037,-0.646,-3.0,-2.0,-4.999,-4.0,-4.0,-5.999,19.488,-6.0,6.71,15.755,-3.0,-2.999,-3.0,-2.0,-2.0,-0.003,-1.007,-4.0,-4.0,-3.0,-4.0,-3.0,7.055,3.407,-1.0,-1.033,-5.0,8.812,-4.0,-0.033,-4.0,12.109,-4.999,-5.0,-2.0,-2.998,-1.04,-4.0,0.0,4.002,-2.0,2.897,-4.0,22.034,-0.073,-4.0,-2.0,-5.0,-6.0,-0.027,-3.999,-5.0,-4.0,-4.0,-4.999,-0.005,-4.0,18.325,0.0,0.0,0.0,0.0,0.0,0.0,0.0,0.0,0.0,0.0
GoldS210,XAUUSDc,396,-9.5815,-19.163,3,-0.384,0.0,506,23.913,1,5,0,0.01,1.5,1.5,0.0,0.0,15,1,-28.321,14,0,2,0,0.4,0.0,0.0,0.0,0.0,0.0,1.479,1.766,-4.0,-4.0,-3.0,-5.0,9.403,-1.507,-2.0,-0.002,-4.502,-3.0,-5.0,-4.0,-5.0,-2.46,-0.795,6.095,-1.925,0.483,-0.88,-0.266,-4.0,0.64,-5.0,-4.0,-4.0,-0.51,7.647,9.154,8.232,-5.0,1.089,1.512,7.14,0.23,-0.515,-5.0,-3.0,-2.999,-4.0,-3.0,10.733,2.875,-2.51,11.385,-1.503,-6.0,-1.511,-1.0,-2.879,0.594,-6.0,-0.633,1.655,4.828,-2.007,-3.0,7.631,-4.0,-3.048,2.541,5.856,0.493,0.83,3.358,9.525,0.263,6.373,3.254,-4.0,-4.0,-0.501,-2.503,-1.509,-5.0,1.874,6.744,2.385,3.227,0.093,-1.0,-6.0,2.294,6.176,-4.0,-1.123,2.03,-0.632,-2.502,-0.068,-2.0,-0.263,-4.0,2.577,0.0,1.399,-2.0,-2.0,-2.559,0.465,2.614,-1.526,-0.539,0.088,-0.768,-5.0,3.764,1.674,1.104,4.251,-6.0,-2.533,-4.0,-0.508,0.0,0.0,0.0,0.0,0.0,0.0,0.0,0.0,0.0,0.0
GoldS210,XAUUSDc,531,8.114,16.228,3,0.3578,195.02,418,12.4402,1,11,0,0.01,1.5,3.0,0.0,1.0,15,1,-15.42,24,0,2,0,0.4,0.0,0.0,0.0,0.0,0.0,-1.0,16.216,-4.0,-3.0,-4.0,-5.0,-0.001,0.987,-3.0,-3.0,-3.004,10.666,-1.999,7.585,-3.0,-3.0,3.599,-5.0,-1.0,28.648,-2.999,-5.0,11.001,21.039,-3.0,-3.0,-4.0,-3.0,12.657,-0.016,-6.0,-6.0,5.355,0.91,-1.028,-3.0,7.58,1.979,-1.0,-3.0,-3.0,-4.0,-3.0,-2.153,-5.0,-5.0,-4.0,-6.0,-4.0,-1.0,7.268,-4.0,1.953,17.859,9.863,-0.037,-1.001,-4.0,-1.999,-5.0,-4.0,-4.0,-5.999,2.078,-5.0,5.92,-3.0,-3.0,12.29,-2.999,-2.0,-2.0,-0.003,-1.007,-4.0,-3.0,-3.0,8.855,-3.0,7.129,0.954,-1.0,-1.033,-5.999,3.865,-4.0,-0.033,-3.0,7.652,-5.0,11.185,-2.0,-2.998,-1.04,9.881,0.0,4.844,-2.0,2.897,-4.0,8.04,0.927,-4.0,-2.0,7.697,-6.0,-3.0,-4.0,-5.0,-4.0,-3.0,-3.999,0.995,-4.0,7.201,0.0,0.0,0.0,0.0,0.0,0.0,0.0,0.0,0.0,0.0
GoldS210,XAUUSDc,565,-1.1807,-3.542,2,-0.1472,0.0,477,50.1048,1,7,0,0.01,1.5,1.0,0.0,1.0,15,1,-4.542,0,0,2,0,0.6,0.0,0.0,0.0,0.0,0.0,0.986,-1.008,-1.022,0.986,-0.015,-2.003,0.941,0.977,-1.047,-0.009,-4.001,-0.165,0.934,0.755,-3.0,-2.068,-1.071,1.979,-0.125,0.93,0.932,1.982,1.99,-2.012,-2.007,-0.059,-4.0,-0.049,-2.008,-0.061,2.89,1.99,0.968,-1.077,0.978,-3.0,0.935,-0.007,-1.0,-1.002,-0.001,-4.0,2.891,-1.147,-3.007,2.948,1.942,-2.016,-2.007,-1.0,-4.009,-2.007,2.922,-1.054,0.96,3.819,0.967,-3.0,1.955,-0.088,-1.026,0.962,4.953,0.99,-0.023,2.984,1.936,-0.016,3.977,-0.018,-1.103,-1.0,-1.001,-3.002,1.973,-1.059,1.985,-2.0,-0.046,-0.023,-1.015,-1.0,0.918,-1.034,0.946,-4.0,-2.011,1.926,-2.048,-2.017,3.922,-0.006,4.907,-2.004,1.965,0.0,-0.068,-2.0,0.941,-1.09,-0.023,-0.029,-0.019,0.973,3.924,-2.034,-2.007,-0.022,2.932,-2.055,-0.032,-0.097,1.965,-0.008,1.91,0.0,0.0,0.0,0.0,0.0,0.0,0.0,0.0,0.0,0.0
GoldS210,XAUUSDc,697,-11.0297,-33.089,2,-0.4501,0.0,454,10.793,1,7,0,0.01,1.5,3.0,0.0,0.5,15,1,-60.184,30,0,2,0,0.6,0.0,0.0,0.0,0.0,0.0,-1.0,14.521,-4.0,-3.0,-3.999,-5.0,-0.001,0.987,-3.0,-3.0,-3.004,-2.0,-2.999,-4.0,-3.0,-3.0,4.058,-4.0,3.616,4.296,-5.0,-5.0,4.683,13.351,-5.0,-4.0,-4.0,-3.0,8.976,-1.016,-4.0,-5.0,3.704,-3.0,-1.029,-3.0,-3.0,-4.0,-3.0,-3.0,-3.0,-4.0,4.732,3.014,-5.0,10.477,-5.0,-6.0,-4.0,-1.0,10.063,-4.0,3.724,-4.0,1.938,11.095,0.761,-3.0,-2.0,-5.0,-5.0,-4.0,-3.999,1.066,23.095,6.66,-3.0,-3.0,12.375,-3.0,-4.0,-4.0,0.997,-1.007,-4.0,-3.0,5.404,13.624,-3.0,4.538,3.407,-1.0,-6.0,-5.0,11.65,-4.0,1.329,-5.999,4.746,-5.0,9.739,-2.0,-5.0,-4.0,-5.0,0.0,4.816,-2.0,-2.0,-4.0,12.696,-2.072,-4.0,-2.0,19.746,-5.999,-4.0,-4.0,-5.999,-3.0,-3.0,-5.0,2.269,-3.0,5.881,0.0,0.0,0.0,0.0,0.0,0.0,0.0,0.0,0.0,0.0
GoldS210,XAUUSDc,484,-14.2917,-85.75,1,-0.7187,0.0,481,11.2266,1,5,0,0.01,1.7,2.5,0.0,0.5,15,1,-116.537,21,0,2,0,0.4,0.0,0.0,0.0,0.0,0.0,-1.0,19.161,-4.0,-4.0,-3.0,-5.0,-0.501,0.488,-3.0,1.787,-3.503,-3.0,-5.0,-4.0,-3.0,-3.0,2.791,-4.0,-6.0,7.292,-2.519,-0.193,-3.0,11.613,-5.0,-4.0,-4.0,0.483,-5.0,-2.513,-7.0,-5.0,0.08,4.631,-1.523,-3.0,-3.0,-4.0,-3.0,-2.999,-4.0,-3.0,5.142,4.515,-5.0,-1.199,-4.0,-6.0,-4.0,-1.0,-4.51,-4.0,2.418,-4.0,1.442,9.34,-2.501,-3.0,-2.0,-5.0,-1.528,-4.0,13.264,7.72,-6.0,4.926,7.452,-3.0,0.472,-3.0,-4.0,-4.0,0.498,-1.506,-4.0,-3.0,12.558,27.787,-3.0,3.732,2.302,-1.0,-6.0,-5.0,22.64,-4.0,0.163,-2.526,3.047,-4.999,2.605,-3.0,-5.0,-4.0,-5.0,0.0,0.852,-2.0,-3.0,-1.593,2.683,-2.561,-4.0,-2.0,-5.0,-5.999,-5.0,14.15,-6.0,-3.0,-4.0,-6.0,-4.0,-4.0,12.889,0.0,0.0,0.0,0.0,0.0,0.0,0.0,0.0,0.0,0.0
GoldS210,XAUUSDc,344,-0.0,-175.663,0,-0.8874,0.0,490,7.1429,1,5,0,0.01,1.9,3.0,0.0,0.5,15,1,-219.684,16,0,2,0,0.2,0.0,0.0,0.0,0.0,0.0,-1.0,-2.013,-4.0,-4.0,-3.0,-6.0,-0.001,0.986,-3.0,-3.0,-3.003,-3.0,-5.0,-4.0,-3.0,-5.0,4.584,-6.0,-6.0,-5.0,-5.999,-3.999,-5.0,42.021,-5.0,-4.0,-4.0,-4.999,-5.0,-2.016,-7.0,-6.0,8.525,6.191,-1.028,-3.0,-3.0,-5.0,-2.0,-2.999,-4.0,-3.0,-5.999,13.954,-5.0,-7.0,-4.0,-6.0,-4.0,-1.0,-4.011,-4.0,3.724,-4.0,1.938,0.829,-0.646,-3.0,-2.0,-5.0,-4.999,-4.0,-5.999,19.488,-6.0,6.71,15.755,-2.999,-2.999,-3.0,-4.0,-4.0,0.997,-1.007,-4.0,-4.0,-3.0,-4.0,-3.0,7.055,3.407,-1.0,-6.0,-5.0,3.936,-4.0,0.805,-6.0,4.886,-4.999,-5.0,-3.0,-5.0,-4.0,-5.0,0.0,4.002,-2.0,-3.0,-4.0,22.034,-2.073,-4.0,-2.0,-5.0,-6.0,-5.0,-3.999,-5.999,-3.0,-4.0,-6.0,-4.0,-4.0,21.296,0.0,0.0,0.0,0.0,0.0,0.0,0.0,0.0,0.0,0.0
GoldS210,XAUUSDc,535,8.114,16.228,3,0.3578,195.02,418,12.4402,1,11,0,0.01,1.7,3.0,0.0,1.0,15,1,-15.42,24,0,2,0,0.4,0.0,0.0,0.0,0.0,0.0,-1.0,16.216,-4.0,-3.0,-4.0,-5.0,-0.001,0.987,-3.0,-3.0,-3.004,10.666,-1.999,7.585,-3.0,-3.0,3.599,-5.0,-1.0,28.648,-2.999,-5.0,11.001,21.039,-3.0,-3.0,-4.0,-3.0,12.657,-0.016,-6.0,-6.0,5.355,0.91,-1.028,-3.0,7.58,1.979,-1.0,-3.0,-3.0,-4.0,-3.0,-2.153,-5.0,-5.0,-4.0,-6.0,-4.0,-1.0,7.268,-4.0,1.953,17.859,9.863,-0.037,-1.001,-4.0,-1.999,-5.0,-4.0,-4.0,-5.999,2.078,-5.0,5.92,-3.0,-3.0,12.29,-2.999,-2.0,-2.0,-0.003,-1.007,-4.0,-3.0,-3.0,8.855,-3.0,7.129,0.954,-1.0,-1.033,-5.999,3.865,-4.0,-0.033,-3.0,7.652,-5.0,11.185,-2.0,-2.998,-1.04,9.881,0.0,4.844,-2.0,2.897,-4.0,8.04,0.927,-4.0,-2.0,7.697,-6.0,-3.0,-4.0,-5.0,-4.0,-3.0,-3.999,0.995,-4.0,7.201,0.0,0.0,0.0,0.0,0.0,0.0,0.0,0.0,0.0,0.0
GoldS210,XAUUSDc,657,-6.2305,-12.461,3,-0.2378,0.0,465,15.2688,1,7,0,0.01,1.9,2.5,0.0,0.0,15,1,-24.996,32,0,2,0,0.6,0.0,0.0,0.0,0.0,0.0,-1.0,7.59,-3.999,-3.0,-3.999,-5.0,-0.5,-0.511,-2.0,0.494,-3.502,-2.0,-2.999,-4.0,-4.0,2.614,2.39,-4.0,1.912,1.262,-1.519,-1.193,3.23,6.125,-5.0,-4.0,-4.0,0.483,5.59,-1.513,2.082,0.789,2.369,-3.0,-1.524,3.91,-3.0,-4.0,-3.0,-3.0,-3.0,-4.0,8.57,3.166,-5.0,8.722,-4.0,-6.0,-4.0,-1.0,4.65,-4.0,-1.539,6.896,2.788,9.547,-2.501,-3.0,-1.999,2.165,2.064,-4.0,6.541,0.546,18.621,3.775,-3.0,-4.0,10.277,-3.0,-4.0,-3.999,0.498,-1.506,-4.0,-3.0,1.913,9.535,-3.0,4.759,2.302,-1.0,-6.0,0.503,21.174,-4.0,0.594,-2.526,-1.508,-5.0,2.671,-2.0,-6.0,-4.0,-5.0,0.0,0.852,-2.0,-2.0,-1.593,2.683,-2.561,-4.0,-2.0,9.063,-5.999,-4.0,7.176,5.173,-3.0,-3.0,3.265,1.382,-3.0,3.818,0.0,0.0,0.0,0.0,0.0,0.0,0.0,0.0,0.0,0.0
GoldS210,XAUUSDc,477,9.3885,18.777,3,0.3316,131.58,477,13.4172,1,7,0,0.01,1.9,2.5,0.0,0.0,15,1,-5.929,27,0,2,0,0.4,0.0,0.0,0.0,0.0,0.0,-1.0,10.22,-4.0,-4.0,-3.0,-5.0,-0.501,-0.512,-2.0,0.494,-3.503,-3.0,-5.0,-4.0,-4.0,6.641,2.791,-4.0,-0.94,1.262,-1.519,-1.193,-4.0,12.779,-5.0,-4.0,-4.0,0.483,7.68,-1.513,3.698,3.094,4.434,-3.0,-1.524,3.994,-3.0,-5.0,-3.0,-2.999,-4.0,-3.0,1.649,10.597,-5.0,-3.501,-4.0,-6.0,-4.0,-1.0,7.666,-4.0,-1.539,9.236,2.788,10.402,-3.501,-3.0,-2.0,4.508,3.914,-4.0,18.682,0.546,15.859,3.963,-3.0,-4.0,12.394,-3.0,-4.0,-4.0,0.498,-1.506,-4.0,-5.0,2.818,21.706,-3.0,5.984,2.302,-1.0,-6.0,-5.0,24.51,-4.0,-0.406,-1.525,-1.508,-5.0,4.215,-3.0,-5.999,-4.0,-5.0,0.0,0.852,-2.0,-2.0,-1.593,2.683,-2.561,-4.0,-2.0,-4.0,-6.0,-4.0,9.303,11.848,-3.0,-3.0,5.476,3.537,-3.0,7.114,0.0,0.0,0.0,0.0,0.0,0.0,0.0,0.0,0.0,0.0
GoldS210,XAUUSDc,533,90.1225,108.147,5,2.3992,40.49,422,11.8483,1,7,0,0.01,1.7,3.0,0.0,1.0,15,1,64.361,25,0,2,0,0.4,0.0,0.0,0.0,0.0,0.0,-1.0,21.775,-4.0,-3.0,-4.0,-4.0,-0.001,0.986,-3.0,-3.0,-3.004,-2.0,-1.999,7.585,-3.0,-3.0,4.584,-5.0,-1.0,40.786,-3.0,-5.0,-3.0,22.199,-3.0,-4.0,-4.0,-3.999,13.373,-1.016,-4.0,-5.0,17.888,0.91,-1.029,-3.0,20.645,1.979,-1.0,-3.0,-3.0,-4.0,-3.0,8.937,-5.0,-6.0,-4.0,-6.0,-4.0,-1.0,14.417,-4.0,1.953,-3.0,16.256,12.437,-0.239,-3.0,-1.999,-4.999,-4.0,-4.0,-5.999,2.066,36.94,6.71,-3.0,-3.0,15.697,-3.0,-2.0,-2.0,-0.003,-1.007,-4.0,-3.0,-3.0,19.868,-3.0,6.194,3.407,-1.0,-1.033,-5.0,9.369,-4.0,-0.033,-4.0,10.423,-5.0,13.131,-2.0,-3.0,-1.04,-4.0,0.0,4.816,-2.0,2.897,-4.0,13.335,-0.073,-4.0,-2.0,-4.0,-6.0,-3.0,-4.0,-5.0,-4.0,-3.0,-5.0,-0.005,-3.0,15.062,0.0,0.0,0.0,0.0,0.0,0.0,0.0,0.0,0.0,0.0
GoldS210,XAUUSDc,235,-14.5735,-29.147,3,-0.5082,0.0,493,26.9777,1,11,0,0.01,1.7,1.5,0.0,0.5,15,1,-44.711,13,0,2,0,0.2,0.0,0.0,0.0,0.0,0.0,1.479,5.497,-4.0,-1.508,-3.0,-6.0,-0.016,-0.507,-4.0,-0.504,-4.502,-3.0,-0.748,-4.0,-3.0,11.564,-1.251,2.54,2.399,2.021,-1.023,-1.478,2.258,-0.04,-2.51,-4.0,-4.0,-2.51,-1.511,6.122,0.796,-5.0,-0.017,1.556,-0.021,-3.0,2.318,-0.068,-2.0,-3.0,-4.0,-3.0,-3.563,1.375,-2.51,4.991,-1.503,-1.609,-1.511,-1.0,-3.014,-1.51,-1.194,-0.373,0.486,2.734,-1.007,-3.0,3.442,-4.0,4.127,-0.038,3.325,0.493,4.928,1.986,7.776,2.269,3.467,0.319,-4.0,-4.0,-0.501,-2.503,-1.509,3.672,2.731,3.916,0.944,-1.025,-0.523,-1.0,-3.517,1.208,7.934,-4.0,-1.123,-1.069,-1.552,-2.502,1.123,-2.0,2.221,-4.0,3.972,0.0,1.399,-2.0,-2.0,-2.559,0.465,-0.083,-1.526,-0.539,8.125,-0.457,-5.0,0.966,-1.041,1.964,3.076,-6.0,6.452,-4.0,-0.508,0.0,0.0,0.0,0.0,0.0,0.0,0.0,0.0,0.0,0.0
GoldS210,XAUUSDc,896,0.399,0.798,3,0.0209,1964.79,410,13.9024,1,5,0,0.01,1.9,3.0,0.0,1.0,15,1,-14.881,33,0,2,0,0.8,0.0,0.0,0.0,0.0,0.0,-1.0,11.512,-4.0,-3.0,-4.0,-4.0,-0.001,0.986,-3.0,-3.0,-2.004,-2.0,-2.0,3.898,-3.0,-3.0,2.019,-4.0,-1.0,12.679,-4.0,-3.0,4.74,8.912,-3.0,-4.0,-4.0,-3.0,-4.0,-0.016,6.906,-6.0,3.865,0.91,-1.028,-3.0,8.85,1.979,-1.0,-3.0,-3.0,-4.0,5.104,3.066,-5.0,2.951,-4.0,-6.0,-4.0,-1.0,8.485,-3.999,1.953,9.938,8.515,7.774,0.354,-3.0,-1.999,-5.0,-4.0,-4.0,-4.0,4.266,7.625,5.266,7.654,-3.0,7.649,-3.0,0.0,-3.0,-0.003,-1.007,-4.0,-3.0,4.417,6.381,-3.0,2.679,3.407,-1.0,-1.033,-3.999,9.812,-4.0,-0.033,-4.0,3.687,-5.0,4.242,-2.0,-3.0,-1.04,-4.0,0.0,4.002,-2.0,2.897,-4.0,11.71,0.927,3.186,-2.0,12.423,-6.0,-3.0,-4.0,-3.999,-4.0,-3.999,-4.0,-0.005,-3.0,3.337,0.0,0.0,0.0,0.0,0.0,0.0,0.0,0.0,0.0,0.0
GoldS210,XAUUSDc,306,3.739,11.217,2,0.1228,639.56,478,12.3431,1,9,0,0.01,1.7,2.5,0.0,0.5,15,1,-60.523,20,0,2,0,0.2,0.0,0.0,0.0,0.0,0.0,-1.0,32.259,-4.0,-4.0,-3.0,-6.0,-1.501,0.488,-4.0,0.494,-3.503,-3.0,-5.0,-4.0,-3.0,-4.0,1.644,-5.0,-5.0,8.326,-1.519,-5.0,-3.0,11.478,0.533,-4.0,-4.0,-1.517,7.521,-1.513,3.668,-7.0,-1.515,-3.0,-1.523,-3.0,-3.0,-3.999,-2.0,-2.999,-4.0,-3.0,-0.747,-3.647,-4.999,70.239,-4.0,-6.0,-4.0,-1.0,3.532,-4.0,2.418,3.838,1.442,10.656,-2.501,-3.0,-1.999,-5.0,-1.529,-4.0,9.181,1.546,19.897,2.901,-2.999,-2.999,46.864,-2.999,-4.0,-4.0,0.498,-1.506,-4.0,-4.0,4.095,-4.0,-2.999,1.004,2.302,-1.0,1.398,-6.0,-1.51,-4.0,0.163,-2.526,-1.508,-5.0,0.471,-2.0,-3.999,0.896,-0.649,0.0,0.852,-2.0,-3.0,-1.593,1.441,7.282,-4.0,-2.0,-3.999,-6.0,-5.0,-0.536,-6.0,-3.0,-3.0,9.751,3.121,-4.0,2.851,0.0,0.0,0.0,0.0,0.0,0.0,0.0,0.0,0.0,0.0
GoldS210,XAUUSDc,778,-5.3223,-15.967,2,-0.3555,0.0,475,32.8421,1,9,0,0.01,1.9,1.5,0.0,0.5,15,1,-19.325,0,0,2,0,0.8,0.0,0.0,0.0,0.0,0.0,1.479,2.124,-4.0,-0.508,-4.0,-5.0,3.384,-0.507,-3.0,-0.504,-3.502,1.644,-2.999,-4.0,-3.0,-0.642,1.662,3.979,0.845,-0.705,2.252,-1.478,0.263,-1.738,-2.511,-4.0,-4.0,-0.51,1.959,1.224,2.88,-4.999,3.356,-3.0,3.737,-3.0,-0.515,-0.16,-2.0,2.689,-3.0,-4.0,4.475,3.125,-2.51,5.104,-1.503,-2.558,-1.511,-1.0,-3.014,-1.51,-1.406,0.429,-0.514,3.623,-2.501,-3.0,3.442,-4.0,0.796,0.863,1.934,0.493,1.033,5.508,3.529,0.157,3.467,4.295,0.0,-5.0,-0.501,-2.503,2.066,-0.694,2.731,2.185,0.944,-1.025,0.093,-1.0,-2.665,3.709,4.224,-4.0,-1.123,0.799,-2.505,-2.502,0.436,-2.0,4.769,-4.0,4.947,0.0,1.399,-2.0,-2.0,-2.559,0.465,0.788,1.819,-0.539,10.066,-2.7,-4.0,0.966,-0.041,-0.313,1.718,-2.564,4.978,-3.0,0.72,0.0,0.0,0.0,0.0,0.0,0.0,0.0,0.0,0.0,0.0
GoldS210,XAUUSDc,835,-7.6413,-22.924,2,-0.5461,0.0,435,18.3908,1,11,0,0.01,1.7,2.5,0.0,0.0,15,1,-32.6,24,0,2,0,0.8,0.0,0.0,0.0,0.0,0.0,-1.0,5.904,-4.0,-2.999,-4.0,-5.0,-0.501,0.488,-3.0,0.494,-2.503,6.131,-1.999,-4.0,-3.0,-2.0,0.439,-4.0,-5.0,-0.317,4.183,2.564,3.627,3.586,0.533,-4.0,-4.0,0.483,4.355,-0.513,2.848,-6.0,-0.515,2.247,-1.524,-3.0,7.319,1.587,-2.0,-2.0,-3.0,-4.0,4.134,-2.339,-5.0,15.632,-4.0,-6.0,-4.0,-1.0,2.674,-4.0,-0.501,4.242,1.618,5.645,-2.501,-3.0,-2.0,-4.0,0.344,-4.0,1.518,0.558,3.731,1.526,3.612,-3.0,8.288,-3.0,0.0,-5.0,0.498,-1.506,-4.0,-3.0,1.732,11.949,-3.0,0.883,0.461,-1.0,-1.527,-0.432,10.829,-4.0,0.163,-1.526,3.196,-5.0,0.176,-2.0,-3.999,-0.177,3.634,0.0,0.852,-2.0,-2.0,-1.593,1.441,2.591,6.79,-2.0,5.826,-6.0,-4.0,4.923,2.395,-4.0,-3.0,2.289,1.778,-4.0,1.332,0.0,0.0,0.0,0.0,0.0,0.0,0.0,0.0,0.0,0.0
GoldS210,XAUUSDc,732,-4.5165,-9.033,3,-0.2448,0.0,504,45.8333,1,5,0,0.01,1.5,1.0,0.0,0.5,15,1,-10.762,0,0,2,0,0.8,0.0,0.0,0.0,0.0,0.0,0.986,-0.67,-0.589,0.986,-1.632,-1.53,1.355,1.538,-1.047,-0.009,-4.001,0.126,-0.271,-4.0,-3.0,-1.322,-0.641,2.778,-1.174,1.721,0.211,0.219,2.314,-2.012,-5.0,-1.63,-4.0,0.309,-3.008,1.682,3.407,3.396,1.336,-0.638,1.555,-3.0,-1.01,-1.007,-1.999,0.996,0.142,-4.0,3.24,0.285,-3.007,4.475,-0.009,-2.016,-2.007,-1.0,-4.009,-2.007,-1.635,-3.0,-1.009,4.449,1.382,-3.0,2.426,0.937,-1.026,0.962,5.753,1.538,-2.012,2.984,3.116,0.399,4.625,0.428,-0.501,-4.0,-1.001,-3.002,1.973,-0.281,3.081,-2.0,-0.046,-0.023,-1.015,-1.0,1.271,-0.356,-0.712,-4.0,-1.766,3.794,-3.003,-2.017,3.922,0.395,6.18,-2.004,2.523,0.0,-0.068,-2.0,1.359,-3.042,-0.023,2.476,-0.019,0.973,4.563,-1.138,-5.0,-0.022,2.376,-0.424,0.406,-0.042,2.408,0.303,2.34,0.0,0.0,0.0,0.0,0.0,0.0,0.0,0.0,0.0,0.0
GoldS210,XAUUSDc,892,0.399,0.798,3,0.0209,1964.79,410,13.9024,1,5,0,0.01,1.7,3.0,0.0,1.0,15,1,-14.881,33,0,2,0,0.8,0.0,0.0,0.0,0.0,0.0,-1.0,11.512,-4.0,-3.0,-4.0,-4.0,-0.001,0.986,-3.0,-3.0,-2.004,-2.0,-2.0,3.898,-3.0,-3.0,2.019,-4.0,-1.0,12.679,-4.0,-3.0,4.74,8.912,-3.0,-4.0,-4.0,-3.0,-4.0,-0.016,6.906,-6.0,3.865,0.91,-1.028,-3.0,8.85,1.979,-1.0,-3.0,-3.0,-4.0,5.104,3.066,-5.0,2.951,-4.0,-6.0,-4.0,-1.0,8.485,-3.999,1.953,9.938,8.515,7.774,0.354,-3.0,-1.999,-5.0,-4.0,-4.0,-4.0,4.266,7.625,5.266,7.654,-3.0,7.649,-3.0,0.0,-3.0,-0.003,-1.007,-4.0,-3.0,4.417,6.381,-3.0,2.679,3.407,-1.0,-1.033,-3.999,9.812,-4.0,-0.033,-4.0,3.687,-5.0,4.242,-2.0,-3.0,-1.04,-4.0,0.0,4.002,-2.0,2.897,-4.0,11.71,0.927,3.186,-2.0,12.423,-6.0,-3.0,-4.0,-3.999,-4.0,-3.999,-4.0,-0.005,-3.0,3.337,0.0,0.0,0.0,0.0,0.0,0.0,0.0,0.0,0.0,0.0
GoldS210,XAUUSDc,330,12.2707,36.812,2,0.4928,220.95,477,9.2243,1,9,0,0.01,1.7,3.0,0.0,0.0,15,1,-44.524,22,0,2,0,0.2,0.0,0.0,0.0,0.0,0.0,-1.0,37.494,-4.0,-4.0,-3.0,-6.0,-0.001,-0.014,-3.0,-3.0,-3.003,-3.0,-5.0,-4.0,-4.0,-6.0,3.076,-5.0,-5.0,0.252,-4.999,-5.0,-4.0,23.978,-4.0,-4.0,-4.0,-5.0,9.782,-0.016,-5.0,-7.0,5.558,-3.0,-1.028,28.077,-3.0,-3.999,-2.0,-2.999,-4.0,-3.0,-5.999,12.64,-4.999,-5.0,-4.999,-6.0,-4.0,-1.0,9.203,-4.0,1.422,6.071,4.19,27.518,-3.001,-3.0,-3.0,-5.0,-4.0,-4.0,-5.998,2.066,45.896,2.099,-2.999,-3.999,79.336,-2.999,-4.0,-4.0,0.997,-1.007,-5.0,-4.0,-3.0,-4.0,-2.999,1.623,3.407,-1.0,4.066,-6.0,-1.012,-4.0,0.805,-6.0,-1.01,-5.0,4.97,-2.0,-4.999,1.954,0.037,0.0,3.42,-2.0,-2.0,-4.0,7.36,10.006,-4.0,-2.0,-3.999,-6.0,-4.0,-4.0,-5.0,-3.0,-3.0,-5.999,4.386,-4.0,6.2,0.0,0.0,0.0,0.0,0.0,0.0,0.0,0.0,0.0,0.0
GoldS210,XAUUSDc,56,-10.0083,-30.025,2,-0.3499,0.0,505,22.3762,1,5,0,0.01,1.9,1.5,0.0,0.5,15,1,-58.448,17,0,2,0,0.0,0.0,0.0,0.0,0.0,0.0,1.479,-3.506,-4.0,-1.508,-3.0,-5.999,-0.016,-0.507,-3.0,-0.002,-4.502,-3.0,-5.0,-4.0,-3.0,-2.157,-0.795,-3.519,-1.925,-5.0,-0.879,-1.94,-4.0,0.96,-5.0,-4.0,-4.0,-2.51,-2.511,0.514,8.91,-6.0,1.089,1.512,11.554,-3.0,-0.515,-5.0,-2.0,-2.999,-4.0,-3.0,-3.563,3.221,-2.51,17.664,-1.503,-6.0,-1.511,-1.0,-3.014,0.594,-1.194,-4.0,0.486,23.24,-1.007,-3.0,7.535,-4.0,-0.565,2.541,1.415,0.493,-0.076,4.358,11.939,2.269,7.962,5.632,-4.0,-4.0,-0.501,-2.503,-1.509,10.429,5.661,24.423,0.944,0.09,0.093,-1.0,-6.0,2.74,-2.506,-4.0,-1.123,0.351,-0.632,-2.502,-0.068,-3.0,1.544,-4.0,1.427,0.0,1.399,-2.0,-3.0,-2.559,0.465,-3.536,-1.526,-0.539,2.848,-6.0,-5.0,8.272,-1.041,1.104,0.218,-6.0,1.791,-4.0,2.087,0.0,0.0,0.0,0.0,0.0,0.0,0.0,0.0,0.0,0.0
GoldS210,XAUUSDc,269,-21.994,-65.982,2,-0.6849,0.0,494,16.3968,1,7,0,0.01,1.7,2.0,0.0,0.5,15,1,-81.831,24,0,2,0,0.2,0.0,0.0,0.0,0.0,0.0,1.972,-3.008,-4.0,-1.01,-3.0,-6.0,11.775,-0.01,-3.0,-0.005,-4.002,-3.0,-5.0,-4.0,-3.0,1.712,0.997,-3.025,-6.0,5.174,-2.015,-2.067,-4.0,9.814,-5.0,-4.0,-4.0,-2.014,7.566,2.825,1.028,-6.999,2.734,-3.0,0.97,-3.0,-2.999,-5.0,-2.0,-2.999,-4.0,-3.0,1.756,2.119,-2.014,4.916,-1.004,-6.0,-1.014,-1.0,1.321,-4.0,0.112,-3.999,0.947,6.562,-3.001,-3.0,-0.061,-4.0,-3.023,-4.0,22.799,0.991,8.18,3.14,1.717,-2.999,13.008,-3.0,-4.0,-4.0,-0.002,-2.005,-4.0,-4.0,-0.001,-4.0,-0.009,1.243,1.197,-1.0,-5.999,-4.999,1.524,-4.0,-1.142,-2.021,1.4,-5.0,-0.507,-3.0,-5.0,-4.0,1.316,0.0,-0.11,-2.0,-3.0,-2.076,0.953,4.649,-4.0,-2.0,14.797,-6.0,-5.0,5.313,-3.042,9.325,5.993,-6.0,10.679,-4.0,3.675,0.0,0.0,0.0,0.0,0.0,0.0,0.0,0.0,0.0,0.0
GoldS210,XAUUSDc,679,4.932,7.398,4,0.3181,210.14,415,18.0723,1,11,0,0.01,1.7,2.5,0.0,1.0,15,1,-8.148,30,0,2,0,0.6,0.0,0.0,0.0,0.0,0.0,-1.0,8.093,-4.0,-3.0,-0.504,-5.0,-0.501,0.488,-3.0,0.494,-3.502,6.283,-2.0,2.911,-3.0,-2.0,1.638,-4.0,-1.0,9.285,0.481,4.057,6.093,5.77,-3.0,-3.0,5.971,0.483,4.561,-0.513,-6.0,-6.0,-0.514,0.413,-1.523,-3.0,3.883,1.482,-1.0,-3.0,-3.0,-4.0,9.026,-2.647,-5.0,21.483,-3.0,-6.0,-4.0,-1.0,3.532,-4.0,1.461,5.273,4.823,2.898,-1.501,-3.0,-2.0,-4.0,-0.529,-4.0,2.537,0.558,4.854,2.694,-3.0,-3.0,10.189,-3.0,0.0,-3.0,-0.502,-1.506,-4.0,-3.0,2.361,12.575,-3.0,2.302,0.461,-1.0,-1.528,1.143,8.762,-4.0,-0.527,-3.0,2.495,-5.0,1.955,-2.0,-3.0,-1.536,5.325,0.0,0.852,-2.0,2.191,-1.593,1.441,0.439,-4.0,-2.0,6.459,-5.999,-3.0,6.775,-5.0,-4.0,-3.0,5.396,0.496,-4.0,2.181,0.0,0.0,0.0,0.0,0.0,0.0,0.0,0.0,0.0,0.0
GoldS210,XAUUSDc,287,-5.069,-15.207,2,-0.2549,0.0,441,20.8617,1,11,0,0.01,1.9,2.0,0.0,1.0,15,1,-39.566,15,0,2,0,0.2,0.0,0.0,0.0,0.0,0.0,1.972,13.059,-4.0,-0.01,-1.003,-5.0,0.938,-0.01,-3.0,-0.005,-4.003,-2.0,-2.0,0.924,-3.0,-2.809,0.365,-2.025,-2.0,-1.058,-1.015,-0.577,5.172,2.504,-3.0,-3.0,4.429,-1.014,3.663,3.047,-6.0,-6.0,-2.012,-0.083,0.97,-3.0,3.41,0.986,-1.0,-3.0,-3.0,-4.0,-0.066,-2.161,-2.014,24.296,-0.004,-6.0,-1.014,-1.0,0.414,-4.0,-0.032,3.135,3.388,0.913,-2.001,-4.0,-0.061,-3.999,-2.023,-4.0,12.624,0.991,4.978,0.985,-0.014,-3.0,11.518,-3.0,-2.0,-2.0,-1.002,-2.005,-4.0,-4.0,-0.001,-4.0,-0.009,9.367,-0.031,-1.0,-3.022,-5.999,6.789,-4.0,-1.022,-3.0,-4.0,-5.0,-0.445,-2.0,-2.998,-2.032,3.911,0.0,-0.11,-2.0,1.484,-2.076,0.953,-0.049,-4.0,-2.0,29.121,-6.0,-3.0,1.955,-2.042,1.658,8.299,-4.0,6.441,-4.0,-0.01,0.0,0.0,0.0,0.0,0.0,0.0,0.0,0.0,0.0,0.0
GoldS210,XAUUSDc,97,-5.5503,-33.302,1,-0.615,0.0,446,19.7309,1,7,0,0.01,1.5,2.0,0.0,1.0,15,1,-49.151,23,0,2,0,0.0,0.0,0.0,0.0,0.0,0.0,1.972,-2.01,-4.0,-0.01,-1.003,-4.0,0.938,-0.01,-3.0,-0.005,-4.003,-2.0,-1.999,0.924,-3.0,1.712,0.997,-2.025,-2.0,-1.058,-0.015,-5.0,-4.0,9.814,-3.0,-4.0,-4.0,-1.014,7.566,-2.011,1.028,-6.0,1.733,-0.083,0.97,-3.0,3.411,0.986,-1.0,-3.0,-3.0,-4.0,6.514,3.119,-2.014,-4.001,-0.004,-6.0,-1.014,-1.0,1.321,-4.0,-0.032,3.135,7.732,6.02,-3.001,-3.0,-0.061,-3.999,-2.023,-4.0,9.677,0.991,4.978,3.14,1.717,-3.0,13.008,-3.0,-3.0,-2.0,-1.002,-2.005,-3.999,-4.0,-0.001,-4.0,-0.009,1.243,1.197,-1.0,-3.022,-5.0,10.999,-4.0,-1.022,-1.021,4.159,-5.0,-0.507,-2.0,-3.0,-2.032,6.635,0.0,-0.11,-2.0,1.484,-2.076,0.953,-1.049,-4.0,-2.0,14.797,-5.999,-1.018,5.313,-2.042,2.469,5.993,-4.999,6.441,-4.0,1.92,0.0,0.0,0.0,0.0,0.0,0.0,0.0,0.0,0.0,0.0
GoldS210,XAUUSDc,687,-5.864,-11.728,3,-0.2684,0.0,445,12.809,1,11,0,0.01,1.5,3.0,0.0,0.0,15,1,-29.493,32,0,2,0,0.6,0.0,0.0,0.0,0.0,0.0,-1.0,11.66,-4.0,-2.999,-4.0,-5.0,-0.001,-0.014,-3.0,-3.0,-3.004,11.814,-3.0,-4.0,-4.0,12.937,3.146,-4.0,-4.999,0.252,-5.0,-4.0,8.37,13.13,-3.999,-4.0,-4.0,-1.999,14.765,-0.016,-6.0,-6.0,3.315,4.775,-1.028,4.676,1.983,4.295,-2.0,-3.0,-3.0,-4.0,11.415,-0.029,-5.0,8.757,-5.0,-6.0,-4.0,-1.0,7.682,-4.0,1.422,6.07,4.561,7.592,-2.001,-3.0,-2.0,-4.0,-4.0,-4.0,-4.0,1.078,-5.0,2.099,-3.0,-3.0,13.636,-3.0,-4.0,-4.0,0.997,-1.007,-4.0,-3.0,5.791,9.246,-3.0,6.389,0.954,-1.0,-0.033,-5.0,-0.012,-4.0,0.805,-4.999,-1.01,-5.0,8.557,-2.0,-4.999,1.954,3.479,0.0,4.844,-2.0,-2.0,-4.0,7.36,5.973,-4.0,-2.0,14.186,-6.0,-4.0,-4.0,-4.0,-3.0,-3.0,-5.0,4.016,-4.0,4.44,0.0,0.0,0.0,0.0,0.0,0.0,0.0,0.0,0.0,0.0
GoldS210,XAUUSDc,504,-32.6585,-65.317,3,-0.6409,0.0,483,8.6957,1,5,0,0.01,1.5,3.0,0.0,0.0,15,1,-108.498,24,0,2,0,0.4,0.0,0.0,0.0,0.0,0.0,-1.0,23.434,-4.0,-4.0,-3.0,-5.0,-0.001,-0.014,-2.0,-3.0,-3.004,-3.0,-5.0,-4.0,-5.0,-5.0,4.584,-4.0,-6.0,9.974,-6.0,-4.0,7.735,22.757,-5.0,-4.0,-4.0,-2.999,-5.0,-2.016,-6.0,-5.0,8.186,6.191,-1.028,14.362,-3.0,-5.0,-3.0,-2.999,-4.0,-3.0,6.457,15.534,-5.0,-7.0,-4.0,-6.0,-4.0,-1.0,-3.597,-4.0,-6.0,-5.0,4.472,10.308,-1.646,-3.0,-3.0,-4.0,-5.999,6.921,-2.999,9.493,-6.0,5.488,10.547,-4.0,0.98,-3.0,-4.0,-4.0,0.997,-1.007,-4.0,-5.0,-3.0,40.181,-3.0,8.4,3.407,-1.0,-6.0,-5.0,4.935,-4.0,0.805,-5.999,4.886,-4.999,10.139,-2.0,-6.0,-4.0,-5.0,0.0,4.002,-2.0,-2.0,-4.0,9.72,-2.073,-4.0,-2.0,-5.0,-5.999,-5.0,-4.0,-5.0,-3.0,-3.999,-6.0,-5.0,-4.0,13.166,0.0,0.0,0.0,0.0,0.0,0.0,0.0,0.0,0.0,0.0
GoldS210,XAUUSDc,324,-30.8987,-92.696,2,-0.7599,0.0,495,8.2828,1,5,0,0.01,1.5,3.0,0.0,0.0,15,1,-136.717,22,0,2,0,0.2,0.0,0.0,0.0,0.0,0.0,-1.0,-0.101,-4.0,-3.999,-3.0,-6.0,-0.001,-0.014,-2.0,-3.0,-3.004,-2.999,-5.0,-4.0,-5.0,-5.0,4.584,-5.0,0.3,13.282,-5.999,-4.0,7.735,42.021,-5.0,-4.0,-4.0,-2.999,-6.0,-2.016,-6.0,-6.0,8.525,6.191,-1.028,29.382,-3.0,-6.0,-2.0,-2.999,-4.0,-3.0,5.458,15.534,-5.0,-7.0,-4.0,-6.0,-4.0,-1.0,-3.597,-4.0,-2.229,-5.0,4.472,10.308,-1.646,-3.0,-4.0,-4.0,-5.999,6.921,-4.999,19.488,-6.0,5.488,15.755,-3.998,0.981,-3.0,-4.0,-3.999,0.997,-1.007,-4.0,-5.0,-3.0,-5.0,-3.0,8.4,3.407,-1.0,-6.0,-5.0,3.936,-4.0,0.805,-6.0,4.886,-4.999,-5.0,-2.0,-5.999,-4.0,-5.0,0.0,4.002,-2.0,-2.0,-4.0,9.72,-2.073,-4.0,-2.0,-5.0,-6.0,-5.0,-4.0,-5.0,-3.0,-3.999,-6.0,-5.0,-4.0,15.429,0.0,0.0,0.0,0.0,0.0,0.0,0.0,0.0,0.0,0.0
GoldS210,XAUUSDc,54,-17.9517,-53.855,2,-0.6317,0.0,498,25.3012,1,9,0,0.01,1.7,1.5,0.0,0.5,15,1,-68.498,11,0,2,0,0.0,0.0,0.0,0.0,0.0,0.0,1.479,6.177,-4.0,-1.508,-3.0,-6.0,-0.016,-0.507,-4.0,-0.504,-4.502,-3.0,-0.749,-4.0,-3.0,-2.069,-1.22,2.54,-1.925,2.021,-1.023,-1.478,-3.999,0.96,-2.511,-4.0,-4.0,-2.51,-1.511,-2.508,14.629,-6.0,-0.017,-3.0,-0.021,-3.0,-0.515,-3.999,-2.0,-2.999,-4.0,-3.0,-3.563,0.613,-2.51,8.805,-1.503,-1.609,-1.511,-1.0,-3.014,-1.51,-1.194,-0.373,0.486,5.895,-1.007,-3.0,3.442,-4.0,0.716,2.531,-5.0,0.493,5.024,1.986,9.756,2.269,3.467,9.399,-4.0,-4.0,-0.501,-2.503,-1.509,4.078,2.731,7.364,0.944,-1.025,0.093,-1.0,-1.937,1.368,-2.506,-4.0,-1.123,0.351,-2.505,-2.502,1.078,-2.0,2.221,-4.0,4.436,0.0,1.399,-2.0,-3.0,-2.559,0.465,3.25,-1.526,-0.539,7.162,-0.457,-5.0,0.966,-1.04,1.964,3.076,-6.0,7.136,-4.0,-2.508,0.0,0.0,0.0,0.0,0.0,0.0,0.0,0.0,0.0,0.0
GoldS210,XAUUSDc,534,23.744,47.488,3,1.126,73.19,420,12.1429,1,9,0,0.01,1.7,3.0,0.0,1.0,15,1,12.732,23,0,2,0,0.4,0.0,0.0,0.0,0.0,0.0,-1.0,25.966,-4.0,-3.0,-4.0,-4.999,-0.001,0.987,-3.0,-3.0,-3.004,-2.0,-1.999,7.585,-3.0,-3.0,3.076,-5.0,-1.0,21.484,-2.999,-5.0,-3.0,21.039,-3.0,-4.0,-4.0,-4.0,11.782,-0.016,-4.0,-6.0,5.356,0.91,-1.029,-3.0,15.838,1.979,-1.0,-3.0,-3.0,-4.0,-3.0,-2.153,-4.999,-5.0,-4.0,-6.0,-4.0,-1.0,8.789,-4.0,1.953,-3.0,14.471,11.555,-2.001,-3.0,-1.999,-4.999,-4.0,-4.0,-5.997,2.066,26.149,5.92,-3.0,-3.0,32.757,-2.999,-2.0,-2.0,-0.003,-1.007,-4.0,-3.0,-3.0,16.269,-3.0,2.914,3.407,-1.0,-1.033,-6.0,3.865,-4.0,-0.033,-3.0,8.871,-5.0,4.97,-2.0,-2.999,-1.04,2.724,0.0,3.42,-2.0,2.897,-4.0,8.04,0.927,-4.0,-2.0,13.74,-6.0,-3.0,-4.0,-5.0,-4.0,-3.0,-5.0,-0.005,-3.0,10.096,0.0,0.0,0.0,0.0,0.0,0.0,0.0,0.0,0.0,0.0
GoldS210,XAUUSDc,818,-4.552,-13.656,2,-0.3593,0.0,425,25.4118,1,9,0,0.01,1.5,2.0,0.0,1.0,15,1,-19.132,2,0,2,0,0.8,0.0,0.0,0.0,0.0,0.0,1.972,4.117,-4.0,-0.01,-1.003,-4.0,4.941,-0.01,-3.0,-0.005,-3.003,-2.0,-1.999,0.377,-3.0,0.19,-0.387,-4.0,-1.0,1.41,-0.015,4.885,1.437,0.134,-3.0,-4.0,-4.0,-0.014,0.944,2.551,0.318,-6.0,-1.012,-0.083,0.97,-3.0,6.2,0.986,-1.0,-3.0,-2.999,-4.0,4.247,2.685,-2.014,6.962,-0.004,-6.0,-1.014,-1.0,-0.067,-4.0,-0.032,1.524,2.876,8.124,-2.001,-3.0,-0.062,-4.0,-2.023,-4.0,10.516,0.991,3.938,0.985,0.986,-3.0,4.886,-3.0,0.0,-3.0,-1.002,-2.005,0.855,0.765,-0.001,6.182,-0.009,3.985,1.197,-1.0,-3.022,-1.178,5.483,-4.0,-1.022,-3.0,0.183,-5.0,-1.378,-2.0,-3.0,-2.032,4.689,0.0,-0.11,-2.0,1.484,-2.076,0.953,-0.049,4.486,-2.0,10.592,-6.0,-3.0,1.955,3.089,0.408,4.221,-3.999,6.315,-3.0,-1.01,0.0,0.0,0.0,0.0,0.0,0.0,0.0,0.0,0.0,0.0
GoldS210,XAUUSDc,575,-1.1807,-3.542,2,-0.1472,0.0,477,50.1048,1,11,0,0.01,1.9,1.0,0.0,1.0,15,1,-4.542,0,0,2,0,0.6,0.0,0.0,0.0,0.0,0.0,0.986,-1.008,-1.022,0.986,-0.015,-2.003,0.941,0.977,-1.047,-0.009,-4.001,-0.165,0.934,0.755,-3.0,-2.068,-1.071,1.979,-0.125,0.93,0.932,1.982,1.99,-2.012,-2.007,-0.059,-4.0,-0.049,-2.008,-0.061,2.89,1.99,0.968,-1.077,0.978,-3.0,0.935,-0.007,-1.0,-1.002,-0.001,-4.0,2.891,-1.147,-3.007,2.948,1.942,-2.016,-2.007,-1.0,-4.009,-2.007,2.922,-1.054,0.96,3.819,0.967,-3.0,1.955,-0.088,-1.026,0.962,4.953,0.99,-0.023,2.984,1.936,-0.016,3.977,-0.018,-1.103,-1.0,-1.001,-3.002,1.973,-1.059,1.985,-2.0,-0.046,-0.023,-1.015,-1.0,0.918,-1.034,0.946,-4.0,-2.011,1.926,-2.048,-2.017,3.922,-0.006,4.907,-2.004,1.965,0.0,-0.068,-2.0,0.941,-1.09,-0.023,-0.029,-0.019,0.973,3.924,-2.034,-2.007,-0.022,2.932,-2.055,-0.032,-0.097,1.965,-0.008,1.91,0.0,0.0,0.0,0.0,0.0,0.0,0.0,0.0,0.0,0.0
GoldS210,XAUUSDc,265,-21.994,-65.982,2,-0.6849,0.0,494,16.3968,1,7,0,0.01,1.5,2.0,0.0,0.5,15,1,-81.831,24,0,2,0,0.2,0.0,0.0,0.0,0.0,0.0,1.972,-3.008,-4.0,-1.01,-3.0,-6.0,11.775,-0.01,-3.0,-0.005,-4.002,-3.0,-5.0,-4.0,-3.0,1.712,0.997,-3.025,-6.0,5.174,-2.015,-2.067,-4.0,9.814,-5.0,-4.0,-4.0,-2.014,7.566,2.825,1.028,-6.999,2.734,-3.0,0.97,-3.0,-2.999,-5.0,-2.0,-2.999,-4.0,-3.0,1.756,2.119,-2.014,4.916,-1.004,-6.0,-1.014,-1.0,1.321,-4.0,0.112,-3.999,0.947,6.562,-3.001,-3.0,-0.061,-4.0,-3.023,-4.0,22.799,0.991,8.18,3.14,1.717,-2.999,13.008,-3.0,-4.0,-4.0,-0.002,-2.005,-4.0,-4.0,-0.001,-4.0,-0.009,1.243,1.197,-1.0,-5.999,-4.999,1.524,-4.0,-1.142,-2.021,1.4,-5.0,-0.507,-3.0,-5.0,-4.0,1.316,0.0,-0.11,-2.0,-3.0,-2.076,0.953,4.649,-4.0,-2.0,14.797,-6.0,-5.0,5.313,-3.042,9.325,5.993,-6.0,10.679,-4.0,3.675,0.0,0.0,0.0,0.0,0.0,0.0,0.0,0.0,0.0,0.0
GoldS210,XAUUSDc,893,6.4227,9.634,4,0.2584,147.8,401,14.7132,1,7,0,0.01,1.7,3.0,0.0,1.0,15,1,-4.605,34,0,2,0,0.8,0.0,0.0,0.0,0.0,0.0,-1.0,10.871,-4.0,-3.0,-4.0,-4.0,-0.001,0.986,-3.0,-3.0,-2.004,-2.0,-1.999,3.877,-3.0,-2.0,3.043,-4.0,-1.0,10.178,-3.0,-4.0,3.205,9.46,-3.0,-4.0,-4.0,-3.0,5.445,-0.016,-3.0,-4.999,2.257,0.91,-1.029,-3.0,15.281,1.979,-1.0,-3.0,-3.0,-4.0,3.727,0.822,-5.0,3.617,-4.0,-6.0,-4.0,-1.0,7.679,-3.999,1.953,9.938,8.515,8.939,0.761,-3.0,-2.0,-5.0,-4.0,-4.0,-4.0,1.066,8.836,5.266,-2.0,-3.0,9.116,-3.0,0.0,-3.0,-0.003,-1.007,-4.0,-3.0,4.406,5.586,-3.0,2.046,3.407,-1.0,-1.033,-4.0,10.122,-4.0,-0.033,-4.0,3.777,-5.0,5.128,-2.0,-3.0,-1.04,5.558,0.0,4.816,-2.0,2.897,-4.0,11.698,0.927,9.13,-2.0,12.239,-6.0,-3.0,-4.0,-4.0,-4.0,-3.0,-4.0,-0.005,-3.0,4.338,0.0,0.0,0.0,0.0,0.0,0.0,0.0,0.0,0.0,0.0
GoldS210,XAUUSDc,684,-5.4513,-16.354,2,-0.272,0.0,470,10.6383,1,5,0,0.01,1.5,3.0,0.0,0.0,15,1,-41.681,32,0,2,0,0.6,0.0,0.0,0.0,0.0,0.0,-1.0,15.398,-4.0,-3.0,-4.0,-5.0,-0.001,-0.014,-2.0,-3.0,-3.003,-2.0,-3.0,-4.0,-5.0,-5.0,4.058,-4.0,3.607,7.038,-6.0,-4.0,17.01,12.918,-5.0,-4.0,-4.0,-3.0,-5.0,-2.016,-6.0,-5.0,5.301,4.688,-1.029,4.221,-3.0,-5.0,-3.0,-3.0,-3.0,-4.0,5.812,9.609,-5.0,13.273,-4.0,-6.0,-4.0,-1.0,-3.597,-4.0,-6.0,12.33,4.472,9.627,-0.646,-3.0,-3.0,-4.0,-4.998,5.238,-2.999,6.048,-6.0,5.249,7.951,-3.999,15.073,-2.999,-4.0,-4.0,0.997,-1.007,-4.0,-3.0,11.781,16.364,-3.0,6.827,3.407,-1.0,-6.0,-5.0,4.935,-4.0,0.805,-6.0,3.333,-5.0,6.437,-2.0,-6.0,-4.0,9.288,0.0,4.002,-2.0,-2.0,-4.0,9.72,-2.072,-4.0,-2.0,22.328,-6.0,-5.0,-4.0,-4.999,-3.0,-4.0,-5.0,-4.0,-3.0,6.88,0.0,0.0,0.0,0.0,0.0,0.0,0.0,0.0,0.0,0.0
GoldS210,XAUUSDc,98,16.018,32.036,3,0.5922,121.86,443,20.7675,1,9,0,0.01,1.5,2.0,0.0,1.0,15,1,-7.004,19,0,2,0,0.0,0.0,0.0,0.0,0.0,0.0,1.972,22.522,-4.0,-0.01,-1.003,-5.0,0.938,-0.01,-3.0,-0.005,-4.003,-2.0,-1.999,0.924,-3.0,1.712,0.211,-2.025,-2.0,-1.058,-1.015,1.403,-3.999,3.504,-3.0,-4.0,-4.0,-1.014,3.262,3.047,1.007,-6.0,-2.012,-0.083,0.97,-3.0,3.41,0.986,-1.0,-3.0,-3.0,-4.0,-0.066,-2.161,-2.014,41.558,-0.004,-6.0,-1.014,-1.0,0.414,-3.999,-0.032,3.135,7.732,6.02,-3.001,-3.0,-0.061,-3.999,-2.023,-4.0,3.576,0.991,4.978,0.985,-0.014,-3.0,13.008,-2.999,-2.0,-2.0,-1.002,-2.005,-4.0,-4.0,-0.001,-4.0,-0.009,13.295,1.197,-1.0,-3.022,-6.0,6.789,-4.0,-1.022,-3.0,5.236,-5.0,-0.507,-2.0,-2.999,-2.032,6.635,0.0,-0.11,-2.0,1.484,-2.076,0.953,-0.049,-4.0,-2.0,34.408,-6.0,-3.0,1.955,-2.042,1.658,8.299,-5.0,6.441,-4.0,1.92,0.0,0.0,0.0,0.0,0.0,0.0,0.0,0.0,0.0,0.0
GoldS210,XAUUSDc,576,-7.9665,-15.933,3,-0.411,0.0,497,26.9618,1,5,0,0.01,1.5,1.5,0.0,0.0,15,1,-21.838,5,0,2,0,0.6,0.0,0.0,0.0,0.0,0.0,1.479,1.35,-4.0,1.347,-4.0,-5.0,6.196,-1.507,-2.0,-0.002,-4.501,2.857,-3.0,-4.0,-5.0,-2.884,-0.948,4.262,2.289,-0.661,-0.88,-1.104,1.2,-1.129,-5.0,-4.0,-4.0,-0.51,3.874,6.754,4.404,-5.0,5.451,0.919,4.851,-0.019,-0.515,-5.0,-3.0,1.45,-3.0,-4.0,7.621,1.459,-2.51,5.836,-1.503,-6.0,-1.511,-1.0,-2.879,-0.134,-6.0,-1.117,1.655,5.517,-3.501,-3.0,4.476,-4.0,0.816,1.849,3.898,0.493,-0.832,3.245,5.473,-0.396,5.274,1.407,-4.0,-4.0,-0.501,-2.503,3.164,2.905,0.912,5.034,1.985,1.411,0.093,-1.0,-6.0,0.912,2.747,-4.0,-1.123,1.141,-1.126,-2.502,-0.068,-2.0,-1.557,-4.0,7.599,0.0,1.399,-2.0,-2.0,-2.559,0.465,0.796,-1.526,-0.539,8.918,-2.038,-5.0,2.541,0.99,1.104,2.877,-0.387,-1.533,-3.0,3.377,0.0,0.0,0.0,0.0,0.0,0.0,0.0,0.0,0.0,0.0
GoldS210,XAUUSDc,692,-5.4513,-16.354,2,-0.272,0.0,470,10.6383,1,5,0,0.01,1.9,3.0,0.0,0.0,15,1,-41.681,32,0,2,0,0.6,0.0,0.0,0.0,0.0,0.0,-1.0,15.398,-4.0,-3.0,-4.0,-5.0,-0.001,-0.014,-2.0,-3.0,-3.003,-2.0,-3.0,-4.0,-5.0,-5.0,4.058,-4.0,3.607,7.038,-6.0,-4.0,17.01,12.918,-5.0,-4.0,-4.0,-3.0,-5.0,-2.016,-6.0,-5.0,5.301,4.688,-1.029,4.221,-3.0,-5.0,-3.0,-3.0,-3.0,-4.0,5.812,9.609,-5.0,13.273,-4.0,-6.0,-4.0,-1.0,-3.597,-4.0,-6.0,12.33,4.472,9.627,-0.646,-3.0,-3.0,-4.0,-4.998,5.238,-2.999,6.048,-6.0,5.249,7.951,-3.999,15.073,-2.999,-4.0,-4.0,0.997,-1.007,-4.0,-3.0,11.781,16.364,-3.0,6.827,3.407,-1.0,-6.0,-5.0,4.935,-4.0,0.805,-6.0,3.333,-5.0,6.437,-2.0,-6.0,-4.0,9.288,0.0,4.002,-2.0,-2.0,-4.0,9.72,-2.072,-4.0,-2.0,22.328,-6.0,-5.0,-4.0,-4.999,-3.0,-4.0,-5.0,-4.0,-3.0,6.88,0.0,0.0,0.0,0.0,0.0,0.0,0.0,0.0,0.0,0.0
GoldS210,XAUUSDc,206,-1.1807,-3.542,2,-0.1472,0.0,477,50.1048,1,9,0,0.01,1.5,1.0,0.0,1.0,15,1,-4.542,0,0,2,0,0.2,0.0,0.0,0.0,0.0,0.0,0.986,-1.008,-1.022,0.986,-0.015,-2.003,0.941,0.977,-1.047,-0.009,-4.001,-0.165,0.934,0.755,-3.0,-2.068,-1.071,1.979,-0.125,0.93,0.932,1.982,1.99,-2.012,-2.007,-0.059,-4.0,-0.049,-2.008,-0.061,2.89,1.99,0.968,-1.077,0.978,-3.0,0.935,-0.007,-1.0,-1.002,-0.001,-4.0,2.891,-1.147,-3.007,2.948,1.942,-2.016,-2.007,-1.0,-4.009,-2.007,2.922,-1.054,0.96,3.819,0.967,-3.0,1.955,-0.088,-1.026,0.962,4.953,0.99,-0.023,2.984,1.936,-0.016,3.977,-0.018,-1.103,-1.0,-1.001,-3.002,1.973,-1.059,1.985,-2.0,-0.046,-0.023,-1.015,-1.0,0.918,-1.034,0.946,-4.0,-2.011,1.926,-2.048,-2.017,3.922,-0.006,4.907,-2.004,1.965,0.0,-0.068,-2.0,0.941,-1.09,-0.023,-0.029,-0.019,0.973,3.924,-2.034,-2.007,-0.022,2.932,-2.055,-0.032,-0.097,1.965,-0.008,1.91,0.0,0.0,0.0,0.0,0.0,0.0,0.0,0.0,0.0,0.0
GoldS210,XAUUSDc,370,-3.821,-11.463,2,-0.263,0.0,519,41.2331,1,9,0,0.01,1.9,1.0,0.0,0.0,15,1,-15.355,0,0,2,0,0.4,0.0,0.0,0.0,0.0,0.0,0.986,-2.007,0.069,-2.009,-3.0,-0.086,5.875,-0.023,-3.0,1.007,-4.001,-3.0,-2.147,-4.0,-3.007,-4.002,-3.005,3.523,-3.02,0.955,-0.025,0.029,0.315,-2.012,-3.007,-4.0,-4.0,-1.01,-3.008,1.922,7.016,5.979,0.968,-3.0,2.617,-2.009,-1.01,-2.002,-2.0,0.996,-0.809,-3.0,5.628,2.704,-3.007,4.673,-0.009,-2.016,-2.007,-1.0,-3.967,-2.007,-1.298,-2.005,0.616,6.466,2.011,-3.0,4.088,1.513,0.542,1.218,6.443,-1.004,1.686,3.847,4.177,0.147,6.336,-0.018,-2.006,-4.0,-1.001,-3.002,1.973,-5.0,3.933,0.193,0.864,1.555,-1.015,-1.0,0.918,-3.014,1.529,-4.0,-1.766,3.455,-3.003,-2.017,3.922,1.131,3.334,-2.004,1.294,0.0,-0.068,-2.0,1.911,-3.042,-0.023,3.18,-0.019,0.973,1.927,-2.54,-4.0,0.038,3.475,0.51,1.726,-0.841,1.305,-0.008,-1.055,0.0,0.0,0.0,0.0,0.0,0.0,0.0,0.0,0.0,0.0
GoldS210,XAUUSDc,111,19.7087,29.563,4,0.4592,140.1,478,14.2259,1,11,0,0.01,1.5,2.5,0.0,0.0,15,1,-11.856,28,0,2,0,0.0,0.0,0.0,0.0,0.0,0.0,-1.0,17.403,-4.0,-4.0,-3.0,-6.0,-1.501,-0.512,-3.0,0.494,-3.503,-3.0,-5.0,-4.0,-4.0,-0.499,1.982,-4.0,-1.451,-0.317,-2.519,-3.0,7.086,12.478,0.534,-4.0,-4.0,0.483,11.861,-0.513,-6.0,-6.0,-1.515,4.704,-1.524,-4.0,1.311,2.84,-2.0,-2.999,-4.0,-3.0,-2.287,-8.0,-5.0,51.273,-4.0,-6.0,-4.0,-1.0,3.853,-4.0,0.498,3.681,3.57,10.522,-2.501,-4.0,9.737,-4.0,3.973,-4.0,1.322,1.558,19.531,1.526,-2.999,-3.998,16.859,-2.999,-4.0,-4.0,0.498,-1.506,-5.0,-4.0,4.095,-4.0,-2.999,5.752,0.461,-1.0,-2.528,0.83,-1.51,-4.0,0.163,-2.526,-1.508,-5.0,4.243,-3.0,-4.999,0.896,2.54,0.0,0.852,-2.0,-2.0,-1.593,1.441,5.116,-4.0,-2.0,-1.512,-6.0,-4.0,4.923,14.293,-3.0,-3.0,24.787,3.061,-5.0,4.851,0.0,0.0,0.0,0.0,0.0,0.0,0.0,0.0,0.0,0.0
GoldS210,XAUUSDc,478,19.162,28.743,4,0.4577,102.85,475,13.6842,1,9,0,0.01,1.9,2.5,0.0,0.0,15,1,-0.819,27,0,2,0,0.4,0.0,0.0,0.0,0.0,0.0,-1.0,14.575,-4.0,-4.0,-3.0,-5.0,-0.501,-0.511,-3.0,0.494,-3.503,-3.0,-5.0,-4.0,-4.0,6.641,1.644,-5.0,-5.0,-0.317,-1.519,-5.0,-4.0,11.297,0.533,-4.0,-4.0,-1.517,6.521,-0.513,-5.0,-6.0,-0.514,-3.0,-1.524,9.627,-3.0,5.724,-2.0,-2.999,-4.0,-3.0,5.581,1.408,-4.999,28.061,-4.0,-6.0,-4.0,-1.0,3.853,-4.0,0.498,3.682,3.28,8.718,-3.501,-3.0,-2.0,-5.0,3.605,-4.0,11.182,0.546,15.491,1.526,-3.0,-4.0,20.621,-2.999,-4.0,-4.0,0.498,-1.506,-4.0,-5.0,3.451,30.572,-3.0,0.413,2.302,-1.0,1.398,-6.0,19.191,-4.0,0.163,-2.526,-1.508,-5.0,0.471,-2.0,-4.999,0.896,-0.649,0.0,0.852,-2.0,-2.0,-1.593,1.441,6.368,-4.0,-2.0,-4.0,-5.999,-4.0,-0.536,15.006,-3.0,-3.0,13.873,3.121,-3.0,1.852,0.0,0.0,0.0,0.0,0.0,0.0,0.0,0.0,0.0,0.0
GoldS210,XAUUSDc,653,-6.2305,-12.461,3,-0.2378,0.0,465,15.2688,1,7,0,0.01,1.7,2.5,0.0,0.0,15,1,-24.996,32,0,2,0,0.6,0.0,0.0,0.0,0.0,0.0,-1.0,7.59,-3.999,-3.0,-3.999,-5.0,-0.5,-0.511,-2.0,0.494,-3.502,-2.0,-2.999,-4.0,-4.0,2.614,2.39,-4.0,1.912,1.262,-1.519,-1.193,3.23,6.125,-5.0,-4.0,-4.0,0.483,5.59,-1.513,2.082,0.789,2.369,-3.0,-1.524,3.91,-3.0,-4.0,-3.0,-3.0,-3.0,-4.0,8.57,3.166,-5.0,8.722,-4.0,-6.0,-4.0,-1.0,4.65,-4.0,-1.539,6.896,2.788,9.547,-2.501,-3.0,-1.999,2.165,2.064,-4.0,6.541,0.546,18.621,3.775,-3.0,-4.0,10.277,-3.0,-4.0,-3.999,0.498,-1.506,-4.0,-3.0,1.913,9.535,-3.0,4.759,2.302,-1.0,-6.0,0.503,21.174,-4.0,0.594,-2.526,-1.508,-5.0,2.671,-2.0,-6.0,-4.0,-5.0,0.0,0.852,-2.0,-2.0,-1.593,2.683,-2.561,-4.0,-2.0,9.063,-5.999,-4.0,7.176,5.173,-3.0,-3.0,3.265,1.382,-3.0,3.818,0.0,0.0,0.0,0.0,0.0,0.0,0.0,0.0,0.0,0.0
GoldS210,XAUUSDc,496,-2.7885,-5.577,3,-0.0843,0.0,436,13.9908,1,5,0,0.01,1.7,2.5,0.0,1.0,15,1,-40.269,23,0,2,0,0.4,0.0,0.0,0.0,0.0,0.0,-1.0,20.158,-4.0,-3.0,-0.504,-4.0,-0.501,0.488,-3.0,1.787,-3.503,-2.0,-2.0,4.255,-3.0,-3.0,2.791,-5.0,-1.0,30.692,-0.519,-4.0,-3.0,11.613,-3.0,-4.0,-4.0,-0.517,-4.0,-1.513,-7.0,-5.0,0.08,0.413,-1.523,-3.0,-3.0,1.482,-1.0,-3.0,-3.0,-4.0,6.142,5.515,-5.0,-1.199,-4.0,-6.0,-4.0,-1.0,-4.51,-4.0,1.461,-3.0,10.058,8.636,-2.501,-3.0,-2.0,-4.999,-0.529,-4.0,13.264,7.72,11.164,4.926,7.452,-3.0,0.472,-3.0,-2.0,-2.0,-0.502,-1.506,-4.0,-3.0,3.017,13.792,-3.0,3.732,2.302,-1.0,-2.528,-5.0,19.734,-4.0,-0.527,-0.526,6.368,-4.999,2.605,-2.0,-2.999,-1.536,-4.0,0.0,0.852,-2.0,2.191,-1.593,2.683,-0.561,-4.0,-2.0,-5.0,-6.0,-3.0,14.15,-5.0,-4.0,-4.0,-5.0,-0.504,-3.999,10.526,0.0,0.0,0.0,0.0,0.0,0.0,0.0,0.0,0.0,0.0
GoldS210,XAUUSDc,699,-8.6273,-51.764,1,-0.751,0.0,443,11.9639,1,11,0,0.01,1.5,3.0,0.0,0.5,15,1,-67.894,29,0,2,0,0.6,0.0,0.0,0.0,0.0,0.0,-1.0,10.712,-4.0,-3.0,-4.0,-5.0,-0.001,0.986,-4.0,-3.0,-3.003,11.814,-3.0,-4.0,-3.0,-2.0,3.146,-4.0,-4.999,4.296,-5.0,-5.0,8.37,13.13,-3.999,-4.0,-4.0,-1.999,8.939,-0.016,-6.0,-6.0,3.315,4.775,-1.028,-3.0,1.983,4.295,-2.0,-3.0,-3.0,-4.0,4.499,-3.153,-5.0,8.757,-5.0,-6.0,-4.0,-1.0,7.268,-4.0,3.724,6.291,1.938,0.829,-1.001,-3.0,-2.0,-4.0,-5.0,-4.0,-4.0,1.078,-5.0,5.343,-3.0,-2.0,9.585,-3.0,-4.0,-4.0,0.997,-1.007,-4.0,-3.0,5.791,9.245,-3.0,4.538,0.954,-1.0,-0.033,-4.999,-0.012,-4.0,0.805,-6.0,4.593,-5.0,8.557,-2.0,-3.999,1.954,3.479,0.0,4.844,-2.0,-2.0,-4.0,8.04,5.973,-4.0,-2.0,14.186,-6.0,-4.0,-4.0,-6.0,-3.0,-3.0,-5.0,4.016,-4.0,4.44,0.0,0.0,0.0,0.0,0.0,0.0,0.0,0.0,0.0,0.0
GoldS210,XAUUSDc,422,-3.354,-10.062,2,-0.2215,0.0,451,32.5942,1,9,0,0.01,1.5,1.5,0.0,1.0,15,1,-15.887,4,0,2,0,0.4,0.0,0.0,0.0,0.0,0.0,1.479,3.636,-4.0,-0.508,-1.502,-4.999,2.429,-0.506,-3.0,-0.504,-4.502,2.594,-1.999,-0.555,-3.0,-0.515,-1.22,2.066,2.558,-1.554,2.421,-1.478,-3.0,-0.398,-1.511,-1.515,-4.0,-1.51,-1.511,-0.066,3.272,-5.0,5.103,-0.58,2.469,-3.0,3.714,0.489,-1.0,-3.0,-3.0,-4.0,0.888,-3.15,-2.51,4.374,0.946,-1.609,-1.511,-1.0,-3.014,-1.51,1.933,1.291,1.439,4.923,-1.007,-3.0,3.442,-3.999,1.716,2.531,3.098,0.493,1.986,1.987,4.12,-0.525,3.467,8.651,-2.0,-2.0,-1.501,-2.503,-1.509,-1.529,1.994,4.248,0.944,-1.025,0.093,-1.0,-3.517,1.368,2.419,-4.0,-1.516,2.687,-1.552,-2.502,1.078,-2.0,5.298,-4.0,4.918,0.0,1.399,-2.0,0.794,2.332,0.465,-0.536,-1.526,-0.539,6.88,-3.519,-3.0,0.966,-0.041,-1.56,3.051,-1.227,4.418,-3.0,-0.059,0.0,0.0,0.0,0.0,0.0,0.0,0.0,0.0,0.0,0.0
GoldS210,XAUUSDc,331,-9.386,-28.158,2,-0.3868,0.0,469,10.8742,1,11,0,0.01,1.7,3.0,0.0,0.0,15,1,-54.136,25,0,2,0,0.2,0.0,0.0,0.0,0.0,0.0,-1.0,22.039,-4.0,-4.0,-3.0,-6.0,-1.001,-0.014,-3.0,-3.0,-3.003,-3.0,-4.999,-4.0,-4.0,-6.0,3.599,-4.0,-0.924,0.252,-5.999,-3.0,10.001,23.978,-3.999,-4.0,-4.0,-3.0,18.465,-0.016,-6.0,-6.0,5.558,6.278,-1.028,-4.0,1.983,4.295,-2.0,-3.0,-4.0,-3.0,3.355,12.64,-5.0,10.722,-5.0,-6.0,-4.0,-1.0,7.682,-4.0,1.422,6.07,4.561,23.519,-2.001,-4.0,-3.0,-4.0,-4.0,-4.0,-5.999,2.078,-5.0,2.099,-2.999,-3.999,22.285,-3.0,-4.0,-4.0,0.997,-1.007,-4.0,-5.0,-3.0,-3.999,-2.999,9.052,0.954,-1.0,-1.033,-5.0,-1.012,-4.0,0.805,-6.0,-1.01,-5.0,14.056,-3.0,-4.999,1.954,4.342,0.0,4.844,-2.0,-2.0,-4.0,7.36,7.316,-4.0,-2.0,-1.015,-6.0,-4.0,-4.0,-4.0,-3.0,-3.0,-6.0,4.136,-5.0,8.2,0.0,0.0,0.0,0.0,0.0,0.0,0.0,0.0,0.0,0.0
GoldS210,XAUUSDc,728,-2.601,-5.202,3,-0.1449,0.0,506,44.664,1,5,0,0.01,1.9,1.0,0.0,0.0,15,1,-7.17,0,0,2,0,0.8,0.0,0.0,0.0,0.0,0.0,0.986,-0.883,-0.589,1.613,-1.632,-1.032,2.126,1.538,-1.047,0.32,-4.001,0.24,-0.271,-4.0,-3.0,-1.124,-3.005,2.778,-1.174,1.908,0.211,0.474,2.587,-2.012,-5.0,-1.633,-4.0,0.84,-3.008,-0.307,4.365,3.506,1.336,-0.638,1.555,-3.0,-1.01,-1.007,-1.999,0.996,0.142,-4.0,4.027,1.048,-3.007,4.401,-0.009,-2.016,-2.007,-1.0,-3.967,-2.007,-3.02,-2.998,0.393,5.144,0.733,-3.0,3.52,0.665,-0.594,1.218,6.406,1.538,-1.586,3.593,3.116,-0.698,4.625,0.428,-0.144,-4.0,-1.001,-3.002,1.973,0.16,3.125,-1.518,0.224,0.798,-1.015,-1.0,1.271,-0.356,-0.436,-4.0,-1.766,4.03,-3.003,-2.017,3.922,0.549,6.676,-2.004,3.071,0.0,-0.068,-2.0,1.671,-3.042,-0.023,0.502,-0.019,0.973,4.563,-0.934,-5.0,0.038,3.35,-0.424,-0.479,-1.411,0.419,0.303,2.747,0.0,0.0,0.0,0.0,0.0,0.0,0.0,0.0,0.0,0.0
GoldS210,XAUUSDc,891,-1.8203,-10.922,1,-0.3212,0.0,401,15.4613,1,11,0,0.01,1.5,3.0,0.0,1.0,15,1,-23.273,32,0,2,0,0.8,0.0,0.0,0.0,0.0,0.0,-1.0,8.411,-4.0,-3.0,-4.0,-5.0,-0.001,0.986,-3.0,-3.0,-2.004,6.683,-2.0,3.877,-3.0,-2.0,1.57,-4.0,-1.0,9.13,-2.999,-4.0,5.144,9.351,-3.0,-3.0,-4.0,-2.0,5.428,-0.016,6.542,-6.0,2.29,0.91,-1.029,-3.0,11.237,1.979,-1.0,-3.0,-3.0,-4.0,2.906,0.841,-5.0,3.273,-4.0,-6.0,-4.0,-1.0,5.228,-4.0,1.953,6.337,5.829,0.963,-1.001,-3.0,-2.0,-4.0,-4.0,-4.0,-4.0,1.078,8.183,4.305,5.273,-3.0,7.022,-3.0,0.0,-3.0,-0.003,-1.007,-4.0,-3.0,4.129,3.305,-3.0,2.046,0.954,-1.0,-0.032,-5.0,4.865,-4.0,-0.033,-3.0,3.036,-5.0,4.529,-2.0,-3.0,-1.04,5.919,0.0,4.844,-2.0,2.897,-4.0,8.04,0.927,9.089,-2.0,10.904,-6.0,-3.0,-4.0,-4.0,-4.0,-3.0,-4.0,0.995,-4.0,3.035,0.0,0.0,0.0,0.0,0.0,0.0,0.0,0.0,0.0,0.0
GoldS210,XAUUSDc,861,16.3742,19.649,5,0.7406,54.04,409,19.8044,1,7,0,0.01,1.9,2.5,0.0,1.0,15,1,9.031,30,0,2,0,0.8,0.0,0.0,0.0,0.0,0.0,-1.0,6.538,-4.0,-3.0,-0.504,-4.0,-0.501,0.488,-3.0,0.494,-2.503,-2.0,-1.999,2.128,-3.0,-2.0,7.63,-4.0,-1.0,6.03,0.481,-4.0,2.115,3.641,-3.0,-4.0,-4.0,0.483,3.21,-0.513,1.812,-0.376,1.144,0.413,-1.524,-3.0,10.188,1.482,-1.0,-3.0,-3.0,-4.0,9.368,0.038,-5.0,15.857,-3.0,-6.0,-4.0,-1.0,2.75,-3.999,1.461,5.964,5.458,6.671,-1.501,-3.0,-2.0,-5.0,-0.529,-4.0,3.646,0.546,10.404,3.791,-2.0,-3.0,8.288,-3.0,0.0,-3.0,-0.502,-1.506,-4.0,-3.0,1.465,10.28,-3.0,0.471,2.302,-1.0,-2.528,1.049,12.876,-4.0,-0.527,-0.526,2.042,-5.0,0.576,-2.0,-3.0,-1.536,2.896,0.0,0.852,-2.0,2.191,-1.593,2.683,0.439,6.813,-2.0,6.48,-6.0,-3.0,7.616,2.63,-4.0,-3.0,2.407,-0.504,-3.0,2.233,0.0,0.0,0.0,0.0,0.0,0.0,0.0,0.0,0.0,0.0
GoldS210,XAUUSDc,450,5.653,11.306,3,0.2242,139.33,479,19.6242,1,9,0,0.01,1.7,2.0,0.0,0.5,15,1,-4.447,27,0,2,0,0.4,0.0,0.0,0.0,0.0,0.0,1.972,9.703,-4.0,-1.01,-3.0,-5.0,5.619,-0.009,-4.0,-0.005,-4.003,-3.0,0.545,-4.0,-3.0,11.122,0.211,-2.025,-5.0,3.063,-2.015,0.444,-3.0,1.972,-0.332,-4.0,-4.0,-0.014,3.262,8.061,1.007,-6.0,-1.011,-3.0,0.97,-3.0,-3.0,3.653,-2.0,-2.999,-4.0,-3.0,-1.066,-3.161,-2.014,19.322,-1.004,-6.0,-1.014,-1.0,0.414,-4.0,0.112,1.022,0.947,5.605,-3.001,-3.0,-0.061,-4.0,-3.023,-4.0,24.522,0.991,5.763,0.985,-0.014,-2.0,7.68,-2.999,-4.0,-3.999,-0.002,-2.005,-4.0,9.763,-0.001,10.072,-0.009,9.021,1.197,-1.0,-0.269,-6.0,7.657,-4.0,-0.48,3.203,-2.006,-5.0,-0.507,-2.0,-3.999,-0.162,4.981,0.0,-0.11,-2.0,-3.0,-2.076,0.953,4.952,-4.0,-2.0,10.058,-5.999,-5.0,1.955,0.078,6.495,8.252,-6.0,10.115,-3.0,-3.009,0.0,0.0,0.0,0.0,0.0,0.0,0.0,0.0,0.0,0.0
GoldS210,XAUUSDc,585,0.4437,1.331,2,0.032,386.7,492,29.065,1,7,0,0.01,1.9,1.5,0.0,0.0,15,1,-3.816,1,0,2,0,0.6,0.0,0.0,0.0,0.0,0.0,1.479,-0.001,-3.999,1.443,-3.999,-5.0,6.831,-1.506,-2.0,-0.504,-4.501,3.499,-2.999,-4.0,-4.0,-3.88,-0.948,3.711,2.297,-1.708,-1.023,-1.942,0.324,-1.129,-5.0,-4.0,-4.0,-0.51,4.636,4.635,6.405,-4.999,5.909,-3.0,4.949,0.026,-0.515,-4.0,-3.0,1.451,-3.0,-4.0,6.347,6.595,-2.51,5.306,-1.503,-6.0,-1.511,-1.0,-2.879,-0.134,-3.524,-0.425,1.247,6.018,-3.501,-3.0,7.824,-4.0,2.671,1.424,3.504,0.493,2.639,3.91,4.628,-0.396,3.467,6.528,-4.0,-3.999,-0.501,-2.503,3.257,0.414,-0.501,4.775,1.985,1.01,0.093,-1.0,-6.0,4.306,6.185,-4.0,-0.877,0.614,-2.505,-2.502,1.078,-2.0,-1.653,-4.0,0.895,0.0,1.399,-2.0,-2.0,-2.559,0.465,0.394,-1.526,-0.539,12.914,-2.053,-4.0,1.061,1.089,1.289,2.91,-0.387,6.561,-3.0,2.092,0.0,0.0,0.0,0.0,0.0,0.0,0.0,0.0,0.0,0.0
GoldS210,XAUUSDc,421,-1.622,-3.244,3,-0.0782,0.0,454,31.9383,1,7,0,0.01,1.5,1.5,0.0,1.0,15,1,-12.361,4,0,2,0,0.4,0.0,0.0,0.0,0.0,0.0,1.479,2.451,-4.0,-0.508,-1.502,-1.802,2.429,-0.507,-3.0,-0.504,-4.502,2.594,-1.999,-0.555,-3.0,-0.593,-0.795,1.679,3.7,-2.554,2.421,-4.0,-3.0,-0.36,-1.511,-1.515,-4.0,-1.51,-1.511,0.532,6.024,-5.0,8.879,-0.58,2.469,-3.0,3.714,0.489,-1.0,-3.0,-3.0,-4.0,0.888,-2.766,-2.51,4.374,0.946,-6.0,-1.511,-1.0,-3.014,0.594,1.933,1.291,1.439,5.201,-1.007,-3.0,3.442,-3.999,-2.517,2.531,2.492,0.493,2.971,4.27,4.12,-0.525,3.467,9.471,-2.0,-2.0,-1.501,-2.503,-1.509,-1.529,1.994,4.25,0.944,0.09,0.093,-1.0,-3.517,1.702,2.419,-4.0,-1.516,0.931,-1.552,-2.502,1.078,-2.0,8.589,-4.0,4.918,0.0,1.399,-2.0,0.794,1.948,0.465,-1.536,-1.526,-0.539,7.159,-3.519,-3.0,0.966,-0.041,-1.56,3.051,-0.669,4.418,-3.0,-0.059,0.0,0.0,0.0,0.0,0.0,0.0,0.0,0.0,0.0,0.0
GoldS210,XAUUSDc,469,9.3885,18.777,3,0.3316,131.58,477,13.4172,1,7,0,0.01,1.5,2.5,0.0,0.0,15,1,-5.929,27,0,2,0,0.4,0.0,0.0,0.0,0.0,0.0,-1.0,10.22,-4.0,-4.0,-3.0,-5.0,-0.501,-0.512,-2.0,0.494,-3.503,-3.0,-5.0,-4.0,-4.0,6.641,2.791,-4.0,-0.94,1.262,-1.519,-1.193,-4.0,12.779,-5.0,-4.0,-4.0,0.483,7.68,-1.513,3.698,3.094,4.434,-3.0,-1.524,3.994,-3.0,-5.0,-3.0,-2.999,-4.0,-3.0,1.649,10.597,-5.0,-3.501,-4.0,-6.0,-4.0,-1.0,7.666,-4.0,-1.539,9.236,2.788,10.402,-3.501,-3.0,-2.0,4.508,3.914,-4.0,18.682,0.546,15.859,3.963,-3.0,-4.0,12.394,-3.0,-4.0,-4.0,0.498,-1.506,-4.0,-5.0,2.818,21.706,-3.0,5.984,2.302,-1.0,-6.0,-5.0,24.51,-4.0,-0.406,-1.525,-1.508,-5.0,4.215,-3.0,-5.999,-4.0,-5.0,0.0,0.852,-2.0,-2.0,-1.593,2.683,-2.561,-4.0,-2.0,-4.0,-6.0,-4.0,9.303,11.848,-3.0,-3.0,5.476,3.537,-3.0,7.114,0.0,0.0,0.0,0.0,0.0,0.0,0.0,0.0,0.0,0.0
GoldS210,XAUUSDc,218,-0.5167,-1.55,2,-0.021,0.0,502,24.9004,1,9,0,0.01,1.5,1.5,0.0,0.0,15,1,-25.499,16,0,2,0,0.2,0.0,0.0,0.0,0.0,0.0,1.479,3.786,-4.0,-4.0,-3.0,-6.0,15.853,-1.507,-3.0,-0.504,-4.501,-3.0,-0.749,-4.0,-4.0,-3.069,-1.22,2.54,-1.925,-1.455,-1.023,-1.478,-4.0,0.96,-2.511,-4.0,-4.0,-2.51,-3.511,-1.508,9.853,-6.0,-0.017,-3.0,-0.021,0.064,-0.515,-3.999,-2.0,-2.999,-4.0,-3.0,-3.397,7.813,-2.51,12.999,-1.503,-1.609,-1.511,-1.0,-2.879,-1.51,-2.353,-0.454,1.525,11.204,-2.007,-3.0,1.493,-4.0,4.355,2.531,3.325,0.493,5.024,1.987,9.756,0.263,3.467,9.399,-4.0,-4.0,-0.501,-2.503,-2.509,-4.0,2.731,12.479,2.385,4.305,0.093,-1.0,-1.937,0.799,22.443,-4.0,-1.123,0.351,-2.505,-2.502,1.078,-2.0,1.221,-4.0,4.436,0.0,1.399,-2.0,-2.0,-2.559,0.465,3.25,-1.526,-0.539,7.162,-0.457,-4.0,1.061,-2.502,1.964,6.026,-6.0,3.059,-4.0,-2.508,0.0,0.0,0.0,0.0,0.0,0.0,0.0,0.0,0.0,0.0
GoldS210,XAUUSDc,339,-12.3757,-74.254,1,-0.6781,0.0,468,10.0427,1,11,0,0.01,1.5,3.0,0.0,0.5,15,1,-101.296,23,0,2,0,0.2,0.0,0.0,0.0,0.0,0.0,-1.0,26.029,-4.0,-3.999,-3.0,-6.0,-1.001,0.986,-4.0,-3.0,-3.004,-3.0,-4.999,-4.0,-3.0,-4.0,3.599,-5.0,-5.0,11.479,-5.999,-4.0,11.001,22.978,-3.999,-4.0,-4.0,-5.0,12.657,-0.016,-6.0,-6.0,5.558,6.278,-1.028,-3.0,1.983,4.295,-2.0,-3.0,-4.0,-3.0,-5.999,-3.153,-5.0,10.722,-5.0,-6.0,-4.0,-1.0,7.268,-4.0,3.724,6.291,1.938,0.829,-1.001,-4.0,-1.999,-5.0,-5.0,-4.0,-5.999,2.078,-5.0,5.92,-2.999,-2.999,18.234,-3.0,-4.0,-4.0,0.997,-1.007,-4.0,-4.0,-3.0,-4.0,-2.999,8.513,0.954,-1.0,-1.033,-5.999,-1.012,-4.0,0.805,-6.0,-4.0,-5.0,14.056,-2.0,-3.999,1.954,4.342,0.0,4.844,-2.0,-2.0,-4.0,8.04,7.316,-4.0,-2.0,-1.015,-6.0,-5.0,-4.0,-6.0,-3.0,-3.0,-6.0,4.136,-5.0,8.2,0.0,0.0,0.0,0.0,0.0,0.0,0.0,0.0,0.0,0.0
GoldS210,XAUUSDc,629,-11.335,-34.005,2,-0.4841,0.0,474,19.8312,1,7,0,0.01,1.7,2.0,0.0,0.5,15,1,-42.452,24,0,2,0,0.6,0.0,0.0,0.0,0.0,0.0,1.972,4.466,-4.0,-0.01,-3.999,-5.0,3.71,-0.009,-3.0,-0.005,-4.003,-2.0,-2.999,-4.0,-3.0,4.395,0.72,-4.0,0.21,1.297,-2.015,-5.0,1.777,1.771,-5.0,-4.0,-4.0,-0.014,2.205,10.118,0.074,-0.675,1.17,-3.0,0.97,-3.0,-3.0,-4.0,-3.0,-3.0,-3.0,-4.0,5.378,6.265,-2.014,2.72,-1.004,-6.0,-1.014,-1.0,0.968,-4.0,0.112,-4.0,0.947,4.797,-2.001,-3.0,-0.062,-4.0,-3.023,-4.0,16.209,0.991,8.445,3.117,1.717,-3.0,6.061,-3.0,-4.0,-4.0,-0.002,-2.005,3.74,4.351,-0.001,5.447,-0.009,0.068,1.197,-1.0,-6.0,-5.0,13.223,-4.0,-0.142,5.914,0.475,-5.0,-0.507,-2.0,-5.0,-4.0,0.1,0.0,-0.11,-2.0,-2.0,-2.076,0.953,2.153,-4.0,-2.0,14.372,-5.999,-4.0,3.616,-3.041,6.073,4.726,-5.0,8.753,-3.0,-2.009,0.0,0.0,0.0,0.0,0.0,0.0,0.0,0.0,0.0,0.0
GoldS210,XAUUSDc,314,47.742,95.484,3,2.1184,75.13,433,15.2425,1,9,0,0.01,1.5,2.5,0.0,1.0,15,1,23.744,22,0,2,0,0.2,0.0,0.0,0.0,0.0,0.0,-1.0,33.256,-4.0,-3.0,-0.504,-5.0,-0.501,0.488,-3.0,0.494,-3.503,-2.0,-1.999,4.255,-3.0,9.844,1.644,-5.0,-2.0,-0.563,0.481,-5.0,-3.0,11.478,-3.0,-4.0,-4.0,-0.517,7.521,-0.513,3.668,-6.0,-1.515,0.413,-1.524,-3.0,5.592,1.482,-1.0,-3.0,-3.0,-4.0,2.252,-2.647,-4.999,70.239,-3.0,-6.0,-4.0,-1.0,3.532,-4.0,1.461,-3.0,13.822,9.952,-2.501,-3.0,-1.999,-4.999,-0.529,-4.0,9.181,1.546,14.493,2.901,-2.999,-3.0,46.864,-2.999,-2.0,-2.0,-0.502,-1.506,-4.0,-4.0,4.095,-4.0,-2.999,1.004,2.302,-1.0,-2.528,-6.0,9.837,-4.0,-0.527,-3.0,11.205,-5.0,0.471,-2.0,-2.999,-1.536,1.55,0.0,0.852,-2.0,2.191,-1.593,1.441,0.439,-4.0,-2.0,3.264,-6.0,-3.0,-0.536,-5.0,-4.0,-3.0,10.751,-0.504,-4.0,7.264,0.0,0.0,0.0,0.0,0.0,0.0,0.0,0.0,0.0,0.0
GoldS210,XAUUSDc,430,-3.354,-10.062,2,-0.2215,0.0,451,32.5942,1,9,0,0.01,1.9,1.5,0.0,1.0,15,1,-15.887,4,0,2,0,0.4,0.0,0.0,0.0,0.0,0.0,1.479,3.636,-4.0,-0.508,-1.502,-4.999,2.429,-0.506,-3.0,-0.504,-4.502,2.594,-1.999,-0.555,-3.0,-0.515,-1.22,2.066,2.558,-1.554,2.421,-1.478,-3.0,-0.398,-1.511,-1.515,-4.0,-1.51,-1.511,-0.066,3.272,-5.0,5.103,-0.58,2.469,-3.0,3.714,0.489,-1.0,-3.0,-3.0,-4.0,0.888,-3.15,-2.51,4.374,0.946,-1.609,-1.511,-1.0,-3.014,-1.51,1.933,1.291,1.439,4.923,-1.007,-3.0,3.442,-3.999,1.716,2.531,3.098,0.493,1.986,1.987,4.12,-0.525,3.467,8.651,-2.0,-2.0,-1.501,-2.503,-1.509,-1.529,1.994,4.248,0.944,-1.025,0.093,-1.0,-3.517,1.368,2.419,-4.0,-1.516,2.687,-1.552,-2.502,1.078,-2.0,5.298,-4.0,4.918,0.0,1.399,-2.0,0.794,2.332,0.465,-0.536,-1.526,-0.539,6.88,-3.519,-3.0,0.966,-0.041,-1.56,3.051,-1.227,4.418,-3.0,-0.059,0.0,0.0,0.0,0.0,0.0,0.0,0.0,0.0,0.0,0.0
GoldS210,XAUUSDc,777,-9.2593,-27.778,2,-0.5301,0.0,475,31.3684,1,7,0,0.01,1.9,1.5,0.0,0.5,15,1,-31.252,0,0,2,0,0.8,0.0,0.0,0.0,0.0,0.0,1.479,1.828,-4.0,-0.508,-4.0,-5.0,3.477,-0.507,-3.0,-0.504,-3.502,1.644,-3.0,-4.0,-3.0,-0.738,1.683,3.836,0.969,-0.705,2.252,-4.0,-0.065,-1.553,-5.0,-4.0,-4.0,-0.51,2.336,3.486,3.764,-4.999,4.432,-3.0,3.891,-3.0,-0.515,-4.0,-3.0,2.658,-3.0,-4.0,4.521,3.636,-2.51,6.524,-1.503,-2.821,-1.511,-1.0,-3.014,-0.647,-2.882,-3.0,-0.514,3.926,-2.501,-3.0,4.32,-4.0,-0.269,0.863,1.73,0.493,1.266,6.614,3.401,0.157,3.467,4.598,0.0,-5.0,-0.501,-2.503,2.337,-0.694,2.731,2.2,0.944,-0.344,0.093,-1.0,-6.0,0.092,4.142,-4.0,-0.92,0.91,-1.552,-2.502,0.436,-2.0,3.805,-4.0,4.947,0.0,1.399,-2.0,-2.0,-2.559,0.465,0.788,1.819,-0.539,10.441,-2.7,-4.0,0.966,-1.041,0.687,1.718,-2.098,4.582,-3.0,0.7,0.0,0.0,0.0,0.0,0.0,0.0,0.0,0.0,0.0,0.0
GoldS210,XAUUSDc,645,-6.3215,-12.643,3,-0.2613,0.0,435,22.7586,1,7,0,0.01,1.9,2.0,0.0,1.0,15,1,-20.253,17,0,2,0,0.6,0.0,0.0,0.0,0.0,0.0,1.972,5.464,-4.0,-0.01,-1.003,-4.0,0.938,-0.01,-3.0,-0.005,-4.003,-2.0,-2.0,0.578,-3.0,0.817,0.72,-4.0,-1.0,3.61,-0.015,-4.0,1.777,1.771,-3.0,-4.0,-4.0,-0.014,1.205,-2.011,0.074,-0.676,1.17,-0.083,0.97,-3.0,2.26,0.986,-1.0,-3.0,-3.0,-4.0,6.378,7.265,-2.014,0.156,-0.004,-6.0,-1.014,-1.0,0.968,-4.0,-0.032,2.345,3.365,4.255,-2.001,-3.0,-0.062,-4.0,-2.023,-4.0,13.604,0.991,6.724,3.117,1.717,-3.0,6.061,-3.0,0.0,-3.0,-1.002,-2.005,3.74,1.791,-0.001,3.272,-0.009,0.068,1.197,-1.0,-3.022,1.257,10.126,-4.0,-1.022,-1.021,1.057,-5.0,-0.507,-2.0,-3.0,-2.032,5.419,0.0,-0.11,-2.0,1.484,-2.076,0.953,-1.049,-4.0,-2.0,14.372,-6.0,-3.0,3.616,-2.041,1.465,4.726,-3.999,6.441,-3.0,-2.009,0.0,0.0,0.0,0.0,0.0,0.0,0.0,0.0,0.0,0.0
GoldS210,XAUUSDc,505,20.4875,40.975,3,0.6501,138.06,468,9.8291,1,7,0,0.01,1.5,3.0,0.0,0.0,15,1,-15.596,26,0,2,0,0.4,0.0,0.0,0.0,0.0,0.0,-1.0,16.716,-4.0,-4.0,-3.0,-5.0,-0.001,-0.014,-2.0,-3.0,-3.004,-3.0,-5.0,-4.0,-4.0,-6.0,4.584,-4.0,0.3,2.248,-5.0,-5.0,15.722,23.199,-5.0,-4.0,-4.0,-2.999,12.373,-1.016,-4.0,-5.0,17.888,-3.0,-1.029,5.943,-3.0,-5.0,-3.0,-2.999,-4.0,-3.0,-4.0,17.32,-5.0,-6.0,-5.0,-6.0,-4.0,-1.0,14.831,-4.0,-1.047,15.329,3.587,13.729,-1.239,-3.0,-2.0,6.301,-4.0,-4.0,-3.999,1.066,52.571,5.488,-3.0,-4.0,15.697,-3.0,-4.0,-4.0,0.997,-1.007,-4.0,-5.0,-3.0,30.46,-3.0,8.978,3.407,-1.0,-6.0,-5.0,5.492,-4.0,0.329,-4.999,-1.01,-5.0,13.131,-3.0,-5.999,-4.0,-5.0,0.0,4.816,-2.0,-2.0,-4.0,9.873,-2.073,-4.0,-2.0,-4.0,-6.0,-4.0,-4.0,-4.0,-3.0,-3.0,-6.0,4.868,-3.0,12.167,0.0,0.0,0.0,0.0,0.0,0.0,0.0,0.0,0.0,0.0
GoldS210,XAUUSDc,844,-13.1035,-78.621,1,-0.8756,0.0,452,14.823,1,5,0,0.01,1.7,2.5,0.0,0.5,15,1,-89.939,25,0,2,0,0.8,0.0,0.0,0.0,0.0,0.0,-1.0,8.942,-4.0,-3.0,-4.0,-5.0,-0.501,0.489,-3.0,1.787,-2.503,-2.0,-2.999,-4.0,-3.0,-3.0,0.817,-4.0,0.471,3.037,-2.519,-4.0,3.3,3.369,-5.0,-4.0,-4.0,0.483,-5.0,-1.513,2.31,-6.0,0.08,2.189,-1.524,-3.0,-3.0,-4.0,-2.999,2.17,-3.0,-4.0,8.88,-0.259,-5.0,20.561,-4.0,-6.0,-4.0,-1.0,3.422,-3.999,-1.415,-3.0,0.442,6.54,-1.501,-3.0,-1.999,-5.0,-0.528,-4.0,5.495,2.896,2.058,3.791,5.447,-3.0,7.343,-3.0,0.0,-5.0,0.498,-1.506,-4.0,-3.0,3.671,5.234,-3.0,0.72,2.302,-1.0,-6.0,-5.0,11.822,-4.0,0.163,-1.526,0.585,-5.0,0.033,-2.0,-3.0,0.082,2.286,0.0,0.852,-2.0,-2.0,-1.593,2.683,-1.561,1.736,-2.0,6.35,-6.0,-5.0,8.098,1.119,-3.0,-3.999,-5.0,1.037,-3.0,1.233,0.0,0.0,0.0,0.0,0.0,0.0,0.0,0.0,0.0,0.0
GoldS210,XAUUSDc,703,-8.6273,-51.764,1,-0.751,0.0,443,11.9639,1,11,0,0.01,1.7,3.0,0.0,0.5,15,1,-67.894,29,0,2,0,0.6,0.0,0.0,0.0,0.0,0.0,-1.0,10.712,-4.0,-3.0,-4.0,-5.0,-0.001,0.986,-4.0,-3.0,-3.003,11.814,-3.0,-4.0,-3.0,-2.0,3.146,-4.0,-4.999,4.296,-5.0,-5.0,8.37,13.13,-3.999,-4.0,-4.0,-1.999,8.939,-0.016,-6.0,-6.0,3.315,4.775,-1.028,-3.0,1.983,4.295,-2.0,-3.0,-3.0,-4.0,4.499,-3.153,-5.0,8.757,-5.0,-6.0,-4.0,-1.0,7.268,-4.0,3.724,6.291,1.938,0.829,-1.001,-3.0,-2.0,-4.0,-5.0,-4.0,-4.0,1.078,-5.0,5.343,-3.0,-2.0,9.585,-3.0,-4.0,-4.0,0.997,-1.007,-4.0,-3.0,5.791,9.245,-3.0,4.538,0.954,-1.0,-0.033,-4.999,-0.012,-4.0,0.805,-6.0,4.593,-5.0,8.557,-2.0,-3.999,1.954,3.479,0.0,4.844,-2.0,-2.0,-4.0,8.04,5.973,-4.0,-2.0,14.186,-6.0,-4.0,-4.0,-6.0,-3.0,-3.0,-5.0,4.016,-4.0,4.44,0.0,0.0,0.0,0.0,0.0,0.0,0.0,0.0,0.0,0.0
GoldS210,XAUUSDc,886,-5.6715,-34.029,1,-0.5071,0.0,427,13.5831,1,9,0,0.01,1.9,3.0,0.0,0.5,15,1,-48.559,33,0,2,0,0.8,0.0,0.0,0.0,0.0,0.0,-1.0,13.896,-4.0,-3.0,-4.0,-5.0,-0.001,0.986,-3.0,-3.0,-2.004,-2.0,-2.999,-4.0,-3.0,-2.0,3.019,-4.0,-5.0,2.673,1.923,-5.0,3.784,9.351,-4.0,-4.0,-4.0,-1.999,5.386,-0.016,-3.0,-5.999,2.29,-3.0,-1.029,-3.0,4.779,3.563,-2.0,6.42,-3.0,-4.0,2.906,-3.153,-5.0,4.172,-5.0,-6.0,-4.0,-1.0,7.037,-4.0,3.272,6.692,0.938,8.838,-1.001,-3.0,-2.0,-5.0,-4.0,-4.0,-4.0,1.066,9.754,4.305,5.273,-2.0,12.53,-3.0,0.0,-5.0,0.997,-1.007,-4.0,-3.0,4.667,6.679,-3.0,1.044,3.407,-1.0,1.716,-5.0,6.522,-4.0,0.805,-4.0,-1.01,-5.0,2.723,-2.0,-4.0,0.633,2.737,0.0,3.42,-2.0,-2.0,-4.0,8.04,5.155,9.541,-2.0,10.898,-6.0,-4.0,-3.999,-4.0,-4.0,-3.0,-5.0,1.866,-3.0,3.485,0.0,0.0,0.0,0.0,0.0,0.0,0.0,0.0,0.0,0.0
GoldS210,XAUUSDc,763,-5.4035,-10.807,3,-0.2862,0.0,469,33.049,1,11,0,0.01,1.7,1.5,0.0,0.0,15,1,-14.603,0,0,2,0,0.8,0.0,0.0,0.0,0.0,0.0,1.479,0.992,-4.0,0.486,-4.0,-5.0,4.571,-0.507,-3.0,-0.504,-3.502,1.644,-1.999,-4.0,-3.0,-0.204,-1.824,3.979,0.487,-1.455,2.25,-0.478,0.593,-1.738,-2.511,-4.0,-4.0,-0.51,2.975,1.609,3.819,-5.0,3.356,0.341,3.447,-3.0,2.318,-0.606,-2.0,1.75,-3.0,-4.0,4.543,3.551,-2.51,5.13,-1.503,-2.558,-1.511,-1.0,-2.879,-1.51,-2.927,0.348,0.133,3.914,-3.501,-3.0,4.715,-4.0,1.308,-0.038,1.974,0.493,0.648,5.129,3.399,-1.036,3.467,4.247,0.0,-5.0,-0.501,-2.503,1.794,-0.403,2.731,2.293,1.371,-1.025,-0.523,-1.0,-2.516,2.892,4.522,-4.0,-1.123,-0.069,-0.796,-2.502,0.436,-2.0,4.678,-4.0,4.327,0.0,1.399,-2.0,-2.0,-2.559,0.465,-0.083,1.704,-0.539,9.784,-2.7,-4.0,1.061,-0.041,0.687,1.763,-1.759,4.944,-3.0,1.7,0.0,0.0,0.0,0.0,0.0,0.0,0.0,0.0,0.0,0.0
GoldS210,XAUUSDc,175,-9.1152,-54.691,1,-0.856,0.0,424,11.3208,1,11,0,0.01,1.7,3.0,0.0,1.0,15,1,-80.669,19,0,2,0,0.0,0.0,0.0,0.0,0.0,0.0,-1.0,-1.016,-4.0,-3.0,-4.0,-5.0,-0.001,0.986,-3.0,-3.0,-3.004,-2.0,-2.0,7.585,-3.0,-5.0,3.599,-5.0,-2.0,-0.067,-3.999,-4.0,11.001,22.978,-3.0,-3.0,-3.999,-4.0,12.657,-0.016,-6.0,-6.0,5.558,0.91,-1.029,-3.0,7.58,1.979,-1.0,-3.0,-3.0,-4.0,-2.999,-2.153,-5.0,-5.0,-4.0,-6.0,-4.0,-1.0,7.268,-4.0,1.953,17.859,14.725,-0.037,-1.001,-4.0,-1.999,-5.0,-4.0,-4.0,-6.0,2.078,-5.0,5.92,-2.999,-3.0,18.234,-2.999,-2.0,-2.0,-0.003,-1.007,-4.0,-4.0,-3.0,-4.0,-2.999,8.513,0.954,-1.0,-1.033,-5.999,3.865,-4.0,-0.033,-3.0,-4.0,-5.0,14.056,-2.0,-2.998,-1.04,9.881,0.0,4.844,-2.0,2.897,-4.0,8.04,0.927,-4.0,-2.0,7.697,-6.0,-3.0,-4.0,-5.0,-4.0,-3.0,-4.0,0.995,-5.0,8.2,0.0,0.0,0.0,0.0,0.0,0.0,0.0,0.0,0.0,0.0
GoldS210,XAUUSDc,176,-10.0925,-60.555,1,-0.7288,0.0,438,9.8174,1,5,0,0.01,1.9,3.0,0.0,1.0,15,1,-104.901,17,0,2,0,0.0,0.0,0.0,0.0,0.0,0.0,-1.0,-1.016,-4.0,-3.0,-4.0,-4.0,-0.001,0.987,-3.0,-3.0,-3.004,-2.0,-2.0,7.586,-3.0,-5.0,4.584,-5.0,-2.0,4.732,-4.0,-4.0,-4.0,42.346,-3.0,-4.0,-4.0,-3.999,-4.0,-1.016,-7.0,-5.0,8.525,0.91,-1.028,-3.0,-3.0,1.979,-1.0,-3.0,-3.0,-4.0,-4.0,14.954,-5.0,-7.0,-4.0,-6.0,-4.0,-1.0,-4.011,-4.0,1.953,-3.0,27.266,-0.037,-0.646,-3.0,-2.0,-4.999,-4.0,-4.0,-5.999,19.488,-6.0,6.71,15.755,-3.0,-3.0,-3.0,-3.0,-2.0,-0.003,-1.007,-4.0,-4.0,-3.0,-4.0,-3.0,7.055,3.407,-1.0,-1.033,-5.0,8.812,-4.0,-0.033,-4.0,12.109,-4.999,-5.0,-2.0,-2.998,-1.04,-4.0,0.0,4.002,-2.0,2.897,-4.0,22.034,-0.073,-4.0,-2.0,-5.0,-6.0,-0.027,-3.998,-5.0,-4.0,-4.0,-4.999,-0.005,-4.0,18.325,0.0,0.0,0.0,0.0,0.0,0.0,0.0,0.0,0.0,0.0
GoldS210,XAUUSDc,384,-1.1807,-3.542,2,-0.1472,0.0,477,50.1048,1,5,0,0.01,1.5,1.0,0.0,1.0,15,1,-4.542,0,0,2,0,0.4,0.0,0.0,0.0,0.0,0.0,0.986,-1.008,-1.022,0.986,-0.015,-2.003,0.941,0.977,-1.047,-0.009,-4.001,-0.165,0.934,0.755,-3.0,-2.068,-1.071,1.979,-0.125,0.93,0.932,1.982,1.99,-2.012,-2.007,-0.059,-4.0,-0.049,-2.008,-0.061,2.89,1.99,0.968,-1.077,0.978,-3.0,0.935,-0.007,-1.0,-1.002,-0.001,-4.0,2.891,-1.147,-3.007,2.948,1.942,-2.016,-2.007,-1.0,-4.009,-2.007,2.922,-1.054,0.96,3.819,0.967,-3.0,1.955,-0.088,-1.026,0.962,4.953,0.99,-0.023,2.984,1.936,-0.016,3.977,-0.018,-1.103,-1.0,-1.001,-3.002,1.973,-1.059,1.985,-2.0,-0.046,-0.023,-1.015,-1.0,0.918,-1.034,0.946,-4.0,-2.011,1.926,-2.048,-2.017,3.922,-0.006,4.907,-2.004,1.965,0.0,-0.068,-2.0,0.941,-1.09,-0.023,-0.029,-0.019,0.973,3.924,-2.034,-2.007,-0.022,2.932,-2.055,-0.032,-0.097,1.965,-0.008,1.91,0.0,0.0,0.0,0.0,0.0,0.0,0.0,0.0,0.0,0.0
GoldS210,XAUUSDc,143,10.5567,15.835,4,0.4429,261.57,431,15.5452,1,11,0,0.01,1.9,2.5,0.0,1.0,15,1,-25.584,24,0,2,0,0.0,0.0,0.0,0.0,0.0,0.0,-1.0,-1.513,-4.0,-3.0,-0.504,-5.0,-0.501,0.488,-3.0,0.494,-3.503,-2.0,-2.0,4.255,-3.0,0.501,1.982,-5.0,-2.0,-0.563,-0.519,-4.0,8.086,11.478,-3.0,-3.0,10.098,-0.517,8.16,-0.513,-6.0,-6.0,-1.515,0.413,-1.524,-3.0,5.592,1.482,-1.0,-3.0,-3.0,-4.0,2.253,-2.647,-5.0,39.918,-3.0,-6.0,-4.0,-1.0,3.532,-4.0,1.461,12.633,9.056,2.898,-1.501,-4.0,-1.999,-5.0,-0.529,-4.0,1.322,1.558,14.493,2.901,-2.999,-3.0,16.859,-2.999,-2.0,-2.0,-0.502,-1.506,-4.0,-4.0,4.095,-4.0,-2.999,5.323,0.461,-1.0,-2.528,-5.999,9.837,-4.0,-0.527,-3.0,-4.0,-5.0,4.243,-2.0,-2.998,-1.536,5.797,0.0,0.852,-2.0,2.191,-1.593,1.441,0.439,-4.0,-2.0,5.751,-6.0,-3.0,13.086,-5.0,-4.0,-3.0,13.093,0.496,-5.0,4.851,0.0,0.0,0.0,0.0,0.0,0.0,0.0,0.0,0.0,0.0
GoldS210,XAUUSDc,538,23.744,47.488,3,1.126,73.19,420,12.1429,1,9,0,0.01,1.9,3.0,0.0,1.0,15,1,12.732,23,0,2,0,0.4,0.0,0.0,0.0,0.0,0.0,-1.0,25.966,-4.0,-3.0,-4.0,-4.999,-0.001,0.987,-3.0,-3.0,-3.004,-2.0,-1.999,7.585,-3.0,-3.0,3.076,-5.0,-1.0,21.484,-2.999,-5.0,-3.0,21.039,-3.0,-4.0,-4.0,-4.0,11.782,-0.016,-4.0,-6.0,5.356,0.91,-1.029,-3.0,15.838,1.979,-1.0,-3.0,-3.0,-4.0,-3.0,-2.153,-4.999,-5.0,-4.0,-6.0,-4.0,-1.0,8.789,-4.0,1.953,-3.0,14.471,11.555,-2.001,-3.0,-1.999,-4.999,-4.0,-4.0,-5.997,2.066,26.149,5.92,-3.0,-3.0,32.757,-2.999,-2.0,-2.0,-0.003,-1.007,-4.0,-3.0,-3.0,16.269,-3.0,2.914,3.407,-1.0,-1.033,-6.0,3.865,-4.0,-0.033,-3.0,8.871,-5.0,4.97,-2.0,-2.999,-1.04,2.724,0.0,3.42,-2.0,2.897,-4.0,8.04,0.927,-4.0,-2.0,13.74,-6.0,-3.0,-4.0,-5.0,-4.0,-3.0,-5.0,-0.005,-3.0,10.096,0.0,0.0,0.0,0.0,0.0,0.0,0.0,0.0,0.0,0.0
GoldS210,XAUUSDc,401,-7.3817,-22.145,2,-0.3721,0.0,501,24.9501,1,7,0,0.01,1.7,1.5,0.0,0.0,15,1,-30.077,13,0,2,0,0.4,0.0,0.0,0.0,0.0,0.0,1.479,0.687,-4.0,-4.0,-3.0,-5.0,11.039,-1.507,-2.0,-0.504,-4.502,-3.0,-5.0,-4.0,-4.0,-3.453,-0.795,0.679,-1.925,-1.708,-1.023,-1.942,-4.0,0.64,-5.0,-4.0,-4.0,-0.51,5.1,5.794,10.629,-4.999,8.879,-3.0,7.314,0.07,-0.515,-5.0,-3.0,-2.999,-4.0,-3.0,5.725,3.258,-2.51,8.42,-1.503,-6.0,-1.511,-1.0,-2.879,0.594,-3.524,-0.424,1.247,5.346,-2.007,-3.0,12.034,-4.0,0.082,2.531,5.51,0.493,4.778,4.604,7.076,0.263,3.467,9.471,-4.0,-4.0,-0.501,-2.503,-1.509,-5.0,-0.501,9.263,2.385,2.367,0.093,-1.0,-6.0,0.871,5.751,-4.0,-1.877,-2.514,-2.505,-2.502,1.078,-3.0,-0.374,-4.0,1.427,0.0,1.399,-2.0,-2.0,-2.559,0.465,1.569,-1.526,-0.539,4.68,-0.802,-4.0,1.061,2.092,1.964,4.298,-6.0,3.342,-3.0,-1.507,0.0,0.0,0.0,0.0,0.0,0.0,0.0,0.0,0.0,0.0
GoldS210,XAUUSDc,667,-13.1395,-26.279,3,-0.6145,0.0,451,16.1863,1,11,0,0.01,1.7,2.5,0.0,0.5,15,1,-41.825,31,0,2,0,0.6,0.0,0.0,0.0,0.0,0.0,-1.0,7.096,-4.0,-3.0,-4.0,-5.0,-0.501,0.488,-4.0,0.494,-3.502,8.869,-3.0,-4.0,-3.0,-2.0,1.638,-4.0,-4.999,2.796,-1.519,3.057,6.093,5.77,0.533,-4.0,-4.0,0.483,5.561,-0.513,-6.0,-6.0,-0.514,3.505,-1.523,-3.0,1.311,2.84,-2.0,-3.0,-3.0,-4.0,8.026,-3.647,-5.0,24.203,-4.0,-6.0,-4.0,-1.0,3.532,-4.0,2.418,3.837,1.442,3.602,-1.501,-3.0,-2.0,-4.0,-1.529,-4.0,2.537,0.558,7.198,2.694,-3.0,-2.0,10.189,-3.0,-4.0,-4.0,0.498,-1.506,-4.0,-3.0,2.361,15.795,-3.0,2.302,0.461,-1.0,-1.528,1.143,7.793,-4.0,0.163,-2.526,2.495,-5.0,1.955,-2.0,-3.999,0.896,1.886,0.0,0.852,-2.0,-2.0,-1.593,1.441,4.037,-4.0,-2.0,6.459,-6.0,-4.0,6.775,-6.0,-3.0,-3.0,4.396,2.962,-4.0,2.181,0.0,0.0,0.0,0.0,0.0,0.0,0.0,0.0,0.0,0.0
GoldS210,XAUUSDc,219,-15.7545,-31.509,3,-0.473,0.0,497,26.1569,1,11,0,0.01,1.5,1.5,0.0,0.0,15,1,-55.458,12,0,2,0,0.2,0.0,0.0,0.0,0.0,0.0,1.479,4.991,-4.0,-4.0,-3.0,-6.0,3.321,-1.507,-3.0,-0.504,-4.501,-3.0,-0.748,-4.0,-4.0,-4.503,-1.251,2.54,2.399,-1.455,-1.023,-0.478,1.258,0.96,-2.51,-4.0,-4.0,-0.51,2.961,-1.508,-0.151,-5.0,-0.017,1.556,-0.021,-1.513,2.318,-0.068,-2.0,-3.0,-4.0,-3.0,-3.397,8.575,-2.51,9.123,-1.503,-1.609,-1.511,-1.0,-2.879,-1.51,-2.353,-0.454,1.658,6.277,-2.007,-3.0,1.603,-4.0,4.355,-0.038,3.325,0.493,4.363,1.986,7.776,0.263,3.467,0.319,-4.0,-4.0,-0.501,-2.503,-1.509,-5.0,2.731,3.917,2.385,-1.025,-0.523,-1.0,-3.517,3.447,22.443,-4.0,-1.123,-1.069,-2.505,-2.502,1.123,-3.0,1.221,-4.0,3.972,0.0,1.399,-2.0,-2.0,-2.559,0.465,-0.083,-1.526,-0.539,8.125,-0.457,-4.0,1.061,-0.041,1.964,6.026,-6.0,2.375,-4.0,-0.508,0.0,0.0,0.0,0.0,0.0,0.0,0.0,0.0,0.0,0.0
GoldS210,XAUUSDc,433,-3.414,-6.828,3,-0.122,0.0,489,17.7914,1,7,0,0.01,1.5,2.0,0.0,0.0,15,1,-22.781,31,0,2,0,0.4,0.0,0.0,0.0,0.0,0.0,1.972,5.522,-4.0,-4.0,-3.0,-5.0,16.726,-1.01,-2.0,-0.005,-4.003,-3.0,-5.0,-4.0,-4.0,-0.361,0.997,-2.025,-6.0,0.278,-2.015,-2.067,-4.0,6.008,-5.0,-4.0,-4.0,-0.014,2.988,13.185,1.028,1.134,2.733,-3.0,0.97,1.511,-3.0,-5.0,-3.0,-2.999,-4.0,-3.0,-0.844,4.855,-2.014,4.472,-1.004,-6.0,-1.014,-1.0,1.549,-4.0,-3.032,0.957,1.99,6.369,-4.001,-3.0,3.885,-4.0,1.498,-4.0,31.258,0.991,5.973,2.674,1.717,-4.0,7.68,-3.0,-4.0,-4.0,-0.002,-2.005,-4.0,-5.0,-0.001,12.953,-0.009,2.991,1.197,-1.0,-6.0,-5.0,17.115,-4.0,-1.142,-2.02,-2.006,-5.0,-0.507,-3.0,-5.999,-4.0,1.316,0.0,-0.11,-2.0,-2.0,-2.076,0.953,3.952,-4.0,-2.0,9.041,-6.0,-4.0,4.854,9.429,9.234,8.349,-6.0,5.162,-3.0,-1.009,0.0,0.0,0.0,0.0,0.0,0.0,0.0,0.0,0.0,0.0
GoldS210,XAUUSDc,512,-32.6585,-65.317,3,-0.6409,0.0,483,8.6957,1,5,0,0.01,1.9,3.0,0.0,0.0,15,1,-108.498,24,0,2,0,0.4,0.0,0.0,0.0,0.0,0.0,-1.0,23.434,-4.0,-4.0,-3.0,-5.0,-0.001,-0.014,-2.0,-3.0,-3.004,-3.0,-5.0,-4.0,-5.0,-5.0,4.584,-4.0,-6.0,9.974,-6.0,-4.0,7.735,22.757,-5.0,-4.0,-4.0,-2.999,-5.0,-2.016,-6.0,-5.0,8.186,6.191,-1.028,14.362,-3.0,-5.0,-3.0,-2.999,-4.0,-3.0,6.457,15.534,-5.0,-7.0,-4.0,-6.0,-4.0,-1.0,-3.597,-4.0,-6.0,-5.0,4.472,10.308,-1.646,-3.0,-3.0,-4.0,-5.999,6.921,-2.999,9.493,-6.0,5.488,10.547,-4.0,0.98,-3.0,-4.0,-4.0,0.997,-1.007,-4.0,-5.0,-3.0,40.181,-3.0,8.4,3.407,-1.0,-6.0,-5.0,4.935,-4.0,0.805,-5.999,4.886,-4.999,10.139,-2.0,-6.0,-4.0,-5.0,0.0,4.002,-2.0,-2.0,-4.0,9.72,-2.073,-4.0,-2.0,-5.0,-5.999,-5.0,-4.0,-5.0,-3.0,-3.999,-6.0,-5.0,-4.0,13.166,0.0,0.0,0.0,0.0,0.0,0.0,0.0,0.0,0.0,0.0
GoldS210,XAUUSDc,850,-10.804,-21.608,3,-0.4653,0.0,437,18.0778,1,9,0,0.01,1.9,2.5,0.0,0.5,15,1,-31.321,22,0,2,0,0.8,0.0,0.0,0.0,0.0,0.0,-1.0,9.212,-4.0,-3.0,-4.0,-5.0,-0.501,0.488,-3.0,0.494,-2.503,-2.0,-2.999,-4.0,-3.0,-2.0,7.418,-4.0,-5.0,1.547,4.184,2.295,2.61,3.586,0.533,-4.0,-4.0,0.483,3.164,-0.513,1.792,-5.999,-0.515,-3.0,-1.524,-3.0,3.238,2.322,-2.0,2.116,-3.0,-4.0,6.334,-3.647,-5.0,15.366,-4.0,-6.0,-4.0,-1.0,2.353,-4.0,2.046,4.399,0.442,6.586,-1.501,-3.0,-2.0,-5.0,-0.529,-4.0,3.646,0.546,11.294,2.32,3.612,-2.0,9.791,-3.0,0.0,-5.0,0.498,-1.506,-4.0,-3.0,1.732,11.238,-3.0,-0.334,2.302,-1.0,-0.411,-0.021,10.79,-4.0,0.163,-0.526,-1.508,-5.0,-0.621,-2.0,-4.0,-0.177,1.67,0.0,0.852,-2.0,-2.0,-1.593,1.441,3.38,7.102,-2.0,5.844,-6.0,-4.0,-0.535,2.968,-4.0,-3.0,2.032,1.035,-3.0,1.591,0.0,0.0,0.0,0.0,0.0,0.0,0.0,0.0,0.0,0.0
GoldS210,XAUUSDc,52,-10.0083,-30.025,2,-0.3499,0.0,505,22.3762,1,5,0,0.01,1.7,1.5,0.0,0.5,15,1,-58.448,17,0,2,0,0.0,0.0,0.0,0.0,0.0,0.0,1.479,-3.506,-4.0,-1.508,-3.0,-5.999,-0.016,-0.507,-3.0,-0.002,-4.502,-3.0,-5.0,-4.0,-3.0,-2.157,-0.795,-3.519,-1.925,-5.0,-0.879,-1.94,-4.0,0.96,-5.0,-4.0,-4.0,-2.51,-2.511,0.514,8.91,-6.0,1.089,1.512,11.554,-3.0,-0.515,-5.0,-2.0,-2.999,-4.0,-3.0,-3.563,3.221,-2.51,17.664,-1.503,-6.0,-1.511,-1.0,-3.014,0.594,-1.194,-4.0,0.486,23.24,-1.007,-3.0,7.535,-4.0,-0.565,2.541,1.415,0.493,-0.076,4.358,11.939,2.269,7.962,5.632,-4.0,-4.0,-0.501,-2.503,-1.509,10.429,5.661,24.423,0.944,0.09,0.093,-1.0,-6.0,2.74,-2.506,-4.0,-1.123,0.351,-0.632,-2.502,-0.068,-3.0,1.544,-4.0,1.427,0.0,1.399,-2.0,-3.0,-2.559,0.465,-3.536,-1.526,-0.539,2.848,-6.0,-5.0,8.272,-1.041,1.104,0.218,-6.0,1.791,-4.0,2.087,0.0,0.0,0.0,0.0,0.0,0.0,0.0,0.0,0.0,0.0
GoldS210,XAUUSDc,329,3.9957,11.987,2,0.1196,568.53,483,8.9027,1,7,0,0.01,1.7,3.0,0.0,0.0,15,1,-56.163,22,0,2,0,0.2,0.0,0.0,0.0,0.0,0.0,-1.0,18.344,-3.999,-4.0,-3.0,-6.0,-0.001,-0.014,-2.0,-3.0,-3.004,-3.0,-5.0,-4.0,-4.0,-6.0,4.584,-5.0,0.3,2.248,-5.0,-5.0,-5.0,33.903,-5.0,-4.0,-4.0,-2.999,19.275,-2.016,-4.0,-6.999,18.46,-3.0,-1.029,5.943,-2.999,-6.0,-2.0,-2.999,-4.0,-3.0,-5.999,35.505,-5.0,-6.0,-5.0,-6.0,-4.0,-1.0,-3.597,-4.0,2.724,15.65,3.587,13.729,-1.239,-3.0,-3.0,13.397,-4.0,-4.0,-6.0,2.066,64.15,5.488,-3.0,-3.999,26.099,-3.0,-4.0,-4.0,0.997,-1.007,-5.0,-4.0,-3.0,-3.999,-3.0,7.978,3.407,-1.0,-5.999,-5.0,4.492,-4.0,0.329,-4.999,-1.01,-5.0,-5.0,-3.0,-6.0,-4.0,-5.0,0.0,4.816,-2.0,-2.0,-4.0,9.873,-2.072,-4.0,-2.0,-4.0,-6.0,-4.0,-4.0,-4.0,-3.0,-3.0,-6.0,5.193,-4.0,15.429,0.0,0.0,0.0,0.0,0.0,0.0,0.0,0.0,0.0,0.0
GoldS210,XAUUSDc,511,-9.343,-18.686,3,-0.3217,0.0,458,11.5721,1,11,0,0.01,1.7,3.0,0.0,0.0,15,1,-42.725,27,0,2,0,0.4,0.0,0.0,0.0,0.0,0.0,-1.0,15.194,-4.0,-4.0,-3.0,-5.0,0.0,-0.013,-3.0,-3.0,-3.004,-3.0,-5.0,-4.0,-4.0,-6.0,3.599,-4.0,-0.924,0.252,-4.999,-4.0,10.001,22.039,-4.0,-4.0,-4.0,-2.0,19.464,-0.016,-6.0,-6.0,5.355,6.278,-1.029,-4.0,1.983,4.295,-2.0,-3.0,-4.0,-3.0,21.778,3.021,-5.0,10.722,-5.0,-6.0,-4.0,-1.0,7.682,-4.0,1.422,6.07,4.561,10.255,-2.001,-4.0,-2.0,-4.0,-4.0,-4.0,-3.999,1.078,-4.998,2.099,-3.0,-4.0,16.341,-2.999,-4.0,-3.999,0.997,-1.007,-4.0,-5.0,-3.0,19.733,-3.0,9.052,0.954,-1.0,-1.033,-4.999,-0.012,-4.0,0.805,-5.0,-1.01,-5.0,11.185,-3.0,-4.999,1.954,4.342,0.0,4.844,-2.0,-2.0,-4.0,7.36,7.316,-4.0,-2.0,-1.015,-5.999,-4.0,-4.0,-3.999,-3.0,-3.0,-6.0,4.136,-4.0,7.201,0.0,0.0,0.0,0.0,0.0,0.0,0.0,0.0,0.0,0.0
GoldS210,XAUUSDc,353,20.455,40.91,3,0.7516,128.38,429,10.9557,1,7,0,0.01,1.7,3.0,0.0,1.0,15,1,-11.612,20,0,2,0,0.2,0.0,0.0,0.0,0.0,0.0,-1.0,-1.016,-4.0,-3.0,-4.0,-4.0,-0.001,0.986,-3.0,-3.0,-3.003,-2.0,-1.999,7.585,-3.0,-5.0,4.584,-5.0,-2.0,-0.067,-3.0,-5.0,-4.0,33.903,-3.0,-4.0,-4.0,-3.999,21.275,-1.016,-4.0,-5.999,18.46,0.91,-1.029,-3.0,20.646,1.979,-1.0,-3.0,-3.0,-4.0,-3.0,12.279,-5.0,-6.0,-4.0,-6.0,-4.0,-1.0,-4.011,-4.0,1.953,-3.0,23.255,13.178,-0.239,-3.0,-1.999,-4.999,-4.0,-4.0,-6.0,2.066,48.522,6.71,-3.0,-3.0,26.099,-3.0,-2.0,-2.0,-0.003,-1.007,-4.0,-4.0,-3.0,-4.0,-3.0,6.698,3.407,-1.0,-1.032,-5.0,9.369,-4.0,-0.033,-4.0,14.267,-5.0,-5.0,-2.0,-3.0,-1.04,-3.999,0.0,4.816,-2.0,2.897,-4.0,13.335,-0.073,-4.0,-2.0,-4.0,-5.999,-0.027,-4.0,-5.0,-4.0,-3.0,-4.998,-0.005,-4.0,18.324,0.0,0.0,0.0,0.0,0.0,0.0,0.0,0.0,0.0,0.0
GoldS210,XAUUSDc,468,-11.262,-67.572,1,-0.6704,0.0,490,11.0204,1,5,0,0.01,1.5,2.5,0.0,0.0,15,1,-99.257,23,0,2,0,0.4,0.0,0.0,0.0,0.0,0.0,-1.0,15.241,-4.0,-4.0,-3.0,-5.0,-0.501,-0.512,-2.0,1.787,-3.503,-3.0,-5.0,-4.0,-5.0,10.879,2.791,-4.0,-6.0,7.139,-2.519,2.328,-4.0,12.613,-5.0,-4.0,-4.0,0.483,-5.0,-2.513,-6.0,-5.0,0.08,4.631,-1.523,10.181,-3.0,-5.0,-3.0,-2.999,-4.0,-3.0,14.813,8.106,-5.0,-3.469,-4.0,-6.0,-4.0,-1.0,-4.189,-4.0,-6.0,-5.0,3.51,7.638,-3.501,-3.0,-3.0,-4.0,-5.999,-0.147,-2.999,6.72,-6.0,3.963,7.452,-4.0,0.472,-3.0,-4.0,-4.0,0.498,-1.506,-4.0,-5.0,12.558,26.787,-3.0,5.15,2.302,-1.0,-6.0,-5.0,35.22,-4.0,0.163,-2.525,3.047,-4.999,2.605,-2.0,-6.0,-4.0,-5.0,0.0,0.852,-2.0,-2.0,-1.593,2.683,-2.561,-4.0,-2.0,-5.0,-5.999,-5.0,10.318,4.861,-3.0,-3.999,-6.0,-5.0,-4.0,8.113,0.0,0.0,0.0,0.0,0.0,0.0,0.0,0.0,0.0,0.0
GoldS210,XAUUSDc,289,4.888,9.776,3,0.1043,304.61,489,12.2699,1,7,0,0.01,1.5,2.5,0.0,0.0,15,1,-20.003,23,0,2,0,0.2,0.0,0.0,0.0,0.0,0.0,-1.0,11.329,-3.999,-4.0,-3.0,-6.0,-0.501,-0.512,-2.0,0.494,-3.503,-3.0,-5.0,-4.0,-4.0,8.844,2.791,-5.0,-0.94,1.262,-1.519,-1.193,-4.0,19.612,-5.0,-4.0,-4.0,0.483,12.42,-2.513,3.698,-6.999,4.435,-3.0,-1.524,3.994,-2.999,-6.0,-2.0,-2.999,-4.0,-3.0,-0.35,23.779,-5.0,-3.501,-4.0,-6.0,-4.0,-1.0,-4.189,-4.0,1.418,9.445,2.788,10.402,-3.501,-3.0,13.739,10.367,3.973,-4.0,20.634,1.546,20.178,3.963,-3.0,-3.999,19.025,-3.0,-4.0,-4.0,0.498,-1.506,-5.0,-4.0,-3.0,-3.999,-3.0,4.984,2.302,-1.0,-5.999,-5.0,3.008,-4.0,-0.406,-1.525,-1.508,-5.0,-5.0,-3.0,-6.0,-4.0,-5.0,0.0,0.852,-2.0,-2.0,-1.593,2.683,-2.56,-4.0,-2.0,-4.0,-6.0,-4.0,10.437,18.14,-3.0,-3.0,10.614,3.807,-4.0,9.669,0.0,0.0,0.0,0.0,0.0,0.0,0.0,0.0,0.0,0.0
GoldS210,XAUUSDc,542,2.904,5.808,3,0.1669,46.28,511,44.4227,1,9,0,0.01,1.5,1.0,0.0,0.0,15,1,3.12,0,0,2,0,0.6,0.0,0.0,0.0,0.0,0.0,0.986,-2.007,-0.398,1.89,-1.108,-0.72,3.436,-0.023,-3.0,0.784,-4.001,0.411,0.236,-4.0,-3.007,-4.002,-3.005,2.693,-0.474,0.955,-0.025,0.029,3.008,-2.012,-3.007,-1.228,-4.0,1.208,-2.008,1.278,5.392,4.542,0.968,-3.0,1.829,-2.009,-1.01,-2.002,-2.0,0.996,0.191,-4.0,2.006,1.467,-3.007,4.34,-0.009,-2.016,-2.007,-1.0,-3.967,-2.007,-1.298,-2.005,0.616,5.839,1.238,-3.0,3.147,1.15,-0.277,1.218,5.732,-1.004,0.917,3.752,3.623,-0.282,5.153,-0.018,0.688,-3.999,-1.001,-3.002,1.973,0.713,3.181,-0.953,0.611,0.711,-1.015,-1.0,0.918,-0.336,3.233,-4.0,-1.766,3.455,-3.003,-2.017,3.922,0.72,3.334,-2.004,1.294,0.0,-0.068,-2.0,1.911,-3.042,-0.023,2.631,-0.019,0.973,4.732,-0.433,-4.0,0.038,2.663,0.034,0.759,1.207,3.764,-0.008,-1.055,0.0,0.0,0.0,0.0,0.0,0.0,0.0,0.0,0.0,0.0
GoldS210,XAUUSDc,229,-10.6513,-15.977,4,-0.2446,0.0,501,24.3513,1,7,0,0.01,1.5,1.5,0.0,0.5,15,1,-30.855,16,0,2,0,0.2,0.0,0.0,0.0,0.0,0.0,1.479,-3.506,-4.0,-1.508,-3.0,-6.0,9.533,-0.507,-3.0,-0.504,-4.501,-3.0,-5.0,-4.0,-3.0,-2.069,-0.795,-3.519,-1.925,1.021,-1.023,-1.942,-4.0,0.96,-5.0,-4.0,-4.0,-2.51,-1.511,-0.264,13.921,-6.0,15.82,-3.0,11.815,-3.0,-0.515,-5.0,-2.0,-2.999,-4.0,-3.0,-3.563,1.317,-2.51,13.928,-1.503,-6.0,-1.511,-1.0,-3.014,0.594,-1.194,-3.999,0.486,5.895,-1.007,-3.0,9.05,-4.0,-3.517,2.531,3.116,0.493,6.19,4.358,9.784,2.269,3.467,12.985,-4.0,-4.0,-0.501,-2.503,-1.509,3.672,2.731,10.878,0.944,0.09,0.093,-1.0,-5.999,1.707,6.634,-4.0,-1.877,-2.515,-1.552,-2.502,1.078,-3.0,1.257,-4.0,1.427,0.0,1.399,-2.0,-3.0,-2.559,0.465,2.023,-1.526,-0.539,7.44,-0.457,-5.0,0.966,-1.041,1.964,3.076,-6.0,7.577,-4.0,2.086,0.0,0.0,0.0,0.0,0.0,0.0,0.0,0.0,0.0,0.0
GoldS210,XAUUSDc,875,-7.8093,-11.714,4,-0.2871,0.0,425,14.8235,1,11,0,0.01,1.9,3.0,0.0,0.0,15,1,-26.181,30,0,2,0,0.8,0.0,0.0,0.0,0.0,0.0,-1.0,8.779,-4.0,-2.999,-4.0,-5.0,-0.001,0.986,-3.0,-3.0,-2.004,8.238,-1.999,-4.0,-3.0,-2.0,1.57,-4.0,-5.0,0.252,1.917,-4.0,5.144,9.351,-4.0,-4.0,-4.0,-2.0,6.945,-0.016,7.393,-6.0,2.29,3.2,-1.029,-3.0,9.476,2.684,-2.0,-2.0,-3.0,-4.0,8.687,-1.555,-5.0,4.631,-5.0,-6.0,-4.0,-1.0,5.642,-4.0,0.212,6.471,2.387,7.244,-2.001,-3.0,-2.0,-4.0,-4.0,-4.0,-4.0,1.078,10.467,2.099,5.273,-3.0,11.073,-3.0,0.0,-5.0,0.997,-1.007,-4.0,-3.0,4.129,5.124,-3.0,2.557,0.954,-1.0,-0.032,-4.999,6.339,-4.0,0.805,-5.0,5.256,-5.0,4.529,-2.0,-3.999,0.633,6.232,0.0,4.844,-2.0,-2.0,-4.0,7.36,4.084,9.089,-2.0,10.904,-6.0,-4.0,-4.0,-4.0,-3.0,-3.0,-4.999,2.566,-4.0,3.035,0.0,0.0,0.0,0.0,0.0,0.0,0.0,0.0,0.0,0.0
GoldS210,XAUUSDc,594,-1.708,-3.416,3,-0.0801,0.0,482,30.9129,1,9,0,0.01,1.7,1.5,0.0,0.5,15,1,-8.445,1,0,2,0,0.6,0.0,0.0,0.0,0.0,0.0,1.479,0.867,-4.0,-0.508,-4.0,-5.0,4.055,-0.507,-4.0,-0.504,-4.502,2.651,-2.999,-4.0,-3.0,1.029,-1.255,3.934,2.355,-0.203,-1.023,-1.478,0.934,-1.288,-2.511,-4.0,-4.0,-0.51,2.44,2.024,3.909,-5.0,3.938,-3.0,4.625,-3.0,-0.515,0.827,-2.0,1.665,-3.0,-4.0,6.075,4.428,-2.51,3.457,-1.503,-1.974,-1.511,-1.0,-3.014,-1.51,-1.194,-0.373,0.486,4.183,-2.501,-3.0,3.442,-4.0,0.293,1.424,3.319,0.493,1.979,1.986,4.899,0.795,3.467,5.9,0.0,-5.0,-0.501,-2.503,2.801,-0.217,2.731,3.512,0.944,-1.025,0.093,-1.0,-2.154,5.374,5.797,-4.0,-1.123,0.351,-2.505,-2.502,1.078,-2.0,2.22,-4.0,3.904,0.0,1.399,-2.0,-2.0,-2.559,0.465,1.394,-1.526,-0.539,11.958,-2.053,-4.0,0.966,-1.041,1.289,2.162,-2.026,6.795,-3.0,1.16,0.0,0.0,0.0,0.0,0.0,0.0,0.0,0.0,0.0,0.0
GoldS210,XAUUSDc,466,-0.841,-1.682,3,-0.0391,0.0,439,21.6401,1,9,0,0.01,1.9,2.0,0.0,1.0,15,1,-17.435,21,0,2,0,0.4,0.0,0.0,0.0,0.0,0.0,1.972,10.701,-4.0,-0.01,-1.003,-4.999,0.938,-0.009,-3.0,-0.005,-4.003,-2.0,-1.999,0.924,-3.0,3.095,0.211,-2.025,-1.0,7.167,-0.015,0.444,-3.0,1.972,-3.0,-4.0,-4.0,-1.014,3.262,3.047,1.007,-6.0,-1.011,-0.083,0.97,-3.0,3.41,0.986,-1.0,-3.0,-3.0,-4.0,-0.066,-2.161,-2.014,18.01,-0.004,-6.0,-1.014,-1.0,0.414,-4.0,-0.032,3.135,4.423,5.063,-3.001,-3.0,-0.061,-3.999,-2.023,-4.0,13.038,0.991,2.725,0.985,-0.014,-3.0,7.68,-2.999,-2.0,-2.0,-1.002,-2.005,-4.0,4.328,-0.001,6.486,-0.009,9.021,1.197,-1.0,-3.022,-6.0,6.789,-4.0,-1.022,-3.0,2.196,-5.0,-0.507,-2.0,-2.999,-2.032,6.635,0.0,-0.11,-2.0,1.484,-2.076,0.953,-0.049,-4.0,-2.0,15.872,-6.0,-3.0,1.955,-2.042,1.658,8.252,-5.0,6.441,-3.0,0.921,0.0,0.0,0.0,0.0,0.0,0.0,0.0,0.0,0.0,0.0
GoldS210,XAUUSDc,755,-1.1807,-3.542,2,-0.1472,0.0,477,50.1048,1,11,0,0.01,1.9,1.0,0.0,1.0,15,1,-4.542,0,0,2,0,0.8,0.0,0.0,0.0,0.0,0.0,0.986,-1.008,-1.022,0.986,-0.015,-2.003,0.941,0.977,-1.047,-0.009,-4.001,-0.165,0.934,0.755,-3.0,-2.068,-1.071,1.979,-0.125,0.93,0.932,1.982,1.99,-2.012,-2.007,-0.059,-4.0,-0.049,-2.008,-0.061,2.89,1.99,0.968,-1.077,0.978,-3.0,0.935,-0.007,-1.0,-1.002,-0.001,-4.0,2.891,-1.147,-3.007,2.948,1.942,-2.016,-2.007,-1.0,-4.009,-2.007,2.922,-1.054,0.96,3.819,0.967,-3.0,1.955,-0.088,-1.026,0.962,4.953,0.99,-0.023,2.984,1.936,-0.016,3.977,-0.018,-1.103,-1.0,-1.001,-3.002,1.973,-1.059,1.985,-2.0,-0.046,-0.023,-1.015,-1.0,0.918,-1.034,0.946,-4.0,-2.011,1.926,-2.048,-2.017,3.922,-0.006,4.907,-2.004,1.965,0.0,-0.068,-2.0,0.941,-1.09,-0.023,-0.029,-0.019,0.973,3.924,-2.034,-2.007,-0.022,2.932,-2.055,-0.032,-0.097,1.965,-0.008,1.91,0.0,0.0,0.0,0.0,0.0,0.0,0.0,0.0,0.0,0.0
GoldS210,XAUUSDc,378,-6.2903,-18.871,2,-0.4371,0.0,512,43.1641,1,9,0,0.01,1.7,1.0,0.0,0.5,15,1,-22.516,0,0,2,0,0.4,0.0,0.0,0.0,0.0,0.0,0.986,-2.007,0.069,-0.014,-3.0,-1.034,2.288,0.977,-4.0,-0.009,-4.001,-3.0,-2.147,-4.0,-3.0,0.107,-0.6,3.523,-3.02,1.537,-0.025,0.375,2.314,-2.012,-3.007,-4.0,-4.0,0.862,-2.008,1.465,4.156,5.753,0.968,-3.0,2.617,-3.0,-1.01,-2.002,-2.0,0.996,-0.809,-3.0,2.413,1.007,-3.007,3.607,-0.009,-2.016,-2.007,-1.0,-4.009,-2.007,-0.52,-1.933,-0.009,4.036,1.966,-3.0,1.955,2.256,-0.026,0.962,6.443,-1.004,1.686,2.984,4.177,1.575,6.336,-0.018,-2.006,-3.999,-1.001,-3.002,1.973,-2.559,3.933,-2.0,-0.046,-0.023,-1.015,-1.0,0.918,-1.034,-0.143,-4.0,-1.766,4.359,-3.003,-2.017,3.922,1.131,6.637,-2.004,1.294,0.0,-0.068,-2.0,-1.037,-3.042,-0.023,3.18,-0.019,0.973,1.927,-0.562,-5.0,-0.022,1.932,0.51,-0.032,-1.959,3.759,-0.008,-1.055,0.0,0.0,0.0,0.0,0.0,0.0,0.0,0.0,0.0,0.0
GoldS210,XAUUSDc,77,-19.4863,-58.459,2,-0.5255,0.0,501,16.1677,1,7,0,0.01,1.7,2.0,0.0,0.0,15,1,-74.308,25,0,2,0,0.0,0.0,0.0,0.0,0.0,0.0,1.972,6.271,-3.999,-4.0,-3.0,-6.0,5.681,-1.01,-2.0,-0.005,-4.003,-3.0,-5.0,-4.0,-4.0,0.712,0.997,-3.025,-6.0,0.278,-2.015,-2.067,-4.0,9.814,-4.999,-4.0,-4.0,-0.014,5.566,2.825,1.028,-7.0,1.733,-3.0,0.97,1.511,-2.999,-5.999,-2.0,-2.999,-4.0,-3.0,-2.843,-6.02,-2.014,4.916,-1.004,-6.0,-1.014,-1.0,1.549,-4.0,-0.888,0.957,1.99,6.369,-4.001,-3.0,19.892,-4.0,1.547,-4.0,9.677,0.991,8.18,2.674,1.717,-3.999,13.008,-4.0,-3.0,-4.0,-0.002,-2.005,-4.999,-4.0,-0.001,-3.999,-0.009,1.991,1.197,-1.0,-6.0,-5.0,1.524,-4.0,-1.142,-2.02,-2.006,-5.0,-0.507,-3.0,-6.0,-4.0,1.316,0.0,-0.11,-2.0,-2.0,-2.076,0.953,4.649,-4.0,-2.0,14.797,-6.0,-4.0,5.444,13.021,9.325,11.926,-6.0,5.376,-4.0,-0.01,0.0,0.0,0.0,0.0,0.0,0.0,0.0,0.0,0.0,0.0
GoldS210,XAUUSDc,780,-1.8115,-3.623,3,-0.1327,0.0,448,35.0446,1,5,0,0.01,1.5,1.5,0.0,1.0,15,1,-7.397,0,0,2,0,0.8,0.0,0.0,0.0,0.0,0.0,1.479,0.95,-4.0,-0.508,-1.502,-1.146,2.429,-0.507,-3.0,-0.002,-3.502,1.197,-2.0,-0.555,-3.0,-1.84,-1.591,3.83,1.431,-1.554,2.564,-3.0,0.418,-1.554,-0.644,-1.515,-4.0,-0.51,1.197,0.427,4.018,-5.0,4.928,-0.58,2.469,-3.0,2.665,0.489,-1.0,0.646,-3.0,-4.0,4.452,0.784,-2.51,4.748,0.946,-2.821,-1.511,-1.0,-3.014,-0.647,1.933,0.301,1.439,3.239,-2.501,-3.0,3.442,-4.0,0.731,1.241,1.081,0.493,0.636,6.321,2.771,-0.525,4.08,4.479,0.0,-3.0,-1.501,-2.503,2.289,-1.154,1.994,1.501,0.944,-0.343,0.093,-1.0,-3.517,3.805,2.419,-4.0,-1.516,0.931,-1.552,-2.502,-0.068,-2.0,6.871,-4.0,4.068,0.0,1.399,-2.0,0.794,0.587,0.465,-0.536,-1.526,-0.539,5.208,-3.519,-3.0,1.835,-0.041,-1.56,1.676,-1.745,4.689,-3.0,0.716,0.0,0.0,0.0,0.0,0.0,0.0,0.0,0.0,0.0,0.0
GoldS210,XAUUSDc,707,-8.6273,-51.764,1,-0.751,0.0,443,11.9639,1,11,0,0.01,1.9,3.0,0.0,0.5,15,1,-67.894,29,0,2,0,0.6,0.0,0.0,0.0,0.0,0.0,-1.0,10.712,-4.0,-3.0,-4.0,-5.0,-0.001,0.986,-4.0,-3.0,-3.003,11.814,-3.0,-4.0,-3.0,-2.0,3.146,-4.0,-4.999,4.296,-5.0,-5.0,8.37,13.13,-3.999,-4.0,-4.0,-1.999,8.939,-0.016,-6.0,-6.0,3.315,4.775,-1.028,-3.0,1.983,4.295,-2.0,-3.0,-3.0,-4.0,4.499,-3.153,-5.0,8.757,-5.0,-6.0,-4.0,-1.0,7.268,-4.0,3.724,6.291,1.938,0.829,-1.001,-3.0,-2.0,-4.0,-5.0,-4.0,-4.0,1.078,-5.0,5.343,-3.0,-2.0,9.585,-3.0,-4.0,-4.0,0.997,-1.007,-4.0,-3.0,5.791,9.245,-3.0,4.538,0.954,-1.0,-0.033,-4.999,-0.012,-4.0,0.805,-6.0,4.593,-5.0,8.557,-2.0,-3.999,1.954,3.479,0.0,4.844,-2.0,-2.0,-4.0,8.04,5.973,-4.0,-2.0,14.186,-6.0,-4.0,-4.0,-6.0,-3.0,-3.0,-5.0,4.016,-4.0,4.44,0.0,0.0,0.0,0.0,0.0,0.0,0.0,0.0,0.0,0.0
GoldS210,XAUUSDc,12,-1.239,-3.717,2,-0.0897,0.0,517,39.6518,1,5,0,0.01,1.5,1.0,0.0,0.5,15,1,-16.41,6,0,2,0,0.0,0.0,0.0,0.0,0.0,0.0,0.986,-2.007,0.168,-0.014,-3.0,-3.999,-1.01,3.047,-1.047,-0.009,-4.001,-3.0,-5.0,-4.0,-3.0,9.691,-0.6,2.484,-3.02,1.539,0.658,3.257,2.314,-2.012,-5.0,-4.0,-4.0,-1.01,-3.008,-0.431,6.217,1.108,2.495,-0.048,4.205,-3.0,-1.01,-1.007,-2.0,0.996,-0.858,-3.0,-3.062,2.267,-3.007,5.849,-0.009,-2.016,-2.007,-1.0,-4.009,-2.007,-0.52,-4.0,-0.009,12.885,-1.004,-3.0,3.74,6.317,-0.026,0.962,3.549,-1.004,-2.012,2.984,5.898,1.682,4.27,2.108,-2.006,-4.0,-1.001,-3.002,1.973,0.944,7.771,-2.0,-0.046,-0.023,-1.015,-1.0,1.751,3.169,-3.004,-4.0,-1.766,3.211,-3.003,-2.017,3.922,-3.0,6.967,-2.004,-1.029,0.0,-0.068,-2.0,-1.037,-3.042,-0.023,-0.055,-0.019,0.973,1.927,-2.727,-5.0,-0.022,7.468,-0.101,1.006,0.261,-0.033,1.643,2.447,0.0,0.0,0.0,0.0,0.0,0.0,0.0,0.0,0.0,0.0
GoldS210,XAUUSDc,701,-11.0297,-33.089,2,-0.4501,0.0,454,10.793,1,7,0,0.01,1.7,3.0,0.0,0.5,15,1,-60.184,30,0,2,0,0.6,0.0,0.0,0.0,0.0,0.0,-1.0,14.521,-4.0,-3.0,-3.999,-5.0,-0.001,0.987,-3.0,-3.0,-3.004,-2.0,-2.999,-4.0,-3.0,-3.0,4.058,-4.0,3.616,4.296,-5.0,-5.0,4.683,13.351,-5.0,-4.0,-4.0,-3.0,8.976,-1.016,-4.0,-5.0,3.704,-3.0,-1.029,-3.0,-3.0,-4.0,-3.0,-3.0,-3.0,-4.0,4.732,3.014,-5.0,10.477,-5.0,-6.0,-4.0,-1.0,10.063,-4.0,3.724,-4.0,1.938,11.095,0.761,-3.0,-2.0,-5.0,-5.0,-4.0,-3.999,1.066,23.095,6.66,-3.0,-3.0,12.375,-3.0,-4.0,-4.0,0.997,-1.007,-4.0,-3.0,5.404,13.624,-3.0,4.538,3.407,-1.0,-6.0,-5.0,11.65,-4.0,1.329,-5.999,4.746,-5.0,9.739,-2.0,-5.0,-4.0,-5.0,0.0,4.816,-2.0,-2.0,-4.0,12.696,-2.072,-4.0,-2.0,19.746,-5.999,-4.0,-4.0,-5.999,-3.0,-3.0,-5.0,2.269,-3.0,5.881,0.0,0.0,0.0,0.0,0.0,0.0,0.0,0.0,0.0,0.0
GoldS210,XAUUSDc,804,-18.719,-56.157,2,-0.7208,0.0,464,21.1207,1,5,0,0.01,1.5,2.0,0.0,0.5,15,1,-62.165,7,0,2,0,0.8,0.0,0.0,0.0,0.0,0.0,1.972,5.363,-4.0,-0.01,-4.0,-5.0,6.337,-0.009,-3.0,0.893,-3.003,-2.0,-2.999,-4.0,-3.0,1.961,-0.387,-4.0,-0.853,1.244,-3.015,-4.0,1.858,0.197,-5.0,-4.0,-4.0,-0.014,-5.0,8.046,0.894,-6.0,-0.943,1.246,0.97,-3.0,-3.0,-4.0,-2.999,0.539,-3.0,-4.0,4.685,3.388,-2.014,9.325,-1.004,-6.0,-1.014,-1.0,0.19,-3.999,-2.148,-3.0,-0.053,3.866,-2.001,-3.0,-0.061,-4.0,-2.022,-4.0,12.701,0.991,-1.097,2.379,3.112,-3.0,4.718,-3.0,0.0,-5.0,-0.002,-2.005,1.78,2.973,1.467,2.743,-0.009,4.049,1.197,-1.0,-6.0,-5.0,6.935,-4.0,-0.48,2.729,-0.529,-5.0,-2.063,-2.0,-3.0,-0.811,5.533,0.0,-0.11,-2.0,-2.0,-2.076,0.953,2.499,0.275,-2.0,9.795,-6.0,-5.0,3.629,1.616,2.46,5.42,-5.0,7.654,-3.0,-2.009,0.0,0.0,0.0,0.0,0.0,0.0,0.0,0.0,0.0,0.0
GoldS210,XAUUSDc,357,20.455,40.91,3,0.7516,128.38,429,10.9557,1,7,0,0.01,1.9,3.0,0.0,1.0,15,1,-11.612,20,0,2,0,0.2,0.0,0.0,0.0,0.0,0.0,-1.0,-1.016,-4.0,-3.0,-4.0,-4.0,-0.001,0.986,-3.0,-3.0,-3.003,-2.0,-1.999,7.585,-3.0,-5.0,4.584,-5.0,-2.0,-0.067,-3.0,-5.0,-4.0,33.903,-3.0,-4.0,-4.0,-3.999,21.275,-1.016,-4.0,-5.999,18.46,0.91,-1.029,-3.0,20.646,1.979,-1.0,-3.0,-3.0,-4.0,-3.0,12.279,-5.0,-6.0,-4.0,-6.0,-4.0,-1.0,-4.011,-4.0,1.953,-3.0,23.255,13.178,-0.239,-3.0,-1.999,-4.999,-4.0,-4.0,-6.0,2.066,48.522,6.71,-3.0,-3.0,26.099,-3.0,-2.0,-2.0,-0.003,-1.007,-4.0,-4.0,-3.0,-4.0,-3.0,6.698,3.407,-1.0,-1.032,-5.0,9.369,-4.0,-0.033,-4.0,14.267,-5.0,-5.0,-2.0,-3.0,-1.04,-3.999,0.0,4.816,-2.0,2.897,-4.0,13.335,-0.073,-4.0,-2.0,-4.0,-5.999,-0.027,-4.0,-5.0,-4.0,-3.0,-4.998,-0.005,-4.0,18.324,0.0,0.0,0.0,0.0,0.0,0.0,0.0,0.0,0.0,0.0
GoldS210,XAUUSDc,19,-5.831,-17.493,2,-0.4028,0.0,513,42.4951,1,11,0,0.01,1.7,1.0,0.0,0.5,15,1,-29.71,3,0,2,0,0.0,0.0,0.0,0.0,0.0,0.0,0.986,-2.007,-1.022,-0.014,-3.0,-4.0,-1.009,0.977,-4.0,-0.009,-4.001,-3.0,-2.147,-4.0,-3.0,9.215,-0.6,4.646,-1.02,1.848,-0.025,-0.013,2.314,-2.012,-3.006,-4.0,-4.0,-1.01,-2.008,-1.43,2.89,10.389,0.968,-0.019,-1.016,-3.0,1.076,-2.002,-2.0,0.996,-0.809,-3.0,-3.062,1.396,-3.007,3.607,-0.009,-2.016,-2.007,-1.0,-4.009,-2.007,-0.52,-1.933,-0.009,4.036,-1.004,-3.0,1.955,2.643,-0.026,0.962,3.549,1.465,2.142,2.984,5.472,1.682,6.147,-0.018,-2.006,-4.0,-1.001,-3.002,1.973,0.076,8.196,-2.0,-0.046,-0.023,-1.015,-1.0,0.918,-1.034,-3.004,-4.0,-1.766,-0.055,-2.048,-2.017,3.922,1.131,7.754,-2.004,0.971,0.0,-0.068,-2.0,2.131,-3.042,-0.023,1.914,-0.019,0.973,1.927,-0.375,-5.0,-0.022,1.932,0.51,-0.032,-1.959,3.264,-0.008,-1.055,0.0,0.0,0.0,0.0,0.0,0.0,0.0,0.0,0.0,0.0
GoldS210,XAUUSDc,444,-21.0963,-63.289,2,-0.6661,0.0,491,16.0896,1,5,0,0.01,1.5,2.0,0.0,0.5,15,1,-85.078,24,0,2,0,0.4,0.0,0.0,0.0,0.0,0.0,1.972,10.441,-4.0,-1.01,-3.0,-5.0,5.1,-0.01,-3.0,0.893,-4.003,-3.0,-5.0,-4.0,-3.0,17.789,0.997,-4.0,-6.0,4.423,-3.015,-1.067,-3.0,4.882,-5.0,-4.0,-4.0,-0.014,-5.0,2.641,-7.0,-5.0,-0.943,3.072,0.97,-3.0,-3.0,-4.0,-3.0,-2.999,-4.0,-3.0,0.096,0.66,-2.014,8.497,-1.004,-6.0,-1.014,-1.0,-5.008,-4.0,0.112,-4.0,0.947,5.632,-3.001,-3.0,-0.062,-4.0,-3.022,-4.0,15.186,0.991,-6.0,3.14,4.175,-3.0,-0.023,-3.0,-4.0,-4.0,-0.002,-2.005,-4.0,16.502,4.007,16.935,-0.009,0.975,1.197,-1.0,-6.0,-5.0,11.566,-4.0,-0.48,3.439,1.208,-4.999,-2.063,-3.0,-5.0,-4.0,1.58,0.0,-0.11,-2.0,-3.0,-2.076,0.953,5.382,-4.0,-2.0,8.041,-5.999,-5.0,6.321,-3.042,3.405,1.42,-6.0,3.483,-4.0,3.675,0.0,0.0,0.0,0.0,0.0,0.0,0.0,0.0,0.0,0.0
GoldS210,XAUUSDc,682,2.7765,5.553,3,0.1692,284.08,418,17.4641,1,9,0,0.01,1.9,2.5,0.0,1.0,15,1,-10.222,29,0,2,0,0.6,0.0,0.0,0.0,0.0,0.0,-1.0,11.181,-4.0,-3.0,-0.504,-5.0,-0.501,0.488,-3.0,0.494,-3.503,-2.0,-2.0,2.911,-3.0,-3.0,1.561,-4.0,-1.0,7.689,0.481,5.567,4.224,5.77,-3.0,-4.0,-4.0,0.483,4.393,-0.513,2.051,-6.0,-0.514,0.413,-1.524,-3.0,4.025,1.482,-1.0,-3.0,-3.0,-4.0,9.026,-2.647,-5.0,21.516,-3.0,-6.0,-4.0,-1.0,3.532,-4.0,1.461,5.274,6.323,6.131,-1.501,-3.0,-2.0,-5.0,-0.529,-4.0,6.541,0.546,13.002,2.694,-3.0,-3.0,14.365,-3.0,0.0,-3.0,-0.502,-1.506,-4.0,-3.0,2.361,13.161,-3.0,0.83,2.302,-1.0,-2.528,1.735,8.985,-4.0,-0.527,-3.0,2.994,-5.0,0.471,-2.0,-3.0,-1.536,1.55,0.0,0.852,-2.0,2.191,-1.593,1.441,0.439,-4.0,-2.0,7.54,-5.999,-3.0,-0.536,-5.0,-4.0,-3.0,5.396,-0.504,-3.0,1.648,0.0,0.0,0.0,0.0,0.0,0.0,0.0,0.0,0.0,0.0
GoldS210,XAUUSDc,310,3.739,11.217,2,0.1228,639.56,478,12.3431,1,9,0,0.01,1.9,2.5,0.0,0.5,15,1,-60.523,20,0,2,0,0.2,0.0,0.0,0.0,0.0,0.0,-1.0,32.259,-4.0,-4.0,-3.0,-6.0,-1.501,0.488,-4.0,0.494,-3.503,-3.0,-5.0,-4.0,-3.0,-4.0,1.644,-5.0,-5.0,8.326,-1.519,-5.0,-3.0,11.478,0.533,-4.0,-4.0,-1.517,7.521,-1.513,3.668,-7.0,-1.515,-3.0,-1.523,-3.0,-3.0,-3.999,-2.0,-2.999,-4.0,-3.0,-0.747,-3.647,-4.999,70.239,-4.0,-6.0,-4.0,-1.0,3.532,-4.0,2.418,3.838,1.442,10.656,-2.501,-3.0,-1.999,-5.0,-1.529,-4.0,9.181,1.546,19.897,2.901,-2.999,-2.999,46.864,-2.999,-4.0,-4.0,0.498,-1.506,-4.0,-4.0,4.095,-4.0,-2.999,1.004,2.302,-1.0,1.398,-6.0,-1.51,-4.0,0.163,-2.526,-1.508,-5.0,0.471,-2.0,-3.999,0.896,-0.649,0.0,0.852,-2.0,-3.0,-1.593,1.441,7.282,-4.0,-2.0,-3.999,-6.0,-5.0,-0.536,-6.0,-3.0,-3.0,9.751,3.121,-4.0,2.851,0.0,0.0,0.0,0.0,0.0,0.0,0.0,0.0,0.0,0.0
GoldS210,XAUUSDc,618,4.954,9.908,3,0.1646,91.68,470,21.7021,1,9,0,0.01,1.7,2.0,0.0,0.0,15,1,0.824,25,0,2,0,0.6,0.0,0.0,0.0,0.0,0.0,1.972,5.035,-4.0,2.204,-4.0,-5.0,10.57,-1.01,-3.0,-0.005,-4.003,-2.0,-2.999,-4.0,-4.0,-1.658,0.152,-4.0,-5.0,-0.886,-2.015,-0.474,2.578,0.748,-0.332,-4.0,-4.0,-0.014,2.075,7.177,-5.0,-6.0,-1.011,-3.0,0.97,1.35,-3.0,2.617,-2.0,-3.0,-3.0,-4.0,3.54,5.012,-2.014,11.391,-1.004,-6.0,-1.014,-1.0,0.642,-4.0,-1.428,0.91,2.371,4.127,-3.001,-3.0,0.718,-4.0,-0.456,-4.0,16.55,0.991,7.417,0.985,-0.014,-3.0,6.061,-3.0,0.0,-4.999,-0.002,-2.005,2.114,6.084,-0.001,11.835,-0.009,6.141,1.197,-1.0,-0.647,1.029,12.405,-4.0,-0.48,3.203,-2.006,-5.0,-0.507,-2.0,-5.0,-0.162,3.765,0.0,-0.11,-2.0,-2.0,-2.076,0.953,3.152,-4.0,-2.0,13.577,-6.0,-4.0,2.086,6.007,4.862,6.477,-4.999,10.208,-3.0,-2.009,0.0,0.0,0.0,0.0,0.0,0.0,0.0,0.0,0.0,0.0
GoldS210,XAUUSDc,769,-9.2593,-27.778,2,-0.5301,0.0,475,31.3684,1,7,0,0.01,1.5,1.5,0.0,0.5,15,1,-31.252,0,0,2,0,0.8,0.0,0.0,0.0,0.0,0.0,1.479,1.828,-4.0,-0.508,-4.0,-5.0,3.477,-0.507,-3.0,-0.504,-3.502,1.644,-3.0,-4.0,-3.0,-0.738,1.683,3.836,0.969,-0.705,2.252,-4.0,-0.065,-1.553,-5.0,-4.0,-4.0,-0.51,2.336,3.486,3.764,-4.999,4.432,-3.0,3.891,-3.0,-0.515,-4.0,-3.0,2.658,-3.0,-4.0,4.521,3.636,-2.51,6.524,-1.503,-2.821,-1.511,-1.0,-3.014,-0.647,-2.882,-3.0,-0.514,3.926,-2.501,-3.0,4.32,-4.0,-0.269,0.863,1.73,0.493,1.266,6.614,3.401,0.157,3.467,4.598,0.0,-5.0,-0.501,-2.503,2.337,-0.694,2.731,2.2,0.944,-0.344,0.093,-1.0,-6.0,0.092,4.142,-4.0,-0.92,0.91,-1.552,-2.502,0.436,-2.0,3.805,-4.0,4.947,0.0,1.399,-2.0,-2.0,-2.559,0.465,0.788,1.819,-0.539,10.441,-2.7,-4.0,0.966,-1.041,0.687,1.718,-2.098,4.582,-3.0,0.7,0.0,0.0,0.0,0.0,0.0,0.0,0.0,0.0,0.0,0.0
GoldS210,XAUUSDc,706,-8.0653,-24.196,2,-0.3204,0.0,443,11.7381,1,9,0,0.01,1.9,3.0,0.0,0.5,15,1,-47.853,29,0,2,0,0.6,0.0,0.0,0.0,0.0,0.0,-1.0,16.048,-4.0,-3.0,-4.0,-5.0,-0.001,0.986,-4.0,-3.0,-3.004,-2.0,-2.999,-4.0,-3.0,-3.0,2.969,-4.0,-5.0,4.296,-5.0,-5.0,5.868,13.13,-3.999,-4.0,-4.0,-3.0,8.711,-0.016,-4.0,-6.0,3.315,-3.0,-1.029,-3.0,-3.0,6.195,-2.0,-3.0,-3.0,-4.0,4.499,-3.153,-5.0,7.732,-5.0,-6.0,-4.0,-1.0,8.789,-4.0,3.724,6.292,1.938,9.366,-1.001,-3.0,-2.0,-5.0,-5.0,-4.0,-3.999,1.066,17.982,5.343,-3.0,-2.0,21.657,-3.0,0.0,-5.0,0.997,-1.007,-4.0,-3.0,5.814,11.45,-3.0,2.672,3.407,-1.0,3.366,-5.0,7.475,-4.0,0.805,-6.0,-1.01,-5.0,4.97,-2.0,-4.0,1.954,0.037,0.0,3.42,-2.0,-2.0,-4.0,8.04,7.115,-4.0,-2.0,16.596,-6.0,-4.0,-4.0,-6.0,-3.0,-3.0,-5.0,3.746,-3.0,4.252,0.0,0.0,0.0,0.0,0.0,0.0,0.0,0.0,0.0,0.0
GoldS210,XAUUSDc,561,-1.449,-4.347,2,-0.1288,0.0,507,45.3649,1,7,0,0.01,1.9,1.0,0.0,0.5,15,1,-6.88,0,0,2,0,0.6,0.0,0.0,0.0,0.0,0.0,0.986,-2.007,-0.398,0.986,-1.108,-1.46,1.793,1.876,-1.047,-0.009,-4.001,0.411,0.258,-4.0,-3.0,-0.859,-0.6,2.693,-0.474,1.277,-0.025,0.211,2.314,-2.012,-5.0,-1.228,-4.0,0.76,-2.008,2.03,3.569,4.637,0.968,-3.0,2.03,-3.0,-1.01,-1.007,-2.0,0.996,0.172,-4.0,1.271,0.609,-3.007,5.219,-0.009,-2.016,-2.007,-1.0,-4.009,-2.007,-0.52,-4.0,-0.009,4.036,1.576,-3.0,2.406,1.57,-0.026,0.962,5.539,-1.004,0.966,2.984,3.472,0.786,5.082,-0.018,-2.006,-4.0,-1.001,-3.002,1.973,-2.757,3.181,-2.0,-0.046,-0.023,-1.015,-1.0,1.496,-1.034,2.141,-4.0,-1.613,3.942,-2.048,-2.017,3.922,0.717,4.163,-2.004,1.294,0.0,-0.068,-2.0,1.661,-3.042,-0.023,2.632,-0.019,0.973,4.732,-1.239,-4.0,-0.022,1.933,0.034,-0.032,0.72,3.151,-0.008,2.447,0.0,0.0,0.0,0.0,0.0,0.0,0.0,0.0,0.0,0.0
GoldS210,XAUUSDc,588,-9.3537,-28.061,2,-0.5827,0.0,492,27.8455,1,5,0,0.01,1.5,1.5,0.0,0.5,15,1,-33.366,2,0,2,0,0.6,0.0,0.0,0.0,0.0,0.0,1.479,0.587,-4.0,-0.508,-4.0,-5.0,3.914,-0.507,-3.0,-0.002,-4.502,2.408,-3.0,-4.0,-3.0,1.053,-0.948,4.262,2.289,-0.854,-0.88,-1.941,1.2,-1.13,-5.0,-4.0,-4.0,-0.51,1.79,5.088,2.263,-5.0,5.451,0.919,4.851,-3.0,-0.515,-4.0,-3.0,1.45,-3.0,-4.0,7.014,0.304,-2.51,5.836,-1.503,-6.0,-1.511,-1.0,-3.014,-0.134,-1.194,-4.0,0.486,5.594,-2.501,-3.0,5.402,-4.0,-0.564,1.849,3.217,0.493,-1.658,3.679,5.473,0.795,5.274,1.407,-4.0,-4.0,-0.501,-2.503,3.164,1.042,4.686,4.049,0.944,0.025,0.093,-1.0,-6.0,1.062,1.565,-4.0,-1.123,0.351,-1.126,-2.502,-0.068,-2.0,-0.397,-4.0,6.271,0.0,1.399,-2.0,-1.999,-2.559,0.465,0.795,-1.526,-0.539,8.918,-2.038,-5.0,2.446,-1.041,1.104,3.459,-1.086,1.791,-3.0,2.377,0.0,0.0,0.0,0.0,0.0,0.0,0.0,0.0,0.0,0.0
GoldS210,XAUUSDc,532,31.7615,63.523,3,0.9364,105.68,430,10.9302,1,5,0,0.01,1.7,3.0,0.0,1.0,15,1,-3.606,22,0,2,0,0.4,0.0,0.0,0.0,0.0,0.0,-1.0,30.85,-4.0,-3.0,-4.0,-4.0,-0.001,0.986,-3.0,-3.0,-3.004,-2.0,-2.0,7.586,-3.0,-3.0,4.584,-5.0,-1.0,64.129,-4.0,-4.0,-3.0,21.757,-3.0,-4.0,-4.0,-3.999,-4.0,-1.016,-7.0,-5.0,8.186,0.91,-1.028,-3.0,-3.0,1.979,-1.0,-3.0,-3.0,-4.0,-4.0,11.19,-5.0,-7.0,-4.0,-6.0,-4.0,-1.0,-4.011,-4.0,1.953,-3.0,16.256,11.313,-0.646,-3.0,-2.0,-4.999,-4.0,-4.0,-5.998,10.493,28.136,6.71,10.547,-3.0,-2.999,-3.0,-2.0,-2.0,-0.003,-1.007,-4.0,-3.0,-3.0,20.723,-3.0,6.567,3.407,-1.0,-1.033,-5.0,8.812,-4.0,-0.033,-4.0,10.221,-4.999,10.139,-2.0,-2.999,-1.04,-4.0,0.0,4.002,-2.0,2.897,-4.0,21.02,-0.073,-4.0,-2.0,-5.0,-6.0,-3.0,-3.999,-5.0,-4.0,-4.0,-5.0,-0.005,-3.999,16.061,0.0,0.0,0.0,0.0,0.0,0.0,0.0,0.0,0.0,0.0
GoldS210,XAUUSDc,826,-4.552,-13.656,2,-0.3593,0.0,425,25.4118,1,9,0,0.01,1.9,2.0,0.0,1.0,15,1,-19.132,2,0,2,0,0.8,0.0,0.0,0.0,0.0,0.0,1.972,4.117,-4.0,-0.01,-1.003,-4.0,4.941,-0.01,-3.0,-0.005,-3.003,-2.0,-1.999,0.377,-3.0,0.19,-0.387,-4.0,-1.0,1.41,-0.015,4.885,1.437,0.134,-3.0,-4.0,-4.0,-0.014,0.944,2.551,0.318,-6.0,-1.012,-0.083,0.97,-3.0,6.2,0.986,-1.0,-3.0,-2.999,-4.0,4.247,2.685,-2.014,6.962,-0.004,-6.0,-1.014,-1.0,-0.067,-4.0,-0.032,1.524,2.876,8.124,-2.001,-3.0,-0.062,-4.0,-2.023,-4.0,10.516,0.991,3.938,0.985,0.986,-3.0,4.886,-3.0,0.0,-3.0,-1.002,-2.005,0.855,0.765,-0.001,6.182,-0.009,3.985,1.197,-1.0,-3.022,-1.178,5.483,-4.0,-1.022,-3.0,0.183,-5.0,-1.378,-2.0,-3.0,-2.032,4.689,0.0,-0.11,-2.0,1.484,-2.076,0.953,-0.049,4.486,-2.0,10.592,-6.0,-3.0,1.955,3.089,0.408,4.221,-3.999,6.315,-3.0,-1.01,0.0,0.0,0.0,0.0,0.0,0.0,0.0,0.0,0.0,0.0
GoldS210,XAUUSDc,476,-11.262,-67.572,1,-0.6704,0.0,490,11.0204,1,5,0,0.01,1.9,2.5,0.0,0.0,15,1,-99.257,23,0,2,0,0.4,0.0,0.0,0.0,0.0,0.0,-1.0,15.241,-4.0,-4.0,-3.0,-5.0,-0.501,-0.512,-2.0,1.787,-3.503,-3.0,-5.0,-4.0,-5.0,10.879,2.791,-4.0,-6.0,7.139,-2.519,2.328,-4.0,12.613,-5.0,-4.0,-4.0,0.483,-5.0,-2.513,-6.0,-5.0,0.08,4.631,-1.523,10.181,-3.0,-5.0,-3.0,-2.999,-4.0,-3.0,14.813,8.106,-5.0,-3.469,-4.0,-6.0,-4.0,-1.0,-4.189,-4.0,-6.0,-5.0,3.51,7.638,-3.501,-3.0,-3.0,-4.0,-5.999,-0.147,-2.999,6.72,-6.0,3.963,7.452,-4.0,0.472,-3.0,-4.0,-4.0,0.498,-1.506,-4.0,-5.0,12.558,26.787,-3.0,5.15,2.302,-1.0,-6.0,-5.0,35.22,-4.0,0.163,-2.525,3.047,-4.999,2.605,-2.0,-6.0,-4.0,-5.0,0.0,0.852,-2.0,-2.0,-1.593,2.683,-2.561,-4.0,-2.0,-5.0,-5.999,-5.0,10.318,4.861,-3.0,-3.999,-6.0,-5.0,-4.0,8.113,0.0,0.0,0.0,0.0,0.0,0.0,0.0,0.0,0.0,0.0
GoldS210,XAUUSDc,582,8.626,12.939,4,0.322,40.84,486,30.6584,1,9,0,0.01,1.7,1.5,0.0,0.0,15,1,7.655,1,0,2,0,0.6,0.0,0.0,0.0,0.0,0.0,1.479,0.628,-4.0,1.051,-4.0,-5.0,6.801,-1.507,-3.0,-0.504,-4.502,2.651,-2.999,-4.0,-4.0,-3.88,-1.255,3.934,2.355,-1.455,-1.023,-1.478,0.934,-1.288,-2.511,-4.0,-4.0,-0.51,3.535,2.49,2.77,-5.0,3.938,-3.0,4.625,-0.03,-0.515,0.827,-2.0,1.665,-3.0,-4.0,6.403,5.852,-2.51,7.178,-1.503,-1.974,-1.511,-1.0,-2.879,-1.51,-2.353,-0.454,1.525,5.158,-3.501,-3.0,5.364,-4.0,2.451,1.424,3.319,0.493,1.979,1.987,4.899,-0.396,3.467,5.9,0.0,-4.999,-0.501,-2.503,2.801,0.414,2.731,4.429,1.985,0.121,0.093,-1.0,-2.154,5.773,6.969,-4.0,-1.123,0.351,-2.505,-2.502,1.078,-2.0,1.22,-4.0,3.904,0.0,1.399,-2.0,-2.0,-2.559,0.465,1.394,-1.526,-0.539,11.958,-2.053,-4.0,1.061,1.088,1.289,2.443,-1.462,7.205,-3.0,1.16,0.0,0.0,0.0,0.0,0.0,0.0,0.0,0.0,0.0,0.0
GoldS210,XAUUSDc,849,-13.1353,-39.406,2,-0.6812,0.0,444,16.6667,1,7,0,0.01,1.9,2.5,0.0,0.5,15,1,-51.591,26,0,2,0,0.8,0.0,0.0,0.0,0.0,0.0,-1.0,8.546,-4.0,-3.0,-4.0,-5.0,-0.501,0.488,-3.0,0.494,-2.503,-2.0,-3.0,-4.0,-3.0,-2.0,7.456,-4.0,0.489,1.547,4.184,-5.0,2.115,3.641,-5.0,-4.0,-4.0,0.483,3.21,-1.513,1.812,-0.376,1.144,-3.0,-1.522,-3.0,3.045,-4.0,-3.0,1.818,-3.0,-4.0,8.368,-0.962,-5.0,19.108,-4.0,-6.0,-4.0,-1.0,2.75,-3.999,-1.415,-3.0,0.442,7.375,-1.501,-3.0,-2.0,-5.0,-1.529,-4.0,3.646,0.546,11.807,3.791,-2.0,-3.0,8.288,-3.0,0.0,-5.0,0.498,-1.506,-4.0,-3.0,1.465,11.82,-3.0,0.471,2.302,-1.0,-6.0,-5.0,15.41,-4.0,0.526,-1.526,1.586,-5.0,0.576,-2.0,-4.0,-4.0,3.335,0.0,0.852,-2.0,-2.0,-1.593,2.683,-1.561,6.813,-2.0,6.48,-6.0,-4.0,7.616,1.63,-3.0,-3.0,1.407,0.305,-3.0,2.233,0.0,0.0,0.0,0.0,0.0,0.0,0.0,0.0,0.0,0.0
GoldS210,XAUUSDc,654,-1.1975,-2.395,3,-0.0423,0.0,457,15.7549,1,9,0,0.01,1.7,2.5,0.0,0.0,15,1,-18.17,30,0,2,0,0.6,0.0,0.0,0.0,0.0,0.0,-1.0,9.492,-4.0,-3.0,-4.0,-5.0,-0.501,-0.512,-3.0,0.494,-3.503,-2.0,-2.999,-4.0,-4.0,2.614,1.561,-4.0,-5.0,-0.317,-1.519,4.567,4.224,5.77,0.533,-4.0,-4.0,0.483,5.393,-0.513,-5.0,-6.0,-0.514,-3.0,-1.524,2.779,-3.0,4.405,-2.0,-3.0,-3.0,-4.0,4.995,-1.091,-5.0,23.774,-4.0,-6.0,-4.0,-1.0,3.853,-4.0,0.498,3.682,3.28,7.105,-2.501,-3.0,-2.0,-5.0,1.446,-4.0,6.541,0.546,15.47,1.526,-3.0,-3.0,14.365,-3.0,0.0,-4.999,0.498,-1.506,-4.0,-3.0,2.361,17.999,-3.0,-0.21,2.302,-1.0,0.859,2.894,17.203,-4.0,0.163,-2.526,-1.508,-5.0,0.471,-2.0,-5.0,0.896,-0.649,0.0,0.852,-2.0,-2.0,-1.593,1.441,4.956,-4.0,-2.0,7.54,-6.0,-4.0,-0.536,5.944,-3.0,-3.0,5.622,2.581,-3.0,1.648,0.0,0.0,0.0,0.0,0.0,0.0,0.0,0.0,0.0,0.0
GoldS210,XAUUSDc,589,-7.5193,-22.558,2,-0.4603,0.0,487,28.9528,1,7,0,0.01,1.5,1.5,0.0,0.5,15,1,-27.336,0,0,2,0,0.6,0.0,0.0,0.0,0.0,0.0,1.479,0.323,-4.0,-0.508,-3.999,-5.0,4.241,-0.506,-3.0,-0.504,-4.502,2.651,-2.999,-4.0,-3.0,0.778,-0.948,3.711,2.297,-1.203,-1.023,-4.0,0.324,-1.13,-5.0,-4.0,-4.0,-0.51,3.152,4.176,5.406,-4.999,5.909,-3.0,4.949,-3.0,-0.515,-4.0,-3.0,1.451,-3.0,-4.0,6.181,5.44,-2.51,5.306,-1.503,-6.0,-1.511,-1.0,-3.014,-0.134,-1.194,-4.0,0.486,4.738,-2.501,-3.0,4.856,-4.0,0.161,1.424,2.824,0.493,2.639,3.678,4.628,0.795,3.467,6.528,-4.0,-4.0,-0.501,-2.503,3.257,-0.217,2.731,3.602,0.944,0.025,0.093,-1.0,-6.0,0.992,5.056,-4.0,-0.877,0.615,-1.552,-2.502,1.078,-2.0,-0.503,-4.0,0.895,0.0,1.399,-2.0,-2.0,-2.559,0.465,0.395,-1.526,-0.539,12.914,-2.053,-4.0,0.966,-1.04,1.289,2.162,-1.086,6.151,-3.0,1.093,0.0,0.0,0.0,0.0,0.0,0.0,0.0,0.0,0.0,0.0
GoldS210,XAUUSDc,864,-4.698,-28.188,1,-0.4602,0.0,445,12.5843,1,5,0,0.01,1.5,3.0,0.0,0.0,15,1,-43.61,36,0,2,0,0.8,0.0,0.0,0.0,0.0,0.0,-1.0,11.462,-4.0,-3.0,-4.0,-5.0,0.0,0.987,-3.0,-3.0,-2.003,-2.0,-2.999,-4.0,-3.0,-3.0,2.019,-4.0,1.794,5.554,-6.0,-4.0,4.74,8.913,-5.0,-4.0,-4.0,-3.0,-5.0,-1.016,7.646,-6.0,3.865,3.131,-1.029,-3.0,-3.0,-4.0,-2.999,5.343,-3.0,-4.0,5.876,4.919,-5.0,7.107,-4.0,-6.0,-4.0,-1.0,8.899,-3.999,-5.0,8.161,3.386,9.593,-0.646,-3.0,-2.0,2.484,-3.999,3.73,-3.0,4.266,-6.0,4.064,7.654,-4.0,11.629,-3.0,0.0,-5.0,0.997,-1.007,-4.0,-3.0,7.927,8.693,-3.0,3.238,3.407,-1.0,-6.0,-5.0,5.935,-4.0,0.805,-5.0,1.699,-5.0,4.242,-2.0,-3.0,1.43,11.415,0.0,4.002,-2.0,-2.0,-4.0,9.72,-1.073,3.186,-2.0,12.423,-6.0,-5.0,-4.0,-5.0,-3.0,-3.999,-5.0,1.902,-3.0,4.338,0.0,0.0,0.0,0.0,0.0,0.0,0.0,0.0,0.0,0.0
GoldS210,XAUUSDc,577,0.4437,1.331,2,0.032,386.7,492,29.065,1,7,0,0.01,1.5,1.5,0.0,0.0,15,1,-3.816,1,0,2,0,0.6,0.0,0.0,0.0,0.0,0.0,1.479,-0.001,-3.999,1.443,-3.999,-5.0,6.831,-1.506,-2.0,-0.504,-4.501,3.499,-2.999,-4.0,-4.0,-3.88,-0.948,3.711,2.297,-1.708,-1.023,-1.942,0.324,-1.129,-5.0,-4.0,-4.0,-0.51,4.636,4.635,6.405,-4.999,5.909,-3.0,4.949,0.026,-0.515,-4.0,-3.0,1.451,-3.0,-4.0,6.347,6.595,-2.51,5.306,-1.503,-6.0,-1.511,-1.0,-2.879,-0.134,-3.524,-0.425,1.247,6.018,-3.501,-3.0,7.824,-4.0,2.671,1.424,3.504,0.493,2.639,3.91,4.628,-0.396,3.467,6.528,-4.0,-3.999,-0.501,-2.503,3.257,0.414,-0.501,4.775,1.985,1.01,0.093,-1.0,-6.0,4.306,6.185,-4.0,-0.877,0.614,-2.505,-2.502,1.078,-2.0,-1.653,-4.0,0.895,0.0,1.399,-2.0,-2.0,-2.559,0.465,0.394,-1.526,-0.539,12.914,-2.053,-4.0,1.061,1.089,1.289,2.91,-0.387,6.561,-3.0,2.092,0.0,0.0,0.0,0.0,0.0,0.0,0.0,0.0,0.0,0.0
GoldS210,XAUUSDc,695,-5.864,-11.728,3,-0.2684,0.0,445,12.809,1,11,0,0.01,1.9,3.0,0.0,0.0,15,1,-29.493,32,0,2,0,0.6,0.0,0.0,0.0,0.0,0.0,-1.0,11.66,-4.0,-2.999,-4.0,-5.0,-0.001,-0.014,-3.0,-3.0,-3.004,11.814,-3.0,-4.0,-4.0,12.937,3.146,-4.0,-4.999,0.252,-5.0,-4.0,8.37,13.13,-3.999,-4.0,-4.0,-1.999,14.765,-0.016,-6.0,-6.0,3.315,4.775,-1.028,4.676,1.983,4.295,-2.0,-3.0,-3.0,-4.0,11.415,-0.029,-5.0,8.757,-5.0,-6.0,-4.0,-1.0,7.682,-4.0,1.422,6.07,4.561,7.592,-2.001,-3.0,-2.0,-4.0,-4.0,-4.0,-4.0,1.078,-5.0,2.099,-3.0,-3.0,13.636,-3.0,-4.0,-4.0,0.997,-1.007,-4.0,-3.0,5.791,9.246,-3.0,6.389,0.954,-1.0,-0.033,-5.0,-0.012,-4.0,0.805,-4.999,-1.01,-5.0,8.557,-2.0,-4.999,1.954,3.479,0.0,4.844,-2.0,-2.0,-4.0,7.36,5.973,-4.0,-2.0,14.186,-6.0,-4.0,-4.0,-4.0,-3.0,-3.0,-5.0,4.016,-4.0,4.44,0.0,0.0,0.0,0.0,0.0,0.0,0.0,0.0,0.0,0.0
GoldS210,XAUUSDc,593,-7.5193,-22.558,2,-0.4603,0.0,487,28.9528,1,7,0,0.01,1.7,1.5,0.0,0.5,15,1,-27.336,0,0,2,0,0.6,0.0,0.0,0.0,0.0,0.0,1.479,0.323,-4.0,-0.508,-3.999,-5.0,4.241,-0.506,-3.0,-0.504,-4.502,2.651,-2.999,-4.0,-3.0,0.778,-0.948,3.711,2.297,-1.203,-1.023,-4.0,0.324,-1.13,-5.0,-4.0,-4.0,-0.51,3.152,4.176,5.406,-4.999,5.909,-3.0,4.949,-3.0,-0.515,-4.0,-3.0,1.451,-3.0,-4.0,6.181,5.44,-2.51,5.306,-1.503,-6.0,-1.511,-1.0,-3.014,-0.134,-1.194,-4.0,0.486,4.738,-2.501,-3.0,4.856,-4.0,0.161,1.424,2.824,0.493,2.639,3.678,4.628,0.795,3.467,6.528,-4.0,-4.0,-0.501,-2.503,3.257,-0.217,2.731,3.602,0.944,0.025,0.093,-1.0,-6.0,0.992,5.056,-4.0,-0.877,0.615,-1.552,-2.502,1.078,-2.0,-0.503,-4.0,0.895,0.0,1.399,-2.0,-2.0,-2.559,0.465,0.395,-1.526,-0.539,12.914,-2.053,-4.0,0.966,-1.04,1.289,2.162,-1.086,6.151,-3.0,1.093,0.0,0.0,0.0,0.0,0.0,0.0,0.0,0.0,0.0,0.0
GoldS210,XAUUSDc,320,-11.8343,-35.503,2,-0.5974,0.0,442,13.3484,1,5,0,0.01,1.9,2.5,0.0,1.0,15,1,-63.5,21,0,2,0,0.2,0.0,0.0,0.0,0.0,0.0,-1.0,-1.513,-4.0,-3.0,-0.504,-4.0,-0.501,0.488,-3.0,1.787,-3.502,-2.0,-2.0,4.255,-3.0,12.186,2.791,-4.999,-2.0,2.614,-0.519,-4.0,-4.0,24.997,-3.0,-4.0,-4.0,-0.517,-4.0,-1.513,-7.0,-5.0,0.08,0.413,-1.523,-3.0,-3.0,1.482,-1.0,-3.0,-3.0,-4.0,7.715,8.047,-5.0,1.436,-4.0,-6.0,-4.0,-1.0,-4.51,-4.0,1.461,-3.0,14.545,10.574,-2.501,-3.0,-2.0,-4.999,-0.529,-4.0,13.263,14.288,-6.0,4.926,11.47,-3.0,0.473,-3.0,-2.0,-2.0,-0.502,-1.506,-4.0,-4.0,3.107,-4.0,-3.0,4.11,2.302,-1.0,-2.528,-5.0,19.968,-4.0,-0.527,-0.526,7.684,-4.999,-5.0,-2.0,-2.998,-1.536,-4.0,0.0,0.852,-2.0,2.191,-1.593,2.683,-0.561,-4.0,-2.0,-5.0,-6.0,-0.522,21.157,-5.0,-4.0,-4.0,-4.999,-0.504,-4.0,12.083,0.0,0.0,0.0,0.0,0.0,0.0,0.0,0.0,0.0,0.0
GoldS210,XAUUSDc,80,-19.1965,-115.179,1,-0.799,0.0,505,14.6535,1,5,0,0.01,1.9,2.0,0.0,0.0,15,1,-131.083,23,0,2,0,0.0,0.0,0.0,0.0,0.0,0.0,1.972,-1.49,-4.0,-3.999,-3.0,-6.0,-1.998,-1.01,-2.0,0.893,-4.003,-2.999,-5.0,-4.0,-5.0,2.792,0.997,-3.025,-6.0,6.268,-3.014,1.032,-4.0,12.904,-5.0,-4.0,-4.0,-0.014,-6.0,2.641,-6.0,-6.0,-0.943,3.072,0.97,1.728,-3.0,-6.0,-2.0,-2.999,-4.0,-3.0,6.123,2.743,-2.014,9.663,-1.004,-6.0,-1.014,-1.0,-4.78,-4.0,-3.856,1.244,2.549,4.558,-4.001,-3.0,5.394,-4.0,-5.999,-0.79,5.788,0.991,-6.0,2.674,4.412,-3.998,-0.023,-3.0,-4.0,-3.999,-0.002,-2.005,-4.0,-5.0,4.007,-5.0,-0.009,1.991,1.197,-1.0,-6.0,-5.0,1.134,-4.0,-0.48,7.096,1.208,-4.999,-2.063,-2.0,-5.999,-4.0,1.58,0.0,-0.11,-2.0,-1.999,-2.076,0.953,-3.049,-4.0,-2.0,13.797,-6.0,-5.0,13.249,5.23,3.405,14.383,-6.0,-2.044,-4.0,-0.01,0.0,0.0,0.0,0.0,0.0,0.0,0.0,0.0,0.0,0.0
GoldS210,XAUUSDc,397,-7.3817,-22.145,2,-0.3721,0.0,501,24.9501,1,7,0,0.01,1.5,1.5,0.0,0.0,15,1,-30.077,13,0,2,0,0.4,0.0,0.0,0.0,0.0,0.0,1.479,0.687,-4.0,-4.0,-3.0,-5.0,11.039,-1.507,-2.0,-0.504,-4.502,-3.0,-5.0,-4.0,-4.0,-3.453,-0.795,0.679,-1.925,-1.708,-1.023,-1.942,-4.0,0.64,-5.0,-4.0,-4.0,-0.51,5.1,5.794,10.629,-4.999,8.879,-3.0,7.314,0.07,-0.515,-5.0,-3.0,-2.999,-4.0,-3.0,5.725,3.258,-2.51,8.42,-1.503,-6.0,-1.511,-1.0,-2.879,0.594,-3.524,-0.424,1.247,5.346,-2.007,-3.0,12.034,-4.0,0.082,2.531,5.51,0.493,4.778,4.604,7.076,0.263,3.467,9.471,-4.0,-4.0,-0.501,-2.503,-1.509,-5.0,-0.501,9.263,2.385,2.367,0.093,-1.0,-6.0,0.871,5.751,-4.0,-1.877,-2.514,-2.505,-2.502,1.078,-3.0,-0.374,-4.0,1.427,0.0,1.399,-2.0,-2.0,-2.559,0.465,1.569,-1.526,-0.539,4.68,-0.802,-4.0,1.061,2.092,1.964,4.298,-6.0,3.342,-3.0,-1.507,0.0,0.0,0.0,0.0,0.0,0.0,0.0,0.0,0.0,0.0
GoldS210,XAUUSDc,133,-1.1573,-3.472,2,-0.0714,0.0,438,14.1553,1,7,0,0.01,1.5,2.5,0.0,1.0,15,1,-29.106,22,0,2,0,0.0,0.0,0.0,0.0,0.0,0.0,-1.0,-1.513,-4.0,-3.0,-0.504,-4.0,-0.501,0.488,-3.0,0.494,-3.503,-2.0,-1.999,4.255,-3.0,9.844,2.791,-5.0,-2.0,-0.563,0.481,-5.0,-4.0,19.612,-3.0,-4.0,-4.0,-0.517,14.42,-1.513,3.698,-6.0,3.434,0.413,-1.524,-3.0,9.927,1.482,-1.0,-3.0,-3.0,-4.0,-3.0,7.209,-5.0,-3.501,-3.0,-6.0,-4.0,-1.0,-4.51,-4.0,1.461,-3.0,17.12,9.952,-2.501,-3.0,-1.999,-4.999,-0.529,-4.0,20.634,1.546,14.493,4.926,-3.0,-3.0,19.025,-3.0,-3.0,-2.0,-0.502,-1.506,-3.999,-4.0,-2.999,-4.0,-3.0,3.97,2.302,-1.0,-2.528,-5.0,15.446,-4.0,-0.527,-0.526,9.213,-5.0,-5.0,-2.0,-3.0,-1.536,-3.999,0.0,0.852,-2.0,2.191,-1.593,2.683,-0.561,-4.0,-2.0,-4.0,-5.999,-0.522,14.485,-5.0,-4.0,-3.0,4.076,-0.504,-4.0,12.082,0.0,0.0,0.0,0.0,0.0,0.0,0.0,0.0,0.0,0.0
GoldS210,XAUUSDc,142,51.9,103.8,3,2.3029,71.7,434,15.2074,1,9,0,0.01,1.9,2.5,0.0,1.0,15,1,29.378,22,0,2,0,0.0,0.0,0.0,0.0,0.0,0.0,-1.0,35.227,-4.0,-3.0,-0.504,-5.0,-0.501,0.488,-3.0,0.494,-3.503,-2.0,-1.999,4.255,-3.0,9.844,1.644,-5.0,-2.0,-0.563,-0.519,-5.0,-3.999,12.478,-3.0,-4.0,-4.0,-0.517,7.521,-0.513,3.668,-6.0,-1.515,0.413,-1.524,-3.0,5.592,1.482,-1.0,-3.0,-3.0,-4.0,2.252,-2.647,-4.999,72.921,-3.0,-6.0,-4.0,-1.0,3.532,-3.999,1.461,-3.0,16.293,9.952,-2.501,-3.0,-1.999,-4.999,-0.529,-4.0,9.18,1.546,14.493,2.901,-2.999,-3.0,49.055,-2.999,-2.0,-2.0,-0.502,-1.506,-4.0,-4.0,4.095,-4.0,-2.999,1.004,2.302,-1.0,-2.528,-6.0,9.837,-4.0,-0.527,-3.0,11.205,-5.0,0.471,-2.0,-2.999,-1.536,1.55,0.0,0.852,-2.0,2.191,-1.593,1.441,0.439,-4.0,-2.0,3.264,-6.0,-3.0,-0.536,-5.0,-4.0,-3.0,10.751,-0.504,-4.0,7.264,0.0,0.0,0.0,0.0,0.0,0.0,0.0,0.0,0.0,0.0
GoldS210,XAUUSDc,680,-1.752,-3.504,3,-0.064,0.0,428,16.1215,1,5,0,0.01,1.9,2.5,0.0,1.0,15,1,-19.164,29,0,2,0,0.6,0.0,0.0,0.0,0.0,0.0,-1.0,10.849,-4.0,-3.0,-0.504,-3.999,-0.501,0.488,-3.0,1.787,-3.503,-2.0,-2.0,2.911,-3.0,-3.0,2.39,-5.0,-1.0,11.66,-0.519,-3.0,5.415,5.919,-3.0,-4.0,-4.0,0.483,-5.0,-1.513,-7.0,-5.0,0.081,0.413,-1.524,-3.0,6.443,1.482,-1.0,-3.0,-3.0,-4.0,11.084,2.226,-5.0,5.551,-4.0,-6.0,-4.0,-1.0,-4.51,-4.0,1.461,8.677,7.175,6.103,-1.501,-3.0,-2.0,-5.0,-0.529,-4.0,10.01,4.202,16.55,4.889,5.45,-3.0,9.457,-2.999,0.0,-3.0,-0.502,-1.506,-4.0,-3.0,2.012,6.422,-3.0,2.449,2.302,-1.0,-2.528,2.857,16.603,-4.0,-0.527,-0.526,3.312,-5.0,0.826,-2.0,-2.999,-1.536,-4.0,0.0,0.852,-2.0,2.192,-1.593,2.683,-0.561,-4.0,-2.0,10.798,-5.999,-3.0,10.596,-5.0,-4.0,-4.0,-3.999,-0.504,-3.0,2.818,0.0,0.0,0.0,0.0,0.0,0.0,0.0,0.0,0.0,0.0
GoldS210,XAUUSDc,731,1.3475,2.695,3,0.0881,71.54,500,46.8,1,11,0,0.01,1.9,1.0,0.0,0.0,15,1,0.767,0,0,2,0,0.8,0.0,0.0,0.0,0.0,0.0,0.986,-0.891,-1.022,1.587,-1.654,-1.318,2.163,0.977,-0.706,0.286,-4.001,0.167,2.046,-4.0,-3.0,-1.219,-3.005,2.271,-1.605,0.955,-0.025,2.273,2.587,-2.012,-3.007,-1.63,-4.0,0.614,-1.676,0.987,4.103,3.24,0.968,-0.613,1.292,-3.0,1.076,-2.002,-2.0,-0.002,0.191,-4.0,3.401,0.73,-3.007,3.565,-0.009,-2.016,-2.007,-1.0,-3.967,-2.007,-1.66,-1.005,-0.635,4.722,0.455,-3.0,2.754,0.675,-0.695,0.962,5.852,1.382,0.538,3.338,2.986,-0.698,4.403,-0.018,-0.256,-4.0,-1.001,-3.002,1.973,-0.506,2.803,-1.518,0.224,-0.023,-1.015,-1.0,0.918,-1.034,1.931,-4.0,-1.766,3.59,-1.617,-2.017,3.922,0.645,6.443,-2.004,2.302,0.0,-0.068,-2.0,1.546,-3.042,-0.023,1.914,-0.019,0.973,4.328,-1.165,-4.0,0.038,2.932,-1.354,0.276,0.466,2.852,-0.008,2.637,0.0,0.0,0.0,0.0,0.0,0.0,0.0,0.0,0.0,0.0
GoldS210,XAUUSDc,16,-1.239,-3.717,2,-0.0897,0.0,517,39.6518,1,5,0,0.01,1.7,1.0,0.0,0.5,15,1,-16.41,6,0,2,0,0.0,0.0,0.0,0.0,0.0,0.0,0.986,-2.007,0.168,-0.014,-3.0,-3.999,-1.01,3.047,-1.047,-0.009,-4.001,-3.0,-5.0,-4.0,-3.0,9.691,-0.6,2.484,-3.02,1.539,0.658,3.257,2.314,-2.012,-5.0,-4.0,-4.0,-1.01,-3.008,-0.431,6.217,1.108,2.495,-0.048,4.205,-3.0,-1.01,-1.007,-2.0,0.996,-0.858,-3.0,-3.062,2.267,-3.007,5.849,-0.009,-2.016,-2.007,-1.0,-4.009,-2.007,-0.52,-4.0,-0.009,12.885,-1.004,-3.0,3.74,6.317,-0.026,0.962,3.549,-1.004,-2.012,2.984,5.898,1.682,4.27,2.108,-2.006,-4.0,-1.001,-3.002,1.973,0.944,7.771,-2.0,-0.046,-0.023,-1.015,-1.0,1.751,3.169,-3.004,-4.0,-1.766,3.211,-3.003,-2.017,3.922,-3.0,6.967,-2.004,-1.029,0.0,-0.068,-2.0,-1.037,-3.042,-0.023,-0.055,-0.019,0.973,1.927,-2.727,-5.0,-0.022,7.468,-0.101,1.006,0.261,-0.033,1.643,2.447,0.0,0.0,0.0,0.0,0.0,0.0,0.0,0.0,0.0,0.0
GoldS210,XAUUSDc,447,-4.816,-14.448,2,-0.2767,0.0,476,19.958,1,11,0,0.01,1.5,2.0,0.0,0.5,15,1,-27.726,23,0,2,0,0.4,0.0,0.0,0.0,0.0,0.0,1.972,6.286,-4.0,-1.01,-3.0,-5.0,6.296,-0.009,-4.0,-0.005,-4.003,-3.0,0.545,-4.0,-3.0,9.278,0.365,-2.025,-5.0,3.063,-2.015,-1.577,5.172,1.972,-0.332,-4.0,-4.0,-0.014,3.663,8.243,-6.0,-6.0,-1.012,3.13,0.97,-3.0,0.571,1.386,-2.0,-3.0,-4.0,-3.0,-1.066,-3.161,-2.014,15.614,-1.004,-6.0,-1.014,-1.0,0.414,-4.0,0.112,0.941,0.947,1.455,-2.001,-4.0,-0.061,-4.0,-3.023,-4.0,18.119,0.991,5.615,0.985,-0.014,-2.0,7.68,-2.999,-4.0,-3.999,-0.002,-2.005,-4.0,6.977,-0.001,8.282,-0.009,8.612,-0.031,-1.0,-3.022,-5.999,7.657,-4.0,-0.48,-3.021,1.358,-5.0,-0.445,-2.0,-3.999,-0.162,3.688,0.0,-0.11,-2.0,-2.0,-2.076,0.953,0.888,-4.0,-2.0,11.128,-5.999,-5.0,1.955,0.078,6.424,8.252,-6.0,9.243,-3.0,-1.009,0.0,0.0,0.0,0.0,0.0,0.0,0.0,0.0,0.0,0.0
GoldS210,XAUUSDc,404,-9.5815,-19.163,3,-0.384,0.0,506,23.913,1,5,0,0.01,1.9,1.5,0.0,0.0,15,1,-28.321,14,0,2,0,0.4,0.0,0.0,0.0,0.0,0.0,1.479,1.766,-4.0,-4.0,-3.0,-5.0,9.403,-1.507,-2.0,-0.002,-4.502,-3.0,-5.0,-4.0,-5.0,-2.46,-0.795,6.095,-1.925,0.483,-0.88,-0.266,-4.0,0.64,-5.0,-4.0,-4.0,-0.51,7.647,9.154,8.232,-5.0,1.089,1.512,7.14,0.23,-0.515,-5.0,-3.0,-2.999,-4.0,-3.0,10.733,2.875,-2.51,11.385,-1.503,-6.0,-1.511,-1.0,-2.879,0.594,-6.0,-0.633,1.655,4.828,-2.007,-3.0,7.631,-4.0,-3.048,2.541,5.856,0.493,0.83,3.358,9.525,0.263,6.373,3.254,-4.0,-4.0,-0.501,-2.503,-1.509,-5.0,1.874,6.744,2.385,3.227,0.093,-1.0,-6.0,2.294,6.176,-4.0,-1.123,2.03,-0.632,-2.502,-0.068,-2.0,-0.263,-4.0,2.577,0.0,1.399,-2.0,-2.0,-2.559,0.465,2.614,-1.526,-0.539,0.088,-0.768,-5.0,3.764,1.674,1.104,4.251,-6.0,-2.533,-4.0,-0.508,0.0,0.0,0.0,0.0,0.0,0.0,0.0,0.0,0.0,0.0
GoldS210,XAUUSDc,710,8.226,12.339,4,0.3391,191.73,412,13.3495,1,9,0,0.01,1.5,3.0,0.0,1.0,15,1,-11.318,28,0,2,0,0.6,0.0,0.0,0.0,0.0,0.0,-1.0,17.045,-4.0,-3.0,-4.0,-5.0,-0.001,0.986,-3.0,-3.0,-3.004,-2.0,-2.0,5.242,-3.0,-3.0,2.969,-4.0,-1.0,12.31,-3.0,-4.0,5.868,13.13,-3.0,-4.0,-4.0,-3.0,7.711,-0.016,-4.0,-6.0,3.315,0.91,-1.029,-3.0,10.303,1.979,-1.0,-3.0,-3.0,-4.0,4.499,-3.153,-5.0,4.609,-4.0,-6.0,-4.0,-1.0,8.789,-4.0,1.953,7.871,9.282,8.5,-1.001,-3.0,-2.0,-5.0,-4.0,-4.0,-3.999,1.066,13.385,5.343,-3.0,-3.0,21.657,-3.0,0.0,-3.0,-0.003,-1.007,-4.0,-3.0,5.814,8.206,-3.0,2.672,3.407,-1.0,-1.033,-5.0,3.865,-4.0,-0.033,-3.0,5.15,-5.0,4.97,-2.0,-3.0,-1.04,2.724,0.0,3.42,-2.0,2.897,-4.0,8.04,0.927,-4.0,-2.0,16.596,-5.999,-3.0,-4.0,-5.0,-4.0,-3.0,-4.0,-0.005,-3.0,4.252,0.0,0.0,0.0,0.0,0.0,0.0,0.0,0.0,0.0,0.0
GoldS210,XAUUSDc,786,-1.5985,-3.197,3,-0.0994,0.0,445,35.9551,1,9,0,0.01,1.7,1.5,0.0,1.0,15,1,-6.463,0,0,2,0,0.8,0.0,0.0,0.0,0.0,0.0,1.479,1.098,-4.0,-0.508,-1.502,-1.568,2.429,-0.507,-3.0,-0.504,-3.502,1.15,-1.999,-0.555,-3.0,-1.673,-1.591,3.979,1.29,-1.554,2.421,-0.478,0.263,-1.738,-1.511,-1.515,-4.0,-0.51,1.266,-0.066,2.134,-5.0,3.356,-0.58,2.469,-3.0,2.69,0.489,-1.0,0.756,-2.999,-4.0,3.905,0.463,-2.51,4.652,0.946,-2.558,-1.511,-1.0,-3.014,-1.51,1.933,0.301,1.439,3.244,-2.501,-3.0,3.442,-4.0,0.796,0.863,1.151,0.493,0.392,5.508,2.664,-0.525,5.084,4.295,0.0,-3.0,-1.501,-2.503,2.066,-1.529,1.994,1.487,0.944,-1.025,0.093,-1.0,-3.517,3.709,2.419,-4.0,-1.516,2.687,-1.552,-2.502,0.436,-2.0,5.503,-4.0,4.068,0.0,1.399,-2.0,0.794,0.726,0.465,-0.536,1.819,-0.539,9.406,-3.519,-3.0,0.966,-0.041,-1.56,1.718,-1.964,4.337,-3.0,0.72,0.0,0.0,0.0,0.0,0.0,0.0,0.0,0.0,0.0,0.0
GoldS210,XAUUSDc,851,-8.2695,-16.539,3,-0.4653,0.0,434,18.894,1,11,0,0.01,1.9,2.5,0.0,0.5,15,1,-26.215,24,0,2,0,0.8,0.0,0.0,0.0,0.0,0.0,-1.0,7.353,-4.0,-3.0,-4.0,-5.0,-0.501,0.488,-3.0,0.494,-2.503,6.131,-1.999,-4.0,-3.0,-2.0,6.482,-4.0,-5.0,1.547,4.183,1.564,3.627,3.586,0.533,-4.0,-4.0,0.483,3.197,-0.513,2.339,-6.0,-0.515,2.247,-1.524,-3.0,7.319,1.587,-2.0,-2.0,-3.0,-4.0,6.334,-3.647,-5.0,15.632,-4.0,-6.0,-4.0,-1.0,2.353,-4.0,2.046,4.398,0.442,4.602,-1.501,-3.0,-2.0,-4.0,-0.529,-4.0,1.518,0.558,3.731,2.32,3.612,-2.0,8.288,-3.0,0.0,-5.0,0.498,-1.506,-4.0,-3.0,1.732,10.387,-3.0,0.471,0.461,-1.0,-1.527,-0.304,10.012,-4.0,0.163,-1.526,1.472,-5.0,0.176,-2.0,-3.999,-0.177,3.634,0.0,0.852,-2.0,-2.0,-1.593,1.441,2.591,6.79,-2.0,5.826,-6.0,-4.0,5.715,2.968,-4.0,-3.0,2.032,1.778,-4.0,1.332,0.0,0.0,0.0,0.0,0.0,0.0,0.0,0.0,0.0,0.0
GoldS210,XAUUSDc,464,-10.3975,-62.385,1,-0.7623,0.0,447,18.7919,1,5,0,0.01,1.9,2.0,0.0,1.0,15,1,-76.359,19,0,2,0,0.4,0.0,0.0,0.0,0.0,0.0,1.972,11.439,-4.0,-0.01,-1.003,-4.0,0.938,-0.01,-3.0,0.893,-4.003,-2.0,-2.0,0.924,-3.0,4.289,0.997,-2.025,-1.0,9.974,-1.015,-4.0,-3.0,4.882,-3.0,-4.0,-4.0,-1.014,-4.0,-2.011,-7.0,-5.0,-0.943,-0.083,0.97,-3.0,-3.0,0.986,-1.0,-3.0,-3.0,-4.0,1.096,1.66,-2.014,0.257,-1.004,-6.0,-1.014,-1.0,-5.008,-4.0,-0.032,3.135,4.423,5.09,-3.001,-3.0,-0.062,-3.999,-2.023,-4.0,15.186,0.991,3.279,3.14,4.175,-3.0,-0.023,-3.0,-2.0,-2.0,-1.002,-2.005,-4.0,5.679,-0.001,7.717,-0.009,0.975,1.197,-1.0,-3.022,-5.0,11.219,-4.0,-1.022,-1.021,2.515,-4.999,-2.063,-2.0,-2.999,-2.032,2.58,0.0,-0.11,-2.0,1.484,-2.076,0.953,-1.049,-4.0,-2.0,8.041,-6.0,-3.0,6.321,-2.042,-4.0,-1.042,-5.0,7.108,-3.999,1.92,0.0,0.0,0.0,0.0,0.0,0.0,0.0,0.0,0.0,0.0
GoldS210,XAUUSDc,712,48.071,48.071,6,1.2422,61.59,423,12.766,1,5,0,0.01,1.7,3.0,0.0,1.0,15,1,18.462,30,0,2,0,0.6,0.0,0.0,0.0,0.0,0.0,-1.0,17.169,-4.0,-3.0,-4.0,-3.999,-0.001,0.986,-3.0,-3.0,-3.004,-2.0,-2.0,5.256,-3.0,-3.0,4.058,-5.0,-1.0,26.609,-4.0,-3.0,7.524,12.917,-3.0,-4.0,-4.0,-3.0,-5.0,-1.016,-7.0,-5.0,5.301,0.91,-1.029,-3.0,15.169,1.979,-1.0,-3.0,-3.0,-4.0,5.274,5.296,-5.0,3.428,-4.0,-6.0,-4.0,-1.0,-4.011,-4.0,1.953,13.999,11.77,8.287,0.354,-3.0,-2.0,-5.0,-4.0,-4.0,-3.999,6.048,14.29,6.66,7.951,-3.0,11.093,-2.999,0.0,-3.0,-0.003,-1.007,-4.0,-3.0,5.415,10.403,-3.0,4.911,3.407,-1.0,-1.033,-4.0,8.812,-4.0,-0.033,-4.0,5.678,-5.0,6.437,-2.0,-2.999,-1.04,-4.0,0.0,4.002,-2.0,2.898,-4.0,12.868,-0.073,-4.0,-2.0,22.328,-5.999,-3.0,-4.0,-5.0,-4.0,-4.0,-3.999,-0.005,-3.0,5.88,0.0,0.0,0.0,0.0,0.0,0.0,0.0,0.0,0.0,0.0
GoldS210,XAUUSDc,655,1.6155,3.231,3,0.1037,481.15,455,16.7033,1,11,0,0.01,1.7,2.5,0.0,0.0,15,1,-12.315,30,0,2,0,0.6,0.0,0.0,0.0,0.0,0.0,-1.0,8.08,-4.0,-2.999,-4.0,-5.0,-0.501,-0.512,-3.0,0.494,-3.503,8.869,-3.0,-4.0,-4.0,5.696,1.638,-4.0,-4.999,-0.317,-1.519,4.057,6.093,5.77,0.533,-4.0,-4.0,0.483,9.867,-0.513,-6.0,-6.0,-0.514,3.505,-1.523,2.586,1.311,2.84,-2.0,-3.0,-3.0,-4.0,4.995,-1.091,-5.0,24.203,-4.0,-6.0,-4.0,-1.0,3.853,-4.0,0.498,3.681,3.57,5.782,-2.501,-3.0,-2.0,-4.0,1.446,-4.0,2.537,0.558,7.198,1.526,-3.0,-3.0,10.189,-3.0,-4.0,-4.0,0.498,-1.506,-4.0,-3.0,2.361,19.947,-3.0,3.759,0.461,-1.0,-1.528,0.83,10.421,-4.0,0.163,-1.525,-1.508,-5.0,1.955,-2.0,-4.999,0.896,1.886,0.0,0.852,-2.0,-2.0,-1.593,1.441,4.037,-4.0,-2.0,6.459,-6.0,-4.0,4.923,2.871,-3.0,-3.0,5.621,2.962,-4.0,2.181,0.0,0.0,0.0,0.0,0.0,0.0,0.0,0.0,0.0,0.0
GoldS210,XAUUSDc,204,-1.1807,-3.542,2,-0.1472,0.0,477,50.1048,1,5,0,0.01,1.5,1.0,0.0,1.0,15,1,-4.542,0,0,2,0,0.2,0.0,0.0,0.0,0.0,0.0,0.986,-1.008,-1.022,0.986,-0.015,-2.003,0.941,0.977,-1.047,-0.009,-4.001,-0.165,0.934,0.755,-3.0,-2.068,-1.071,1.979,-0.125,0.93,0.932,1.982,1.99,-2.012,-2.007,-0.059,-4.0,-0.049,-2.008,-0.061,2.89,1.99,0.968,-1.077,0.978,-3.0,0.935,-0.007,-1.0,-1.002,-0.001,-4.0,2.891,-1.147,-3.007,2.948,1.942,-2.016,-2.007,-1.0,-4.009,-2.007,2.922,-1.054,0.96,3.819,0.967,-3.0,1.955,-0.088,-1.026,0.962,4.953,0.99,-0.023,2.984,1.936,-0.016,3.977,-0.018,-1.103,-1.0,-1.001,-3.002,1.973,-1.059,1.985,-2.0,-0.046,-0.023,-1.015,-1.0,0.918,-1.034,0.946,-4.0,-2.011,1.926,-2.048,-2.017,3.922,-0.006,4.907,-2.004,1.965,0.0,-0.068,-2.0,0.941,-1.09,-0.023,-0.029,-0.019,0.973,3.924,-2.034,-2.007,-0.022,2.932,-2.055,-0.032,-0.097,1.965,-0.008,1.91,0.0,0.0,0.0,0.0,0.0,0.0,0.0,0.0,0.0,0.0
GoldS210,XAUUSDc,871,-7.8093,-11.714,4,-0.2871,0.0,425,14.8235,1,11,0,0.01,1.7,3.0,0.0,0.0,15,1,-26.181,30,0,2,0,0.8,0.0,0.0,0.0,0.0,0.0,-1.0,8.779,-4.0,-2.999,-4.0,-5.0,-0.001,0.986,-3.0,-3.0,-2.004,8.238,-1.999,-4.0,-3.0,-2.0,1.57,-4.0,-5.0,0.252,1.917,-4.0,5.144,9.351,-4.0,-4.0,-4.0,-2.0,6.945,-0.016,7.393,-6.0,2.29,3.2,-1.029,-3.0,9.476,2.684,-2.0,-2.0,-3.0,-4.0,8.687,-1.555,-5.0,4.631,-5.0,-6.0,-4.0,-1.0,5.642,-4.0,0.212,6.471,2.387,7.244,-2.001,-3.0,-2.0,-4.0,-4.0,-4.0,-4.0,1.078,10.467,2.099,5.273,-3.0,11.073,-3.0,0.0,-5.0,0.997,-1.007,-4.0,-3.0,4.129,5.124,-3.0,2.557,0.954,-1.0,-0.032,-4.999,6.339,-4.0,0.805,-5.0,5.256,-5.0,4.529,-2.0,-3.999,0.633,6.232,0.0,4.844,-2.0,-2.0,-4.0,7.36,4.084,9.089,-2.0,10.904,-6.0,-4.0,-4.0,-4.0,-3.0,-3.0,-4.999,2.566,-4.0,3.035,0.0,0.0,0.0,0.0,0.0,0.0,0.0,0.0,0.0,0.0
GoldS210,XAUUSDc,407,-6.1345,-12.269,3,-0.2906,0.0,494,28.1377,1,11,0,0.01,1.9,1.5,0.0,0.0,15,1,-20.003,6,0,2,0,0.4,0.0,0.0,0.0,0.0,0.0,1.479,2.324,-4.0,-4.0,-3.0,-5.0,11.207,-1.506,-3.0,-0.504,-4.502,-3.0,-0.749,-4.0,-4.0,-4.503,-1.251,1.066,2.399,-1.455,-1.023,-0.478,1.258,0.602,-2.511,-4.0,-4.0,-0.51,3.96,3.663,-0.151,-5.0,5.103,1.556,5.377,-1.513,2.318,-0.068,-2.0,-3.0,-4.0,-3.0,5.438,3.904,-2.51,8.296,-1.503,-1.609,-1.511,-1.0,-2.879,-1.51,-2.353,-0.454,1.658,4.866,-2.007,-3.0,7.289,-4.0,4.139,-0.038,6.018,0.493,3.117,1.986,5.248,0.263,3.467,8.117,-4.0,-3.999,-0.501,-2.503,-1.509,-5.0,2.731,8.483,2.385,-1.025,-0.523,-1.0,-3.517,3.447,6.228,-4.0,-1.123,-0.069,-2.505,-2.502,1.123,-3.0,1.221,-4.0,3.972,0.0,1.399,-2.0,-2.0,-2.559,0.465,-0.083,-1.526,-0.539,5.365,-0.802,-4.0,1.061,-0.04,1.964,3.831,-6.0,2.375,-3.0,-1.507,0.0,0.0,0.0,0.0,0.0,0.0,0.0,0.0,0.0,0.0
GoldS210,XAUUSDc,715,-8.4847,-12.727,4,-0.3182,0.0,409,13.6919,1,11,0,0.01,1.7,3.0,0.0,1.0,15,1,-30.264,27,0,2,0,0.6,0.0,0.0,0.0,0.0,0.0,-1.0,11.709,-4.0,-3.0,-4.0,-5.0,-0.001,0.986,-3.0,-3.0,-3.003,8.486,-2.0,5.242,-3.0,-2.0,3.146,-4.0,-1.0,14.537,-3.0,-4.0,8.37,13.13,-3.0,-3.0,-4.0,-1.999,7.939,-0.016,-6.0,-6.0,3.315,0.91,-1.028,-3.0,5.362,1.979,-1.0,-3.0,-3.0,-4.0,4.499,0.841,-5.0,4.97,-4.0,-6.0,-4.0,-1.0,7.268,-4.0,1.953,7.87,7.186,-0.037,-1.001,-3.0,-2.0,-4.0,-4.0,-4.0,-4.0,1.078,-5.0,5.343,-3.0,-3.0,9.585,-3.0,0.0,-3.0,-0.003,-1.007,-4.0,-3.0,5.791,5.109,-3.0,4.538,0.954,-1.0,-0.033,-4.999,3.865,-4.0,-0.033,-3.0,4.593,-5.0,8.557,-2.0,-3.0,-1.04,9.032,0.0,4.844,-2.0,2.897,-4.0,8.04,0.927,-4.0,-2.0,14.186,-5.999,-3.0,-4.0,-5.0,-4.0,-3.0,-4.0,0.995,-4.0,4.44,0.0,0.0,0.0,0.0,0.0,0.0,0.0,0.0,0.0,0.0
GoldS210,XAUUSDc,740,-4.5165,-9.033,3,-0.2448,0.0,504,45.8333,1,5,0,0.01,1.9,1.0,0.0,0.5,15,1,-10.762,0,0,2,0,0.8,0.0,0.0,0.0,0.0,0.0,0.986,-0.67,-0.589,0.986,-1.632,-1.53,1.355,1.538,-1.047,-0.009,-4.001,0.126,-0.271,-4.0,-3.0,-1.322,-0.641,2.778,-1.174,1.721,0.211,0.219,2.314,-2.012,-5.0,-1.63,-4.0,0.309,-3.008,1.682,3.407,3.396,1.336,-0.638,1.555,-3.0,-1.01,-1.007,-1.999,0.996,0.142,-4.0,3.24,0.285,-3.007,4.475,-0.009,-2.016,-2.007,-1.0,-4.009,-2.007,-1.635,-3.0,-1.009,4.449,1.382,-3.0,2.426,0.937,-1.026,0.962,5.753,1.538,-2.012,2.984,3.116,0.399,4.625,0.428,-0.501,-4.0,-1.001,-3.002,1.973,-0.281,3.081,-2.0,-0.046,-0.023,-1.015,-1.0,1.271,-0.356,-0.712,-4.0,-1.766,3.794,-3.003,-2.017,3.922,0.395,6.18,-2.004,2.523,0.0,-0.068,-2.0,1.359,-3.042,-0.023,2.476,-0.019,0.973,4.563,-1.138,-5.0,-0.022,2.376,-0.424,0.406,-0.042,2.408,0.303,2.34,0.0,0.0,0.0,0.0,0.0,0.0,0.0,0.0,0.0,0.0
GoldS210,XAUUSDc,595,-5.2483,-15.745,2,-0.3802,0.0,483,31.0559,1,11,0,0.01,1.7,1.5,0.0,0.5,15,1,-20.86,1,0,2,0,0.6,0.0,0.0,0.0,0.0,0.0,1.479,0.393,-4.0,-0.508,-4.0,-5.0,4.242,-0.507,-4.0,-0.504,-4.501,2.651,-3.0,-4.0,-3.0,1.115,-1.379,3.934,1.664,-0.203,-1.023,-1.478,1.543,-1.288,-2.511,-4.0,-4.0,-0.51,2.497,2.069,-0.985,-5.0,3.938,0.963,4.067,-3.0,2.318,-0.068,-2.0,1.65,-3.0,-4.0,6.075,4.26,-2.51,3.442,-1.503,-1.974,-1.511,-1.0,-3.014,-1.51,-1.194,-0.373,0.486,2.734,-2.501,-3.0,3.442,-4.0,3.704,-0.038,3.439,0.493,1.935,1.986,4.403,0.795,3.467,5.478,-4.0,-4.0,-0.501,-2.503,2.317,-0.217,2.731,2.617,0.944,-1.025,-0.523,-1.0,-2.517,4.567,1.617,-4.0,-1.123,-1.069,-1.552,-2.502,1.078,-2.0,2.221,-4.0,3.729,0.0,1.399,-2.0,-2.0,-2.559,0.465,-0.083,-1.526,-0.539,11.949,-2.053,-4.0,0.966,-1.04,1.289,2.162,-2.023,6.398,-3.0,2.092,0.0,0.0,0.0,0.0,0.0,0.0,0.0,0.0,0.0,0.0
GoldS210,XAUUSDc,458,-0.841,-1.682,3,-0.0391,0.0,439,21.6401,1,9,0,0.01,1.5,2.0,0.0,1.0,15,1,-17.435,21,0,2,0,0.4,0.0,0.0,0.0,0.0,0.0,1.972,10.701,-4.0,-0.01,-1.003,-4.999,0.938,-0.009,-3.0,-0.005,-4.003,-2.0,-1.999,0.924,-3.0,3.095,0.211,-2.025,-1.0,7.167,-0.015,0.444,-3.0,1.972,-3.0,-4.0,-4.0,-1.014,3.262,3.047,1.007,-6.0,-1.011,-0.083,0.97,-3.0,3.41,0.986,-1.0,-3.0,-3.0,-4.0,-0.066,-2.161,-2.014,18.01,-0.004,-6.0,-1.014,-1.0,0.414,-4.0,-0.032,3.135,4.423,5.063,-3.001,-3.0,-0.061,-3.999,-2.023,-4.0,13.038,0.991,2.725,0.985,-0.014,-3.0,7.68,-2.999,-2.0,-2.0,-1.002,-2.005,-4.0,4.328,-0.001,6.486,-0.009,9.021,1.197,-1.0,-3.022,-6.0,6.789,-4.0,-1.022,-3.0,2.196,-5.0,-0.507,-2.0,-2.999,-2.032,6.635,0.0,-0.11,-2.0,1.484,-2.076,0.953,-0.049,-4.0,-2.0,15.872,-6.0,-3.0,1.955,-2.042,1.658,8.252,-5.0,6.441,-3.0,0.921,0.0,0.0,0.0,0.0,0.0,0.0,0.0,0.0,0.0,0.0
GoldS210,XAUUSDc,239,-14.5735,-29.147,3,-0.5082,0.0,493,26.9777,1,11,0,0.01,1.9,1.5,0.0,0.5,15,1,-44.711,13,0,2,0,0.2,0.0,0.0,0.0,0.0,0.0,1.479,5.497,-4.0,-1.508,-3.0,-6.0,-0.016,-0.507,-4.0,-0.504,-4.502,-3.0,-0.748,-4.0,-3.0,11.564,-1.251,2.54,2.399,2.021,-1.023,-1.478,2.258,-0.04,-2.51,-4.0,-4.0,-2.51,-1.511,6.122,0.796,-5.0,-0.017,1.556,-0.021,-3.0,2.318,-0.068,-2.0,-3.0,-4.0,-3.0,-3.563,1.375,-2.51,4.991,-1.503,-1.609,-1.511,-1.0,-3.014,-1.51,-1.194,-0.373,0.486,2.734,-1.007,-3.0,3.442,-4.0,4.127,-0.038,3.325,0.493,4.928,1.986,7.776,2.269,3.467,0.319,-4.0,-4.0,-0.501,-2.503,-1.509,3.672,2.731,3.916,0.944,-1.025,-0.523,-1.0,-3.517,1.208,7.934,-4.0,-1.123,-1.069,-1.552,-2.502,1.123,-2.0,2.221,-4.0,3.972,0.0,1.399,-2.0,-2.0,-2.559,0.465,-0.083,-1.526,-0.539,8.125,-0.457,-5.0,0.966,-1.041,1.964,3.076,-6.0,6.452,-4.0,-0.508,0.0,0.0,0.0,0.0,0.0,0.0,0.0,0.0,0.0,0.0
GoldS210,XAUUSDc,820,-14.053,-28.106,3,-0.5481,0.0,430,23.9535,1,5,0,0.01,1.7,2.0,0.0,1.0,15,1,-33.726,4,0,2,0,0.8,0.0,0.0,0.0,0.0,0.0,1.972,3.954,-4.0,-0.01,-1.003,-4.0,5.017,-0.01,-3.0,0.893,-3.003,-2.0,-2.0,0.377,-3.0,0.043,-0.387,-4.0,-1.0,2.053,-1.015,-3.0,1.858,0.197,1.771,-4.0,-4.0,-0.014,-4.0,2.903,0.894,-6.0,-0.943,-0.083,0.971,-3.0,1.407,0.986,-1.0,-3.0,-3.0,-4.0,5.685,4.388,-2.014,6.99,-1.004,-6.0,-1.014,-1.0,0.19,-3.999,-0.032,1.524,2.876,3.324,-2.001,-3.0,-0.061,-4.0,-2.023,-4.0,11.706,0.991,4.068,2.379,3.112,-3.0,4.718,-3.0,0.0,-3.0,-1.002,-2.005,1.78,1.004,-0.001,1.508,-0.009,4.049,1.197,-1.0,-3.022,-0.165,9.069,-4.0,-1.022,-1.021,0.254,-5.0,-2.063,-2.0,-3.0,-2.032,0.678,0.0,-0.11,-2.0,1.484,-2.076,0.953,-0.049,0.275,-2.0,9.795,-6.0,-3.0,3.629,2.616,0.151,4.381,-4.0,7.027,-3.0,-2.01,0.0,0.0,0.0,0.0,0.0,0.0,0.0,0.0,0.0,0.0
GoldS210,XAUUSDc,760,-3.7578,-22.547,1,-0.4954,0.0,480,30.0,1,5,0,0.01,1.7,1.5,0.0,0.0,15,1,-26.249,0,0,2,0,0.8,0.0,0.0,0.0,0.0,0.0,1.479,1.027,-4.0,0.521,-4.0,-5.0,4.483,-0.506,-3.0,-0.002,-3.501,1.755,-2.999,-4.0,-3.0,-0.298,-1.591,3.338,0.958,-0.239,-0.88,-4.0,0.418,-1.553,-5.0,-4.0,-4.0,-0.51,1.994,4.493,5.63,-5.0,4.713,0.304,3.848,-3.0,-0.515,-4.0,-2.999,2.579,-3.0,-4.0,5.499,4.017,-2.51,6.694,-1.503,-2.821,-1.511,-1.0,-2.879,-0.647,-5.0,-1.645,1.154,4.889,-3.501,-3.0,6.356,-4.0,1.171,1.241,2.383,0.493,-1.764,6.442,3.773,-1.036,4.714,3.969,0.0,-5.0,-0.501,-2.503,2.289,0.688,3.63,2.721,1.371,0.254,0.093,-1.0,-6.0,0.091,1.361,-4.0,-1.123,1.127,-1.644,-2.502,-0.068,-2.0,7.68,-4.0,6.171,0.0,1.399,-2.0,-2.0,-2.559,0.465,1.003,-1.526,-0.539,6.329,-2.672,-5.0,1.93,0.363,0.584,2.191,-1.776,1.773,-3.0,2.428,0.0,0.0,0.0,0.0,0.0,0.0,0.0,0.0,0.0,0.0
GoldS210,XAUUSDc,172,-10.0925,-60.555,1,-0.7288,0.0,438,9.8174,1,5,0,0.01,1.7,3.0,0.0,1.0,15,1,-104.901,17,0,2,0,0.0,0.0,0.0,0.0,0.0,0.0,-1.0,-1.016,-4.0,-3.0,-4.0,-4.0,-0.001,0.987,-3.0,-3.0,-3.004,-2.0,-2.0,7.586,-3.0,-5.0,4.584,-5.0,-2.0,4.732,-4.0,-4.0,-4.0,42.346,-3.0,-4.0,-4.0,-3.999,-4.0,-1.016,-7.0,-5.0,8.525,0.91,-1.028,-3.0,-3.0,1.979,-1.0,-3.0,-3.0,-4.0,-4.0,14.954,-5.0,-7.0,-4.0,-6.0,-4.0,-1.0,-4.011,-4.0,1.953,-3.0,27.266,-0.037,-0.646,-3.0,-2.0,-4.999,-4.0,-4.0,-5.999,19.488,-6.0,6.71,15.755,-3.0,-3.0,-3.0,-3.0,-2.0,-0.003,-1.007,-4.0,-4.0,-3.0,-4.0,-3.0,7.055,3.407,-1.0,-1.033,-5.0,8.812,-4.0,-0.033,-4.0,12.109,-4.999,-5.0,-2.0,-2.998,-1.04,-4.0,0.0,4.002,-2.0,2.897,-4.0,22.034,-0.073,-4.0,-2.0,-5.0,-6.0,-0.027,-3.998,-5.0,-4.0,-4.0,-4.999,-0.005,-4.0,18.325,0.0,0.0,0.0,0.0,0.0,0.0,0.0,0.0,0.0,0.0
GoldS210,XAUUSDc,47,-19.5895,-39.179,3,-0.5191,0.0,497,25.7545,1,11,0,0.01,1.9,1.5,0.0,0.0,15,1,-69.445,10,0,2,0,0.0,0.0,0.0,0.0,0.0,0.0,1.479,5.576,-4.0,-4.0,-3.0,-6.0,3.321,-1.507,-3.0,-0.504,-4.502,-3.0,-0.749,-4.0,-4.0,-4.503,-1.251,2.54,2.399,-1.455,-1.023,-0.478,1.258,0.96,-2.51,-4.0,-4.0,-0.51,2.961,-1.508,-0.151,-5.0,-0.017,1.556,-0.022,-1.513,2.318,-0.068,-2.0,-2.999,-4.0,-3.0,-3.397,-0.99,-2.51,9.123,-1.503,-1.609,-1.511,-1.0,-2.879,-1.51,-2.353,-0.454,1.658,6.277,-2.007,-3.0,1.603,-4.0,4.355,-0.038,-5.0,0.493,4.363,1.986,7.776,0.264,3.467,0.32,-4.0,-4.0,-0.501,-2.503,-2.509,-4.0,2.731,7.235,2.385,-1.025,-0.523,-1.0,-3.517,3.447,28.76,-4.0,-1.123,-1.069,-2.505,-2.502,1.123,-3.0,1.221,-4.0,3.972,0.0,1.399,-2.0,-2.0,-2.559,0.465,-0.083,-1.526,-0.539,8.125,-0.457,-4.0,1.061,-0.041,1.964,6.026,-6.0,2.375,-4.0,-0.508,0.0,0.0,0.0,0.0,0.0,0.0,0.0,0.0,0.0,0.0
GoldS210,XAUUSDc,677,12.9953,19.493,4,0.6692,77.88,422,17.2986,1,7,0,0.01,1.7,2.5,0.0,1.0,15,1,4.311,34,0,2,0,0.6,0.0,0.0,0.0,0.0,0.0,-1.0,9.696,-4.0,-3.0,-0.504,-4.0,-0.501,0.488,-3.0,0.494,-3.503,-2.0,-2.0,2.911,-3.0,-3.0,2.39,-4.0,-1.0,11.182,0.481,-4.0,3.23,6.124,-3.0,-4.0,-4.0,0.483,4.59,-1.513,2.082,0.789,2.369,0.413,-1.524,-3.0,6.511,1.482,-1.0,-3.0,-3.0,-4.0,11.663,1.511,-5.0,4.449,-3.0,-6.0,-4.0,-1.0,4.329,-4.0,1.461,8.677,7.175,7.578,-1.501,-3.0,-2.0,-5.0,-0.529,-4.0,6.541,0.546,15.912,4.889,-3.0,-3.0,10.277,-3.0,0.0,-3.0,-0.502,-1.506,-4.0,-3.0,1.913,6.422,-3.0,2.302,2.302,-1.0,-2.528,2.919,14.242,-4.0,-0.527,-0.526,3.477,-5.0,2.671,-2.0,-3.0,-1.536,-4.0,0.0,0.852,-2.0,2.191,-1.593,2.683,-0.561,-4.0,-2.0,9.063,-6.0,-3.0,10.008,-4.999,-4.0,-3.0,3.263,-0.504,-3.0,2.819,0.0,0.0,0.0,0.0,0.0,0.0,0.0,0.0,0.0,0.0
GoldS210,XAUUSDc,615,-0.352,-0.704,3,-0.0175,0.0,468,22.0085,1,11,0,0.01,1.5,2.0,0.0,0.0,15,1,-9.515,21,0,2,0,0.6,0.0,0.0,0.0,0.0,0.0,1.972,4.969,-4.0,2.635,-4.0,-5.0,10.087,-1.01,-3.0,-0.005,-4.003,5.926,-3.0,-4.0,-4.0,2.115,0.129,-4.0,-4.999,-0.886,-2.015,-0.577,3.818,0.748,-0.332,-4.0,-4.0,-0.014,4.968,7.251,-6.0,-6.0,-1.011,2.234,0.971,-1.017,0.571,1.386,-2.0,-3.0,-3.0,-4.0,3.54,5.012,-2.014,10.697,-1.004,-6.0,-1.014,-1.0,0.642,-4.0,-1.428,0.829,2.579,3.169,-3.001,-3.0,0.856,-4.0,-0.456,-4.0,13.537,0.991,1.761,0.985,-0.014,-3.0,6.061,-3.0,-4.0,-4.0,-0.002,-2.005,1.43,5.811,-0.001,12.888,-0.009,8.267,-0.031,-1.0,-2.022,-0.6,6.992,-4.0,-0.48,-2.02,-2.006,-5.0,-0.507,-2.0,-4.999,-0.162,3.245,0.0,-0.11,-2.0,-2.0,-2.076,0.953,0.888,-4.0,-2.0,12.216,-6.0,-4.0,2.086,4.94,4.803,6.477,-5.0,9.701,-3.0,-1.01,0.0,0.0,0.0,0.0,0.0,0.0,0.0,0.0,0.0,0.0
GoldS210,XAUUSDc,375,-2.8467,-8.54,2,-0.2174,0.0,511,44.4227,1,11,0,0.01,1.5,1.0,0.0,0.5,15,1,-12.016,0,0,2,0,0.4,0.0,0.0,0.0,0.0,0.0,0.986,-2.007,-1.022,-0.014,-3.0,-1.034,2.58,0.977,-4.0,-0.009,-4.001,-3.0,-2.147,-4.0,-3.0,0.234,-0.6,3.523,-1.02,1.537,-0.025,-0.014,2.314,-2.012,-3.007,-4.0,-4.0,0.99,-2.008,1.538,2.89,5.173,0.968,-0.019,1.904,-3.0,1.076,-2.002,-2.0,0.996,-0.809,-3.0,2.413,1.25,-3.007,3.607,-0.009,-2.016,-2.007,-1.0,-4.009,-2.007,-0.52,-1.933,-0.009,4.036,2.074,-3.0,1.955,2.145,-0.026,0.962,7.146,1.465,1.639,2.984,4.086,1.575,5.339,-0.018,-2.006,-3.999,-1.001,-3.002,1.973,-0.595,3.927,-2.0,-0.046,-0.023,-1.015,-1.0,0.918,-1.034,-0.143,-4.0,-1.766,3.651,-2.048,-2.017,3.922,1.131,7.754,-2.004,0.971,0.0,-0.068,-2.0,2.131,-3.042,-0.023,1.914,-0.019,0.973,1.927,-0.562,-5.0,-0.022,1.932,0.51,-0.032,-1.959,3.264,-0.008,-1.055,0.0,0.0,0.0,0.0,0.0,0.0,0.0,0.0,0.0,0.0
GoldS210,XAUUSDc,709,46.0292,55.235,5,1.578,41.87,414,13.285,1,7,0,0.01,1.5,3.0,0.0,1.0,15,1,32.107,31,0,2,0,0.6,0.0,0.0,0.0,0.0,0.0,-1.0,15.518,-4.0,-3.0,-4.0,-4.0,-0.001,0.986,-3.0,-3.0,-3.004,-2.0,-2.0,5.242,-3.0,-3.0,4.058,-4.0,-1.0,20.128,-3.0,-4.0,4.683,13.351,-3.0,-4.0,-4.0,-3.0,7.976,-1.016,-4.0,-5.0,3.704,0.91,-1.029,-3.0,12.718,1.979,-1.0,-3.0,-3.0,-4.0,4.732,3.014,-5.0,4.586,-4.0,-6.0,-4.0,-1.0,10.063,-4.0,1.953,13.999,11.77,10.229,0.761,-3.0,-2.0,-5.0,-4.0,-4.0,-3.999,1.066,17.048,6.66,-3.0,-3.0,12.375,-3.0,0.0,-3.0,-0.003,-1.007,-4.0,-3.0,5.404,9.574,-3.0,4.538,3.407,-1.0,-1.033,-4.0,9.369,-4.0,-0.033,-4.0,5.9,-5.0,9.739,-2.0,-3.0,-1.04,-4.0,0.0,4.816,-2.0,2.897,-4.0,12.696,-0.073,-4.0,-2.0,19.746,-6.0,-3.0,-4.0,-4.999,-4.0,-3.0,-3.999,-0.005,-3.0,5.881,0.0,0.0,0.0,0.0,0.0,0.0,0.0,0.0,0.0,0.0
GoldS210,XAUUSDc,874,-14.23,-21.345,4,-0.3894,0.0,430,13.9535,1,9,0,0.01,1.9,3.0,0.0,0.0,15,1,-35.875,31,0,2,0,0.8,0.0,0.0,0.0,0.0,0.0,-1.0,13.454,-4.0,-3.0,-4.0,-5.0,0.0,0.986,-3.0,-3.0,-2.003,-2.0,-2.999,-4.0,-3.0,-2.0,2.019,-4.0,-5.0,0.252,1.923,-5.0,3.784,9.351,-4.0,-4.0,-4.0,-1.999,5.386,-0.016,6.772,-5.999,2.29,-3.0,-1.029,-3.0,4.779,3.563,-2.0,6.42,-3.0,-4.0,8.766,-1.555,-5.0,4.172,-5.0,-6.0,-4.0,-1.0,7.451,-4.0,0.212,6.472,2.386,9.734,-2.001,-3.0,-2.0,-5.0,-4.0,-4.0,-4.0,1.066,9.754,2.099,5.273,-3.0,12.53,-3.0,0.0,-5.0,0.997,-1.007,-4.0,-3.0,4.667,12.682,-3.0,-0.236,3.407,-1.0,1.716,-5.0,6.522,-4.0,0.805,-4.999,-1.01,-5.0,2.723,-2.0,-4.0,0.633,2.737,0.0,3.42,-2.0,-2.0,-4.0,7.36,5.155,9.541,-2.0,10.898,-6.0,-4.0,-4.0,-4.0,-3.0,-3.0,-4.999,1.865,-3.0,3.485,0.0,0.0,0.0,0.0,0.0,0.0,0.0,0.0,0.0,0.0
GoldS210,XAUUSDc,672,-1.752,-3.504,3,-0.064,0.0,428,16.1215,1,5,0,0.01,1.5,2.5,0.0,1.0,15,1,-19.164,29,0,2,0,0.6,0.0,0.0,0.0,0.0,0.0,-1.0,10.849,-4.0,-3.0,-0.504,-3.999,-0.501,0.488,-3.0,1.787,-3.503,-2.0,-2.0,2.911,-3.0,-3.0,2.39,-5.0,-1.0,11.66,-0.519,-3.0,5.415,5.919,-3.0,-4.0,-4.0,0.483,-5.0,-1.513,-7.0,-5.0,0.081,0.413,-1.524,-3.0,6.443,1.482,-1.0,-3.0,-3.0,-4.0,11.084,2.226,-5.0,5.551,-4.0,-6.0,-4.0,-1.0,-4.51,-4.0,1.461,8.677,7.175,6.103,-1.501,-3.0,-2.0,-5.0,-0.529,-4.0,10.01,4.202,16.55,4.889,5.45,-3.0,9.457,-2.999,0.0,-3.0,-0.502,-1.506,-4.0,-3.0,2.012,6.422,-3.0,2.449,2.302,-1.0,-2.528,2.857,16.603,-4.0,-0.527,-0.526,3.312,-5.0,0.826,-2.0,-2.999,-1.536,-4.0,0.0,0.852,-2.0,2.192,-1.593,2.683,-0.561,-4.0,-2.0,10.798,-5.999,-3.0,10.596,-5.0,-4.0,-4.0,-3.999,-0.504,-3.0,2.818,0.0,0.0,0.0,0.0,0.0,0.0,0.0,0.0,0.0,0.0
GoldS210,XAUUSDc,649,-6.2305,-12.461,3,-0.2378,0.0,465,15.2688,1,7,0,0.01,1.5,2.5,0.0,0.0,15,1,-24.996,32,0,2,0,0.6,0.0,0.0,0.0,0.0,0.0,-1.0,7.59,-3.999,-3.0,-3.999,-5.0,-0.5,-0.511,-2.0,0.494,-3.502,-2.0,-2.999,-4.0,-4.0,2.614,2.39,-4.0,1.912,1.262,-1.519,-1.193,3.23,6.125,-5.0,-4.0,-4.0,0.483,5.59,-1.513,2.082,0.789,2.369,-3.0,-1.524,3.91,-3.0,-4.0,-3.0,-3.0,-3.0,-4.0,8.57,3.166,-5.0,8.722,-4.0,-6.0,-4.0,-1.0,4.65,-4.0,-1.539,6.896,2.788,9.547,-2.501,-3.0,-1.999,2.165,2.064,-4.0,6.541,0.546,18.621,3.775,-3.0,-4.0,10.277,-3.0,-4.0,-3.999,0.498,-1.506,-4.0,-3.0,1.913,9.535,-3.0,4.759,2.302,-1.0,-6.0,0.503,21.174,-4.0,0.594,-2.526,-1.508,-5.0,2.671,-2.0,-6.0,-4.0,-5.0,0.0,0.852,-2.0,-2.0,-1.593,2.683,-2.561,-4.0,-2.0,9.063,-5.999,-4.0,7.176,5.173,-3.0,-3.0,3.265,1.382,-3.0,3.818,0.0,0.0,0.0,0.0,0.0,0.0,0.0,0.0,0.0,0.0
GoldS210,XAUUSDc,809,-4.7613,-14.284,2,-0.2862,0.0,458,23.3624,1,7,0,0.01,1.7,2.0,0.0,0.5,15,1,-20.781,8,0,2,0,0.8,0.0,0.0,0.0,0.0,0.0,1.972,5.139,-4.0,-0.01,-4.0,-5.0,6.546,-0.01,-3.0,-0.005,-3.003,-2.0,-3.0,-4.0,-3.0,1.541,4.919,-4.0,-0.839,0.421,2.474,0.579,1.025,0.346,-5.0,-4.0,-4.0,-0.014,0.976,7.747,0.334,-1.589,0.243,-3.0,0.972,-3.0,1.629,-4.0,-3.0,0.416,-3.0,-4.0,4.364,3.562,-2.014,9.348,-1.004,-6.0,-1.014,-1.0,0.226,-3.999,-2.148,-3.0,-0.053,9.212,-2.001,-3.0,-0.062,-4.0,-3.023,-4.0,11.612,0.991,5.228,2.379,2.162,-3.0,4.886,-3.0,0.0,-5.0,-0.002,-2.005,1.849,2.058,-0.001,7.55,-0.009,4.049,1.197,-1.0,-6.0,-5.0,11.041,-4.0,-0.198,3.646,-0.014,-5.0,-1.378,-2.0,-4.0,-4.0,4.922,0.0,-0.11,-2.0,-2.0,-2.076,0.953,2.223,4.486,-2.0,10.921,-6.0,-4.0,3.062,1.906,3.575,4.13,-5.0,6.489,-3.0,-1.009,0.0,0.0,0.0,0.0,0.0,0.0,0.0,0.0,0.0,0.0
GoldS210,XAUUSDc,865,-10.139,-30.417,2,-0.4727,0.0,432,12.7315,1,7,0,0.01,1.5,3.0,0.0,0.0,15,1,-45.856,34,0,2,0,0.8,0.0,0.0,0.0,0.0,0.0,-1.0,12.61,-4.0,-3.0,-4.0,-5.0,-0.001,0.986,-3.0,-3.0,-2.004,-2.0,-3.0,-4.0,-3.0,-2.0,2.043,-4.0,1.815,2.248,1.922,-5.0,3.205,9.459,-5.0,-4.0,-4.0,-3.0,5.445,-1.016,-3.0,-4.999,2.257,-3.0,-1.027,-3.0,4.544,-4.0,-3.0,5.833,-3.0,-4.0,3.727,2.272,-4.999,5.85,-5.0,-6.0,-4.0,-1.0,8.093,-3.999,-5.0,10.161,2.386,10.935,-0.239,-3.0,-2.0,1.962,-3.999,-4.0,-4.0,1.066,11.439,4.063,-2.0,-4.0,9.116,-3.0,0.0,-5.0,0.997,-1.007,-4.0,-3.0,4.407,7.538,-3.0,3.557,3.407,-1.0,-6.0,-4.0,11.785,-4.0,1.249,-5.999,4.904,-5.0,5.128,-2.0,-4.0,-4.0,6.169,0.0,4.816,-2.0,-2.0,-4.0,9.873,-1.073,9.13,-2.0,12.239,-6.0,-4.0,-4.0,-4.0,-3.0,-3.0,-5.0,0.97,-3.0,5.339,0.0,0.0,0.0,0.0,0.0,0.0,0.0,0.0,0.0,0.0
GoldS210,XAUUSDc,518,-13.2635,-26.527,3,-0.2896,0.0,458,10.0437,1,9,0,0.01,1.5,3.0,0.0,0.5,15,1,-67.525,23,0,2,0,0.4,0.0,0.0,0.0,0.0,0.0,-1.0,24.969,-4.0,-4.0,-3.0,-5.0,-0.001,0.987,-4.0,-3.0,-3.004,-3.0,-5.0,-4.0,-3.0,-3.0,3.076,-5.0,-5.0,7.568,-4.999,-5.0,-3.0,21.039,-4.0,-4.0,-4.0,-3.0,11.782,-0.016,-4.0,-6.0,5.356,-3.0,-1.029,-3.0,-3.0,7.796,-2.0,-2.999,-4.0,-3.0,-4.0,-3.153,-4.999,-5.0,-5.0,-6.0,-4.0,-1.0,8.789,-4.0,3.724,6.292,1.938,12.421,-2.001,-3.0,-1.999,-5.0,-5.0,-4.0,-3.997,1.066,36.998,5.92,-3.0,-2.0,32.757,-2.999,-4.0,-3.999,0.997,-1.007,-4.0,-3.0,-3.0,23.15,-3.0,2.914,3.407,-1.0,4.066,-6.0,-0.012,-4.0,0.805,-6.0,-1.01,-5.0,4.97,-2.0,-3.999,1.954,0.037,0.0,3.42,-2.0,-3.0,-4.0,8.04,8.87,-4.0,-2.0,-4.0,-5.999,-5.0,-4.0,-6.0,-3.0,-3.0,-6.0,4.386,-3.0,5.201,0.0,0.0,0.0,0.0,0.0,0.0,0.0,0.0,0.0,0.0
GoldS210,XAUUSDc,785,1.0145,2.029,3,0.0707,176.98,446,35.8744,1,7,0,0.01,1.7,1.5,0.0,1.0,15,1,-1.562,0,0,2,0,0.8,0.0,0.0,0.0,0.0,0.0,1.479,0.802,-4.0,-0.508,-1.502,-1.802,2.429,-0.507,-3.0,-0.504,-3.502,1.15,-1.999,-0.555,-3.0,-1.84,1.551,3.836,1.431,-1.554,2.421,-3.0,-0.065,-1.553,-1.511,-1.515,-4.0,-0.51,1.197,0.172,3.03,-5.0,4.432,-0.58,2.469,-3.0,2.69,0.489,-1.0,0.643,-3.0,-4.0,3.905,0.974,-2.51,4.652,0.946,-2.821,-1.511,-1.0,-3.014,-0.647,1.933,0.301,1.439,3.547,-2.501,-3.0,3.442,-4.0,0.731,0.863,0.86,0.493,0.629,6.614,2.664,-0.525,5.105,4.598,0.0,-3.0,-1.501,-2.503,2.337,-1.529,1.994,1.501,0.944,-0.344,0.093,-1.0,-3.517,3.798,2.419,-4.0,-1.516,0.931,-1.552,-2.502,0.436,-2.0,6.407,-4.0,4.068,0.0,1.399,-2.0,0.794,0.645,0.465,-0.536,1.819,-0.539,9.781,-3.519,-3.0,0.966,-0.041,-1.56,1.718,-1.745,4.337,-3.0,0.7,0.0,0.0,0.0,0.0,0.0,0.0,0.0,0.0,0.0,0.0
GoldS210,XAUUSDc,358,49.1195,98.239,3,1.7672,82.79,425,11.7647,1,9,0,0.01,1.9,3.0,0.0,1.0,15,1,16.903,21,0,2,0,0.2,0.0,0.0,0.0,0.0,0.0,-1.0,48.515,-4.0,-3.0,-4.0,-5.0,-0.001,0.986,-3.0,-3.0,-3.004,-2.0,-1.999,7.585,-3.0,-5.0,3.076,-5.0,-2.0,-0.067,-2.999,-5.0,-3.0,22.978,-3.0,-4.0,-4.0,-4.0,11.782,-0.016,-4.0,-6.0,5.558,0.91,-1.029,-3.0,15.838,1.979,-1.0,-3.0,-3.0,-4.0,-3.0,-2.153,-4.999,-5.0,-4.0,-6.0,-4.0,-1.0,8.789,-4.0,1.953,-3.0,21.144,13.178,-2.001,-3.0,-1.999,-4.999,-4.0,-4.0,-5.998,2.066,34.849,5.92,-2.999,-3.0,79.337,-2.999,-2.0,-2.0,-0.003,-1.007,-4.0,-4.0,-3.0,-4.0,-2.999,2.914,3.407,-1.0,-1.033,-6.0,3.865,-4.0,-0.033,-3.0,17.176,-5.0,4.97,-2.0,-2.999,-1.04,2.724,0.0,3.42,-2.0,2.897,-4.0,8.04,0.927,-4.0,-2.0,13.741,-6.0,-3.0,-4.0,-5.0,-4.0,-3.0,-4.999,-0.005,-4.0,11.095,0.0,0.0,0.0,0.0,0.0,0.0,0.0,0.0,0.0,0.0
GoldS210,XAUUSDc,648,-17.8083,-53.425,2,-0.7526,0.0,476,13.2353,1,5,0,0.01,1.5,2.5,0.0,0.0,15,1,-69.666,30,0,2,0,0.6,0.0,0.0,0.0,0.0,0.0,-1.0,9.756,-4.0,-3.0,-4.0,-5.0,-0.501,-0.512,-2.0,1.787,-3.502,-2.0,-3.0,-4.0,-5.0,4.91,2.39,-4.0,1.904,4.797,-2.519,1.033,5.415,5.92,-5.0,-4.0,-4.0,0.483,-5.0,-2.513,-6.0,-5.0,0.081,3.432,-1.524,2.81,-3.0,-5.0,-3.0,-3.0,-3.0,-4.0,11.088,4.125,-5.0,11.102,-4.0,-6.0,-4.0,-1.0,-4.189,-4.0,-6.0,6.896,3.51,7.124,-2.501,-3.0,-3.0,-4.0,0.994,-0.147,-2.999,4.202,7.344,3.775,5.45,-3.999,9.457,-2.999,-4.0,-4.0,0.498,-1.506,-4.0,-3.0,5.826,10.739,-3.0,3.931,2.302,-1.0,-6.0,-5.0,19.776,-4.0,0.163,-2.526,1.847,-5.0,0.826,-2.0,-6.0,-4.0,5.473,0.0,0.852,-2.0,-2.0,-1.593,2.683,-2.56,-4.0,-2.0,10.798,-6.0,-5.0,7.98,3.368,-3.0,-4.0,-5.0,-4.0,-3.0,3.818,0.0,0.0,0.0,0.0,0.0,0.0,0.0,0.0,0.0,0.0
GoldS210,XAUUSDc,483,-9.1455,-18.291,3,-0.3034,0.0,462,14.5022,1,11,0,0.01,1.5,2.5,0.0,0.5,15,1,-43.113,27,0,2,0,0.4,0.0,0.0,0.0,0.0,0.0,-1.0,10.49,-4.0,-4.0,-3.0,-5.0,-0.501,0.489,-4.0,0.494,-3.503,-3.0,-5.0,-4.0,-3.0,-3.0,1.982,-5.0,-5.0,5.315,-1.519,-5.0,8.086,10.297,0.533,-4.0,-4.0,0.483,8.16,-0.513,-6.0,-6.0,-0.515,4.704,-1.524,-3.0,1.311,2.84,-2.0,-3.0,-4.0,-3.0,1.252,-3.647,-5.0,34.676,-4.0,-6.0,-4.0,-1.0,3.532,-4.0,2.418,3.837,1.442,3.602,-1.501,-4.0,-1.999,-5.0,-1.529,-4.0,3.323,0.558,15.23,2.901,-3.0,-2.0,12.277,-2.999,-4.0,-3.999,0.498,-1.506,-4.0,-3.0,3.451,14.006,-3.0,4.254,0.461,-1.0,-2.528,-5.999,11.55,-4.0,0.163,-2.526,4.505,-5.0,3.064,-2.0,-3.999,0.896,2.54,0.0,0.852,-2.0,-2.0,-1.593,1.441,5.116,-4.0,-2.0,-1.512,-5.999,-5.0,8.861,-6.0,-3.0,-3.0,10.317,3.061,-4.0,3.852,0.0,0.0,0.0,0.0,0.0,0.0,0.0,0.0,0.0,0.0
GoldS210,XAUUSDc,663,-13.1395,-26.279,3,-0.6145,0.0,451,16.1863,1,11,0,0.01,1.5,2.5,0.0,0.5,15,1,-41.825,31,0,2,0,0.6,0.0,0.0,0.0,0.0,0.0,-1.0,7.096,-4.0,-3.0,-4.0,-5.0,-0.501,0.488,-4.0,0.494,-3.502,8.869,-3.0,-4.0,-3.0,-2.0,1.638,-4.0,-4.999,2.796,-1.519,3.057,6.093,5.77,0.533,-4.0,-4.0,0.483,5.561,-0.513,-6.0,-6.0,-0.514,3.505,-1.523,-3.0,1.311,2.84,-2.0,-3.0,-3.0,-4.0,8.026,-3.647,-5.0,24.203,-4.0,-6.0,-4.0,-1.0,3.532,-4.0,2.418,3.837,1.442,3.602,-1.501,-3.0,-2.0,-4.0,-1.529,-4.0,2.537,0.558,7.198,2.694,-3.0,-2.0,10.189,-3.0,-4.0,-4.0,0.498,-1.506,-4.0,-3.0,2.361,15.795,-3.0,2.302,0.461,-1.0,-1.528,1.143,7.793,-4.0,0.163,-2.526,2.495,-5.0,1.955,-2.0,-3.999,0.896,1.886,0.0,0.852,-2.0,-2.0,-1.593,1.441,4.037,-4.0,-2.0,6.459,-6.0,-4.0,6.775,-6.0,-3.0,-3.0,4.396,2.962,-4.0,2.181,0.0,0.0,0.0,0.0,0.0,0.0,0.0,0.0,0.0,0.0
GoldS210,XAUUSDc,498,7.0125,14.025,3,0.3804,210.78,427,15.4567,1,9,0,0.01,1.7,2.5,0.0,1.0,15,1,-15.537,23,0,2,0,0.4,0.0,0.0,0.0,0.0,0.0,-1.0,17.444,-4.0,-3.0,-0.504,-4.999,-0.501,0.489,-3.0,0.494,-3.503,-2.0,-1.999,4.255,-3.0,-3.0,1.644,-5.0,-1.0,14.279,0.481,-5.0,-3.0,10.297,-3.0,-4.0,-4.0,-0.517,7.521,-0.513,3.668,-6.0,-0.514,0.413,-1.524,-3.0,5.592,1.482,-1.0,-3.0,-3.0,-4.0,2.252,-2.647,-4.999,28.061,-3.0,-6.0,-4.0,-1.0,3.532,-4.0,1.461,-3.0,9.447,8.629,-2.501,-3.0,-1.999,-4.999,-0.529,-4.0,9.182,1.546,10.195,2.901,-3.0,-3.0,20.621,-2.999,-2.0,-2.0,-0.502,-1.506,-4.0,-3.0,3.451,11.377,-3.0,1.004,2.302,-1.0,-2.528,-6.0,9.837,-4.0,-0.527,-3.0,5.532,-5.0,0.471,-2.0,-2.999,-1.536,1.55,0.0,0.852,-2.0,2.191,-1.593,1.441,0.439,-4.0,-2.0,3.263,-6.0,-3.0,-0.536,-5.0,-4.0,-3.0,10.642,-0.504,-3.0,6.265,0.0,0.0,0.0,0.0,0.0,0.0,0.0,0.0,0.0,0.0
GoldS210,XAUUSDc,841,-13.1353,-39.406,2,-0.6812,0.0,444,16.6667,1,7,0,0.01,1.5,2.5,0.0,0.5,15,1,-51.591,26,0,2,0,0.8,0.0,0.0,0.0,0.0,0.0,-1.0,8.546,-4.0,-3.0,-4.0,-5.0,-0.501,0.488,-3.0,0.494,-2.503,-2.0,-3.0,-4.0,-3.0,-2.0,7.456,-4.0,0.489,1.547,4.184,-5.0,2.115,3.641,-5.0,-4.0,-4.0,0.483,3.21,-1.513,1.812,-0.376,1.144,-3.0,-1.522,-3.0,3.045,-4.0,-3.0,1.818,-3.0,-4.0,8.368,-0.962,-5.0,19.108,-4.0,-6.0,-4.0,-1.0,2.75,-3.999,-1.415,-3.0,0.442,7.375,-1.501,-3.0,-2.0,-5.0,-1.529,-4.0,3.646,0.546,11.807,3.791,-2.0,-3.0,8.288,-3.0,0.0,-5.0,0.498,-1.506,-4.0,-3.0,1.465,11.82,-3.0,0.471,2.302,-1.0,-6.0,-5.0,15.41,-4.0,0.526,-1.526,1.586,-5.0,0.576,-2.0,-4.0,-4.0,3.335,0.0,0.852,-2.0,-2.0,-1.593,2.683,-1.561,6.813,-2.0,6.48,-6.0,-4.0,7.616,1.63,-3.0,-3.0,1.407,0.305,-3.0,2.233,0.0,0.0,0.0,0.0,0.0,0.0,0.0,0.0,0.0,0.0
GoldS210,XAUUSDc,810,-3.336,-10.008,2,-0.2148,0.0,455,24.3956,1,9,0,0.01,1.7,2.0,0.0,0.5,15,1,-15.792,7,0,2,0,0.8,0.0,0.0,0.0,0.0,0.0,1.972,5.635,-4.0,-0.01,-4.0,-5.0,6.425,-0.01,-3.0,-0.005,-3.003,-2.0,-2.999,-4.0,-3.0,1.784,4.89,-4.0,-5.0,0.421,2.474,3.885,1.437,0.134,-0.332,-4.0,-4.0,-0.014,0.944,4.355,0.318,-5.999,-1.012,-3.0,0.97,-3.0,1.78,1.081,-2.0,0.524,-3.0,-4.0,3.247,1.685,-2.014,7.492,-1.004,-6.0,-1.014,-1.0,-0.067,-4.0,-0.18,1.7,-0.053,8.666,-2.001,-3.0,-0.062,-4.0,-2.023,-4.0,11.6,0.991,4.898,0.985,0.986,-2.0,4.886,-3.0,0.0,-5.0,-0.002,-2.005,0.855,1.978,-0.001,7.258,-0.009,3.985,1.197,-1.0,-1.538,-1.178,7.571,-4.0,-0.48,2.434,-2.006,-5.0,-1.378,-2.0,-4.0,-0.987,4.922,0.0,-0.11,-2.0,-2.0,-2.076,0.953,2.223,4.486,-2.0,10.592,-6.0,-4.0,1.955,3.679,2.048,4.221,-5.0,7.052,-3.0,-1.01,0.0,0.0,0.0,0.0,0.0,0.0,0.0,0.0,0.0,0.0
GoldS210,XAUUSDc,423,-7.8623,-23.587,2,-0.5461,0.0,451,32.3725,1,11,0,0.01,1.5,1.5,0.0,1.0,15,1,-30.385,2,0,2,0,0.4,0.0,0.0,0.0,0.0,0.0,1.479,2.548,-4.0,-0.508,-1.502,-5.0,2.429,-0.506,-3.0,-0.504,-4.502,2.594,-1.999,-0.555,-3.0,-0.515,-1.251,2.066,4.285,-1.554,2.421,-1.478,2.258,-0.398,-1.511,-1.515,-4.0,-1.51,-1.511,-0.066,-0.228,-5.0,5.103,-0.58,2.469,-3.0,3.714,0.489,-1.0,-3.0,-3.0,-4.0,0.888,-3.15,-2.51,3.154,0.946,-1.609,-1.511,-1.0,-3.014,-1.51,1.933,1.291,1.439,2.355,-1.007,-3.0,3.442,-3.999,1.716,-0.038,3.097,0.493,1.986,1.986,3.351,-0.525,3.467,8.117,-2.0,-2.0,-1.501,-2.503,-1.509,-1.529,1.994,2.982,0.944,-1.025,-0.523,-1.0,-3.517,1.208,2.419,-4.0,-1.516,2.687,-1.552,-2.502,1.123,-2.0,3.087,-4.0,3.448,0.0,1.399,-2.0,0.794,1.585,0.465,-0.536,-1.526,-0.539,7.844,-3.519,-3.0,0.966,-0.041,-1.56,3.051,-2.546,4.418,-3.0,-1.507,0.0,0.0,0.0,0.0,0.0,0.0,0.0,0.0,0.0,0.0
GoldS210,XAUUSDc,855,-3.7025,-7.405,3,-0.3283,0.0,408,19.8529,1,11,0,0.01,1.5,2.5,0.0,1.0,15,1,-17.081,22,0,2,0,0.8,0.0,0.0,0.0,0.0,0.0,-1.0,5.603,-4.0,-3.0,-0.504,-5.0,-0.501,0.488,-3.0,0.494,-2.503,4.914,-2.0,2.128,-3.0,-2.0,0.439,-4.0,-1.0,5.409,0.481,2.564,3.627,3.586,-3.0,-3.0,3.661,0.483,3.197,-0.513,2.339,-6.0,-0.515,0.413,-1.524,-3.0,8.645,1.482,-1.0,-3.0,-3.0,-4.0,7.334,-2.647,-5.0,14.613,-3.0,-6.0,-4.0,-1.0,2.353,-4.0,1.461,4.141,4.061,3.898,-1.501,-3.0,-2.0,-4.0,-0.529,-4.0,1.518,0.558,2.438,2.32,3.612,-3.0,8.288,-3.0,0.0,-3.0,-0.502,-1.506,-4.0,-3.0,1.732,8.94,-3.0,0.471,0.461,-1.0,-1.527,-0.304,7.547,-4.0,-0.527,-3.0,1.472,-5.0,0.176,-2.0,-3.0,-1.536,3.398,0.0,0.852,-2.0,2.191,-1.593,1.441,0.439,6.79,-2.0,5.826,-6.0,-3.0,5.715,2.968,-4.0,-3.0,3.032,0.496,-4.0,1.332,0.0,0.0,0.0,0.0,0.0,0.0,0.0,0.0,0.0,0.0
GoldS210,XAUUSDc,521,8.927,17.854,3,0.2996,316.85,467,9.4218,1,7,0,0.01,1.7,3.0,0.0,0.5,15,1,-38.717,25,0,2,0,0.4,0.0,0.0,0.0,0.0,0.0,-1.0,20.778,-4.0,-4.0,-3.0,-5.0,-0.001,0.986,-3.0,-3.0,-3.004,-3.0,-5.0,-4.0,-3.0,-3.0,4.584,-5.0,-6.0,7.568,-5.0,-5.0,16.722,22.199,-5.0,-4.0,-4.0,-2.999,13.373,-1.016,-4.0,-5.0,17.888,-3.0,-1.029,-3.0,-3.0,-4.0,-3.0,-2.999,-4.0,-3.0,-4.0,7.937,-5.0,-6.0,-5.0,-6.0,-4.0,-1.0,14.417,-4.0,3.724,-4.0,1.938,13.303,-0.239,-3.0,-1.999,-5.0,-5.0,-4.0,-5.999,2.066,52.571,6.71,-3.0,-3.0,15.697,-3.0,-4.0,-3.999,0.997,-1.007,-4.0,-3.0,-3.0,30.46,-3.0,6.194,3.407,-1.0,-6.0,-4.999,5.492,-4.0,0.329,-5.0,7.693,-5.0,13.131,-3.0,-4.999,-4.0,-5.0,0.0,4.816,-2.0,-3.0,-4.0,13.335,-2.073,-4.0,-2.0,-4.0,-6.0,-5.0,-4.0,-6.0,-3.0,-3.0,-6.0,4.868,-3.0,18.033,0.0,0.0,0.0,0.0,0.0,0.0,0.0,0.0,0.0,0.0
GoldS210,XAUUSDc,868,-4.698,-28.188,1,-0.4602,0.0,445,12.5843,1,5,0,0.01,1.7,3.0,0.0,0.0,15,1,-43.61,36,0,2,0,0.8,0.0,0.0,0.0,0.0,0.0,-1.0,11.462,-4.0,-3.0,-4.0,-5.0,0.0,0.987,-3.0,-3.0,-2.003,-2.0,-2.999,-4.0,-3.0,-3.0,2.019,-4.0,1.794,5.554,-6.0,-4.0,4.74,8.913,-5.0,-4.0,-4.0,-3.0,-5.0,-1.016,7.646,-6.0,3.865,3.131,-1.029,-3.0,-3.0,-4.0,-2.999,5.343,-3.0,-4.0,5.876,4.919,-5.0,7.107,-4.0,-6.0,-4.0,-1.0,8.899,-3.999,-5.0,8.161,3.386,9.593,-0.646,-3.0,-2.0,2.484,-3.999,3.73,-3.0,4.266,-6.0,4.064,7.654,-4.0,11.629,-3.0,0.0,-5.0,0.997,-1.007,-4.0,-3.0,7.927,8.693,-3.0,3.238,3.407,-1.0,-6.0,-5.0,5.935,-4.0,0.805,-5.0,1.699,-5.0,4.242,-2.0,-3.0,1.43,11.415,0.0,4.002,-2.0,-2.0,-4.0,9.72,-1.073,3.186,-2.0,12.423,-6.0,-5.0,-4.0,-5.0,-3.0,-3.999,-5.0,1.902,-3.0,4.338,0.0,0.0,0.0,0.0,0.0,0.0,0.0,0.0,0.0,0.0
GoldS210,XAUUSDc,457,-1.4283,-4.285,2,-0.1097,0.0,442,21.0407,1,7,0,0.01,1.5,2.0,0.0,1.0,15,1,-18.259,26,0,2,0,0.4,0.0,0.0,0.0,0.0,0.0,1.972,8.291,-4.0,-0.01,-1.003,-4.0,0.938,-0.01,-3.0,-0.005,-4.003,-2.0,-1.999,0.924,-3.0,2.916,0.997,-2.025,-1.0,9.974,-0.015,-5.0,-3.0,5.008,-3.0,-4.0,-4.0,-1.014,3.988,-2.011,1.028,1.134,2.733,-0.083,0.97,-3.0,3.41,0.986,-1.0,-3.0,-3.0,-4.0,2.142,1.66,-2.014,1.038,-0.004,-6.0,-1.014,-1.0,1.321,-4.0,-0.032,3.135,4.423,5.564,-3.001,-3.0,-0.061,-3.999,-2.023,-4.0,15.765,0.991,2.725,3.14,1.717,-3.0,7.68,-3.0,-2.0,-2.0,-1.002,-2.005,-4.0,4.265,-0.001,7.717,-0.009,0.975,1.197,-1.0,-3.022,-5.0,10.999,-4.0,-1.022,-1.021,2.642,-5.0,-0.507,-2.0,-3.0,-2.032,6.635,0.0,-0.11,-2.0,1.484,-2.076,0.953,-1.049,-4.0,-2.0,9.041,-6.0,-3.0,4.723,-2.042,2.43,5.946,-5.0,6.441,-3.0,0.921,0.0,0.0,0.0,0.0,0.0,0.0,0.0,0.0,0.0,0.0
GoldS210,XAUUSDc,822,-4.552,-13.656,2,-0.3593,0.0,425,25.4118,1,9,0,0.01,1.7,2.0,0.0,1.0,15,1,-19.132,2,0,2,0,0.8,0.0,0.0,0.0,0.0,0.0,1.972,4.117,-4.0,-0.01,-1.003,-4.0,4.941,-0.01,-3.0,-0.005,-3.003,-2.0,-1.999,0.377,-3.0,0.19,-0.387,-4.0,-1.0,1.41,-0.015,4.885,1.437,0.134,-3.0,-4.0,-4.0,-0.014,0.944,2.551,0.318,-6.0,-1.012,-0.083,0.97,-3.0,6.2,0.986,-1.0,-3.0,-2.999,-4.0,4.247,2.685,-2.014,6.962,-0.004,-6.0,-1.014,-1.0,-0.067,-4.0,-0.032,1.524,2.876,8.124,-2.001,-3.0,-0.062,-4.0,-2.023,-4.0,10.516,0.991,3.938,0.985,0.986,-3.0,4.886,-3.0,0.0,-3.0,-1.002,-2.005,0.855,0.765,-0.001,6.182,-0.009,3.985,1.197,-1.0,-3.022,-1.178,5.483,-4.0,-1.022,-3.0,0.183,-5.0,-1.378,-2.0,-3.0,-2.032,4.689,0.0,-0.11,-2.0,1.484,-2.076,0.953,-0.049,4.486,-2.0,10.592,-6.0,-3.0,1.955,3.089,0.408,4.221,-3.999,6.315,-3.0,-1.01,0.0,0.0,0.0,0.0,0.0,0.0,0.0,0.0,0.0,0.0
GoldS210,XAUUSDc,862,-7.262,-14.524,3,-0.4412,0.0,409,19.0709,1,9,0,0.01,1.9,2.5,0.0,1.0,15,1,-24.237,20,0,2,0,0.8,0.0,0.0,0.0,0.0,0.0,-1.0,7.204,-4.0,-3.0,-0.504,-4.0,-0.501,0.488,-3.0,0.494,-2.503,-2.0,-1.999,2.128,-3.0,-2.0,0.817,-4.0,-1.0,4.705,0.481,3.295,2.61,3.586,-3.0,-4.0,-4.0,0.483,3.164,-0.513,1.792,-6.0,-0.515,0.413,-1.524,-3.0,9.127,1.482,-1.0,-3.0,-2.999,-4.0,7.334,-2.647,-5.0,14.548,-3.0,-6.0,-4.0,-1.0,2.353,-4.0,1.461,4.16,4.941,5.882,-1.501,-3.0,-2.0,-5.0,-0.529,-4.0,3.646,0.546,9.885,2.32,3.612,-3.0,9.791,-3.0,0.0,-3.0,-0.502,-1.506,-4.0,-3.0,1.732,9.791,-3.0,-0.334,2.302,-1.0,-2.528,-0.021,8.068,-4.0,-0.527,-3.0,1.766,-5.0,-0.621,-2.0,-3.0,-1.536,1.55,0.0,0.852,-2.0,2.191,-1.593,1.441,0.439,7.102,-2.0,5.844,-6.0,-3.0,-0.535,2.968,-4.0,-3.0,3.033,-0.504,-3.0,1.591,0.0,0.0,0.0,0.0,0.0,0.0,0.0,0.0,0.0,0.0
GoldS210,XAUUSDc,659,1.6155,3.231,3,0.1037,481.15,455,16.7033,1,11,0,0.01,1.9,2.5,0.0,0.0,15,1,-12.315,30,0,2,0,0.6,0.0,0.0,0.0,0.0,0.0,-1.0,8.08,-4.0,-2.999,-4.0,-5.0,-0.501,-0.512,-3.0,0.494,-3.503,8.869,-3.0,-4.0,-4.0,5.696,1.638,-4.0,-4.999,-0.317,-1.519,4.057,6.093,5.77,0.533,-4.0,-4.0,0.483,9.867,-0.513,-6.0,-6.0,-0.514,3.505,-1.523,2.586,1.311,2.84,-2.0,-3.0,-3.0,-4.0,4.995,-1.091,-5.0,24.203,-4.0,-6.0,-4.0,-1.0,3.853,-4.0,0.498,3.681,3.57,5.782,-2.501,-3.0,-2.0,-4.0,1.446,-4.0,2.537,0.558,7.198,1.526,-3.0,-3.0,10.189,-3.0,-4.0,-4.0,0.498,-1.506,-4.0,-3.0,2.361,19.947,-3.0,3.759,0.461,-1.0,-1.528,0.83,10.421,-4.0,0.163,-1.525,-1.508,-5.0,1.955,-2.0,-4.999,0.896,1.886,0.0,0.852,-2.0,-2.0,-1.593,1.441,4.037,-4.0,-2.0,6.459,-6.0,-4.0,4.923,2.871,-3.0,-3.0,5.621,2.962,-4.0,2.181,0.0,0.0,0.0,0.0,0.0,0.0,0.0,0.0,0.0,0.0
GoldS210,XAUUSDc,870,-14.23,-21.345,4,-0.3894,0.0,430,13.9535,1,9,0,0.01,1.7,3.0,0.0,0.0,15,1,-35.875,31,0,2,0,0.8,0.0,0.0,0.0,0.0,0.0,-1.0,13.454,-4.0,-3.0,-4.0,-5.0,0.0,0.986,-3.0,-3.0,-2.003,-2.0,-2.999,-4.0,-3.0,-2.0,2.019,-4.0,-5.0,0.252,1.923,-5.0,3.784,9.351,-4.0,-4.0,-4.0,-1.999,5.386,-0.016,6.772,-5.999,2.29,-3.0,-1.029,-3.0,4.779,3.563,-2.0,6.42,-3.0,-4.0,8.766,-1.555,-5.0,4.172,-5.0,-6.0,-4.0,-1.0,7.451,-4.0,0.212,6.472,2.386,9.734,-2.001,-3.0,-2.0,-5.0,-4.0,-4.0,-4.0,1.066,9.754,2.099,5.273,-3.0,12.53,-3.0,0.0,-5.0,0.997,-1.007,-4.0,-3.0,4.667,12.682,-3.0,-0.236,3.407,-1.0,1.716,-5.0,6.522,-4.0,0.805,-4.999,-1.01,-5.0,2.723,-2.0,-4.0,0.633,2.737,0.0,3.42,-2.0,-2.0,-4.0,7.36,5.155,9.541,-2.0,10.898,-6.0,-4.0,-4.0,-4.0,-3.0,-3.0,-4.999,1.865,-3.0,3.485,0.0,0.0,0.0,0.0,0.0,0.0,0.0,0.0,0.0,0.0
GoldS210,XAUUSDc,665,-19.756,-59.268,2,-0.8086,0.0,461,14.0998,1,7,0,0.01,1.7,2.5,0.0,0.5,15,1,-71.803,31,0,2,0,0.6,0.0,0.0,0.0,0.0,0.0,-1.0,8.699,-4.0,-3.0,-3.999,-5.0,-0.501,0.489,-3.0,0.494,-3.503,-2.0,-2.999,-4.0,-3.0,-3.0,2.39,-4.0,1.912,2.796,-1.519,-5.0,3.23,6.124,-5.0,-4.0,-4.0,0.483,5.59,-1.513,2.082,0.79,2.369,-3.0,-1.524,-3.0,-3.0,-4.0,-3.0,-3.0,-3.0,-4.0,10.663,0.511,-5.0,8.722,-4.0,-6.0,-4.0,-1.0,4.329,-4.0,2.418,-4.0,1.442,8.282,-1.501,-3.0,-2.0,-5.0,-1.529,-4.0,6.541,0.546,18.621,4.889,-3.0,-3.0,10.277,-3.0,-4.0,-4.0,0.498,-1.506,-4.0,-3.0,1.913,9.535,-3.0,2.302,2.302,-1.0,-6.0,-5.0,18.32,-4.0,0.594,-2.525,2.609,-5.0,2.671,-2.0,-5.0,-4.0,-5.0,0.0,0.852,-2.0,-2.0,-1.593,2.683,-2.56,-4.0,-2.0,9.063,-5.999,-4.0,10.008,-5.999,-3.0,-3.0,2.262,1.382,-3.0,2.819,0.0,0.0,0.0,0.0,0.0,0.0,0.0,0.0,0.0,0.0
GoldS210,XAUUSDc,754,-1.1807,-3.542,2,-0.1472,0.0,477,50.1048,1,9,0,0.01,1.9,1.0,0.0,1.0,15,1,-4.542,0,0,2,0,0.8,0.0,0.0,0.0,0.0,0.0,0.986,-1.008,-1.022,0.986,-0.015,-2.003,0.941,0.977,-1.047,-0.009,-4.001,-0.165,0.934,0.755,-3.0,-2.068,-1.071,1.979,-0.125,0.93,0.932,1.982,1.99,-2.012,-2.007,-0.059,-4.0,-0.049,-2.008,-0.061,2.89,1.99,0.968,-1.077,0.978,-3.0,0.935,-0.007,-1.0,-1.002,-0.001,-4.0,2.891,-1.147,-3.007,2.948,1.942,-2.016,-2.007,-1.0,-4.009,-2.007,2.922,-1.054,0.96,3.819,0.967,-3.0,1.955,-0.088,-1.026,0.962,4.953,0.99,-0.023,2.984,1.936,-0.016,3.977,-0.018,-1.103,-1.0,-1.001,-3.002,1.973,-1.059,1.985,-2.0,-0.046,-0.023,-1.015,-1.0,0.918,-1.034,0.946,-4.0,-2.011,1.926,-2.048,-2.017,3.922,-0.006,4.907,-2.004,1.965,0.0,-0.068,-2.0,0.941,-1.09,-0.023,-0.029,-0.019,0.973,3.924,-2.034,-2.007,-0.022,2.932,-2.055,-0.032,-0.097,1.965,-0.008,1.91,0.0,0.0,0.0,0.0,0.0,0.0,0.0,0.0,0.0,0.0
GoldS210,XAUUSDc,757,-4.172,-12.516,2,-0.2715,0.0,474,31.4346,1,7,0,0.01,1.5,1.5,0.0,0.0,15,1,-16.25,0,0,2,0,0.8,0.0,0.0,0.0,0.0,0.0,1.479,1.623,-4.0,0.55,-4.0,-5.0,4.718,-0.507,-3.0,-0.504,-3.502,1.942,-3.0,-4.0,-3.0,-0.266,-1.579,3.836,0.969,-0.708,2.252,-4.0,-0.065,-1.554,-5.0,-4.0,-4.0,-0.51,2.91,3.815,4.239,-4.999,4.432,-3.0,3.891,-3.0,-0.515,-4.0,-3.0,2.658,-3.0,-4.0,4.687,4.221,-2.509,6.86,-1.503,-2.821,-1.511,-1.0,-2.879,-0.647,-5.0,0.355,0.154,5.026,-3.501,-3.0,5.792,-4.0,1.444,0.863,2.162,0.493,1.266,6.876,3.401,-1.036,3.467,4.598,0.0,-5.0,-0.501,-2.503,2.337,-0.387,2.883,2.71,1.371,0.025,0.093,-1.0,-6.0,3.089,4.551,-4.0,-0.92,-0.089,-0.94,-2.502,0.436,-2.0,3.829,-4.0,4.947,0.0,1.399,-2.0,-2.0,-2.559,0.465,0.788,1.819,-0.539,10.441,-2.7,-4.0,1.061,0.461,0.687,2.23,-1.776,4.714,-3.0,1.701,0.0,0.0,0.0,0.0,0.0,0.0,0.0,0.0,0.0,0.0
GoldS210,XAUUSDc,671,-13.1395,-26.279,3,-0.6145,0.0,451,16.1863,1,11,0,0.01,1.9,2.5,0.0,0.5,15,1,-41.825,31,0,2,0,0.6,0.0,0.0,0.0,0.0,0.0,-1.0,7.096,-4.0,-3.0,-4.0,-5.0,-0.501,0.488,-4.0,0.494,-3.502,8.869,-3.0,-4.0,-3.0,-2.0,1.638,-4.0,-4.999,2.796,-1.519,3.057,6.093,5.77,0.533,-4.0,-4.0,0.483,5.561,-0.513,-6.0,-6.0,-0.514,3.505,-1.523,-3.0,1.311,2.84,-2.0,-3.0,-3.0,-4.0,8.026,-3.647,-5.0,24.203,-4.0,-6.0,-4.0,-1.0,3.532,-4.0,2.418,3.837,1.442,3.602,-1.501,-3.0,-2.0,-4.0,-1.529,-4.0,2.537,0.558,7.198,2.694,-3.0,-2.0,10.189,-3.0,-4.0,-4.0,0.498,-1.506,-4.0,-3.0,2.361,15.795,-3.0,2.302,0.461,-1.0,-1.528,1.143,7.793,-4.0,0.163,-2.526,2.495,-5.0,1.955,-2.0,-3.999,0.896,1.886,0.0,0.852,-2.0,-2.0,-1.593,1.441,4.037,-4.0,-2.0,6.459,-6.0,-4.0,6.775,-6.0,-3.0,-3.0,4.396,2.962,-4.0,2.181,0.0,0.0,0.0,0.0,0.0,0.0,0.0,0.0,0.0,0.0
GoldS210,XAUUSDc,461,-1.4283,-4.285,2,-0.1097,0.0,442,21.0407,1,7,0,0.01,1.7,2.0,0.0,1.0,15,1,-18.259,26,0,2,0,0.4,0.0,0.0,0.0,0.0,0.0,1.972,8.291,-4.0,-0.01,-1.003,-4.0,0.938,-0.01,-3.0,-0.005,-4.003,-2.0,-1.999,0.924,-3.0,2.916,0.997,-2.025,-1.0,9.974,-0.015,-5.0,-3.0,5.008,-3.0,-4.0,-4.0,-1.014,3.988,-2.011,1.028,1.134,2.733,-0.083,0.97,-3.0,3.41,0.986,-1.0,-3.0,-3.0,-4.0,2.142,1.66,-2.014,1.038,-0.004,-6.0,-1.014,-1.0,1.321,-4.0,-0.032,3.135,4.423,5.564,-3.001,-3.0,-0.061,-3.999,-2.023,-4.0,15.765,0.991,2.725,3.14,1.717,-3.0,7.68,-3.0,-2.0,-2.0,-1.002,-2.005,-4.0,4.265,-0.001,7.717,-0.009,0.975,1.197,-1.0,-3.022,-5.0,10.999,-4.0,-1.022,-1.021,2.642,-5.0,-0.507,-2.0,-3.0,-2.032,6.635,0.0,-0.11,-2.0,1.484,-2.076,0.953,-1.049,-4.0,-2.0,9.041,-6.0,-3.0,4.723,-2.042,2.43,5.946,-5.0,6.441,-3.0,0.921,0.0,0.0,0.0,0.0,0.0,0.0,0.0,0.0,0.0,0.0
GoldS210,XAUUSDc,247,-7.565,-22.695,2,-0.533,0.0,452,31.6372,1,11,0,0.01,1.7,1.5,0.0,1.0,15,1,-30.698,7,0,2,0,0.2,0.0,0.0,0.0,0.0,0.0,1.479,6.495,-4.0,-0.508,-1.502,-5.0,2.429,-0.507,-3.0,-0.504,-4.502,4.965,-2.0,-0.555,-3.0,-3.503,-1.251,3.54,6.954,-1.554,2.421,-1.478,2.258,-0.04,-1.511,-1.515,-4.0,-1.51,-1.511,-0.066,0.796,-5.0,-0.017,-0.58,2.469,-3.0,3.714,0.489,-1.0,-3.0,-3.0,-4.0,0.888,-3.15,-2.51,3.981,0.946,-1.609,-1.511,-1.0,-3.014,-1.51,1.933,1.291,1.439,2.355,-1.007,-3.0,3.442,-3.999,1.716,-0.038,5.794,0.493,3.169,1.986,4.166,-0.525,3.467,0.319,-2.0,-2.0,-1.501,-2.503,-1.509,-1.529,1.994,-0.598,0.944,-1.025,-0.523,-1.0,-3.517,1.208,2.419,-4.0,-1.516,2.687,-1.552,-2.502,1.123,-2.0,3.087,-4.0,3.448,0.0,1.399,-2.0,0.794,1.816,0.465,-0.536,-1.526,-0.539,10.604,-3.519,-3.0,0.966,-0.041,-1.56,3.076,-2.546,4.418,-4.0,-0.508,0.0,0.0,0.0,0.0,0.0,0.0,0.0,0.0,0.0,0.0
GoldS210,XAUUSDc,481,-6.043,-36.258,1,-0.4584,0.0,474,12.6582,1,7,0,0.01,1.5,2.5,0.0,0.5,15,1,-60.964,26,0,2,0,0.4,0.0,0.0,0.0,0.0,0.0,-1.0,12.935,-4.0,-4.0,-3.0,-5.0,-0.501,0.488,-3.0,0.494,-3.503,-3.0,-5.0,-4.0,-3.0,-3.0,2.791,-5.0,-6.0,5.315,-1.519,-1.193,-3.0,11.779,-5.0,-4.0,-4.0,0.483,8.68,-1.513,3.698,3.094,4.434,-3.0,-1.524,-3.0,-3.0,-4.0,-3.0,-2.999,-4.0,-3.0,5.368,3.809,-5.0,-3.501,-4.0,-6.0,-4.0,-1.0,7.345,-4.0,2.418,-4.0,1.442,10.057,-2.501,-3.0,-1.999,-5.0,-1.529,-4.0,16.682,1.546,15.859,4.926,-3.0,-3.0,12.394,-3.0,-4.0,-3.999,0.498,-1.506,-4.0,-3.0,2.818,21.706,-3.0,3.585,2.302,-1.0,-6.0,-4.999,16.568,-4.0,-0.406,-1.526,4.546,-5.0,4.215,-3.0,-4.999,-4.0,-5.0,0.0,0.852,-2.0,-3.0,-1.593,2.683,-2.561,-4.0,-2.0,-4.0,-6.0,-5.0,13.351,-6.0,-3.0,-3.0,3.025,3.537,-3.0,11.89,0.0,0.0,0.0,0.0,0.0,0.0,0.0,0.0,0.0,0.0
GoldS210,XAUUSDc,510,-7.7475,-15.495,3,-0.2006,0.0,467,10.2784,1,9,0,0.01,1.7,3.0,0.0,0.0,15,1,-56.493,26,0,2,0,0.4,0.0,0.0,0.0,0.0,0.0,-1.0,22.307,-4.0,-4.0,-3.0,-5.0,-0.001,-0.013,-3.0,-3.0,-3.004,-3.0,-5.0,-4.0,-4.0,-6.0,3.076,-5.0,-5.0,0.252,-4.999,-5.0,-4.0,22.039,-4.0,-4.0,-4.0,-5.0,10.782,-0.016,-5.0,-6.0,5.356,-3.0,-1.029,13.645,-3.0,7.796,-2.0,-2.999,-4.0,-3.0,2.868,3.021,-4.999,-5.0,-4.999,-6.0,-4.0,-1.0,9.203,-4.0,1.422,6.071,4.19,11.92,-3.001,-3.0,-2.0,-5.0,-4.0,-4.0,-3.997,1.066,36.998,2.099,-3.0,-4.0,32.756,-2.999,-4.0,-4.0,0.997,-1.007,-4.0,-5.0,-3.0,29.624,-3.0,1.624,3.407,-1.0,4.066,-6.0,-0.012,-4.0,0.805,-6.0,-1.01,-5.0,4.97,-2.0,-4.999,1.954,0.037,0.0,3.42,-2.0,-2.0,-4.0,7.36,8.87,-4.0,-2.0,-4.0,-5.999,-4.0,-4.0,-4.0,-3.0,-3.0,-6.0,4.386,-3.0,5.201,0.0,0.0,0.0,0.0,0.0,0.0,0.0,0.0,0.0,0.0
GoldS210,XAUUSDc,825,4.877,9.754,3,0.3547,57.47,425,26.1176,1,7,0,0.01,1.9,2.0,0.0,1.0,15,1,4.148,3,0,2,0,0.8,0.0,0.0,0.0,0.0,0.0,1.972,3.621,-4.0,-0.01,-1.003,-4.0,4.941,-0.01,-3.0,-0.005,-3.003,-2.0,-1.999,0.377,-3.0,-0.151,5.053,-4.0,-1.0,2.045,-0.015,1.579,1.025,0.346,-3.0,-4.0,-4.0,-0.014,0.976,2.467,0.334,-1.589,0.243,-0.083,0.97,-3.0,6.049,0.986,-1.0,-3.0,-3.0,-4.0,5.364,4.562,-2.014,7.357,-0.004,-6.0,-1.014,-1.0,0.226,-3.999,-0.032,1.524,2.876,8.67,-2.001,-3.0,-0.062,-4.0,-2.023,-4.0,10.25,0.991,4.276,2.379,2.162,-3.0,4.886,-3.0,0.0,-3.0,-1.002,-2.005,1.849,0.704,-0.001,6.423,-0.009,4.049,1.197,-1.0,-3.022,-0.121,9.114,-4.0,-1.022,-1.021,0.307,-5.0,-1.378,-2.0,-3.0,-2.032,4.689,0.0,-0.11,-2.0,1.484,-2.076,0.953,-0.049,4.486,-2.0,10.921,-6.0,-3.0,3.062,2.906,0.546,4.13,-4.0,6.315,-3.0,-1.009,0.0,0.0,0.0,0.0,0.0,0.0,0.0,0.0,0.0,0.0
GoldS210,XAUUSDc,652,-17.8083,-53.425,2,-0.7526,0.0,476,13.2353,1,5,0,0.01,1.7,2.5,0.0,0.0,15,1,-69.666,30,0,2,0,0.6,0.0,0.0,0.0,0.0,0.0,-1.0,9.756,-4.0,-3.0,-4.0,-5.0,-0.501,-0.512,-2.0,1.787,-3.502,-2.0,-3.0,-4.0,-5.0,4.91,2.39,-4.0,1.904,4.797,-2.519,1.033,5.415,5.92,-5.0,-4.0,-4.0,0.483,-5.0,-2.513,-6.0,-5.0,0.081,3.432,-1.524,2.81,-3.0,-5.0,-3.0,-3.0,-3.0,-4.0,11.088,4.125,-5.0,11.102,-4.0,-6.0,-4.0,-1.0,-4.189,-4.0,-6.0,6.896,3.51,7.124,-2.501,-3.0,-3.0,-4.0,0.994,-0.147,-2.999,4.202,7.344,3.775,5.45,-3.999,9.457,-2.999,-4.0,-4.0,0.498,-1.506,-4.0,-3.0,5.826,10.739,-3.0,3.931,2.302,-1.0,-6.0,-5.0,19.776,-4.0,0.163,-2.526,1.847,-5.0,0.826,-2.0,-6.0,-4.0,5.473,0.0,0.852,-2.0,-2.0,-1.593,2.683,-2.56,-4.0,-2.0,10.798,-6.0,-5.0,7.98,3.368,-3.0,-4.0,-5.0,-4.0,-3.0,3.818,0.0,0.0,0.0,0.0,0.0,0.0,0.0,0.0,0.0,0.0
GoldS210,XAUUSDc,455,-4.816,-14.448,2,-0.2767,0.0,476,19.958,1,11,0,0.01,1.9,2.0,0.0,0.5,15,1,-27.726,23,0,2,0,0.4,0.0,0.0,0.0,0.0,0.0,1.972,6.286,-4.0,-1.01,-3.0,-5.0,6.296,-0.009,-4.0,-0.005,-4.003,-3.0,0.545,-4.0,-3.0,9.278,0.365,-2.025,-5.0,3.063,-2.015,-1.577,5.172,1.972,-0.332,-4.0,-4.0,-0.014,3.663,8.243,-6.0,-6.0,-1.012,3.13,0.97,-3.0,0.571,1.386,-2.0,-3.0,-4.0,-3.0,-1.066,-3.161,-2.014,15.614,-1.004,-6.0,-1.014,-1.0,0.414,-4.0,0.112,0.941,0.947,1.455,-2.001,-4.0,-0.061,-4.0,-3.023,-4.0,18.119,0.991,5.615,0.985,-0.014,-2.0,7.68,-2.999,-4.0,-3.999,-0.002,-2.005,-4.0,6.977,-0.001,8.282,-0.009,8.612,-0.031,-1.0,-3.022,-5.999,7.657,-4.0,-0.48,-3.021,1.358,-5.0,-0.445,-2.0,-3.999,-0.162,3.688,0.0,-0.11,-2.0,-2.0,-2.076,0.953,0.888,-4.0,-2.0,11.128,-5.999,-5.0,1.955,0.078,6.424,8.252,-6.0,9.243,-3.0,-1.009,0.0,0.0,0.0,0.0,0.0,0.0,0.0,0.0,0.0,0.0
GoldS210,XAUUSDc,748,-1.1807,-3.542,2,-0.1472,0.0,477,50.1048,1,5,0,0.01,1.7,1.0,0.0,1.0,15,1,-4.542,0,0,2,0,0.8,0.0,0.0,0.0,0.0,0.0,0.986,-1.008,-1.022,0.986,-0.015,-2.003,0.941,0.977,-1.047,-0.009,-4.001,-0.165,0.934,0.755,-3.0,-2.068,-1.071,1.979,-0.125,0.93,0.932,1.982,1.99,-2.012,-2.007,-0.059,-4.0,-0.049,-2.008,-0.061,2.89,1.99,0.968,-1.077,0.978,-3.0,0.935,-0.007,-1.0,-1.002,-0.001,-4.0,2.891,-1.147,-3.007,2.948,1.942,-2.016,-2.007,-1.0,-4.009,-2.007,2.922,-1.054,0.96,3.819,0.967,-3.0,1.955,-0.088,-1.026,0.962,4.953,0.99,-0.023,2.984,1.936,-0.016,3.977,-0.018,-1.103,-1.0,-1.001,-3.002,1.973,-1.059,1.985,-2.0,-0.046,-0.023,-1.015,-1.0,0.918,-1.034,0.946,-4.0,-2.011,1.926,-2.048,-2.017,3.922,-0.006,4.907,-2.004,1.965,0.0,-0.068,-2.0,0.941,-1.09,-0.023,-0.029,-0.019,0.973,3.924,-2.034,-2.007,-0.022,2.932,-2.055,-0.032,-0.097,1.965,-0.008,1.91,0.0,0.0,0.0,0.0,0.0,0.0,0.0,0.0,0.0,0.0
GoldS210,XAUUSDc,545,1.9367,5.81,2,0.1818,45.47,513,44.2495,1,7,0,0.01,1.7,1.0,0.0,0.0,15,1,3.168,0,0,2,0,0.6,0.0,0.0,0.0,0.0,0.0,0.986,-2.007,-0.398,2.169,-1.108,-0.72,3.439,0.876,-0.047,0.889,-4.001,0.87,0.258,-4.0,-3.007,-4.002,-3.005,2.693,-0.474,1.286,-0.025,1.214,3.008,-2.012,-5.0,-1.228,-4.0,1.635,-2.008,-0.197,4.759,4.852,0.968,-3.0,2.03,-2.009,-1.01,-1.007,-2.0,0.996,0.172,-4.0,1.381,1.406,-3.007,5.707,-0.009,-2.016,-2.007,-1.0,-3.967,-2.007,-2.036,-1.998,0.449,5.751,1.294,-3.0,4.244,1.15,-0.058,1.218,6.072,-1.004,0.966,4.42,3.472,-0.282,5.082,-0.018,-2.006,-3.999,-1.001,-3.002,1.973,-1.899,0.799,-0.889,0.611,0.632,-1.015,-1.0,1.496,-0.336,2.825,-4.0,-1.613,3.865,-3.003,-2.017,3.922,0.717,0.798,-2.004,1.294,0.0,-0.068,-2.0,1.911,-3.042,-0.023,2.631,-0.019,0.973,4.732,-0.433,-4.0,0.038,2.664,0.034,1.003,0.631,3.397,-0.008,3.203,0.0,0.0,0.0,0.0,0.0,0.0,0.0,0.0,0.0,0.0
GoldS210,XAUUSDc,398,-7.6955,-15.391,3,-0.2634,0.0,499,26.6533,1,9,0,0.01,1.5,1.5,0.0,0.0,15,1,-23.528,10,0,2,0,0.4,0.0,0.0,0.0,0.0,0.0,1.479,2.029,-4.0,-4.0,-3.0,-5.0,11.231,-1.506,-3.0,-0.504,-4.502,-3.0,-0.749,-4.0,-4.0,-3.453,-1.22,1.066,-1.925,-1.455,-1.023,-1.478,-4.0,0.602,-2.511,-4.0,-4.0,-2.51,-2.511,3.651,5.623,-5.0,5.103,-3.0,6.691,0.064,-0.515,1.582,-2.0,-2.999,-4.0,-3.0,5.438,3.429,-2.51,9.578,-1.503,-1.609,-1.511,-1.0,-2.879,-1.51,-2.353,-0.454,1.525,5.162,-2.007,-3.0,6.843,-4.0,4.139,2.531,5.778,0.493,3.695,1.987,7.236,0.263,3.468,8.651,-4.0,-4.0,-0.501,-2.503,-1.509,-5.0,2.731,8.129,2.385,1.439,0.093,-1.0,-1.937,0.799,6.228,-4.0,-1.123,0.351,-2.505,-2.502,1.078,-2.0,1.221,-4.0,4.436,0.0,1.399,-2.0,-2.0,-2.559,0.465,2.569,-1.526,-0.539,4.401,-0.802,-4.0,1.061,2.343,1.964,3.831,-6.0,3.059,-3.0,-3.507,0.0,0.0,0.0,0.0,0.0,0.0,0.0,0.0,0.0,0.0
GoldS210,XAUUSDc,764,-3.7578,-22.547,1,-0.4954,0.0,480,30.0,1,5,0,0.01,1.9,1.5,0.0,0.0,15,1,-26.249,0,0,2,0,0.8,0.0,0.0,0.0,0.0,0.0,1.479,1.027,-4.0,0.521,-4.0,-5.0,4.483,-0.506,-3.0,-0.002,-3.501,1.755,-2.999,-4.0,-3.0,-0.298,-1.591,3.338,0.958,-0.239,-0.88,-4.0,0.418,-1.553,-5.0,-4.0,-4.0,-0.51,1.994,4.493,5.63,-5.0,4.713,0.304,3.848,-3.0,-0.515,-4.0,-2.999,2.579,-3.0,-4.0,5.499,4.017,-2.51,6.694,-1.503,-2.821,-1.511,-1.0,-2.879,-0.647,-5.0,-1.645,1.154,4.889,-3.501,-3.0,6.356,-4.0,1.171,1.241,2.383,0.493,-1.764,6.442,3.773,-1.036,4.714,3.969,0.0,-5.0,-0.501,-2.503,2.289,0.688,3.63,2.721,1.371,0.254,0.093,-1.0,-6.0,0.091,1.361,-4.0,-1.123,1.127,-1.644,-2.502,-0.068,-2.0,7.68,-4.0,6.171,0.0,1.399,-2.0,-2.0,-2.559,0.465,1.003,-1.526,-0.539,6.329,-2.672,-5.0,1.93,0.363,0.584,2.191,-1.776,1.773,-3.0,2.428,0.0,0.0,0.0,0.0,0.0,0.0,0.0,0.0,0.0,0.0
GoldS210,XAUUSDc,558,-3.436,-6.872,3,-0.1798,0.0,507,45.3649,1,9,0,0.01,1.7,1.0,0.0,0.5,15,1,-9.141,0,0,2,0,0.6,0.0,0.0,0.0,0.0,0.0,0.986,-2.007,-0.398,0.986,-1.108,-1.46,1.668,0.977,-4.0,-0.009,-4.001,0.411,0.236,-4.0,-3.0,-0.978,-0.6,2.693,-0.474,1.277,-0.025,0.211,2.314,-2.012,-3.007,-1.228,-4.0,0.463,-2.008,1.05,3.569,4.346,0.968,-3.0,1.829,-3.0,-1.01,-2.002,-2.0,0.996,0.191,-4.0,1.206,0.609,-3.007,3.607,-0.009,-2.016,-2.007,-1.0,-4.009,-2.007,-0.52,-1.933,-0.009,4.036,1.523,-3.0,1.955,1.556,-0.026,0.962,5.732,-1.004,0.917,2.984,3.623,0.786,5.153,-0.018,-0.124,-4.0,-1.001,-3.002,1.973,-0.145,3.181,-2.0,-0.046,-0.023,-1.015,-1.0,0.918,-1.034,2.54,-4.0,-1.766,3.759,-3.003,-2.017,3.922,0.72,6.637,-2.004,1.294,0.0,-0.068,-2.0,1.661,-3.042,-0.023,2.631,-0.019,0.973,4.732,-1.239,-4.0,-0.022,1.932,0.034,-0.032,0.463,3.518,-0.008,-1.055,0.0,0.0,0.0,0.0,0.0,0.0,0.0,0.0,0.0,0.0
GoldS210,XAUUSDc,600,-1.763,-5.289,2,-0.1335,0.0,453,32.8918,1,5,0,0.01,1.5,1.5,0.0,1.0,15,1,-11.465,2,0,2,0,0.6,0.0,0.0,0.0,0.0,0.0,1.479,1.585,-4.0,-0.508,-1.502,-0.711,2.429,-0.507,-3.0,-0.002,-4.502,1.725,-2.0,-0.555,-3.0,-1.424,-0.948,0.91,2.134,-2.554,2.564,-3.0,1.2,-1.13,-0.018,-1.515,-4.0,-0.51,-2.511,0.697,0.482,-5.0,6.538,-0.58,2.469,-3.0,3.075,0.489,-1.0,1.45,-3.0,-4.0,5.053,-2.92,-2.51,2.655,0.946,-6.0,-1.511,-1.0,-3.014,-0.134,1.933,0.807,1.439,3.816,-2.501,-3.0,3.442,-4.0,1.107,1.849,1.789,0.493,1.559,3.679,3.31,-0.525,4.413,6.335,0.0,-3.0,-1.501,-2.503,3.164,-0.959,1.994,2.398,0.944,0.025,0.093,-1.0,-3.517,5.623,2.419,-4.0,-1.516,0.931,-1.552,-2.502,-0.068,-2.0,5.648,-4.0,4.386,0.0,1.399,-2.0,0.795,0.976,0.465,-1.536,-1.526,-0.539,6.921,-3.518,-3.0,2.446,-0.041,-1.56,2.092,-1.287,4.748,-3.0,1.11,0.0,0.0,0.0,0.0,0.0,0.0,0.0,0.0,0.0,0.0
GoldS210,XAUUSDc,639,-6.2967,-18.89,2,-0.4683,0.0,431,23.4339,1,11,0,0.01,1.5,2.0,0.0,1.0,15,1,-27.209,16,0,2,0,0.6,0.0,0.0,0.0,0.0,0.0,1.972,4.97,-4.0,-0.01,-1.003,-5.0,0.938,-0.01,-3.0,-0.005,-4.002,4.08,-2.0,0.578,-3.0,0.842,0.129,-4.0,-1.0,4.211,-0.015,-0.577,3.818,0.748,-3.0,-3.0,1.67,-0.014,1.185,3.047,-6.0,-6.0,-1.011,-0.083,0.971,-3.0,2.26,0.986,-1.0,-3.0,-3.0,-4.0,4.982,4.022,-2.014,10.001,-0.004,-6.0,-1.014,-1.0,0.414,-4.0,-0.032,2.298,2.459,0.913,-2.001,-3.0,-0.062,-4.0,-2.023,-4.0,11.959,0.991,0.27,0.985,-0.014,-3.0,6.061,-3.0,0.0,-3.0,-1.002,-2.005,1.43,1.805,-0.001,7.698,-0.009,7.205,-0.031,-1.0,-2.022,-0.354,6.095,-4.0,-1.022,-3.0,0.398,-5.0,-0.507,-2.0,-3.0,-2.032,3.911,0.0,-0.11,-2.0,1.484,-2.076,0.953,-0.049,-4.0,-2.0,12.216,-5.999,-3.0,1.955,-2.042,1.237,5.687,-4.0,6.441,-3.0,-1.01,0.0,0.0,0.0,0.0,0.0,0.0,0.0,0.0,0.0,0.0
GoldS210,XAUUSDc,842,-10.804,-21.608,3,-0.4653,0.0,437,18.0778,1,9,0,0.01,1.5,2.5,0.0,0.5,15,1,-31.321,22,0,2,0,0.8,0.0,0.0,0.0,0.0,0.0,-1.0,9.212,-4.0,-3.0,-4.0,-5.0,-0.501,0.488,-3.0,0.494,-2.503,-2.0,-2.999,-4.0,-3.0,-2.0,7.418,-4.0,-5.0,1.547,4.184,2.295,2.61,3.586,0.533,-4.0,-4.0,0.483,3.164,-0.513,1.792,-5.999,-0.515,-3.0,-1.524,-3.0,3.238,2.322,-2.0,2.116,-3.0,-4.0,6.334,-3.647,-5.0,15.366,-4.0,-6.0,-4.0,-1.0,2.353,-4.0,2.046,4.399,0.442,6.586,-1.501,-3.0,-2.0,-5.0,-0.529,-4.0,3.646,0.546,11.294,2.32,3.612,-2.0,9.791,-3.0,0.0,-5.0,0.498,-1.506,-4.0,-3.0,1.732,11.238,-3.0,-0.334,2.302,-1.0,-0.411,-0.021,10.79,-4.0,0.163,-0.526,-1.508,-5.0,-0.621,-2.0,-4.0,-0.177,1.67,0.0,0.852,-2.0,-2.0,-1.593,1.441,3.38,7.102,-2.0,5.844,-6.0,-4.0,-0.535,2.968,-4.0,-3.0,2.032,1.035,-3.0,1.591,0.0,0.0,0.0,0.0,0.0,0.0,0.0,0.0,0.0,0.0
GoldS210,XAUUSDc,887,-8.0363,-24.109,2,-0.4715,0.0,425,14.3529,1,11,0,0.01,1.9,3.0,0.0,0.5,15,1,-38.576,34,0,2,0,0.8,0.0,0.0,0.0,0.0,0.0,-1.0,10.607,-4.0,-3.0,-4.0,-5.0,-0.001,0.986,-3.0,-3.0,-2.004,8.238,-1.999,-4.0,-3.0,-2.0,2.57,-4.0,-5.0,2.673,1.917,-5.0,5.144,9.351,-4.0,-4.0,-4.0,-2.0,5.428,-0.016,6.542,-6.0,2.29,3.2,-1.029,-3.0,9.476,2.684,-2.0,-2.0,-3.0,-4.0,2.906,-3.153,-5.0,4.631,-5.0,-6.0,-4.0,-1.0,5.228,-4.0,3.272,6.691,0.938,1.829,-1.001,-3.0,-2.0,-4.0,-4.0,-4.0,-4.0,1.078,10.467,4.305,5.273,-2.0,7.022,-3.0,0.0,-5.0,0.997,-1.007,-4.0,-3.0,4.129,5.124,-3.0,2.046,0.954,-1.0,-0.032,-5.0,6.339,-4.0,0.805,-5.0,3.036,-5.0,4.529,-2.0,-3.999,0.633,6.232,0.0,4.844,-2.0,-2.0,-4.0,8.04,4.084,9.089,-2.0,10.904,-6.0,-4.0,-4.0,-4.0,-4.0,-3.0,-5.0,2.566,-4.0,3.035,0.0,0.0,0.0,0.0,0.0,0.0,0.0,0.0,0.0,0.0
GoldS210,XAUUSDc,727,1.3475,2.695,3,0.0881,71.54,500,46.8,1,11,0,0.01,1.7,1.0,0.0,0.0,15,1,0.767,0,0,2,0,0.8,0.0,0.0,0.0,0.0,0.0,0.986,-0.891,-1.022,1.587,-1.654,-1.318,2.163,0.977,-0.706,0.286,-4.001,0.167,2.046,-4.0,-3.0,-1.219,-3.005,2.271,-1.605,0.955,-0.025,2.273,2.587,-2.012,-3.007,-1.63,-4.0,0.614,-1.676,0.987,4.103,3.24,0.968,-0.613,1.292,-3.0,1.076,-2.002,-2.0,-0.002,0.191,-4.0,3.401,0.73,-3.007,3.565,-0.009,-2.016,-2.007,-1.0,-3.967,-2.007,-1.66,-1.005,-0.635,4.722,0.455,-3.0,2.754,0.675,-0.695,0.962,5.852,1.382,0.538,3.338,2.986,-0.698,4.403,-0.018,-0.256,-4.0,-1.001,-3.002,1.973,-0.506,2.803,-1.518,0.224,-0.023,-1.015,-1.0,0.918,-1.034,1.931,-4.0,-1.766,3.59,-1.617,-2.017,3.922,0.645,6.443,-2.004,2.302,0.0,-0.068,-2.0,1.546,-3.042,-0.023,1.914,-0.019,0.973,4.328,-1.165,-4.0,0.038,2.932,-1.354,0.276,0.466,2.852,-0.008,2.637,0.0,0.0,0.0,0.0,0.0,0.0,0.0,0.0,0.0,0.0
GoldS210,XAUUSDc,698,-8.0653,-24.196,2,-0.3204,0.0,443,11.7381,1,9,0,0.01,1.5,3.0,0.0,0.5,15,1,-47.853,29,0,2,0,0.6,0.0,0.0,0.0,0.0,0.0,-1.0,16.048,-4.0,-3.0,-4.0,-5.0,-0.001,0.986,-4.0,-3.0,-3.004,-2.0,-2.999,-4.0,-3.0,-3.0,2.969,-4.0,-5.0,4.296,-5.0,-5.0,5.868,13.13,-3.999,-4.0,-4.0,-3.0,8.711,-0.016,-4.0,-6.0,3.315,-3.0,-1.029,-3.0,-3.0,6.195,-2.0,-3.0,-3.0,-4.0,4.499,-3.153,-5.0,7.732,-5.0,-6.0,-4.0,-1.0,8.789,-4.0,3.724,6.292,1.938,9.366,-1.001,-3.0,-2.0,-5.0,-5.0,-4.0,-3.999,1.066,17.982,5.343,-3.0,-2.0,21.657,-3.0,0.0,-5.0,0.997,-1.007,-4.0,-3.0,5.814,11.45,-3.0,2.672,3.407,-1.0,3.366,-5.0,7.475,-4.0,0.805,-6.0,-1.01,-5.0,4.97,-2.0,-4.0,1.954,0.037,0.0,3.42,-2.0,-2.0,-4.0,8.04,7.115,-4.0,-2.0,16.596,-6.0,-4.0,-4.0,-6.0,-3.0,-3.0,-5.0,3.746,-3.0,4.252,0.0,0.0,0.0,0.0,0.0,0.0,0.0,0.0,0.0,0.0
GoldS210,XAUUSDc,621,0.998,1.996,3,0.0387,453.71,478,20.7113,1,7,0,0.01,1.9,2.0,0.0,0.0,15,1,-7.06,27,0,2,0,0.6,0.0,0.0,0.0,0.0,0.0,1.972,3.748,-3.999,2.709,-3.999,-5.0,10.613,-1.009,-2.0,-0.005,-4.002,-2.0,-2.999,-4.0,-4.0,-1.658,0.72,-4.0,0.21,0.278,-2.015,-2.067,1.777,1.772,-5.0,-4.0,-4.0,-0.014,2.205,10.928,0.074,-0.676,1.17,-3.0,0.97,1.452,-3.0,-4.0,-3.0,-3.0,-3.0,-4.0,4.265,8.036,-2.014,2.72,-1.004,-6.0,-1.014,-1.0,1.196,-4.0,-3.032,0.956,1.99,5.778,-3.001,-3.0,2.051,-4.0,0.029,-4.0,17.63,0.991,8.445,2.528,1.717,-4.0,6.061,-3.0,-4.0,-3.999,-0.002,-2.005,3.74,6.056,-0.001,5.447,-0.009,2.13,1.197,-1.0,-6.0,-0.436,15.282,-4.0,-0.142,5.913,-2.006,-5.0,-0.507,-2.0,-6.0,-4.0,0.1,0.0,-0.11,-2.0,-2.0,-2.076,0.953,2.152,-4.0,-2.0,14.372,-5.999,-4.0,3.747,5.253,6.073,6.113,-5.0,9.287,-3.0,-1.01,0.0,0.0,0.0,0.0,0.0,0.0,0.0,0.0,0.0,0.0
GoldS210,XAUUSDc,688,-5.4513,-16.354,2,-0.272,0.0,470,10.6383,1,5,0,0.01,1.7,3.0,0.0,0.0,15,1,-41.681,32,0,2,0,0.6,0.0,0.0,0.0,0.0,0.0,-1.0,15.398,-4.0,-3.0,-4.0,-5.0,-0.001,-0.014,-2.0,-3.0,-3.003,-2.0,-3.0,-4.0,-5.0,-5.0,4.058,-4.0,3.607,7.038,-6.0,-4.0,17.01,12.918,-5.0,-4.0,-4.0,-3.0,-5.0,-2.016,-6.0,-5.0,5.301,4.688,-1.029,4.221,-3.0,-5.0,-3.0,-3.0,-3.0,-4.0,5.812,9.609,-5.0,13.273,-4.0,-6.0,-4.0,-1.0,-3.597,-4.0,-6.0,12.33,4.472,9.627,-0.646,-3.0,-3.0,-4.0,-4.998,5.238,-2.999,6.048,-6.0,5.249,7.951,-3.999,15.073,-2.999,-4.0,-4.0,0.997,-1.007,-4.0,-3.0,11.781,16.364,-3.0,6.827,3.407,-1.0,-6.0,-5.0,4.935,-4.0,0.805,-6.0,3.333,-5.0,6.437,-2.0,-6.0,-4.0,9.288,0.0,4.002,-2.0,-2.0,-4.0,9.72,-2.072,-4.0,-2.0,22.328,-6.0,-5.0,-4.0,-4.999,-3.0,-4.0,-5.0,-4.0,-3.0,6.88,0.0,0.0,0.0,0.0,0.0,0.0,0.0,0.0,0.0,0.0
GoldS210,XAUUSDc,446,5.653,11.306,3,0.2242,139.33,479,19.6242,1,9,0,0.01,1.5,2.0,0.0,0.5,15,1,-4.447,27,0,2,0,0.4,0.0,0.0,0.0,0.0,0.0,1.972,9.703,-4.0,-1.01,-3.0,-5.0,5.619,-0.009,-4.0,-0.005,-4.003,-3.0,0.545,-4.0,-3.0,11.122,0.211,-2.025,-5.0,3.063,-2.015,0.444,-3.0,1.972,-0.332,-4.0,-4.0,-0.014,3.262,8.061,1.007,-6.0,-1.011,-3.0,0.97,-3.0,-3.0,3.653,-2.0,-2.999,-4.0,-3.0,-1.066,-3.161,-2.014,19.322,-1.004,-6.0,-1.014,-1.0,0.414,-4.0,0.112,1.022,0.947,5.605,-3.001,-3.0,-0.061,-4.0,-3.023,-4.0,24.522,0.991,5.763,0.985,-0.014,-2.0,7.68,-2.999,-4.0,-3.999,-0.002,-2.005,-4.0,9.763,-0.001,10.072,-0.009,9.021,1.197,-1.0,-0.269,-6.0,7.657,-4.0,-0.48,3.203,-2.006,-5.0,-0.507,-2.0,-3.999,-0.162,4.981,0.0,-0.11,-2.0,-3.0,-2.076,0.953,4.952,-4.0,-2.0,10.058,-5.999,-5.0,1.955,0.078,6.495,8.252,-6.0,10.115,-3.0,-3.009,0.0,0.0,0.0,0.0,0.0,0.0,0.0,0.0,0.0,0.0
GoldS210,XAUUSDc,104,-14.688,-88.128,1,-0.8561,0.0,450,18.0,1,5,0,0.01,1.9,2.0,0.0,1.0,15,1,-104.032,15,0,2,0,0.0,0.0,0.0,0.0,0.0,0.0,1.972,-2.01,-4.0,-0.01,-1.003,-4.0,0.938,-0.009,-3.0,0.893,-4.003,-2.0,-2.0,0.924,-3.0,2.792,0.997,-2.025,-2.0,0.496,-1.015,-4.0,-4.0,12.904,-3.0,-4.0,-4.0,-1.014,-4.0,-2.011,-7.0,-5.0,-0.943,-0.083,0.97,-3.0,-3.0,0.986,-1.0,-3.0,-3.0,-4.0,1.366,3.119,-2.014,0.481,-1.004,-6.0,-1.014,-1.0,-5.008,-4.0,-0.032,3.135,7.732,6.501,-3.001,-3.0,-0.062,-3.999,-2.023,-4.0,16.943,0.991,-6.0,3.14,4.412,-3.0,-0.023,-3.0,-3.0,-2.0,-1.002,-2.005,-4.0,-4.0,-0.001,-4.0,-0.009,1.243,1.197,-1.0,-3.022,-5.0,11.335,-4.0,-1.022,-1.021,3.26,-4.999,-2.063,-2.0,-2.998,-2.032,2.58,0.0,-0.11,-2.0,1.484,-2.076,0.953,-1.049,-4.0,-2.0,13.797,-6.0,-1.018,13.118,-2.042,-4.0,-1.042,-4.999,7.108,-4.0,1.921,0.0,0.0,0.0,0.0,0.0,0.0,0.0,0.0,0.0,0.0
GoldS210,XAUUSDc,761,-4.172,-12.516,2,-0.2715,0.0,474,31.4346,1,7,0,0.01,1.7,1.5,0.0,0.0,15,1,-16.25,0,0,2,0,0.8,0.0,0.0,0.0,0.0,0.0,1.479,1.623,-4.0,0.55,-4.0,-5.0,4.718,-0.507,-3.0,-0.504,-3.502,1.942,-3.0,-4.0,-3.0,-0.266,-1.579,3.836,0.969,-0.708,2.252,-4.0,-0.065,-1.554,-5.0,-4.0,-4.0,-0.51,2.91,3.815,4.239,-4.999,4.432,-3.0,3.891,-3.0,-0.515,-4.0,-3.0,2.658,-3.0,-4.0,4.687,4.221,-2.509,6.86,-1.503,-2.821,-1.511,-1.0,-2.879,-0.647,-5.0,0.355,0.154,5.026,-3.501,-3.0,5.792,-4.0,1.444,0.863,2.162,0.493,1.266,6.876,3.401,-1.036,3.467,4.598,0.0,-5.0,-0.501,-2.503,2.337,-0.387,2.883,2.71,1.371,0.025,0.093,-1.0,-6.0,3.089,4.551,-4.0,-0.92,-0.089,-0.94,-2.502,0.436,-2.0,3.829,-4.0,4.947,0.0,1.399,-2.0,-2.0,-2.559,0.465,0.788,1.819,-0.539,10.441,-2.7,-4.0,1.061,0.461,0.687,2.23,-1.776,4.714,-3.0,1.701,0.0,0.0,0.0,0.0,0.0,0.0,0.0,0.0,0.0,0.0
GoldS210,XAUUSDc,830,-15.894,-31.788,3,-0.5655,0.0,440,17.5,1,9,0,0.01,1.5,2.5,0.0,0.0,15,1,-41.501,25,0,2,0,0.8,0.0,0.0,0.0,0.0,0.0,-1.0,8.886,-4.0,-3.0,-4.0,-5.0,-0.5,0.488,-3.0,0.494,-2.502,-2.0,-2.999,-4.0,-3.0,-2.0,0.817,-4.0,-5.0,-0.317,4.184,2.295,2.61,3.586,0.533,-4.0,-4.0,0.483,3.164,-0.513,2.487,-5.999,-0.515,-3.0,-1.524,-3.0,3.238,2.322,-2.0,2.116,-3.0,-4.0,4.134,-2.339,-5.0,15.366,-4.0,-6.0,-4.0,-1.0,2.674,-4.0,-0.501,4.243,1.623,7.261,-2.501,-3.0,-2.0,-5.0,0.344,-4.0,3.646,0.546,11.294,1.526,3.612,-3.0,9.791,-3.0,0.0,-5.0,0.498,-1.506,-4.0,-3.0,1.732,12.282,-3.0,-1.152,2.302,-1.0,-0.411,0.339,11.682,-4.0,0.163,-1.525,-1.508,-5.0,-0.621,-2.0,-4.0,-0.177,1.67,0.0,0.852,-2.0,-2.0,-1.593,1.441,3.38,7.102,-2.0,5.844,-6.0,-4.0,-0.536,3.487,-4.0,-3.0,2.289,1.034,-3.0,1.591,0.0,0.0,0.0,0.0,0.0,0.0,0.0,0.0,0.0,0.0
GoldS210,XAUUSDc,696,-6.8268,-40.961,1,-0.5638,0.0,466,10.3004,1,5,0,0.01,1.5,3.0,0.0,0.5,15,1,-66.288,29,0,2,0,0.6,0.0,0.0,0.0,0.0,0.0,-1.0,16.172,-4.0,-3.0,-4.0,-5.0,-0.001,0.986,-3.0,-3.0,-3.004,-2.0,-3.0,-4.0,-3.0,-3.0,4.058,-4.0,3.607,6.552,-6.0,-3.999,21.302,12.917,-5.0,-4.0,-4.0,-3.0,-5.0,-2.016,-7.0,-5.0,5.301,4.688,-1.029,-3.0,-3.0,-4.0,-3.0,-3.0,-3.0,-4.0,5.274,5.296,-5.0,13.273,-4.0,-6.0,-4.0,-1.0,-4.011,-4.0,3.724,-4.0,1.938,9.153,0.354,-3.0,-2.0,-5.0,-4.998,-4.0,-3.999,6.048,-6.0,6.66,7.951,-3.0,11.093,-2.999,-4.0,-4.0,0.997,-1.007,-4.0,-3.0,11.781,16.364,-3.0,4.911,3.407,-1.0,-6.0,-5.0,4.935,-4.0,0.805,-6.0,3.333,-5.0,6.437,-2.0,-5.0,-4.0,8.779,0.0,4.002,-2.0,-1.999,-4.0,12.868,-2.073,-4.0,-2.0,22.328,-6.0,-5.0,-4.0,-6.0,-3.0,-4.0,-5.0,-4.0,-3.0,5.88,0.0,0.0,0.0,0.0,0.0,0.0,0.0,0.0,0.0,0.0
GoldS210,XAUUSDc,770,-5.3223,-15.967,2,-0.3555,0.0,475,32.8421,1,9,0,0.01,1.5,1.5,0.0,0.5,15,1,-19.325,0,0,2,0,0.8,0.0,0.0,0.0,0.0,0.0,1.479,2.124,-4.0,-0.508,-4.0,-5.0,3.384,-0.507,-3.0,-0.504,-3.502,1.644,-2.999,-4.0,-3.0,-0.642,1.662,3.979,0.845,-0.705,2.252,-1.478,0.263,-1.738,-2.511,-4.0,-4.0,-0.51,1.959,1.224,2.88,-4.999,3.356,-3.0,3.737,-3.0,-0.515,-0.16,-2.0,2.689,-3.0,-4.0,4.475,3.125,-2.51,5.104,-1.503,-2.558,-1.511,-1.0,-3.014,-1.51,-1.406,0.429,-0.514,3.623,-2.501,-3.0,3.442,-4.0,0.796,0.863,1.934,0.493,1.033,5.508,3.529,0.157,3.467,4.295,0.0,-5.0,-0.501,-2.503,2.066,-0.694,2.731,2.185,0.944,-1.025,0.093,-1.0,-2.665,3.709,4.224,-4.0,-1.123,0.799,-2.505,-2.502,0.436,-2.0,4.769,-4.0,4.947,0.0,1.399,-2.0,-2.0,-2.559,0.465,0.788,1.819,-0.539,10.066,-2.7,-4.0,0.966,-0.041,-0.313,1.718,-2.564,4.978,-3.0,0.72,0.0,0.0,0.0,0.0,0.0,0.0,0.0,0.0,0.0,0.0
GoldS210,XAUUSDc,312,-11.8343,-35.503,2,-0.5974,0.0,442,13.3484,1,5,0,0.01,1.5,2.5,0.0,1.0,15,1,-63.5,21,0,2,0,0.2,0.0,0.0,0.0,0.0,0.0,-1.0,-1.513,-4.0,-3.0,-0.504,-4.0,-0.501,0.488,-3.0,1.787,-3.502,-2.0,-2.0,4.255,-3.0,12.186,2.791,-4.999,-2.0,2.614,-0.519,-4.0,-4.0,24.997,-3.0,-4.0,-4.0,-0.517,-4.0,-1.513,-7.0,-5.0,0.08,0.413,-1.523,-3.0,-3.0,1.482,-1.0,-3.0,-3.0,-4.0,7.715,8.047,-5.0,1.436,-4.0,-6.0,-4.0,-1.0,-4.51,-4.0,1.461,-3.0,14.545,10.574,-2.501,-3.0,-2.0,-4.999,-0.529,-4.0,13.263,14.288,-6.0,4.926,11.47,-3.0,0.473,-3.0,-2.0,-2.0,-0.502,-1.506,-4.0,-4.0,3.107,-4.0,-3.0,4.11,2.302,-1.0,-2.528,-5.0,19.968,-4.0,-0.527,-0.526,7.684,-4.999,-5.0,-2.0,-2.998,-1.536,-4.0,0.0,0.852,-2.0,2.191,-1.593,2.683,-0.561,-4.0,-2.0,-5.0,-6.0,-0.522,21.157,-5.0,-4.0,-4.0,-4.999,-0.504,-4.0,12.083,0.0,0.0,0.0,0.0,0.0,0.0,0.0,0.0,0.0,0.0
GoldS210,XAUUSDc,475,20.3907,30.586,4,0.6137,81.15,468,15.1709,1,11,0,0.01,1.7,2.5,0.0,0.0,15,1,5.764,31,0,2,0,0.4,0.0,0.0,0.0,0.0,0.0,-1.0,10.739,-4.0,-4.0,-3.0,-5.0,-0.5,-0.511,-3.0,0.494,-3.503,-3.0,-5.0,-4.0,-4.0,-0.499,1.982,-4.0,-1.451,-0.317,-1.519,-4.0,7.086,11.297,0.533,-4.0,-4.0,0.483,12.86,-0.513,-6.0,-6.0,-0.515,4.704,-1.524,-4.0,1.311,2.84,-2.0,-3.0,-4.0,-3.0,12.807,1.408,-5.0,34.676,-4.0,-6.0,-4.0,-1.0,3.853,-4.0,0.498,3.681,3.57,8.057,-2.501,-4.0,-2.0,-4.0,3.605,-4.0,3.323,0.558,15.23,1.526,-3.0,-4.0,12.277,-2.999,-4.0,-3.999,0.498,-1.506,-4.0,-5.0,3.451,14.006,-3.0,5.752,0.461,-1.0,-2.528,0.83,19.191,-4.0,0.163,-1.526,-1.508,-5.0,3.064,-3.0,-4.999,0.896,2.54,0.0,0.852,-2.0,-2.0,-1.593,1.441,5.116,-4.0,-2.0,-1.512,-5.999,-4.0,4.923,5.971,-3.0,-3.0,14.642,3.061,-4.0,3.852,0.0,0.0,0.0,0.0,0.0,0.0,0.0,0.0,0.0,0.0
GoldS210,XAUUSDc,616,-31.1365,-62.273,3,-0.6493,0.0,485,17.9381,1,5,0,0.01,1.7,2.0,0.0,0.0,15,1,-75.687,23,0,2,0,0.6,0.0,0.0,0.0,0.0,0.0,1.972,5.556,-4.0,2.587,-4.0,-5.0,3.897,-1.01,-2.0,0.893,-4.002,-2.0,-3.0,-4.0,-5.0,0.051,0.72,-4.0,0.202,2.557,-3.015,-0.035,3.307,1.61,-5.0,-4.0,-4.0,-0.014,-5.0,2.357,-6.0,-5.0,-0.942,2.175,0.97,1.336,-3.0,-5.0,-3.0,-3.0,-3.0,-4.0,5.359,0.76,-2.014,3.656,-1.004,-6.0,-1.014,-1.0,-4.78,-4.0,-6.0,0.454,2.549,4.146,-3.001,-3.0,-3.0,-4.0,-1.07,-0.79,10.897,0.991,1.346,2.528,2.799,-3.999,5.734,-2.999,-4.0,-4.0,-0.002,-2.005,3.591,10.414,2.383,6.281,-0.009,1.13,1.197,-1.0,-6.0,-5.0,10.82,-4.0,-0.48,3.473,0.361,-5.0,-2.063,-2.0,-6.0,-4.0,8.778,0.0,-0.11,-2.0,-2.0,-2.076,0.953,2.675,-4.0,-2.0,13.258,-6.0,-5.0,4.657,4.091,3.405,7.339,-5.0,-1.044,-3.0,-1.01,0.0,0.0,0.0,0.0,0.0,0.0,0.0,0.0,0.0,0.0
GoldS210,XAUUSDc,829,-12.528,-25.056,3,-0.4408,0.0,442,16.9683,1,7,0,0.01,1.5,2.5,0.0,0.0,15,1,-37.241,26,0,2,0,0.8,0.0,0.0,0.0,0.0,0.0,-1.0,8.027,-4.0,-3.0,-4.0,-5.0,-0.501,0.488,-3.0,0.494,-2.503,-2.0,-3.0,-4.0,-3.0,-2.0,0.837,-4.0,0.489,1.262,4.184,-5.0,2.115,3.64,-5.0,-4.0,-4.0,0.483,3.21,-1.513,1.812,-0.376,1.144,-3.0,-1.522,-3.0,3.045,-4.0,-3.0,1.818,-3.0,-4.0,7.21,0.159,-4.999,19.108,-4.0,-6.0,-4.0,-1.0,3.071,-3.999,-5.0,6.105,1.623,8.258,-2.501,-3.0,-2.0,0.931,0.697,-4.0,3.646,0.546,11.807,2.829,-2.0,-4.0,8.288,-3.0,0.0,-5.0,0.498,-1.506,-4.0,-3.0,1.466,12.916,-3.0,1.883,2.302,-1.0,-6.0,-0.369,16.356,-4.0,0.526,-2.525,2.921,-5.0,0.576,-2.0,-4.0,-4.0,3.335,0.0,0.852,-2.0,-2.0,-1.593,2.683,-1.561,6.813,-2.0,6.48,-6.0,-4.0,6.113,2.149,-3.0,-3.0,1.679,0.304,-3.0,3.234,0.0,0.0,0.0,0.0,0.0,0.0,0.0,0.0,0.0,0.0
GoldS210,XAUUSDc,746,-1.1807,-3.542,2,-0.1472,0.0,477,50.1048,1,9,0,0.01,1.5,1.0,0.0,1.0,15,1,-4.542,0,0,2,0,0.8,0.0,0.0,0.0,0.0,0.0,0.986,-1.008,-1.022,0.986,-0.015,-2.003,0.941,0.977,-1.047,-0.009,-4.001,-0.165,0.934,0.755,-3.0,-2.068,-1.071,1.979,-0.125,0.93,0.932,1.982,1.99,-2.012,-2.007,-0.059,-4.0,-0.049,-2.008,-0.061,2.89,1.99,0.968,-1.077,0.978,-3.0,0.935,-0.007,-1.0,-1.002,-0.001,-4.0,2.891,-1.147,-3.007,2.948,1.942,-2.016,-2.007,-1.0,-4.009,-2.007,2.922,-1.054,0.96,3.819,0.967,-3.0,1.955,-0.088,-1.026,0.962,4.953,0.99,-0.023,2.984,1.936,-0.016,3.977,-0.018,-1.103,-1.0,-1.001,-3.002,1.973,-1.059,1.985,-2.0,-0.046,-0.023,-1.015,-1.0,0.918,-1.034,0.946,-4.0,-2.011,1.926,-2.048,-2.017,3.922,-0.006,4.907,-2.004,1.965,0.0,-0.068,-2.0,0.941,-1.09,-0.023,-0.029,-0.019,0.973,3.924,-2.034,-2.007,-0.022,2.932,-2.055,-0.032,-0.097,1.965,-0.008,1.91,0.0,0.0,0.0,0.0,0.0,0.0,0.0,0.0,0.0,0.0
GoldS210,XAUUSDc,828,-20.3027,-60.908,2,-0.8338,0.0,450,15.3333,1,5,0,0.01,1.5,2.5,0.0,0.0,15,1,-72.226,26,0,2,0,0.8,0.0,0.0,0.0,0.0,0.0,-1.0,7.071,-4.0,-3.0,-4.0,-5.0,-0.5,0.489,-3.0,1.787,-2.502,-2.0,-2.999,-4.0,-3.0,-3.0,0.817,-4.0,0.471,3.614,-2.519,-4.0,3.3,3.37,-5.0,-4.0,-4.0,0.483,-5.0,-1.513,2.733,-6.0,0.08,2.189,-1.524,-3.0,-3.0,-4.0,-2.999,2.17,-3.0,-4.0,9.931,0.988,-5.0,19.611,-4.0,-6.0,-4.0,-1.0,3.743,-3.999,-5.0,4.105,2.623,7.285,-2.501,-3.0,-2.0,1.356,0.816,-0.147,-3.0,2.896,3.3,2.83,5.447,-4.0,7.343,-3.0,0.0,-5.0,0.498,-1.506,-4.0,-3.0,3.671,5.234,-3.0,1.151,2.302,-1.0,-6.0,-5.0,12.942,-4.0,0.163,-1.526,0.585,-5.0,0.033,-2.0,-3.0,0.472,7.802,0.0,0.852,-2.0,-2.0,-1.593,2.683,-1.561,1.736,-2.0,6.35,-6.0,-5.0,6.811,3.077,-3.0,-3.999,-5.0,1.037,-3.0,2.233,0.0,0.0,0.0,0.0,0.0,0.0,0.0,0.0,0.0,0.0
GoldS210,XAUUSDc,371,-2.662,-7.986,2,-0.2192,0.0,517,42.3598,1,11,0,0.01,1.9,1.0,0.0,0.0,15,1,-12.083,0,0,2,0,0.4,0.0,0.0,0.0,0.0,0.0,0.986,-0.891,-1.022,-2.009,-3.0,-0.086,5.861,-0.023,-3.0,1.54,-4.001,-3.0,-2.147,-4.0,-3.007,-4.002,-3.005,3.523,-1.02,0.955,-0.025,2.273,0.315,-2.012,-3.007,-4.0,-4.0,1.35,-2.24,1.929,3.232,5.399,0.968,-0.019,1.904,-2.009,1.076,-2.002,-2.0,0.996,-0.809,-3.0,4.875,2.947,-3.007,4.673,-0.009,-2.016,-2.007,-1.0,-3.967,-2.007,-1.298,-2.005,0.668,4.945,1.153,-3.0,4.411,1.652,0.542,0.962,7.146,1.465,1.677,3.847,4.086,0.147,5.339,-0.018,-2.006,-3.999,-1.001,-3.002,1.973,-3.036,3.927,0.003,0.864,-0.023,-1.015,-1.0,0.918,-1.034,1.529,-4.0,-1.766,3.747,-3.003,-2.017,3.922,-3.0,4.451,-2.004,0.971,0.0,-0.068,-2.0,2.208,-3.042,-0.023,1.914,-0.019,0.973,1.927,-2.54,-4.0,0.038,1.933,0.51,1.726,-0.841,0.81,-0.008,-1.055,0.0,0.0,0.0,0.0,0.0,0.0,0.0,0.0,0.0,0.0
GoldS210,XAUUSDc,631,-10.0307,-30.092,2,-0.5194,0.0,467,21.4133,1,11,0,0.01,1.7,2.0,0.0,0.5,15,1,-38.411,21,0,2,0,0.6,0.0,0.0,0.0,0.0,0.0,1.972,3.972,-4.0,-0.01,-4.0,-5.0,3.711,-0.01,-4.0,-0.005,-4.002,5.926,-3.0,-4.0,-3.0,4.241,0.129,-4.0,-4.999,1.297,-2.015,-1.577,3.818,0.748,-0.332,-4.0,-4.0,-0.014,2.185,6.376,-6.0,-6.0,-1.011,2.234,0.971,-3.0,0.571,1.386,-2.0,-3.0,-3.0,-4.0,3.982,3.022,-2.014,10.697,-1.004,-6.0,-1.014,-1.0,0.414,-4.0,0.112,0.941,0.947,1.455,-2.001,-3.0,-0.062,-4.0,-3.023,-4.0,13.537,0.991,1.761,0.985,-0.014,-2.0,6.061,-3.0,-4.0,-4.0,-0.002,-2.005,1.43,4.011,-0.001,10.002,-0.009,7.205,-0.031,-1.0,-2.022,-0.354,5.01,-4.0,-0.48,-3.021,0.398,-5.0,-0.507,-2.0,-3.999,-0.162,3.245,0.0,-0.11,-2.0,-2.0,-2.076,0.953,0.888,-4.0,-2.0,12.216,-6.0,-4.0,1.955,-1.608,4.803,5.687,-5.0,9.167,-3.0,-1.01,0.0,0.0,0.0,0.0,0.0,0.0,0.0,0.0,0.0,0.0
GoldS210,XAUUSDc,602,-0.056,-0.168,2,-0.0051,0.0,447,34.4519,1,9,0,0.01,1.5,1.5,0.0,1.0,15,1,-4.238,0,0,2,0,0.6,0.0,0.0,0.0,0.0,0.0,1.479,1.865,-4.0,-0.508,-1.502,-5.0,2.429,-0.507,-3.0,-0.504,-4.502,1.634,-2.0,-0.555,-3.0,-1.135,-1.255,4.934,1.838,-1.554,2.421,-0.478,0.934,-1.288,-1.511,-1.515,-4.0,-0.51,-2.511,-0.066,2.515,-5.0,3.938,-0.58,2.469,-3.0,3.122,0.489,-1.0,1.665,-3.0,-4.0,4.212,1.279,-2.51,2.447,0.946,-1.974,-1.511,-1.0,-3.014,-1.51,1.933,0.807,1.439,3.804,-2.501,-3.0,3.442,-4.0,1.293,1.424,1.917,0.493,0.986,1.986,3.123,-0.525,5.733,5.9,0.0,-3.0,-1.501,-2.503,2.801,-1.529,1.994,2.414,0.944,-1.025,0.093,-1.0,-3.517,5.374,2.419,-4.0,-1.516,2.687,-1.552,-2.502,1.078,-2.0,3.542,-4.0,4.386,0.0,1.399,-2.0,0.794,1.25,0.465,-0.536,-1.526,-0.539,10.638,-3.519,-3.0,0.966,-0.041,-1.56,2.162,-1.656,4.418,-3.0,1.16,0.0,0.0,0.0,0.0,0.0,0.0,0.0,0.0,0.0,0.0
GoldS210,XAUUSDc,836,-20.3027,-60.908,2,-0.8338,0.0,450,15.3333,1,5,0,0.01,1.9,2.5,0.0,0.0,15,1,-72.226,26,0,2,0,0.8,0.0,0.0,0.0,0.0,0.0,-1.0,7.071,-4.0,-3.0,-4.0,-5.0,-0.5,0.489,-3.0,1.787,-2.502,-2.0,-2.999,-4.0,-3.0,-3.0,0.817,-4.0,0.471,3.614,-2.519,-4.0,3.3,3.37,-5.0,-4.0,-4.0,0.483,-5.0,-1.513,2.733,-6.0,0.08,2.189,-1.524,-3.0,-3.0,-4.0,-2.999,2.17,-3.0,-4.0,9.931,0.988,-5.0,19.611,-4.0,-6.0,-4.0,-1.0,3.743,-3.999,-5.0,4.105,2.623,7.285,-2.501,-3.0,-2.0,1.356,0.816,-0.147,-3.0,2.896,3.3,2.83,5.447,-4.0,7.343,-3.0,0.0,-5.0,0.498,-1.506,-4.0,-3.0,3.671,5.234,-3.0,1.151,2.302,-1.0,-6.0,-5.0,12.942,-4.0,0.163,-1.526,0.585,-5.0,0.033,-2.0,-3.0,0.472,7.802,0.0,0.852,-2.0,-2.0,-1.593,2.683,-1.561,1.736,-2.0,6.35,-6.0,-5.0,6.811,3.077,-3.0,-3.999,-5.0,1.037,-3.0,2.233,0.0,0.0,0.0,0.0,0.0,0.0,0.0,0.0,0.0,0.0
GoldS210,XAUUSDc,721,-3.756,-7.512,3,-0.1876,0.0,503,45.328,1,7,0,0.01,1.5,1.0,0.0,0.0,15,1,-9.407,0,0,2,0,0.8,0.0,0.0,0.0,0.0,0.0,0.986,-0.514,-0.646,1.633,-1.566,-1.318,2.239,1.538,-1.047,0.44,-4.001,0.349,-0.303,-4.0,-3.0,-1.107,-3.005,2.271,-1.174,1.286,-0.025,0.029,2.587,-2.012,-5.0,-1.592,-4.0,0.784,-2.008,-0.523,3.835,3.532,0.968,-3.0,1.586,-3.0,-1.01,-1.007,-2.0,0.996,0.172,-4.0,3.439,0.698,-3.006,4.369,-0.009,-2.016,-2.007,-1.0,-3.967,-2.007,-3.02,-0.998,-0.607,5.085,0.675,-3.0,3.151,0.809,-0.57,1.218,5.614,-1.004,0.528,3.593,2.929,-0.698,4.593,-0.018,-0.158,-4.0,-1.001,-3.002,1.973,-0.038,2.917,-1.477,0.224,0.223,-1.015,-1.0,1.271,-0.766,2.005,-4.0,-1.644,3.109,-1.684,-2.017,3.922,0.418,3.946,-2.004,2.302,0.0,-0.068,-2.0,1.593,-3.042,-0.023,2.348,-0.019,0.973,4.328,-1.173,-4.0,0.038,2.257,-0.354,0.52,0.034,2.744,-0.008,2.689,0.0,0.0,0.0,0.0,0.0,0.0,0.0,0.0,0.0,0.0
GoldS210,XAUUSDc,528,31.7615,63.523,3,0.9364,105.68,430,10.9302,1,5,0,0.01,1.5,3.0,0.0,1.0,15,1,-3.606,22,0,2,0,0.4,0.0,0.0,0.0,0.0,0.0,-1.0,30.85,-4.0,-3.0,-4.0,-4.0,-0.001,0.986,-3.0,-3.0,-3.004,-2.0,-2.0,7.586,-3.0,-3.0,4.584,-5.0,-1.0,64.129,-4.0,-4.0,-3.0,21.757,-3.0,-4.0,-4.0,-3.999,-4.0,-1.016,-7.0,-5.0,8.186,0.91,-1.028,-3.0,-3.0,1.979,-1.0,-3.0,-3.0,-4.0,-4.0,11.19,-5.0,-7.0,-4.0,-6.0,-4.0,-1.0,-4.011,-4.0,1.953,-3.0,16.256,11.313,-0.646,-3.0,-2.0,-4.999,-4.0,-4.0,-5.998,10.493,28.136,6.71,10.547,-3.0,-2.999,-3.0,-2.0,-2.0,-0.003,-1.007,-4.0,-3.0,-3.0,20.723,-3.0,6.567,3.407,-1.0,-1.033,-5.0,8.812,-4.0,-0.033,-4.0,10.221,-4.999,10.139,-2.0,-2.999,-1.04,-4.0,0.0,4.002,-2.0,2.897,-4.0,21.02,-0.073,-4.0,-2.0,-5.0,-6.0,-3.0,-3.999,-5.0,-4.0,-4.0,-5.0,-0.005,-3.999,16.061,0.0,0.0,0.0,0.0,0.0,0.0,0.0,0.0,0.0,0.0
GoldS210,XAUUSDc,787,-3.3077,-9.923,2,-0.2826,0.0,443,35.8916,1,11,0,0.01,1.7,1.5,0.0,1.0,15,1,-12.957,0,0,2,0,0.8,0.0,0.0,0.0,0.0,0.0,1.479,0.838,-4.0,-0.508,-1.502,-5.0,2.429,-0.507,-3.0,-0.504,-3.502,1.15,-2.0,-0.555,-3.0,-1.673,-1.824,3.979,1.592,-1.554,2.421,-0.478,0.593,-1.738,-1.511,-1.515,-4.0,-0.51,1.266,-0.066,3.129,-5.0,3.356,-0.58,2.469,-3.0,2.69,0.489,-1.0,0.75,-3.0,-4.0,3.905,0.463,-2.51,4.632,0.946,-2.558,-1.511,-1.0,-3.014,-1.51,1.933,0.301,1.439,2.355,-2.501,-3.0,3.442,-4.0,0.796,-0.038,1.151,0.493,0.392,5.196,2.435,-0.525,5.084,4.247,0.0,-3.0,-1.501,-2.503,1.794,-1.529,1.994,1.063,0.944,-1.025,-0.523,-1.0,-2.516,3.281,2.419,-4.0,-1.516,2.687,-1.552,-2.502,0.436,-2.0,5.038,-4.0,3.448,0.0,1.399,-2.0,0.794,0.528,0.465,-0.536,1.704,-0.539,9.124,-3.519,-3.0,0.966,-0.041,-1.56,1.718,-2.546,4.337,-3.0,1.7,0.0,0.0,0.0,0.0,0.0,0.0,0.0,0.0,0.0,0.0
GoldS210,XAUUSDc,869,-10.139,-30.417,2,-0.4727,0.0,432,12.7315,1,7,0,0.01,1.7,3.0,0.0,0.0,15,1,-45.856,34,0,2,0,0.8,0.0,0.0,0.0,0.0,0.0,-1.0,12.61,-4.0,-3.0,-4.0,-5.0,-0.001,0.986,-3.0,-3.0,-2.004,-2.0,-3.0,-4.0,-3.0,-2.0,2.043,-4.0,1.815,2.248,1.922,-5.0,3.205,9.459,-5.0,-4.0,-4.0,-3.0,5.445,-1.016,-3.0,-4.999,2.257,-3.0,-1.027,-3.0,4.544,-4.0,-3.0,5.833,-3.0,-4.0,3.727,2.272,-4.999,5.85,-5.0,-6.0,-4.0,-1.0,8.093,-3.999,-5.0,10.161,2.386,10.935,-0.239,-3.0,-2.0,1.962,-3.999,-4.0,-4.0,1.066,11.439,4.063,-2.0,-4.0,9.116,-3.0,0.0,-5.0,0.997,-1.007,-4.0,-3.0,4.407,7.538,-3.0,3.557,3.407,-1.0,-6.0,-4.0,11.785,-4.0,1.249,-5.999,4.904,-5.0,5.128,-2.0,-4.0,-4.0,6.169,0.0,4.816,-2.0,-2.0,-4.0,9.873,-1.073,9.13,-2.0,12.239,-6.0,-4.0,-4.0,-4.0,-3.0,-3.0,-5.0,0.97,-3.0,5.339,0.0,0.0,0.0,0.0,0.0,0.0,0.0,0.0,0.0,0.0
GoldS210,XAUUSDc,889,6.4227,9.634,4,0.2584,147.8,401,14.7132,1,7,0,0.01,1.5,3.0,0.0,1.0,15,1,-4.605,34,0,2,0,0.8,0.0,0.0,0.0,0.0,0.0,-1.0,10.871,-4.0,-3.0,-4.0,-4.0,-0.001,0.986,-3.0,-3.0,-2.004,-2.0,-1.999,3.877,-3.0,-2.0,3.043,-4.0,-1.0,10.178,-3.0,-4.0,3.205,9.46,-3.0,-4.0,-4.0,-3.0,5.445,-0.016,-3.0,-4.999,2.257,0.91,-1.029,-3.0,15.281,1.979,-1.0,-3.0,-3.0,-4.0,3.727,0.822,-5.0,3.617,-4.0,-6.0,-4.0,-1.0,7.679,-3.999,1.953,9.938,8.515,8.939,0.761,-3.0,-2.0,-5.0,-4.0,-4.0,-4.0,1.066,8.836,5.266,-2.0,-3.0,9.116,-3.0,0.0,-3.0,-0.003,-1.007,-4.0,-3.0,4.406,5.586,-3.0,2.046,3.407,-1.0,-1.033,-4.0,10.122,-4.0,-0.033,-4.0,3.777,-5.0,5.128,-2.0,-3.0,-1.04,5.558,0.0,4.816,-2.0,2.897,-4.0,11.698,0.927,9.13,-2.0,12.239,-6.0,-3.0,-4.0,-4.0,-4.0,-3.0,-4.0,-0.005,-3.0,4.338,0.0,0.0,0.0,0.0,0.0,0.0,0.0,0.0,0.0,0.0
GoldS210,XAUUSDc,833,-12.528,-25.056,3,-0.4408,0.0,442,16.9683,1,7,0,0.01,1.7,2.5,0.0,0.0,15,1,-37.241,26,0,2,0,0.8,0.0,0.0,0.0,0.0,0.0,-1.0,8.027,-4.0,-3.0,-4.0,-5.0,-0.501,0.488,-3.0,0.494,-2.503,-2.0,-3.0,-4.0,-3.0,-2.0,0.837,-4.0,0.489,1.262,4.184,-5.0,2.115,3.64,-5.0,-4.0,-4.0,0.483,3.21,-1.513,1.812,-0.376,1.144,-3.0,-1.522,-3.0,3.045,-4.0,-3.0,1.818,-3.0,-4.0,7.21,0.159,-4.999,19.108,-4.0,-6.0,-4.0,-1.0,3.071,-3.999,-5.0,6.105,1.623,8.258,-2.501,-3.0,-2.0,0.931,0.697,-4.0,3.646,0.546,11.807,2.829,-2.0,-4.0,8.288,-3.0,0.0,-5.0,0.498,-1.506,-4.0,-3.0,1.466,12.916,-3.0,1.883,2.302,-1.0,-6.0,-0.369,16.356,-4.0,0.526,-2.525,2.921,-5.0,0.576,-2.0,-4.0,-4.0,3.335,0.0,0.852,-2.0,-2.0,-1.593,2.683,-1.561,6.813,-2.0,6.48,-6.0,-4.0,6.113,2.149,-3.0,-3.0,1.679,0.304,-3.0,3.234,0.0,0.0,0.0,0.0,0.0,0.0,0.0,0.0,0.0,0.0
GoldS210,XAUUSDc,799,-6.2577,-18.773,2,-0.4442,0.0,451,23.9468,1,11,0,0.01,1.7,2.0,0.0,0.0,15,1,-24.808,9,0,2,0,0.8,0.0,0.0,0.0,0.0,0.0,1.972,3.558,-4.0,1.377,-4.0,-5.0,7.163,-0.01,-3.0,-0.005,-3.003,4.025,-1.999,-4.0,-3.0,1.833,-0.693,-4.0,-5.0,-0.886,2.473,4.562,2.11,0.134,-0.332,-4.0,-4.0,-0.014,1.766,5.024,1.31,-6.0,-1.012,1.294,0.97,-3.0,5.174,0.491,-2.0,-2.0,-3.0,-4.0,2.826,2.703,-2.014,7.094,-1.004,-6.0,-1.014,-1.0,0.161,-4.0,-2.214,1.486,0.849,3.275,-3.001,-3.0,0.808,-4.0,-1.331,-4.0,10.075,0.991,-0.044,0.985,0.986,-3.0,4.886,-3.0,0.0,-5.0,-0.002,-2.005,0.484,2.599,-0.001,7.753,-0.009,4.916,-0.031,-1.0,-2.021,-1.508,7.866,-4.0,-0.48,-2.021,1.137,-5.0,-1.378,-2.0,-3.999,-0.987,3.555,0.0,-0.11,-2.0,-2.0,-2.076,0.953,0.888,4.368,-2.0,9.772,-6.0,-4.0,2.086,3.262,3.023,4.412,-5.0,7.006,-3.0,-1.01,0.0,0.0,0.0,0.0,0.0,0.0,0.0,0.0,0.0,0.0
GoldS210,XAUUSDc,752,-1.1807,-3.542,2,-0.1472,0.0,477,50.1048,1,5,0,0.01,1.9,1.0,0.0,1.0,15,1,-4.542,0,0,2,0,0.8,0.0,0.0,0.0,0.0,0.0,0.986,-1.008,-1.022,0.986,-0.015,-2.003,0.941,0.977,-1.047,-0.009,-4.001,-0.165,0.934,0.755,-3.0,-2.068,-1.071,1.979,-0.125,0.93,0.932,1.982,1.99,-2.012,-2.007,-0.059,-4.0,-0.049,-2.008,-0.061,2.89,1.99,0.968,-1.077,0.978,-3.0,0.935,-0.007,-1.0,-1.002,-0.001,-4.0,2.891,-1.147,-3.007,2.948,1.942,-2.016,-2.007,-1.0,-4.009,-2.007,2.922,-1.054,0.96,3.819,0.967,-3.0,1.955,-0.088,-1.026,0.962,4.953,0.99,-0.023,2.984,1.936,-0.016,3.977,-0.018,-1.103,-1.0,-1.001,-3.002,1.973,-1.059,1.985,-2.0,-0.046,-0.023,-1.015,-1.0,0.918,-1.034,0.946,-4.0,-2.011,1.926,-2.048,-2.017,3.922,-0.006,4.907,-2.004,1.965,0.0,-0.068,-2.0,0.941,-1.09,-0.023,-0.029,-0.019,0.973,3.924,-2.034,-2.007,-0.022,2.932,-2.055,-0.032,-0.097,1.965,-0.008,1.91,0.0,0.0,0.0,0.0,0.0,0.0,0.0,0.0,0.0,0.0
GoldS210,XAUUSDc,145,-11.172,-33.516,2,-0.3345,0.0,486,8.642,1,7,0,0.01,1.5,3.0,0.0,0.0,15,1,-101.666,21,0,2,0,0.0,0.0,0.0,0.0,0.0,0.0,-1.0,18.344,-3.999,-4.0,-3.0,-6.0,-1.001,-0.014,-2.0,-3.0,-3.004,-3.0,-5.0,-4.0,-4.0,-6.0,4.584,-5.0,0.3,2.248,-5.0,-5.0,-4.999,33.903,-4.999,-4.0,-4.0,-2.999,19.275,-2.016,-4.0,-7.0,17.459,-3.0,-1.029,5.943,-2.999,-5.999,-2.0,-2.999,-4.0,-3.0,-5.999,-8.0,-5.0,-6.0,-5.0,-6.0,-4.0,-1.0,-3.597,-4.0,2.724,15.65,3.587,13.729,-1.239,-3.0,-3.0,13.397,-4.0,-4.0,-6.0,2.066,64.15,5.488,-3.0,-3.999,26.099,-4.0,-3.0,-4.0,0.997,-1.007,-4.999,-4.0,-2.999,-3.999,-3.0,7.978,3.407,-1.0,-6.0,-5.0,4.492,-4.0,0.329,-4.999,-1.01,-5.0,-5.0,-3.0,-6.0,-4.0,-5.0,0.0,4.816,-2.0,-2.0,-4.0,9.873,-2.072,-4.0,-2.0,-4.0,-6.0,-4.0,-4.0,-4.0,-3.0,-3.0,-6.0,5.193,-4.0,15.429,0.0,0.0,0.0,0.0,0.0,0.0,0.0,0.0,0.0,0.0
GoldS210,XAUUSDc,801,-1.75,-5.25,2,-0.104,0.0,457,23.1947,1,7,0,0.01,1.9,2.0,0.0,0.0,15,1,-11.747,10,0,2,0,0.8,0.0,0.0,0.0,0.0,0.0,1.972,4.778,-4.0,1.458,-4.0,-5.0,7.59,-0.01,-3.0,-0.005,-3.003,-2.0,-3.0,-4.0,-3.0,2.277,-0.371,-4.0,-0.839,0.278,2.474,0.579,1.025,0.345,-5.0,-4.0,-4.0,-0.014,0.976,8.301,0.334,-1.589,0.243,-3.0,0.972,-3.0,1.629,-4.0,-3.0,0.416,-3.0,-4.0,3.685,4.353,-2.013,9.348,-1.004,-6.0,-1.014,-1.0,0.454,-3.999,-5.0,1.595,0.862,5.138,-3.001,-3.0,1.084,-4.0,-1.054,-4.0,12.356,0.991,5.228,1.786,2.162,-4.0,4.886,-3.0,0.0,-5.0,-0.002,-2.005,1.849,2.735,0.0,8.353,-0.009,5.364,1.197,-1.0,-6.0,-1.158,11.726,-4.0,-0.198,2.647,0.938,-5.0,-1.378,-2.0,-4.0,-4.0,4.922,0.0,-0.11,-2.0,-2.0,-2.076,0.953,2.223,4.486,-2.0,10.921,-6.0,-4.0,3.193,3.293,3.575,5.006,-5.0,6.654,-3.0,-0.008,0.0,0.0,0.0,0.0,0.0,0.0,0.0,0.0,0.0,0.0
GoldS210,XAUUSDc,789,1.0145,2.029,3,0.0707,176.98,446,35.8744,1,7,0,0.01,1.9,1.5,0.0,1.0,15,1,-1.562,0,0,2,0,0.8,0.0,0.0,0.0,0.0,0.0,1.479,0.802,-4.0,-0.508,-1.502,-1.802,2.429,-0.507,-3.0,-0.504,-3.502,1.15,-1.999,-0.555,-3.0,-1.84,1.551,3.836,1.431,-1.554,2.421,-3.0,-0.065,-1.553,-1.511,-1.515,-4.0,-0.51,1.197,0.172,3.03,-5.0,4.432,-0.58,2.469,-3.0,2.69,0.489,-1.0,0.643,-3.0,-4.0,3.905,0.974,-2.51,4.652,0.946,-2.821,-1.511,-1.0,-3.014,-0.647,1.933,0.301,1.439,3.547,-2.501,-3.0,3.442,-4.0,0.731,0.863,0.86,0.493,0.629,6.614,2.664,-0.525,5.105,4.598,0.0,-3.0,-1.501,-2.503,2.337,-1.529,1.994,1.501,0.944,-0.344,0.093,-1.0,-3.517,3.798,2.419,-4.0,-1.516,0.931,-1.552,-2.502,0.436,-2.0,6.407,-4.0,4.068,0.0,1.399,-2.0,0.794,0.645,0.465,-0.536,1.819,-0.539,9.781,-3.519,-3.0,0.966,-0.041,-1.56,1.718,-1.745,4.337,-3.0,0.7,0.0,0.0,0.0,0.0,0.0,0.0,0.0,0.0,0.0,0.0
GoldS210,XAUUSDc,885,-8.2798,-49.679,1,-0.6461,0.0,436,12.3853,1,7,0,0.01,1.9,3.0,0.0,0.5,15,1,-65.118,34,0,2,0,0.8,0.0,0.0,0.0,0.0,0.0,-1.0,13.37,-4.0,-3.0,-4.0,-5.0,-0.001,0.986,-3.0,-3.0,-2.004,-2.0,-3.0,-4.0,-3.0,-2.0,3.043,-4.0,1.815,2.673,1.922,-5.0,3.205,9.46,-5.0,-4.0,-4.0,-3.0,5.445,-1.016,-3.0,-4.999,2.257,-3.0,-1.027,-3.0,4.544,-4.0,-3.0,5.833,-3.0,-4.0,3.727,0.822,-5.0,5.85,-5.0,-6.0,-4.0,-1.0,7.679,-3.999,-0.681,-3.0,0.938,9.805,0.761,-3.0,-2.0,-5.0,-5.0,-4.0,-4.0,1.066,11.439,5.266,-2.0,-3.0,9.116,-3.0,0.0,-5.0,0.997,-1.007,-4.0,-3.0,4.406,7.538,-3.0,2.046,3.407,-1.0,-6.0,-5.0,11.785,-4.0,1.249,-5.0,3.189,-5.0,5.128,-2.0,-4.0,-4.0,6.169,0.0,4.816,-2.0,-2.0,-4.0,11.698,-1.073,9.13,-2.0,12.239,-6.0,-4.0,-4.0,-5.0,-3.0,-3.0,-5.0,0.971,-3.0,4.338,0.0,0.0,0.0,0.0,0.0,0.0,0.0,0.0,0.0,0.0
GoldS210,XAUUSDc,606,-0.056,-0.168,2,-0.0051,0.0,447,34.4519,1,9,0,0.01,1.7,1.5,0.0,1.0,15,1,-4.238,0,0,2,0,0.6,0.0,0.0,0.0,0.0,0.0,1.479,1.865,-4.0,-0.508,-1.502,-5.0,2.429,-0.507,-3.0,-0.504,-4.502,1.634,-2.0,-0.555,-3.0,-1.135,-1.255,4.934,1.838,-1.554,2.421,-0.478,0.934,-1.288,-1.511,-1.515,-4.0,-0.51,-2.511,-0.066,2.515,-5.0,3.938,-0.58,2.469,-3.0,3.122,0.489,-1.0,1.665,-3.0,-4.0,4.212,1.279,-2.51,2.447,0.946,-1.974,-1.511,-1.0,-3.014,-1.51,1.933,0.807,1.439,3.804,-2.501,-3.0,3.442,-4.0,1.293,1.424,1.917,0.493,0.986,1.986,3.123,-0.525,5.733,5.9,0.0,-3.0,-1.501,-2.503,2.801,-1.529,1.994,2.414,0.944,-1.025,0.093,-1.0,-3.517,5.374,2.419,-4.0,-1.516,2.687,-1.552,-2.502,1.078,-2.0,3.542,-4.0,4.386,0.0,1.399,-2.0,0.794,1.25,0.465,-0.536,-1.526,-0.539,10.638,-3.519,-3.0,0.966,-0.041,-1.56,2.162,-1.656,4.418,-3.0,1.16,0.0,0.0,0.0,0.0,0.0,0.0,0.0,0.0,0.0,0.0
GoldS210,XAUUSDc,866,-14.23,-21.345,4,-0.3894,0.0,430,13.9535,1,9,0,0.01,1.5,3.0,0.0,0.0,15,1,-35.875,31,0,2,0,0.8,0.0,0.0,0.0,0.0,0.0,-1.0,13.454,-4.0,-3.0,-4.0,-5.0,0.0,0.986,-3.0,-3.0,-2.003,-2.0,-2.999,-4.0,-3.0,-2.0,2.019,-4.0,-5.0,0.252,1.923,-5.0,3.784,9.351,-4.0,-4.0,-4.0,-1.999,5.386,-0.016,6.772,-5.999,2.29,-3.0,-1.029,-3.0,4.779,3.563,-2.0,6.42,-3.0,-4.0,8.766,-1.555,-5.0,4.172,-5.0,-6.0,-4.0,-1.0,7.451,-4.0,0.212,6.472,2.386,9.734,-2.001,-3.0,-2.0,-5.0,-4.0,-4.0,-4.0,1.066,9.754,2.099,5.273,-3.0,12.53,-3.0,0.0,-5.0,0.997,-1.007,-4.0,-3.0,4.667,12.682,-3.0,-0.236,3.407,-1.0,1.716,-5.0,6.522,-4.0,0.805,-4.999,-1.01,-5.0,2.723,-2.0,-4.0,0.633,2.737,0.0,3.42,-2.0,-2.0,-4.0,7.36,5.155,9.541,-2.0,10.898,-6.0,-4.0,-4.0,-4.0,-3.0,-3.0,-4.999,1.865,-3.0,3.485,0.0,0.0,0.0,0.0,0.0,0.0,0.0,0.0,0.0,0.0
GoldS210,XAUUSDc,743,-3.19,-6.38,3,-0.1832,0.0,499,47.0942,1,11,0,0.01,1.9,1.0,0.0,0.5,15,1,-8.072,0,0,2,0,0.8,0.0,0.0,0.0,0.0,0.0,0.986,-0.597,-1.022,0.986,-1.654,-1.671,1.434,0.977,-0.706,-0.009,-4.001,0.167,2.046,-4.0,-3.0,-1.432,-0.641,2.271,-1.605,1.148,-0.025,-0.014,2.314,-2.012,-3.007,-1.63,-4.0,0.308,-2.008,0.714,2.89,3.131,0.968,-0.613,1.292,-3.0,1.076,-2.002,-2.0,-0.002,0.191,-4.0,3.025,0.29,-3.007,3.243,-0.009,-2.016,-2.007,-1.0,-4.009,-2.007,-0.651,-0.933,-1.009,4.036,1.333,-3.0,1.955,0.757,-1.026,0.962,5.852,1.382,0.5,2.984,2.986,0.399,4.403,-0.018,-0.789,-4.0,-1.001,-3.002,1.973,-0.89,2.803,-2.0,-0.046,-0.023,-1.015,-1.0,0.918,-1.034,1.659,-4.0,-1.766,3.59,-2.048,-2.017,3.922,0.416,6.32,-2.004,2.302,0.0,-0.068,-2.0,1.366,-3.042,-0.023,1.914,-0.019,0.973,4.328,-1.59,-4.0,-0.022,2.932,-1.354,-0.032,-0.057,2.754,-0.008,2.637,0.0,0.0,0.0,0.0,0.0,0.0,0.0,0.0,0.0,0.0
GoldS210,XAUUSDc,800,-14.4047,-43.214,2,-0.6543,0.0,464,21.1207,1,5,0,0.01,1.9,2.0,0.0,0.0,15,1,-50.459,8,0,2,0,0.8,0.0,0.0,0.0,0.0,0.0,1.972,4.03,-4.0,1.421,-4.0,-5.0,8.11,-0.009,-3.0,0.893,-3.002,-2.0,-2.999,-4.0,-3.0,2.514,-0.387,-4.0,-0.853,1.674,-3.015,-4.0,1.858,0.198,-5.0,-4.0,-4.0,-0.014,-5.0,9.372,1.22,-6.0,-0.943,1.246,0.97,-3.0,-3.0,-4.0,-2.999,0.539,-3.0,-4.0,5.396,4.179,-2.014,9.325,-1.004,-6.0,-1.014,-1.0,0.418,-3.999,-5.0,-0.405,1.862,4.469,-3.001,-3.0,1.42,-4.0,-0.982,-0.79,7.747,0.991,-0.338,1.787,3.112,-4.0,4.718,-3.0,0.0,-5.0,-0.002,-2.005,1.78,4.245,1.467,2.743,-0.009,4.364,1.197,-1.0,-6.0,-5.0,7.628,-4.0,-0.48,3.196,-0.529,-5.0,-2.063,-2.0,-3.0,-0.487,10.012,0.0,-0.11,-2.0,-2.0,-2.076,0.953,2.499,0.275,-2.0,9.795,-6.0,-5.0,3.76,3.11,2.46,5.272,-5.0,3.127,-3.0,-1.009,0.0,0.0,0.0,0.0,0.0,0.0,0.0,0.0,0.0,0.0
GoldS210,XAUUSDc,691,-5.864,-11.728,3,-0.2684,0.0,445,12.809,1,11,0,0.01,1.7,3.0,0.0,0.0,15,1,-29.493,32,0,2,0,0.6,0.0,0.0,0.0,0.0,0.0,-1.0,11.66,-4.0,-2.999,-4.0,-5.0,-0.001,-0.014,-3.0,-3.0,-3.004,11.814,-3.0,-4.0,-4.0,12.937,3.146,-4.0,-4.999,0.252,-5.0,-4.0,8.37,13.13,-3.999,-4.0,-4.0,-1.999,14.765,-0.016,-6.0,-6.0,3.315,4.775,-1.028,4.676,1.983,4.295,-2.0,-3.0,-3.0,-4.0,11.415,-0.029,-5.0,8.757,-5.0,-6.0,-4.0,-1.0,7.682,-4.0,1.422,6.07,4.561,7.592,-2.001,-3.0,-2.0,-4.0,-4.0,-4.0,-4.0,1.078,-5.0,2.099,-3.0,-3.0,13.636,-3.0,-4.0,-4.0,0.997,-1.007,-4.0,-3.0,5.791,9.246,-3.0,6.389,0.954,-1.0,-0.033,-5.0,-0.012,-4.0,0.805,-4.999,-1.01,-5.0,8.557,-2.0,-4.999,1.954,3.479,0.0,4.844,-2.0,-2.0,-4.0,7.36,5.973,-4.0,-2.0,14.186,-6.0,-4.0,-4.0,-4.0,-3.0,-3.0,-5.0,4.016,-4.0,4.44,0.0,0.0,0.0,0.0,0.0,0.0,0.0,0.0,0.0,0.0
GoldS210,XAUUSDc,53,-17.0403,-51.121,2,-0.6428,0.0,501,23.5529,1,7,0,0.01,1.7,1.5,0.0,0.5,15,1,-67.183,12,0,2,0,0.0,0.0,0.0,0.0,0.0,0.0,1.479,-3.506,-4.0,-1.508,-3.0,-6.0,-0.015,-0.507,-3.0,-0.504,-4.502,-3.0,-5.0,-4.0,-3.0,-2.069,-0.795,-3.519,-1.925,1.021,-1.023,-1.942,-4.0,0.96,-4.999,-4.0,-4.0,-2.51,-1.511,-0.264,17.286,-6.0,2.523,-3.0,11.815,-3.0,-0.515,-4.998,-2.0,-2.999,-4.0,-3.0,-3.563,1.317,-2.51,13.928,-1.503,-6.0,-1.511,-1.0,-3.014,0.594,-1.194,-3.999,0.486,5.895,-1.007,-3.0,9.05,-4.0,-3.517,2.531,-5.0,0.493,6.19,4.358,9.784,2.269,3.467,12.985,-4.0,-4.0,-0.501,-2.503,-1.508,4.078,2.731,12.062,0.944,0.09,0.093,-1.0,-6.0,1.707,-2.506,-4.0,-1.877,-2.515,-1.552,-2.502,1.078,-3.0,1.257,-4.0,1.427,0.0,1.399,-2.0,-3.0,-2.559,0.465,2.023,-1.526,-0.539,7.44,-0.457,-5.0,0.966,-1.041,1.964,3.076,-6.0,7.577,-4.0,2.086,0.0,0.0,0.0,0.0,0.0,0.0,0.0,0.0,0.0,0.0
GoldS210,XAUUSDc,767,-5.4035,-10.807,3,-0.2862,0.0,469,33.049,1,11,0,0.01,1.9,1.5,0.0,0.0,15,1,-14.603,0,0,2,0,0.8,0.0,0.0,0.0,0.0,0.0,1.479,0.992,-4.0,0.486,-4.0,-5.0,4.571,-0.507,-3.0,-0.504,-3.502,1.644,-1.999,-4.0,-3.0,-0.204,-1.824,3.979,0.487,-1.455,2.25,-0.478,0.593,-1.738,-2.511,-4.0,-4.0,-0.51,2.975,1.609,3.819,-5.0,3.356,0.341,3.447,-3.0,2.318,-0.606,-2.0,1.75,-3.0,-4.0,4.543,3.551,-2.51,5.13,-1.503,-2.558,-1.511,-1.0,-2.879,-1.51,-2.927,0.348,0.133,3.914,-3.501,-3.0,4.715,-4.0,1.308,-0.038,1.974,0.493,0.648,5.129,3.399,-1.036,3.467,4.247,0.0,-5.0,-0.501,-2.503,1.794,-0.403,2.731,2.293,1.371,-1.025,-0.523,-1.0,-2.516,2.892,4.522,-4.0,-1.123,-0.069,-0.796,-2.502,0.436,-2.0,4.678,-4.0,4.327,0.0,1.399,-2.0,-2.0,-2.559,0.465,-0.083,1.704,-0.539,9.784,-2.7,-4.0,1.061,-0.041,0.687,1.763,-1.759,4.944,-3.0,1.7,0.0,0.0,0.0,0.0,0.0,0.0,0.0,0.0,0.0,0.0
GoldS210,XAUUSDc,788,-1.8115,-3.623,3,-0.1327,0.0,448,35.0446,1,5,0,0.01,1.9,1.5,0.0,1.0,15,1,-7.397,0,0,2,0,0.8,0.0,0.0,0.0,0.0,0.0,1.479,0.95,-4.0,-0.508,-1.502,-1.146,2.429,-0.507,-3.0,-0.002,-3.502,1.197,-2.0,-0.555,-3.0,-1.84,-1.591,3.83,1.431,-1.554,2.564,-3.0,0.418,-1.554,-0.644,-1.515,-4.0,-0.51,1.197,0.427,4.018,-5.0,4.928,-0.58,2.469,-3.0,2.665,0.489,-1.0,0.646,-3.0,-4.0,4.452,0.784,-2.51,4.748,0.946,-2.821,-1.511,-1.0,-3.014,-0.647,1.933,0.301,1.439,3.239,-2.501,-3.0,3.442,-4.0,0.731,1.241,1.081,0.493,0.636,6.321,2.771,-0.525,4.08,4.479,0.0,-3.0,-1.501,-2.503,2.289,-1.154,1.994,1.501,0.944,-0.343,0.093,-1.0,-3.517,3.805,2.419,-4.0,-1.516,0.931,-1.552,-2.502,-0.068,-2.0,6.871,-4.0,4.068,0.0,1.399,-2.0,0.794,0.587,0.465,-0.536,-1.526,-0.539,5.208,-3.519,-3.0,1.835,-0.041,-1.56,1.676,-1.745,4.689,-3.0,0.716,0.0,0.0,0.0,0.0,0.0,0.0,0.0,0.0,0.0,0.0
GoldS210,XAUUSDc,515,-9.343,-18.686,3,-0.3217,0.0,458,11.5721,1,11,0,0.01,1.9,3.0,0.0,0.0,15,1,-42.725,27,0,2,0,0.4,0.0,0.0,0.0,0.0,0.0,-1.0,15.194,-4.0,-4.0,-3.0,-5.0,0.0,-0.013,-3.0,-3.0,-3.004,-3.0,-5.0,-4.0,-4.0,-6.0,3.599,-4.0,-0.924,0.252,-4.999,-4.0,10.001,22.039,-4.0,-4.0,-4.0,-2.0,19.464,-0.016,-6.0,-6.0,5.355,6.278,-1.029,-4.0,1.983,4.295,-2.0,-3.0,-4.0,-3.0,21.778,3.021,-5.0,10.722,-5.0,-6.0,-4.0,-1.0,7.682,-4.0,1.422,6.07,4.561,10.255,-2.001,-4.0,-2.0,-4.0,-4.0,-4.0,-3.999,1.078,-4.998,2.099,-3.0,-4.0,16.341,-2.999,-4.0,-3.999,0.997,-1.007,-4.0,-5.0,-3.0,19.733,-3.0,9.052,0.954,-1.0,-1.033,-4.999,-0.012,-4.0,0.805,-5.0,-1.01,-5.0,11.185,-3.0,-4.999,1.954,4.342,0.0,4.844,-2.0,-2.0,-4.0,7.36,7.316,-4.0,-2.0,-1.015,-5.999,-4.0,-4.0,-3.999,-3.0,-3.0,-6.0,4.136,-4.0,7.201,0.0,0.0,0.0,0.0,0.0,0.0,0.0,0.0,0.0,0.0
GoldS210,XAUUSDc,766,-5.3895,-10.779,3,-0.2562,0.0,476,32.3529,1,9,0,0.01,1.9,1.5,0.0,0.0,15,1,-14.513,0,0,2,0,0.8,0.0,0.0,0.0,0.0,0.0,1.479,1.967,-4.0,0.385,-4.0,-5.0,4.682,-0.507,-3.0,-0.504,-3.501,1.644,-2.999,-4.0,-3.0,-0.266,-1.591,3.979,0.845,-1.455,2.252,-1.478,0.263,-1.738,-2.511,-4.0,-4.0,-0.51,2.528,1.558,4.515,-4.999,3.356,-3.0,3.737,-3.0,-0.515,-0.16,-2.0,2.689,-3.0,-4.0,4.543,3.855,-2.51,5.195,-1.503,-2.558,-1.511,-1.0,-2.879,-1.51,-2.927,0.348,0.154,4.638,-3.501,-3.0,4.625,-4.0,1.308,0.863,1.934,0.493,1.033,5.83,3.529,-1.036,3.467,4.295,0.0,-5.0,-0.501,-2.503,2.066,-0.387,2.731,2.61,1.371,-0.509,0.093,-1.0,-2.665,3.877,4.633,-4.0,-1.123,-0.2,-2.505,-2.502,0.436,-2.0,4.769,-4.0,4.947,0.0,1.399,-2.0,-2.0,-2.559,0.465,0.788,1.819,-0.539,10.066,-2.7,-4.0,1.061,0.461,0.687,1.763,-2.278,5.11,-3.0,0.72,0.0,0.0,0.0,0.0,0.0,0.0,0.0,0.0,0.0,0.0
GoldS210,XAUUSDc,586,8.626,12.939,4,0.322,40.84,486,30.6584,1,9,0,0.01,1.9,1.5,0.0,0.0,15,1,7.655,1,0,2,0,0.6,0.0,0.0,0.0,0.0,0.0,1.479,0.628,-4.0,1.051,-4.0,-5.0,6.801,-1.507,-3.0,-0.504,-4.502,2.651,-2.999,-4.0,-4.0,-3.88,-1.255,3.934,2.355,-1.455,-1.023,-1.478,0.934,-1.288,-2.511,-4.0,-4.0,-0.51,3.535,2.49,2.77,-5.0,3.938,-3.0,4.625,-0.03,-0.515,0.827,-2.0,1.665,-3.0,-4.0,6.403,5.852,-2.51,7.178,-1.503,-1.974,-1.511,-1.0,-2.879,-1.51,-2.353,-0.454,1.525,5.158,-3.501,-3.0,5.364,-4.0,2.451,1.424,3.319,0.493,1.979,1.987,4.899,-0.396,3.467,5.9,0.0,-4.999,-0.501,-2.503,2.801,0.414,2.731,4.429,1.985,0.121,0.093,-1.0,-2.154,5.773,6.969,-4.0,-1.123,0.351,-2.505,-2.502,1.078,-2.0,1.22,-4.0,3.904,0.0,1.399,-2.0,-2.0,-2.559,0.465,1.394,-1.526,-0.539,11.958,-2.053,-4.0,1.061,1.088,1.289,2.443,-1.462,7.205,-3.0,1.16,0.0,0.0,0.0,0.0,0.0,0.0,0.0,0.0,0.0,0.0
GoldS210,XAUUSDc,669,-19.756,-59.268,2,-0.8086,0.0,461,14.0998,1,7,0,0.01,1.9,2.5,0.0,0.5,15,1,-71.803,31,0,2,0,0.6,0.0,0.0,0.0,0.0,0.0,-1.0,8.699,-4.0,-3.0,-3.999,-5.0,-0.501,0.489,-3.0,0.494,-3.503,-2.0,-2.999,-4.0,-3.0,-3.0,2.39,-4.0,1.912,2.796,-1.519,-5.0,3.23,6.124,-5.0,-4.0,-4.0,0.483,5.59,-1.513,2.082,0.79,2.369,-3.0,-1.524,-3.0,-3.0,-4.0,-3.0,-3.0,-3.0,-4.0,10.663,0.511,-5.0,8.722,-4.0,-6.0,-4.0,-1.0,4.329,-4.0,2.418,-4.0,1.442,8.282,-1.501,-3.0,-2.0,-5.0,-1.529,-4.0,6.541,0.546,18.621,4.889,-3.0,-3.0,10.277,-3.0,-4.0,-4.0,0.498,-1.506,-4.0,-3.0,1.913,9.535,-3.0,2.302,2.302,-1.0,-6.0,-5.0,18.32,-4.0,0.594,-2.525,2.609,-5.0,2.671,-2.0,-5.0,-4.0,-5.0,0.0,0.852,-2.0,-2.0,-1.593,2.683,-2.56,-4.0,-2.0,9.063,-5.999,-4.0,10.008,-5.999,-3.0,-3.0,2.262,1.382,-3.0,2.819,0.0,0.0,0.0,0.0,0.0,0.0,0.0,0.0,0.0,0.0
GoldS210,XAUUSDc,25,-1.1807,-3.542,2,-0.1472,0.0,477,50.1048,1,7,0,0.01,1.5,1.0,0.0,1.0,15,1,-4.542,0,0,2,0,0.0,0.0,0.0,0.0,0.0,0.0,0.986,-1.008,-1.022,0.986,-0.015,-2.003,0.941,0.977,-1.047,-0.009,-4.001,-0.165,0.934,0.755,-3.0,-2.068,-1.071,1.979,-0.125,0.93,0.932,1.982,1.99,-2.012,-2.007,-0.059,-4.0,-0.049,-2.008,-0.061,2.89,1.99,0.968,-1.077,0.978,-3.0,0.935,-0.007,-1.0,-1.002,-0.001,-4.0,2.891,-1.147,-3.007,2.948,1.942,-2.016,-2.007,-1.0,-4.009,-2.007,2.922,-1.054,0.96,3.819,0.967,-3.0,1.955,-0.088,-1.026,0.962,4.953,0.99,-0.023,2.984,1.936,-0.016,3.977,-0.018,-1.103,-1.0,-1.001,-3.002,1.973,-1.059,1.985,-2.0,-0.046,-0.023,-1.015,-1.0,0.918,-1.034,0.946,-4.0,-2.011,1.926,-2.048,-2.017,3.922,-0.006,4.907,-2.004,1.965,0.0,-0.068,-2.0,0.941,-1.09,-0.023,-0.029,-0.019,0.973,3.924,-2.034,-2.007,-0.022,2.932,-2.055,-0.032,-0.097,1.965,-0.008,1.91,0.0,0.0,0.0,0.0,0.0,0.0,0.0,0.0,0.0,0.0
GoldS210,XAUUSDc,591,-5.2483,-15.745,2,-0.3802,0.0,483,31.0559,1,11,0,0.01,1.5,1.5,0.0,0.5,15,1,-20.86,1,0,2,0,0.6,0.0,0.0,0.0,0.0,0.0,1.479,0.393,-4.0,-0.508,-4.0,-5.0,4.242,-0.507,-4.0,-0.504,-4.501,2.651,-3.0,-4.0,-3.0,1.115,-1.379,3.934,1.664,-0.203,-1.023,-1.478,1.543,-1.288,-2.511,-4.0,-4.0,-0.51,2.497,2.069,-0.985,-5.0,3.938,0.963,4.067,-3.0,2.318,-0.068,-2.0,1.65,-3.0,-4.0,6.075,4.26,-2.51,3.442,-1.503,-1.974,-1.511,-1.0,-3.014,-1.51,-1.194,-0.373,0.486,2.734,-2.501,-3.0,3.442,-4.0,3.704,-0.038,3.439,0.493,1.935,1.986,4.403,0.795,3.467,5.478,-4.0,-4.0,-0.501,-2.503,2.317,-0.217,2.731,2.617,0.944,-1.025,-0.523,-1.0,-2.517,4.567,1.617,-4.0,-1.123,-1.069,-1.552,-2.502,1.078,-2.0,2.221,-4.0,3.729,0.0,1.399,-2.0,-2.0,-2.559,0.465,-0.083,-1.526,-0.539,11.949,-2.053,-4.0,0.966,-1.04,1.289,2.162,-2.023,6.398,-3.0,2.092,0.0,0.0,0.0,0.0,0.0,0.0,0.0,0.0,0.0,0.0
GoldS210,XAUUSDc,48,-10.0083,-30.025,2,-0.3499,0.0,505,22.3762,1,5,0,0.01,1.5,1.5,0.0,0.5,15,1,-58.448,17,0,2,0,0.0,0.0,0.0,0.0,0.0,0.0,1.479,-3.506,-4.0,-1.508,-3.0,-5.999,-0.016,-0.507,-3.0,-0.002,-4.502,-3.0,-5.0,-4.0,-3.0,-2.157,-0.795,-3.519,-1.925,-5.0,-0.879,-1.94,-4.0,0.96,-5.0,-4.0,-4.0,-2.51,-2.511,0.514,8.91,-6.0,1.089,1.512,11.554,-3.0,-0.515,-5.0,-2.0,-2.999,-4.0,-3.0,-3.563,3.221,-2.51,17.664,-1.503,-6.0,-1.511,-1.0,-3.014,0.594,-1.194,-4.0,0.486,23.24,-1.007,-3.0,7.535,-4.0,-0.565,2.541,1.415,0.493,-0.076,4.358,11.939,2.269,7.962,5.632,-4.0,-4.0,-0.501,-2.503,-1.509,10.429,5.661,24.423,0.944,0.09,0.093,-1.0,-6.0,2.74,-2.506,-4.0,-1.123,0.351,-0.632,-2.502,-0.068,-3.0,1.544,-4.0,1.427,0.0,1.399,-2.0,-3.0,-2.559,0.465,-3.536,-1.526,-0.539,2.848,-6.0,-5.0,8.272,-1.041,1.104,0.218,-6.0,1.791,-4.0,2.087,0.0,0.0,0.0,0.0,0.0,0.0,0.0,0.0,0.0,0.0
GoldS210,XAUUSDc,838,-15.894,-31.788,3,-0.5655,0.0,440,17.5,1,9,0,0.01,1.9,2.5,0.0,0.0,15,1,-41.501,25,0,2,0,0.8,0.0,0.0,0.0,0.0,0.0,-1.0,8.886,-4.0,-3.0,-4.0,-5.0,-0.5,0.488,-3.0,0.494,-2.502,-2.0,-2.999,-4.0,-3.0,-2.0,0.817,-4.0,-5.0,-0.317,4.184,2.295,2.61,3.586,0.533,-4.0,-4.0,0.483,3.164,-0.513,2.487,-5.999,-0.515,-3.0,-1.524,-3.0,3.238,2.322,-2.0,2.116,-3.0,-4.0,4.134,-2.339,-5.0,15.366,-4.0,-6.0,-4.0,-1.0,2.674,-4.0,-0.501,4.243,1.623,7.261,-2.501,-3.0,-2.0,-5.0,0.344,-4.0,3.646,0.546,11.294,1.526,3.612,-3.0,9.791,-3.0,0.0,-5.0,0.498,-1.506,-4.0,-3.0,1.732,12.282,-3.0,-1.152,2.302,-1.0,-0.411,0.339,11.682,-4.0,0.163,-1.525,-1.508,-5.0,-0.621,-2.0,-4.0,-0.177,1.67,0.0,0.852,-2.0,-2.0,-1.593,1.441,3.38,7.102,-2.0,5.844,-6.0,-4.0,-0.536,3.487,-4.0,-3.0,2.289,1.034,-3.0,1.591,0.0,0.0,0.0,0.0,0.0,0.0,0.0,0.0,0.0,0.0
GoldS210,XAUUSDc,686,-8.2843,-24.853,2,-0.3246,0.0,448,11.8304,1,9,0,0.01,1.5,3.0,0.0,0.0,15,1,-48.51,31,0,2,0,0.6,0.0,0.0,0.0,0.0,0.0,-1.0,15.067,-4.0,-3.0,-4.0,-5.0,-0.001,-0.014,-3.0,-3.0,-3.004,-2.0,-2.999,-4.0,-4.0,-6.0,2.969,-4.0,-5.0,0.252,-5.0,-5.0,5.868,13.13,-3.999,-4.0,-4.0,-3.0,8.711,-0.016,-5.0,-6.0,3.315,-3.0,-1.029,4.184,-3.0,6.195,-2.0,-3.0,-3.0,-4.0,2.18,-0.029,-5.0,7.732,-4.999,-6.0,-4.0,-1.0,9.203,-4.0,1.422,6.071,4.19,9.838,-2.001,-3.0,-2.0,-5.0,-4.0,-4.0,-3.999,1.066,17.982,2.099,-3.0,-3.0,21.657,-3.0,0.0,-4.999,0.997,-1.007,-4.0,-3.0,5.814,17.924,-3.0,0.883,3.407,-1.0,3.366,-5.0,7.475,-4.0,0.805,-6.0,-1.01,-5.0,4.97,-2.0,-5.0,1.954,0.037,0.0,3.42,-2.0,-2.0,-4.0,7.36,7.115,-4.0,-2.0,16.596,-6.0,-4.0,-4.0,-4.0,-3.0,-3.0,-4.999,3.746,-3.0,4.252,0.0,0.0,0.0,0.0,0.0,0.0,0.0,0.0,0.0,0.0
GoldS210,XAUUSDc,847,-8.2695,-16.539,3,-0.4653,0.0,434,18.894,1,11,0,0.01,1.7,2.5,0.0,0.5,15,1,-26.215,24,0,2,0,0.8,0.0,0.0,0.0,0.0,0.0,-1.0,7.353,-4.0,-3.0,-4.0,-5.0,-0.501,0.488,-3.0,0.494,-2.503,6.131,-1.999,-4.0,-3.0,-2.0,6.482,-4.0,-5.0,1.547,4.183,1.564,3.627,3.586,0.533,-4.0,-4.0,0.483,3.197,-0.513,2.339,-6.0,-0.515,2.247,-1.524,-3.0,7.319,1.587,-2.0,-2.0,-3.0,-4.0,6.334,-3.647,-5.0,15.632,-4.0,-6.0,-4.0,-1.0,2.353,-4.0,2.046,4.398,0.442,4.602,-1.501,-3.0,-2.0,-4.0,-0.529,-4.0,1.518,0.558,3.731,2.32,3.612,-2.0,8.288,-3.0,0.0,-5.0,0.498,-1.506,-4.0,-3.0,1.732,10.387,-3.0,0.471,0.461,-1.0,-1.527,-0.304,10.012,-4.0,0.163,-1.526,1.472,-5.0,0.176,-2.0,-3.999,-0.177,3.634,0.0,0.852,-2.0,-2.0,-1.593,1.441,2.591,6.79,-2.0,5.826,-6.0,-4.0,5.715,2.968,-4.0,-3.0,2.032,1.778,-4.0,1.332,0.0,0.0,0.0,0.0,0.0,0.0,0.0,0.0,0.0,0.0
GoldS210,XAUUSDc,420,-0.758,-2.274,2,-0.0528,0.0,456,31.1404,1,5,0,0.01,1.5,1.5,0.0,1.0,15,1,-13.352,5,0,2,0,0.4,0.0,0.0,0.0,0.0,0.0,1.479,2.721,-4.0,-0.508,-1.502,-0.317,2.429,-0.507,-3.0,-0.002,-4.502,2.78,-2.0,-0.555,-3.0,-0.593,-0.795,1.679,3.7,-2.554,2.564,-4.0,-3.0,-0.36,0.307,-1.515,-4.0,-1.51,-1.511,1.015,1.465,-5.0,9.472,-0.58,2.469,-3.0,-0.515,0.489,-1.0,-3.0,-3.0,-4.0,2.399,-2.766,-2.51,4.856,0.946,-6.0,-1.511,-1.0,-3.014,0.594,1.933,1.291,1.439,4.971,-1.007,-3.0,3.442,-3.999,1.107,2.541,2.838,0.493,3.04,4.269,4.498,-0.525,5.077,9.627,-2.0,-2.0,-1.501,-2.503,-1.509,-0.568,1.994,4.248,0.944,0.09,0.093,-1.0,-3.517,2.74,2.419,-4.0,-1.516,0.931,-1.552,-2.502,-0.068,-2.0,10.55,-4.0,4.918,0.0,1.399,-2.0,0.794,1.602,0.465,-1.536,-1.526,-0.539,2.567,-3.519,-3.0,3.669,-0.041,-1.56,-1.532,-0.669,4.748,-3.999,0.94,0.0,0.0,0.0,0.0,0.0,0.0,0.0,0.0,0.0,0.0
GoldS210,XAUUSDc,619,-0.352,-0.704,3,-0.0175,0.0,468,22.0085,1,11,0,0.01,1.7,2.0,0.0,0.0,15,1,-9.515,21,0,2,0,0.6,0.0,0.0,0.0,0.0,0.0,1.972,4.969,-4.0,2.635,-4.0,-5.0,10.087,-1.01,-3.0,-0.005,-4.003,5.926,-3.0,-4.0,-4.0,2.115,0.129,-4.0,-4.999,-0.886,-2.015,-0.577,3.818,0.748,-0.332,-4.0,-4.0,-0.014,4.968,7.251,-6.0,-6.0,-1.011,2.234,0.971,-1.017,0.571,1.386,-2.0,-3.0,-3.0,-4.0,3.54,5.012,-2.014,10.697,-1.004,-6.0,-1.014,-1.0,0.642,-4.0,-1.428,0.829,2.579,3.169,-3.001,-3.0,0.856,-4.0,-0.456,-4.0,13.537,0.991,1.761,0.985,-0.014,-3.0,6.061,-3.0,-4.0,-4.0,-0.002,-2.005,1.43,5.811,-0.001,12.888,-0.009,8.267,-0.031,-1.0,-2.022,-0.6,6.992,-4.0,-0.48,-2.02,-2.006,-5.0,-0.507,-2.0,-4.999,-0.162,3.245,0.0,-0.11,-2.0,-2.0,-2.076,0.953,0.888,-4.0,-2.0,12.216,-6.0,-4.0,2.086,4.94,4.803,6.477,-5.0,9.701,-3.0,-1.01,0.0,0.0,0.0,0.0,0.0,0.0,0.0,0.0,0.0,0.0
GoldS210,XAUUSDc,333,3.9957,11.987,2,0.1196,568.53,483,8.9027,1,7,0,0.01,1.9,3.0,0.0,0.0,15,1,-56.163,22,0,2,0,0.2,0.0,0.0,0.0,0.0,0.0,-1.0,18.344,-3.999,-4.0,-3.0,-6.0,-0.001,-0.014,-2.0,-3.0,-3.004,-3.0,-5.0,-4.0,-4.0,-6.0,4.584,-5.0,0.3,2.248,-5.0,-5.0,-5.0,33.903,-5.0,-4.0,-4.0,-2.999,19.275,-2.016,-4.0,-6.999,18.46,-3.0,-1.029,5.943,-2.999,-6.0,-2.0,-2.999,-4.0,-3.0,-5.999,35.505,-5.0,-6.0,-5.0,-6.0,-4.0,-1.0,-3.597,-4.0,2.724,15.65,3.587,13.729,-1.239,-3.0,-3.0,13.397,-4.0,-4.0,-6.0,2.066,64.15,5.488,-3.0,-3.999,26.099,-3.0,-4.0,-4.0,0.997,-1.007,-5.0,-4.0,-3.0,-3.999,-3.0,7.978,3.407,-1.0,-5.999,-5.0,4.492,-4.0,0.329,-4.999,-1.01,-5.0,-5.0,-3.0,-6.0,-4.0,-5.0,0.0,4.816,-2.0,-2.0,-4.0,9.873,-2.072,-4.0,-2.0,-4.0,-6.0,-4.0,-4.0,-4.0,-3.0,-3.0,-6.0,5.193,-4.0,15.429,0.0,0.0,0.0,0.0,0.0,0.0,0.0,0.0,0.0,0.0
GoldS210,XAUUSDc,656,-17.8083,-53.425,2,-0.7526,0.0,476,13.2353,1,5,0,0.01,1.9,2.5,0.0,0.0,15,1,-69.666,30,0,2,0,0.6,0.0,0.0,0.0,0.0,0.0,-1.0,9.756,-4.0,-3.0,-4.0,-5.0,-0.501,-0.512,-2.0,1.787,-3.502,-2.0,-3.0,-4.0,-5.0,4.91,2.39,-4.0,1.904,4.797,-2.519,1.033,5.415,5.92,-5.0,-4.0,-4.0,0.483,-5.0,-2.513,-6.0,-5.0,0.081,3.432,-1.524,2.81,-3.0,-5.0,-3.0,-3.0,-3.0,-4.0,11.088,4.125,-5.0,11.102,-4.0,-6.0,-4.0,-1.0,-4.189,-4.0,-6.0,6.896,3.51,7.124,-2.501,-3.0,-3.0,-4.0,0.994,-0.147,-2.999,4.202,7.344,3.775,5.45,-3.999,9.457,-2.999,-4.0,-4.0,0.498,-1.506,-4.0,-3.0,5.826,10.739,-3.0,3.931,2.302,-1.0,-6.0,-5.0,19.776,-4.0,0.163,-2.526,1.847,-5.0,0.826,-2.0,-6.0,-4.0,5.473,0.0,0.852,-2.0,-2.0,-1.593,2.683,-2.56,-4.0,-2.0,10.798,-6.0,-5.0,7.98,3.368,-3.0,-4.0,-5.0,-4.0,-3.0,3.818,0.0,0.0,0.0,0.0,0.0,0.0,0.0,0.0,0.0,0.0
GoldS210,XAUUSDc,872,-4.698,-28.188,1,-0.4602,0.0,445,12.5843,1,5,0,0.01,1.9,3.0,0.0,0.0,15,1,-43.61,36,0,2,0,0.8,0.0,0.0,0.0,0.0,0.0,-1.0,11.462,-4.0,-3.0,-4.0,-5.0,0.0,0.987,-3.0,-3.0,-2.003,-2.0,-2.999,-4.0,-3.0,-3.0,2.019,-4.0,1.794,5.554,-6.0,-4.0,4.74,8.913,-5.0,-4.0,-4.0,-3.0,-5.0,-1.016,7.646,-6.0,3.865,3.131,-1.029,-3.0,-3.0,-4.0,-2.999,5.343,-3.0,-4.0,5.876,4.919,-5.0,7.107,-4.0,-6.0,-4.0,-1.0,8.899,-3.999,-5.0,8.161,3.386,9.593,-0.646,-3.0,-2.0,2.484,-3.999,3.73,-3.0,4.266,-6.0,4.064,7.654,-4.0,11.629,-3.0,0.0,-5.0,0.997,-1.007,-4.0,-3.0,7.927,8.693,-3.0,3.238,3.407,-1.0,-6.0,-5.0,5.935,-4.0,0.805,-5.0,1.699,-5.0,4.242,-2.0,-3.0,1.43,11.415,0.0,4.002,-2.0,-2.0,-4.0,9.72,-1.073,3.186,-2.0,12.423,-6.0,-5.0,-4.0,-5.0,-3.0,-3.999,-5.0,1.902,-3.0,4.338,0.0,0.0,0.0,0.0,0.0,0.0,0.0,0.0,0.0,0.0
GoldS210,XAUUSDc,664,-26.408,-79.224,2,-0.8392,0.0,470,12.9787,1,5,0,0.01,1.7,2.5,0.0,0.5,15,1,-93.021,28,0,2,0,0.6,0.0,0.0,0.0,0.0,0.0,-1.0,9.852,-4.0,-3.0,-4.0,-5.0,-0.501,0.488,-3.0,1.787,-3.503,-2.0,-3.0,-4.0,-3.0,-3.0,2.39,-4.0,1.904,4.409,-2.519,-0.192,5.415,5.919,-5.0,-4.0,-4.0,0.483,-5.0,-2.513,-7.0,-5.0,0.081,3.432,-1.524,-3.0,-3.0,-4.0,-3.0,-3.0,-3.0,-4.0,10.084,1.226,-5.0,12.49,-4.0,-6.0,-4.0,-1.0,-4.51,-4.0,2.418,-4.0,1.442,6.807,-1.501,-3.0,-2.0,-5.0,-1.527,-4.0,10.01,4.202,5.209,4.889,5.45,-3.0,9.457,-2.999,-4.0,-4.0,0.498,-1.506,-4.0,-3.0,5.826,10.739,-3.0,2.449,2.302,-1.0,-6.0,-5.0,15.898,-4.0,0.163,-2.526,1.847,-5.0,0.826,-2.0,-5.0,-4.0,5.111,0.0,0.852,-2.0,-1.999,-1.593,2.683,-2.561,-4.0,-2.0,10.798,-6.0,-5.0,10.596,-6.0,-3.0,-4.0,-5.0,-4.0,-3.0,2.818,0.0,0.0,0.0,0.0,0.0,0.0,0.0,0.0,0.0,0.0
GoldS210,XAUUSDc,831,-7.6413,-22.924,2,-0.5461,0.0,435,18.3908,1,11,0,0.01,1.5,2.5,0.0,0.0,15,1,-32.6,24,0,2,0,0.8,0.0,0.0,0.0,0.0,0.0,-1.0,5.904,-4.0,-2.999,-4.0,-5.0,-0.501,0.488,-3.0,0.494,-2.503,6.131,-1.999,-4.0,-3.0,-2.0,0.439,-4.0,-5.0,-0.317,4.183,2.564,3.627,3.586,0.533,-4.0,-4.0,0.483,4.355,-0.513,2.848,-6.0,-0.515,2.247,-1.524,-3.0,7.319,1.587,-2.0,-2.0,-3.0,-4.0,4.134,-2.339,-5.0,15.632,-4.0,-6.0,-4.0,-1.0,2.674,-4.0,-0.501,4.242,1.618,5.645,-2.501,-3.0,-2.0,-4.0,0.344,-4.0,1.518,0.558,3.731,1.526,3.612,-3.0,8.288,-3.0,0.0,-5.0,0.498,-1.506,-4.0,-3.0,1.732,11.949,-3.0,0.883,0.461,-1.0,-1.527,-0.432,10.829,-4.0,0.163,-1.526,3.196,-5.0,0.176,-2.0,-3.999,-0.177,3.634,0.0,0.852,-2.0,-2.0,-1.593,1.441,2.591,6.79,-2.0,5.826,-6.0,-4.0,4.923,2.395,-4.0,-3.0,2.289,1.778,-4.0,1.332,0.0,0.0,0.0,0.0,0.0,0.0,0.0,0.0,0.0,0.0
GoldS210,XAUUSDc,689,2.2853,3.428,4,0.0688,790.4,455,11.4286,1,7,0,0.01,1.7,3.0,0.0,0.0,15,1,-23.667,32,0,2,0,0.6,0.0,0.0,0.0,0.0,0.0,-1.0,12.858,-3.999,-3.0,-3.999,-5.0,0.0,-0.013,-2.0,-3.0,-3.003,-2.0,-2.999,-4.0,-4.0,-6.0,4.058,-4.0,3.616,2.248,-5.0,-5.0,18.461,13.352,-5.0,-4.0,-4.0,-3.0,8.976,-1.016,-4.0,-5.0,3.704,-3.0,-1.029,5.837,-3.0,-4.0,-3.0,-3.0,-3.0,-4.0,4.732,6.55,-5.0,10.477,-5.0,-6.0,-4.0,-1.0,10.477,-4.0,-1.047,11.834,3.587,12.709,-0.239,-3.0,-1.999,3.47,-4.0,-4.0,-3.999,1.066,23.095,5.249,-3.0,-4.0,12.375,-3.0,-4.0,-3.999,0.997,-1.007,-4.0,-3.0,5.404,13.625,-3.0,7.389,3.407,-1.0,-6.0,-4.0,11.65,-4.0,1.329,-6.0,-1.01,-5.0,9.739,-2.0,-6.0,-4.0,-5.0,0.0,4.816,-2.0,-2.0,-4.0,9.873,-2.073,-4.0,-2.0,19.746,-5.999,-4.0,-4.0,-3.998,-3.0,-3.0,-4.999,2.269,-3.0,6.88,0.0,0.0,0.0,0.0,0.0,0.0,0.0,0.0,0.0,0.0
GoldS210,XAUUSDc,424,-0.758,-2.274,2,-0.0528,0.0,456,31.1404,1,5,0,0.01,1.7,1.5,0.0,1.0,15,1,-13.352,5,0,2,0,0.4,0.0,0.0,0.0,0.0,0.0,1.479,2.721,-4.0,-0.508,-1.502,-0.317,2.429,-0.507,-3.0,-0.002,-4.502,2.78,-2.0,-0.555,-3.0,-0.593,-0.795,1.679,3.7,-2.554,2.564,-4.0,-3.0,-0.36,0.307,-1.515,-4.0,-1.51,-1.511,1.015,1.465,-5.0,9.472,-0.58,2.469,-3.0,-0.515,0.489,-1.0,-3.0,-3.0,-4.0,2.399,-2.766,-2.51,4.856,0.946,-6.0,-1.511,-1.0,-3.014,0.594,1.933,1.291,1.439,4.971,-1.007,-3.0,3.442,-3.999,1.107,2.541,2.838,0.493,3.04,4.269,4.498,-0.525,5.077,9.627,-2.0,-2.0,-1.501,-2.503,-1.509,-0.568,1.994,4.248,0.944,0.09,0.093,-1.0,-3.517,2.74,2.419,-4.0,-1.516,0.931,-1.552,-2.502,-0.068,-2.0,10.55,-4.0,4.918,0.0,1.399,-2.0,0.794,1.602,0.465,-1.536,-1.526,-0.539,2.567,-3.519,-3.0,3.669,-0.041,-1.56,-1.532,-0.669,4.748,-3.999,0.94,0.0,0.0,0.0,0.0,0.0,0.0,0.0,0.0,0.0,0.0
GoldS210,XAUUSDc,263,-5.46,-10.92,3,-0.1609,0.0,488,18.6475,1,11,0,0.01,1.9,2.0,0.0,0.0,15,1,-35.279,19,0,2,0,0.2,0.0,0.0,0.0,0.0,0.0,1.972,10.41,-4.0,-4.0,-3.0,-6.0,10.31,-1.01,-3.0,-0.005,-4.002,-3.0,0.546,-4.0,-4.0,-3.809,0.365,-2.025,-5.0,-0.886,-3.015,0.423,4.172,3.504,-0.331,-4.0,-4.0,-0.014,5.256,-1.011,-6.0,-6.0,-2.012,3.13,0.971,-1.017,0.571,1.386,-2.0,-3.0,-4.0,-3.0,-2.843,6.903,-2.014,24.156,-1.004,-6.0,-1.014,-1.0,0.642,-4.0,-1.428,0.829,2.579,6.895,-3.001,-4.0,2.849,-4.0,1.547,-4.0,12.624,0.991,7.815,0.985,-0.014,-3.999,11.518,-3.0,-4.0,-4.0,-0.002,-2.005,-4.0,-5.0,-0.001,-3.999,-0.009,9.688,-0.031,-1.0,-3.022,-0.6,-2.008,-4.0,-0.48,-3.021,-2.006,-5.0,-0.445,-3.0,-4.999,-0.162,3.688,0.0,-0.11,-2.0,-2.0,-2.076,0.953,0.888,-4.0,-2.0,23.307,-6.0,-4.0,2.086,12.829,6.424,15.368,-6.0,3.94,-4.0,-0.01,0.0,0.0,0.0,0.0,0.0,0.0,0.0,0.0,0.0,0.0
GoldS210,XAUUSDc,646,-4.82,-9.64,3,-0.2174,0.0,432,23.3796,1,9,0,0.01,1.9,2.0,0.0,1.0,15,1,-17.952,17,0,2,0,0.6,0.0,0.0,0.0,0.0,0.0,1.972,6.495,-4.0,-0.01,-1.003,-5.0,0.938,-0.01,-3.0,-0.005,-4.003,-2.0,-2.0,0.578,-3.0,1.422,0.152,-4.0,-1.0,3.214,-0.015,0.526,2.578,0.748,-3.0,-4.0,-4.0,-0.014,1.075,3.047,0.053,-6.0,-1.011,-0.083,0.97,-3.0,2.26,0.986,-1.0,-3.0,-3.0,-4.0,4.982,4.022,-2.014,10.048,-0.004,-6.0,-1.014,-1.0,0.414,-4.0,-0.032,2.345,3.365,3.254,-2.001,-3.0,-0.062,-4.0,-2.023,-4.0,14.389,0.991,5.847,0.985,-0.014,-3.0,6.061,-3.0,0.0,-3.0,-1.002,-2.005,2.114,1.884,-0.001,8.341,-0.009,6.433,1.197,-1.0,-3.022,0.114,6.169,-4.0,-1.022,-3.0,0.841,-5.0,-0.507,-2.0,-3.0,-2.032,5.419,0.0,-0.11,-2.0,1.484,-2.076,0.953,-0.049,-4.0,-2.0,13.577,-5.999,-3.0,1.955,-2.042,1.237,5.687,-4.0,6.441,-3.0,-2.009,0.0,0.0,0.0,0.0,0.0,0.0,0.0,0.0,0.0,0.0
GoldS210,XAUUSDc,693,2.2853,3.428,4,0.0688,790.4,455,11.4286,1,7,0,0.01,1.9,3.0,0.0,0.0,15,1,-23.667,32,0,2,0,0.6,0.0,0.0,0.0,0.0,0.0,-1.0,12.858,-3.999,-3.0,-3.999,-5.0,0.0,-0.013,-2.0,-3.0,-3.003,-2.0,-2.999,-4.0,-4.0,-6.0,4.058,-4.0,3.616,2.248,-5.0,-5.0,18.461,13.352,-5.0,-4.0,-4.0,-3.0,8.976,-1.016,-4.0,-5.0,3.704,-3.0,-1.029,5.837,-3.0,-4.0,-3.0,-3.0,-3.0,-4.0,4.732,6.55,-5.0,10.477,-5.0,-6.0,-4.0,-1.0,10.477,-4.0,-1.047,11.834,3.587,12.709,-0.239,-3.0,-1.999,3.47,-4.0,-4.0,-3.999,1.066,23.095,5.249,-3.0,-4.0,12.375,-3.0,-4.0,-3.999,0.997,-1.007,-4.0,-3.0,5.404,13.625,-3.0,7.389,3.407,-1.0,-6.0,-4.0,11.65,-4.0,1.329,-6.0,-1.01,-5.0,9.739,-2.0,-6.0,-4.0,-5.0,0.0,4.816,-2.0,-2.0,-4.0,9.873,-2.073,-4.0,-2.0,19.746,-5.999,-4.0,-4.0,-3.998,-3.0,-3.0,-4.999,2.269,-3.0,6.88,0.0,0.0,0.0,0.0,0.0,0.0,0.0,0.0,0.0,0.0
GoldS210,XAUUSDc,792,-14.4047,-43.214,2,-0.6543,0.0,464,21.1207,1,5,0,0.01,1.5,2.0,0.0,0.0,15,1,-50.459,8,0,2,0,0.8,0.0,0.0,0.0,0.0,0.0,1.972,4.03,-4.0,1.421,-4.0,-5.0,8.11,-0.009,-3.0,0.893,-3.002,-2.0,-2.999,-4.0,-3.0,2.514,-0.387,-4.0,-0.853,1.674,-3.015,-4.0,1.858,0.198,-5.0,-4.0,-4.0,-0.014,-5.0,9.372,1.22,-6.0,-0.943,1.246,0.97,-3.0,-3.0,-4.0,-2.999,0.539,-3.0,-4.0,5.396,4.179,-2.014,9.325,-1.004,-6.0,-1.014,-1.0,0.418,-3.999,-5.0,-0.405,1.862,4.469,-3.001,-3.0,1.42,-4.0,-0.982,-0.79,7.747,0.991,-0.338,1.787,3.112,-4.0,4.718,-3.0,0.0,-5.0,-0.002,-2.005,1.78,4.245,1.467,2.743,-0.009,4.364,1.197,-1.0,-6.0,-5.0,7.628,-4.0,-0.48,3.196,-0.529,-5.0,-2.063,-2.0,-3.0,-0.487,10.012,0.0,-0.11,-2.0,-2.0,-2.076,0.953,2.499,0.275,-2.0,9.795,-6.0,-5.0,3.76,3.11,2.46,5.272,-5.0,3.127,-3.0,-1.009,0.0,0.0,0.0,0.0,0.0,0.0,0.0,0.0,0.0,0.0
GoldS210,XAUUSDc,773,-9.2593,-27.778,2,-0.5301,0.0,475,31.3684,1,7,0,0.01,1.7,1.5,0.0,0.5,15,1,-31.252,0,0,2,0,0.8,0.0,0.0,0.0,0.0,0.0,1.479,1.828,-4.0,-0.508,-4.0,-5.0,3.477,-0.507,-3.0,-0.504,-3.502,1.644,-3.0,-4.0,-3.0,-0.738,1.683,3.836,0.969,-0.705,2.252,-4.0,-0.065,-1.553,-5.0,-4.0,-4.0,-0.51,2.336,3.486,3.764,-4.999,4.432,-3.0,3.891,-3.0,-0.515,-4.0,-3.0,2.658,-3.0,-4.0,4.521,3.636,-2.51,6.524,-1.503,-2.821,-1.511,-1.0,-3.014,-0.647,-2.882,-3.0,-0.514,3.926,-2.501,-3.0,4.32,-4.0,-0.269,0.863,1.73,0.493,1.266,6.614,3.401,0.157,3.467,4.598,0.0,-5.0,-0.501,-2.503,2.337,-0.694,2.731,2.2,0.944,-0.344,0.093,-1.0,-6.0,0.092,4.142,-4.0,-0.92,0.91,-1.552,-2.502,0.436,-2.0,3.805,-4.0,4.947,0.0,1.399,-2.0,-2.0,-2.559,0.465,0.788,1.819,-0.539,10.441,-2.7,-4.0,0.966,-1.041,0.687,1.718,-2.098,4.582,-3.0,0.7,0.0,0.0,0.0,0.0,0.0,0.0,0.0,0.0,0.0,0.0
GoldS210,XAUUSDc,765,-4.172,-12.516,2,-0.2715,0.0,474,31.4346,1,7,0,0.01,1.9,1.5,0.0,0.0,15,1,-16.25,0,0,2,0,0.8,0.0,0.0,0.0,0.0,0.0,1.479,1.623,-4.0,0.55,-4.0,-5.0,4.718,-0.507,-3.0,-0.504,-3.502,1.942,-3.0,-4.0,-3.0,-0.266,-1.579,3.836,0.969,-0.708,2.252,-4.0,-0.065,-1.554,-5.0,-4.0,-4.0,-0.51,2.91,3.815,4.239,-4.999,4.432,-3.0,3.891,-3.0,-0.515,-4.0,-3.0,2.658,-3.0,-4.0,4.687,4.221,-2.509,6.86,-1.503,-2.821,-1.511,-1.0,-2.879,-0.647,-5.0,0.355,0.154,5.026,-3.501,-3.0,5.792,-4.0,1.444,0.863,2.162,0.493,1.266,6.876,3.401,-1.036,3.467,4.598,0.0,-5.0,-0.501,-2.503,2.337,-0.387,2.883,2.71,1.371,0.025,0.093,-1.0,-6.0,3.089,4.551,-4.0,-0.92,-0.089,-0.94,-2.502,0.436,-2.0,3.829,-4.0,4.947,0.0,1.399,-2.0,-2.0,-2.559,0.465,0.788,1.819,-0.539,10.441,-2.7,-4.0,1.061,0.461,0.687,2.23,-1.776,4.714,-3.0,1.701,0.0,0.0,0.0,0.0,0.0,0.0,0.0,0.0,0.0,0.0
GoldS210,XAUUSDc,771,-5.3313,-15.994,2,-0.3938,0.0,470,33.4043,1,11,0,0.01,1.5,1.5,0.0,0.5,15,1,-19.409,0,0,2,0,0.8,0.0,0.0,0.0,0.0,0.0,1.479,1.695,-4.0,-0.508,-4.0,-5.0,3.477,-0.507,-3.0,-0.504,-3.502,1.644,-1.999,-4.0,-3.0,-0.585,1.429,3.979,0.487,-0.705,2.25,-1.478,0.593,-1.738,-2.511,-4.0,-4.0,-0.51,1.991,1.241,3.129,-5.0,3.356,0.341,3.447,-3.0,2.318,-0.606,-2.0,1.75,-3.0,-4.0,4.475,2.821,-2.51,5.084,-1.503,-2.558,-1.511,-1.0,-3.014,-1.51,-1.406,0.429,-0.514,2.734,-2.501,-3.0,3.442,-4.0,0.796,-0.038,1.974,0.493,0.982,5.196,3.399,0.157,3.467,4.247,0.0,-5.0,-0.501,-2.503,1.794,-0.694,2.731,1.597,0.944,-1.025,-0.523,-1.0,-2.516,3.281,4.113,-4.0,-1.123,-0.069,-1.552,-2.502,0.436,-2.0,4.678,-4.0,4.327,0.0,1.399,-2.0,-2.0,-2.559,0.465,-0.083,1.704,-0.539,9.784,-2.7,-4.0,0.966,-0.041,-0.313,1.718,-2.284,4.812,-3.0,1.7,0.0,0.0,0.0,0.0,0.0,0.0,0.0,0.0,0.0,0.0
GoldS210,XAUUSDc,662,-6.305,-18.915,2,-0.3351,0.0,451,15.7428,1,9,0,0.01,1.5,2.5,0.0,0.5,15,1,-34.69,31,0,2,0,0.6,0.0,0.0,0.0,0.0,0.0,-1.0,10.184,-4.0,-3.0,-4.0,-5.0,-0.501,0.488,-4.0,0.494,-3.503,-2.0,-2.999,-4.0,-3.0,-3.0,1.561,-4.0,-5.0,2.796,-1.519,4.567,4.224,5.77,0.533,-4.0,-4.0,0.483,5.393,-0.513,2.051,-6.0,-0.514,-3.0,-1.524,-3.0,-3.0,4.405,-2.0,-3.0,-3.0,-4.0,8.026,-3.647,-5.0,23.774,-4.0,-6.0,-4.0,-1.0,3.532,-4.0,2.418,3.838,1.442,6.835,-1.501,-3.0,-2.0,-5.0,-1.529,-4.0,6.541,0.546,15.47,2.694,-3.0,-2.0,14.365,-3.0,0.0,-5.0,0.498,-1.506,-4.0,-3.0,2.361,15.694,-3.0,0.83,2.302,-1.0,0.859,1.735,14.5,-4.0,0.163,-2.526,-1.508,-5.0,0.471,-2.0,-4.0,0.896,-0.649,0.0,0.852,-2.0,-2.0,-1.593,1.441,4.956,-4.0,-2.0,7.54,-6.0,-4.0,-0.536,-6.0,-3.0,-3.0,4.396,2.581,-3.0,1.648,0.0,0.0,0.0,0.0,0.0,0.0,0.0,0.0,0.0,0.0
GoldS210,XAUUSDc,719,-8.4847,-12.727,4,-0.3182,0.0,409,13.6919,1,11,0,0.01,1.9,3.0,0.0,1.0,15,1,-30.264,27,0,2,0,0.6,0.0,0.0,0.0,0.0,0.0,-1.0,11.709,-4.0,-3.0,-4.0,-5.0,-0.001,0.986,-3.0,-3.0,-3.003,8.486,-2.0,5.242,-3.0,-2.0,3.146,-4.0,-1.0,14.537,-3.0,-4.0,8.37,13.13,-3.0,-3.0,-4.0,-1.999,7.939,-0.016,-6.0,-6.0,3.315,0.91,-1.028,-3.0,5.362,1.979,-1.0,-3.0,-3.0,-4.0,4.499,0.841,-5.0,4.97,-4.0,-6.0,-4.0,-1.0,7.268,-4.0,1.953,7.87,7.186,-0.037,-1.001,-3.0,-2.0,-4.0,-4.0,-4.0,-4.0,1.078,-5.0,5.343,-3.0,-3.0,9.585,-3.0,0.0,-3.0,-0.003,-1.007,-4.0,-3.0,5.791,5.109,-3.0,4.538,0.954,-1.0,-0.033,-4.999,3.865,-4.0,-0.033,-3.0,4.593,-5.0,8.557,-2.0,-3.0,-1.04,9.032,0.0,4.844,-2.0,2.897,-4.0,8.04,0.927,-4.0,-2.0,14.186,-5.999,-3.0,-4.0,-5.0,-4.0,-3.0,-4.0,0.995,-4.0,4.44,0.0,0.0,0.0,0.0,0.0,0.0,0.0,0.0,0.0,0.0
GoldS210,XAUUSDc,516,-11.2637,-67.582,1,-0.5753,0.0,477,8.5954,1,5,0,0.01,1.5,3.0,0.0,0.5,15,1,-110.763,22,0,2,0,0.4,0.0,0.0,0.0,0.0,0.0,-1.0,29.853,-4.0,-4.0,-3.0,-5.0,-0.001,0.986,-3.0,-3.0,-3.004,-3.0,-5.0,-4.0,-3.0,-3.0,4.584,-4.0,-6.0,10.164,-6.0,-4.0,16.722,21.757,-5.0,-4.0,-4.0,-2.999,-5.0,-2.016,-7.0,-5.0,8.186,6.191,-1.028,-3.0,-3.0,-4.0,-3.0,-2.999,-4.0,-3.0,-5.0,10.19,-5.0,-7.0,-4.0,-6.0,-4.0,-1.0,-4.011,-4.0,3.724,-4.0,1.938,12.179,-0.646,-3.0,-2.0,-5.0,-4.999,-4.0,-5.998,10.493,-6.0,6.71,10.547,-3.0,-2.999,-3.0,-4.0,-4.0,0.997,-1.007,-4.0,-3.0,-3.0,40.181,-3.0,6.567,3.407,-1.0,-6.0,-5.0,4.935,-4.0,0.805,-6.0,4.886,-4.999,10.139,-3.0,-5.0,-4.0,-5.0,0.0,4.002,-2.0,-3.0,-4.0,21.02,-2.073,-4.0,-2.0,-5.0,-5.999,-5.0,-3.999,-6.0,-3.0,-4.0,-6.0,-4.0,-4.0,19.032,0.0,0.0,0.0,0.0,0.0,0.0,0.0,0.0,0.0,0.0
GoldS210,XAUUSDc,462,-0.841,-1.682,3,-0.0391,0.0,439,21.6401,1,9,0,0.01,1.7,2.0,0.0,1.0,15,1,-17.435,21,0,2,0,0.4,0.0,0.0,0.0,0.0,0.0,1.972,10.701,-4.0,-0.01,-1.003,-4.999,0.938,-0.009,-3.0,-0.005,-4.003,-2.0,-1.999,0.924,-3.0,3.095,0.211,-2.025,-1.0,7.167,-0.015,0.444,-3.0,1.972,-3.0,-4.0,-4.0,-1.014,3.262,3.047,1.007,-6.0,-1.011,-0.083,0.97,-3.0,3.41,0.986,-1.0,-3.0,-3.0,-4.0,-0.066,-2.161,-2.014,18.01,-0.004,-6.0,-1.014,-1.0,0.414,-4.0,-0.032,3.135,4.423,5.063,-3.001,-3.0,-0.061,-3.999,-2.023,-4.0,13.038,0.991,2.725,0.985,-0.014,-3.0,7.68,-2.999,-2.0,-2.0,-1.002,-2.005,-4.0,4.328,-0.001,6.486,-0.009,9.021,1.197,-1.0,-3.022,-6.0,6.789,-4.0,-1.022,-3.0,2.196,-5.0,-0.507,-2.0,-2.999,-2.032,6.635,0.0,-0.11,-2.0,1.484,-2.076,0.953,-0.049,-4.0,-2.0,15.872,-6.0,-3.0,1.955,-2.042,1.658,8.252,-5.0,6.441,-3.0,0.921,0.0,0.0,0.0,0.0,0.0,0.0,0.0,0.0,0.0,0.0
GoldS210,XAUUSDc,647,-6.2967,-18.89,2,-0.4683,0.0,431,23.4339,1,11,0,0.01,1.9,2.0,0.0,1.0,15,1,-27.209,16,0,2,0,0.6,0.0,0.0,0.0,0.0,0.0,1.972,4.97,-4.0,-0.01,-1.003,-5.0,0.938,-0.01,-3.0,-0.005,-4.002,4.08,-2.0,0.578,-3.0,0.842,0.129,-4.0,-1.0,4.211,-0.015,-0.577,3.818,0.748,-3.0,-3.0,1.67,-0.014,1.185,3.047,-6.0,-6.0,-1.011,-0.083,0.971,-3.0,2.26,0.986,-1.0,-3.0,-3.0,-4.0,4.982,4.022,-2.014,10.001,-0.004,-6.0,-1.014,-1.0,0.414,-4.0,-0.032,2.298,2.459,0.913,-2.001,-3.0,-0.062,-4.0,-2.023,-4.0,11.959,0.991,0.27,0.985,-0.014,-3.0,6.061,-3.0,0.0,-3.0,-1.002,-2.005,1.43,1.805,-0.001,7.698,-0.009,7.205,-0.031,-1.0,-2.022,-0.354,6.095,-4.0,-1.022,-3.0,0.398,-5.0,-0.507,-2.0,-3.0,-2.032,3.911,0.0,-0.11,-2.0,1.484,-2.076,0.953,-0.049,-4.0,-2.0,12.216,-5.999,-3.0,1.955,-2.042,1.237,5.687,-4.0,6.441,-3.0,-1.01,0.0,0.0,0.0,0.0,0.0,0.0,0.0,0.0,0.0,0.0
GoldS210,XAUUSDc,278,21.5705,43.141,3,0.8124,87.35,442,21.0407,1,9,0,0.01,1.5,2.0,0.0,1.0,15,1,5.458,20,0,2,0,0.2,0.0,0.0,0.0,0.0,0.0,1.972,21.214,-4.0,-0.01,-1.003,-5.0,0.938,-0.01,-3.0,-0.005,-4.003,-2.0,-1.999,0.924,-3.0,1.712,0.211,-2.025,-2.0,-1.058,-0.015,1.403,-3.0,2.504,-3.0,-4.0,-4.0,-1.014,3.262,3.047,1.007,-6.0,-2.012,-0.083,0.97,-3.0,3.41,0.986,-1.0,-3.0,-3.0,-4.0,-0.066,-2.161,-2.014,40.201,-0.004,-6.0,-1.014,-1.0,0.414,-4.0,-0.032,3.135,6.501,6.02,-3.001,-3.0,-0.061,-3.999,-2.023,-4.0,17.579,0.991,4.978,0.985,-0.014,-3.0,13.008,-2.999,-2.0,-2.0,-1.002,-2.005,-4.0,-4.0,-0.001,-4.0,-0.009,13.295,1.197,-1.0,-3.022,-6.0,6.789,-4.0,-1.022,-3.0,5.236,-5.0,-0.507,-2.0,-2.999,-2.032,6.635,0.0,-0.11,-2.0,1.484,-2.076,0.953,-0.049,-4.0,-2.0,34.408,-6.0,-3.0,1.955,-2.042,1.658,8.299,-5.0,6.441,-4.0,1.92,0.0,0.0,0.0,0.0,0.0,0.0,0.0,0.0,0.0,0.0
GoldS210,XAUUSDc,668,-26.408,-79.224,2,-0.8392,0.0,470,12.9787,1,5,0,0.01,1.9,2.5,0.0,0.5,15,1,-93.021,28,0,2,0,0.6,0.0,0.0,0.0,0.0,0.0,-1.0,9.852,-4.0,-3.0,-4.0,-5.0,-0.501,0.488,-3.0,1.787,-3.503,-2.0,-3.0,-4.0,-3.0,-3.0,2.39,-4.0,1.904,4.409,-2.519,-0.192,5.415,5.919,-5.0,-4.0,-4.0,0.483,-5.0,-2.513,-7.0,-5.0,0.081,3.432,-1.524,-3.0,-3.0,-4.0,-3.0,-3.0,-3.0,-4.0,10.084,1.226,-5.0,12.49,-4.0,-6.0,-4.0,-1.0,-4.51,-4.0,2.418,-4.0,1.442,6.807,-1.501,-3.0,-2.0,-5.0,-1.527,-4.0,10.01,4.202,5.209,4.889,5.45,-3.0,9.457,-2.999,-4.0,-4.0,0.498,-1.506,-4.0,-3.0,5.826,10.739,-3.0,2.449,2.302,-1.0,-6.0,-5.0,15.898,-4.0,0.163,-2.526,1.847,-5.0,0.826,-2.0,-5.0,-4.0,5.111,0.0,0.852,-2.0,-1.999,-1.593,2.683,-2.561,-4.0,-2.0,10.798,-6.0,-5.0,10.596,-6.0,-3.0,-4.0,-5.0,-4.0,-3.0,2.818,0.0,0.0,0.0,0.0,0.0,0.0,0.0,0.0,0.0,0.0
GoldS210,XAUUSDc,837,-12.528,-25.056,3,-0.4408,0.0,442,16.9683,1,7,0,0.01,1.9,2.5,0.0,0.0,15,1,-37.241,26,0,2,0,0.8,0.0,0.0,0.0,0.0,0.0,-1.0,8.027,-4.0,-3.0,-4.0,-5.0,-0.501,0.488,-3.0,0.494,-2.503,-2.0,-3.0,-4.0,-3.0,-2.0,0.837,-4.0,0.489,1.262,4.184,-5.0,2.115,3.64,-5.0,-4.0,-4.0,0.483,3.21,-1.513,1.812,-0.376,1.144,-3.0,-1.522,-3.0,3.045,-4.0,-3.0,1.818,-3.0,-4.0,7.21,0.159,-4.999,19.108,-4.0,-6.0,-4.0,-1.0,3.071,-3.999,-5.0,6.105,1.623,8.258,-2.501,-3.0,-2.0,0.931,0.697,-4.0,3.646,0.546,11.807,2.829,-2.0,-4.0,8.288,-3.0,0.0,-5.0,0.498,-1.506,-4.0,-3.0,1.466,12.916,-3.0,1.883,2.302,-1.0,-6.0,-0.369,16.356,-4.0,0.526,-2.525,2.921,-5.0,0.576,-2.0,-4.0,-4.0,3.335,0.0,0.852,-2.0,-2.0,-1.593,2.683,-1.561,6.813,-2.0,6.48,-6.0,-4.0,6.113,2.149,-3.0,-3.0,1.679,0.304,-3.0,3.234,0.0,0.0,0.0,0.0,0.0,0.0,0.0,0.0,0.0,0.0
GoldS210,XAUUSDc,429,-1.622,-3.244,3,-0.0782,0.0,454,31.9383,1,7,0,0.01,1.9,1.5,0.0,1.0,15,1,-12.361,4,0,2,0,0.4,0.0,0.0,0.0,0.0,0.0,1.479,2.451,-4.0,-0.508,-1.502,-1.802,2.429,-0.507,-3.0,-0.504,-4.502,2.594,-1.999,-0.555,-3.0,-0.593,-0.795,1.679,3.7,-2.554,2.421,-4.0,-3.0,-0.36,-1.511,-1.515,-4.0,-1.51,-1.511,0.532,6.024,-5.0,8.879,-0.58,2.469,-3.0,3.714,0.489,-1.0,-3.0,-3.0,-4.0,0.888,-2.766,-2.51,4.374,0.946,-6.0,-1.511,-1.0,-3.014,0.594,1.933,1.291,1.439,5.201,-1.007,-3.0,3.442,-3.999,-2.517,2.531,2.492,0.493,2.971,4.27,4.12,-0.525,3.467,9.471,-2.0,-2.0,-1.501,-2.503,-1.509,-1.529,1.994,4.25,0.944,0.09,0.093,-1.0,-3.517,1.702,2.419,-4.0,-1.516,0.931,-1.552,-2.502,1.078,-2.0,8.589,-4.0,4.918,0.0,1.399,-2.0,0.794,1.948,0.465,-1.536,-1.526,-0.539,7.159,-3.519,-3.0,0.966,-0.041,-1.56,3.051,-0.669,4.418,-3.0,-0.059,0.0,0.0,0.0,0.0,0.0,0.0,0.0,0.0,0.0,0.0
GoldS210,XAUUSDc,856,-4.5503,-13.651,2,-0.3355,0.0,415,18.0723,1,5,0,0.01,1.7,2.5,0.0,1.0,15,1,-24.088,25,0,2,0,0.8,0.0,0.0,0.0,0.0,0.0,-1.0,6.997,-4.0,-3.0,-0.504,-4.0,-0.501,0.488,-3.0,1.787,-2.503,-2.0,-2.0,2.128,-3.0,-3.0,0.817,-4.0,-1.0,6.218,-0.519,-3.0,3.3,3.369,2.894,-4.0,-4.0,0.483,-4.0,-0.513,2.31,-6.0,0.08,0.413,-1.523,-3.0,4.118,1.482,-1.0,-3.0,-3.0,-4.0,9.88,0.741,-5.0,16.668,-4.0,-6.0,-4.0,-1.0,3.422,-3.999,1.461,5.964,5.458,5.836,-1.501,-3.0,-1.999,-5.0,-0.529,-4.0,5.495,2.896,10.626,3.791,5.447,-3.0,7.343,-3.0,0.0,-3.0,-0.502,-1.506,-4.0,-3.0,1.521,3.547,-3.0,0.72,2.302,-1.0,-2.528,0.992,13.964,-4.0,-0.527,-0.526,1.97,-5.0,0.033,-2.0,-3.0,-1.536,-4.0,0.0,0.852,-2.0,2.191,-1.593,2.683,0.439,1.736,-2.0,6.35,-6.0,-3.0,8.098,2.119,-4.0,-3.999,-4.0,-0.504,-3.0,1.232,0.0,0.0,0.0,0.0,0.0,0.0,0.0,0.0,0.0,0.0
GoldS210,XAUUSDc,165,-19.8083,-59.425,2,-0.6508,0.0,483,8.0745,1,7,0,0.01,1.9,3.0,0.0,0.5,15,1,-127.575,20,0,2,0,0.0,0.0,0.0,0.0,0.0,0.0,-1.0,-2.013,-4.0,-4.0,-3.0,-6.0,-1.0,0.986,-3.0,-3.0,-3.004,-3.0,-5.0,-4.0,-3.0,-5.0,4.584,-6.0,-6.0,11.479,-5.0,-5.0,-4.999,33.903,-4.999,-4.0,-4.0,-4.999,21.275,-2.016,-4.0,-7.0,17.459,-3.0,-1.029,-3.0,-2.999,-4.998,-2.0,-2.999,-4.0,-3.0,-5.999,11.279,-5.0,-6.0,-5.0,-6.0,-4.0,-1.0,-4.011,-4.0,3.724,-3.999,1.938,14.044,-0.239,-3.0,-1.999,-5.0,-5.0,-4.0,-6.0,2.066,64.15,6.71,-3.0,-2.999,26.099,-3.0,-4.0,-4.0,0.997,-1.007,-3.999,-4.0,-2.999,-4.0,-3.0,6.698,3.407,-1.0,-6.0,-4.999,4.492,-4.0,0.329,-5.0,7.693,-5.0,-5.0,-3.0,-5.0,-4.0,-5.0,0.0,4.816,-2.0,-3.0,-4.0,13.335,-2.072,-4.0,-2.0,-4.0,-6.0,-5.0,-4.0,-6.0,-3.0,-3.0,-5.999,5.193,-4.0,21.295,0.0,0.0,0.0,0.0,0.0,0.0,0.0,0.0,0.0,0.0
GoldS210,XAUUSDc,759,-5.4035,-10.807,3,-0.2862,0.0,469,33.049,1,11,0,0.01,1.5,1.5,0.0,0.0,15,1,-14.603,0,0,2,0,0.8,0.0,0.0,0.0,0.0,0.0,1.479,0.992,-4.0,0.486,-4.0,-5.0,4.571,-0.507,-3.0,-0.504,-3.502,1.644,-1.999,-4.0,-3.0,-0.204,-1.824,3.979,0.487,-1.455,2.25,-0.478,0.593,-1.738,-2.511,-4.0,-4.0,-0.51,2.975,1.609,3.819,-5.0,3.356,0.341,3.447,-3.0,2.318,-0.606,-2.0,1.75,-3.0,-4.0,4.543,3.551,-2.51,5.13,-1.503,-2.558,-1.511,-1.0,-2.879,-1.51,-2.927,0.348,0.133,3.914,-3.501,-3.0,4.715,-4.0,1.308,-0.038,1.974,0.493,0.648,5.129,3.399,-1.036,3.467,4.247,0.0,-5.0,-0.501,-2.503,1.794,-0.403,2.731,2.293,1.371,-1.025,-0.523,-1.0,-2.516,2.892,4.522,-4.0,-1.123,-0.069,-0.796,-2.502,0.436,-2.0,4.678,-4.0,4.327,0.0,1.399,-2.0,-2.0,-2.559,0.465,-0.083,1.704,-0.539,9.784,-2.7,-4.0,1.061,-0.041,0.687,1.763,-1.759,4.944,-3.0,1.7,0.0,0.0,0.0,0.0,0.0,0.0,0.0,0.0,0.0,0.0
GoldS210,XAUUSDc,814,-3.336,-10.008,2,-0.2148,0.0,455,24.3956,1,9,0,0.01,1.9,2.0,0.0,0.5,15,1,-15.792,7,0,2,0,0.8,0.0,0.0,0.0,0.0,0.0,1.972,5.635,-4.0,-0.01,-4.0,-5.0,6.425,-0.01,-3.0,-0.005,-3.003,-2.0,-2.999,-4.0,-3.0,1.784,4.89,-4.0,-5.0,0.421,2.474,3.885,1.437,0.134,-0.332,-4.0,-4.0,-0.014,0.944,4.355,0.318,-5.999,-1.012,-3.0,0.97,-3.0,1.78,1.081,-2.0,0.524,-3.0,-4.0,3.247,1.685,-2.014,7.492,-1.004,-6.0,-1.014,-1.0,-0.067,-4.0,-0.18,1.7,-0.053,8.666,-2.001,-3.0,-0.062,-4.0,-2.023,-4.0,11.6,0.991,4.898,0.985,0.986,-2.0,4.886,-3.0,0.0,-5.0,-0.002,-2.005,0.855,1.978,-0.001,7.258,-0.009,3.985,1.197,-1.0,-1.538,-1.178,7.571,-4.0,-0.48,2.434,-2.006,-5.0,-1.378,-2.0,-4.0,-0.987,4.922,0.0,-0.11,-2.0,-2.0,-2.076,0.953,2.223,4.486,-2.0,10.592,-6.0,-4.0,1.955,3.679,2.048,4.221,-5.0,7.052,-3.0,-1.01,0.0,0.0,0.0,0.0,0.0,0.0,0.0,0.0,0.0,0.0
GoldS210,XAUUSDc,678,2.7765,5.553,3,0.1692,284.08,418,17.4641,1,9,0,0.01,1.7,2.5,0.0,1.0,15,1,-10.222,29,0,2,0,0.6,0.0,0.0,0.0,0.0,0.0,-1.0,11.181,-4.0,-3.0,-0.504,-5.0,-0.501,0.488,-3.0,0.494,-3.503,-2.0,-2.0,2.911,-3.0,-3.0,1.561,-4.0,-1.0,7.689,0.481,5.567,4.224,5.77,-3.0,-4.0,-4.0,0.483,4.393,-0.513,2.051,-6.0,-0.514,0.413,-1.524,-3.0,4.025,1.482,-1.0,-3.0,-3.0,-4.0,9.026,-2.647,-5.0,21.516,-3.0,-6.0,-4.0,-1.0,3.532,-4.0,1.461,5.274,6.323,6.131,-1.501,-3.0,-2.0,-5.0,-0.529,-4.0,6.541,0.546,13.002,2.694,-3.0,-3.0,14.365,-3.0,0.0,-3.0,-0.502,-1.506,-4.0,-3.0,2.361,13.161,-3.0,0.83,2.302,-1.0,-2.528,1.735,8.985,-4.0,-0.527,-3.0,2.994,-5.0,0.471,-2.0,-3.0,-1.536,1.55,0.0,0.852,-2.0,2.191,-1.593,1.441,0.439,-4.0,-2.0,7.54,-5.999,-3.0,-0.536,-5.0,-4.0,-3.0,5.396,-0.504,-3.0,1.648,0.0,0.0,0.0,0.0,0.0,0.0,0.0,0.0,0.0,0.0
GoldS210,XAUUSDc,352,-10.6483,-63.89,1,-0.742,0.0,437,9.8398,1,5,0,0.01,1.7,3.0,0.0,1.0,15,1,-107.911,17,0,2,0,0.2,0.0,0.0,0.0,0.0,0.0,-1.0,-1.016,-4.0,-3.0,-4.0,-4.0,-0.001,0.986,-3.0,-3.0,-3.003,-2.0,-2.0,7.586,-3.0,-5.0,4.584,-4.999,-2.0,4.732,-4.0,-4.0,-4.0,42.021,-3.0,-4.0,-4.0,-3.999,-4.0,-1.016,-7.0,-5.0,8.525,0.91,-1.028,-3.0,-3.0,1.979,-1.0,-3.0,-3.0,-4.0,-4.0,14.954,-5.0,-7.0,-4.0,-6.0,-4.0,-1.0,-4.011,-4.0,1.953,-3.0,23.255,-0.037,-0.646,-3.0,-2.0,-4.999,-4.0,-4.0,-5.999,19.488,-6.0,6.71,15.755,-3.0,-2.999,-3.0,-2.0,-2.0,-0.003,-1.007,-4.0,-4.0,-3.0,-4.0,-3.0,7.055,3.407,-1.0,-1.033,-5.0,8.812,-4.0,-0.033,-4.0,12.109,-4.999,-5.0,-2.0,-2.998,-1.04,-4.0,0.0,4.002,-2.0,2.897,-4.0,22.034,-0.073,-4.0,-2.0,-5.0,-6.0,-0.027,-3.999,-5.0,-4.0,-4.0,-4.999,-0.005,-4.0,18.325,0.0,0.0,0.0,0.0,0.0,0.0,0.0,0.0,0.0,0.0
GoldS210,XAUUSDc,758,-5.3895,-10.779,3,-0.2562,0.0,476,32.3529,1,9,0,0.01,1.5,1.5,0.0,0.0,15,1,-14.513,0,0,2,0,0.8,0.0,0.0,0.0,0.0,0.0,1.479,1.967,-4.0,0.385,-4.0,-5.0,4.682,-0.507,-3.0,-0.504,-3.501,1.644,-2.999,-4.0,-3.0,-0.266,-1.591,3.979,0.845,-1.455,2.252,-1.478,0.263,-1.738,-2.511,-4.0,-4.0,-0.51,2.528,1.558,4.515,-4.999,3.356,-3.0,3.737,-3.0,-0.515,-0.16,-2.0,2.689,-3.0,-4.0,4.543,3.855,-2.51,5.195,-1.503,-2.558,-1.511,-1.0,-2.879,-1.51,-2.927,0.348,0.154,4.638,-3.501,-3.0,4.625,-4.0,1.308,0.863,1.934,0.493,1.033,5.83,3.529,-1.036,3.467,4.295,0.0,-5.0,-0.501,-2.503,2.066,-0.387,2.731,2.61,1.371,-0.509,0.093,-1.0,-2.665,3.877,4.633,-4.0,-1.123,-0.2,-2.505,-2.502,0.436,-2.0,4.769,-4.0,4.947,0.0,1.399,-2.0,-2.0,-2.559,0.465,0.788,1.819,-0.539,10.066,-2.7,-4.0,1.061,0.461,0.687,1.763,-2.278,5.11,-3.0,0.72,0.0,0.0,0.0,0.0,0.0,0.0,0.0,0.0,0.0,0.0
GoldS210,XAUUSDc,876,-10.6695,-64.017,1,-0.7774,0.0,447,11.6331,1,5,0,0.01,1.5,3.0,0.0,0.5,15,1,-79.439,33,0,2,0,0.8,0.0,0.0,0.0,0.0,0.0,-1.0,13.992,-4.0,-3.0,-4.0,-5.0,-0.001,0.987,-3.0,-3.0,-2.004,-2.0,-2.999,-4.0,-3.0,-3.0,2.019,-4.0,1.794,4.831,-6.0,-4.0,4.74,8.912,-5.0,-4.0,-4.0,-3.0,-5.0,-1.016,6.906,-6.0,3.865,3.131,-1.029,-3.0,-3.0,-4.0,-2.999,5.343,-3.0,-4.0,5.104,3.066,-5.0,7.107,-4.0,-6.0,-4.0,-1.0,8.485,-3.999,-0.681,-3.0,0.938,8.64,0.354,-3.0,-1.999,-5.0,-3.999,-4.0,-4.0,4.266,-6.0,5.266,7.654,-3.0,7.649,-3.0,0.0,-5.0,0.997,-1.007,-4.0,-3.0,7.927,8.693,-3.0,2.679,3.407,-1.0,-6.0,-5.0,5.935,-4.0,0.805,-5.0,1.699,-5.0,4.242,-2.0,-3.0,0.975,4.818,0.0,4.002,-2.0,-2.0,-4.0,11.71,-1.073,3.186,-2.0,12.423,-6.0,-5.0,-4.0,-4.999,-3.0,-3.999,-5.0,1.902,-3.0,3.338,0.0,0.0,0.0,0.0,0.0,0.0,0.0,0.0,0.0,0.0
GoldS210,XAUUSDc,134,51.9,103.8,3,2.3029,71.7,434,15.2074,1,9,0,0.01,1.5,2.5,0.0,1.0,15,1,29.378,22,0,2,0,0.0,0.0,0.0,0.0,0.0,0.0,-1.0,35.227,-4.0,-3.0,-0.504,-5.0,-0.501,0.488,-3.0,0.494,-3.503,-2.0,-1.999,4.255,-3.0,9.844,1.644,-5.0,-2.0,-0.563,-0.519,-5.0,-3.999,12.478,-3.0,-4.0,-4.0,-0.517,7.521,-0.513,3.668,-6.0,-1.515,0.413,-1.524,-3.0,5.592,1.482,-1.0,-3.0,-3.0,-4.0,2.252,-2.647,-4.999,72.921,-3.0,-6.0,-4.0,-1.0,3.532,-3.999,1.461,-3.0,16.293,9.952,-2.501,-3.0,-1.999,-4.999,-0.529,-4.0,9.18,1.546,14.493,2.901,-2.999,-3.0,49.055,-2.999,-2.0,-2.0,-0.502,-1.506,-4.0,-4.0,4.095,-4.0,-2.999,1.004,2.302,-1.0,-2.528,-6.0,9.837,-4.0,-0.527,-3.0,11.205,-5.0,0.471,-2.0,-2.999,-1.536,1.55,0.0,0.852,-2.0,2.191,-1.593,1.441,0.439,-4.0,-2.0,3.264,-6.0,-3.0,-0.536,-5.0,-4.0,-3.0,10.751,-0.504,-4.0,7.264,0.0,0.0,0.0,0.0,0.0,0.0,0.0,0.0,0.0,0.0
GoldS210,XAUUSDc,334,12.2707,36.812,2,0.4928,220.95,477,9.2243,1,9,0,0.01,1.9,3.0,0.0,0.0,15,1,-44.524,22,0,2,0,0.2,0.0,0.0,0.0,0.0,0.0,-1.0,37.494,-4.0,-4.0,-3.0,-6.0,-0.001,-0.014,-3.0,-3.0,-3.003,-3.0,-5.0,-4.0,-4.0,-6.0,3.076,-5.0,-5.0,0.252,-4.999,-5.0,-4.0,23.978,-4.0,-4.0,-4.0,-5.0,9.782,-0.016,-5.0,-7.0,5.558,-3.0,-1.028,28.077,-3.0,-3.999,-2.0,-2.999,-4.0,-3.0,-5.999,12.64,-4.999,-5.0,-4.999,-6.0,-4.0,-1.0,9.203,-4.0,1.422,6.071,4.19,27.518,-3.001,-3.0,-3.0,-5.0,-4.0,-4.0,-5.998,2.066,45.896,2.099,-2.999,-3.999,79.336,-2.999,-4.0,-4.0,0.997,-1.007,-5.0,-4.0,-3.0,-4.0,-2.999,1.623,3.407,-1.0,4.066,-6.0,-1.012,-4.0,0.805,-6.0,-1.01,-5.0,4.97,-2.0,-4.999,1.954,0.037,0.0,3.42,-2.0,-2.0,-4.0,7.36,10.006,-4.0,-2.0,-3.999,-6.0,-4.0,-4.0,-5.0,-3.0,-3.0,-5.999,4.386,-4.0,6.2,0.0,0.0,0.0,0.0,0.0,0.0,0.0,0.0,0.0,0.0
GoldS210,XAUUSDc,1,4.6105,9.221,3,0.1771,119.11,533,40.1501,1,7,0,0.01,1.5,1.0,0.0,0.0,15,1,-1.762,3,0,2,0,0.0,0.0,0.0,0.0,0.0,0.0,0.986,-2.006,3.38,-3.0,-2.001,1.048,0.973,2.047,-0.047,2.498,-4.001,-3.0,-5.0,-4.0,-3.007,-4.002,-3.005,4.646,-2.02,1.286,-0.025,1.214,0.315,-2.012,-3.999,-4.0,-4.0,2.222,-4.008,-2.006,8.618,1.351,0.968,-3.0,4.324,-2.009,-1.01,-2.006,-2.0,0.996,-0.828,-4.0,-1.952,-0.865,-5.0,9.245,-0.009,-2.016,-2.007,-2.0,-3.967,-2.007,-2.504,-0.997,0.449,7.083,-2.004,-3.0,2.466,2.472,0.681,1.218,2.978,-1.004,3.253,4.594,4.916,0.147,6.981,-1.018,-0.006,-5.0,-1.001,-3.002,0.973,-4.0,4.243,0.628,-2.004,4.793,3.833,3.573,2.751,-5.0,10.964,0.484,-1.613,1.018,-1.003,-2.015,1.929,3.572,-0.185,-2.004,0.309,5.913,4.359,-2.0,1.911,-1.042,-4.0,3.392,6.593,-1.395,-2.043,-3.015,-5.0,1.038,3.313,0.51,3.526,-1.494,2.606,-0.008,0.807,0.0,0.0,0.0,0.0,0.0,0.0,0.0,0.0,0.0,0.0
GoldS210,XAUUSDc,9,4.6105,9.221,3,0.1771,119.11,533,40.1501,1,7,0,0.01,1.9,1.0,0.0,0.0,15,1,-1.762,3,0,2,0,0.0,0.0,0.0,0.0,0.0,0.0,0.986,-2.006,3.38,-3.0,-2.001,1.048,0.973,2.047,-0.047,2.498,-4.001,-3.0,-5.0,-4.0,-3.007,-4.002,-3.005,4.646,-2.02,1.286,-0.025,1.214,0.315,-2.012,-3.999,-4.0,-4.0,2.222,-4.008,-2.006,8.618,1.351,0.968,-3.0,4.324,-2.009,-1.01,-2.006,-2.0,0.996,-0.828,-4.0,-1.952,-0.865,-5.0,9.245,-0.009,-2.016,-2.007,-2.0,-3.967,-2.007,-2.504,-0.997,0.449,7.083,-2.004,-3.0,2.466,2.472,0.681,1.218,2.978,-1.004,3.253,4.594,4.916,0.147,6.981,-1.018,-0.006,-5.0,-1.001,-3.002,0.973,-4.0,4.243,0.628,-2.004,4.793,3.833,3.573,2.751,-5.0,10.964,0.484,-1.613,1.018,-1.003,-2.015,1.929,3.572,-0.185,-2.004,0.309,5.913,4.359,-2.0,1.911,-1.042,-4.0,3.392,6.593,-1.395,-2.043,-3.015,-5.0,1.038,3.313,0.51,3.526,-1.494,2.606,-0.008,0.807,0.0,0.0,0.0,0.0,0.0,0.0,0.0,0.0,0.0,0.0
GoldS210,XAUUSDc,0,7.0673,21.202,2,0.6141,61.02,539,38.7755,1,5,0,0.01,1.5,1.0,0.0,0.0,15,1,8.265,5,0,2,0,0.0,0.0,0.0,0.0,0.0,0.0,0.986,-0.883,3.479,-2.999,-2.001,5.19,7.227,2.047,-0.047,1.541,-4.001,-2.999,-5.0,-4.0,-3.007,-4.002,-3.005,2.484,-2.02,4.79,0.658,0.432,0.315,-2.012,-4.0,-1.617,-4.0,6.159,-4.008,-2.006,8.974,1.351,2.495,-0.048,4.205,-2.009,-1.01,-2.007,-2.0,0.996,-0.858,-4.0,-0.977,5.193,-5.0,8.99,-0.009,-2.016,-2.007,-2.0,-3.967,-2.007,-2.504,-1.998,0.694,7.586,-2.004,-3.0,-3.0,2.267,-2.015,1.218,4.199,-1.004,0.616,4.171,5.898,0.148,0.982,2.108,-1.006,-4.999,-1.001,-3.002,1.973,-5.0,4.986,-2.503,-2.005,5.837,4.583,-1.03,2.751,-1.851,12.918,1.372,-0.766,4.544,-1.003,-2.015,1.929,5.312,1.422,-3.004,-2.014,8.082,4.359,-2.0,2.907,-1.042,-4.0,-2.029,4.958,-2.167,-2.044,-1.738,-6.0,1.038,4.77,-0.101,2.526,-3.016,-2.041,1.643,0.317,0.0,0.0,0.0,0.0,0.0,0.0,0.0,0.0,0.0,0.0
GoldS210,XAUUSDc,6,1.5755,3.151,3,0.0493,369.82,532,40.7895,1,9,0,0.01,1.7,1.0,0.0,0.0,15,1,-8.502,4,0,2,0,0.0,0.0,0.0,0.0,0.0,0.0,0.986,-2.006,1.062,-3.0,-2.001,1.048,1.112,-0.023,-3.0,1.007,-4.001,-3.0,-2.147,-4.0,-3.007,-4.002,-3.005,4.646,-2.02,0.955,-0.025,0.029,0.315,-2.012,-2.007,-4.0,-4.0,-1.01,-4.008,-0.542,9.318,1.334,0.968,-3.0,-1.015,-2.009,-1.01,-2.002,-2.0,0.996,-0.809,-4.0,1.152,-0.865,-5.999,5.673,-0.009,-2.016,-2.007,-2.0,-3.967,-2.007,-3.02,-1.005,0.616,8.87,2.449,-3.0,-0.722,2.513,0.681,1.218,2.978,-1.004,3.204,3.847,4.904,0.147,6.809,-1.018,-0.006,-5.0,-1.001,-3.002,0.973,-4.0,6.625,0.193,-2.004,4.391,3.833,2.028,1.918,-5.0,11.634,2.822,-0.766,2.455,-1.003,-2.015,1.929,8.02,2.351,-2.004,0.309,2.935,6.663,-2.0,1.911,-1.042,-4.0,3.498,2.855,1.002,-2.044,-3.015,-5.0,1.038,-0.041,0.51,3.282,0.159,2.286,-0.008,-1.055,0.0,0.0,0.0,0.0,0.0,0.0,0.0,0.0,0.0,0.0
GoldS210,XAUUSDc,4,7.0673,21.202,2,0.6141,61.02,539,38.7755,1,5,0,0.01,1.7,1.0,0.0,0.0,15,1,8.265,5,0,2,0,0.0,0.0,0.0,0.0,0.0,0.0,0.986,-0.883,3.479,-2.999,-2.001,5.19,7.227,2.047,-0.047,1.541,-4.001,-2.999,-5.0,-4.0,-3.007,-4.002,-3.005,2.484,-2.02,4.79,0.658,0.432,0.315,-2.012,-4.0,-1.617,-4.0,6.159,-4.008,-2.006,8.974,1.351,2.495,-0.048,4.205,-2.009,-1.01,-2.007,-2.0,0.996,-0.858,-4.0,-0.977,5.193,-5.0,8.99,-0.009,-2.016,-2.007,-2.0,-3.967,-2.007,-2.504,-1.998,0.694,7.586,-2.004,-3.0,-3.0,2.267,-2.015,1.218,4.199,-1.004,0.616,4.171,5.898,0.148,0.982,2.108,-1.006,-4.999,-1.001,-3.002,1.973,-5.0,4.986,-2.503,-2.005,5.837,4.583,-1.03,2.751,-1.851,12.918,1.372,-0.766,4.544,-1.003,-2.015,1.929,5.312,1.422,-3.004,-2.014,8.082,4.359,-2.0,2.907,-1.042,-4.0,-2.029,4.958,-2.167,-2.044,-1.738,-6.0,1.038,4.77,-0.101,2.526,-3.016,-2.041,1.643,0.317,0.0,0.0,0.0,0.0,0.0,0.0,0.0,0.0,0.0,0.0
GoldS210,XAUUSDc,5,4.6105,9.221,3,0.1771,119.11,533,40.1501,1,7,0,0.01,1.7,1.0,0.0,0.0,15,1,-1.762,3,0,2,0,0.0,0.0,0.0,0.0,0.0,0.0,0.986,-2.006,3.38,-3.0,-2.001,1.048,0.973,2.047,-0.047,2.498,-4.001,-3.0,-5.0,-4.0,-3.007,-4.002,-3.005,4.646,-2.02,1.286,-0.025,1.214,0.315,-2.012,-3.999,-4.0,-4.0,2.222,-4.008,-2.006,8.618,1.351,0.968,-3.0,4.324,-2.009,-1.01,-2.006,-2.0,0.996,-0.828,-4.0,-1.952,-0.865,-5.0,9.245,-0.009,-2.016,-2.007,-2.0,-3.967,-2.007,-2.504,-0.997,0.449,7.083,-2.004,-3.0,2.466,2.472,0.681,1.218,2.978,-1.004,3.253,4.594,4.916,0.147,6.981,-1.018,-0.006,-5.0,-1.001,-3.002,0.973,-4.0,4.243,0.628,-2.004,4.793,3.833,3.573,2.751,-5.0,10.964,0.484,-1.613,1.018,-1.003,-2.015,1.929,3.572,-0.185,-2.004,0.309,5.913,4.359,-2.0,1.911,-1.042,-4.0,3.392,6.593,-1.395,-2.043,-3.015,-5.0,1.038,3.313,0.51,3.526,-1.494,2.606,-0.008,0.807,0.0,0.0,0.0,0.0,0.0,0.0,0.0,0.0,0.0,0.0
GoldS210,XAUUSDc,3,13.165,26.33,3,0.7143,59.88,529,42.155,1,11,0,0.01,1.5,1.0,0.0,0.0,15,1,10.563,5,0,2,0,0.0,0.0,0.0,0.0,0.0,0.0,0.986,-0.891,-0.029,-3.0,-2.001,1.048,1.112,-0.023,-3.0,14.765,-4.001,-3.0,-2.147,-4.0,-3.007,-4.002,-3.005,4.646,-0.02,0.955,-0.025,2.273,0.315,-2.012,-2.006,-4.0,-4.0,1.35,-3.239,-0.542,3.429,10.615,0.968,-0.019,-1.016,-2.009,1.076,-2.002,-2.0,0.996,-0.809,-4.0,0.399,-0.476,-1.189,5.673,-0.009,-2.016,-2.007,-2.0,-3.967,-2.007,-3.02,-1.005,0.668,5.828,-2.004,-3.0,-0.639,3.905,-0.319,0.962,3.549,1.465,3.18,3.847,5.472,0.148,5.151,-0.018,-1.006,-5.0,-1.001,-3.002,0.973,-2.036,8.196,0.221,-2.005,0.977,3.93,2.028,1.918,-3.02,11.634,-2.03,-0.766,1.747,-1.003,-2.015,1.929,4.447,3.468,-2.004,-0.014,2.935,6.663,-2.0,2.208,-1.042,-4.0,1.914,2.855,1.002,-2.044,-3.015,-5.0,1.038,1.932,0.51,3.282,0.498,1.791,-0.008,-1.055,0.0,0.0,0.0,0.0,0.0,0.0,0.0,0.0,0.0,0.0
GoldS210,XAUUSDc,2,1.5755,3.151,3,0.0493,369.82,532,40.7895,1,9,0,0.01,1.5,1.0,0.0,0.0,15,1,-8.502,4,0,2,0,0.0,0.0,0.0,0.0,0.0,0.0,0.986,-2.006,1.062,-3.0,-2.001,1.048,1.112,-0.023,-3.0,1.007,-4.001,-3.0,-2.147,-4.0,-3.007,-4.002,-3.005,4.646,-2.02,0.955,-0.025,0.029,0.315,-2.012,-2.007,-4.0,-4.0,-1.01,-4.008,-0.542,9.318,1.334,0.968,-3.0,-1.015,-2.009,-1.01,-2.002,-2.0,0.996,-0.809,-4.0,1.152,-0.865,-5.999,5.673,-0.009,-2.016,-2.007,-2.0,-3.967,-2.007,-3.02,-1.005,0.616,8.87,2.449,-3.0,-0.722,2.513,0.681,1.218,2.978,-1.004,3.204,3.847,4.904,0.147,6.809,-1.018,-0.006,-5.0,-1.001,-3.002,0.973,-4.0,6.625,0.193,-2.004,4.391,3.833,2.028,1.918,-5.0,11.634,2.822,-0.766,2.455,-1.003,-2.015,1.929,8.02,2.351,-2.004,0.309,2.935,6.663,-2.0,1.911,-1.042,-4.0,3.498,2.855,1.002,-2.044,-3.015,-5.0,1.038,-0.041,0.51,3.282,0.159,2.286,-0.008,-1.055,0.0,0.0,0.0,0.0,0.0,0.0,0.0,0.0,0.0,0.0
GoldS210,XAUUSDc,10,1.5755,3.151,3,0.0493,369.82,532,40.7895,1,9,0,0.01,1.9,1.0,0.0,0.0,15,1,-8.502,4,0,2,0,0.0,0.0,0.0,0.0,0.0,0.0,0.986,-2.006,1.062,-3.0,-2.001,1.048,1.112,-0.023,-3.0,1.007,-4.001,-3.0,-2.147,-4.0,-3.007,-4.002,-3.005,4.646,-2.02,0.955,-0.025,0.029,0.315,-2.012,-2.007,-4.0,-4.0,-1.01,-4.008,-0.542,9.318,1.334,0.968,-3.0,-1.015,-2.009,-1.01,-2.002,-2.0,0.996,-0.809,-4.0,1.152,-0.865,-5.999,5.673,-0.009,-2.016,-2.007,-2.0,-3.967,-2.007,-3.02,-1.005,0.616,8.87,2.449,-3.0,-0.722,2.513,0.681,1.218,2.978,-1.004,3.204,3.847,4.904,0.147,6.809,-1.018,-0.006,-5.0,-1.001,-3.002,0.973,-4.0,6.625,0.193,-2.004,4.391,3.833,2.028,1.918,-5.0,11.634,2.822,-0.766,2.455,-1.003,-2.015,1.929,8.02,2.351,-2.004,0.309,2.935,6.663,-2.0,1.911,-1.042,-4.0,3.498,2.855,1.002,-2.044,-3.015,-5.0,1.038,-0.041,0.51,3.282,0.159,2.286,-0.008,-1.055,0.0,0.0,0.0,0.0,0.0,0.0,0.0,0.0,0.0,0.0
GoldS210,XAUUSDc,11,13.165,26.33,3,0.7143,59.88,529,42.155,1,11,0,0.01,1.9,1.0,0.0,0.0,15,1,10.563,5,0,2,0,0.0,0.0,0.0,0.0,0.0,0.0,0.986,-0.891,-0.029,-3.0,-2.001,1.048,1.112,-0.023,-3.0,14.765,-4.001,-3.0,-2.147,-4.0,-3.007,-4.002,-3.005,4.646,-0.02,0.955,-0.025,2.273,0.315,-2.012,-2.006,-4.0,-4.0,1.35,-3.239,-0.542,3.429,10.615,0.968,-0.019,-1.016,-2.009,1.076,-2.002,-2.0,0.996,-0.809,-4.0,0.399,-0.476,-1.189,5.673,-0.009,-2.016,-2.007,-2.0,-3.967,-2.007,-3.02,-1.005,0.668,5.828,-2.004,-3.0,-0.639,3.905,-0.319,0.962,3.549,1.465,3.18,3.847,5.472,0.148,5.151,-0.018,-1.006,-5.0,-1.001,-3.002,0.973,-2.036,8.196,0.221,-2.005,0.977,3.93,2.028,1.918,-3.02,11.634,-2.03,-0.766,1.747,-1.003,-2.015,1.929,4.447,3.468,-2.004,-0.014,2.935,6.663,-2.0,2.208,-1.042,-4.0,1.914,2.855,1.002,-2.044,-3.015,-5.0,1.038,1.932,0.51,3.282,0.498,1.791,-0.008,-1.055,0.0,0.0,0.0,0.0,0.0,0.0,0.0,0.0,0.0,0.0
GoldS210,XAUUSDc,8,7.0673,21.202,2,0.6141,61.02,539,38.7755,1,5,0,0.01,1.9,1.0,0.0,0.0,15,1,8.265,5,0,2,0,0.0,0.0,0.0,0.0,0.0,0.0,0.986,-0.883,3.479,-2.999,-2.001,5.19,7.227,2.047,-0.047,1.541,-4.001,-2.999,-5.0,-4.0,-3.007,-4.002,-3.005,2.484,-2.02,4.79,0.658,0.432,0.315,-2.012,-4.0,-1.617,-4.0,6.159,-4.008,-2.006,8.974,1.351,2.495,-0.048,4.205,-2.009,-1.01,-2.007,-2.0,0.996,-0.858,-4.0,-0.977,5.193,-5.0,8.99,-0.009,-2.016,-2.007,-2.0,-3.967,-2.007,-2.504,-1.998,0.694,7.586,-2.004,-3.0,-3.0,2.267,-2.015,1.218,4.199,-1.004,0.616,4.171,5.898,0.148,0.982,2.108,-1.006,-4.999,-1.001,-3.002,1.973,-5.0,4.986,-2.503,-2.005,5.837,4.583,-1.03,2.751,-1.851,12.918,1.372,-0.766,4.544,-1.003,-2.015,1.929,5.312,1.422,-3.004,-2.014,8.082,4.359,-2.0,2.907,-1.042,-4.0,-2.029,4.958,-2.167,-2.044,-1.738,-6.0,1.038,4.77,-0.101,2.526,-3.016,-2.041,1.643,0.317,0.0,0.0,0.0,0.0,0.0,0.0,0.0,0.0,0.0,0.0
GoldS210,XAUUSDc,7,13.165,26.33,3,0.7143,59.88,529,42.155,1,11,0,0.01,1.7,1.0,0.0,0.0,15,1,10.563,5,0,2,0,0.0,0.0,0.0,0.0,0.0,0.0,0.986,-0.891,-0.029,-3.0,-2.001,1.048,1.112,-0.023,-3.0,14.765,-4.001,-3.0,-2.147,-4.0,-3.007,-4.002,-3.005,4.646,-0.02,0.955,-0.025,2.273,0.315,-2.012,-2.006,-4.0,-4.0,1.35,-3.239,-0.542,3.429,10.615,0.968,-0.019,-1.016,-2.009,1.076,-2.002,-2.0,0.996,-0.809,-4.0,0.399,-0.476,-1.189,5.673,-0.009,-2.016,-2.007,-2.0,-3.967,-2.007,-3.02,-1.005,0.668,5.828,-2.004,-3.0,-0.639,3.905,-0.319,0.962,3.549,1.465,3.18,3.847,5.472,0.148,5.151,-0.018,-1.006,-5.0,-1.001,-3.002,0.973,-2.036,8.196,0.221,-2.005,0.977,3.93,2.028,1.918,-3.02,11.634,-2.03,-0.766,1.747,-1.003,-2.015,1.929,4.447,3.468,-2.004,-0.014,2.935,6.663,-2.0,2.208,-1.042,-4.0,1.914,2.855,1.002,-2.044,-3.015,-5.0,1.038,1.932,0.51,3.282,0.498,1.791,-0.008,-1.055,0.0,0.0,0.0,0.0,0.0,0.0,0.0,0.0,0.0,0.0
