leg,sym,pass,score,nbpR,segpos,rf,oneop,ops,win,sizing,smaP,slowP,mult,step,tpR,trailR,half,mgmtTF,stack,extop1R,nmonster,addtrig,lineplace,nback,buffer,segpos_ex3,h1R,h2R,w0,w1,w2,w3,w4,w5,w6,w7,w8,w9,w10,w11,w12,w13,w14,w15,w16,w17,w18,w19,w20,w21,w22,w23,w24,w25,w26,w27,w28,w29,w30,w31,w32,w33,w34,w35,w36,w37,w38,w39,w40,w41,w42,w43,w44,w45,w46,w47,w48,w49,w50,w51,w52,w53,w54,w55,w56,w57,w58,w59,w60,w61,w62,w63,w64,w65,w66,w67,w68,w69,w70,w71,w72,w73,w74,w75,w76,w77,w78,w79,w80,w81,w82,w83,w84,w85,w86,w87,w88,w89,w90,w91,w92,w93,w94,w95,w96,w97,w98,w99,w100,w101,w102,w103,w104,w105,w106,w107,w108,w109,w110,w111,w112,w113,w114,w115,w116,w117,w118,w119,w120,w121,w122,w123,w124,w125,w126,w127,w128,w129
GoldS210,XAUUSDc,50,29.9587,44.938,4,1.5436,22.93,498,40.5622,1,5,270,0.015,2.0,1.0,0.0,0.5,15,1,34.635,9,1,0,0,0.25,4,-11.529,56.467,0.0,0.0,0.0,0.0,0.0,1.12,-0.992,0.226,-0.014,-4.0,-1.682,8.791,1.104,-4.0,1.033,-4.001,-3.0,3.727,-1.11,-3.0,-1.673,-0.807,0.948,-3.985,-0.602,0.971,0.521,2.165,-2.006,-5.0,-1.929,-4.0,0.833,-2.001,-0.502,5.486,6.609,2.707,-0.604,1.931,-3.0,3.492,0.121,-2.0,0.034,-1.803,-4.0,4.379,-0.248,-4.007,-1.964,3.598,0.412,-1.826,-1.0,-4.005,-2.007,-0.919,-3.0,1.317,11.633,-1.287,-3.0,14.836,9.157,-0.916,5.516,-0.997,1.016,2.948,8.324,-0.027,-2.0,4.038,0.257,-3.0,-0.766,1.65,-3.0,3.996,-0.909,4.11,-1.911,2.693,0.729,-0.957,-1.0,5.703,-3.008,-0.149,-4.0,-1.905,1.062,-1.81,0.554,9.2,0.116,2.323,0.909,2.176,0.0,1.993,-2.0,1.006,-3.042,3.023,1.497,0.007,3.83,2.11,-2.844,-5.0,0.008,10.454,-1.994,0.079,-2.498,0.018,0.078,-0.929,0.0,0.0,0.0,0.0,0.0,0.0,0.0,0.0,0.0,0.0
GoldS210,XAUUSDc,22,-23.0415,-46.083,3,-0.4929,0.0,478,23.2218,1,5,210,0.015,2.0,1.5,0.0,0.5,15,1,-80.171,8,1,0,0,0.1,0,-59.59,13.507,0.0,0.0,0.0,0.0,0.0,1.994,0.089,-4.0,-1.508,-2.999,-3.876,1.757,-0.506,-4.0,-3.0,-4.0,2.776,-3.0,-3.0,-3.0,-3.432,-5.0,4.759,-6.0,-0.64,4.699,-4.999,-3.0,-0.899,-5.0,-4.0,-4.0,-1.339,-1.478,0.406,-1.326,-2.991,4.488,1.062,-0.01,-3.0,3.547,0.851,-1.999,2.173,-4.0,-4.0,6.623,0.061,-3.445,0.674,1.475,-5.999,-1.414,-1.0,-3.001,-1.291,-1.94,-3.0,3.313,-3.413,10.168,-3.0,0.702,-4.0,0.172,-2.337,-1.187,-3.0,-6.0,0.087,-0.508,0.405,4.993,0.251,-3.0,-2.0,-4.0,-2.488,14.312,3.588,-1.25,-3.998,-1.533,1.272,-0.322,-1.0,-4.261,1.517,32.692,-4.0,-0.384,-0.254,-0.428,-6.0,-0.64,-2.0,1.89,-4.0,5.474,0.0,13.208,-2.0,-2.0,-2.557,14.704,2.381,1.729,-2.999,4.274,-5.999,-5.0,1.684,0.026,-1.399,1.438,-6.0,4.415,-4.0,-0.163,0.0,0.0,0.0,0.0,0.0,0.0,0.0,0.0,0.0,0.0
GoldS210,XAUUSDc,21,6.152,12.304,3,0.1528,507.22,479,24.0084,1,5,150,0.015,2.0,1.5,0.0,0.5,15,1,-50.104,8,1,0,0,0.1,1,-3.189,15.493,0.0,0.0,0.0,0.0,0.0,2.295,0.089,-4.0,-1.508,-3.0,-4.024,64.512,-0.506,-4.0,0.312,-4.0,2.652,-3.0,-3.0,-3.0,-3.432,-2.568,3.715,-1.805,-0.205,5.556,-3.999,-3.0,-0.899,-5.0,-4.0,-4.0,-1.238,-1.31,4.65,-1.124,-5.999,1.546,1.062,-0.021,-3.0,2.537,1.221,-2.0,2.173,-4.0,-4.0,-1.095,1.509,-3.503,0.328,1.475,-5.999,-1.414,-1.0,-2.901,-1.158,-1.878,-3.0,3.084,0.106,-1.424,-3.0,0.702,-4.0,0.835,1.14,-0.923,-3.0,-6.0,3.016,-0.509,0.253,4.848,0.183,-3.0,-2.0,-3.999,-2.488,4.423,3.857,-1.061,-3.998,5.261,0.734,-0.322,-1.0,-4.261,-1.618,30.088,-4.0,0.042,-0.324,-2.432,-2.24,-0.655,-2.0,1.902,-4.0,5.519,0.0,11.641,-2.0,-2.0,-2.555,14.704,2.537,-1.448,-3.0,4.102,-6.999,-5.0,1.906,0.081,-1.399,1.578,-6.0,4.184,-3.999,6.186,0.0,0.0,0.0,0.0,0.0,0.0,0.0,0.0,0.0,0.0
GoldS210,XAUUSDc,16,-24.853,-74.559,2,-0.8106,0.0,486,27.572,1,5,210,0.015,2.3,1.25,0.0,0.5,15,1,-90.303,6,1,0,0,0.1,0,-63.59,-10.969,0.0,0.0,0.0,0.0,0.0,1.621,-0.453,-4.0,-1.756,-2.999,-4.307,0.745,-0.755,-4.0,0.672,-5.0,1.171,-3.0,-3.0,-3.0,-3.73,-0.331,2.788,-6.0,2.563,2.155,-4.998,-3.0,-2.609,-5.0,-4.0,-4.0,-1.661,-1.744,-0.812,1.121,-3.564,1.137,-3.0,-0.519,-3.0,2.552,0.508,-2.0,0.579,-4.0,-4.0,4.688,1.474,-3.758,-1.259,0.954,7.78,-1.689,-1.0,-3.505,-1.755,-2.529,-3.0,2.075,2.607,5.953,-3.0,-0.73,-1.754,-0.408,0.944,-1.568,-3.0,-6.0,-0.515,0.551,0.841,5.266,-1.179,-3.0,-2.0,-4.0,-2.746,12.176,0.228,-1.642,-4.0,-1.784,1.486,-0.618,-1.0,-2.417,0.6,14.092,-4.0,-0.792,-1.14,-0.956,-6.0,-1.25,0.762,0.918,-4.0,4.517,0.0,8.279,-2.0,0.287,-2.8,11.74,0.903,0.946,-0.752,5.451,-6.0,-5.0,1.044,-0.498,-1.644,0.664,-4.764,3.253,-1.754,0.794,0.0,0.0,0.0,0.0,0.0,0.0,0.0,0.0,0.0,0.0
GoldS210,XAUUSDc,17,-21.469,-64.407,2,-0.6888,0.0,487,27.3101,1,5,270,0.015,2.3,1.25,0.0,0.5,15,1,-80.151,9,1,0,0,0.1,0,-62.284,-2.123,0.0,0.0,0.0,0.0,0.0,1.443,-0.453,-5.0,-1.755,-3.999,-3.227,1.207,-0.755,-4.0,0.7,-5.0,-3.0,-2.999,-3.0,-3.0,-3.73,-0.057,-1.264,-3.659,-0.594,2.072,-1.893,-3.0,-2.609,-5.0,-4.0,-4.0,-1.714,-1.744,-0.136,1.069,-3.558,0.848,-3.0,4.273,-3.0,12.097,0.44,-2.0,0.579,-4.0,-4.0,1.322,2.814,-3.758,-1.259,0.954,6.731,-1.385,-1.0,-3.503,-1.755,-2.266,-3.0,2.032,-3.746,5.953,-3.0,-0.73,-1.754,-0.338,-0.337,-1.649,0.277,-6.0,-0.515,0.551,-2.0,5.266,-1.341,-3.0,-2.0,-4.0,-2.746,12.176,0.202,0.601,-4.0,-1.774,2.255,-0.618,-1.0,-2.417,-2.757,14.092,-4.0,-1.456,-0.14,-1.097,-6.0,-1.26,0.762,1.073,-3.999,4.517,0.0,17.235,-2.0,2.722,-2.801,11.74,1.02,0.743,5.813,3.686,-6.0,-5.0,0.554,-0.498,-1.644,0.646,-4.764,0.556,-1.753,-0.222,0.0,0.0,0.0,0.0,0.0,0.0,0.0,0.0,0.0,0.0
GoldS210,XAUUSDc,26,46.835,93.67,3,1.1899,156.23,481,22.4532,1,5,270,0.015,2.3,1.5,0.0,0.5,15,1,-52.673,16,1,0,0,0.1,1,-65.927,159.597,0.0,0.0,0.0,0.0,0.0,1.765,0.148,-5.0,-1.507,-3.999,-2.745,2.969,-0.506,-4.0,-3.0,-5.0,-3.0,-2.999,-3.0,-3.0,-3.419,-5.0,-0.509,-3.338,1.88,7.503,-1.214,-3.0,1.891,-5.0,-4.0,-4.0,-1.432,-1.475,-1.542,-1.326,-3.058,-2.447,-3.0,6.346,-3.0,16.338,0.758,-2.0,4.831,-4.0,-4.0,2.207,0.806,-3.181,-2.547,1.883,-6.0,-0.954,-1.0,-2.998,-1.143,-1.592,-3.0,4.039,-3.36,10.168,-3.0,4.017,-4.0,0.294,0.408,-1.251,0.538,-6.0,0.599,-0.508,-3.0,5.981,0.214,-3.0,-2.0,-4.0,-2.485,14.451,-4.0,1.304,-4.0,-1.518,2.654,-0.212,-1.0,-4.115,-2.507,144.968,-4.0,-1.035,1.581,-0.305,-6.0,-0.449,-2.0,2.298,-3.999,7.72,0.0,25.221,-2.0,-2.0,-2.558,14.704,6.274,1.4,5.116,2.48,-6.0,-5.0,1.093,0.026,-1.321,1.625,-6.0,1.143,-3.999,-2.418,0.0,0.0,0.0,0.0,0.0,0.0,0.0,0.0,0.0,0.0
GoldS210,XAUUSDc,12,-18.5253,-55.576,2,-0.6583,0.0,487,29.1581,1,5,150,0.015,2.0,1.25,0.0,0.5,15,1,-77.39,7,1,0,0,0.1,1,-44.429,-11.147,0.0,0.0,0.0,0.0,0.0,1.842,-0.48,-1.328,-1.756,-3.0,-4.428,22.899,-0.755,-4.0,-0.161,-4.0,0.93,-3.0,-3.0,-3.0,-3.73,-0.442,2.148,-2.508,1.359,2.5,-3.999,-3.0,-2.676,-5.0,-4.0,-4.0,10.174,-1.631,2.555,1.548,-3.905,-2.143,0.114,-0.519,-3.0,1.768,0.784,-2.0,0.408,-4.0,-4.0,-1.511,1.695,-3.757,-1.38,0.741,1.681,-1.716,-1.0,-3.494,-1.692,-2.485,-3.0,1.893,1.039,-2.01,-3.0,-1.231,-1.708,0.071,0.356,-1.398,-3.0,-6.0,1.889,0.519,0.716,5.164,-1.303,-3.0,-2.0,-3.999,-2.747,5.142,0.156,3.851,-3.998,3.778,1.092,-0.663,-1.0,-2.45,1.18,1.893,-4.0,-0.548,-1.294,-2.731,-2.805,1.116,0.574,0.879,-4.0,3.661,0.0,7.111,-2.0,0.287,-2.8,11.74,0.258,-1.718,-0.752,5.01,-6.999,-5.0,1.221,-0.461,-1.698,0.768,-4.764,2.959,1.698,5.83,0.0,0.0,0.0,0.0,0.0,0.0,0.0,0.0,0.0,0.0
GoldS210,XAUUSDc,52,30.7327,46.099,4,1.5881,24.88,498,40.3614,1,5,210,0.015,2.3,1.0,0.0,0.5,15,1,34.631,10,1,0,0,0.25,4,-7.945,54.044,0.0,0.0,0.0,0.0,0.0,1.24,-0.992,-0.297,-0.014,-3.0,-2.728,10.106,1.171,-4.0,1.023,-4.001,0.367,2.171,-0.98,-3.0,-1.488,-0.983,0.776,-6.0,2.396,0.989,2.616,1.17,-2.004,-5.0,-1.871,-4.0,1.129,-2.001,-0.719,7.656,5.421,2.912,-3.0,-1.016,-3.0,1.639,0.164,-2.0,0.047,-1.94,-4.0,7.655,-1.2,-4.007,-1.948,3.62,0.515,-2.009,-1.0,-4.006,-2.007,-1.113,-3.0,1.339,11.544,-1.287,-3.0,15.692,6.297,-1.006,6.349,-0.968,-1.004,2.948,8.335,-0.021,0.383,4.055,0.4,-3.0,-0.716,1.65,-3.0,3.998,-0.869,1.219,-1.857,2.688,0.331,-0.936,-1.0,1.578,-0.383,1.09,-4.0,-1.354,0.101,-1.721,0.613,9.224,0.189,2.388,0.909,2.264,0.0,0.49,-2.0,1.132,-3.042,3.023,1.63,0.007,5.472,4.564,-2.539,-5.0,0.386,8.603,-1.965,0.091,-2.78,2.119,0.122,-0.135,0.0,0.0,0.0,0.0,0.0,0.0,0.0,0.0,0.0,0.0
GoldS210,XAUUSDc,25,23.2283,69.685,2,0.7745,210.01,480,22.0833,1,5,210,0.015,2.3,1.5,0.0,0.5,15,1,-76.658,14,1,0,0,0.1,0,-57.971,127.656,0.0,0.0,0.0,0.0,0.0,2.003,0.148,-4.0,-1.508,-2.999,-3.872,2.3,-0.506,-4.0,-3.0,-5.0,4.361,-3.0,-3.0,-3.0,-3.419,-5.0,4.98,-6.0,1.88,7.638,-4.998,-3.0,1.891,-5.0,-4.0,-4.0,-1.339,-1.475,1.491,-1.294,-2.991,-2.057,-3.0,-0.01,-3.0,3.694,0.851,-2.0,4.831,-4.0,-4.0,6.645,0.826,-3.446,-2.959,1.883,-5.999,-1.37,-1.0,-3.001,-1.143,-1.923,-3.0,4.108,-3.36,10.168,-3.0,4.017,-4.0,0.206,-2.226,-1.134,-3.0,-6.0,0.599,-0.508,0.502,5.173,0.424,-3.0,-2.0,-4.0,-2.485,14.451,-4.0,-1.182,-4.0,-1.533,1.514,-0.212,-1.0,-4.115,-2.2,144.968,-4.0,-0.216,0.413,-0.107,-6.0,-0.434,-2.0,2.091,-4.0,7.72,0.0,13.208,-2.0,-2.0,-2.557,14.704,6.117,1.729,-2.999,4.825,-6.0,-5.0,1.695,0.026,-1.321,1.648,-6.0,5.017,-4.0,-1.162,0.0,0.0,0.0,0.0,0.0,0.0,0.0,0.0,0.0,0.0
GoldS210,XAUUSDc,19,-14.8027,-44.408,2,-0.6408,0.0,475,25.0526,1,5,210,0.015,1.7,1.5,0.0,0.5,15,1,-60.112,10,1,0,0,0.1,0,-36.424,-7.984,0.0,0.0,0.0,0.0,0.0,1.994,0.044,-4.0,-1.508,-2.999,-3.887,1.448,-0.507,-4.0,-3.0,-4.0,2.135,-2.999,-3.0,-3.0,2.019,-2.173,4.614,-6.0,-1.793,3.532,-4.999,-3.0,-1.979,-5.0,0.548,-4.0,-1.339,-1.487,-0.133,8.199,-2.992,1.637,0.131,-0.01,-3.0,3.433,0.851,-2.0,1.074,-4.0,-4.0,16.639,-0.385,-3.445,-0.025,1.239,-5.999,-1.459,-1.0,-3.001,-1.392,-1.949,-0.134,2.919,-3.454,10.168,-3.0,-0.683,-4.0,0.15,-2.416,-1.227,0.152,-6.0,-0.213,-0.508,0.345,4.86,0.129,-3.0,-2.0,-3.999,-2.488,14.222,0.039,-0.302,6.378,-1.533,1.12,-0.38,-1.0,-4.367,1.474,6.307,-4.0,-0.495,-0.641,-0.635,-6.0,-0.786,-2.0,1.747,-4.0,4.328,0.0,13.208,-2.0,-2.0,-2.557,14.704,0.855,1.729,-2.999,3.994,-5.999,-5.0,1.684,0.026,-1.424,1.31,-5.999,4.067,-3.999,0.838,0.0,0.0,0.0,0.0,0.0,0.0,0.0,0.0,0.0,0.0
GoldS210,XAUUSDc,42,-23.3263,-139.958,1,-0.7489,0.0,474,14.346,1,5,150,0.015,2.3,2.0,0.0,0.5,15,1,-161.59,9,1,0,0,0.1,0,-107.48,-32.478,0.0,0.0,0.0,0.0,0.0,3.36,-1.611,-4.0,-1.002,-3.0,-5.0,-1.98,-0.006,-4.0,1.393,-5.0,-2.0,-2.999,-3.0,-3.0,-6.0,-2.063,-3.999,-0.331,-4.0,-1.005,-1.761,-3.0,-5.0,-5.0,-4.0,-4.0,-0.448,-0.452,3.957,1.205,-6.0,-4.999,-3.0,0.977,-3.0,6.258,2.098,-2.0,-2.0,-4.0,-4.0,0.126,-1.176,-2.974,-2.396,-0.937,-6.0,0.262,-1.0,-1.539,-4.0,-0.656,-3.0,-1.0,4.468,-0.25,-3.0,-4.0,-4.0,-0.711,-0.132,-3.998,-3.0,-6.0,1.242,0.035,-3.0,3.567,-2.999,-3.0,-2.0,-4.0,-1.967,0.989,-4.0,0.078,-4.0,6.272,0.53,-2.998,-1.0,1.368,-5.0,-5.0,-4.0,1.729,-2.981,-1.828,-5.999,-2.761,-2.0,-5.0,-1.472,13.321,0.0,-2.52,-2.0,-2.0,-2.019,20.632,-1.973,-0.299,-3.0,25.953,-6.999,-5.0,4.039,-1.156,-4.0,-0.543,-6.0,10.223,-3.999,8.898,0.0,0.0,0.0,0.0,0.0,0.0,0.0,0.0,0.0,0.0
GoldS210,XAUUSDc,101,10.7547,16.132,4,0.4046,49.97,484,34.2975,1,5,270,0.015,1.7,1.25,0.0,0.5,15,1,8.071,7,1,0,0,0.4,4,-21.011,37.143,0.0,0.0,0.0,0.0,0.0,1.438,-0.503,-5.0,-1.755,-4.0,-3.227,8.935,1.966,-4.0,0.7,-4.0,-2.999,-3.0,-3.0,-3.0,-1.596,-0.11,2.55,-3.702,6.529,1.863,-1.9,-3.0,-2.712,-5.0,-1.621,-4.0,3.349,-1.747,-0.43,5.093,-3.608,3.757,-0.398,3.073,-3.0,4.416,0.44,-2.0,0.312,-4.0,-4.0,6.027,2.327,-3.758,-1.452,0.617,-0.781,2.94,-1.0,-3.503,-1.755,-2.271,-0.614,1.966,11.119,-0.986,-3.0,12.588,-1.787,-0.348,5.259,2.088,0.27,0.015,4.211,0.491,-2.0,5.084,1.174,-3.0,-2.0,0.327,-2.747,4.678,-0.218,5.86,-1.232,2.589,2.198,-0.688,-1.0,-2.474,-2.757,0.894,-4.0,-1.628,-0.413,-1.329,-0.42,6.37,0.427,3.649,0.932,3.147,0.0,2.155,-2.0,2.62,0.843,2.325,-0.096,0.743,4.474,6.477,-6.0,-5.0,0.551,6.521,-1.715,0.641,-4.763,0.53,0.971,-0.344,0.0,0.0,0.0,0.0,0.0,0.0,0.0,0.0,0.0,0.0
GoldS210,XAUUSDc,23,-12.5265,-25.053,3,-0.2957,0.0,479,23.382,1,5,270,0.015,2.0,1.5,0.0,0.5,15,1,-59.141,10,1,0,0,0.1,2,-67.556,42.503,0.0,0.0,0.0,0.0,0.0,1.756,0.089,-5.0,-1.507,-3.999,-2.745,2.436,-0.506,-4.0,-3.0,-4.0,-3.0,-3.0,-3.0,-3.0,-3.432,-5.0,-0.73,-3.383,-0.641,4.455,-1.22,-3.0,-0.899,-5.0,-4.0,-4.0,-1.432,-1.478,-2.612,-1.358,-3.174,4.092,1.062,5.038,-3.0,16.191,0.758,-2.0,2.173,-4.0,-4.0,2.154,0.04,-3.18,1.086,1.475,-6.0,-0.998,-1.0,-2.998,-1.291,-1.609,-3.0,3.244,-3.413,10.168,-3.0,0.702,-4.0,0.26,0.296,-1.304,0.527,-6.0,0.087,-0.508,-3.0,5.801,0.041,-3.0,-2.0,-4.0,-2.488,14.312,3.553,1.236,-3.998,-1.518,2.412,-0.322,-1.0,-4.261,-2.507,32.692,-4.0,-1.203,0.914,-0.626,-6.0,-0.655,-2.0,2.097,-3.999,5.474,0.0,25.221,-2.0,-2.0,-2.558,14.704,2.538,1.4,5.116,2.102,-6.0,-5.0,1.082,0.026,-1.399,1.415,-6.0,1.102,-3.999,-1.43,0.0,0.0,0.0,0.0,0.0,0.0,0.0,0.0,0.0,0.0
GoldS210,XAUUSDc,14,-9.3002,-55.801,1,-0.6618,0.0,486,28.1893,1,5,270,0.015,2.0,1.25,0.0,0.5,15,1,-68.541,11,1,0,0,0.1,1,-51.552,-4.249,0.0,0.0,0.0,0.0,0.0,1.438,-0.48,-5.0,-1.755,-3.999,-3.227,1.021,-0.755,-4.0,0.7,-4.0,-3.0,-3.0,-3.0,-3.0,-3.73,-0.088,-1.389,-3.684,-1.824,1.913,-1.898,-3.0,-2.676,-5.0,-4.0,-4.0,10.296,-1.744,-0.318,1.047,-3.602,0.134,0.114,3.459,-3.0,12.076,0.44,-2.0,0.408,-4.0,-4.0,1.312,2.666,-3.757,-1.38,0.741,6.731,-1.412,-1.0,-3.503,-1.755,-2.271,-3.0,1.995,-3.749,5.953,-3.0,-1.231,-1.772,-0.348,-0.337,-1.661,0.27,-6.0,-0.591,0.52,-2.0,5.164,-1.412,-3.0,-2.0,-4.0,-2.747,12.149,-0.062,8.0,-3.998,-1.774,2.224,-0.663,-1.0,-2.45,-2.757,4.224,-4.0,-1.558,-0.294,-1.236,-6.0,-1.348,0.545,1.031,-3.999,3.628,0.0,17.235,-2.0,2.666,-2.801,11.74,0.259,0.743,5.813,3.411,-6.0,-5.0,0.551,-0.498,-1.698,0.644,-4.764,0.543,1.698,-0.308,0.0,0.0,0.0,0.0,0.0,0.0,0.0,0.0,0.0,0.0
GoldS210,XAUUSDc,27,-13.0592,-78.355,1,-0.7784,0.0,468,21.5812,1,5,150,0.015,1.7,1.75,0.0,0.5,15,1,-97.023,7,1,0,0,0.1,0,-46.562,-31.793,0.0,0.0,0.0,0.0,0.0,2.751,0.73,-4.0,-1.256,-3.0,-5.0,1.812,-0.257,-4.0,0.749,-4.0,-2.0,-3.0,-3.0,-3.0,11.791,0.876,-0.268,-1.089,-0.642,-1.255,-2.215,-3.0,2.071,-5.0,-3.0,-4.0,-0.854,-1.057,6.679,-0.726,1.529,0.397,1.282,0.477,-3.0,3.229,1.661,-2.0,-2.0,-4.0,-4.0,-0.714,4.157,-3.239,1.426,-0.209,-5.999,-1.07,-1.0,-2.281,-0.815,-1.297,1.14,-1.0,0.761,-0.837,-3.0,-3.998,-4.0,1.828,2.223,-0.266,-3.0,-6.0,3.542,-0.259,-2.0,6.319,0.544,-3.0,-2.0,-4.0,-2.232,-1.026,-4.0,0.317,-5.0,6.751,-1.926,0.421,-1.0,-3.872,3.554,-4.999,-4.0,0.479,-0.015,-2.133,-5.999,-0.158,-2.0,0.857,-2.118,5.586,0.0,-2.89,-2.0,-2.0,-2.286,17.668,3.251,-1.157,-3.0,5.468,-6.999,-5.0,2.63,-1.978,-1.11,2.327,-5.999,4.89,-4.0,8.972,0.0,0.0,0.0,0.0,0.0,0.0,0.0,0.0,0.0,0.0
GoldS210,XAUUSDc,92,11.0933,16.64,4,0.5815,28.19,498,42.5703,1,5,270,0.015,1.7,1.0,0.0,0.5,15,1,11.95,0,1,0,0,0.4,4,-11.288,27.928,0.0,0.0,0.0,0.0,0.0,1.12,-0.996,0.142,-0.014,-4.0,1.555,4.612,1.053,-4.0,1.024,-4.001,-2.999,2.7,-1.143,-3.0,-1.703,-0.807,0.546,-3.987,-0.847,0.966,3.217,1.776,-2.006,-5.0,-1.977,-4.0,0.599,-2.003,-0.551,4.559,3.274,1.951,-0.855,1.779,-3.0,2.341,0.121,-2.0,0.026,-1.803,-4.0,3.89,-0.438,-4.007,6.586,2.882,-0.577,1.648,-1.0,-4.005,-2.007,-0.919,-0.974,1.317,7.647,2.59,-3.0,7.301,3.635,-0.916,3.233,1.643,1.012,0.27,5.717,-0.035,-2.0,4.026,0.223,-3.0,-0.766,0.442,-3.0,3.114,-0.919,3.799,-1.94,1.456,0.729,-0.97,-1.0,4.063,-3.008,-0.662,-4.0,-1.936,1.02,-1.81,-0.582,5.488,0.078,2.208,-0.438,2.108,0.0,0.178,-2.0,1.006,-0.572,1.585,1.483,0.007,2.992,5.412,-2.844,-5.0,0.008,6.764,-2.002,0.079,-2.497,0.011,0.074,-0.929,0.0,0.0,0.0,0.0,0.0,0.0,0.0,0.0,0.0,0.0
GoldS210,XAUUSDc,79,-25.1573,-75.472,2,-0.6897,0.0,475,17.8947,1,5,210,0.015,2.3,1.75,0.0,0.5,15,1,-113.255,12,1,0,0,0.25,0,-63.428,-12.044,0.0,0.0,0.0,0.0,0.0,2.389,0.979,-4.0,-1.256,-3.0,-5.0,4.74,-0.256,-4.0,-3.0,-5.0,-2.0,-3.0,-3.0,-3.0,-1.955,-5.0,-4.0,-6.0,4.354,-1.255,-3.202,-3.0,-4.999,-5.0,-4.0,-4.0,-0.979,-1.227,-2.474,-0.884,-5.0,-1.629,-3.0,0.522,-3.0,5.339,1.195,-2.0,-2.0,-4.0,-4.0,9.679,-2.705,-3.007,-2.314,-1.2,-5.999,-0.604,-1.0,-2.474,-0.481,-1.333,-3.0,-1.0,35.843,3.765,-3.0,7.325,-4.0,-2.088,-0.288,1.052,-3.0,-5.999,1.814,-0.259,-3.0,3.058,1.412,-3.0,-2.0,4.9,-2.226,-0.489,-4.0,-0.721,-4.0,8.24,-1.016,-2.998,-1.0,-2.445,-1.866,-2.096,-4.0,0.359,1.94,-4.0,-6.0,0.546,-2.0,1.545,-2.016,7.574,0.0,-0.923,-2.0,-2.0,-2.302,6.58,-2.227,2.586,-2.0,30.405,-6.0,-5.0,2.467,-2.068,-0.892,4.148,-6.0,7.486,-4.0,-0.562,0.0,0.0,0.0,0.0,0.0,0.0,0.0,0.0,0.0,0.0
GoldS210,XAUUSDc,78,-17.671,-53.013,2,-0.4924,0.0,477,18.6583,1,5,150,0.015,2.3,1.75,0.0,0.5,15,1,-90.796,10,1,0,0,0.25,0,-61.396,8.383,0.0,0.0,0.0,0.0,0.0,2.766,0.979,-4.0,-1.256,-3.0,-5.0,3.839,-0.256,-4.0,0.786,-5.0,-2.0,-2.999,-3.0,-3.0,-1.955,-2.316,-3.999,-1.063,4.902,-1.255,-2.205,-3.0,-5.0,-5.0,-4.0,-4.0,-0.836,-1.016,2.483,-0.641,-6.0,-4.999,-3.0,0.477,-3.0,4.081,1.661,-2.0,-2.0,-4.0,-4.0,-0.628,-2.704,-3.239,-2.871,-1.2,-5.999,-0.604,-1.0,-2.279,-0.299,-1.258,-3.0,-1.0,41.345,-0.838,-3.0,11.009,-4.0,-1.247,3.817,1.397,-3.0,-6.0,5.318,-0.259,-3.0,2.805,1.327,-3.0,-2.0,4.9,-2.226,-0.488,-4.0,-0.457,-4.0,6.751,-1.016,-2.998,-1.0,-2.445,-1.124,-5.0,-4.0,0.866,1.785,-2.133,-5.999,0.527,-2.0,1.544,-2.016,7.63,0.0,-2.889,-2.0,-2.0,-2.286,6.58,-2.228,-1.157,-2.0,40.715,-6.999,-5.0,2.73,-1.914,-0.892,4.322,-6.0,7.188,-3.999,3.944,0.0,0.0,0.0,0.0,0.0,0.0,0.0,0.0,0.0,0.0
GoldS210,XAUUSDc,20,-7.2125,-14.425,3,-0.227,0.0,476,25.4202,1,5,270,0.015,1.7,1.5,0.0,0.5,15,1,-30.129,13,1,0,0,0.1,2,-45.299,30.874,0.0,0.0,0.0,0.0,0.0,1.756,0.044,-5.0,-1.507,-3.999,-2.747,2.147,-0.507,-4.0,-3.0,-4.0,-3.0,-3.0,-3.0,-3.0,1.733,-1.801,-0.875,-3.417,-1.793,3.289,-1.221,-3.0,-1.979,-5.0,0.548,-4.0,-1.432,-1.487,-3.136,8.167,-3.181,1.229,0.131,4.42,-3.0,16.077,0.758,-2.0,1.074,-4.0,-4.0,12.16,-0.406,-3.181,0.387,1.239,-6.0,-1.043,-1.0,-2.998,-1.392,-1.618,-0.134,2.85,-3.454,10.168,-3.0,-0.683,-4.0,0.238,0.217,-1.344,0.527,-6.0,-0.213,-0.508,-3.0,5.668,-0.081,-3.0,-2.0,-4.0,-2.488,14.222,0.004,2.176,8.24,-1.518,2.26,-0.38,-1.0,-4.367,-2.507,6.307,-4.0,-1.315,0.527,-0.833,-6.0,-0.801,-2.0,1.954,-3.999,4.328,0.0,25.221,-2.0,1.446,3.652,14.704,1.012,1.4,5.116,1.912,-6.0,-5.0,1.082,0.026,-1.424,1.287,-5.999,1.069,-4.0,-0.429,0.0,0.0,0.0,0.0,0.0,0.0,0.0,0.0,0.0,0.0
GoldS210,XAUUSDc,97,20.82,24.984,5,1.1619,28.77,498,41.7671,1,5,210,0.015,2.3,1.0,0.0,0.5,15,1,17.797,2,1,0,0,0.4,5,-3.482,28.466,0.0,0.0,0.0,0.0,0.0,1.24,-0.992,-0.297,-0.014,-3.0,0.509,6.768,1.171,-4.0,1.023,-4.001,0.367,2.127,-0.98,-3.0,-1.488,-0.983,0.63,-6.0,2.396,0.989,5.844,1.17,-2.004,-5.0,-1.871,-4.0,1.129,-2.001,-0.719,7.656,2.926,2.169,-3.0,-1.016,-3.0,1.639,0.164,-2.0,0.047,-1.94,-4.0,6.802,-1.199,-4.007,6.614,2.918,-0.562,1.474,-1.0,-4.006,-2.007,-1.113,-3.0,1.339,7.647,3.836,-3.0,10.023,3.264,-1.006,4.066,1.673,-1.004,0.27,5.74,-0.021,0.383,4.055,0.4,-3.0,-0.716,0.442,-3.0,3.116,-0.869,1.219,-1.857,1.451,0.331,-0.936,-1.0,0.316,-0.383,1.09,-4.0,-1.354,0.1,-1.721,-0.523,5.527,0.189,2.387,-0.438,2.264,0.0,-0.225,-2.0,1.132,-3.042,1.585,1.63,0.007,3.146,4.564,-2.539,-4.999,0.386,6.015,-1.965,0.091,-2.78,2.119,0.122,-0.135,0.0,0.0,0.0,0.0,0.0,0.0,0.0,0.0,0.0,0.0
GoldS210,XAUUSDc,66,57.9533,86.93,4,1.3839,57.54,479,25.261,1,5,150,0.015,2.0,1.5,0.0,0.5,15,1,36.914,14,1,0,0,0.25,2,5.855,81.075,0.0,0.0,0.0,0.0,0.0,2.295,0.089,-4.0,-1.508,-3.0,-4.024,52.12,-0.506,-4.0,0.312,-4.0,2.652,-3.0,-3.0,-3.0,-3.432,-2.568,3.715,-1.805,-0.205,5.556,-4.0,-3.0,-0.899,-5.0,-4.0,-4.0,-1.238,-1.31,4.65,-1.124,-5.999,1.546,1.062,-0.021,-3.0,2.537,1.221,-2.0,2.173,-4.0,-4.0,-1.095,1.509,-3.503,0.328,1.475,-5.999,-1.414,-1.0,-2.901,-1.158,-1.878,-3.0,3.084,21.543,-1.425,-3.0,57.631,-3.999,0.835,10.501,-0.925,-3.0,-6.0,3.015,-0.509,0.253,4.848,0.183,-3.0,-2.0,3.485,-2.488,4.423,3.857,-1.061,-3.998,5.261,0.734,-0.322,-1.0,-4.261,-1.618,30.088,-4.0,0.042,-0.324,-2.432,-2.24,-0.655,-2.0,1.902,-3.999,5.519,0.0,3.723,-2.0,-2.0,-2.555,5.394,2.537,-1.448,8.654,4.102,-6.999,-5.0,1.906,0.082,-1.399,1.578,-6.0,4.184,-3.999,3.569,0.0,0.0,0.0,0.0,0.0,0.0,0.0,0.0,0.0,0.0
GoldS210,XAUUSDc,98,23.3025,27.963,5,1.0841,25.7,498,41.7671,1,5,270,0.015,2.3,1.0,0.0,0.5,15,1,20.776,2,1,0,0,0.4,5,-4.767,32.73,0.0,0.0,0.0,0.0,0.0,1.121,-0.992,0.164,-0.014,-4.0,1.555,7.025,1.171,-4.0,1.042,-4.001,-2.999,1.783,-1.065,-3.0,-1.619,-0.807,0.63,-3.98,-0.105,0.985,5.022,1.776,-2.004,-5.0,-1.871,-4.0,1.269,-2.001,-0.428,7.656,3.28,1.979,-3.0,2.251,-3.0,2.345,0.121,-2.0,0.047,-1.803,-4.0,5.463,-0.412,-4.007,6.614,2.918,-0.577,1.666,-1.0,-4.005,-2.007,-0.919,-3.0,1.319,7.647,3.836,-3.0,10.023,3.65,-0.911,3.233,1.647,1.02,0.27,5.74,-0.021,-2.0,4.055,0.288,-3.0,-0.76,0.442,-3.0,3.116,-0.885,4.111,-1.857,1.456,0.729,-0.936,-1.0,4.075,-3.008,1.09,-4.0,-1.864,1.1,-1.806,-0.582,5.52,0.189,2.49,-0.438,2.264,0.0,0.178,-2.0,1.006,-3.042,1.585,1.523,0.007,2.992,5.457,-2.844,-4.999,0.008,6.764,-1.965,0.079,-2.498,0.026,0.089,-0.912,0.0,0.0,0.0,0.0,0.0,0.0,0.0,0.0,0.0,0.0
GoldS210,XAUUSDc,103,-0.9593,-1.439,4,-0.025,0.0,485,32.1649,1,5,210,0.015,2.0,1.25,0.0,0.5,15,1,-12.234,8,1,0,0,0.4,4,-38.219,36.78,0.0,0.0,0.0,0.0,0.0,1.616,-0.48,-4.0,-1.756,-3.0,-4.307,11.062,-0.755,-4.0,0.672,-4.0,1.117,-2.998,-3.0,-3.0,-3.73,-0.362,2.328,-6.0,1.313,2.051,-5.0,-3.0,-2.676,-5.0,-4.0,-4.0,10.134,-1.744,-0.994,1.099,-3.566,4.418,0.114,-0.519,-3.0,2.531,0.508,-1.999,0.408,-4.0,-4.0,3.53,1.327,-3.757,-1.38,0.741,-0.578,2.663,-1.0,-3.505,-1.755,-2.534,-3.0,2.04,13.49,-0.986,-3.0,14.983,-1.772,-0.418,6.54,2.177,-3.0,0.015,4.274,0.519,0.834,5.164,-1.25,-3.0,-2.0,0.327,-2.747,4.695,-0.036,4.296,-3.998,2.579,1.455,-0.663,-1.0,-2.45,0.558,4.223,-4.0,-0.894,-1.294,-1.095,-0.42,6.446,0.545,0.876,0.932,3.628,0.0,1.543,-2.0,0.287,-2.801,2.325,0.142,0.946,4.731,5.159,-5.999,-5.0,1.041,6.599,-1.698,0.662,-4.764,3.122,1.749,0.707,0.0,0.0,0.0,0.0,0.0,0.0,0.0,0.0,0.0,0.0
GoldS210,XAUUSDc,69,73.2373,109.856,4,1.4749,133.21,481,23.9085,1,5,150,0.015,2.3,1.5,0.0,0.5,15,1,-36.487,19,1,0,0,0.25,1,-43.042,152.898,0.0,0.0,0.0,0.0,0.0,2.304,0.148,-4.0,-1.508,-3.0,-4.024,1.602,-0.506,-4.0,0.326,-5.0,4.175,-2.999,-3.0,-3.0,-3.419,-2.568,3.936,-1.793,2.315,8.495,-3.998,-3.0,1.89,-5.0,-4.0,-4.0,-1.238,-1.307,5.735,-1.099,-6.0,-4.999,-3.0,-0.021,-3.0,2.684,1.221,-2.0,4.831,-4.0,-4.0,-1.073,2.275,-3.503,-3.305,1.883,-5.999,-1.37,-1.0,-2.901,-1.017,-1.861,-3.0,3.902,22.169,-1.425,-3.0,15.46,-4.0,0.869,10.634,-0.873,-3.0,-6.0,3.577,-0.509,0.339,5.028,0.355,-3.0,-2.0,3.484,-2.485,4.562,-4.0,-0.993,-4.0,5.261,0.976,-0.212,-1.0,-4.115,-1.618,142.343,-4.0,0.21,0.343,-2.432,-2.23,-0.449,-2.0,2.091,-3.999,7.765,0.0,3.723,-2.0,-2.0,-2.555,5.394,6.273,-1.448,8.654,4.653,-6.999,-5.0,1.917,0.081,-1.321,1.788,-6.0,4.786,-3.999,2.569,0.0,0.0,0.0,0.0,0.0,0.0,0.0,0.0,0.0,0.0
GoldS210,XAUUSDc,13,-22.2737,-66.821,2,-0.7993,0.0,485,28.4536,1,5,210,0.015,2.0,1.25,0.0,0.5,15,1,-79.601,7,1,0,0,0.1,0,-51.197,-15.624,0.0,0.0,0.0,0.0,0.0,1.616,-0.48,-4.0,-1.756,-2.999,-4.308,0.552,-0.755,-4.0,0.672,-4.0,1.117,-3.0,-3.0,-3.0,-3.73,-0.362,2.663,-6.0,1.313,2.051,-4.999,-3.0,-2.676,-5.0,-4.0,-4.0,10.134,-1.744,-0.994,1.099,-3.566,0.426,0.114,-0.519,-3.0,2.531,0.508,-1.999,0.408,-4.0,-4.0,4.688,1.327,-3.757,-1.38,0.741,7.78,-1.716,-1.0,-3.505,-1.755,-2.534,-3.0,2.04,2.604,5.953,-3.0,-1.231,-1.772,-0.418,0.944,-1.58,-3.0,-6.0,-0.591,0.52,0.834,5.164,-1.25,-3.0,-2.0,-4.0,-2.747,12.149,-0.036,4.296,-3.998,-1.784,1.455,-0.663,-1.0,-2.45,0.558,4.224,-4.0,-0.894,-1.294,-1.095,-6.0,-1.338,0.545,0.876,-4.0,3.628,0.0,8.279,-2.0,0.287,-2.8,11.74,0.142,0.946,-0.752,5.159,-5.999,-5.0,1.041,-0.498,-1.698,0.662,-4.764,3.122,1.749,0.708,0.0,0.0,0.0,0.0,0.0,0.0,0.0,0.0,0.0,0.0
GoldS210,XAUUSDc,51,29.032,43.548,4,1.8948,26.33,498,40.7631,1,5,150,0.015,2.3,1.0,0.0,0.5,15,1,32.08,6,1,0,0,0.25,4,-5.391,48.939,0.0,0.0,0.0,0.0,0.0,1.39,-0.992,-0.4,-0.014,-3.0,-2.809,8.722,1.171,-4.0,0.447,-4.001,0.149,1.943,-0.559,-3.0,-1.385,-1.034,0.793,-3.171,2.439,1.009,1.586,0.559,-2.004,-5.0,-1.871,-4.0,1.117,-1.943,2.137,7.965,2.054,4.387,-3.0,-1.016,-3.0,1.123,0.345,-2.0,0.047,-1.931,-4.0,8.682,2.95,-4.006,-1.948,3.62,0.275,-2.009,-1.0,-4.006,-2.007,-1.077,-3.0,1.277,11.203,-2.598,-3.0,16.046,6.761,-1.006,4.88,1.82,-1.004,1.863,6.396,-0.021,0.297,4.055,0.588,-3.0,-0.512,1.65,-3.0,3.379,-0.764,0.837,-1.857,2.294,0.143,-0.936,-1.0,1.578,-0.025,-0.977,-4.0,-1.089,0.1,-3.003,-1.163,11.355,0.201,2.387,0.909,2.286,0.0,-0.279,-2.0,1.281,-3.041,3.023,2.025,0.007,5.472,4.453,-5.001,-5.0,0.525,7.292,-1.965,0.164,-2.669,2.023,0.089,2.072,0.0,0.0,0.0,0.0,0.0,0.0,0.0,0.0,0.0,0.0
GoldS210,XAUUSDc,38,-40.0073,-120.022,2,-0.7514,0.0,461,16.7028,1,5,270,0.015,1.7,2.0,0.0,0.5,15,1,-142.621,7,1,0,0,0.1,0,-72.965,-47.057,0.0,0.0,0.0,0.0,0.0,2.441,1.755,-5.0,-1.001,-3.999,-4.0,-1.983,-0.007,-4.0,-3.0,-4.0,-3.0,-3.0,-3.0,-3.0,-5.0,0.743,0.15,-5.0,-4.0,-2.005,0.476,-3.0,-5.0,-5.0,-3.0,-4.0,-0.835,-0.933,-6.0,0.364,-4.998,-1.872,2.778,1.331,-3.0,0.439,1.396,-2.0,-2.0,-4.0,-4.0,4.384,8.005,-0.723,-0.823,0.051,-6.0,-0.032,-1.0,-1.934,-4.0,-0.328,5.417,-1.0,-2.821,18.599,-3.0,-3.998,-4.0,-1.925,-0.42,-1.17,1.081,-6.0,-1.999,0.019,-3.0,0.124,-2.999,-3.0,-2.0,-4.0,-1.975,-0.59,-4.0,0.362,-4.0,-3.0,0.209,1.268,-1.0,-3.163,-4.0,0.096,-4.0,-0.644,-1.173,-4.0,-6.0,1.915,-2.0,-5.0,-1.795,8.054,0.0,-6.0,-2.0,7.388,-2.048,20.632,6.359,2.941,-1.999,12.977,-6.0,-5.0,2.316,1.332,-0.544,2.991,-5.999,2.136,-4.0,0.184,0.0,0.0,0.0,0.0,0.0,0.0,0.0,0.0,0.0,0.0
GoldS210,XAUUSDc,15,-28.5827,-85.748,2,-0.8126,0.0,488,28.0738,1,5,150,0.015,2.3,1.25,0.0,0.5,15,1,-101.492,5,1,0,0,0.1,0,-79.649,-6.099,0.0,0.0,0.0,0.0,0.0,1.847,-0.453,-1.328,-1.756,-3.0,-4.428,0.25,-0.755,-4.0,-0.161,-5.0,0.961,-2.999,-3.0,-3.0,-3.73,-0.411,2.273,-2.505,2.609,2.604,-3.997,-3.0,-2.61,-5.0,-4.0,-4.0,-1.603,-1.631,2.737,1.565,-3.906,-1.432,-3.0,-0.519,-3.0,1.789,0.784,-2.0,0.579,-4.0,-4.0,-1.511,1.843,-3.757,-1.259,0.954,1.687,-1.689,-1.0,-3.494,-1.692,-2.48,-3.0,1.944,1.042,-2.01,-3.0,-0.73,-1.703,0.081,0.356,-1.387,-3.0,-6.0,1.967,0.55,0.716,5.266,-1.233,-3.0,-2.0,-4.0,-2.746,5.169,0.4,-1.526,-4.0,3.778,1.123,-0.618,-1.0,-2.417,1.208,11.744,-4.0,-0.446,-1.14,-2.731,-2.8,1.204,0.779,0.918,-4.0,4.55,0.0,7.111,-2.0,0.287,-2.8,11.74,1.019,-1.718,-0.752,5.302,-6.999,-5.0,1.224,-0.461,-1.644,0.77,-4.764,3.09,-1.753,5.916,0.0,0.0,0.0,0.0,0.0,0.0,0.0,0.0,0.0,0.0
GoldS210,XAUUSDc,76,-16.5053,-49.516,2,-0.5049,0.0,472,19.4915,1,5,210,0.015,2.0,1.75,0.0,0.5,15,1,-87.299,11,1,0,0,0.25,0,-52.261,2.745,0.0,0.0,0.0,0.0,0.0,2.375,0.798,-4.0,-1.256,-3.0,-5.0,3.312,-0.256,-4.0,-3.0,-4.0,-2.0,-3.0,-3.0,-3.0,-2.618,-5.0,-4.0,-6.0,0.54,-1.255,-3.207,-3.0,-4.999,-5.0,-4.0,-4.0,-0.983,-1.244,-2.51,-0.961,-4.999,-1.646,4.374,0.522,-3.0,4.803,1.195,-1.999,-2.0,-4.0,-4.0,9.422,7.917,-3.006,-2.34,-1.204,-5.998,-0.881,-1.0,-2.475,-0.814,-1.359,-3.0,-1.0,35.726,3.765,-3.0,7.304,-4.0,-2.094,-1.352,-0.083,-3.0,-5.999,0.803,-0.259,-1.999,8.218,0.932,-3.0,-2.0,4.9,-2.232,-0.848,-4.0,-0.849,-3.998,8.24,-1.59,1.572,-1.0,-3.394,2.479,-2.121,-4.0,0.127,0.784,-4.0,-6.0,0.139,-2.0,1.139,-2.094,7.396,0.0,-0.923,-2.0,-2.0,-2.302,6.58,10.053,2.568,-2.0,28.196,-5.999,-5.0,2.393,-2.105,-1.044,2.813,-6.0,5.976,-4.0,0.418,0.0,0.0,0.0,0.0,0.0,0.0,0.0,0.0,0.0,0.0
GoldS210,XAUUSDc,90,5.1683,15.505,2,0.6861,29.28,498,42.7711,1,5,150,0.015,1.7,1.0,0.0,0.5,15,1,10.965,0,1,0,0,0.4,2,-4.797,20.302,0.0,0.0,0.0,0.0,0.0,1.389,-0.996,-0.407,-0.014,-3.0,0.312,3.873,1.053,-4.0,0.429,-4.001,0.145,2.803,-0.609,-3.0,-1.466,-1.034,0.709,-3.172,1.696,0.992,2.995,0.559,-2.006,-5.0,-1.977,-4.0,0.515,-1.945,2.014,4.871,2.016,3.393,-0.855,-1.016,-3.0,1.119,0.345,-2.0,0.026,-1.931,-4.0,5.298,1.807,-4.006,6.586,2.882,-0.684,1.456,-1.0,-4.006,-2.007,-1.077,-0.974,1.269,7.432,1.981,-3.0,7.301,3.513,-1.011,3.684,4.457,-1.004,0.27,4.756,-0.035,0.297,4.026,0.538,-3.0,-0.513,0.442,-3.0,3.114,-0.787,0.526,-1.94,1.451,0.143,-0.97,-1.0,0.304,-0.025,-2.7,-4.0,-1.16,0.02,-3.003,-1.163,7.626,0.097,2.105,-0.438,2.13,0.0,-0.994,-2.0,1.281,-3.041,1.585,1.985,0.007,3.146,4.408,-5.002,-5.0,0.525,5.571,-2.002,0.164,-2.668,2.008,0.074,0.625,0.0,0.0,0.0,0.0,0.0,0.0,0.0,0.0,0.0,0.0
GoldS210,XAUUSDc,121,-24.1083,-72.325,2,-0.6503,0.0,472,19.9153,1,5,210,0.015,2.0,1.75,0.0,0.5,15,1,-88.034,12,1,0,0,0.4,1,-70.7,-1.625,0.0,0.0,0.0,0.0,0.0,2.375,0.798,-4.0,-1.256,-3.0,-5.0,3.31,-0.256,-4.0,-3.0,-4.0,-2.0,-2.998,-3.0,-3.0,-2.618,-5.0,-4.0,-6.0,0.54,-1.255,-3.207,-3.0,-4.999,-5.0,-4.0,-4.0,-0.983,-1.244,-2.51,-0.961,-4.999,-1.646,4.374,0.522,-3.0,4.803,1.195,-1.999,-2.0,-4.0,-4.0,7.588,7.917,-3.006,-2.34,-1.204,-6.0,9.081,-1.0,-2.475,-0.814,-1.359,-3.0,-1.0,11.805,1.121,-3.0,4.198,-4.0,-2.094,-1.352,-0.083,-3.0,-5.999,0.802,-0.259,-1.999,8.218,0.932,-3.0,-2.0,2.096,-2.232,-0.848,-4.0,-0.849,-3.998,5.359,-1.59,1.572,-1.0,-3.394,2.479,-2.121,-4.0,0.127,0.783,-4.0,-6.0,16.848,-2.0,1.138,-2.095,7.396,0.0,-0.924,-2.0,-2.0,-2.302,3.807,10.053,2.568,-2.0,18.686,-5.999,-5.0,2.393,-2.105,-1.044,2.813,-6.0,5.976,-4.0,0.418,0.0,0.0,0.0,0.0,0.0,0.0,0.0,0.0,0.0,0.0
GoldS210,XAUUSDc,91,6.9185,13.837,3,0.547,32.81,498,42.5703,1,5,210,0.015,1.7,1.0,0.0,0.5,15,1,9.297,0,1,0,0,0.4,3,-9.619,23.456,0.0,0.0,0.0,0.0,0.0,1.239,-0.996,-0.319,-0.014,-3.0,0.509,4.346,1.053,-4.0,1.005,-4.001,0.36,2.959,-1.045,-3.0,-1.575,-0.983,0.546,-6.0,1.653,0.972,4.039,1.17,-2.006,-5.0,-1.977,-4.0,0.459,-2.003,-0.842,4.559,2.926,2.141,-0.855,-1.016,-3.0,1.635,0.164,-2.0,0.026,-1.94,-4.0,5.218,-1.227,-4.006,6.586,2.882,-0.562,1.456,-1.0,-4.006,-2.007,-1.113,-0.974,1.338,7.647,2.59,-3.0,7.301,3.233,-1.011,4.066,1.669,1.263,0.27,5.717,-0.035,0.379,4.026,0.335,-3.0,-0.717,0.442,-3.0,3.114,-0.903,0.908,-1.94,1.451,0.331,-0.97,-1.0,0.304,-0.383,-0.662,-4.0,-1.425,0.02,-1.725,-0.523,5.495,0.078,2.105,-0.438,2.108,0.0,-0.225,-2.0,1.132,-3.042,1.585,1.59,0.007,3.146,4.519,-2.539,-5.0,0.386,6.015,-2.002,0.091,-2.779,2.104,0.107,-0.152,0.0,0.0,0.0,0.0,0.0,0.0,0.0,0.0,0.0,0.0
GoldS210,XAUUSDc,53,34.57,51.855,4,1.8347,22.12,498,40.1606,1,5,270,0.015,2.3,1.0,0.0,0.5,15,1,40.387,9,1,0,0,0.25,4,-8.03,59.885,0.0,0.0,0.0,0.0,0.0,1.121,-0.992,0.235,-0.014,-4.0,-1.682,10.363,1.171,-4.0,1.042,-4.001,-3.0,1.783,-1.065,-3.0,-1.619,-0.807,1.0,-3.98,-0.105,0.985,1.794,2.165,-2.004,-5.0,-1.871,-4.0,1.269,-2.001,-0.428,7.656,6.615,2.722,-3.0,2.251,-3.0,3.494,0.121,-2.0,0.047,-1.803,-4.0,5.463,-0.236,-4.007,-1.948,3.62,0.412,-1.817,-1.0,-4.005,-2.007,-0.919,-3.0,1.319,11.633,-1.287,-3.0,16.046,9.165,-0.911,5.516,-0.994,1.02,2.948,8.335,-0.021,-2.0,4.055,0.288,-3.0,-0.76,1.65,-3.0,3.998,-0.885,4.316,-1.857,2.693,0.729,-0.936,-1.0,5.715,-3.008,1.09,-4.0,-1.864,1.101,-1.806,0.554,9.217,0.189,2.491,0.909,2.264,0.0,1.993,-2.0,1.006,-3.042,3.023,1.523,0.007,3.83,2.148,-2.844,-5.0,0.008,10.454,-1.965,0.079,-2.498,0.026,0.089,-0.912,0.0,0.0,0.0,0.0,0.0,0.0,0.0,0.0,0.0,0.0
GoldS210,XAUUSDc,110,16.402,24.603,4,0.576,65.2,475,27.7895,1,5,270,0.015,1.7,1.5,0.0,0.5,15,1,8.562,16,1,0,0,0.4,4,-13.813,38.416,0.0,0.0,0.0,0.0,0.0,1.756,0.044,-5.0,-1.507,-4.0,-2.746,19.188,-0.507,-4.0,-3.0,-4.0,-2.999,-3.0,-3.0,-3.0,1.733,-1.801,4.99,-3.417,-1.793,3.289,-1.222,-3.0,-1.979,-5.0,0.548,-4.0,-1.432,-1.487,-3.136,8.167,-3.182,1.229,0.131,4.42,-3.0,6.252,0.758,-2.0,1.074,-4.0,-4.0,12.16,-0.406,-3.181,0.387,1.239,-6.0,6.768,-1.0,-2.998,-1.392,-1.618,-0.134,2.85,6.141,0.068,-3.0,20.936,-4.0,0.238,7.737,-1.346,0.527,-5.999,-0.216,-0.509,-3.0,5.668,-0.081,-3.0,-2.0,1.212,-2.488,3.702,0.004,2.176,7.899,3.722,2.26,-0.38,-1.0,-4.366,-2.507,6.306,-4.0,-1.315,0.527,-0.833,1.521,11.897,-2.0,1.954,-4.0,4.328,0.0,4.132,-2.0,1.446,3.652,3.066,1.012,1.4,3.457,5.997,-6.0,-5.0,1.082,0.026,-1.424,1.287,-5.999,1.069,-4.0,-0.429,0.0,0.0,0.0,0.0,0.0,0.0,0.0,0.0,0.0,0.0
GoldS210,XAUUSDc,46,19.053,38.106,3,1.1036,27.04,498,41.1647,1,5,210,0.015,1.7,1.0,0.0,0.5,15,1,27.803,10,1,0,0,0.25,3,-13.663,51.769,0.0,0.0,0.0,0.0,0.0,1.239,-0.996,-0.319,-0.014,-3.0,-2.728,8.124,1.053,-4.0,1.005,-4.001,0.36,2.981,-1.045,-3.0,-1.575,-0.983,0.692,-6.0,1.653,0.972,0.811,1.17,-2.006,-5.0,-1.977,-4.0,0.459,-2.003,-0.842,4.559,5.421,2.884,-0.855,-1.016,-3.0,1.635,0.164,-2.0,0.026,-1.94,-4.0,6.071,-1.227,-4.006,-1.976,3.584,0.515,-2.027,-1.0,-4.006,-2.007,-1.113,-0.974,1.338,11.544,-1.287,-3.0,14.452,6.272,-1.011,6.349,-0.972,1.263,2.948,8.312,-0.035,0.379,4.026,0.335,-3.0,-0.717,1.65,-3.0,3.996,-0.903,0.908,-1.94,2.688,0.331,-0.97,-1.0,1.566,-0.383,-0.662,-4.0,-1.425,0.021,-1.725,0.613,9.192,0.078,2.106,0.909,2.108,0.0,0.49,-2.0,1.132,-3.042,3.023,1.59,0.007,5.472,4.519,-2.539,-5.0,0.386,8.603,-2.002,0.091,-2.779,2.104,0.107,-0.152,0.0,0.0,0.0,0.0,0.0,0.0,0.0,0.0,0.0,0.0
GoldS210,XAUUSDc,123,-28.4563,-85.369,2,-0.749,0.0,477,19.0776,1,5,150,0.015,2.3,1.75,0.0,0.5,15,1,-101.078,11,1,0,0,0.4,0,-75.357,-10.012,0.0,0.0,0.0,0.0,0.0,2.766,0.979,-4.0,-1.256,-3.0,-5.0,3.84,-0.256,-4.0,0.786,-5.0,-2.0,-2.999,-3.0,-3.0,-1.955,-2.316,-3.999,-1.063,4.902,-1.255,-2.206,-3.0,-5.0,-5.0,-4.0,-4.0,-0.836,-1.016,2.483,-0.641,-6.0,-4.999,-3.0,0.477,-3.0,4.081,1.661,-2.0,-2.0,-4.0,-4.0,-0.629,-2.704,-3.239,-2.871,-1.2,-6.0,9.358,-1.0,-2.279,-0.299,-1.258,-3.0,-1.0,17.424,-0.838,-3.0,5.216,-4.0,-1.247,3.818,1.397,-3.0,-6.0,5.317,-0.259,-3.0,2.805,1.327,-3.0,-2.0,2.096,-2.226,-0.489,-4.0,-0.457,-4.0,4.915,-1.016,-2.998,-1.0,-2.445,-1.124,-5.0,-4.0,0.866,1.785,-2.133,-5.999,17.236,-2.0,1.544,-2.017,7.63,0.0,-2.89,-2.0,-2.0,-2.286,3.807,-2.228,-1.157,-2.0,21.382,-7.0,-4.999,2.73,-1.914,-0.892,4.322,-6.0,7.188,-3.999,1.382,0.0,0.0,0.0,0.0,0.0,0.0,0.0,0.0,0.0,0.0
GoldS210,XAUUSDc,49,19.734,39.468,3,1.2905,26.1,498,40.7631,1,5,210,0.015,2.0,1.0,0.0,0.5,15,1,29.165,10,1,0,0,0.25,3,-11.155,50.623,0.0,0.0,0.0,0.0,0.0,1.239,-0.992,-0.306,-0.014,-3.0,-2.728,8.531,1.104,-4.0,1.014,-4.001,0.365,4.07,-1.018,-3.0,-1.542,-0.983,0.724,-6.0,1.898,0.977,1.343,1.17,-2.006,-5.0,-1.929,-4.0,0.693,-2.001,-0.793,5.486,5.421,2.897,-0.604,-1.016,-3.0,1.637,0.164,-1.999,0.034,-1.94,-4.0,6.568,-1.212,-4.006,-1.964,3.598,0.515,-2.018,-1.0,-4.006,-2.007,-1.113,-3.0,1.338,11.544,-1.287,-3.0,14.482,6.279,-1.011,6.349,-0.971,-1.004,2.948,8.324,-0.027,0.381,4.038,0.369,-3.0,-0.717,1.65,-3.0,3.996,-0.893,1.013,-1.911,2.688,0.331,-0.957,-1.0,1.566,-0.383,-0.149,-4.0,-1.395,0.062,-1.725,0.613,9.207,0.116,2.22,0.909,2.176,0.0,0.49,-2.0,1.132,-3.042,3.023,1.604,0.007,5.472,4.526,-2.539,-5.0,0.386,8.603,-1.994,0.091,-2.78,2.111,0.111,-0.152,0.0,0.0,0.0,0.0,0.0,0.0,0.0,0.0,0.0,0.0
GoldS210,XAUUSDc,134,-25.6237,-153.742,1,-0.8674,0.0,472,13.9831,1,5,270,0.015,2.3,2.0,0.0,0.5,15,1,-174.068,12,1,0,0,0.4,0,-111.039,-42.703,0.0,0.0,0.0,0.0,0.0,2.551,-1.611,-5.0,-1.001,-4.0,-4.0,-1.979,-0.006,-4.0,-3.0,-5.0,-2.999,-2.999,-3.0,-3.0,-6.0,-5.0,-4.0,-6.0,-4.0,-2.005,1.598,-3.0,-5.0,-5.0,-4.0,-4.0,-0.807,-0.717,-6.0,0.865,-5.0,-1.727,-3.0,1.331,-3.0,1.961,1.396,-2.0,-2.0,-4.0,-4.0,5.819,-0.946,-0.723,-0.718,-0.937,-6.0,13.015,-1.0,-1.854,-4.0,-0.277,-3.0,-1.0,-2.444,2.175,-3.0,7.074,-4.0,-1.861,-1.393,-3.999,1.152,-5.999,-3.0,0.035,-3.0,0.305,-3.0,-3.0,-2.0,2.981,-1.967,0.988,-4.0,-0.292,-4.0,5.614,0.556,-2.998,-1.0,1.369,-4.0,0.179,-4.0,0.015,-1.173,-4.0,-6.0,-2.761,-2.0,-5.0,-1.472,13.253,0.0,-6.0,-2.0,-2.0,-2.048,4.548,-1.972,3.49,-2.0,37.338,-6.0,-4.999,2.908,-1.442,-4.0,-0.784,-6.0,2.288,-3.999,-1.637,0.0,0.0,0.0,0.0,0.0,0.0,0.0,0.0,0.0,0.0
GoldS210,XAUUSDc,70,70.6493,105.974,4,1.3875,138.09,480,23.3333,1,5,210,0.015,2.3,1.5,0.0,0.5,15,1,-40.369,20,1,0,0,0.25,1,-44.62,150.594,0.0,0.0,0.0,0.0,0.0,2.003,0.148,-4.0,-1.508,-3.0,-3.872,2.303,-0.506,-4.0,-3.0,-5.0,4.361,-3.0,-3.0,-3.0,-3.419,-5.0,4.98,-6.0,1.88,7.638,-4.999,-3.0,1.891,-5.0,-4.0,-4.0,-1.339,-1.475,1.491,-1.294,-2.991,-2.057,-3.0,-0.01,-3.0,3.694,0.851,-2.0,4.831,-4.0,-4.0,6.645,0.826,-3.446,-2.959,1.883,-5.999,-1.37,-1.0,-3.001,-1.143,-1.923,-3.0,4.108,18.077,2.081,-3.0,13.243,-4.0,0.206,10.467,-1.136,-3.0,-5.999,0.597,-0.509,0.502,5.173,0.424,-3.0,-2.0,3.484,-2.485,6.045,-4.0,-1.182,-4.0,5.987,1.514,-0.212,-1.0,-4.115,-2.2,144.967,-4.0,-0.216,0.414,-0.107,-6.0,-0.434,-2.0,2.092,-3.999,7.72,0.0,5.29,-2.0,-2.0,-2.558,5.394,6.117,1.729,8.654,4.825,-6.0,-5.0,1.695,0.026,-1.321,1.648,-6.0,5.017,-4.0,-1.163,0.0,0.0,0.0,0.0,0.0,0.0,0.0,0.0,0.0,0.0
GoldS210,XAUUSDc,48,23.8827,35.824,4,1.4332,28.76,498,41.1647,1,5,150,0.015,2.0,1.0,0.0,0.5,15,1,25.521,6,1,0,0,0.25,4,-9.734,45.558,0.0,0.0,0.0,0.0,0.0,1.389,-0.992,-0.404,-0.014,-3.0,-2.809,6.75,1.104,-4.0,0.438,-4.001,0.149,3.842,-0.592,-3.0,-1.439,-1.034,0.741,-3.172,1.941,0.997,0.313,0.559,-2.006,-5.0,-1.929,-4.0,0.681,-1.943,2.063,5.798,2.051,4.372,-0.604,-1.016,-3.0,1.121,0.345,-2.0,0.034,-1.931,-4.0,7.601,2.194,-4.006,-1.964,3.598,0.275,-2.018,-1.0,-4.006,-2.007,-1.077,-3.0,1.269,11.203,-2.598,-3.0,14.836,6.751,-1.011,4.88,1.817,-1.004,1.863,6.385,-0.027,0.297,4.038,0.557,-3.0,-0.513,1.65,-3.0,3.377,-0.777,0.631,-1.911,2.294,0.143,-0.957,-1.0,1.566,-0.025,-2.204,-4.0,-1.13,0.061,-3.003,-1.163,11.338,0.135,2.219,0.909,2.198,0.0,-0.279,-2.0,1.281,-3.041,3.023,1.999,0.007,5.472,4.415,-5.001,-5.0,0.525,7.288,-1.994,0.164,-2.669,2.015,0.078,2.055,0.0,0.0,0.0,0.0,0.0,0.0,0.0,0.0,0.0,0.0
GoldS210,XAUUSDc,39,-17.7307,-106.384,1,-0.6367,0.0,469,15.9915,1,5,150,0.015,2.0,2.0,0.0,0.5,15,1,-130.501,9,1,0,0,0.1,0,-93.308,-13.076,0.0,0.0,0.0,0.0,0.0,3.287,2.877,-4.0,-1.002,-3.0,-5.0,-1.945,-0.006,-4.0,1.307,-4.0,-2.0,-3.0,-3.0,-3.0,-6.0,-2.063,-4.0,-0.362,-3.999,-1.005,-1.811,-3.0,-4.999,-5.0,-4.0,-4.0,-0.456,-0.542,3.769,0.929,-5.999,-4.998,9.38,0.977,-3.0,4.912,2.098,-2.0,-2.0,-4.0,-4.0,-0.102,-2.025,-2.974,-2.461,-0.943,-5.999,-0.315,-1.0,-1.578,-4.0,-0.69,-3.0,-1.0,2.681,-0.25,-3.0,-3.999,-4.0,-0.743,-0.146,-3.998,-3.0,-6.0,1.961,0.024,-2.0,3.432,-2.999,-3.0,-2.0,-3.999,-1.975,-0.039,-4.0,-0.109,-3.998,6.272,0.36,3.679,-1.0,-1.792,-5.0,-4.999,-4.0,1.327,-2.981,-1.828,-5.999,3.328,-2.0,-5.0,-1.652,14.336,0.0,-2.52,-2.0,-2.0,-2.019,20.632,23.143,-0.582,-3.0,10.802,-6.999,-5.0,3.634,-1.344,0.04,-0.562,-6.0,7.406,-3.999,9.828,0.0,0.0,0.0,0.0,0.0,0.0,0.0,0.0,0.0,0.0
GoldS210,XAUUSDc,45,21.0787,31.618,4,1.052,32.59,498,41.3655,1,5,150,0.015,1.7,1.0,0.0,0.5,15,1,21.315,6,1,0,0,0.25,4,-12.845,44.463,0.0,0.0,0.0,0.0,0.0,1.389,-0.996,-0.407,-0.014,-3.0,-2.809,5.966,1.053,-4.0,0.429,-4.001,0.145,2.803,-0.609,-3.0,-1.466,-1.034,0.709,-3.172,1.696,0.992,-0.219,0.559,-2.006,-5.0,-1.977,-4.0,0.515,-1.945,2.014,4.871,2.043,4.359,-0.855,-1.016,-3.0,1.119,0.345,-2.0,0.026,-1.931,-4.0,7.112,1.807,-4.006,-1.976,3.584,0.275,-2.027,-1.0,-4.006,-2.007,-1.077,-0.974,1.269,11.203,-2.598,-3.0,14.806,6.745,-1.011,4.88,1.816,-1.004,1.863,6.371,-0.035,0.297,4.026,0.538,-3.0,-0.513,1.65,-3.0,3.377,-0.787,0.526,-1.94,2.294,0.143,-0.97,-1.0,1.566,-0.025,-2.7,-4.0,-1.16,0.02,-3.003,-1.163,11.323,0.097,2.105,0.909,2.13,0.0,-0.279,-2.0,1.281,-3.041,3.023,1.985,0.007,5.472,4.408,-5.001,-5.0,0.525,7.281,-2.002,0.164,-2.668,2.008,0.074,2.055,0.0,0.0,0.0,0.0,0.0,0.0,0.0,0.0,0.0,0.0
GoldS210,XAUUSDc,54,28.7885,57.577,3,2.091,37.99,485,34.0206,1,5,150,0.015,1.7,1.25,0.0,0.5,15,1,35.704,15,1,0,0,0.25,3,4.912,52.665,0.0,0.0,0.0,0.0,0.0,1.842,-0.503,-1.328,-1.756,-3.0,-4.429,10.191,1.966,-4.0,-0.161,-4.0,0.908,-3.0,-3.0,-3.0,-1.122,-0.464,2.065,-2.508,9.704,2.444,-4.0,-3.0,-2.712,-5.0,-1.621,-4.0,3.364,-1.634,2.445,5.594,1.517,2.865,-0.398,-0.519,-3.0,1.739,0.784,-2.0,0.312,-4.0,-4.0,13.809,5.869,-3.757,-1.452,0.617,-0.017,-1.743,-1.0,-3.494,-1.692,-2.485,-0.614,1.864,21.433,-2.011,-3.0,29.349,-1.711,0.071,7.683,-1.408,-3.0,2.267,1.819,0.491,0.716,5.084,1.644,-3.0,-2.0,2.067,-2.747,5.125,0.02,1.987,-1.232,3.778,1.066,-0.688,-1.0,-2.474,1.164,-1.411,-4.0,-0.617,-1.413,-2.731,-2.805,1.05,0.456,3.497,3.654,3.18,0.0,1.722,-2.0,0.287,-2.8,4.208,-0.097,-1.718,8.311,4.876,-6.999,-5.0,1.221,7.97,-1.715,0.765,-4.763,2.868,0.971,3.627,0.0,0.0,0.0,0.0,0.0,0.0,0.0,0.0,0.0,0.0
GoldS210,XAUUSDc,88,-18.7213,-112.328,1,-0.6666,0.0,472,14.1949,1,5,210,0.015,2.3,2.0,0.0,0.5,15,1,-141.132,12,1,0,0,0.25,0,-108.588,-3.74,0.0,0.0,0.0,0.0,0.0,2.908,-1.611,-4.0,-1.002,-3.0,-5.0,-1.977,-0.006,-4.0,-3.0,-5.0,-2.0,-3.0,-3.0,-3.0,-6.0,-5.0,-4.0,-6.0,-4.0,-1.005,-2.754,-3.0,-4.999,-5.0,-4.0,-4.0,-0.635,-0.717,-1.721,0.914,-5.0,-1.137,-3.0,1.055,-3.0,7.763,1.537,-2.0,-2.0,-4.0,-4.0,13.425,-1.177,-2.568,-1.629,-0.937,-5.999,0.262,-1.0,-1.839,-4.0,-0.744,-3.0,-1.0,-2.444,5.449,-3.0,9.424,-4.0,-1.726,-5.0,-3.999,-3.0,-5.999,-2.999,0.035,-3.0,3.93,-2.999,-3.0,-2.0,6.317,-1.967,0.988,-4.0,-0.26,-4.0,8.502,0.53,-2.998,-1.0,1.368,-3.999,0.65,-4.0,1.142,-2.742,-4.0,-6.0,-2.737,-2.0,-4.999,-1.471,13.253,0.0,-5.999,-2.0,-2.0,-2.048,7.765,-1.972,4.067,-2.0,54.974,-6.0,-5.0,3.734,-1.442,-4.0,-0.749,-6.0,10.589,-4.0,0.097,0.0,0.0,0.0,0.0,0.0,0.0,0.0,0.0,0.0,0.0
GoldS210,XAUUSDc,59,13.0885,26.177,3,0.4191,83.56,486,31.07,1,5,270,0.015,2.0,1.25,0.0,0.5,15,1,4.304,18,1,0,0,0.25,2,-33.404,59.581,0.0,0.0,0.0,0.0,0.0,1.438,-0.48,-5.0,-1.756,-4.0,-3.227,1.023,-0.755,-4.0,0.7,-4.0,-3.0,-3.0,-3.0,-3.0,-3.73,-0.088,4.314,-3.684,-1.824,1.913,-1.899,-3.0,-2.676,-5.0,-4.0,-4.0,10.296,-1.744,-0.318,1.047,-3.603,5.504,0.114,3.459,-3.0,5.953,0.44,-2.0,0.408,-4.0,-4.0,1.312,2.666,-3.758,-1.38,0.741,0.721,-1.412,-1.0,-3.503,-1.755,-2.271,-3.0,1.995,21.018,0.397,-3.0,29.617,-1.772,-0.348,8.967,-1.663,0.27,4.732,7.155,0.519,-2.0,5.164,-1.412,-3.0,-2.0,2.067,-2.747,6.193,-0.062,8.0,-3.998,4.347,2.224,-0.663,-1.0,-2.45,-2.757,4.223,-4.0,-1.558,-0.293,-1.236,-6.0,-1.348,0.545,1.032,3.654,3.628,0.0,5.171,-2.0,2.666,-2.801,4.208,0.259,0.743,5.57,3.411,-6.0,-5.0,0.551,10.659,-1.698,0.644,-4.764,0.543,1.698,-0.309,0.0,0.0,0.0,0.0,0.0,0.0,0.0,0.0,0.0,0.0
GoldS210,XAUUSDc,111,21.81,43.62,3,0.793,104.28,479,25.6785,1,5,150,0.015,2.0,1.5,0.0,0.5,15,1,-1.866,11,1,0,0,0.4,1,-2.707,46.327,0.0,0.0,0.0,0.0,0.0,2.295,0.089,-4.0,-1.508,-3.0,-4.023,47.59,-0.506,-4.0,0.312,-4.0,2.652,-3.0,-3.0,-3.0,-3.432,-2.568,3.715,-1.805,-0.205,5.556,-4.0,-3.0,-0.899,-5.0,-4.0,-4.0,-1.238,-1.31,4.65,-1.124,-5.999,1.546,1.062,-0.021,-3.0,2.537,1.221,-2.0,2.173,-4.0,-4.0,-1.096,1.509,-3.503,0.328,1.475,-6.0,6.397,-1.0,-2.901,-1.158,-1.878,-3.0,3.084,9.701,-1.425,-3.0,28.195,-4.0,0.835,8.284,-0.925,-3.0,-5.999,3.014,-0.509,0.253,4.848,0.183,-3.0,-2.0,1.213,-2.488,3.792,3.857,-1.061,-3.998,3.707,0.734,-0.322,-1.0,-4.261,-1.618,30.088,-4.0,0.042,-0.324,-2.432,-2.24,12.043,-2.0,1.902,-4.0,5.519,0.0,1.744,-2.0,-2.0,-2.555,3.066,2.537,-1.448,3.818,4.102,-7.0,-5.0,1.906,0.081,-1.399,1.578,-6.0,4.184,-3.999,1.38,0.0,0.0,0.0,0.0,0.0,0.0,0.0,0.0,0.0,0.0
GoldS210,XAUUSDc,34,-24.1293,-144.776,1,-0.8772,0.0,475,16.8421,1,5,210,0.015,2.3,1.75,0.0,0.5,15,1,-163.444,7,1,0,0,0.1,0,-91.593,-53.183,0.0,0.0,0.0,0.0,0.0,2.389,0.979,-4.0,-1.256,-2.999,-5.0,4.737,-0.256,-4.0,-3.0,-5.0,-2.0,-3.0,-3.0,-3.0,-1.955,-5.0,-4.0,-6.0,4.354,-1.255,-3.201,-3.0,-4.999,-5.0,-4.0,-4.0,-0.979,-1.227,-2.474,-0.884,-5.0,-1.629,-3.0,0.522,-3.0,5.339,1.195,-2.0,-2.0,-4.0,-4.0,9.679,-2.705,-3.007,-2.314,-1.2,-5.999,-0.604,-1.0,-2.474,-0.481,-1.333,-3.0,-1.0,-2.939,14.383,-3.0,-4.0,-4.0,-2.088,-0.288,1.054,-3.0,-6.0,1.816,-0.258,-3.0,3.058,1.412,-3.0,-2.0,-4.0,-2.226,-0.489,-4.0,-0.721,-4.0,-1.282,-1.016,-2.998,-1.0,-2.445,-1.866,-2.095,-4.0,0.359,1.939,-4.0,-6.0,0.546,-2.0,1.544,-2.017,7.574,0.0,-0.924,-2.0,-2.0,-2.301,17.668,-2.227,2.586,-2.999,8.921,-6.0,-5.0,2.467,-2.068,-0.892,4.148,-6.0,7.486,-4.0,-0.561,0.0,0.0,0.0,0.0,0.0,0.0,0.0,0.0,0.0,0.0
GoldS210,XAUUSDc,68,19.493,38.986,3,0.5554,114.11,479,24.8434,1,5,270,0.015,2.0,1.5,0.0,0.5,15,1,-5.501,17,1,0,0,0.25,2,-44.696,83.682,0.0,0.0,0.0,0.0,0.0,1.756,0.089,-5.0,-1.508,-4.0,-2.745,2.438,-0.506,-4.0,-3.0,-4.0,-3.0,-3.0,-3.0,-3.0,-3.432,-5.0,8.582,-3.383,-0.641,4.455,-1.221,-3.0,-0.899,-5.0,-4.0,-4.0,-1.432,-1.478,-2.612,-1.358,-3.175,4.092,1.062,5.038,-3.0,8.303,0.758,-2.0,2.173,-4.0,-4.0,2.154,0.04,-3.181,1.086,1.475,-5.998,-0.998,-1.0,-2.998,-1.291,-1.609,-3.0,3.244,18.024,2.081,-3.0,57.492,-4.0,0.26,12.661,-1.306,0.527,-5.999,0.086,-0.509,-3.0,5.801,0.041,-3.0,-2.0,3.484,-2.488,5.906,3.553,1.236,-3.998,6.002,2.412,-0.322,-1.0,-4.261,-2.507,32.691,-4.0,-1.203,0.915,-0.626,-6.0,-0.655,-2.0,2.098,-3.999,5.474,0.0,8.349,-2.0,-2.0,-2.558,5.394,2.538,1.4,4.813,2.102,-6.0,-5.0,1.082,0.026,-1.399,1.415,-6.0,1.102,-3.999,-1.43,0.0,0.0,0.0,0.0,0.0,0.0,0.0,0.0,0.0,0.0
GoldS210,XAUUSDc,61,14.8807,22.321,4,0.2783,116.36,486,30.2469,1,5,210,0.015,2.3,1.25,0.0,0.5,15,1,-3.651,15,1,0,0,0.25,2,-49.881,72.202,0.0,0.0,0.0,0.0,0.0,1.621,-0.453,-4.0,-1.756,-3.0,-4.307,0.748,-0.755,-4.0,0.672,-5.0,1.171,-3.0,-3.0,-3.0,-3.73,-0.331,2.788,-6.0,2.563,2.155,-4.999,-3.0,-2.609,-5.0,-4.0,-4.0,-1.661,-1.744,-0.812,1.121,-3.564,6.507,-3.0,-0.519,-3.0,2.552,0.508,-2.0,0.579,-4.0,-4.0,4.688,1.474,-3.758,-1.259,0.954,1.276,-1.689,-1.0,-3.505,-1.755,-2.529,-3.0,2.075,23.005,0.397,-3.0,33.378,-1.754,-0.408,10.248,-1.57,-3.0,4.732,7.03,0.55,0.841,5.266,-1.179,-3.0,-2.0,2.067,-2.746,6.22,0.228,-1.642,-4.0,4.337,1.486,-0.618,-1.0,-2.417,0.6,14.091,-4.0,-0.792,-1.139,-0.956,-6.0,-1.25,0.762,0.919,3.654,4.517,0.0,2.89,-2.0,0.287,-2.801,4.208,0.903,0.946,8.311,5.451,-6.0,-5.0,1.044,10.96,-1.644,0.664,-4.764,3.253,-1.754,0.793,0.0,0.0,0.0,0.0,0.0,0.0,0.0,0.0,0.0,0.0
GoldS210,XAUUSDc,96,20.0367,30.055,4,1.5204,23.91,498,42.1687,1,5,150,0.015,2.3,1.0,0.0,0.5,15,1,22.868,2,1,0,0,0.4,4,2.508,27.547,0.0,0.0,0.0,0.0,0.0,1.39,-0.992,-0.4,-0.014,-3.0,0.316,6.475,1.171,-4.0,0.447,-4.001,0.149,1.943,-0.559,-3.0,-1.385,-1.034,0.793,-3.171,2.439,1.009,4.801,0.559,-2.004,-5.0,-1.871,-4.0,1.117,-1.943,2.137,7.965,2.027,3.421,-3.0,-1.016,-3.0,1.123,0.345,-2.0,0.047,-1.931,-4.0,6.868,2.95,-4.006,6.614,2.918,-0.684,1.474,-1.0,-4.006,-2.007,-1.077,-3.0,1.277,7.432,3.278,-3.0,10.023,3.529,-1.006,3.684,4.461,-1.004,0.27,4.781,-0.021,0.297,4.055,0.588,-3.0,-0.512,0.442,-3.0,3.116,-0.764,0.837,-1.857,1.451,0.143,-0.936,-1.0,0.316,-0.025,-0.977,-4.0,-1.089,0.1,-3.003,-1.163,7.658,0.201,2.387,-0.438,2.286,0.0,-0.994,-2.0,1.281,-3.041,1.585,2.025,0.007,3.146,4.453,-5.002,-4.999,0.525,5.571,-1.965,0.164,-2.669,2.023,0.089,0.642,0.0,0.0,0.0,0.0,0.0,0.0,0.0,0.0,0.0,0.0
GoldS210,XAUUSDc,99,10.7833,16.175,4,0.5292,49.84,485,34.6392,1,5,150,0.015,1.7,1.25,0.0,0.5,15,1,8.114,6,1,0,0,0.4,3,-10.084,26.259,0.0,0.0,0.0,0.0,0.0,1.842,-0.503,-1.328,-1.756,-3.0,-4.429,7.163,1.966,-4.0,-0.161,-4.0,0.908,-3.0,-3.0,-3.0,-1.122,-0.464,2.065,-2.508,9.704,2.444,-4.0,-3.0,-2.712,-5.0,-1.621,-4.0,3.364,-1.634,2.445,5.594,1.476,1.487,-0.398,-0.519,-3.0,1.739,0.784,-2.0,0.312,-4.0,-4.0,9.187,5.869,-3.757,-1.452,0.617,-1.353,2.636,-1.0,-3.494,-1.692,-2.485,-0.614,1.864,12.463,-2.011,-3.0,12.588,-1.711,0.071,5.952,2.351,-3.0,0.015,1.818,0.491,0.716,5.084,1.644,-3.0,-2.0,0.327,-2.747,4.678,0.02,1.987,-1.232,2.579,1.066,-0.688,-1.0,-2.474,1.164,-1.411,-4.0,-0.617,-1.413,-2.731,-2.805,8.834,0.456,3.497,0.932,3.18,0.0,0.375,-2.0,0.287,-2.8,2.325,-0.097,-1.718,4.731,4.876,-7.0,-5.0,1.221,5.501,-1.715,0.765,-4.763,2.868,0.971,1.811,0.0,0.0,0.0,0.0,0.0,0.0,0.0,0.0,0.0,0.0
GoldS210,XAUUSDc,55,23.2395,46.479,3,0.9213,47.06,484,33.2645,1,5,210,0.015,1.7,1.25,0.0,0.5,15,1,24.606,15,1,0,0,0.25,3,-20.365,66.844,0.0,0.0,0.0,0.0,0.0,1.616,-0.503,-4.0,-1.756,-3.0,-4.311,0.431,1.966,-4.0,0.672,-4.0,1.087,-2.999,-3.0,-3.0,-1.389,-0.384,2.58,-6.0,9.653,2.001,-5.0,-3.0,-2.712,-5.0,-1.621,-4.0,3.187,-1.747,-1.106,5.145,-3.566,5.434,-0.398,-0.519,-3.0,2.502,0.508,-2.0,0.312,-4.0,-4.0,9.406,1.212,-3.757,-1.452,0.617,1.271,-1.743,-1.0,-3.505,-1.755,-2.534,-0.614,2.011,22.998,0.397,-3.0,28.51,-1.787,-0.418,10.248,-1.59,-0.266,4.732,6.891,0.491,0.828,5.084,1.336,-3.0,-2.0,2.068,-2.747,6.176,-0.192,2.432,-1.232,4.337,1.429,-0.688,-1.0,-2.474,0.541,0.894,-4.0,-0.963,-1.412,-1.188,-6.0,-1.404,0.427,3.495,3.654,3.147,0.0,2.89,-2.0,0.287,-2.801,4.208,-0.213,0.946,8.311,5.025,-5.999,-5.0,1.041,10.884,-1.715,0.659,-4.763,3.031,1.022,0.672,0.0,0.0,0.0,0.0,0.0,0.0,0.0,0.0,0.0,0.0
GoldS210,XAUUSDc,35,-21.4997,-128.998,1,-0.7976,0.0,476,17.0168,1,5,270,0.015,2.3,1.75,0.0,0.5,15,1,-148.858,8,1,0,0,0.1,0,-91.006,-37.992,0.0,0.0,0.0,0.0,0.0,2.092,0.979,-5.0,-1.255,-3.999,-4.0,5.612,-0.256,-4.0,-3.0,-5.0,-3.0,-2.999,-3.0,-3.0,-1.955,-5.0,-4.0,-2.886,4.354,-2.255,-0.239,-3.0,-4.999,-5.0,-4.0,-4.0,-1.112,-1.227,-6.0,-0.925,-4.999,-2.118,-3.0,8.521,-3.0,0.757,1.078,-2.0,-2.0,-4.0,-4.0,3.657,-2.504,-1.952,-1.653,-1.2,-6.0,-0.075,-1.0,-2.477,-0.481,-0.934,-3.0,-1.0,-2.939,14.383,-3.0,-4.0,-4.0,-2.199,2.748,0.9,0.842,-6.0,1.816,-0.258,-3.0,-0.114,1.155,-3.0,-2.0,-4.0,-2.226,-0.489,-4.0,-0.746,-4.0,-1.262,-1.016,-2.998,-1.0,-2.445,-2.256,-2.095,-4.0,-0.614,3.308,-4.0,-6.0,0.527,-2.0,1.802,-2.016,7.574,0.0,14.86,-2.0,-2.0,-2.302,17.668,-2.227,2.133,-1.999,13.365,-6.0,-5.0,1.753,-2.068,-0.892,4.119,-6.0,1.715,-3.999,-2.056,0.0,0.0,0.0,0.0,0.0,0.0,0.0,0.0,0.0,0.0
GoldS210,XAUUSDc,29,-12.7172,-76.303,1,-0.6511,0.0,468,20.7265,1,5,270,0.015,1.7,1.75,0.0,0.5,15,1,-96.163,7,1,0,0,0.1,0,-48.267,-28.036,0.0,0.0,0.0,0.0,0.0,2.077,0.665,-5.0,-1.255,-3.999,-4.0,3.498,-0.257,-4.0,-3.0,-4.0,-3.0,-3.0,-3.0,-3.0,10.841,-1.2,-0.268,-3.094,-1.19,-2.255,-0.439,-3.0,2.071,-5.0,-3.0,-4.0,-1.13,-1.268,-1.739,-1.049,-4.998,3.219,1.282,5.867,-3.0,-0.011,1.078,-2.0,-2.0,-4.0,-4.0,3.188,2.265,-1.952,2.644,-0.209,-6.0,-0.541,-1.0,-2.484,-1.029,-0.973,1.14,-1.0,-3.145,14.383,-3.0,-3.998,-4.0,1.093,1.155,-0.766,0.804,-6.0,0.244,-0.258,-3.0,3.412,0.373,-3.0,-2.0,-4.0,-2.232,-1.064,-4.0,0.016,-4.0,-1.262,-1.925,0.421,-1.0,-3.872,-2.256,-2.16,-4.0,-1.002,1.508,-4.0,-6.0,-0.158,-2.0,1.115,-2.136,5.53,0.0,14.86,-2.0,4.263,-2.302,17.668,3.253,2.097,-1.999,11.727,-6.0,-5.0,1.653,0.675,-1.11,2.124,-5.999,1.603,-4.0,-0.131,0.0,0.0,0.0,0.0,0.0,0.0,0.0,0.0,0.0,0.0
GoldS210,XAUUSDc,24,22.7683,68.305,2,0.7407,214.25,481,22.869,1,5,150,0.015,2.3,1.5,0.0,0.5,15,1,-78.038,14,1,0,0,0.1,0,-64.479,132.784,0.0,0.0,0.0,0.0,0.0,2.304,0.148,-4.0,-1.508,-3.0,-4.024,1.602,-0.506,-4.0,0.326,-5.0,4.175,-2.999,-3.0,-3.0,-3.419,-2.568,3.936,-1.793,2.315,8.495,-3.997,-3.0,1.89,-5.0,-4.0,-4.0,-1.238,-1.307,5.735,-1.099,-6.0,-4.999,-3.0,-0.021,-3.0,2.684,1.221,-2.0,4.831,-4.0,-4.0,-1.073,2.275,-3.503,-3.305,1.883,-6.0,-1.37,-1.0,-2.901,-1.017,-1.861,-3.0,3.902,0.732,-1.424,-3.0,4.017,-4.0,0.869,1.252,-0.871,-3.0,-6.0,3.578,-0.509,0.339,5.028,0.355,-3.0,-2.0,-4.0,-2.485,4.562,-4.0,-0.993,-4.0,5.261,0.976,-0.212,-1.0,-4.115,-1.618,142.343,-4.0,0.21,0.343,-2.432,-2.23,-0.449,-2.0,2.091,-4.0,7.765,0.0,11.641,-2.0,-2.0,-2.555,14.704,6.273,-1.448,-3.0,4.653,-6.999,-5.0,1.917,0.081,-1.321,1.788,-6.0,4.786,-3.999,5.187,0.0,0.0,0.0,0.0,0.0,0.0,0.0,0.0,0.0,0.0
GoldS210,XAUUSDc,114,16.013,96.078,1,1.441,152.32,481,24.3243,1,5,150,0.015,2.3,1.5,0.0,0.5,15,1,-50.265,16,1,0,0,0.4,0,-47.075,143.153,0.0,0.0,0.0,0.0,0.0,2.304,0.148,-4.0,-1.508,-3.0,-4.024,1.603,-0.506,-4.0,0.326,-5.0,4.175,-2.999,-3.0,-3.0,-3.419,-2.568,3.936,-1.793,2.315,8.495,-3.999,-3.0,1.89,-5.0,-4.0,-4.0,-1.238,-1.307,5.735,-1.099,-6.0,-4.999,-3.0,-0.021,-3.0,2.684,1.221,-2.0,4.831,-4.0,-4.0,-1.074,2.275,-3.503,-3.305,1.883,-6.0,6.441,-1.0,-2.901,-1.017,-1.861,-3.0,3.902,10.327,-1.425,-3.0,11.046,-4.0,0.869,8.396,-0.873,-3.0,-6.0,3.576,-0.509,0.339,5.028,0.355,-3.0,-2.0,1.212,-2.485,3.931,-4.0,-0.993,-4.0,3.707,0.976,-0.212,-1.0,-4.115,-1.618,142.343,-4.0,0.21,0.343,-2.432,-2.23,12.249,-2.0,2.091,-4.0,7.765,0.0,1.744,-2.0,-2.0,-2.555,3.066,6.273,-1.448,3.818,4.653,-7.0,-4.999,1.917,0.081,-1.321,1.788,-6.0,4.786,-3.999,0.38,0.0,0.0,0.0,0.0,0.0,0.0,0.0,0.0,0.0,0.0
GoldS210,XAUUSDc,80,-15.0492,-90.295,1,-0.8243,0.0,476,17.8571,1,5,270,0.015,2.3,1.75,0.0,0.5,15,1,-128.078,12,1,0,0,0.25,0,-62.843,-27.452,0.0,0.0,0.0,0.0,0.0,2.092,0.979,-5.0,-1.256,-4.0,-4.0,5.615,-0.256,-4.0,-3.0,-5.0,-3.0,-2.999,-3.0,-3.0,-1.955,-5.0,-4.0,-2.886,4.354,-2.255,-0.24,-3.0,-4.999,-5.0,-4.0,-4.0,-1.112,-1.227,-6.0,-0.925,-5.0,-2.118,-3.0,8.521,-3.0,0.757,1.078,-2.0,-2.0,-4.0,-4.0,3.657,-2.505,-1.952,-1.653,-1.2,-5.999,-0.075,-1.0,-2.477,-0.481,-0.934,-3.0,-1.0,35.843,3.765,-3.0,10.673,-4.0,-2.199,2.748,0.898,0.842,-5.999,1.815,-0.259,-3.0,-0.114,1.155,-3.0,-2.0,4.9,-2.226,-0.487,-4.0,-0.746,-4.0,8.692,-1.016,-2.998,-1.0,-2.445,-2.256,-2.096,-4.0,-0.614,3.309,-4.0,-6.0,0.527,-2.0,1.803,-2.016,7.574,0.0,3.311,-2.0,-2.0,-2.302,6.58,-2.227,2.133,-2.0,13.017,-6.0,-5.0,1.753,-2.068,-0.892,4.119,-6.0,1.715,-3.999,-2.057,0.0,0.0,0.0,0.0,0.0,0.0,0.0,0.0,0.0,0.0
GoldS210,XAUUSDc,64,18.6735,37.347,3,0.6736,119.12,475,26.5263,1,5,210,0.015,1.7,1.5,0.0,0.5,15,1,-7.14,17,1,0,0,0.25,2,-23.075,60.422,0.0,0.0,0.0,0.0,0.0,1.994,0.044,-4.0,-1.508,-3.0,-3.887,1.449,-0.507,-4.0,-3.0,-4.0,2.135,-2.999,-3.0,-3.0,2.019,-2.173,4.614,-6.0,-1.793,3.532,-5.0,-3.0,-1.979,-5.0,0.548,-4.0,-1.339,-1.487,-0.133,8.199,-2.992,1.637,0.131,-0.01,-3.0,3.433,0.851,-2.0,1.074,-4.0,-4.0,16.639,-0.385,-3.445,-0.025,1.239,-5.999,-1.459,-1.0,-3.001,-1.392,-1.949,-0.134,2.919,17.983,2.081,-3.0,54.01,-4.0,0.15,10.277,-1.229,0.152,-5.999,-0.215,-0.509,0.345,4.86,0.129,-3.0,-2.0,3.485,-2.488,5.816,0.039,-0.302,6.378,5.987,1.12,-0.38,-1.0,-4.367,1.474,6.306,-4.0,-0.495,-0.64,-0.635,-6.0,-0.786,-2.0,1.748,-3.999,4.328,0.0,5.29,-2.0,-2.0,-2.558,5.394,0.855,1.729,8.654,3.994,-5.999,-5.0,1.684,0.026,-1.424,1.31,-5.999,4.067,-3.999,0.838,0.0,0.0,0.0,0.0,0.0,0.0,0.0,0.0,0.0,0.0
GoldS210,XAUUSDc,32,-17.9867,-107.92,1,-0.7228,0.0,474,18.3544,1,5,270,0.015,2.0,1.75,0.0,0.5,15,1,-127.78,9,1,0,0,0.1,0,-82.089,-25.831,0.0,0.0,0.0,0.0,0.0,2.078,0.798,-5.0,-1.255,-3.999,-4.0,4.198,-0.256,-4.0,-3.0,-4.0,-3.0,-3.0,-3.0,-3.0,-2.618,-5.0,-4.0,-3.006,0.539,-2.255,-0.357,-3.0,-4.999,-5.0,-4.0,-4.0,-1.116,-1.244,-6.0,-1.002,-4.999,-2.144,4.374,6.719,-3.0,0.273,1.078,-2.0,-2.0,-4.0,-4.0,3.345,7.873,-1.951,-1.679,-1.204,-6.0,-0.352,-1.0,-2.481,-0.814,-0.96,-3.0,-1.0,-3.056,14.383,-3.0,-3.999,-4.0,-2.207,1.681,-0.235,0.816,-6.0,0.805,-0.258,-3.0,5.055,0.675,-3.0,-2.0,-4.0,-2.232,-0.848,-4.0,-0.874,-3.998,-1.262,-1.59,1.572,-1.0,-3.394,-2.256,-2.12,-4.0,-0.846,2.152,-4.0,-6.0,0.12,-2.0,1.396,-2.094,7.396,0.0,14.86,-2.0,-2.0,-2.302,17.668,10.251,2.115,-1.999,12.275,-6.0,-5.0,1.679,-2.13,-1.044,2.784,-6.0,1.653,-3.999,-1.097,0.0,0.0,0.0,0.0,0.0,0.0,0.0,0.0,0.0,0.0
GoldS210,XAUUSDc,62,14.4813,21.722,4,0.2926,119.57,487,30.1848,1,5,270,0.015,2.3,1.25,0.0,0.5,15,1,-4.25,16,1,0,0,0.25,2,-44.132,65.854,0.0,0.0,0.0,0.0,0.0,1.443,-0.453,-5.0,-1.756,-4.0,-3.227,1.21,-0.755,-4.0,0.7,-5.0,-3.0,-2.999,-3.0,-3.0,-3.73,-0.057,4.439,-3.659,-0.594,2.072,-1.894,-3.0,-2.609,-5.0,-4.0,-4.0,-1.714,-1.744,-0.136,1.069,-3.559,6.218,-3.0,4.273,-3.0,5.974,0.44,-2.0,0.579,-4.0,-4.0,1.322,2.813,-3.758,-1.259,0.954,0.724,-1.385,-1.0,-3.503,-1.755,-2.266,-3.0,2.032,21.021,0.397,-3.0,34.217,-1.754,-0.338,8.967,-1.651,0.277,4.732,7.231,0.55,-2.0,5.266,-1.341,-3.0,-2.0,2.067,-2.746,6.22,0.202,0.601,-4.0,4.347,2.255,-0.618,-1.0,-2.417,-2.757,14.091,-4.0,-1.456,-0.139,-1.097,-6.0,-1.26,0.762,1.074,3.654,4.517,0.0,5.171,-2.0,2.722,-2.801,4.208,1.02,0.743,5.57,3.686,-6.0,-5.0,0.554,10.707,-1.644,0.646,-4.764,0.556,-1.753,-0.223,0.0,0.0,0.0,0.0,0.0,0.0,0.0,0.0,0.0,0.0
GoldS210,XAUUSDc,116,33.8583,101.575,2,1.5155,144.07,480,24.375,1,5,270,0.015,2.3,1.5,0.0,0.5,15,1,-44.768,17,1,0,0,0.4,1,-52.492,154.067,0.0,0.0,0.0,0.0,0.0,1.765,0.148,-5.0,-1.507,-4.0,-2.744,2.97,-0.506,-4.0,-3.0,-5.0,-2.999,-2.999,-3.0,-3.0,-3.419,-5.0,5.356,-3.338,1.88,7.503,-1.215,-3.0,1.89,-5.0,-4.0,-4.0,-1.432,-1.475,-1.542,-1.326,-3.059,-2.447,-3.0,6.346,-3.0,6.504,0.758,-2.0,4.831,-4.0,-4.0,2.207,0.805,-3.181,-2.547,1.883,-6.0,6.857,-1.0,-2.998,-1.143,-1.592,-3.0,4.039,6.235,0.068,-3.0,10.96,-4.0,0.294,7.928,-1.253,0.538,-5.999,0.596,-0.509,-3.0,5.981,0.214,-3.0,-2.0,1.212,-2.485,3.931,-4.0,1.304,-4.0,3.722,2.654,-0.212,-1.0,-4.114,-2.507,144.967,-4.0,-1.035,1.581,-0.305,1.521,12.249,-2.0,2.298,-4.0,7.72,0.0,4.132,-2.0,-2.0,-2.558,3.066,6.274,1.4,3.457,6.828,-6.0,-4.999,1.093,0.026,-1.321,1.625,-6.0,1.143,-3.999,-2.419,0.0,0.0,0.0,0.0,0.0,0.0,0.0,0.0,0.0,0.0
GoldS210,XAUUSDc,30,-18.6058,-111.635,1,-0.7827,0.0,474,19.1983,1,5,150,0.015,2.0,1.75,0.0,0.5,15,1,-130.303,7,1,0,0,0.1,0,-87.89,-23.745,0.0,0.0,0.0,0.0,0.0,2.752,0.837,-4.0,-1.256,-3.0,-5.0,2.508,-0.256,-4.0,0.765,-4.0,-2.0,-3.0,-3.0,-3.0,-2.618,-2.316,-4.0,-1.084,1.088,-1.255,-2.21,-3.0,-4.999,-5.0,-4.0,-4.0,-0.84,-1.033,2.444,-0.7,-5.999,-4.998,4.374,0.477,-3.0,3.545,1.661,-2.0,-2.0,-4.0,-4.0,-0.674,9.763,-3.239,-2.897,-1.204,-5.999,-0.881,-1.0,-2.28,-0.619,-1.284,-3.0,-1.0,1.375,-0.837,-3.0,-3.999,-4.0,-1.253,2.749,0.265,-3.0,-6.0,4.196,-0.259,-2.0,7.965,0.848,-3.0,-2.0,-3.999,-2.232,-0.847,-4.0,-0.585,-3.998,6.751,-1.59,1.572,-1.0,-3.394,-1.124,-4.999,-4.0,0.634,0.629,-2.133,-5.999,0.12,-2.0,1.138,-2.076,7.452,0.0,-2.89,-2.0,-2.0,-2.286,17.668,10.249,-1.157,-3.0,6.518,-6.999,-5.0,2.656,-1.951,-1.044,2.987,-6.0,5.678,-3.999,7.992,0.0,0.0,0.0,0.0,0.0,0.0,0.0,0.0,0.0,0.0
GoldS210,XAUUSDc,126,-15.699,-31.398,3,-0.4376,0.0,462,19.0476,1,5,150,0.015,1.7,2.0,0.0,0.5,15,1,-75.207,11,1,0,0,0.4,1,-54.994,23.596,0.0,0.0,0.0,0.0,0.0,3.25,1.86,-4.0,-1.002,-3.0,-5.0,-1.981,-0.007,-4.0,1.248,-4.0,-2.0,-3.0,-3.0,-3.0,-5.0,2.946,5.779,-0.369,-4.0,-1.005,-1.848,-3.0,-5.0,-5.0,-3.0,-4.0,-0.476,-0.575,3.647,0.804,-4.999,-4.999,2.778,0.977,-3.0,4.186,2.098,-2.0,-2.0,-4.0,-4.0,-0.247,10.317,-2.974,-2.501,0.051,-6.0,11.437,-1.0,-1.601,-4.0,-0.707,5.417,-1.0,1.753,-0.251,-3.0,52.216,-4.0,-0.774,0.841,-1.172,-3.0,-6.0,1.76,0.018,-2.0,3.357,-3.0,-3.0,-2.0,2.981,-1.975,-0.531,-4.0,0.747,-5.0,4.151,0.182,1.268,-1.0,-3.163,0.395,-4.999,-4.0,1.071,-2.981,-1.828,-5.999,1.915,-2.0,-5.0,-1.768,8.122,0.0,-2.52,-2.0,-2.0,-2.019,4.548,6.358,-0.737,-2.0,23.135,-7.0,-5.0,3.447,-1.454,-0.544,3.232,-5.999,6.019,-4.0,4.296,0.0,0.0,0.0,0.0,0.0,0.0,0.0,0.0,0.0,0.0
GoldS210,XAUUSDc,87,-13.326,-79.956,1,-0.5061,0.0,474,14.9789,1,5,150,0.015,2.3,2.0,0.0,0.5,15,1,-126.452,12,1,0,0,0.25,0,-107.482,27.526,0.0,0.0,0.0,0.0,0.0,3.36,-1.611,-4.0,-1.002,-3.0,-5.0,-1.98,-0.006,-4.0,1.393,-5.0,-2.0,-2.999,-3.0,-3.0,-6.0,-2.063,-3.999,-0.331,-4.0,-1.005,-1.762,-3.0,-5.0,-5.0,-4.0,-4.0,-0.448,-0.452,3.957,1.205,-6.0,-4.999,-3.0,0.977,-3.0,6.258,2.098,-2.0,-2.0,-4.0,-4.0,0.126,-1.176,-2.974,-2.396,-0.937,-5.999,0.262,-1.0,-1.539,-4.0,-0.656,-3.0,-1.0,4.467,-0.251,-3.0,14.577,-4.0,-0.711,-0.132,-4.0,-3.0,-6.0,1.241,0.035,-3.0,3.567,-2.999,-3.0,-2.0,6.317,-1.967,0.989,-4.0,0.078,-4.0,6.272,0.53,-2.998,-1.0,1.368,-5.0,-5.0,-4.0,1.729,-2.981,-1.828,-5.999,-2.761,-2.0,-5.0,-1.471,13.321,0.0,-2.519,-2.0,-2.0,-2.019,7.765,-1.973,-0.299,-2.0,72.449,-6.999,-5.0,4.039,-1.156,-4.0,-0.543,-6.0,10.223,-3.999,5.38,0.0,0.0,0.0,0.0,0.0,0.0,0.0,0.0,0.0,0.0
GoldS210,XAUUSDc,37,-34.3863,-103.159,2,-0.7469,0.0,460,17.3913,1,5,210,0.015,1.7,2.0,0.0,0.5,15,1,-125.758,7,1,0,0,0.1,0,-53.26,-49.899,0.0,0.0,0.0,0.0,0.0,2.798,1.755,-4.0,-1.002,-2.999,-5.0,-1.983,-0.007,-4.0,-3.0,-4.0,-2.0,-2.999,-3.0,-3.0,-5.0,0.174,8.522,-6.0,-4.0,-1.005,-2.838,-3.0,-5.0,-5.0,-3.0,-4.0,-0.663,-0.927,-2.025,0.437,-5.0,-1.247,2.778,1.055,-3.0,5.645,1.537,-2.0,-2.0,-4.0,-4.0,12.087,8.071,-2.567,-1.734,0.051,-5.999,-0.674,-1.0,-1.901,-4.0,-0.795,5.417,-1.0,-2.821,18.599,-3.0,-3.998,-4.0,-1.789,-4.0,-1.17,1.219,-6.0,-1.999,0.019,-2.0,3.72,-2.997,-3.0,-2.0,-3.999,-1.975,-0.59,-4.0,0.409,-4.0,-3.0,0.182,1.268,-1.0,-3.163,0.89,0.567,-4.0,0.484,-2.743,-4.0,-6.0,1.939,-2.0,-5.0,-1.796,8.054,0.0,-6.0,-2.0,-2.0,-2.047,20.632,6.121,3.518,-2.999,5.908,-5.999,-5.0,3.142,1.476,-0.544,3.026,-5.999,6.385,-3.999,1.948,0.0,0.0,0.0,0.0,0.0,0.0,0.0,0.0,0.0,0.0
GoldS210,XAUUSDc,57,21.5453,32.318,4,0.6939,67.68,487,31.6222,1,5,150,0.015,2.0,1.25,0.0,0.5,15,1,10.445,16,1,0,0,0.25,3,-19.162,51.48,0.0,0.0,0.0,0.0,0.0,1.842,-0.48,-1.328,-1.756,-3.0,-4.428,13.493,-0.755,-4.0,-0.161,-4.0,0.93,-3.0,-3.0,-3.0,-3.73,-0.442,2.148,-2.508,1.359,2.5,-4.0,-3.0,-2.676,-5.0,-4.0,-4.0,10.174,-1.631,2.555,1.548,-3.905,3.227,0.114,-0.519,-3.0,1.768,0.784,-2.0,0.408,-4.0,-4.0,9.091,1.695,-3.757,-1.38,0.741,-0.015,-1.716,-1.0,-3.494,-1.692,-2.485,-3.0,1.893,21.437,-2.011,-3.0,29.617,-1.707,0.071,7.683,-1.4,-3.0,2.267,1.888,0.519,0.716,5.164,-1.303,-3.0,-2.0,2.068,-2.747,5.142,0.156,3.851,-3.998,3.778,1.092,-0.663,-1.0,-2.45,1.18,1.893,-4.0,-0.548,-1.294,-2.731,-2.805,1.116,0.574,0.879,3.654,3.661,0.0,1.722,-2.0,0.287,-2.8,4.208,0.258,-1.718,8.311,5.01,-6.999,-5.0,1.221,8.032,-1.698,0.768,-4.764,2.959,1.698,3.662,0.0,0.0,0.0,0.0,0.0,0.0,0.0,0.0,0.0,0.0
GoldS210,XAUUSDc,122,-27.3917,-82.175,2,-0.7284,0.0,473,19.6617,1,5,270,0.015,2.0,1.75,0.0,0.5,15,1,-97.884,15,1,0,0,0.4,0,-69.529,-12.646,0.0,0.0,0.0,0.0,0.0,2.078,0.798,-5.0,-1.255,-4.0,-4.0,4.198,-0.256,-4.0,-3.0,-4.0,-2.999,-3.0,-3.0,-3.0,-2.618,-5.0,-4.0,-3.006,0.539,-2.255,-0.358,-3.0,-4.998,-5.0,-4.0,-4.0,-1.116,-1.244,-6.0,-1.002,-5.0,-2.144,4.374,6.719,-3.0,0.273,1.078,-2.0,-2.0,-4.0,-4.0,3.345,7.873,-1.952,-1.679,-1.204,-5.999,9.61,-1.0,-2.481,-0.814,-0.96,-3.0,-1.0,11.805,1.121,-3.0,5.008,-4.0,-2.207,1.681,-0.237,0.816,-5.999,0.802,-0.259,-3.0,5.055,0.675,-3.0,-2.0,2.096,-2.232,-0.848,-4.0,-0.874,-3.998,5.681,-1.59,1.572,-1.0,-3.393,-2.256,-2.121,-4.0,-0.846,2.152,-4.0,-6.0,16.829,-2.0,1.396,-2.095,7.396,0.0,0.423,-2.0,-2.0,-2.302,3.807,10.251,2.115,-2.0,16.01,-6.0,-5.0,1.679,-2.13,-1.044,2.784,-6.0,1.653,-3.999,-1.097,0.0,0.0,0.0,0.0,0.0,0.0,0.0,0.0,0.0,0.0
GoldS210,XAUUSDc,100,9.6907,14.536,4,0.3399,55.46,484,34.2975,1,5,210,0.015,1.7,1.25,0.0,0.5,15,1,6.475,7,1,0,0,0.4,4,-23.577,38.113,0.0,0.0,0.0,0.0,0.0,1.616,-0.503,-4.0,-1.756,-3.0,-4.31,8.453,1.966,-4.0,0.672,-4.0,1.087,-2.998,-3.0,-3.0,-1.389,-0.384,2.245,-6.0,9.653,2.001,-5.0,-3.0,-2.712,-5.0,-1.621,-4.0,3.187,-1.747,-1.106,5.145,-3.566,4.056,-0.398,-0.519,-3.0,2.502,0.508,-2.0,0.312,-4.0,-4.0,8.248,1.212,-3.757,-1.452,0.617,-0.578,2.636,-1.0,-3.505,-1.755,-2.534,-0.614,2.011,13.486,-0.986,-3.0,12.588,-1.787,-0.418,6.54,2.169,-0.266,0.015,4.211,0.491,0.828,5.084,1.336,-3.0,-2.0,0.328,-2.747,4.678,-0.192,2.432,-1.232,2.579,1.429,-0.688,-1.0,-2.474,0.541,0.894,-4.0,-0.963,-1.413,-1.188,-0.42,6.38,0.427,3.494,0.932,3.147,0.0,1.543,-2.0,0.287,-2.801,2.325,-0.213,0.946,4.731,5.025,-5.999,-5.0,1.041,6.587,-1.715,0.659,-4.763,3.031,1.022,0.672,0.0,0.0,0.0,0.0,0.0,0.0,0.0,0.0,0.0,0.0
GoldS210,XAUUSDc,94,10.904,16.356,4,0.74,31.52,498,42.1687,1,5,210,0.015,2.0,1.0,0.0,0.5,15,1,11.201,1,1,0,0,0.4,4,-6.902,23.258,0.0,0.0,0.0,0.0,0.0,1.239,-0.992,-0.306,-0.014,-3.0,0.509,4.976,1.104,-4.0,1.014,-4.001,0.365,4.034,-1.018,-3.0,-1.542,-0.983,0.578,-6.0,1.898,0.977,4.571,1.17,-2.006,-5.0,-1.929,-4.0,0.693,-2.001,-0.793,5.486,2.926,2.154,-0.604,-1.016,-3.0,1.637,0.164,-1.999,0.034,-1.94,-4.0,5.715,-1.212,-4.006,6.598,2.896,-0.562,1.465,-1.0,-4.006,-2.007,-1.113,-3.0,1.338,7.647,2.917,-3.0,7.946,3.246,-1.011,4.066,1.67,-1.004,0.27,5.729,-0.027,0.381,4.038,0.369,-3.0,-0.717,0.442,-3.0,3.114,-0.893,1.013,-1.911,1.451,0.331,-0.957,-1.0,0.304,-0.383,-0.149,-4.0,-1.395,0.061,-1.725,-0.523,5.51,0.116,2.219,-0.438,2.176,0.0,-0.225,-2.0,1.132,-3.042,1.585,1.604,0.007,3.146,4.526,-2.539,-5.0,0.386,6.015,-1.994,0.091,-2.78,2.111,0.111,-0.152,0.0,0.0,0.0,0.0,0.0,0.0,0.0,0.0,0.0,0.0
GoldS210,XAUUSDc,133,-21.9955,-131.973,1,-0.7658,0.0,472,14.4068,1,5,210,0.015,2.3,2.0,0.0,0.5,15,1,-152.419,13,1,0,0,0.4,0,-101.989,-29.984,0.0,0.0,0.0,0.0,0.0,2.908,-1.611,-4.0,-1.002,-3.0,-5.0,-1.979,-0.006,-4.0,-3.0,-5.0,-2.0,-2.996,-3.0,-3.0,-6.0,-5.0,-4.0,-6.0,-4.0,-1.005,-2.754,-3.0,-4.999,-5.0,-4.0,-4.0,-0.635,-0.717,-1.721,0.914,-5.0,-1.137,-3.0,1.055,-3.0,7.763,1.537,-2.0,-2.0,-4.0,-4.0,11.185,-1.176,-2.568,-1.629,-0.937,-6.0,12.373,-1.0,-1.839,-4.0,-0.744,-3.0,-1.0,-2.444,2.175,-3.0,5.825,-3.999,-1.726,-5.0,-3.999,-3.0,-5.999,-3.0,0.035,-3.0,3.93,-2.999,-3.0,-2.0,2.981,-1.967,0.988,-4.0,-0.26,-4.0,5.022,0.53,-2.998,-1.0,1.368,-3.999,0.65,-4.0,1.142,-2.743,-4.0,-6.0,-2.737,-2.0,-5.0,-1.472,13.253,0.0,-6.0,-2.0,-2.0,-2.048,4.548,-1.972,4.067,-2.0,42.364,-6.0,-4.999,3.734,-1.441,-4.0,-0.749,-6.0,10.589,-4.0,0.097,0.0,0.0,0.0,0.0,0.0,0.0,0.0,0.0,0.0,0.0
GoldS210,XAUUSDc,124,-32.7573,-98.272,2,-0.7534,0.0,475,18.3158,1,5,210,0.015,2.3,1.75,0.0,0.5,15,1,-113.981,13,1,0,0,0.4,0,-81.863,-16.409,0.0,0.0,0.0,0.0,0.0,2.389,0.979,-4.0,-1.256,-3.0,-5.0,4.738,-0.256,-4.0,-3.0,-5.0,-2.0,-2.996,-3.0,-3.0,-1.955,-5.0,-4.0,-6.0,4.354,-1.255,-3.202,-3.0,-4.999,-5.0,-4.0,-4.0,-0.979,-1.227,-2.474,-0.884,-5.0,-1.629,-3.0,0.522,-3.0,5.339,1.195,-2.0,-2.0,-4.0,-4.0,7.845,-2.704,-3.007,-2.314,-1.2,-6.0,9.358,-1.0,-2.474,-0.481,-1.333,-3.0,-1.0,11.922,1.121,-3.0,4.221,-3.999,-2.088,-0.288,1.052,-3.0,-5.999,1.813,-0.259,-3.0,3.058,1.412,-3.0,-2.0,2.096,-2.226,-0.489,-4.0,-0.721,-4.0,5.359,-1.016,-2.998,-1.0,-2.445,-1.866,-2.096,-4.0,0.359,1.939,-4.0,-6.0,17.255,-2.0,1.544,-2.017,7.574,0.0,-0.924,-2.0,-2.0,-2.302,3.807,-2.227,2.586,-2.0,20.895,-6.0,-4.999,2.467,-2.067,-0.892,4.148,-6.0,7.486,-4.0,-0.562,0.0,0.0,0.0,0.0,0.0,0.0,0.0,0.0,0.0,0.0
GoldS210,XAUUSDc,67,23.7887,35.683,4,0.4626,124.67,478,24.6862,1,5,210,0.015,2.0,1.5,0.0,0.5,15,1,-8.804,15,1,0,0,0.25,2,-46.239,81.922,0.0,0.0,0.0,0.0,0.0,1.994,0.089,-4.0,-1.508,-3.0,-3.876,1.759,-0.506,-4.0,-3.0,-4.0,2.776,-3.0,-3.0,-3.0,-3.432,-5.0,4.759,-6.0,-0.64,4.699,-5.0,-3.0,-0.899,-5.0,-4.0,-4.0,-1.339,-1.478,0.406,-1.326,-2.991,4.488,1.062,-0.01,-3.0,3.547,0.851,-1.999,2.173,-4.0,-4.0,6.623,0.061,-3.445,0.674,1.475,-5.998,-1.414,-1.0,-3.001,-1.291,-1.94,-3.0,3.313,18.024,2.081,-3.0,55.404,-4.0,0.172,10.356,-1.189,-3.0,-5.999,0.085,-0.509,0.405,4.993,0.251,-3.0,-2.0,3.484,-2.488,5.906,3.588,-1.25,-3.998,5.987,1.272,-0.322,-1.0,-4.261,1.517,32.691,-4.0,-0.384,-0.253,-0.428,-6.0,-0.64,-2.0,1.891,-3.999,5.474,0.0,5.29,-2.0,-2.0,-2.558,5.394,2.381,1.729,8.654,4.274,-5.999,-5.0,1.684,0.026,-1.399,1.438,-6.0,4.415,-4.0,-0.163,0.0,0.0,0.0,0.0,0.0,0.0,0.0,0.0,0.0,0.0
GoldS210,XAUUSDc,102,-2.436,-7.308,2,-0.1436,0.0,487,32.2382,1,5,150,0.015,2.0,1.25,0.0,0.5,15,1,-18.085,7,1,0,0,0.4,2,-34.483,27.175,0.0,0.0,0.0,0.0,0.0,1.842,-0.48,-1.328,-1.756,-3.0,-4.427,10.098,-0.755,-4.0,-0.161,-4.0,0.93,-3.0,-3.0,-3.0,-3.73,-0.442,2.148,-2.508,1.359,2.5,-4.0,-3.0,-2.676,-5.0,-4.0,-4.0,10.174,-1.631,2.555,1.548,-3.905,1.849,0.114,-0.519,-3.0,1.768,0.784,-2.0,0.408,-4.0,-4.0,4.469,1.695,-3.757,-1.38,0.741,-1.351,2.663,-1.0,-3.494,-1.692,-2.485,-3.0,1.893,12.467,-2.011,-3.0,14.983,-1.708,0.071,5.952,2.359,-3.0,0.015,1.887,0.519,0.716,5.164,-1.303,-3.0,-2.0,0.328,-2.747,4.695,0.156,3.851,-3.998,2.579,1.092,-0.663,-1.0,-2.45,1.18,1.893,-4.0,-0.548,-1.294,-2.731,-2.805,8.9,0.574,0.879,0.932,3.661,0.0,0.375,-2.0,0.287,-2.8,2.325,0.258,-1.718,4.731,5.01,-7.0,-5.0,1.221,5.538,-1.698,0.768,-4.764,2.959,1.698,1.846,0.0,0.0,0.0,0.0,0.0,0.0,0.0,0.0,0.0,0.0
GoldS210,XAUUSDc,95,15.8692,19.043,5,0.7222,27.07,498,42.1687,1,5,270,0.015,2.0,1.0,0.0,0.5,15,1,13.888,1,1,0,0,0.4,5,-8.482,27.525,0.0,0.0,0.0,0.0,0.0,1.12,-0.992,0.155,-0.014,-4.0,1.555,5.236,1.104,-4.0,1.033,-4.001,-2.999,3.727,-1.11,-3.0,-1.673,-0.807,0.578,-3.985,-0.602,0.971,3.749,1.776,-2.006,-5.0,-1.929,-4.0,0.833,-2.001,-0.502,5.486,3.274,1.964,-0.604,1.931,-3.0,2.343,0.121,-2.0,0.034,-1.803,-4.0,4.379,-0.423,-4.007,6.598,2.896,-0.577,1.657,-1.0,-4.005,-2.007,-0.919,-3.0,1.317,7.647,2.917,-3.0,7.946,3.642,-0.916,3.233,1.644,1.016,0.27,5.729,-0.027,-2.0,4.038,0.257,-3.0,-0.766,0.442,-3.0,3.114,-0.909,3.905,-1.911,1.456,0.729,-0.957,-1.0,4.063,-3.008,-0.149,-4.0,-1.905,1.061,-1.81,-0.582,5.503,0.116,2.322,-0.438,2.176,0.0,0.178,-2.0,1.006,-3.042,1.585,1.497,0.007,2.992,5.419,-2.844,-5.0,0.008,6.764,-1.994,0.079,-2.498,0.018,0.078,-0.929,0.0,0.0,0.0,0.0,0.0,0.0,0.0,0.0,0.0,0.0
GoldS210,XAUUSDc,89,-25.5402,-153.241,1,-0.8908,0.0,473,13.7421,1,5,270,0.015,2.3,2.0,0.0,0.5,15,1,-173.567,10,1,0,0,0.25,0,-119.874,-33.367,0.0,0.0,0.0,0.0,0.0,2.551,-1.611,-5.0,-1.002,-4.0,-4.0,-1.977,-0.006,-4.0,-3.0,-5.0,-3.0,-2.999,-3.0,-3.0,-6.0,-5.0,-4.0,-6.0,-4.0,-2.005,1.598,-3.0,-4.999,-5.0,-4.0,-4.0,-0.807,-0.717,-6.0,0.865,-5.0,-1.727,-3.0,1.331,-3.0,1.961,1.396,-2.0,-2.0,-4.0,-4.0,5.819,-0.946,-0.723,-0.718,-0.937,-5.999,0.904,-1.0,-1.854,-4.0,-0.277,-3.0,-1.0,-2.444,5.449,-3.0,14.045,-4.0,-1.861,-1.393,-3.999,1.152,-5.999,-2.998,0.035,-3.0,0.305,-3.0,-3.0,-2.0,6.317,-1.967,0.99,-4.0,-0.292,-4.0,9.348,0.556,-2.998,-1.0,1.368,-4.0,0.179,-4.0,0.015,-1.172,-4.0,-6.0,-2.761,-2.0,-4.999,-1.471,13.253,0.0,-5.999,-2.0,-2.0,-2.048,7.765,-1.972,3.49,-2.0,29.41,-6.0,-5.0,2.908,-1.442,-4.0,-0.784,-6.0,2.288,-3.999,-1.637,0.0,0.0,0.0,0.0,0.0,0.0,0.0,0.0,0.0,0.0
GoldS210,XAUUSDc,73,43.265,86.53,3,1.3321,123.31,466,22.103,1,5,210,0.015,1.7,1.75,0.0,0.5,15,1,-20.166,11,1,0,0,0.25,1,-17.6,104.13,0.0,0.0,0.0,0.0,0.0,2.374,0.665,-4.0,-1.256,-3.0,-5.0,2.583,-0.257,-4.0,-3.0,-4.0,-2.0,-2.999,-3.0,-3.0,11.207,-1.671,-0.268,-6.0,-1.19,-1.255,-3.212,-3.0,2.071,-5.0,-3.0,-4.0,-0.997,-1.268,1.72,-1.0,-5.0,3.735,1.282,0.522,-3.0,4.469,1.195,-2.0,-2.0,-4.0,-4.0,9.277,2.309,-3.006,1.983,-0.209,-5.999,-1.07,-1.0,-2.476,-1.029,-1.372,1.14,-1.0,35.637,3.765,-3.0,114.975,-4.0,0.987,-1.878,-0.614,0.655,-5.999,0.242,-0.259,-2.0,6.572,0.63,-3.0,-2.0,4.901,-2.232,-1.064,-4.0,0.053,-4.0,8.24,-1.926,0.421,-1.0,-3.872,2.408,-2.161,-4.0,-0.028,0.14,-4.0,-6.0,-0.139,-2.0,0.858,-2.136,5.53,0.0,-0.923,-2.0,-2.0,-2.302,6.58,3.055,2.55,-2.0,27.125,-5.999,-5.0,2.367,0.756,-1.11,2.153,-5.999,5.188,-3.999,1.384,0.0,0.0,0.0,0.0,0.0,0.0,0.0,0.0,0.0,0.0
GoldS210,XAUUSDc,106,-7.158,-10.737,4,-0.1333,0.0,486,31.07,1,5,210,0.015,2.3,1.25,0.0,0.5,15,1,-29.846,6,1,0,0,0.4,3,-61.118,50.381,0.0,0.0,0.0,0.0,0.0,1.621,-0.453,-4.0,-1.756,-3.0,-4.306,0.746,-0.755,-4.0,0.672,-5.0,1.171,-2.996,-3.0,-3.0,-3.73,-0.331,2.453,-6.0,2.563,2.155,-4.999,-3.0,-2.609,-5.0,-4.0,-4.0,-1.661,-1.744,-0.812,1.121,-3.564,5.129,-3.0,-0.519,-3.0,2.552,0.508,-2.0,0.579,-4.0,-4.0,3.53,1.475,-3.758,-1.259,0.954,-0.578,2.69,-1.0,-3.505,-1.755,-2.529,-3.0,2.075,13.493,-0.986,-3.0,24.405,-1.753,-0.408,6.54,2.189,-3.0,0.015,4.35,0.55,0.841,5.266,-1.179,-3.0,-2.0,0.327,-2.746,4.722,0.228,-1.642,-4.0,2.579,1.486,-0.618,-1.0,-2.417,0.6,14.091,-4.0,-0.792,-1.14,-0.956,-0.42,6.534,0.762,0.918,0.932,4.517,0.0,1.543,-2.0,0.287,-2.801,2.325,0.903,0.946,4.731,5.451,-6.0,-4.999,1.044,6.622,-1.644,0.664,-4.764,3.253,-1.754,0.793,0.0,0.0,0.0,0.0,0.0,0.0,0.0,0.0,0.0,0.0
GoldS210,XAUUSDc,82,79.295,158.59,3,1.9094,139.86,460,18.4783,1,5,210,0.015,1.7,2.0,0.0,0.5,15,1,-63.207,12,1,0,0,0.25,2,-66.412,225.002,0.0,0.0,0.0,0.0,0.0,2.798,1.755,-4.0,-1.002,-3.0,-5.0,-1.982,-0.007,-4.0,-3.0,-4.0,-2.0,-2.999,-3.0,-3.0,-5.0,0.174,8.522,-6.0,-4.0,-1.005,-2.839,-3.0,-5.0,-5.0,-3.0,-4.0,-0.663,-0.927,-2.025,0.437,-5.0,-1.247,2.778,1.055,-3.0,5.645,1.537,-2.0,-2.0,-4.0,-4.0,12.087,8.071,-2.567,-1.734,0.051,-5.999,-0.674,-1.0,-1.901,-4.0,-0.795,5.417,-1.0,-2.822,5.449,-3.0,232.149,-4.0,-1.789,-4.0,-1.172,1.219,-5.999,-2.0,0.018,-2.0,3.72,-2.997,-3.0,-2.0,6.318,-1.975,-0.59,-4.0,0.409,-4.0,8.502,0.182,1.268,-1.0,-3.163,0.89,0.566,-4.0,0.484,-2.742,-4.0,-6.0,1.939,-2.0,-4.999,-1.795,8.054,0.0,-5.999,-2.0,-2.0,-2.048,7.765,6.121,3.518,-2.0,34.712,-5.999,-5.0,3.142,1.476,-0.544,3.026,-5.999,6.385,-3.999,1.948,0.0,0.0,0.0,0.0,0.0,0.0,0.0,0.0,0.0,0.0
GoldS210,XAUUSDc,115,31.623,94.869,2,1.3465,154.26,480,23.9583,1,5,210,0.015,2.3,1.5,0.0,0.5,15,1,-51.474,16,1,0,0,0.4,0,-52.551,147.42,0.0,0.0,0.0,0.0,0.0,2.003,0.148,-4.0,-1.508,-3.0,-3.871,2.301,-0.506,-4.0,-3.0,-5.0,4.361,-2.996,-3.0,-3.0,-3.419,-5.0,4.519,-6.0,1.88,7.638,-4.999,-3.0,1.891,-5.0,-4.0,-4.0,-1.339,-1.475,1.491,-1.294,-2.991,-2.057,-3.0,-0.01,-3.0,3.694,0.851,-2.0,4.831,-4.0,-4.0,5.216,0.827,-3.446,-2.959,1.883,-6.0,6.441,-1.0,-3.001,-1.143,-1.923,-3.0,4.108,6.235,0.068,-3.0,10.635,-3.999,0.206,5.492,-1.136,-3.0,-5.999,0.596,-0.509,0.502,5.173,0.424,-3.0,-2.0,1.212,-2.485,3.931,-4.0,-1.182,-4.0,3.707,1.514,-0.212,-1.0,-4.115,-2.2,144.967,-4.0,-0.216,0.413,-0.107,1.521,12.264,-2.0,2.091,-4.0,7.72,0.0,3.311,-2.0,-2.0,-2.558,3.066,6.117,1.729,3.818,4.825,-6.0,-4.999,1.695,0.027,-1.321,1.648,-6.0,5.017,-4.0,-1.163,0.0,0.0,0.0,0.0,0.0,0.0,0.0,0.0,0.0,0.0
GoldS210,XAUUSDc,28,-30.1403,-90.421,2,-0.8076,0.0,466,20.8155,1,5,210,0.015,1.7,1.75,0.0,0.5,15,1,-109.089,5,1,0,0,0.1,0,-45.763,-44.658,0.0,0.0,0.0,0.0,0.0,2.374,0.665,-4.0,-1.256,-2.999,-5.0,2.582,-0.257,-4.0,-3.0,-4.0,-2.0,-2.999,-3.0,-3.0,11.207,-1.671,-0.268,-6.0,-1.19,-1.255,-3.211,-3.0,2.071,-5.0,-3.0,-4.0,-0.997,-1.268,1.72,-1.0,-5.0,3.735,1.282,0.522,-3.0,4.469,1.195,-2.0,-2.0,-4.0,-4.0,9.277,2.309,-3.006,1.983,-0.209,-5.999,-1.07,-1.0,-2.476,-1.029,-1.372,1.14,-1.0,-3.145,14.383,-3.0,-3.998,-4.0,0.987,-1.878,-0.612,0.655,-6.0,0.244,-0.258,-2.0,6.572,0.63,-3.0,-2.0,-3.999,-2.232,-1.064,-4.0,0.053,-4.0,-1.282,-1.926,0.421,-1.0,-3.872,2.408,-2.16,-4.0,-0.028,0.139,-4.0,-6.0,-0.139,-2.0,0.857,-2.137,5.53,0.0,-0.924,-2.0,-2.0,-2.301,17.668,3.055,2.55,-2.999,5.641,-5.999,-5.0,2.367,0.756,-1.11,2.153,-5.999,5.188,-3.999,1.384,0.0,0.0,0.0,0.0,0.0,0.0,0.0,0.0,0.0,0.0
GoldS210,XAUUSDc,85,-12.1688,-73.013,1,-0.512,0.0,467,16.06,1,5,210,0.015,2.0,2.0,0.0,0.5,15,1,-101.817,14,1,0,0,0.25,1,-93.59,20.577,0.0,0.0,0.0,0.0,0.0,2.835,2.814,-4.0,-1.002,-3.0,-5.0,-1.978,-0.006,-4.0,-3.0,-4.0,-2.0,-3.0,-3.0,-3.0,-6.0,-5.0,-4.0,-6.0,-3.999,-1.005,-2.803,-3.0,-4.999,-5.0,-4.0,-4.0,-0.643,-0.838,-1.902,0.602,-4.999,-1.199,9.38,1.055,-3.0,6.417,1.537,-1.999,-2.0,-4.0,-4.0,12.554,-2.025,-2.567,-1.694,-0.943,-5.998,-0.315,-1.0,-1.878,-4.0,-0.778,-3.0,-1.0,-2.663,5.449,-3.0,9.391,-4.0,-1.758,-4.999,-4.0,-3.0,-5.999,-1.999,0.024,-1.999,3.795,-2.999,-3.0,-2.0,6.317,-1.975,-0.04,-4.0,-0.447,-3.998,8.502,0.36,3.679,-1.0,-1.792,1.012,0.614,-4.0,0.74,-2.742,-4.0,-6.0,3.352,-2.0,-4.999,-1.679,14.268,0.0,-5.999,-2.0,-2.0,-2.048,7.765,22.906,3.729,-2.0,39.823,-5.999,-5.0,3.329,-1.63,0.04,-0.768,-6.0,7.772,-4.0,1.028,0.0,0.0,0.0,0.0,0.0,0.0,0.0,0.0,0.0,0.0
GoldS210,XAUUSDc,132,-19.2868,-115.721,1,-0.7301,0.0,474,15.1899,1,5,150,0.015,2.3,2.0,0.0,0.5,15,1,-136.642,13,1,0,0,0.4,0,-95.373,-20.348,0.0,0.0,0.0,0.0,0.0,3.36,-1.611,-4.0,-1.002,-3.0,-5.0,-1.979,-0.006,-4.0,1.393,-5.0,-2.0,-2.999,-3.0,-3.0,-6.0,-2.063,-3.999,-0.331,-4.0,-1.005,-1.763,-3.0,-5.0,-5.0,-4.0,-4.0,-0.448,-0.452,3.957,1.205,-6.0,-4.999,-3.0,0.977,-3.0,6.258,2.098,-2.0,-2.0,-4.0,-4.0,0.125,-1.176,-2.974,-2.396,-0.937,-6.0,12.373,-1.0,-1.539,-4.0,-0.656,-3.0,-1.0,4.467,-0.251,-3.0,7.405,-4.0,-0.711,-0.131,-4.0,-3.0,-6.0,1.24,0.035,-3.0,3.567,-2.999,-3.0,-2.0,2.981,-1.967,0.988,-4.0,0.078,-4.0,4.151,0.53,-2.998,-1.0,1.368,-5.0,-5.0,-4.0,1.729,-2.981,-1.828,-5.999,-2.761,-2.0,-5.0,-1.472,13.321,0.0,-2.52,-2.0,-2.0,-2.019,4.548,-1.973,-0.299,-2.0,43.359,-7.0,-4.999,4.039,-1.156,-4.0,-0.543,-6.0,10.223,-3.999,2.445,0.0,0.0,0.0,0.0,0.0,0.0,0.0,0.0,0.0,0.0
GoldS210,XAUUSDc,105,-5.2323,-15.697,2,-0.2139,0.0,488,31.1475,1,5,150,0.015,2.3,1.25,0.0,0.5,15,1,-34.806,6,1,0,0,0.4,1,-56.906,41.209,0.0,0.0,0.0,0.0,0.0,1.847,-0.453,-1.328,-1.756,-3.0,-4.428,0.251,-0.755,-4.0,-0.161,-5.0,0.961,-2.999,-3.0,-3.0,-3.73,-0.411,2.273,-2.505,2.609,2.604,-3.999,-3.0,-2.61,-5.0,-4.0,-4.0,-1.603,-1.631,2.737,1.565,-3.906,2.56,-3.0,-0.519,-3.0,1.789,0.784,-2.0,0.579,-4.0,-4.0,4.469,1.843,-3.757,-1.259,0.954,-1.348,2.69,-1.0,-3.494,-1.692,-2.48,-3.0,1.944,12.47,-2.011,-3.0,24.405,-1.703,0.081,5.952,2.37,-3.0,0.015,1.965,0.55,0.716,5.266,-1.233,-3.0,-2.0,0.327,-2.746,4.722,0.4,-1.526,-4.0,2.579,1.123,-0.618,-1.0,-2.417,1.208,11.744,-4.0,-0.446,-1.14,-2.731,-2.8,8.988,0.779,0.918,0.932,4.55,0.0,0.375,-2.0,0.287,-2.8,2.325,1.019,-1.718,4.731,5.302,-7.0,-4.999,1.224,5.602,-1.644,0.77,-4.764,3.09,-1.753,1.932,0.0,0.0,0.0,0.0,0.0,0.0,0.0,0.0,0.0,0.0
GoldS210,XAUUSDc,84,57.3817,172.145,2,1.6056,126.36,469,16.8443,1,5,150,0.015,2.0,2.0,0.0,0.5,15,1,-45.382,13,1,0,0,0.25,1,-93.312,265.457,0.0,0.0,0.0,0.0,0.0,3.287,2.877,-4.0,-1.002,-3.0,-5.0,-1.947,-0.006,-4.0,1.307,-4.0,-2.0,-3.0,-3.0,-3.0,-6.0,-2.063,-4.0,-0.362,-3.999,-1.005,-1.812,-3.0,-4.999,-5.0,-4.0,-4.0,-0.456,-0.542,3.769,0.929,-5.999,-4.998,9.38,0.977,-3.0,4.912,2.098,-2.0,-2.0,-4.0,-4.0,-0.102,-2.025,-2.974,-2.461,-0.943,-5.999,-0.315,-1.0,-1.578,-4.0,-0.69,-3.0,-1.0,2.68,-0.251,-3.0,233.104,-3.999,-0.743,-0.146,-4.0,-3.0,-6.0,1.961,0.024,-2.0,3.432,-2.999,-3.0,-2.0,6.318,-1.975,-0.039,-4.0,-0.109,-3.998,6.272,0.36,3.679,-1.0,-1.792,-5.0,-4.999,-4.0,1.327,-2.981,-1.828,-5.999,3.328,-2.0,-5.0,-1.651,14.336,0.0,-2.519,-2.0,-2.0,-2.019,7.765,23.143,-0.582,-2.0,57.298,-6.999,-5.0,3.634,-1.343,0.04,-0.562,-6.0,7.406,-3.999,6.311,0.0,0.0,0.0,0.0,0.0,0.0,0.0,0.0,0.0,0.0
GoldS210,XAUUSDc,81,29.7153,89.146,2,1.097,144.21,462,18.8312,1,5,150,0.015,1.7,2.0,0.0,0.5,15,1,-39.415,10,1,0,0,0.25,1,-67.101,156.247,0.0,0.0,0.0,0.0,0.0,3.25,1.86,-4.0,-1.002,-3.0,-5.0,-1.979,-0.007,-4.0,1.248,-4.0,-2.0,-3.0,-3.0,-3.0,-5.0,2.946,5.779,-0.369,-4.0,-1.005,-1.848,-3.0,-5.0,-5.0,-3.0,-4.0,-0.476,-0.575,3.647,0.804,-4.999,-4.999,2.778,0.977,-3.0,4.186,2.098,-2.0,-2.0,-4.0,-4.0,-0.246,10.317,-2.974,-2.501,0.051,-5.999,-0.674,-1.0,-1.601,-4.0,-0.707,5.417,-1.0,1.753,-0.251,-3.0,144.139,-4.0,-0.774,0.842,-1.172,-3.0,-6.0,1.76,0.018,-2.0,3.357,-3.0,-3.0,-2.0,6.317,-1.975,-0.53,-4.0,0.747,-5.0,6.272,0.182,1.268,-1.0,-3.163,0.395,-4.999,-4.0,1.071,-2.981,-1.828,-5.999,1.915,-2.0,-5.0,-1.767,8.122,0.0,-2.519,-2.0,-2.0,-2.019,7.765,6.358,-0.737,-2.0,52.225,-6.999,-5.0,3.447,-1.454,-0.544,3.232,-5.999,6.019,-4.0,7.255,0.0,0.0,0.0,0.0,0.0,0.0,0.0,0.0,0.0,0.0
GoldS210,XAUUSDc,72,43.776,87.552,3,1.6531,95.24,468,22.6496,1,5,150,0.015,1.7,1.75,0.0,0.5,15,1,4.165,12,1,0,0,0.25,0,-7.782,95.334,0.0,0.0,0.0,0.0,0.0,2.751,0.73,-4.0,-1.256,-3.0,-5.0,1.812,-0.257,-4.0,0.749,-4.0,-2.0,-3.0,-3.0,-3.0,11.791,0.876,-0.268,-1.089,-0.642,-1.255,-2.216,-3.0,2.071,-5.0,-3.0,-4.0,-0.854,-1.057,6.679,-0.726,1.529,0.397,1.282,0.477,-3.0,3.229,1.661,-2.0,-2.0,-4.0,-4.0,-0.714,4.157,-3.239,1.426,-0.209,-5.999,-1.07,-1.0,-2.281,-0.815,-1.297,1.14,-1.0,39.543,-0.838,-3.0,95.397,-4.0,1.828,2.224,-0.268,-3.0,-6.0,3.541,-0.259,-2.0,6.319,0.544,-3.0,-2.0,4.9,-2.232,-1.026,-4.0,0.317,-5.0,6.751,-1.926,0.421,-1.0,-3.872,3.554,-4.999,-4.0,0.479,-0.015,-2.133,-5.999,-0.158,-2.0,0.857,-2.117,5.586,0.0,-2.889,-2.0,-2.0,-2.286,6.58,3.251,-1.157,-2.0,37.456,-6.999,-5.0,2.63,-1.978,-1.11,2.327,-5.999,4.89,-4.0,5.904,0.0,0.0,0.0,0.0,0.0,0.0,0.0,0.0,0.0,0.0
GoldS210,XAUUSDc,18,-2.0207,-6.062,2,-0.1295,0.0,475,26.3158,1,5,150,0.015,1.7,1.5,0.0,0.5,15,1,-35.62,9,1,0,0,0.1,0,-1.467,-4.595,0.0,0.0,0.0,0.0,0.0,2.295,0.044,-4.0,-1.508,-3.0,-4.025,31.4,-0.507,-4.0,0.302,-4.0,2.03,-3.0,-3.0,-3.0,2.444,0.151,3.57,-1.808,-1.358,4.379,-3.999,-3.0,-1.979,-5.0,0.548,-4.0,-1.238,-1.319,4.117,8.401,0.442,-1.305,0.131,-0.021,-3.0,2.423,1.221,-2.0,1.074,-4.0,-4.0,8.921,6.92,-3.503,-0.371,1.239,-5.999,-1.459,-1.0,-2.901,-1.247,-1.887,-0.134,2.69,-0.216,-1.424,-3.0,-0.683,-4.0,0.813,1.061,-0.963,-3.0,-6.0,2.671,-0.509,0.204,4.715,0.059,-3.0,-2.0,-4.0,-2.488,4.348,0.347,-0.113,5.662,5.261,0.582,-0.38,-1.0,-4.367,2.357,3.735,-4.0,-0.069,-0.711,-2.432,-2.24,-0.801,-2.0,1.759,-4.0,4.373,0.0,11.641,-2.0,-2.0,-2.555,14.704,1.011,-1.448,-3.0,3.822,-6.999,-5.0,1.906,0.081,-1.424,1.45,-5.999,3.836,-4.0,7.187,0.0,0.0,0.0,0.0,0.0,0.0,0.0,0.0,0.0,0.0
GoldS210,XAUUSDc,83,67.9165,135.833,3,1.5552,164.95,461,17.7874,1,5,270,0.015,1.7,2.0,0.0,0.5,15,1,-88.217,12,1,0,0,0.25,2,-69.586,205.419,0.0,0.0,0.0,0.0,0.0,2.441,1.755,-5.0,-1.002,-4.0,-4.0,-1.982,-0.007,-4.0,-3.0,-4.0,-3.0,-3.0,-3.0,-3.0,-5.0,0.743,16.681,-5.0,-4.0,-2.005,0.475,-3.0,-5.0,-5.0,-3.0,-4.0,-0.835,-0.933,-6.0,0.364,-4.999,-1.872,2.778,1.331,-3.0,0.439,1.396,-2.0,-2.0,-4.0,-4.0,4.384,8.006,-0.723,-0.823,0.051,-5.999,-0.032,-1.0,-1.934,-4.0,-0.328,5.417,-1.0,-2.822,5.449,-3.0,239.096,-4.0,-1.925,-0.42,-1.172,1.081,-5.999,-1.999,0.018,-3.0,0.124,-2.999,-3.0,-2.0,6.317,-1.975,-0.588,-4.0,0.362,-4.0,9.348,0.209,1.268,-1.0,-3.163,-4.0,0.095,-4.0,-0.644,-1.172,-4.0,-6.0,1.915,-2.0,-4.999,-1.795,8.054,0.0,-5.999,-2.0,7.388,-2.048,7.765,6.359,2.941,-2.0,12.56,-6.0,-5.0,2.316,1.332,-0.544,2.991,-5.999,2.136,-4.0,0.184,0.0,0.0,0.0,0.0,0.0,0.0,0.0,0.0,0.0,0.0
GoldS210,XAUUSDc,86,-19.1557,-114.934,1,-0.7542,0.0,469,15.3518,1,5,270,0.015,2.0,2.0,0.0,0.5,15,1,-139.052,12,1,0,0,0.25,0,-106.11,-8.824,0.0,0.0,0.0,0.0,0.0,2.478,2.814,-5.0,-1.002,-4.0,-4.0,-1.978,-0.006,-4.0,-3.0,-4.0,-3.0,-3.0,-3.0,-3.0,-6.0,-5.0,-4.0,-5.999,-4.0,-2.005,0.872,-3.0,-4.999,-5.0,-4.0,-4.0,-0.815,-0.838,-6.0,0.553,-5.0,-1.801,9.38,1.332,-3.0,0.983,1.396,-2.0,-2.0,-4.0,-4.0,4.867,-1.794,-0.723,-0.783,-0.943,-5.998,0.327,-1.0,-1.903,-4.0,-0.311,-3.0,-1.0,-2.663,5.449,-3.0,14.048,-4.0,-1.895,-1.407,-4.0,1.107,-5.999,-1.998,0.024,-3.0,0.192,-2.999,-3.0,-2.0,6.317,-1.975,-0.038,-4.0,-0.479,-3.998,9.348,0.386,3.679,-1.0,-1.792,-4.0,0.143,-4.0,-0.387,-1.172,-4.0,-6.0,3.328,-2.0,-4.999,-1.679,14.268,0.0,-5.999,-2.0,-2.0,-2.048,7.765,23.144,3.152,-2.0,16.61,-6.0,-5.0,2.503,-1.678,0.04,-0.803,-6.0,2.202,-3.999,-0.736,0.0,0.0,0.0,0.0,0.0,0.0,0.0,0.0,0.0,0.0
GoldS210,XAUUSDc,129,-13.6957,-82.174,1,-0.5923,0.0,469,16.8443,1,5,150,0.015,2.0,2.0,0.0,0.5,15,1,-106.291,13,1,0,0,0.4,0,-81.229,-0.945,0.0,0.0,0.0,0.0,0.0,3.287,2.877,-4.0,-1.002,-3.0,-5.0,-1.973,-0.006,-4.0,1.307,-4.0,-2.0,-3.0,-3.0,-3.0,-6.0,-2.063,-4.0,-0.362,-3.999,-1.005,-1.812,-3.0,-4.999,-5.0,-4.0,-4.0,-0.456,-0.542,3.769,0.929,-5.999,-4.998,9.38,0.977,-3.0,4.912,2.098,-2.0,-2.0,-4.0,-4.0,-0.103,-2.025,-2.974,-2.461,-0.943,-6.0,11.796,-1.0,-1.578,-4.0,-0.69,-3.0,-1.0,2.68,-0.251,-3.0,7.406,-4.0,-0.743,-0.146,-4.0,-3.0,-5.999,1.961,0.024,-2.0,3.432,-2.999,-3.0,-2.0,2.982,-1.975,-0.04,-4.0,-0.109,-3.998,4.151,0.36,3.679,-1.0,-1.792,-5.0,-4.999,-4.0,1.327,-2.981,-1.828,-5.999,3.328,-2.0,-5.0,-1.652,14.336,0.0,-2.52,-2.0,-2.0,-2.019,4.548,23.143,-0.582,-2.0,28.208,-7.0,-5.0,3.634,-1.344,0.04,-0.562,-6.0,7.406,-3.999,3.376,0.0,0.0,0.0,0.0,0.0,0.0,0.0,0.0,0.0,0.0
GoldS210,XAUUSDc,128,-27.683,-55.366,3,-0.6274,0.0,460,18.0435,1,5,270,0.015,1.7,2.0,0.0,0.5,15,1,-99.175,14,1,0,0,0.4,1,-67.73,12.364,0.0,0.0,0.0,0.0,0.0,2.441,1.755,-5.0,-1.001,-4.0,-4.0,-1.983,-0.007,-4.0,-3.0,-4.0,-2.999,-3.0,-3.0,-3.0,-5.0,0.743,9.701,-5.0,-4.0,-2.005,0.475,-3.0,-5.0,-5.0,-3.0,-4.0,-0.835,-0.933,-6.0,0.364,-4.999,-1.872,2.778,1.331,-3.0,0.439,1.396,-2.0,-2.0,-4.0,-4.0,4.384,8.005,-0.723,-0.823,0.051,-6.0,12.079,-1.0,-1.934,-4.0,-0.328,5.417,-1.0,-2.822,2.175,-3.0,51.885,-4.0,-1.925,-0.42,-1.172,1.081,-5.999,-2.0,0.018,-3.0,0.124,-2.999,-3.0,-2.0,2.981,-1.975,-0.59,-4.0,0.362,-4.0,5.614,0.209,1.268,-1.0,-3.162,-4.0,0.095,-4.0,-0.644,-1.173,-4.0,-6.0,1.915,-2.0,-5.0,-1.796,8.054,0.0,-6.0,-2.0,7.388,-2.048,4.548,6.359,2.941,-2.0,17.009,-6.0,-5.0,2.316,1.332,-0.544,2.991,-5.999,2.136,-4.0,0.184,0.0,0.0,0.0,0.0,0.0,0.0,0.0,0.0,0.0,0.0
GoldS210,XAUUSDc,44,-27.9218,-167.531,1,-0.8394,0.0,473,13.1078,1,5,270,0.015,2.3,2.0,0.0,0.5,15,1,-190.13,7,1,0,0,0.1,0,-106.722,-60.809,0.0,0.0,0.0,0.0,0.0,2.551,-1.611,-5.0,-1.001,-3.999,-4.0,-1.98,-0.006,-4.0,-3.0,-5.0,-3.0,-2.999,-3.0,-3.0,-6.0,-5.0,-4.0,-6.0,-4.0,-2.005,1.599,-3.0,-4.999,-5.0,-4.0,-4.0,-0.807,-0.717,-6.0,0.865,-4.999,-1.727,-3.0,1.331,-3.0,1.961,1.396,-2.0,-2.0,-4.0,-4.0,5.819,-0.945,-0.723,-0.718,-0.937,-6.0,0.904,-1.0,-1.854,-4.0,-0.277,-3.0,-1.0,-2.443,18.599,-3.0,-4.0,-4.0,-1.861,-1.393,-3.997,1.152,-6.0,-2.997,0.036,-3.0,0.305,-3.0,-3.0,-2.0,-4.0,-1.967,0.988,-4.0,-0.292,-4.0,-3.0,0.556,-2.998,-1.0,1.368,-4.0,0.18,-4.0,0.015,-1.173,-4.0,-6.0,-2.761,-2.0,-5.0,-1.471,13.253,0.0,-6.0,-2.0,-2.0,-2.048,20.632,-1.972,3.49,-1.999,29.81,-6.0,-5.0,2.908,-1.442,-4.0,-0.784,-6.0,2.288,-3.999,-1.636,0.0,0.0,0.0,0.0,0.0,0.0,0.0,0.0,0.0,0.0
GoldS210,XAUUSDc,130,-15.4443,-92.666,1,-0.6328,0.0,467,16.2741,1,5,210,0.015,2.0,2.0,0.0,0.5,15,1,-116.546,15,1,0,0,0.4,1,-86.995,-5.671,0.0,0.0,0.0,0.0,0.0,2.835,2.814,-4.0,-1.002,-3.0,-5.0,-1.98,-0.006,-4.0,-3.0,-4.0,-2.0,-2.998,-3.0,-3.0,-6.0,-5.0,-4.0,-6.0,-3.999,-1.005,-2.803,-3.0,-4.999,-5.0,-4.0,-4.0,-0.643,-0.838,-1.902,0.602,-4.999,-1.199,9.38,1.055,-3.0,6.417,1.537,-1.999,-2.0,-4.0,-4.0,10.314,-2.025,-2.567,-1.694,-0.943,-6.0,11.796,-1.0,-1.878,-4.0,-0.778,-3.0,-1.0,-2.663,2.175,-3.0,5.79,-4.0,-1.758,-4.999,-4.0,-3.0,-5.999,-1.999,0.024,-1.999,3.795,-2.999,-3.0,-2.0,2.981,-1.975,-0.04,-4.0,-0.447,-3.998,5.022,0.36,3.679,-1.0,-1.792,1.012,0.614,-4.0,0.74,-2.743,-4.0,-6.0,3.352,-2.0,-5.0,-1.68,14.268,0.0,-6.0,-2.0,-2.0,-2.048,4.548,22.906,3.729,-2.0,27.213,-5.999,-5.0,3.329,-1.63,0.04,-0.768,-6.0,7.772,-4.0,1.028,0.0,0.0,0.0,0.0,0.0,0.0,0.0,0.0,0.0,0.0
GoldS210,XAUUSDc,47,29.134,43.701,4,1.3142,23.58,498,40.9639,1,5,270,0.015,1.7,1.0,0.0,0.5,15,1,33.398,9,1,0,0,0.25,4,-14.111,57.812,0.0,0.0,0.0,0.0,0.0,1.12,-0.996,0.213,-0.014,-4.0,-1.682,8.39,1.053,-4.0,1.024,-4.001,-3.0,2.7,-1.143,-3.0,-1.703,-0.807,0.916,-3.987,-0.847,0.966,-0.011,2.165,-2.006,-5.0,-1.977,-4.0,0.599,-2.003,-0.551,4.559,6.609,2.694,-0.855,1.779,-3.0,3.49,0.121,-2.0,0.026,-1.803,-4.0,3.89,-0.262,-4.007,-1.976,3.584,0.412,-1.835,-1.0,-4.005,-2.007,-0.919,-0.974,1.317,11.633,-1.287,-3.0,14.806,9.15,-0.916,5.516,-0.998,1.012,2.948,8.312,-0.035,-2.0,4.026,0.223,-3.0,-0.766,1.65,-3.0,3.996,-0.919,4.004,-1.94,2.693,0.729,-0.97,-1.0,5.703,-3.008,-0.662,-4.0,-1.936,1.021,-1.81,0.554,9.185,0.078,2.209,0.909,2.108,0.0,1.993,-2.0,1.006,-0.572,3.023,1.483,0.007,3.83,2.103,-2.844,-5.0,0.008,10.454,-2.002,0.079,-2.497,0.011,0.074,-0.929,0.0,0.0,0.0,0.0,0.0,0.0,0.0,0.0,0.0,0.0
GoldS210,XAUUSDc,113,25.2105,50.421,3,0.8992,91.78,478,25.7322,1,5,270,0.015,2.0,1.5,0.0,0.5,15,1,4.145,13,1,0,0,0.4,1,-6.843,57.264,0.0,0.0,0.0,0.0,0.0,1.756,0.089,-5.0,-1.507,-4.0,-2.744,49.712,-0.506,-4.0,-3.0,-4.0,-2.999,-3.0,-3.0,-3.0,-3.432,-5.0,5.135,-3.383,-0.641,4.455,-1.221,-3.0,-0.898,-5.0,-4.0,-4.0,-1.432,-1.478,-2.612,-1.358,-3.175,4.092,1.062,5.038,-3.0,6.357,0.758,-2.0,2.173,-4.0,-4.0,2.154,0.04,-3.181,1.086,1.475,-5.999,6.813,-1.0,-2.998,-1.291,-1.609,-3.0,3.244,6.182,0.068,-3.0,28.109,-4.0,0.26,7.816,-1.306,0.527,-5.999,0.084,-0.509,-3.0,5.801,0.041,-3.0,-2.0,1.212,-2.488,3.792,3.553,1.236,-3.998,3.722,2.412,-0.322,-1.0,-4.26,-2.507,32.691,-4.0,-1.203,0.914,-0.626,1.521,12.043,-2.0,2.097,-4.0,5.474,0.0,4.132,-2.0,-2.0,-2.558,3.066,2.538,1.4,3.457,6.277,-6.0,-5.0,1.082,0.026,-1.399,1.415,-6.0,1.102,-3.999,-1.43,0.0,0.0,0.0,0.0,0.0,0.0,0.0,0.0,0.0,0.0
GoldS210,XAUUSDc,40,-18.6678,-112.007,1,-0.6802,0.0,467,15.2034,1,5,210,0.015,2.0,2.0,0.0,0.5,15,1,-135.887,10,1,0,0,0.1,0,-80.44,-31.567,0.0,0.0,0.0,0.0,0.0,2.835,2.814,-4.0,-1.002,-2.999,-5.0,-1.98,-0.006,-4.0,-3.0,-4.0,-2.0,-3.0,-3.0,-3.0,-6.0,-5.0,-4.0,-6.0,-3.999,-1.005,-2.802,-3.0,-4.999,-5.0,-4.0,-4.0,-0.643,-0.838,-1.902,0.602,-4.999,-1.199,9.38,1.055,-3.0,6.417,1.537,-1.999,-2.0,-4.0,-4.0,12.554,-2.025,-2.567,-1.694,-0.943,-5.999,-0.315,-1.0,-1.878,-4.0,-0.778,-3.0,-1.0,-2.662,18.599,-3.0,-3.999,-4.0,-1.758,-4.999,-3.998,-3.0,-6.0,-1.998,0.025,-1.999,3.795,-2.999,-3.0,-2.0,-4.0,-1.975,-0.04,-4.0,-0.447,-3.998,-3.0,0.36,3.679,-1.0,-1.792,1.012,0.615,-4.0,0.74,-2.743,-4.0,-6.0,3.352,-2.0,-5.0,-1.68,14.268,0.0,-6.0,-2.0,-2.0,-2.047,20.632,22.906,3.729,-2.999,11.019,-5.999,-5.0,3.329,-1.63,0.04,-0.768,-6.0,7.772,-4.0,1.028,0.0,0.0,0.0,0.0,0.0,0.0,0.0,0.0,0.0,0.0
GoldS210,XAUUSDc,33,-22.4222,-134.533,1,-0.8543,0.0,477,17.8197,1,5,150,0.015,2.3,1.75,0.0,0.5,15,1,-153.201,6,1,0,0,0.1,0,-100.178,-34.355,0.0,0.0,0.0,0.0,0.0,2.766,0.979,-4.0,-1.256,-3.0,-5.0,3.839,-0.256,-4.0,0.786,-5.0,-2.0,-2.999,-3.0,-3.0,-1.955,-2.316,-3.999,-1.063,4.902,-1.255,-2.204,-3.0,-5.0,-5.0,-4.0,-4.0,-0.836,-1.016,2.483,-0.641,-6.0,-4.999,-3.0,0.477,-3.0,4.081,1.661,-2.0,-2.0,-4.0,-4.0,-0.628,-2.704,-3.239,-2.871,-1.2,-6.0,-0.604,-1.0,-2.279,-0.299,-1.258,-3.0,-1.0,2.563,-0.837,-3.0,-4.0,-4.0,-1.247,3.817,1.399,-3.0,-6.0,5.319,-0.259,-3.0,2.805,1.327,-3.0,-2.0,-4.0,-2.226,-0.488,-4.0,-0.457,-4.0,6.751,-1.016,-2.998,-1.0,-2.445,-1.124,-5.0,-4.0,0.866,1.785,-2.133,-5.999,0.527,-2.0,1.544,-2.017,7.63,0.0,-2.89,-2.0,-2.0,-2.286,17.668,-2.228,-1.157,-3.0,8.727,-6.999,-5.0,2.73,-1.914,-0.892,4.322,-6.0,7.188,-3.999,7.013,0.0,0.0,0.0,0.0,0.0,0.0,0.0,0.0,0.0,0.0
GoldS210,XAUUSDc,71,56.111,112.222,3,1.6161,130.4,481,23.7006,1,5,270,0.015,2.3,1.5,0.0,0.5,15,1,-34.121,22,1,0,0,0.25,1,-43.067,155.289,0.0,0.0,0.0,0.0,0.0,1.765,0.148,-5.0,-1.508,-4.0,-2.745,2.972,-0.506,-4.0,-3.0,-5.0,-3.0,-2.999,-3.0,-3.0,-3.419,-5.0,8.803,-3.338,1.88,7.503,-1.215,-3.0,1.891,-5.0,-4.0,-4.0,-1.432,-1.475,-1.542,-1.326,-3.059,-2.447,-3.0,6.346,-3.0,8.45,0.758,-2.0,4.831,-4.0,-4.0,2.207,0.805,-3.181,-2.547,1.883,-5.999,-0.954,-1.0,-2.998,-1.143,-1.592,-3.0,4.039,18.077,2.081,-3.0,15.321,-4.0,0.294,12.773,-1.253,0.538,-5.999,0.598,-0.509,-3.0,5.981,0.214,-3.0,-2.0,3.484,-2.485,6.045,-4.0,1.304,-4.0,6.002,2.654,-0.212,-1.0,-4.115,-2.507,144.967,-4.0,-1.035,1.582,-0.305,-6.0,-0.449,-2.0,2.299,-3.999,7.72,0.0,8.349,-2.0,-2.0,-2.558,5.394,6.274,1.4,4.813,2.48,-6.0,-5.0,1.093,0.026,-1.321,1.625,-6.0,1.143,-3.999,-2.419,0.0,0.0,0.0,0.0,0.0,0.0,0.0,0.0,0.0,0.0
GoldS210,XAUUSDc,109,6.2335,12.467,3,0.2932,128.67,475,27.3684,1,5,210,0.015,1.7,1.5,0.0,0.5,15,1,-3.574,14,1,0,0,0.4,3,-13.968,26.435,0.0,0.0,0.0,0.0,0.0,1.994,0.044,-4.0,-1.508,-3.0,-3.886,18.489,-0.507,-4.0,-3.0,-4.0,2.135,-2.998,-3.0,-3.0,2.019,-2.173,4.153,-6.0,-1.793,3.532,-5.0,-3.0,-1.979,-5.0,0.548,-4.0,-1.339,-1.487,-0.133,8.199,-2.992,1.637,0.131,-0.01,-3.0,3.433,0.851,-2.0,1.074,-4.0,-4.0,15.21,-0.385,-3.445,-0.025,1.239,-6.0,6.352,-1.0,-3.001,-1.392,-1.949,-0.134,2.919,6.141,0.068,-3.0,20.592,-4.0,0.15,5.302,-1.229,0.152,-5.999,-0.216,-0.509,0.345,4.86,0.129,-3.0,-2.0,1.213,-2.488,3.702,0.039,-0.302,6.378,3.707,1.12,-0.38,-1.0,-4.367,1.474,6.306,-4.0,-0.495,-0.641,-0.635,1.521,11.912,-2.0,1.747,-4.0,4.328,0.0,3.311,-2.0,-2.0,-2.558,3.066,0.855,1.729,3.818,3.994,-5.999,-5.0,1.684,0.026,-1.424,1.31,-5.999,4.067,-3.999,0.838,0.0,0.0,0.0,0.0,0.0,0.0,0.0,0.0,0.0,0.0
GoldS210,XAUUSDc,77,-23.0713,-69.214,2,-0.6891,0.0,474,19.1983,1,5,270,0.015,2.0,1.75,0.0,0.5,15,1,-106.997,13,1,0,0,0.25,0,-53.926,-15.288,0.0,0.0,0.0,0.0,0.0,2.078,0.798,-5.0,-1.256,-4.0,-4.0,4.2,-0.256,-4.0,-3.0,-4.0,-3.0,-3.0,-3.0,-3.0,-2.618,-5.0,-4.0,-3.006,0.539,-2.255,-0.358,-3.0,-4.999,-5.0,-4.0,-4.0,-1.116,-1.244,-6.0,-1.002,-5.0,-2.144,4.374,6.719,-3.0,0.273,1.078,-2.0,-2.0,-4.0,-4.0,3.345,7.873,-1.952,-1.679,-1.204,-5.998,-0.352,-1.0,-2.481,-0.814,-0.96,-3.0,-1.0,35.726,3.765,-3.0,10.676,-4.0,-2.207,1.681,-0.237,0.816,-5.999,0.804,-0.259,-3.0,5.055,0.675,-3.0,-2.0,4.9,-2.232,-0.846,-4.0,-0.874,-3.998,8.692,-1.59,1.572,-1.0,-3.394,-2.256,-2.121,-4.0,-0.846,2.153,-4.0,-6.0,0.12,-2.0,1.397,-2.094,7.396,0.0,3.311,-2.0,-2.0,-2.302,6.58,10.251,2.115,-2.0,11.927,-6.0,-5.0,1.679,-2.13,-1.044,2.784,-6.0,1.653,-3.999,-1.097,0.0,0.0,0.0,0.0,0.0,0.0,0.0,0.0,0.0,0.0
GoldS210,XAUUSDc,107,-5.0625,-10.125,3,-0.1329,0.0,486,31.07,1,5,270,0.015,2.3,1.25,0.0,0.5,15,1,-29.234,6,1,0,0,0.4,2,-57.336,47.211,0.0,0.0,0.0,0.0,0.0,1.443,-0.453,-5.0,-1.755,-4.0,-3.226,1.208,-0.755,-4.0,0.7,-5.0,-2.999,-2.999,-3.0,-3.0,-3.73,-0.057,2.758,-3.659,-0.594,2.072,-1.894,-3.0,-2.61,-5.0,-4.0,-4.0,-1.714,-1.744,-0.136,1.069,-3.559,4.84,-3.0,4.273,-3.0,4.46,0.44,-2.0,0.579,-4.0,-4.0,1.322,2.581,-3.758,-1.259,0.954,-0.776,2.994,-1.0,-3.503,-1.755,-2.266,-3.0,2.032,11.126,-0.986,-3.0,24.405,-1.754,-0.338,5.259,2.108,0.277,0.015,4.35,0.55,-2.0,5.266,-1.341,-3.0,-2.0,0.327,-2.746,4.722,0.202,0.601,-4.0,2.589,2.255,-0.618,-1.0,-2.417,-2.757,14.091,-4.0,-1.456,-0.14,-1.097,-0.42,6.524,0.762,1.073,0.932,4.517,0.0,2.155,-2.0,2.722,-2.801,2.325,1.02,0.743,4.474,6.903,-6.0,-4.999,0.554,6.556,-1.644,0.646,-4.764,0.556,-1.753,-0.223,0.0,0.0,0.0,0.0,0.0,0.0,0.0,0.0,0.0,0.0
GoldS210,XAUUSDc,65,33.082,49.623,4,0.9672,89.65,476,26.8908,1,5,270,0.015,1.7,1.5,0.0,0.5,15,1,5.136,20,1,0,0,0.25,3,-22.43,72.053,0.0,0.0,0.0,0.0,0.0,1.756,0.044,-5.0,-1.508,-4.0,-2.747,2.148,-0.507,-4.0,-3.0,-4.0,-3.0,-3.0,-3.0,-3.0,1.733,-1.801,8.437,-3.417,-1.793,3.289,-1.222,-3.0,-1.979,-5.0,0.548,-4.0,-1.432,-1.487,-3.136,8.167,-3.182,1.229,0.131,4.42,-3.0,8.198,0.758,-2.0,1.074,-4.0,-4.0,12.16,-0.405,-3.181,0.387,1.239,-5.999,-1.043,-1.0,-2.998,-1.392,-1.618,-0.134,2.85,17.983,2.081,-3.0,56.107,-4.0,0.238,12.582,-1.346,0.527,-5.999,-0.214,-0.509,-3.0,5.668,-0.081,-3.0,-2.0,3.484,-2.488,5.816,0.004,2.176,8.24,6.002,2.26,-0.38,-1.0,-4.367,-2.507,6.306,-4.0,-1.315,0.528,-0.833,-6.0,-0.801,-2.0,1.955,-3.999,4.328,0.0,8.349,-2.0,1.446,3.652,5.394,1.012,1.4,4.813,1.912,-6.0,-5.0,1.082,0.026,-1.424,1.287,-5.999,1.069,-4.0,-0.429,0.0,0.0,0.0,0.0,0.0,0.0,0.0,0.0,0.0,0.0
GoldS210,XAUUSDc,104,-0.119,-0.238,3,-0.0044,0.0,485,32.1649,1,5,270,0.015,2.0,1.25,0.0,0.5,15,1,-11.248,9,1,0,0,0.4,3,-35.09,34.852,0.0,0.0,0.0,0.0,0.0,1.438,-0.48,-5.0,-1.755,-4.0,-3.226,11.531,-0.755,-4.0,0.7,-4.0,-2.999,-3.0,-3.0,-3.0,-3.73,-0.088,2.633,-3.684,-1.824,1.913,-1.899,-3.0,-2.675,-5.0,-4.0,-4.0,10.296,-1.744,-0.318,1.047,-3.603,4.126,0.114,3.459,-3.0,4.439,0.44,-2.0,0.408,-4.0,-4.0,1.312,2.44,-3.758,-1.38,0.741,-0.779,2.967,-1.0,-3.503,-1.755,-2.271,-3.0,1.995,11.123,-0.986,-3.0,14.983,-1.772,-0.348,5.259,2.096,0.27,0.015,4.274,0.519,-2.0,5.164,-1.412,-3.0,-2.0,0.327,-2.747,4.695,-0.062,7.729,-3.998,2.589,2.224,-0.663,-1.0,-2.45,-2.757,4.223,-4.0,-1.558,-0.294,-1.236,-0.42,6.436,0.545,1.031,0.932,3.628,0.0,2.155,-2.0,2.666,-2.801,2.325,0.259,0.743,4.474,6.611,-6.0,-5.0,0.551,6.533,-1.698,0.644,-4.764,0.543,1.698,-0.309,0.0,0.0,0.0,0.0,0.0,0.0,0.0,0.0,0.0,0.0
GoldS210,XAUUSDc,125,-17.0178,-102.107,1,-0.8205,0.0,475,18.3158,1,5,270,0.015,2.3,1.75,0.0,0.5,15,1,-117.816,14,1,0,0,0.4,0,-78.448,-23.659,0.0,0.0,0.0,0.0,0.0,2.092,0.979,-5.0,-1.255,-4.0,-4.0,5.613,-0.256,-4.0,-3.0,-5.0,-2.999,-2.999,-3.0,-3.0,-1.955,-5.0,-4.0,-2.886,4.354,-2.255,-0.24,-3.0,-5.0,-5.0,-4.0,-4.0,-1.112,-1.227,-6.0,-0.925,-5.0,-2.118,-3.0,8.521,-3.0,0.757,1.078,-2.0,-2.0,-4.0,-4.0,3.657,-2.505,-1.952,-1.653,-1.2,-6.0,9.887,-1.0,-2.477,-0.481,-0.934,-3.0,-1.0,11.922,1.121,-3.0,5.007,-4.0,-2.199,2.748,0.898,0.842,-5.999,1.813,-0.259,-3.0,-0.114,1.155,-3.0,-2.0,2.096,-2.226,-0.489,-4.0,-0.746,-4.0,5.681,-1.016,-2.998,-1.0,-2.444,-2.256,-2.096,-4.0,-0.614,3.308,-4.0,-6.0,17.236,-2.0,1.802,-2.017,7.574,0.0,0.423,-2.0,-2.0,-2.302,3.807,-2.227,2.133,-2.0,18.248,-6.0,-4.999,1.753,-2.068,-0.892,4.119,-6.0,1.715,-3.999,-2.057,0.0,0.0,0.0,0.0,0.0,0.0,0.0,0.0,0.0,0.0
GoldS210,XAUUSDc,8,-10.203,-30.609,2,-0.6239,0.0,504,36.9048,1,5,270,0.015,2.3,1.0,0.0,0.5,15,1,-41.236,9,1,0,0,0.1,1,-23.965,-6.644,0.0,0.0,0.0,0.0,0.0,1.121,-0.992,3.867,-1.005,-4.999,-3.0,-0.237,1.171,-4.0,1.042,-4.001,-3.0,1.783,-1.065,-3.0,-1.619,-0.807,2.482,-2.98,-0.105,0.985,1.795,2.165,-2.004,-4.0,-1.871,-4.0,1.269,-2.001,-0.428,7.656,3.278,-0.96,-3.0,2.251,-3.0,8.088,0.121,-2.0,0.047,-1.803,-5.0,1.654,-0.235,-4.043,-0.948,6.422,4.37,-1.817,0.052,-4.005,-2.007,-3.01,-3.0,1.319,1.302,1.737,-3.0,-0.864,-1.04,-0.911,-0.899,-0.99,1.02,-3.001,-0.948,-0.02,-2.0,3.023,0.288,-2.0,-1.76,-3.0,-3.0,7.503,-0.885,4.316,-1.857,-4.0,1.729,0.0,-0.98,13.775,-4.999,3.097,1.413,-0.865,1.1,0.194,-1.0,-4.029,8.373,1.339,-4.0,1.049,2.111,4.803,-2.0,1.006,-1.042,-3.0,0.523,3.024,2.896,-3.983,-1.976,-6.0,1.008,-1.004,-1.965,0.079,-1.498,-0.974,0.089,-0.912,0.0,0.0,0.0,0.0,0.0,0.0,0.0,0.0,0.0,0.0
GoldS210,XAUUSDc,43,-50.4513,-151.354,2,-0.7941,0.0,472,13.3475,1,5,210,0.015,2.3,2.0,0.0,0.5,15,1,-173.953,8,1,0,0,0.1,0,-95.438,-55.916,0.0,0.0,0.0,0.0,0.0,2.908,-1.611,-4.0,-1.002,-2.999,-5.0,-1.98,-0.006,-4.0,-3.0,-5.0,-2.0,-3.0,-3.0,-3.0,-6.0,-5.0,-4.0,-6.0,-4.0,-1.005,-2.753,-3.0,-4.999,-5.0,-4.0,-4.0,-0.635,-0.717,-1.721,0.914,-5.0,-1.137,-3.0,1.055,-3.0,7.763,1.537,-2.0,-2.0,-4.0,-4.0,13.425,-1.177,-2.568,-1.629,-0.937,-5.999,0.262,-1.0,-1.839,-4.0,-0.744,-3.0,-1.0,-2.443,18.599,-3.0,-4.0,-4.0,-1.726,-5.0,-3.997,-3.0,-6.0,-2.997,0.036,-3.0,3.93,-2.999,-3.0,-2.0,-4.0,-1.967,0.988,-4.0,-0.26,-4.0,-3.0,0.53,-2.998,-1.0,1.368,-3.999,0.651,-4.0,1.142,-2.743,-4.0,-6.0,-2.737,-2.0,-5.0,-1.472,13.253,0.0,-6.0,-2.0,-2.0,-2.047,20.632,-1.972,4.067,-2.999,26.17,-6.0,-5.0,3.734,-1.442,-4.0,-0.749,-6.0,10.589,-4.0,0.098,0.0,0.0,0.0,0.0,0.0,0.0,0.0,0.0,0.0,0.0
GoldS210,XAUUSDc,4,-9.7848,-58.709,1,-0.9321,0.0,504,37.5,1,5,210,0.015,2.0,1.0,0.0,0.5,15,1,-69.336,5,1,0,0,0.1,1,-42.806,-15.903,0.0,0.0,0.0,0.0,0.0,1.239,-0.992,-1.306,-1.005,-3.999,-4.0,-0.514,1.104,-4.0,1.014,-4.001,0.365,4.07,-1.018,-3.0,-1.542,-0.983,0.724,-5.0,1.898,0.977,1.344,1.17,-2.006,-4.0,-1.929,-4.0,0.693,-2.001,-0.793,5.486,-1.274,-0.785,-0.604,-1.016,-3.0,1.637,0.164,-1.999,0.034,-1.94,-5.0,3.832,-1.212,-4.042,-0.964,6.4,4.564,-2.018,0.02,-4.006,-2.007,-3.01,-3.0,1.338,0.35,1.737,-3.0,-0.909,-1.048,-1.011,-0.066,-0.967,-1.004,-3.001,-0.959,-0.026,0.381,3.016,0.369,-2.0,-1.717,-3.0,-3.0,7.501,-0.893,1.013,-1.911,-4.0,1.331,-0.021,2.089,9.626,-2.514,1.858,0.59,-0.395,0.061,0.275,-1.0,-4.024,7.647,1.185,-4.0,1.038,2.076,-1.097,-2.0,1.132,-1.042,-3.0,0.604,3.024,-5.0,-1.567,-1.976,-6.0,1.386,1.656,-1.994,0.091,-1.78,1.111,0.111,-0.152,0.0,0.0,0.0,0.0,0.0,0.0,0.0,0.0,0.0,0.0
GoldS210,XAUUSDc,118,-8.776,-17.552,3,-0.2938,0.0,466,22.5322,1,5,210,0.015,1.7,1.75,0.0,0.5,15,1,-42.971,12,1,0,0,0.4,2,-36.038,18.486,0.0,0.0,0.0,0.0,0.0,2.374,0.665,-4.0,-1.256,-3.0,-5.0,2.582,-0.257,-4.0,-3.0,-4.0,-2.0,-2.998,-3.0,-3.0,11.207,-1.671,-0.268,-6.0,-1.19,-1.255,-3.212,-3.0,2.071,-5.0,-3.0,-4.0,-0.997,-1.268,1.72,-1.0,-5.0,3.735,1.282,0.522,-3.0,4.469,1.195,-2.0,-2.0,-4.0,-4.0,7.443,2.309,-3.006,1.983,-0.209,-6.0,8.892,-1.0,-2.476,-1.029,-1.372,1.14,-1.0,11.716,1.121,-3.0,30.595,-4.0,0.987,-1.878,-0.614,0.655,-5.999,0.241,-0.259,-2.0,6.572,0.63,-3.0,-2.0,2.097,-2.232,-1.064,-4.0,0.053,-4.0,5.359,-1.926,0.421,-1.0,-3.872,2.408,-2.161,-4.0,-0.028,0.139,-4.0,-6.0,16.57,-2.0,0.857,-2.137,5.53,0.0,-0.924,-2.0,-2.0,-2.302,3.807,3.055,2.55,-2.0,17.615,-5.999,-5.0,2.367,0.756,-1.11,2.153,-5.999,5.188,-3.999,1.384,0.0,0.0,0.0,0.0,0.0,0.0,0.0,0.0,0.0,0.0
GoldS210,XAUUSDc,7,-9.2683,-55.61,1,-0.8933,0.0,504,37.1032,1,5,210,0.015,2.3,1.0,0.0,0.5,15,1,-66.237,5,1,0,0,0.1,1,-42.192,-13.418,0.0,0.0,0.0,0.0,0.0,1.24,-0.992,-1.297,-1.005,-3.999,-4.0,-0.494,1.171,-4.0,1.023,-4.001,0.367,2.171,-0.98,-3.0,-1.488,-0.983,0.776,-5.0,2.396,0.989,2.617,1.17,-2.004,-4.0,-1.871,-4.0,1.129,-2.001,-0.719,7.656,-1.274,-0.77,-3.0,-1.016,-3.0,1.639,0.164,-2.0,0.047,-1.94,-5.0,3.846,-1.2,-4.043,-0.948,6.422,4.564,-2.009,0.052,-4.006,-2.007,-3.01,-3.0,1.339,0.35,1.737,-3.0,-0.864,-1.04,-1.006,-0.066,-0.964,-1.004,-3.001,-0.948,-0.02,0.383,3.023,0.4,-2.0,-1.716,-3.0,-3.0,7.503,-0.869,1.219,-1.857,-4.0,1.331,0.0,2.089,9.638,-2.514,3.097,0.646,-0.354,0.1,0.279,-1.0,-4.022,8.022,1.339,-4.0,1.049,2.111,-1.097,-2.0,1.132,-1.042,-3.0,0.63,3.024,-5.0,-1.567,-1.976,-6.0,1.386,1.656,-1.965,0.091,-1.78,1.119,0.122,-0.135,0.0,0.0,0.0,0.0,0.0,0.0,0.0,0.0,0.0,0.0
GoldS210,XAUUSDc,31,-39.5997,-118.799,2,-0.8125,0.0,472,18.4322,1,5,210,0.015,2.0,1.75,0.0,0.5,15,1,-137.467,6,1,0,0,0.1,0,-80.426,-38.373,0.0,0.0,0.0,0.0,0.0,2.375,0.798,-4.0,-1.256,-2.999,-5.0,3.31,-0.256,-4.0,-3.0,-4.0,-2.0,-3.0,-3.0,-3.0,-2.618,-5.0,-4.0,-6.0,0.54,-1.255,-3.206,-3.0,-4.999,-5.0,-4.0,-4.0,-0.983,-1.244,-2.51,-0.961,-4.999,-1.646,4.374,0.522,-3.0,4.803,1.195,-1.999,-2.0,-4.0,-4.0,9.422,7.917,-3.006,-2.34,-1.204,-5.999,-0.881,-1.0,-2.475,-0.814,-1.359,-3.0,-1.0,-3.056,14.383,-3.0,-3.999,-4.0,-2.094,-1.352,-0.081,-3.0,-6.0,0.805,-0.258,-1.999,8.218,0.932,-3.0,-2.0,-4.0,-2.232,-0.848,-4.0,-0.849,-3.998,-1.282,-1.59,1.572,-1.0,-3.394,2.479,-2.12,-4.0,0.127,0.783,-4.0,-6.0,0.139,-2.0,1.138,-2.095,7.396,0.0,-0.924,-2.0,-2.0,-2.301,17.668,10.053,2.568,-2.999,6.712,-5.999,-5.0,2.393,-2.105,-1.044,2.813,-6.0,5.976,-4.0,0.418,0.0,0.0,0.0,0.0,0.0,0.0,0.0,0.0,0.0,0.0
GoldS210,XAUUSDc,6,-1.3143,-7.886,1,-0.2389,0.0,504,38.8889,1,5,150,0.015,2.3,1.0,0.0,0.5,15,1,-22.912,6,1,0,0,0.1,1,-14.639,6.753,0.0,0.0,0.0,0.0,0.0,1.39,-0.992,-1.4,-1.005,-4.0,-4.0,15.239,1.171,-4.0,0.447,-4.001,0.149,1.943,-0.559,-3.0,-1.385,-1.034,0.793,-2.171,2.439,1.009,1.587,0.559,-2.004,-4.0,-1.871,-4.0,1.117,-1.943,2.137,7.965,2.054,0.705,-3.0,-1.016,-3.0,1.123,0.345,-2.0,0.047,-1.931,-5.0,11.929,2.95,-4.042,-0.948,6.422,1.434,-2.009,0.052,-4.006,-2.007,-3.01,-3.0,1.277,0.009,-2.597,-3.0,-0.864,-1.012,-1.006,-0.448,1.822,-1.004,-3.001,1.167,-0.021,0.297,3.023,0.588,-2.0,-1.512,-3.0,-3.0,3.379,-0.764,0.837,-1.857,0.329,1.143,0.0,-0.976,9.638,-2.42,1.029,0.417,-0.089,0.1,-1.003,-1.0,-1.891,10.601,1.339,-4.0,1.049,2.111,4.319,-2.0,1.281,-1.041,-3.0,3.254,3.024,-5.0,-1.678,-1.976,-6.0,1.525,1.393,-1.965,0.164,-1.669,5.25,0.089,3.782,0.0,0.0,0.0,0.0,0.0,0.0,0.0,0.0,0.0,0.0
GoldS210,XAUUSDc,60,10.4827,15.724,4,0.2233,165.17,488,30.5328,1,5,150,0.015,2.3,1.25,0.0,0.5,15,1,-10.248,14,1,0,0,0.25,2,-44.979,60.703,0.0,0.0,0.0,0.0,0.0,1.847,-0.453,-1.328,-1.756,-3.0,-4.428,0.25,-0.755,-4.0,-0.161,-5.0,0.961,-2.999,-3.0,-3.0,-3.73,-0.411,2.273,-2.505,2.609,2.604,-3.998,-3.0,-2.61,-5.0,-4.0,-4.0,-1.603,-1.631,2.737,1.565,-3.906,3.938,-3.0,-0.519,-3.0,1.789,0.784,-2.0,0.579,-4.0,-4.0,9.091,1.843,-3.757,-1.259,0.954,-0.012,-1.689,-1.0,-3.494,-1.692,-2.48,-3.0,1.944,21.44,-2.011,-3.0,34.217,-1.703,0.081,7.683,-1.389,-3.0,2.267,1.966,0.55,0.716,5.266,-1.233,-3.0,-2.0,2.067,-2.746,5.169,0.4,-1.526,-4.0,3.778,1.123,-0.618,-1.0,-2.417,1.208,11.744,-4.0,-0.446,-1.14,-2.731,-2.8,1.204,0.779,0.918,3.654,4.55,0.0,1.722,-2.0,0.287,-2.8,4.208,1.019,-1.718,8.311,5.302,-6.999,-5.0,1.224,8.109,-1.644,0.77,-4.764,3.09,-1.753,3.748,0.0,0.0,0.0,0.0,0.0,0.0,0.0,0.0,0.0,0.0
GoldS210,XAUUSDc,36,-16.7363,-100.418,1,-0.734,0.0,462,17.9654,1,5,150,0.015,1.7,2.0,0.0,0.5,15,1,-122.05,6,1,0,0,0.1,0,-67.098,-33.32,0.0,0.0,0.0,0.0,0.0,3.25,1.86,-4.0,-1.002,-3.0,-5.0,-1.979,-0.007,-4.0,1.248,-4.0,-2.0,-3.0,-3.0,-3.0,-5.0,2.946,5.779,-0.369,-4.0,-1.005,-1.847,-3.0,-5.0,-5.0,-3.0,-4.0,-0.476,-0.575,3.647,0.804,-4.999,-4.999,2.778,0.977,-3.0,4.186,2.098,-2.0,-2.0,-4.0,-4.0,-0.246,10.317,-2.974,-2.501,0.051,-5.999,-0.674,-1.0,-1.601,-4.0,-0.707,5.417,-1.0,1.754,-0.25,-3.0,-3.998,-4.0,-0.774,0.841,-1.17,-3.0,-6.0,1.76,0.018,-2.0,3.357,-3.0,-3.0,-2.0,-4.0,-1.975,-0.53,-4.0,0.747,-5.0,6.272,0.182,1.268,-1.0,-3.163,0.395,-4.999,-4.0,1.071,-2.981,-1.828,-5.999,1.915,-2.0,-5.0,-1.768,8.122,0.0,-2.52,-2.0,-2.0,-2.019,20.632,6.358,-0.737,-3.0,5.729,-6.999,-5.0,3.447,-1.454,-0.544,3.232,-5.999,6.019,-4.0,10.772,0.0,0.0,0.0,0.0,0.0,0.0,0.0,0.0,0.0,0.0
GoldS210,XAUUSDc,112,31.2167,46.825,4,0.7845,98.83,478,25.523,1,5,210,0.015,2.0,1.5,0.0,0.5,15,1,0.549,12,1,0,0,0.4,2,-6.898,53.723,0.0,0.0,0.0,0.0,0.0,1.994,0.089,-4.0,-1.508,-3.0,-3.875,49.033,-0.506,-4.0,-3.0,-4.0,2.776,-2.998,-3.0,-3.0,-3.432,-5.0,4.298,-6.0,-0.64,4.699,-5.0,-3.0,-0.899,-5.0,-4.0,-4.0,-1.339,-1.478,0.406,-1.326,-2.991,4.488,1.062,-0.01,-3.0,3.547,0.851,-1.999,2.173,-4.0,-4.0,5.194,0.061,-3.445,0.674,1.475,-6.0,6.397,-1.0,-3.001,-1.291,-1.94,-3.0,3.313,6.182,0.068,-3.0,27.774,-4.0,0.172,5.381,-1.189,-3.0,-5.999,0.084,-0.509,0.405,4.993,0.251,-3.0,-2.0,1.212,-2.488,3.792,3.588,-1.25,-3.998,3.707,1.272,-0.322,-1.0,-4.261,1.517,32.691,-4.0,-0.384,-0.254,-0.428,1.521,12.058,-2.0,1.89,-4.0,5.474,0.0,3.311,-2.0,-2.0,-2.558,3.066,2.381,1.729,3.818,4.274,-5.999,-5.0,1.684,0.026,-1.399,1.438,-6.0,4.415,-4.0,-0.163,0.0,0.0,0.0,0.0,0.0,0.0,0.0,0.0,0.0,0.0
GoldS210,XAUUSDc,41,-21.538,-129.228,1,-0.7181,0.0,469,14.7122,1,5,270,0.015,2.0,2.0,0.0,0.5,15,1,-153.346,9,1,0,0,0.1,0,-92.958,-36.27,0.0,0.0,0.0,0.0,0.0,2.478,2.814,-5.0,-1.001,-3.999,-4.0,-1.98,-0.006,-4.0,-3.0,-4.0,-3.0,-3.0,-3.0,-3.0,-6.0,-5.0,-4.0,-5.999,-4.0,-2.005,0.873,-3.0,-4.999,-5.0,-4.0,-4.0,-0.815,-0.838,-6.0,0.553,-4.999,-1.801,9.38,1.332,-3.0,0.983,1.396,-2.0,-2.0,-4.0,-4.0,4.867,-1.794,-0.722,-0.783,-0.943,-6.0,0.327,-1.0,-1.903,-4.0,-0.311,-3.0,-1.0,-2.662,18.599,-3.0,-3.999,-4.0,-1.895,-1.407,-3.998,1.107,-6.0,-1.998,0.025,-3.0,0.192,-2.999,-3.0,-2.0,-4.0,-1.975,-0.04,-4.0,-0.479,-3.998,-3.0,0.386,3.679,-1.0,-1.792,-4.0,0.144,-4.0,-0.387,-1.173,-4.0,-6.0,3.328,-2.0,-5.0,-1.679,14.268,0.0,-6.0,-2.0,-2.0,-2.048,20.632,23.144,3.152,-1.999,17.01,-6.0,-5.0,2.503,-1.678,0.04,-0.803,-6.0,2.202,-3.999,-0.736,0.0,0.0,0.0,0.0,0.0,0.0,0.0,0.0,0.0,0.0
GoldS210,XAUUSDc,58,12.946,25.892,3,0.3821,84.48,485,31.134,1,5,210,0.015,2.0,1.25,0.0,0.5,15,1,4.019,16,1,0,0,0.25,2,-37.492,63.384,0.0,0.0,0.0,0.0,0.0,1.616,-0.48,-4.0,-1.756,-3.0,-4.308,0.554,-0.755,-4.0,0.672,-4.0,1.117,-3.0,-3.0,-3.0,-3.73,-0.362,2.663,-6.0,1.313,2.051,-5.0,-3.0,-2.676,-5.0,-4.0,-4.0,10.134,-1.744,-0.994,1.099,-3.566,5.796,0.114,-0.519,-3.0,2.531,0.508,-1.999,0.408,-4.0,-4.0,4.688,1.327,-3.757,-1.38,0.741,1.273,-1.716,-1.0,-3.505,-1.755,-2.534,-3.0,2.04,23.002,0.397,-3.0,28.778,-1.772,-0.418,10.248,-1.582,-3.0,4.732,6.954,0.519,0.834,5.164,-1.25,-3.0,-2.0,2.067,-2.747,6.193,-0.036,4.296,-3.998,4.337,1.455,-0.663,-1.0,-2.45,0.558,4.223,-4.0,-0.894,-1.293,-1.095,-6.0,-1.338,0.545,0.877,3.654,3.628,0.0,2.89,-2.0,0.287,-2.801,4.208,0.142,0.946,8.311,5.159,-5.999,-5.0,1.041,10.896,-1.698,0.662,-4.764,3.122,1.749,0.707,0.0,0.0,0.0,0.0,0.0,0.0,0.0,0.0,0.0,0.0
GoldS210,XAUUSDc,2,-6.0137,-36.082,1,-0.7089,0.0,503,37.5746,1,5,270,0.015,1.7,1.0,0.0,0.5,15,1,-46.709,9,1,0,0,0.1,1,-25.617,-10.465,0.0,0.0,0.0,0.0,0.0,1.12,-0.996,3.826,-1.005,-4.999,-3.0,-0.265,1.053,-4.0,1.024,-4.001,-3.0,2.7,-1.143,-3.0,-1.703,-0.807,2.398,-2.987,-0.847,0.966,-0.01,2.165,-2.006,-4.0,-1.977,-4.0,0.599,-2.003,-0.551,4.559,3.272,-0.988,-0.855,1.779,-3.0,8.084,0.121,-2.0,0.026,-1.803,-5.0,1.643,-0.263,-4.043,-0.976,6.386,4.37,-1.835,-0.005,-4.005,-2.007,-3.01,0.026,1.317,1.302,1.737,-3.0,-0.939,-0.055,-1.916,-0.899,-0.994,1.012,-3.001,-0.971,-0.034,-2.0,3.007,0.223,-2.0,-1.766,-3.0,-3.0,7.501,-0.919,4.004,-1.94,-4.0,1.729,-0.034,-0.98,13.763,-5.0,1.345,1.301,-0.936,1.02,0.19,-1.0,-4.031,7.741,1.085,-4.0,1.028,2.05,4.803,-2.0,1.006,-1.042,-3.0,0.483,3.024,2.896,-3.983,-1.976,-6.0,1.008,-1.004,-2.002,0.079,-1.497,-0.989,0.074,-0.929,0.0,0.0,0.0,0.0,0.0,0.0,0.0,0.0,0.0,0.0
GoldS210,XAUUSDc,127,-19.8805,-39.761,3,-0.4843,0.0,460,18.6957,1,5,210,0.015,1.7,2.0,0.0,0.5,15,1,-83.57,13,1,0,0,0.4,2,-60.53,20.769,0.0,0.0,0.0,0.0,0.0,2.798,1.755,-4.0,-1.002,-3.0,-5.0,-1.983,-0.007,-4.0,-3.0,-4.0,-2.0,-2.998,-3.0,-3.0,-5.0,0.174,7.808,-6.0,-4.0,-1.005,-2.839,-3.0,-5.0,-5.0,-3.0,-4.0,-0.663,-0.927,-2.025,0.437,-5.0,-1.247,2.778,1.055,-3.0,5.645,1.537,-2.0,-2.0,-4.0,-4.0,9.847,8.071,-2.567,-1.734,0.051,-6.0,11.437,-1.0,-1.901,-4.0,-0.795,5.417,-1.0,-2.822,2.175,-3.0,50.563,-4.0,-1.789,-4.0,-1.172,1.219,-5.999,-2.0,0.018,-2.0,3.72,-2.997,-3.0,-2.0,2.982,-1.975,-0.59,-4.0,0.409,-4.0,5.022,0.182,1.268,-1.0,-3.163,0.89,0.566,-4.0,0.484,-2.743,-4.0,-6.0,1.939,-2.0,-5.0,-1.796,8.054,0.0,-6.0,-2.0,-2.0,-2.048,4.548,6.121,3.518,-2.0,22.102,-5.999,-5.0,3.142,1.476,-0.544,3.026,-5.999,6.385,-3.999,1.948,0.0,0.0,0.0,0.0,0.0,0.0,0.0,0.0,0.0,0.0
GoldS210,XAUUSDc,56,23.5885,47.177,3,1.0261,46.36,485,33.1959,1,5,270,0.015,1.7,1.25,0.0,0.5,15,1,25.304,16,1,0,0,0.25,2,-15.839,63.016,0.0,0.0,0.0,0.0,0.0,1.438,-0.503,-5.0,-1.756,-4.0,-3.228,0.913,1.966,-4.0,0.7,-4.0,-3.0,-3.0,-3.0,-3.0,-1.596,-0.11,4.231,-3.702,6.529,1.863,-1.9,-3.0,-2.712,-5.0,-1.621,-4.0,3.349,-1.747,-0.43,5.093,-3.608,5.135,-0.398,3.073,-3.0,5.93,0.44,-2.0,0.312,-4.0,-4.0,6.027,2.552,-3.758,-1.452,0.617,0.719,-1.439,-1.0,-3.503,-1.755,-2.271,-0.614,1.966,21.014,0.397,-3.0,29.349,-1.787,-0.348,8.967,-1.671,0.27,4.732,7.092,0.491,-2.0,5.084,1.174,-3.0,-2.0,2.067,-2.747,6.176,-0.218,6.131,-1.232,4.347,2.198,-0.688,-1.0,-2.474,-2.757,0.894,-4.0,-1.628,-0.412,-1.329,-6.0,-1.414,0.427,3.65,3.654,3.147,0.0,5.171,-2.0,2.62,0.843,4.208,-0.096,0.743,5.57,3.294,-6.0,-5.0,0.551,10.647,-1.715,0.641,-4.763,0.53,0.971,-0.344,0.0,0.0,0.0,0.0,0.0,0.0,0.0,0.0,0.0,0.0
GoldS210,XAUUSDc,108,10.0665,20.133,3,0.6719,67.93,475,28.0,1,5,150,0.015,1.7,1.5,0.0,0.5,15,1,6.457,12,1,0,0,0.4,2,-0.317,20.45,0.0,0.0,0.0,0.0,0.0,2.295,0.044,-4.0,-1.508,-3.0,-4.025,15.2,-0.507,-4.0,0.302,-4.0,2.03,-3.0,-3.0,-3.0,2.444,0.151,3.57,-1.808,-1.358,4.379,-4.0,-3.0,-1.979,-5.0,0.548,-4.0,-1.238,-1.319,4.117,8.401,0.389,-1.305,0.131,-0.021,-3.0,2.423,1.221,-2.0,1.074,-4.0,-4.0,8.92,6.92,-3.503,-0.371,1.239,-6.0,6.352,-1.0,-2.901,-1.247,-1.887,-0.134,2.69,9.379,-1.425,-3.0,21.022,-4.0,0.813,8.205,-0.965,-3.0,-6.0,2.669,-0.509,0.204,4.715,0.059,-3.0,-2.0,1.212,-2.488,3.717,0.347,-0.113,5.662,3.707,0.582,-0.38,-1.0,-4.367,2.357,3.735,-4.0,-0.069,-0.711,-2.432,-2.24,11.897,-2.0,1.759,-4.0,4.373,0.0,1.744,-2.0,-2.0,-2.555,3.066,1.011,-1.448,3.818,3.822,-7.0,-5.0,1.906,0.081,-1.424,1.45,-5.999,3.836,-4.0,2.381,0.0,0.0,0.0,0.0,0.0,0.0,0.0,0.0,0.0,0.0
GoldS210,XAUUSDc,5,-5.6692,-34.015,1,-0.6793,0.0,504,37.3016,1,5,270,0.015,2.0,1.0,0.0,0.5,15,1,-44.642,9,1,0,0,0.1,1,-24.878,-9.137,0.0,0.0,0.0,0.0,0.0,1.12,-0.992,3.848,-1.005,-4.999,-3.0,-0.254,1.104,-4.0,1.033,-4.001,-3.0,3.727,-1.11,-3.0,-1.673,-0.807,2.43,-2.985,-0.602,0.971,0.522,2.165,-2.006,-4.0,-1.929,-4.0,0.833,-2.001,-0.502,5.486,3.272,-0.975,-0.604,1.931,-3.0,8.086,0.121,-2.0,0.034,-1.803,-5.0,1.643,-0.248,-4.042,-0.964,6.4,4.37,-1.826,0.02,-4.005,-2.007,-3.01,-3.0,1.317,1.302,1.737,-3.0,-0.909,-1.048,-0.916,-0.899,-0.993,1.016,-3.001,-0.959,-0.026,-2.0,3.016,0.257,-2.0,-1.766,-3.0,-3.0,7.501,-0.909,4.11,-1.911,-4.0,1.729,-0.021,-0.98,13.763,-5.0,1.858,1.357,-0.906,1.061,0.19,-1.0,-4.031,7.998,1.185,-4.0,1.038,2.076,4.803,-2.0,1.006,-1.042,-3.0,0.497,3.024,2.896,-3.983,-1.976,-6.0,1.008,-1.004,-1.994,0.079,-1.498,-0.982,0.078,-0.929,0.0,0.0,0.0,0.0,0.0,0.0,0.0,0.0,0.0,0.0
GoldS210,XAUUSDc,75,35.762,71.524,3,0.76,140.71,474,20.2532,1,5,150,0.015,2.0,1.75,0.0,0.5,15,1,-29.116,12,1,0,0,0.25,1,-49.111,120.635,0.0,0.0,0.0,0.0,0.0,2.752,0.837,-4.0,-1.256,-3.0,-5.0,2.506,-0.256,-4.0,0.765,-4.0,-2.0,-3.0,-3.0,-3.0,-2.618,-2.316,-4.0,-1.084,1.088,-1.255,-2.211,-3.0,-4.999,-5.0,-4.0,-4.0,-0.84,-1.033,2.444,-0.7,-5.999,-4.998,4.374,0.477,-3.0,3.545,1.661,-2.0,-2.0,-4.0,-4.0,-0.674,9.763,-3.239,-2.897,-1.204,-5.999,-0.881,-1.0,-2.28,-0.619,-1.284,-3.0,-1.0,40.157,-0.838,-3.0,112.649,-3.999,-1.253,2.749,0.263,-3.0,-6.0,4.195,-0.259,-2.0,7.965,0.848,-3.0,-2.0,4.901,-2.232,-0.847,-4.0,-0.585,-3.998,6.751,-1.59,1.572,-1.0,-3.394,-1.124,-4.999,-4.0,0.634,0.629,-2.133,-5.999,0.12,-2.0,1.138,-2.075,7.452,0.0,-2.889,-2.0,-2.0,-2.286,6.58,10.249,-1.157,-2.0,38.506,-6.999,-5.0,2.656,-1.95,-1.044,2.987,-6.0,5.678,-3.999,4.924,0.0,0.0,0.0,0.0,0.0,0.0,0.0,0.0,0.0,0.0
GoldS210,XAUUSDc,63,34.3505,68.701,3,2.2929,64.75,475,27.5789,1,5,150,0.015,1.7,1.5,0.0,0.5,15,1,24.214,15,1,0,0,0.25,2,7.729,60.972,0.0,0.0,0.0,0.0,0.0,2.295,0.044,-4.0,-1.508,-3.0,-4.025,19.16,-0.507,-4.0,0.302,-4.0,2.03,-3.0,-3.0,-3.0,2.444,0.151,3.57,-1.808,-1.358,4.379,-4.0,-3.0,-1.979,-5.0,0.548,-4.0,-1.238,-1.319,4.117,8.401,0.442,-1.305,0.131,-0.021,-3.0,2.423,1.221,-2.0,1.074,-4.0,-4.0,8.921,6.92,-3.503,-0.371,1.239,-5.999,-1.459,-1.0,-2.901,-1.247,-1.887,-0.134,2.69,21.221,-1.425,-3.0,56.246,-4.0,0.813,10.409,-0.965,-3.0,-6.0,2.67,-0.509,0.204,4.715,0.059,-3.0,-2.0,3.484,-2.488,4.348,0.347,-0.113,5.662,5.261,0.582,-0.38,-1.0,-4.367,2.357,3.735,-4.0,-0.069,-0.711,-2.432,-2.24,-0.801,-2.0,1.759,-3.999,4.373,0.0,3.723,-2.0,-2.0,-2.555,5.394,1.011,-1.448,8.654,3.822,-6.999,-5.0,1.906,0.081,-1.424,1.45,-5.999,3.836,-4.0,4.57,0.0,0.0,0.0,0.0,0.0,0.0,0.0,0.0,0.0,0.0
GoldS210,XAUUSDc,74,35.0435,70.087,3,1.0222,152.23,468,21.7949,1,5,270,0.015,1.7,1.75,0.0,0.5,15,1,-36.609,12,1,0,0,0.25,1,-20.104,90.191,0.0,0.0,0.0,0.0,0.0,2.077,0.665,-5.0,-1.256,-4.0,-4.0,3.499,-0.257,-4.0,-3.0,-4.0,-3.0,-3.0,-3.0,-3.0,10.841,-1.2,-0.268,-3.094,-1.19,-2.255,-0.44,-3.0,2.071,-5.0,-3.0,-4.0,-1.13,-1.268,-1.739,-1.049,-4.999,3.219,1.282,5.867,-3.0,-0.011,1.078,-2.0,-2.0,-4.0,-4.0,3.188,2.266,-1.952,2.644,-0.209,-5.999,-0.541,-1.0,-2.484,-1.029,-0.973,1.14,-1.0,35.637,3.765,-3.0,118.37,-4.0,1.093,1.155,-0.768,0.804,-5.999,0.243,-0.259,-3.0,3.412,0.373,-3.0,-2.0,4.9,-2.232,-1.062,-4.0,0.016,-4.0,8.692,-1.925,0.421,-1.0,-3.872,-2.256,-2.161,-4.0,-1.002,1.509,-4.0,-6.0,-0.158,-2.0,1.116,-2.136,5.53,0.0,3.311,-2.0,4.263,-2.302,6.58,3.253,2.097,-2.0,11.37,-6.0,-5.0,1.653,0.675,-1.11,2.124,-5.999,1.603,-4.0,-0.131,0.0,0.0,0.0,0.0,0.0,0.0,0.0,0.0,0.0,0.0
GoldS210,XAUUSDc,3,-2.3707,-14.224,1,-0.4137,0.0,504,39.2857,1,5,150,0.015,2.0,1.0,0.0,0.5,15,1,-27.187,6,1,0,0,0.1,1,-18.042,3.818,0.0,0.0,0.0,0.0,0.0,1.389,-0.992,-1.404,-1.005,-4.0,-4.0,13.167,1.104,-4.0,0.438,-4.001,0.149,3.842,-0.592,-3.0,-1.439,-1.034,0.741,-2.172,1.941,0.997,0.314,0.559,-2.006,-4.0,-1.929,-4.0,0.681,-1.943,2.063,5.798,2.051,0.69,-0.604,-1.016,-3.0,1.121,0.345,-2.0,0.034,-1.931,-5.0,11.921,2.194,-4.042,-0.964,6.4,1.433,-2.018,0.02,-4.006,-2.007,-3.01,-3.0,1.269,0.009,-2.597,-3.0,-0.909,-1.012,-1.011,-0.448,1.819,-1.004,-3.001,1.156,-0.027,0.297,3.016,0.557,-2.0,-1.513,-3.0,-3.0,3.377,-0.777,0.631,-1.911,0.329,1.143,-0.021,-0.976,9.626,-2.421,-0.198,0.361,-0.13,0.061,-1.003,-1.0,-1.893,10.247,1.185,-4.0,1.038,2.076,4.319,-2.0,1.281,-1.041,-3.0,3.205,3.024,-5.0,-1.678,-1.976,-6.0,1.525,1.393,-1.994,0.164,-1.669,4.758,0.078,3.765,0.0,0.0,0.0,0.0,0.0,0.0,0.0,0.0,0.0,0.0
GoldS210,XAUUSDc,0,-2.9103,-17.462,1,-0.4951,0.0,503,39.5626,1,5,150,0.015,1.7,1.0,0.0,0.5,15,1,-29.578,6,1,0,0,0.1,1,-19.757,2.295,0.0,0.0,0.0,0.0,0.0,1.389,-0.996,-1.407,-1.005,-4.0,-4.0,12.315,1.053,-4.0,0.429,-4.001,0.145,2.803,-0.609,-3.0,-1.466,-1.034,0.709,-2.172,1.696,0.992,-0.218,0.559,-2.006,-4.0,-1.977,-4.0,0.515,-1.945,2.014,4.871,2.043,0.677,-0.855,-1.016,-3.0,1.119,0.345,-2.0,0.026,-1.931,-5.0,11.921,1.807,-4.042,-0.976,6.386,1.433,-2.027,-0.005,-4.006,-2.007,-3.01,0.026,1.269,0.009,-2.597,-3.0,-0.939,-0.012,-2.011,-0.448,1.818,-1.004,-3.001,1.142,-0.035,0.297,3.007,0.538,-2.0,-1.513,-3.0,-3.0,3.377,-0.787,0.526,-1.94,0.329,1.143,-0.034,-0.976,9.626,-2.421,-0.694,0.305,-0.16,0.02,-1.003,-1.0,-1.893,9.99,1.085,-4.0,1.028,2.05,4.319,-2.0,1.281,-1.041,-3.0,3.191,3.024,-5.0,-1.678,-1.976,-6.0,1.525,1.393,-2.002,0.164,-1.668,4.514,0.074,3.765,0.0,0.0,0.0,0.0,0.0,0.0,0.0,0.0,0.0,0.0
GoldS210,XAUUSDc,1,-9.7368,-58.421,1,-0.933,0.0,503,37.9722,1,5,210,0.015,1.7,1.0,0.0,0.5,15,1,-69.048,5,1,0,0,0.1,1,-43.46,-14.961,0.0,0.0,0.0,0.0,0.0,1.239,-0.996,-1.319,-1.005,-3.999,-4.0,-0.531,1.053,-4.0,1.005,-4.001,0.36,2.981,-1.045,-3.0,-1.575,-0.983,0.692,-5.0,1.653,0.972,0.812,1.17,-2.006,-4.0,-1.977,-4.0,0.459,-2.003,-0.842,4.559,-1.274,-0.798,-0.855,-1.016,-3.0,1.635,0.164,-2.0,0.026,-1.94,-5.0,3.824,-1.227,-4.042,-0.976,6.386,4.564,-2.027,-0.005,-4.006,-2.007,-3.01,0.026,1.338,0.35,1.737,-3.0,-0.939,-0.055,-2.011,-0.066,-0.968,1.263,-3.001,-0.971,-0.034,0.379,3.007,0.335,-2.0,-1.717,-3.0,-3.0,7.501,-0.903,0.908,-1.94,-4.0,1.331,-0.034,2.089,9.626,-2.514,1.345,0.534,-0.425,0.02,0.275,-1.0,-4.024,7.39,1.085,-4.0,1.028,2.05,-1.097,-2.0,1.132,-1.042,-3.0,0.59,3.024,-5.0,-1.567,-1.976,-6.0,1.386,1.656,-2.002,0.091,-1.779,1.104,0.107,-0.152,0.0,0.0,0.0,0.0,0.0,0.0,0.0,0.0,0.0,0.0
GoldS210,XAUUSDc,131,-19.6393,-117.836,1,-0.7477,0.0,468,15.5983,1,5,270,0.015,2.0,2.0,0.0,0.5,15,1,-141.954,14,1,0,0,0.4,0,-97.273,-20.563,0.0,0.0,0.0,0.0,0.0,2.478,2.814,-5.0,-1.001,-4.0,-4.0,-1.98,-0.006,-4.0,-3.0,-4.0,-2.999,-3.0,-3.0,-3.0,-6.0,-5.0,-4.0,-5.999,-4.0,-2.005,0.872,-3.0,-4.998,-5.0,-4.0,-4.0,-0.815,-0.838,-6.0,0.553,-5.0,-1.801,9.38,1.332,-3.0,0.983,1.396,-2.0,-2.0,-4.0,-4.0,4.867,-1.794,-0.723,-0.783,-0.943,-5.999,12.438,-1.0,-1.903,-4.0,-0.311,-3.0,-1.0,-2.663,2.175,-3.0,7.075,-4.0,-1.895,-1.407,-4.0,1.107,-5.999,-1.999,0.024,-3.0,0.192,-2.999,-3.0,-2.0,2.981,-1.975,-0.04,-4.0,-0.479,-3.998,5.614,0.386,3.679,-1.0,-1.791,-4.0,0.143,-4.0,-0.387,-1.173,-4.0,-6.0,3.328,-2.0,-5.0,-1.68,14.268,0.0,-6.0,-2.0,-2.0,-2.048,4.548,23.144,3.152,-2.0,22.137,-6.0,-5.0,2.503,-1.678,0.04,-0.803,-6.0,2.202,-3.999,-0.736,0.0,0.0,0.0,0.0,0.0,0.0,0.0,0.0,0.0,0.0
GoldS210,XAUUSDc,11,-5.8713,-35.228,1,-0.5482,0.0,490,31.4286,1,5,270,0.015,1.7,1.25,0.0,0.5,15,1,-47.035,8,1,0,0,0.1,1,-39.464,4.236,0.0,0.0,0.0,0.0,0.0,1.438,-0.503,0.277,-0.756,-4.999,-5.0,0.912,1.966,-4.0,0.7,-4.0,-3.0,-3.0,-3.0,-3.0,-1.596,-0.11,-1.472,-2.702,6.529,1.863,-1.899,-3.0,-2.712,-4.0,-1.621,-4.0,3.349,-1.747,-0.43,5.093,-3.607,-0.235,-0.398,3.073,-3.0,12.047,0.44,-2.0,0.312,-4.0,-5.0,1.305,2.551,-3.775,-0.452,0.617,6.731,-1.439,0.492,-3.503,-1.755,-5.0,0.386,1.966,-3.753,5.953,-3.0,-0.499,0.213,-1.348,-0.337,-1.669,0.27,-5.0,-0.654,0.492,-2.0,3.771,1.174,-2.0,-3.0,-4.0,-2.747,12.132,-0.218,6.131,-1.232,-4.0,3.198,0.515,-0.285,-1.474,-5.0,3.436,0.552,-0.628,-0.413,0.936,-1.0,-3.763,10.558,2.194,-4.0,1.798,3.355,8.581,-2.0,2.62,-0.801,-3.0,-1.096,5.663,-4.0,6.129,-3.691,-6.0,1.551,-0.498,-1.715,0.641,-3.763,-0.47,0.971,-0.344,0.0,0.0,0.0,0.0,0.0,0.0,0.0,0.0,0.0,0.0
GoldS210,XAUUSDc,10,-8.2852,-49.711,1,-0.8131,0.0,490,32.0408,1,5,210,0.015,1.7,1.25,0.0,0.5,15,1,-62.491,4,1,0,0,0.1,1,-42.968,-6.743,0.0,0.0,0.0,0.0,0.0,1.616,-0.503,-5.0,-0.756,-3.999,-6.0,0.43,1.966,-4.0,0.672,-4.0,1.087,-2.999,-3.0,-3.0,-1.389,-0.384,2.58,-5.0,9.653,2.001,-4.999,-3.0,-2.712,-4.0,-1.621,-4.0,3.187,-1.747,-1.106,5.145,-3.566,0.064,-0.398,-0.519,-3.0,2.502,0.508,-2.0,0.312,-4.0,-5.0,4.684,1.212,-3.774,-0.452,0.617,7.78,-1.743,0.492,-3.505,-1.755,-5.0,0.386,2.011,2.6,5.953,-3.0,-0.499,0.213,-1.418,0.944,-1.588,-0.266,-5.0,-0.654,0.492,0.828,3.771,1.336,-2.0,-3.0,-3.999,-2.747,12.132,-0.192,2.432,-1.232,-4.0,2.429,0.515,3.595,-1.474,-1.924,3.436,-0.579,0.037,-1.413,1.065,-1.0,-3.753,10.075,2.194,-4.0,1.798,3.387,-0.375,-2.0,0.287,-0.801,-3.0,-1.213,5.866,-5.0,-0.705,-3.691,-6.0,2.041,-0.498,-1.715,0.659,-3.763,2.031,1.022,0.672,0.0,0.0,0.0,0.0,0.0,0.0,0.0,0.0,0.0,0.0
GoldS210,XAUUSDc,120,-31.25,-62.5,3,-0.6371,0.0,474,20.4641,1,5,150,0.015,2.0,1.75,0.0,0.5,15,1,-78.209,12,1,0,0,0.4,0,-63.098,0.598,0.0,0.0,0.0,0.0,0.0,2.752,0.837,-4.0,-1.256,-3.0,-5.0,2.48,-0.256,-4.0,0.765,-4.0,-2.0,-3.0,-3.0,-3.0,-2.618,-2.316,-4.0,-1.084,1.088,-1.255,-2.211,-3.0,-4.999,-5.0,-4.0,-4.0,-0.84,-1.033,2.444,-0.7,-5.999,-4.998,4.374,0.477,-3.0,3.545,1.661,-2.0,-2.0,-4.0,-4.0,-0.675,9.763,-3.239,-2.897,-1.204,-6.0,9.081,-1.0,-2.28,-0.619,-1.284,-3.0,-1.0,16.236,-0.838,-3.0,5.217,-4.0,-1.253,2.749,0.263,-3.0,-5.999,4.194,-0.259,-2.0,7.965,0.848,-3.0,-2.0,2.097,-2.232,-0.848,-4.0,-0.585,-3.998,4.915,-1.59,1.572,-1.0,-3.394,-1.124,-4.999,-4.0,0.634,0.629,-2.133,-5.999,16.829,-2.0,1.138,-2.076,7.452,0.0,-2.89,-2.0,-2.0,-2.286,3.807,10.249,-1.157,-2.0,19.173,-7.0,-5.0,2.656,-1.951,-1.044,2.987,-6.0,5.678,-3.999,2.362,0.0,0.0,0.0,0.0,0.0,0.0,0.0,0.0,0.0,0.0
GoldS210,XAUUSDc,9,-9.696,-29.088,2,-0.5462,0.0,490,33.0612,1,5,150,0.015,1.7,1.25,0.0,0.5,15,1,-47.583,5,1,0,0,0.1,1,-29.296,0.208,0.0,0.0,0.0,0.0,0.0,1.842,-0.503,-2.328,-0.756,-4.0,-6.0,19.487,1.966,-4.0,-0.161,-4.0,0.908,-3.0,-3.0,-3.0,-1.122,-0.464,2.065,-1.508,9.704,2.444,-3.999,-3.0,-2.712,-4.0,-1.621,-4.0,3.364,-1.634,2.445,5.594,1.517,-2.505,-0.398,-0.519,-3.0,1.739,0.784,-2.0,0.312,-4.0,-5.0,-1.515,5.869,-3.774,-0.452,0.617,1.679,-1.743,0.492,-3.494,-1.692,-5.0,0.386,1.864,1.035,-2.01,-3.0,-0.499,0.289,-0.929,0.356,-1.406,-3.0,-5.0,1.82,0.491,0.716,3.771,1.644,-2.0,-3.0,-4.0,-2.747,5.125,0.02,1.987,-1.232,1.562,2.066,0.515,-0.243,-1.474,-1.725,1.13,-0.915,0.383,-1.413,-0.478,-1.0,-1.299,14.179,2.197,-4.0,1.798,3.424,-1.543,-2.0,0.287,-0.8,-3.0,1.459,3.202,-5.0,-0.854,-3.691,-6.0,2.221,-0.461,-1.715,0.765,-3.763,6.724,0.971,5.794,0.0,0.0,0.0,0.0,0.0,0.0,0.0,0.0,0.0,0.0
GoldS210,XAUUSDc,119,-12.336,-24.672,3,-0.4116,0.0,467,22.2698,1,5,270,0.015,1.7,1.75,0.0,0.5,15,1,-50.091,14,1,0,0,0.4,2,-35.708,11.036,0.0,0.0,0.0,0.0,0.0,2.077,0.665,-5.0,-1.255,-4.0,-4.0,3.498,-0.257,-4.0,-3.0,-4.0,-2.999,-3.0,-3.0,-3.0,10.841,-1.2,-0.268,-3.094,-1.19,-2.255,-0.44,-3.0,2.071,-5.0,-3.0,-4.0,-1.13,-1.268,-1.739,-1.049,-4.999,3.219,1.282,5.867,-3.0,-0.011,1.078,-2.0,-2.0,-4.0,-4.0,3.188,2.265,-1.952,2.644,-0.209,-6.0,9.421,-1.0,-2.484,-1.029,-0.973,1.14,-1.0,11.716,1.121,-3.0,31.428,-4.0,1.093,1.155,-0.768,0.804,-5.999,0.241,-0.259,-3.0,3.412,0.373,-3.0,-2.0,2.096,-2.232,-1.064,-4.0,0.016,-4.0,5.681,-1.925,0.421,-1.0,-3.871,-2.256,-2.161,-4.0,-1.002,1.508,-4.0,-6.0,16.551,-2.0,1.115,-2.137,5.53,0.0,0.423,-2.0,4.263,-2.302,3.807,3.253,2.097,-2.0,14.93,-6.0,-5.0,1.653,0.675,-1.11,2.124,-5.999,1.603,-4.0,-0.131,0.0,0.0,0.0,0.0,0.0,0.0,0.0,0.0,0.0,0.0
GoldS210,XAUUSDc,93,10.266,20.532,3,1.0115,25.11,498,42.5703,1,5,150,0.015,2.0,1.0,0.0,0.5,15,1,15.377,1,1,0,0,0.4,3,-1.851,22.383,0.0,0.0,0.0,0.0,0.0,1.389,-0.992,-0.404,-0.014,-3.0,0.313,4.491,1.104,-4.0,0.438,-4.001,0.149,3.842,-0.592,-3.0,-1.439,-1.034,0.741,-3.172,1.941,0.997,3.527,0.559,-2.006,-5.0,-1.929,-4.0,0.681,-1.943,2.063,5.798,2.024,3.406,-0.604,-1.016,-3.0,1.121,0.345,-2.0,0.034,-1.931,-4.0,5.787,2.194,-4.006,6.598,2.896,-0.684,1.465,-1.0,-4.006,-2.007,-1.077,-3.0,1.269,7.432,2.359,-3.0,7.946,3.519,-1.011,3.684,4.458,-1.004,0.27,4.77,-0.027,0.297,4.038,0.557,-3.0,-0.513,0.442,-3.0,3.114,-0.777,0.631,-1.911,1.451,0.143,-0.957,-1.0,0.304,-0.025,-2.204,-4.0,-1.13,0.061,-3.003,-1.163,7.641,0.135,2.219,-0.438,2.198,0.0,-0.994,-2.0,1.281,-3.041,1.585,1.999,0.007,3.146,4.415,-5.002,-5.0,0.525,5.571,-1.994,0.164,-2.669,2.015,0.078,0.625,0.0,0.0,0.0,0.0,0.0,0.0,0.0,0.0,0.0,0.0
GoldS210,XAUUSDc,117,-1.904,-2.856,4,-0.0651,0.0,468,23.0769,1,5,150,0.015,1.7,1.75,0.0,0.5,15,1,-28.275,13,1,0,0,0.4,2,-21.811,18.955,0.0,0.0,0.0,0.0,0.0,2.751,0.73,-4.0,-1.256,-3.0,-5.0,1.81,-0.257,-4.0,0.749,-4.0,-2.0,-3.0,-3.0,-3.0,11.791,0.876,-0.268,-1.089,-0.642,-1.255,-2.216,-3.0,2.071,-5.0,-3.0,-4.0,-0.854,-1.057,6.679,-0.726,1.463,0.397,1.282,0.477,-3.0,3.229,1.661,-2.0,-2.0,-4.0,-4.0,-0.715,4.157,-3.239,1.426,-0.209,-6.0,8.892,-1.0,-2.281,-0.815,-1.297,1.14,-1.0,15.622,-0.838,-3.0,31.637,-4.0,1.828,2.223,-0.268,-3.0,-6.0,3.54,-0.259,-2.0,6.319,0.544,-3.0,-2.0,2.096,-2.232,-1.027,-4.0,0.317,-5.0,4.915,-1.926,0.421,-1.0,-3.872,3.554,-4.999,-4.0,0.479,-0.015,-2.133,-5.999,16.551,-2.0,0.857,-2.118,5.586,0.0,-2.89,-2.0,-2.0,-2.286,3.807,3.251,-1.157,-2.0,18.123,-7.0,-5.0,2.63,-1.978,-1.11,2.327,-5.999,4.89,-4.0,3.328,0.0,0.0,0.0,0.0,0.0,0.0,0.0,0.0,0.0,0.0
