leg,sym,pass,score,nbpR,segpos,rf,oneop,ops,win,sizing,smaP,slowP,mult,step,tpR,trailR,half,mgmtTF,stack,extop1R,nmonster,addtrig,lineplace,nback,buffer,segpos_ex3,h1R,h2R,w0,w1,w2,w3,w4,w5,w6,w7,w8,w9,w10,w11,w12,w13,w14,w15,w16,w17,w18,w19,w20,w21,w22,w23,w24,w25,w26,w27,w28,w29,w30,w31,w32,w33,w34,w35,w36,w37,w38,w39,w40,w41,w42,w43,w44,w45,w46,w47,w48,w49,w50,w51,w52,w53,w54,w55,w56,w57,w58,w59,w60,w61,w62,w63,w64,w65,w66,w67,w68,w69,w70,w71,w72,w73,w74,w75,w76,w77,w78,w79,w80,w81,w82,w83,w84,w85,w86,w87,w88,w89,w90,w91,w92,w93,w94,w95,w96,w97,w98,w99,w100,w101,w102,w103,w104,w105,w106,w107,w108,w109,w110,w111,w112,w113,w114,w115,w116,w117,w118,w119,w120,w121,w122,w123,w124,w125,w126,w127,w128,w129
GoldS210,XAUUSDc,15,-2.9878,-17.927,1,-0.1703,0.0,507,14.3984,1,5,0,0.015,1.7,1.75,0.0,0.5,15,1,-173.75,14,0,1,3,0.0,0,40.401,-58.328,0.0,0.0,0.0,0.0,0.0,1.725,-3.257,-3.999,-1.258,-3.0,-6.0,-2.251,-0.258,-3.0,2.29,-4.252,-3.0,-4.998,-3.999,-3.0,-6.0,-4.999,-2.271,24.586,-5.0,-3.262,-1.621,-4.0,-3.998,-5.0,-4.0,-4.0,-1.262,-5.0,-3.259,-0.288,-5.999,3.205,-3.0,0.473,-3.0,-3.0,-4.999,-2.0,-3.0,-4.0,-3.0,-3.315,2.337,-2.262,152.573,-1.254,-6.0,-1.262,-1.0,-5.257,1.895,1.713,-5.0,0.699,32.533,-0.509,-3.0,-0.307,-4.0,-3.27,-5.0,-4.997,0.742,-5.999,12.883,-1.262,-1.999,-0.269,-4.0,-4.0,-4.0,-0.252,-2.254,-4.0,-5.0,2.216,-4.0,1.439,2.632,-3.0,-1.0,-7.0,-2.273,-2.257,-4.0,3.582,6.43,-1.053,-5.0,0.425,-3.0,-6.0,-4.0,0.832,0.0,2.131,-2.0,-3.0,-2.317,0.709,-3.292,-1.279,-2.0,-3.294,-5.999,-5.0,6.993,-3.291,-2.999,-0.497,-6.0,14.537,-3.999,-2.259,0.0,0.0,0.0,0.0,0.0,0.0,0.0,0.0,0.0,0.0
GoldS210,XAUUSDc,21,0.234,0.468,3,0.0198,2803.63,518,50.3861,1,5,0,0.015,1.7,0.75,0.0,0.5,15,1,-12.653,5,0,1,5,0.0,2,-14.78,15.248,0.0,0.0,0.0,0.0,0.0,0.739,-1.464,-0.927,2.232,1.243,-0.757,-1.506,2.64,-2.295,-0.507,-4.251,-3.999,-4.0,-0.508,-3.0,-0.798,-0.729,0.373,9.871,0.933,0.231,1.985,1.673,-2.259,-6.0,-1.257,-4.0,0.206,-2.397,-0.756,8.345,10.65,0.226,0.494,0.235,-3.0,0.484,-1.506,-0.254,0.497,-1.4,-3.0,-0.522,-1.391,-0.758,2.774,1.241,0.137,-0.509,-1.0,-4.507,-2.255,-0.677,-1.02,-0.257,3.262,0.221,-3.0,3.307,-2.246,-1.52,0.222,1.984,0.493,-2.509,2.238,5.586,-0.262,3.162,-0.13,8.376,-4.0,-1.251,-3.252,1.231,-1.525,1.253,-2.25,-0.54,-0.767,-1.261,-1.0,0.094,0.913,1.942,-2.323,1.555,0.962,-2.286,-2.512,2.684,-1.255,5.571,-2.253,0.224,0.0,-0.801,-2.0,-1.278,-3.284,0.478,2.889,-0.515,0.48,4.455,-0.78,-0.071,1.221,4.978,-0.232,0.242,2.653,-0.525,-0.506,0.183,0.0,0.0,0.0,0.0,0.0,0.0,0.0,0.0,0.0,0.0
GoldS210,XAUUSDc,16,-2.9878,-17.927,1,-0.1703,0.0,507,14.3984,1,5,0,0.015,2.0,1.75,0.0,0.5,15,1,-173.75,14,0,1,3,0.0,0,40.401,-58.328,0.0,0.0,0.0,0.0,0.0,1.725,-3.257,-3.999,-1.258,-3.0,-6.0,-2.251,-0.258,-3.0,2.29,-4.252,-3.0,-4.998,-3.999,-3.0,-6.0,-4.999,-2.271,24.586,-5.0,-3.262,-1.621,-4.0,-3.998,-5.0,-4.0,-4.0,-1.262,-5.0,-3.259,-0.288,-5.999,3.205,-3.0,0.473,-3.0,-3.0,-4.999,-2.0,-3.0,-4.0,-3.0,-3.315,2.337,-2.262,152.573,-1.254,-6.0,-1.262,-1.0,-5.257,1.895,1.713,-5.0,0.699,32.533,-0.509,-3.0,-0.307,-4.0,-3.27,-5.0,-4.997,0.742,-5.999,12.883,-1.262,-1.999,-0.269,-4.0,-4.0,-4.0,-0.252,-2.254,-4.0,-5.0,2.216,-4.0,1.439,2.632,-3.0,-1.0,-7.0,-2.273,-2.257,-4.0,3.582,6.43,-1.053,-5.0,0.425,-3.0,-6.0,-4.0,0.832,0.0,2.131,-2.0,-3.0,-2.317,0.709,-3.292,-1.279,-2.0,-3.294,-5.999,-5.0,6.993,-3.291,-2.999,-0.497,-6.0,14.537,-3.999,-2.259,0.0,0.0,0.0,0.0,0.0,0.0,0.0,0.0,0.0,0.0
GoldS210,XAUUSDc,59,-9.3375,-18.675,3,-0.402,0.0,521,51.4395,1,5,0,0.015,2.3,0.75,0.0,0.5,15,1,-33.774,1,0,1,9,0.0,2,-40.985,22.31,0.0,0.0,0.0,0.0,0.0,0.739,-1.481,-1.34,2.232,1.863,-0.757,-1.507,0.606,-2.295,-0.507,-4.251,-3.0,-3.244,-0.508,-3.0,-0.798,-0.59,2.103,-2.303,0.933,0.231,1.985,1.444,-2.259,-5.0,-0.549,-4.0,0.206,-2.485,-0.756,2.531,-0.19,0.226,0.494,0.235,-3.0,0.484,-1.506,-0.254,0.497,-0.498,-4.0,2.018,-1.391,-0.758,1.757,1.241,-0.299,-0.51,-1.0,-4.507,-2.255,-0.046,-3.186,-0.257,3.103,0.221,-3.0,3.007,-0.234,-0.77,0.222,1.984,0.493,-0.649,2.238,2.281,-0.262,2.989,-0.507,0.826,-4.0,-1.251,-3.252,1.231,-1.525,15.991,-2.25,-0.54,-0.767,-1.261,-1.0,-0.022,0.288,1.942,-2.323,1.669,3.293,-3.252,-2.512,2.684,-1.255,0.954,-2.253,0.224,0.0,-0.801,-2.0,-1.278,-3.284,0.478,2.225,-0.515,0.48,5.414,-0.78,-0.474,1.221,4.722,2.889,0.264,1.507,1.287,-0.506,0.183,0.0,0.0,0.0,0.0,0.0,0.0,0.0,0.0,0.0,0.0
GoldS210,XAUUSDc,12,24.4357,73.307,2,0.7849,172.04,509,18.8605,1,5,0,0.015,1.7,1.5,0.0,0.5,15,1,-52.811,17,0,1,3,0.0,1,69.831,3.476,0.0,0.0,0.0,0.0,0.0,1.479,-3.506,-3.999,-1.507,-3.0,-6.0,-0.016,-0.507,-3.0,1.321,-4.502,-3.0,-4.998,-3.999,-3.0,-6.0,-4.999,-2.518,12.817,-5.0,-0.847,-2.029,-4.0,5.074,-5.0,-4.0,-4.0,-1.51,-2.511,4.573,-1.513,-5.999,1.874,-3.0,-0.022,-3.0,-0.515,-4.999,-2.0,-3.0,-4.0,-3.0,-3.564,49.634,-2.51,122.618,-1.503,-6.0,-1.511,-1.0,-3.014,0.79,0.702,-5.0,0.486,25.95,-1.007,-3.0,18.647,-4.0,-0.649,-2.513,-4.997,0.493,-5.999,7.877,-1.51,6.415,13.534,-4.0,-4.0,-4.0,-0.501,-2.503,-1.509,-5.0,29.103,-4.0,0.944,2.721,0.781,-1.0,-7.0,-2.52,-2.506,-4.0,2.37,4.534,-1.619,-2.502,-0.068,-3.0,-6.0,-4.0,1.834,0.0,1.399,-2.0,-3.0,-2.559,0.465,-3.536,-1.525,-0.539,3.23,-5.999,-5.0,5.343,-1.041,-2.999,-0.876,-6.0,9.881,-3.999,-2.508,0.0,0.0,0.0,0.0,0.0,0.0,0.0,0.0,0.0,0.0
GoldS210,XAUUSDc,91,-4.9427,-14.828,2,-0.4153,0.0,533,65.1032,1,5,0,0.015,2.0,0.5,0.0,0.5,15,1,-15.389,0,0,1,5,0.25,2,-23.869,9.041,0.0,0.0,0.0,0.0,0.0,0.493,-0.01,-2.011,1.982,0.493,-0.009,-0.511,-0.011,-2.504,-1.004,-4.501,0.492,-1.003,-1.006,-1.504,-1.543,-0.57,1.486,1.482,-0.058,-0.513,2.486,0.494,-1.008,-1.52,-1.505,-4.0,-0.535,-1.513,-0.007,0.437,-0.005,-0.516,-0.004,-0.511,-1.501,-0.01,-0.014,0.996,1.491,-0.01,-3.0,-0.567,-1.132,-0.005,-0.012,1.994,-0.015,0.483,0.496,-5.005,-1.007,2.512,-2.007,-0.504,1.947,-0.525,-3.0,1.986,-0.514,-0.018,0.975,2.483,1.492,1.48,1.491,0.489,-0.508,1.989,-1.01,-1.034,-2.5,-0.005,-3.501,0.487,-1.523,0.493,-2.5,-1.036,-1.511,-1.508,-1.0,-1.041,0.918,2.461,-2.503,2.466,0.976,-0.552,-3.009,1.447,-0.004,1.964,-1.008,2.47,0.0,-0.043,-2.0,-0.035,-0.559,-0.015,-0.049,-1.01,1.474,2.96,3.428,-2.01,0.481,3.396,-0.011,2.443,2.937,0.483,-1.004,0.956,0.0,0.0,0.0,0.0,0.0,0.0,0.0,0.0,0.0,0.0
GoldS210,XAUUSDc,17,-2.9878,-17.927,1,-0.1703,0.0,507,14.3984,1,5,0,0.015,2.3,1.75,0.0,0.5,15,1,-173.75,14,0,1,3,0.0,0,40.401,-58.328,0.0,0.0,0.0,0.0,0.0,1.725,-3.257,-3.999,-1.258,-3.0,-6.0,-2.251,-0.258,-3.0,2.29,-4.252,-3.0,-4.998,-3.999,-3.0,-6.0,-4.999,-2.271,24.586,-5.0,-3.262,-1.621,-4.0,-3.998,-5.0,-4.0,-4.0,-1.262,-5.0,-3.259,-0.288,-5.999,3.205,-3.0,0.473,-3.0,-3.0,-4.999,-2.0,-3.0,-4.0,-3.0,-3.315,2.337,-2.262,152.573,-1.254,-6.0,-1.262,-1.0,-5.257,1.895,1.713,-5.0,0.699,32.533,-0.509,-3.0,-0.307,-4.0,-3.27,-5.0,-4.997,0.742,-5.999,12.883,-1.262,-1.999,-0.269,-4.0,-4.0,-4.0,-0.252,-2.254,-4.0,-5.0,2.216,-4.0,1.439,2.632,-3.0,-1.0,-7.0,-2.273,-2.257,-4.0,3.582,6.43,-1.053,-5.0,0.425,-3.0,-6.0,-4.0,0.832,0.0,2.131,-2.0,-3.0,-2.317,0.709,-3.292,-1.279,-2.0,-3.294,-5.999,-5.0,6.993,-3.291,-2.999,-0.497,-6.0,14.537,-3.999,-2.259,0.0,0.0,0.0,0.0,0.0,0.0,0.0,0.0,0.0,0.0
GoldS210,XAUUSDc,19,-4.9427,-14.828,2,-0.4153,0.0,533,65.1032,1,5,0,0.015,2.0,0.5,0.0,0.5,15,1,-15.389,0,0,1,5,0.0,2,-23.869,9.041,0.0,0.0,0.0,0.0,0.0,0.493,-0.01,-2.011,1.982,0.493,-0.009,-0.511,-0.011,-2.504,-1.004,-4.501,0.492,-1.003,-1.006,-1.504,-1.543,-0.57,1.486,1.482,-0.058,-0.513,2.486,0.494,-1.008,-1.52,-1.505,-4.0,-0.535,-1.513,-0.007,0.437,-0.005,-0.516,-0.004,-0.511,-1.501,-0.01,-0.014,0.996,1.491,-0.01,-3.0,-0.567,-1.132,-0.005,-0.012,1.994,-0.015,0.483,0.496,-5.005,-1.007,2.512,-2.007,-0.504,1.947,-0.525,-3.0,1.986,-0.514,-0.018,0.975,2.483,1.492,1.48,1.491,0.489,-0.508,1.989,-1.01,-1.034,-2.5,-0.005,-3.501,0.487,-1.523,0.493,-2.5,-1.036,-1.511,-1.508,-1.0,-1.041,0.918,2.461,-2.503,2.466,0.976,-0.552,-3.009,1.447,-0.004,1.964,-1.008,2.47,0.0,-0.043,-2.0,-0.035,-0.559,-0.015,-0.049,-1.01,1.474,2.96,3.428,-2.01,0.481,3.396,-0.011,2.443,2.937,0.483,-1.004,0.956,0.0,0.0,0.0,0.0,0.0,0.0,0.0,0.0,0.0,0.0
GoldS210,XAUUSDc,14,24.44,73.32,2,0.7851,172.01,509,18.8605,1,5,0,0.015,2.3,1.5,0.0,0.5,15,1,-52.798,17,0,1,3,0.0,1,69.844,3.476,0.0,0.0,0.0,0.0,0.0,1.479,-3.506,-3.999,-1.507,-3.0,-6.0,-0.016,-0.507,-3.0,1.321,-4.502,-3.0,-4.998,-3.999,-3.0,-6.0,-4.999,-2.518,12.817,-5.0,-0.847,-2.029,-4.0,5.074,-5.0,-4.0,-4.0,-1.51,-2.511,4.586,-1.513,-5.999,1.874,-3.0,-0.022,-3.0,-0.515,-4.999,-2.0,-3.0,-4.0,-3.0,-3.564,49.634,-2.51,122.618,-1.503,-6.0,-1.511,-1.0,-3.014,0.79,0.702,-5.0,0.486,25.95,-1.007,-3.0,18.647,-4.0,-0.649,-2.513,-4.997,0.493,-5.999,7.877,-1.51,6.415,13.534,-4.0,-4.0,-4.0,-0.501,-2.503,-1.509,-5.0,29.103,-4.0,0.944,2.721,0.781,-1.0,-7.0,-2.52,-2.506,-4.0,2.37,4.534,-1.619,-2.502,-0.068,-3.0,-6.0,-4.0,1.834,0.0,1.399,-2.0,-3.0,-2.559,0.465,-3.536,-1.525,-0.539,3.23,-5.999,-5.0,5.343,-1.041,-2.999,-0.876,-6.0,9.881,-3.999,-2.508,0.0,0.0,0.0,0.0,0.0,0.0,0.0,0.0,0.0,0.0
GoldS210,XAUUSDc,27,8.839,17.678,3,0.5461,137.97,502,29.6813,1,5,0,0.015,1.7,1.25,0.0,0.5,15,1,-6.713,13,0,1,5,0.0,2,-9.657,27.335,0.0,0.0,0.0,0.0,0.0,1.232,-2.397,11.138,-0.756,-4.0,-6.0,-0.512,13.342,-3.0,-0.753,-4.752,-3.999,-4.0,-4.0,-3.0,-3.752,1.649,-3.766,19.392,5.116,-1.518,-2.504,-1.752,-1.76,-6.0,-3.0,-4.0,-2.759,-2.759,3.774,0.285,15.992,0.257,2.707,-0.519,-3.0,-0.763,-2.757,-2.0,4.528,-2.365,-3.0,-1.565,1.512,-2.758,15.059,2.92,-3.761,-1.758,-1.0,-3.512,-1.758,-3.545,-3.999,0.239,18.866,-0.505,-3.0,11.215,-4.0,-0.533,1.702,-0.509,0.244,-3.757,1.489,10.109,8.736,3.23,-0.816,-1.758,-4.0,-0.751,-2.753,0.492,-5.0,8.908,-4.0,0.449,3.699,-0.769,-1.0,-4.773,-2.767,1.36,-4.0,-0.744,2.053,-1.771,-2.752,5.072,0.716,-0.513,-1.755,9.538,0.0,0.666,-2.0,-0.734,-2.801,0.221,5.894,-1.771,1.466,3.159,-3.734,-5.0,0.851,3.485,-4.0,-0.431,-6.0,2.94,0.04,-0.568,0.0,0.0,0.0,0.0,0.0,0.0,0.0,0.0,0.0,0.0
GoldS210,XAUUSDc,23,0.239,0.478,3,0.0203,2744.98,518,50.3861,1,5,0,0.015,2.3,0.75,0.0,0.5,15,1,-12.643,5,0,1,5,0.0,2,-14.77,15.248,0.0,0.0,0.0,0.0,0.0,0.739,-1.464,-0.927,2.232,1.243,-0.757,-1.506,2.64,-2.295,-0.507,-4.251,-3.999,-4.0,-0.508,-3.0,-0.798,-0.729,0.373,9.871,0.933,0.231,1.985,1.673,-2.259,-6.0,-1.257,-4.0,0.206,-2.397,-0.756,8.345,10.66,0.226,0.494,0.235,-3.0,0.484,-1.506,-0.254,0.497,-1.4,-3.0,-0.522,-1.391,-0.758,2.774,1.241,0.137,-0.509,-1.0,-4.507,-2.255,-0.677,-1.02,-0.257,3.262,0.221,-3.0,3.307,-2.246,-1.52,0.222,1.984,0.493,-2.509,2.238,5.586,-0.262,3.162,-0.13,8.376,-4.0,-1.251,-3.252,1.231,-1.525,1.253,-2.25,-0.54,-0.767,-1.261,-1.0,0.094,0.913,1.942,-2.323,1.555,0.962,-2.286,-2.512,2.684,-1.255,5.571,-2.253,0.224,0.0,-0.801,-2.0,-1.278,-3.284,0.478,2.889,-0.515,0.48,4.455,-0.78,-0.071,1.221,4.978,-0.232,0.242,2.653,-0.525,-0.506,0.183,0.0,0.0,0.0,0.0,0.0,0.0,0.0,0.0,0.0,0.0
GoldS210,XAUUSDc,92,-4.9427,-14.828,2,-0.4153,0.0,533,65.1032,1,5,0,0.015,2.3,0.5,0.0,0.5,15,1,-15.389,0,0,1,5,0.25,2,-23.869,9.041,0.0,0.0,0.0,0.0,0.0,0.493,-0.01,-2.011,1.982,0.493,-0.009,-0.511,-0.011,-2.504,-1.004,-4.501,0.492,-1.003,-1.006,-1.504,-1.543,-0.57,1.486,1.482,-0.058,-0.513,2.486,0.494,-1.008,-1.52,-1.505,-4.0,-0.535,-1.513,-0.007,0.437,-0.005,-0.516,-0.004,-0.511,-1.501,-0.01,-0.014,0.996,1.491,-0.01,-3.0,-0.567,-1.132,-0.005,-0.012,1.994,-0.015,0.483,0.496,-5.005,-1.007,2.512,-2.007,-0.504,1.947,-0.525,-3.0,1.986,-0.514,-0.018,0.975,2.483,1.492,1.48,1.491,0.489,-0.508,1.989,-1.01,-1.034,-2.5,-0.005,-3.501,0.487,-1.523,0.493,-2.5,-1.036,-1.511,-1.508,-1.0,-1.041,0.918,2.461,-2.503,2.466,0.976,-0.552,-3.009,1.447,-0.004,1.964,-1.008,2.47,0.0,-0.043,-2.0,-0.035,-0.559,-0.015,-0.049,-1.01,1.474,2.96,3.428,-2.01,0.481,3.396,-0.011,2.443,2.937,0.483,-1.004,0.956,0.0,0.0,0.0,0.0,0.0,0.0,0.0,0.0,0.0,0.0
GoldS210,XAUUSDc,183,-3.285,-9.855,2,-0.3164,0.0,520,53.6538,1,5,0,0.015,1.7,0.75,0.0,0.5,15,1,-12.038,0,0,1,7,0.5,2,-22.715,12.86,0.0,0.0,0.0,0.0,0.0,0.739,-1.48,-1.254,2.232,2.018,-0.757,0.628,1.163,-2.295,-0.507,-4.251,-0.871,-2.167,-0.508,-3.0,-0.798,-1.01,2.445,0.191,0.933,0.231,1.985,1.358,-2.259,-3.251,0.04,-4.0,0.206,-2.488,-0.756,2.091,3.095,0.226,0.494,0.235,-3.0,0.484,-1.506,-0.254,0.497,-0.349,-4.0,3.418,-1.391,-0.758,1.438,1.241,-0.446,-0.51,-1.0,-4.507,-2.255,0.087,-0.518,-0.257,2.891,0.221,-3.0,3.121,1.179,-0.77,0.222,3.866,0.493,-0.759,2.238,1.907,-0.262,3.016,-0.47,-0.019,-3.999,-1.251,-3.252,1.231,-1.525,2.702,-2.25,-0.54,-0.767,-1.261,-1.0,-0.004,0.433,1.942,-2.323,1.235,3.163,-3.252,-2.512,2.684,-1.255,3.834,-2.253,1.985,0.0,-0.801,-2.0,-1.278,-3.284,0.478,2.568,-0.515,0.48,5.19,-0.78,-0.861,1.221,4.705,1.481,0.242,1.482,1.429,-0.506,0.183,0.0,0.0,0.0,0.0,0.0,0.0,0.0,0.0,0.0,0.0
GoldS210,XAUUSDc,148,-5.338,-16.014,2,-0.4588,0.0,521,52.3992,1,5,0,0.015,2.0,0.75,0.0,0.5,15,1,-18.197,0,0,1,3,0.5,2,-25.903,9.889,0.0,0.0,0.0,0.0,0.0,0.739,-2.505,-1.145,2.232,2.018,-0.757,0.628,1.163,-2.295,-0.507,-4.251,-0.871,-4.0,-0.508,-3.0,-0.798,-1.219,2.445,0.667,0.933,0.231,1.985,2.016,-2.259,-5.0,0.04,-4.0,0.206,-2.488,-0.756,2.091,3.095,0.226,0.494,0.235,-3.0,0.484,-1.506,-0.254,0.497,-0.429,-4.0,3.291,-1.391,-0.758,1.697,1.241,-0.257,-0.51,-1.0,-4.507,-2.255,0.725,-0.276,-0.257,3.166,0.221,-3.0,3.279,1.179,-0.77,0.222,1.984,0.493,-2.509,2.238,2.12,-0.262,3.509,0.114,-0.019,-3.999,-1.251,-3.252,1.231,-1.525,2.702,-2.25,-0.54,-0.767,-1.261,-1.0,0.115,0.868,1.942,-2.323,1.989,3.163,-3.252,-2.512,2.684,-1.255,3.977,-2.253,0.224,0.0,-0.801,-2.0,-1.278,-3.284,0.478,2.568,-0.515,0.48,5.19,-0.78,-0.861,1.221,3.872,2.577,0.445,1.482,-0.525,-0.506,0.183,0.0,0.0,0.0,0.0,0.0,0.0,0.0,0.0,0.0,0.0
GoldS210,XAUUSDc,55,-4.9627,-14.888,2,-0.4163,0.0,533,65.1032,1,5,0,0.015,2.0,0.5,0.0,0.5,15,1,-15.389,0,0,1,9,0.0,2,-23.929,9.041,0.0,0.0,0.0,0.0,0.0,0.493,-0.01,-2.011,1.982,0.493,-0.009,-0.511,-0.011,-2.504,-1.004,-4.501,0.492,-1.003,-1.006,-1.504,-1.543,-0.57,1.486,1.482,-0.058,-0.513,2.486,0.494,-1.008,-1.52,-1.505,-4.0,-0.535,-1.513,-0.007,0.437,-0.005,-0.516,-0.004,-0.511,-1.501,-0.01,-0.014,0.996,1.491,-0.01,-3.0,-0.567,-1.132,-0.005,-0.012,1.994,-0.015,0.483,0.496,-5.005,-1.007,2.452,-2.007,-0.504,1.947,-0.525,-3.0,1.986,-0.514,-0.018,0.975,2.483,1.492,1.48,1.491,0.489,-0.508,1.989,-1.01,-1.034,-2.5,-0.005,-3.501,0.487,-1.523,0.493,-2.5,-1.036,-1.511,-1.508,-1.0,-1.041,0.918,2.461,-2.503,2.466,0.976,-0.552,-3.009,1.447,-0.004,1.964,-1.008,2.47,0.0,-0.043,-2.0,-0.035,-0.559,-0.015,-0.049,-1.01,1.474,2.96,3.428,-2.01,0.481,3.396,-0.011,2.443,2.937,0.483,-1.004,0.956,0.0,0.0,0.0,0.0,0.0,0.0,0.0,0.0,0.0,0.0
GoldS210,XAUUSDc,122,3.1545,6.309,3,0.0945,295.48,502,24.7012,1,5,0,0.015,2.3,1.5,0.0,0.5,15,1,-12.333,21,0,1,7,0.25,1,-31.416,37.725,0.0,0.0,0.0,0.0,0.0,1.479,4.421,-4.0,-1.508,-3.0,-6.0,7.461,-0.507,-3.0,-0.39,-4.502,-3.0,-5.0,-4.0,-3.0,-3.269,-1.095,-3.519,-2.495,2.314,-0.964,-2.499,-3.0,2.139,-5.0,-4.0,-4.0,-2.51,-2.511,9.121,7.089,-6.0,0.211,-3.0,8.38,-3.0,-0.515,-3.999,-3.0,-3.0,-3.0,-4.0,17.402,6.797,-2.51,23.035,-1.503,-3.097,-1.511,-1.0,-3.014,-0.121,-1.712,-5.0,0.486,10.713,-1.007,-3.0,5.94,-4.0,-0.997,3.058,3.726,0.493,7.575,4.126,18.132,5.425,3.812,4.484,-4.0,-4.0,-0.501,-2.503,-1.508,7.251,7.125,14.816,0.944,-0.643,0.069,-1.0,-3.363,-2.521,5.254,-4.0,-1.128,3.244,-2.492,-2.502,-0.068,-2.0,-1.535,-4.0,1.515,0.0,1.399,-2.0,-3.0,-2.559,0.465,0.931,-1.526,-0.539,0.343,-1.572,-5.0,1.224,-0.041,-4.0,1.571,-5.0,1.602,-3.999,-1.508,0.0,0.0,0.0,0.0,0.0,0.0,0.0,0.0,0.0,0.0
GoldS210,XAUUSDc,164,-4.9427,-14.828,2,-0.4153,0.0,533,65.1032,1,5,0,0.015,2.3,0.5,0.0,0.5,15,1,-15.389,0,0,1,5,0.5,2,-23.869,9.041,0.0,0.0,0.0,0.0,0.0,0.493,-0.01,-2.011,1.982,0.493,-0.009,-0.511,-0.011,-2.504,-1.004,-4.501,0.492,-1.003,-1.006,-1.504,-1.543,-0.57,1.486,1.482,-0.058,-0.513,2.486,0.494,-1.008,-1.52,-1.505,-4.0,-0.535,-1.513,-0.007,0.437,-0.005,-0.516,-0.004,-0.511,-1.501,-0.01,-0.014,0.996,1.491,-0.01,-3.0,-0.567,-1.132,-0.005,-0.012,1.994,-0.015,0.483,0.496,-5.005,-1.007,2.512,-2.007,-0.504,1.947,-0.525,-3.0,1.986,-0.514,-0.018,0.975,2.483,1.492,1.48,1.491,0.489,-0.508,1.989,-1.01,-1.034,-2.5,-0.005,-3.501,0.487,-1.523,0.493,-2.5,-1.036,-1.511,-1.508,-1.0,-1.041,0.918,2.461,-2.503,2.466,0.976,-0.552,-3.009,1.447,-0.004,1.964,-1.008,2.47,0.0,-0.043,-2.0,-0.035,-0.559,-0.015,-0.049,-1.01,1.474,2.96,3.428,-2.01,0.481,3.396,-0.011,2.443,2.937,0.483,-1.004,0.956,0.0,0.0,0.0,0.0,0.0,0.0,0.0,0.0,0.0,0.0
GoldS210,XAUUSDc,18,-4.9427,-14.828,2,-0.4153,0.0,533,65.1032,1,5,0,0.015,1.7,0.5,0.0,0.5,15,1,-15.389,0,0,1,5,0.0,2,-23.869,9.041,0.0,0.0,0.0,0.0,0.0,0.493,-0.01,-2.011,1.982,0.493,-0.009,-0.511,-0.011,-2.504,-1.004,-4.501,0.492,-1.003,-1.006,-1.504,-1.543,-0.57,1.486,1.482,-0.058,-0.513,2.486,0.494,-1.008,-1.52,-1.505,-4.0,-0.535,-1.513,-0.007,0.437,-0.005,-0.516,-0.004,-0.511,-1.501,-0.01,-0.014,0.996,1.491,-0.01,-3.0,-0.567,-1.132,-0.005,-0.012,1.994,-0.015,0.483,0.496,-5.005,-1.007,2.512,-2.007,-0.504,1.947,-0.525,-3.0,1.986,-0.514,-0.018,0.975,2.483,1.492,1.48,1.491,0.489,-0.508,1.989,-1.01,-1.034,-2.5,-0.005,-3.501,0.487,-1.523,0.493,-2.5,-1.036,-1.511,-1.508,-1.0,-1.041,0.918,2.461,-2.503,2.466,0.976,-0.552,-3.009,1.447,-0.004,1.964,-1.008,2.47,0.0,-0.043,-2.0,-0.035,-0.559,-0.015,-0.049,-1.01,1.474,2.96,3.428,-2.01,0.481,3.396,-0.011,2.443,2.937,0.483,-1.004,0.956,0.0,0.0,0.0,0.0,0.0,0.0,0.0,0.0,0.0,0.0
GoldS210,XAUUSDc,56,-4.9627,-14.888,2,-0.4163,0.0,533,65.1032,1,5,0,0.015,2.3,0.5,0.0,0.5,15,1,-15.389,0,0,1,9,0.0,2,-23.929,9.041,0.0,0.0,0.0,0.0,0.0,0.493,-0.01,-2.011,1.982,0.493,-0.009,-0.511,-0.011,-2.504,-1.004,-4.501,0.492,-1.003,-1.006,-1.504,-1.543,-0.57,1.486,1.482,-0.058,-0.513,2.486,0.494,-1.008,-1.52,-1.505,-4.0,-0.535,-1.513,-0.007,0.437,-0.005,-0.516,-0.004,-0.511,-1.501,-0.01,-0.014,0.996,1.491,-0.01,-3.0,-0.567,-1.132,-0.005,-0.012,1.994,-0.015,0.483,0.496,-5.005,-1.007,2.452,-2.007,-0.504,1.947,-0.525,-3.0,1.986,-0.514,-0.018,0.975,2.483,1.492,1.48,1.491,0.489,-0.508,1.989,-1.01,-1.034,-2.5,-0.005,-3.501,0.487,-1.523,0.493,-2.5,-1.036,-1.511,-1.508,-1.0,-1.041,0.918,2.461,-2.503,2.466,0.976,-0.552,-3.009,1.447,-0.004,1.964,-1.008,2.47,0.0,-0.043,-2.0,-0.035,-0.559,-0.015,-0.049,-1.01,1.474,2.96,3.428,-2.01,0.481,3.396,-0.011,2.443,2.937,0.483,-1.004,0.956,0.0,0.0,0.0,0.0,0.0,0.0,0.0,0.0,0.0,0.0
GoldS210,XAUUSDc,110,-4.9377,-14.813,2,-0.415,0.0,533,65.1032,1,5,0,0.015,2.3,0.5,0.0,0.5,15,1,-15.389,0,0,1,7,0.25,2,-23.854,9.041,0.0,0.0,0.0,0.0,0.0,0.493,-0.01,-2.011,1.982,0.493,-0.009,-0.511,-0.011,-2.504,-1.004,-4.501,0.492,-1.003,-1.006,-1.504,-1.543,-0.57,1.486,1.482,-0.058,-0.513,2.486,0.494,-1.008,-1.52,-1.505,-4.0,-0.535,-1.513,-0.007,0.437,-0.005,-0.516,-0.004,-0.511,-1.501,-0.01,-0.014,0.996,1.491,-0.01,-3.0,-0.567,-1.132,-0.005,-0.012,1.994,-0.015,0.483,0.496,-5.005,-1.007,2.527,-2.007,-0.504,1.947,-0.525,-3.0,1.986,-0.514,-0.018,0.975,2.483,1.492,1.48,1.491,0.489,-0.508,1.989,-1.01,-1.034,-2.5,-0.005,-3.501,0.487,-1.523,0.493,-2.5,-1.036,-1.511,-1.508,-1.0,-1.041,0.918,2.461,-2.503,2.466,0.976,-0.552,-3.009,1.447,-0.004,1.964,-1.008,2.47,0.0,-0.043,-2.0,-0.035,-0.559,-0.015,-0.049,-1.01,1.474,2.96,3.428,-2.01,0.481,3.396,-0.011,2.443,2.937,0.483,-1.004,0.956,0.0,0.0,0.0,0.0,0.0,0.0,0.0,0.0,0.0,0.0
GoldS210,XAUUSDc,101,0.4475,0.895,3,0.0138,1459.66,509,29.4695,1,5,0,0.015,2.3,1.25,0.0,0.5,15,1,-12.169,18,0,1,5,0.25,2,-21.511,22.406,0.0,0.0,0.0,0.0,0.0,1.232,2.058,4.791,-1.756,-3.0,-6.0,5.404,11.765,-3.0,-0.753,-4.752,-3.0,-5.0,-4.0,-3.0,-3.752,1.649,-3.766,0.273,8.163,-1.518,-2.505,-0.752,-0.711,-5.0,-4.0,-4.0,-2.759,-2.759,3.774,0.285,-6.0,0.257,-3.0,-0.519,-3.0,-0.763,-2.757,-2.0,-0.753,-2.365,-3.0,13.499,7.121,-2.757,20.49,2.92,-3.761,-1.759,-1.0,-3.512,-1.758,-2.315,-5.0,0.239,8.448,-0.505,-3.0,6.664,4.304,-1.533,1.702,-0.509,0.244,-3.757,1.489,11.843,4.208,3.23,2.432,-1.758,-4.0,-0.751,-2.753,7.329,2.233,14.494,-4.0,0.449,3.699,-0.769,-1.0,-4.773,-2.767,2.985,-4.0,-0.744,5.959,-2.461,-2.752,5.072,0.716,3.174,-1.755,0.169,0.0,0.666,-2.0,-3.0,-2.801,0.221,4.894,-1.771,1.466,3.247,-6.0,-5.0,0.851,2.485,-3.0,-0.431,-6.0,-1.778,0.04,-0.568,0.0,0.0,0.0,0.0,0.0,0.0,0.0,0.0,0.0,0.0
GoldS210,XAUUSDc,38,-4.9377,-14.813,2,-0.415,0.0,533,65.1032,1,5,0,0.015,2.3,0.5,0.0,0.5,15,1,-15.389,0,0,1,7,0.0,2,-23.854,9.041,0.0,0.0,0.0,0.0,0.0,0.493,-0.01,-2.011,1.982,0.493,-0.009,-0.511,-0.011,-2.504,-1.004,-4.501,0.492,-1.003,-1.006,-1.504,-1.543,-0.57,1.486,1.482,-0.058,-0.513,2.486,0.494,-1.008,-1.52,-1.505,-4.0,-0.535,-1.513,-0.007,0.437,-0.005,-0.516,-0.004,-0.511,-1.501,-0.01,-0.014,0.996,1.491,-0.01,-3.0,-0.567,-1.132,-0.005,-0.012,1.994,-0.015,0.483,0.496,-5.005,-1.007,2.527,-2.007,-0.504,1.947,-0.525,-3.0,1.986,-0.514,-0.018,0.975,2.483,1.492,1.48,1.491,0.489,-0.508,1.989,-1.01,-1.034,-2.5,-0.005,-3.501,0.487,-1.523,0.493,-2.5,-1.036,-1.511,-1.508,-1.0,-1.041,0.918,2.461,-2.503,2.466,0.976,-0.552,-3.009,1.447,-0.004,1.964,-1.008,2.47,0.0,-0.043,-2.0,-0.035,-0.559,-0.015,-0.049,-1.01,1.474,2.96,3.428,-2.01,0.481,3.396,-0.011,2.443,2.937,0.483,-1.004,0.956,0.0,0.0,0.0,0.0,0.0,0.0,0.0,0.0,0.0,0.0
GoldS210,XAUUSDc,72,-4.7407,-14.222,2,-0.4052,0.0,533,65.1032,1,5,0,0.015,1.7,0.5,0.0,0.5,15,1,-15.389,0,0,1,3,0.25,2,-23.263,9.041,0.0,0.0,0.0,0.0,0.0,0.493,-0.01,-2.011,1.982,0.493,-0.009,-0.511,-0.011,-2.504,-1.004,-4.501,0.492,-1.003,-1.006,-1.504,-1.543,-0.57,1.486,1.482,-0.058,-0.513,2.486,0.494,-1.008,-1.52,-1.505,-4.0,-0.535,-1.513,-0.007,0.437,-0.005,-0.516,-0.004,-0.511,-1.501,-0.01,-0.014,0.996,1.491,-0.01,-3.0,-0.567,-1.132,-0.005,-0.012,1.994,-0.015,0.483,0.496,-5.005,-1.007,3.118,-2.007,-0.504,1.947,-0.525,-3.0,1.986,-0.514,-0.018,0.975,2.483,1.492,1.48,1.491,0.489,-0.508,1.989,-1.01,-1.034,-2.5,-0.005,-3.501,0.487,-1.523,0.493,-2.5,-1.036,-1.511,-1.508,-1.0,-1.041,0.918,2.461,-2.503,2.466,0.976,-0.552,-3.009,1.447,-0.004,1.964,-1.008,2.47,0.0,-0.043,-2.0,-0.035,-0.559,-0.015,-0.049,-1.01,1.474,2.96,3.428,-2.01,0.481,3.396,-0.011,2.443,2.937,0.483,-1.004,0.956,0.0,0.0,0.0,0.0,0.0,0.0,0.0,0.0,0.0,0.0
GoldS210,XAUUSDc,13,24.4373,73.312,2,0.785,172.03,509,18.8605,1,5,0,0.015,2.0,1.5,0.0,0.5,15,1,-52.806,17,0,1,3,0.0,1,69.836,3.476,0.0,0.0,0.0,0.0,0.0,1.479,-3.506,-3.999,-1.507,-3.0,-6.0,-0.016,-0.507,-3.0,1.321,-4.502,-3.0,-4.998,-3.999,-3.0,-6.0,-4.999,-2.518,12.817,-5.0,-0.847,-2.029,-4.0,5.074,-5.0,-4.0,-4.0,-1.51,-2.511,4.578,-1.513,-5.999,1.874,-3.0,-0.022,-3.0,-0.515,-4.999,-2.0,-3.0,-4.0,-3.0,-3.564,49.634,-2.51,122.618,-1.503,-6.0,-1.511,-1.0,-3.014,0.79,0.702,-5.0,0.486,25.95,-1.007,-3.0,18.647,-4.0,-0.649,-2.513,-4.997,0.493,-5.999,7.877,-1.51,6.415,13.534,-4.0,-4.0,-4.0,-0.501,-2.503,-1.509,-5.0,29.103,-4.0,0.944,2.721,0.781,-1.0,-7.0,-2.52,-2.506,-4.0,2.37,4.534,-1.619,-2.502,-0.068,-3.0,-6.0,-4.0,1.834,0.0,1.399,-2.0,-3.0,-2.559,0.465,-3.536,-1.525,-0.539,3.23,-5.999,-5.0,5.343,-1.041,-2.999,-0.876,-6.0,9.881,-3.999,-2.508,0.0,0.0,0.0,0.0,0.0,0.0,0.0,0.0,0.0,0.0
GoldS210,XAUUSDc,22,0.2365,0.473,3,0.0201,2774.0,518,50.3861,1,5,0,0.015,2.0,0.75,0.0,0.5,15,1,-12.648,5,0,1,5,0.0,2,-14.775,15.248,0.0,0.0,0.0,0.0,0.0,0.739,-1.464,-0.927,2.232,1.243,-0.757,-1.506,2.64,-2.295,-0.507,-4.251,-3.999,-4.0,-0.508,-3.0,-0.798,-0.729,0.373,9.871,0.933,0.231,1.985,1.673,-2.259,-6.0,-1.257,-4.0,0.206,-2.397,-0.756,8.345,10.655,0.226,0.494,0.235,-3.0,0.484,-1.506,-0.254,0.497,-1.4,-3.0,-0.522,-1.391,-0.758,2.774,1.241,0.137,-0.509,-1.0,-4.507,-2.255,-0.677,-1.02,-0.257,3.262,0.221,-3.0,3.307,-2.246,-1.52,0.222,1.984,0.493,-2.509,2.238,5.586,-0.262,3.162,-0.13,8.376,-4.0,-1.251,-3.252,1.231,-1.525,1.253,-2.25,-0.54,-0.767,-1.261,-1.0,0.094,0.913,1.942,-2.323,1.555,0.962,-2.286,-2.512,2.684,-1.255,5.571,-2.253,0.224,0.0,-0.801,-2.0,-1.278,-3.284,0.478,2.889,-0.515,0.48,4.455,-0.78,-0.071,1.221,4.978,-0.232,0.242,2.653,-0.525,-0.506,0.183,0.0,0.0,0.0,0.0,0.0,0.0,0.0,0.0,0.0,0.0
GoldS210,XAUUSDc,127,-4.9627,-14.888,2,-0.4163,0.0,533,65.1032,1,5,0,0.015,2.0,0.5,0.0,0.5,15,1,-15.389,0,0,1,9,0.25,2,-23.929,9.041,0.0,0.0,0.0,0.0,0.0,0.493,-0.01,-2.011,1.982,0.493,-0.009,-0.511,-0.011,-2.504,-1.004,-4.501,0.492,-1.003,-1.006,-1.504,-1.543,-0.57,1.486,1.482,-0.058,-0.513,2.486,0.494,-1.008,-1.52,-1.505,-4.0,-0.535,-1.513,-0.007,0.437,-0.005,-0.516,-0.004,-0.511,-1.501,-0.01,-0.014,0.996,1.491,-0.01,-3.0,-0.567,-1.132,-0.005,-0.012,1.994,-0.015,0.483,0.496,-5.005,-1.007,2.452,-2.007,-0.504,1.947,-0.525,-3.0,1.986,-0.514,-0.018,0.975,2.483,1.492,1.48,1.491,0.489,-0.508,1.989,-1.01,-1.034,-2.5,-0.005,-3.501,0.487,-1.523,0.493,-2.5,-1.036,-1.511,-1.508,-1.0,-1.041,0.918,2.461,-2.503,2.466,0.976,-0.552,-3.009,1.447,-0.004,1.964,-1.008,2.47,0.0,-0.043,-2.0,-0.035,-0.559,-0.015,-0.049,-1.01,1.474,2.96,3.428,-2.01,0.481,3.396,-0.011,2.443,2.937,0.483,-1.004,0.956,0.0,0.0,0.0,0.0,0.0,0.0,0.0,0.0,0.0,0.0
GoldS210,XAUUSDc,187,0.717,1.434,3,0.0544,224.2,512,44.3359,1,5,0,0.015,2.0,1.0,0.0,0.5,15,1,-1.781,0,0,1,7,0.5,2,-18.188,19.622,0.0,0.0,0.0,0.0,0.0,0.986,-0.883,-0.235,0.986,-0.905,-1.096,1.89,2.421,-1.047,-0.009,-4.001,-3.0,-1.887,-4.0,-3.0,-0.162,-0.052,4.17,-0.546,2.025,0.146,1.471,2.152,-2.012,-5.0,-1.026,-4.0,0.734,-3.008,2.588,4.105,5.87,1.346,0.321,1.831,-3.0,-1.01,-1.007,-2.0,0.996,0.366,-4.0,1.838,0.966,-3.007,6.371,-0.009,-2.016,-2.007,-1.0,-4.009,-2.007,-0.842,-4.0,-0.009,5.39,1.904,-3.0,2.773,2.73,-0.026,0.962,5.709,-1.004,-0.008,2.984,4.667,1.107,4.134,0.058,-2.006,-3.999,-1.001,-3.002,1.973,-2.076,4.277,-2.0,-0.046,-0.023,-1.015,-1.0,1.166,0.61,-0.368,-4.0,-2.001,3.925,-3.003,-2.017,3.922,0.22,5.227,-2.004,0.988,0.0,-0.068,-2.0,-1.037,-3.042,-0.023,2.899,-0.019,0.973,5.637,0.009,-5.0,-0.022,3.588,-0.602,0.049,-0.287,2.314,0.206,-1.055,0.0,0.0,0.0,0.0,0.0,0.0,0.0,0.0,0.0,0.0
GoldS210,XAUUSDc,126,-4.9627,-14.888,2,-0.4163,0.0,533,65.1032,1,5,0,0.015,1.7,0.5,0.0,0.5,15,1,-15.389,0,0,1,9,0.25,2,-23.929,9.041,0.0,0.0,0.0,0.0,0.0,0.493,-0.01,-2.011,1.982,0.493,-0.009,-0.511,-0.011,-2.504,-1.004,-4.501,0.492,-1.003,-1.006,-1.504,-1.543,-0.57,1.486,1.482,-0.058,-0.513,2.486,0.494,-1.008,-1.52,-1.505,-4.0,-0.535,-1.513,-0.007,0.437,-0.005,-0.516,-0.004,-0.511,-1.501,-0.01,-0.014,0.996,1.491,-0.01,-3.0,-0.567,-1.132,-0.005,-0.012,1.994,-0.015,0.483,0.496,-5.005,-1.007,2.452,-2.007,-0.504,1.947,-0.525,-3.0,1.986,-0.514,-0.018,0.975,2.483,1.492,1.48,1.491,0.489,-0.508,1.989,-1.01,-1.034,-2.5,-0.005,-3.501,0.487,-1.523,0.493,-2.5,-1.036,-1.511,-1.508,-1.0,-1.041,0.918,2.461,-2.503,2.466,0.976,-0.552,-3.009,1.447,-0.004,1.964,-1.008,2.47,0.0,-0.043,-2.0,-0.035,-0.559,-0.015,-0.049,-1.01,1.474,2.96,3.428,-2.01,0.481,3.396,-0.011,2.443,2.937,0.483,-1.004,0.956,0.0,0.0,0.0,0.0,0.0,0.0,0.0,0.0,0.0,0.0
GoldS210,XAUUSDc,140,-4.77,-9.54,3,-0.1901,0.0,500,26.6,1,5,0,0.015,2.3,1.5,0.0,0.5,15,1,-22.894,16,0,1,9,0.25,2,-31.549,22.009,0.0,0.0,0.0,0.0,0.0,1.479,-2.196,-4.0,-0.508,-1.495,-5.999,7.461,-0.507,-3.0,-0.452,-4.502,-3.0,-1.95,-3.0,-3.0,-3.391,1.22,0.543,0.916,2.162,1.712,-0.022,-3.0,0.14,-4.999,-4.0,-4.0,-2.51,-2.511,6.071,6.201,-6.0,0.05,-3.0,7.98,-3.0,-0.515,-1.087,-3.0,-3.0,-3.0,-4.0,12.844,1.382,-2.51,17.886,-1.503,-3.413,-1.511,-1.0,-3.014,-1.284,-2.018,0.815,0.486,9.655,-1.007,-3.0,5.96,-4.0,-0.996,3.009,0.549,0.493,2.977,3.04,12.844,2.081,4.097,9.056,-4.0,-4.0,-0.501,-2.503,-1.509,6.134,6.869,8.294,0.944,-0.928,-0.028,-1.0,-2.677,-2.521,5.154,-4.0,0.413,1.43,-2.125,-2.502,-0.068,-2.0,-2.374,-4.0,0.825,0.0,1.399,-2.0,-3.0,-2.559,0.465,0.16,-1.526,-0.539,11.581,-3.138,-5.0,0.998,-0.041,-4.0,1.472,-6.0,1.16,-4.0,-1.508,0.0,0.0,0.0,0.0,0.0,0.0,0.0,0.0,0.0,0.0
GoldS210,XAUUSDc,180,-4.9377,-14.813,2,-0.415,0.0,533,65.1032,1,5,0,0.015,1.7,0.5,0.0,0.5,15,1,-15.389,0,0,1,7,0.5,2,-23.854,9.041,0.0,0.0,0.0,0.0,0.0,0.493,-0.01,-2.011,1.982,0.493,-0.009,-0.511,-0.011,-2.504,-1.004,-4.501,0.492,-1.003,-1.006,-1.504,-1.543,-0.57,1.486,1.482,-0.058,-0.513,2.486,0.494,-1.008,-1.52,-1.505,-4.0,-0.535,-1.513,-0.007,0.437,-0.005,-0.516,-0.004,-0.511,-1.501,-0.01,-0.014,0.996,1.491,-0.01,-3.0,-0.567,-1.132,-0.005,-0.012,1.994,-0.015,0.483,0.496,-5.005,-1.007,2.527,-2.007,-0.504,1.947,-0.525,-3.0,1.986,-0.514,-0.018,0.975,2.483,1.492,1.48,1.491,0.489,-0.508,1.989,-1.01,-1.034,-2.5,-0.005,-3.501,0.487,-1.523,0.493,-2.5,-1.036,-1.511,-1.508,-1.0,-1.041,0.918,2.461,-2.503,2.466,0.976,-0.552,-3.009,1.447,-0.004,1.964,-1.008,2.47,0.0,-0.043,-2.0,-0.035,-0.559,-0.015,-0.049,-1.01,1.474,2.96,3.428,-2.01,0.481,3.396,-0.011,2.443,2.937,0.483,-1.004,0.956,0.0,0.0,0.0,0.0,0.0,0.0,0.0,0.0,0.0,0.0
GoldS210,XAUUSDc,146,-4.8177,-14.453,2,-0.4091,0.0,533,65.1032,1,5,0,0.015,2.3,0.5,0.0,0.5,15,1,-15.389,0,0,1,3,0.5,2,-23.494,9.041,0.0,0.0,0.0,0.0,0.0,0.493,-0.01,-2.011,1.982,0.493,-0.009,-0.511,-0.011,-2.504,-1.004,-4.501,0.492,-1.003,-1.006,-1.504,-1.543,-0.57,1.486,1.482,-0.058,-0.513,2.486,0.494,-1.008,-1.52,-1.505,-4.0,-0.535,-1.513,-0.007,0.437,-0.005,-0.516,-0.004,-0.511,-1.501,-0.01,-0.014,0.996,1.491,-0.01,-3.0,-0.567,-1.132,-0.005,-0.012,1.994,-0.015,0.483,0.496,-5.005,-1.007,2.887,-2.007,-0.504,1.947,-0.525,-3.0,1.986,-0.514,-0.018,0.975,2.483,1.492,1.48,1.491,0.489,-0.508,1.989,-1.01,-1.034,-2.5,-0.005,-3.501,0.487,-1.523,0.493,-2.5,-1.036,-1.511,-1.508,-1.0,-1.041,0.918,2.461,-2.503,2.466,0.976,-0.552,-3.009,1.447,-0.004,1.964,-1.008,2.47,0.0,-0.043,-2.0,-0.035,-0.559,-0.015,-0.049,-1.01,1.474,2.96,3.428,-2.01,0.481,3.396,-0.011,2.443,2.937,0.483,-1.004,0.956,0.0,0.0,0.0,0.0,0.0,0.0,0.0,0.0,0.0,0.0
GoldS210,XAUUSDc,157,-6.3505,-38.103,1,-0.6352,0.0,499,25.2505,1,5,0,0.015,2.0,1.5,0.0,0.5,15,1,-45.22,10,0,1,3,0.5,1,-48.879,10.776,0.0,0.0,0.0,0.0,0.0,1.479,1.135,-4.0,-0.507,-4.0,-5.0,4.414,-0.507,-3.0,1.19,-4.502,-3.0,-4.0,-4.0,-3.0,2.696,-0.409,0.217,-1.683,-0.308,-0.848,-2.03,-3.0,-0.463,-5.0,-4.0,-4.0,-1.51,-2.511,6.341,3.862,-4.999,1.874,2.078,5.756,-3.0,-0.515,-4.0,-3.0,2.174,-3.0,-4.0,5.553,2.333,-2.51,8.328,-1.503,-5.999,-1.511,-1.0,-3.014,0.276,-0.24,-4.0,0.486,6.813,-1.007,-3.0,6.092,-4.0,-0.649,2.848,-0.125,0.493,-0.792,4.15,7.178,1.323,6.853,6.433,-4.0,-3.999,-0.501,-2.503,-1.509,2.053,5.63,5.828,0.944,0.324,0.781,-1.0,-6.0,1.856,2.06,-4.0,0.906,0.903,-1.619,-2.502,-0.068,-3.0,0.377,-4.0,1.161,0.0,1.399,-2.0,-3.0,-2.559,0.465,1.501,-1.526,-0.539,12.908,-1.53,-5.0,2.929,-1.041,-3.0,3.077,-6.0,3.966,-3.0,-2.508,0.0,0.0,0.0,0.0,0.0,0.0,0.0,0.0,0.0,0.0
GoldS210,XAUUSDc,112,-3.6823,-11.047,2,-0.3092,0.0,521,52.2073,1,5,0,0.015,2.0,0.75,0.0,0.5,15,1,-14.455,0,0,1,7,0.25,2,-31.69,20.643,0.0,0.0,0.0,0.0,0.0,0.739,-1.48,-1.254,1.232,0.495,-0.757,1.288,1.557,-2.295,-0.507,-4.251,-3.0,-3.167,-0.508,-3.0,-0.798,-0.198,0.339,0.715,0.933,0.231,1.985,1.358,-2.259,-3.251,-2.257,-4.0,0.206,-2.464,-0.756,2.51,0.978,0.226,0.494,0.235,-3.0,0.484,-1.506,-0.254,0.497,-0.349,-4.0,6.615,-1.391,-0.758,1.691,1.241,-0.286,-0.51,-1.0,-4.507,-2.255,0.087,-3.028,-0.257,2.891,0.221,-3.0,3.121,3.799,-0.77,0.222,3.866,0.493,-0.759,2.238,2.707,-0.262,3.016,-0.47,0.786,-4.0,-1.251,-3.252,1.231,-1.525,4.454,-2.25,-0.54,-0.767,-1.261,-1.0,-0.004,0.433,1.942,-2.323,1.235,3.742,-3.252,-2.512,2.684,-1.255,4.039,-2.253,1.985,0.0,-0.801,-2.0,-1.278,-3.284,0.478,2.568,-0.515,0.48,6.453,-0.78,-0.424,1.221,4.705,0.001,0.242,1.549,1.429,-0.506,0.183,0.0,0.0,0.0,0.0,0.0,0.0,0.0,0.0,0.0,0.0
GoldS210,XAUUSDc,199,-4.9627,-14.888,2,-0.4163,0.0,533,65.1032,1,5,0,0.015,2.0,0.5,0.0,0.5,15,1,-15.389,0,0,1,9,0.5,2,-23.929,9.041,0.0,0.0,0.0,0.0,0.0,0.493,-0.01,-2.011,1.982,0.493,-0.009,-0.511,-0.011,-2.504,-1.004,-4.501,0.492,-1.003,-1.006,-1.504,-1.543,-0.57,1.486,1.482,-0.058,-0.513,2.486,0.494,-1.008,-1.52,-1.505,-4.0,-0.535,-1.513,-0.007,0.437,-0.005,-0.516,-0.004,-0.511,-1.501,-0.01,-0.014,0.996,1.491,-0.01,-3.0,-0.567,-1.132,-0.005,-0.012,1.994,-0.015,0.483,0.496,-5.005,-1.007,2.452,-2.007,-0.504,1.947,-0.525,-3.0,1.986,-0.514,-0.018,0.975,2.483,1.492,1.48,1.491,0.489,-0.508,1.989,-1.01,-1.034,-2.5,-0.005,-3.501,0.487,-1.523,0.493,-2.5,-1.036,-1.511,-1.508,-1.0,-1.041,0.918,2.461,-2.503,2.466,0.976,-0.552,-3.009,1.447,-0.004,1.964,-1.008,2.47,0.0,-0.043,-2.0,-0.035,-0.559,-0.015,-0.049,-1.01,1.474,2.96,3.428,-2.01,0.481,3.396,-0.011,2.443,2.937,0.483,-1.004,0.956,0.0,0.0,0.0,0.0,0.0,0.0,0.0,0.0,0.0,0.0
GoldS210,XAUUSDc,88,-11.7752,-70.651,1,-0.9318,0.0,503,16.6998,1,5,0,0.015,2.0,1.75,0.0,0.5,15,1,-90.076,24,0,1,3,0.25,1,-69.498,-1.153,0.0,0.0,0.0,0.0,0.0,1.725,-3.257,-4.0,-1.258,-3.0,-6.0,6.787,-0.257,-3.0,2.29,-4.252,-3.0,-5.0,-3.999,-3.0,-6.0,-4.999,-3.272,6.205,5.714,-3.262,-1.622,-3.0,6.66,-5.0,-4.0,-4.0,-2.262,-5.0,5.225,-0.288,-5.999,3.205,-3.0,13.742,-3.0,-3.0,-5.0,-1.999,-3.0,-4.0,-3.0,-2.315,-0.757,-2.262,16.174,-1.254,-6.0,-1.262,-1.0,-5.257,1.895,1.713,-5.0,0.699,14.353,-0.509,-3.0,-0.307,-4.0,-3.27,13.862,3.958,0.742,5.584,10.211,-1.262,-2.0,-0.27,8.623,-4.0,-4.0,-0.252,-2.254,-4.0,-4.0,3.216,-4.0,1.439,1.664,5.048,-1.0,-7.0,-2.274,-2.257,-4.0,3.582,5.606,-1.053,-5.0,0.425,-3.0,-5.0,-4.0,0.832,0.0,2.131,-2.0,-3.0,-2.317,0.709,-3.292,-1.28,-2.0,14.11,-6.0,-4.999,6.993,-3.29,-3.0,-0.497,-6.0,9.702,-4.0,-2.259,0.0,0.0,0.0,0.0,0.0,0.0,0.0,0.0,0.0,0.0
GoldS210,XAUUSDc,200,-4.9627,-14.888,2,-0.4163,0.0,533,65.1032,1,5,0,0.015,2.3,0.5,0.0,0.5,15,1,-15.389,0,0,1,9,0.5,2,-23.929,9.041,0.0,0.0,0.0,0.0,0.0,0.493,-0.01,-2.011,1.982,0.493,-0.009,-0.511,-0.011,-2.504,-1.004,-4.501,0.492,-1.003,-1.006,-1.504,-1.543,-0.57,1.486,1.482,-0.058,-0.513,2.486,0.494,-1.008,-1.52,-1.505,-4.0,-0.535,-1.513,-0.007,0.437,-0.005,-0.516,-0.004,-0.511,-1.501,-0.01,-0.014,0.996,1.491,-0.01,-3.0,-0.567,-1.132,-0.005,-0.012,1.994,-0.015,0.483,0.496,-5.005,-1.007,2.452,-2.007,-0.504,1.947,-0.525,-3.0,1.986,-0.514,-0.018,0.975,2.483,1.492,1.48,1.491,0.489,-0.508,1.989,-1.01,-1.034,-2.5,-0.005,-3.501,0.487,-1.523,0.493,-2.5,-1.036,-1.511,-1.508,-1.0,-1.041,0.918,2.461,-2.503,2.466,0.976,-0.552,-3.009,1.447,-0.004,1.964,-1.008,2.47,0.0,-0.043,-2.0,-0.035,-0.559,-0.015,-0.049,-1.01,1.474,2.96,3.428,-2.01,0.481,3.396,-0.011,2.443,2.937,0.483,-1.004,0.956,0.0,0.0,0.0,0.0,0.0,0.0,0.0,0.0,0.0,0.0
GoldS210,XAUUSDc,159,-17.351,-52.053,2,-0.5532,0.0,495,20.202,1,5,0,0.015,1.7,1.75,0.0,0.5,15,1,-62.775,20,0,1,3,0.5,1,-74.233,22.18,0.0,0.0,0.0,0.0,0.0,1.725,2.8,-4.0,-0.258,-4.0,-5.0,2.944,-0.258,-3.0,2.108,-4.252,-3.0,-4.0,-4.0,-3.0,4.62,0.621,-2.272,0.863,0.69,-3.263,-1.622,-3.0,1.167,-5.0,-4.0,-4.0,-1.262,-5.0,1.892,-1.769,-4.999,3.205,2.956,7.467,-3.0,-3.0,-4.0,-3.0,-2.999,-3.0,-4.0,-2.315,-2.175,-2.262,3.003,-1.254,-5.999,-1.262,-1.0,-5.257,1.189,0.593,-4.0,0.699,8.716,-0.509,-3.0,-0.307,-4.0,-3.27,3.208,1.379,0.742,1.033,6.292,11.46,-2.999,9.214,8.42,-4.0,-3.999,-0.252,-2.254,-4.0,4.646,2.225,6.768,1.439,-1.138,2.779,-1.0,-6.0,3.035,5.03,-4.0,1.839,1.889,-1.053,-5.0,0.425,-3.0,1.413,-4.0,-0.285,0.0,2.131,-2.0,-3.0,-2.317,0.709,2.613,-1.28,-2.0,20.695,-6.0,-5.0,3.942,-3.291,-3.0,4.456,-6.0,5.598,-3.0,-2.259,0.0,0.0,0.0,0.0,0.0,0.0,0.0,0.0,0.0,0.0
GoldS210,XAUUSDc,94,-6.05,-12.1,3,-0.309,0.0,521,50.8637,1,5,0,0.015,2.0,0.75,0.0,0.5,15,1,-16.417,0,0,1,5,0.25,2,-34.093,21.993,0.0,0.0,0.0,0.0,0.0,0.739,-1.464,-0.927,1.232,0.495,-0.757,1.288,2.238,-2.295,-0.507,-4.251,-3.0,-5.0,-0.508,-3.0,-0.798,-0.729,0.373,-0.35,0.933,0.231,1.985,1.673,-2.259,-5.0,-2.257,-4.0,0.206,-2.397,-0.756,2.87,0.978,0.226,0.494,0.235,-3.0,0.484,-1.506,-0.254,0.497,-1.4,-3.0,6.321,-1.391,-0.758,2.485,1.241,0.024,-0.51,-1.0,-4.507,-2.255,0.061,-2.786,-0.257,3.262,0.221,-3.0,3.307,4.073,-0.77,0.222,1.984,0.493,-2.509,2.238,3.823,-0.262,3.162,-0.13,0.786,-4.0,-1.251,-3.252,1.231,-1.525,5.144,-2.25,-0.54,-0.767,-1.261,-1.0,0.094,0.913,1.942,-2.323,1.555,3.898,-3.252,-2.512,2.684,-1.255,5.571,-2.253,0.224,0.0,-0.801,-2.0,-1.278,-3.284,0.478,2.889,-0.515,0.48,6.453,-0.78,-0.071,1.221,3.978,2.317,0.242,2.274,-0.525,-0.506,0.183,0.0,0.0,0.0,0.0,0.0,0.0,0.0,0.0,0.0,0.0
GoldS210,XAUUSDc,28,8.856,17.712,3,0.5471,137.71,502,29.6813,1,5,0,0.015,2.0,1.25,0.0,0.5,15,1,-6.679,13,0,1,5,0.0,2,-9.639,27.351,0.0,0.0,0.0,0.0,0.0,1.232,-2.397,11.138,-0.756,-4.0,-6.0,-0.512,13.346,-3.0,-0.753,-4.752,-3.999,-4.0,-4.0,-3.0,-3.752,1.649,-3.766,19.392,5.116,-1.518,-2.504,-1.752,-1.76,-6.0,-3.0,-4.0,-2.759,-2.759,3.774,0.285,16.002,0.257,2.707,-0.519,-3.0,-0.763,-2.757,-2.0,4.532,-2.365,-3.0,-1.565,1.512,-2.758,15.059,2.92,-3.761,-1.758,-1.0,-3.512,-1.758,-3.545,-3.999,0.239,18.866,-0.505,-3.0,11.215,-4.0,-0.533,1.702,-0.509,0.244,-3.757,1.489,10.125,8.736,3.23,-0.816,-1.758,-4.0,-0.751,-2.753,0.492,-5.0,8.908,-4.0,0.449,3.699,-0.769,-1.0,-4.773,-2.767,1.36,-4.0,-0.744,2.053,-1.771,-2.752,5.072,0.716,-0.513,-1.755,9.538,0.0,0.666,-2.0,-0.734,-2.801,0.221,5.894,-1.771,1.466,3.159,-3.734,-5.0,0.851,3.485,-4.0,-0.431,-6.0,2.94,0.04,-0.568,0.0,0.0,0.0,0.0,0.0,0.0,0.0,0.0,0.0,0.0
GoldS210,XAUUSDc,128,-4.9627,-14.888,2,-0.4163,0.0,533,65.1032,1,5,0,0.015,2.3,0.5,0.0,0.5,15,1,-15.389,0,0,1,9,0.25,2,-23.929,9.041,0.0,0.0,0.0,0.0,0.0,0.493,-0.01,-2.011,1.982,0.493,-0.009,-0.511,-0.011,-2.504,-1.004,-4.501,0.492,-1.003,-1.006,-1.504,-1.543,-0.57,1.486,1.482,-0.058,-0.513,2.486,0.494,-1.008,-1.52,-1.505,-4.0,-0.535,-1.513,-0.007,0.437,-0.005,-0.516,-0.004,-0.511,-1.501,-0.01,-0.014,0.996,1.491,-0.01,-3.0,-0.567,-1.132,-0.005,-0.012,1.994,-0.015,0.483,0.496,-5.005,-1.007,2.452,-2.007,-0.504,1.947,-0.525,-3.0,1.986,-0.514,-0.018,0.975,2.483,1.492,1.48,1.491,0.489,-0.508,1.989,-1.01,-1.034,-2.5,-0.005,-3.501,0.487,-1.523,0.493,-2.5,-1.036,-1.511,-1.508,-1.0,-1.041,0.918,2.461,-2.503,2.466,0.976,-0.552,-3.009,1.447,-0.004,1.964,-1.008,2.47,0.0,-0.043,-2.0,-0.035,-0.559,-0.015,-0.049,-1.01,1.474,2.96,3.428,-2.01,0.481,3.396,-0.011,2.443,2.937,0.483,-1.004,0.956,0.0,0.0,0.0,0.0,0.0,0.0,0.0,0.0,0.0,0.0
GoldS210,XAUUSDc,170,-2.482,-7.446,2,-0.2881,0.0,513,43.0799,1,5,0,0.015,2.3,1.0,0.0,0.5,15,1,-10.661,0,0,1,5,0.5,1,-17.3,9.854,0.0,0.0,0.0,0.0,0.0,0.986,-0.807,-0.103,0.986,-0.905,-0.935,1.89,2.421,-1.047,-0.009,-4.001,-3.0,-4.0,-4.0,-3.0,-0.162,-0.052,4.17,0.094,2.184,0.386,1.596,2.597,-2.012,-5.0,-1.026,-4.0,0.734,-3.008,2.588,4.105,5.87,1.413,0.321,2.333,-3.0,-1.01,-1.007,-2.0,0.996,0.242,-4.0,1.838,0.966,-3.007,6.986,-0.009,-2.016,-2.007,-1.0,-4.009,-2.007,-0.879,-4.0,-0.009,5.901,1.904,-3.0,3.028,2.73,-0.026,0.962,2.985,-1.004,-2.012,2.984,4.934,1.107,4.464,0.644,-2.006,-3.999,-1.001,-3.002,1.973,-2.072,4.38,-2.0,-0.046,-0.023,-1.015,-1.0,1.586,0.693,-0.368,-4.0,-1.541,3.925,-3.003,-2.017,3.922,0.286,5.31,-2.004,-1.029,0.0,-0.068,-2.0,-1.037,-3.042,-0.023,3.122,-0.019,0.973,5.276,-0.006,-5.0,-0.022,2.926,-3.0,0.049,-1.287,-0.033,0.575,-1.055,0.0,0.0,0.0,0.0,0.0,0.0,0.0,0.0,0.0,0.0
GoldS210,XAUUSDc,141,-10.424,-62.544,1,-0.9732,0.0,496,22.1774,1,5,0,0.015,1.7,1.75,0.0,0.5,15,1,-73.128,15,0,1,9,0.25,1,-47.13,-15.414,0.0,0.0,0.0,0.0,0.0,1.725,-1.851,-4.0,-0.259,-1.244,-5.999,6.788,-0.258,-3.0,-0.181,-4.252,-3.0,-1.485,-3.0,-3.0,-1.841,3.061,-2.272,2.426,4.102,0.805,4.008,-3.0,4.525,-4.999,-4.0,-4.0,-2.262,-2.178,9.088,-4.072,-6.0,0.58,-3.0,10.608,-3.0,-0.246,-0.641,-3.0,-3.0,-3.0,-4.0,0.966,-2.254,-2.262,7.059,-1.254,-6.0,-1.262,-1.0,-1.593,-0.951,-1.521,2.266,0.699,12.071,-0.509,-3.0,-0.307,-4.0,0.185,3.536,2.142,0.742,7.324,4.347,-1.262,-2.0,4.41,11.782,-4.0,-4.0,-0.252,-2.254,-4.0,-4.0,-0.237,-4.0,1.439,-3.106,1.301,-1.0,-2.148,-2.274,-2.256,-4.0,1.337,2.548,-1.74,-5.0,0.425,-2.0,-2.042,-4.0,1.989,0.0,2.131,-2.0,-3.0,-2.317,0.709,0.949,-1.28,-2.0,15.911,-6.0,-5.0,1.502,2.48,-4.0,2.171,-6.0,1.699,-4.0,-1.259,0.0,0.0,0.0,0.0,0.0,0.0,0.0,0.0,0.0,0.0
GoldS210,XAUUSDc,176,-8.713,-52.278,1,-0.8266,0.0,497,25.1509,1,5,0,0.015,2.3,1.5,0.0,0.5,15,1,-59.395,10,0,1,5,0.5,1,-50.85,-1.428,0.0,0.0,0.0,0.0,0.0,1.479,2.653,-3.999,-0.508,-4.0,-5.0,4.414,-0.507,-3.0,-0.251,-4.502,-3.0,-4.0,-4.0,-3.0,2.696,-0.509,0.217,-1.683,-0.307,-1.021,-2.131,-3.0,-0.463,-5.0,-4.0,-4.0,-1.51,-2.511,6.299,2.877,-4.999,1.374,2.078,5.756,-3.0,-0.515,-4.0,-3.0,2.174,-3.0,-4.0,5.553,2.333,-2.51,8.422,-1.503,-5.999,-1.511,-1.0,-3.014,0.276,-1.771,-4.0,0.486,8.102,-1.007,-3.0,6.092,-4.0,-0.913,2.848,-0.161,0.493,-0.792,4.15,7.178,1.323,5.417,1.856,-4.0,-3.999,-0.501,-2.503,-1.509,2.053,4.381,5.828,0.944,-0.39,0.528,-1.0,-6.0,1.856,2.06,-4.0,0.11,0.903,-2.049,-2.502,-0.068,-2.0,0.377,-4.0,1.161,0.0,1.399,-2.0,-3.0,-2.559,0.465,1.316,-1.526,-0.539,11.775,-1.53,-5.0,1.481,-1.041,-3.0,2.185,-6.0,4.175,-3.0,-2.508,0.0,0.0,0.0,0.0,0.0,0.0,0.0,0.0,0.0,0.0
GoldS210,XAUUSDc,25,69.9553,104.933,4,5.0495,43.79,510,40.1961,1,5,0,0.015,2.0,1.0,0.0,0.5,15,1,58.984,11,0,1,5,0.0,3,77.069,27.864,0.0,0.0,0.0,0.0,0.0,0.986,-0.807,0.684,0.986,-2.001,-0.189,-1.009,6.734,-1.047,-0.009,-4.001,-3.999,-4.0,-4.0,-3.0,42.947,0.459,1.793,13.758,0.105,0.386,4.15,2.597,-2.012,-6.0,-3.0,-4.0,-1.01,-3.008,2.481,38.035,14.701,2.2,1.246,-1.016,-3.0,-1.01,-1.007,-2.0,0.996,-0.758,-3.0,-3.063,-0.142,-3.007,19.838,-0.009,-2.016,-2.006,-1.0,-4.009,-2.007,-1.863,-3.999,-0.009,13.785,-1.004,-3.0,6.262,-1.994,-1.026,0.962,2.985,8.074,-2.012,2.984,7.834,6.416,4.464,0.644,-2.006,-4.0,-1.001,-3.002,1.973,-5.0,2.194,-2.0,-0.046,-0.023,-1.015,-1.0,1.586,2.014,0.068,-4.0,-1.541,1.049,-2.028,-2.017,3.922,0.286,1.841,-2.004,5.81,0.0,-0.068,-2.0,-1.037,-3.042,-0.023,4.43,-0.019,0.973,4.623,-1.044,-5.0,-0.022,4.139,-4.0,-0.951,-4.016,-0.033,0.575,-1.055,0.0,0.0,0.0,0.0,0.0,0.0,0.0,0.0,0.0,0.0
GoldS210,XAUUSDc,133,2.85,5.7,3,0.2184,137.79,514,42.8016,1,5,0,0.015,2.0,1.0,0.0,0.5,15,1,-2.154,4,0,1,9,0.25,2,-17.867,23.567,0.0,0.0,0.0,0.0,0.0,0.986,-0.887,-0.522,0.986,0.877,-3.999,3.346,1.579,-1.047,-0.009,-4.001,-3.0,-2.992,0.179,-3.0,4.541,0.713,3.604,-1.413,2.535,-0.023,1.846,2.273,-2.012,-4.999,-4.0,-4.0,-1.01,-3.008,4.089,5.614,-2.004,1.273,-3.0,2.726,-3.0,-1.01,-1.007,-2.0,0.996,0.004,-4.0,3.507,0.779,-3.007,8.985,-0.009,-2.016,-2.007,-1.0,-4.009,-2.007,-1.033,-2.928,-0.009,7.403,-1.004,-3.0,2.779,6.09,-0.026,0.962,3.925,-1.004,0.169,2.984,2.864,0.96,4.103,-0.005,-2.006,-4.0,-1.001,-3.002,1.973,-0.828,5.579,-2.0,-0.046,-0.023,-1.015,-1.0,1.091,-0.096,0.541,-4.0,-1.378,4.171,-3.003,-2.017,3.922,0.103,10.031,-2.004,-1.029,0.0,-0.068,-2.0,-1.037,-3.042,-0.023,2.552,-0.019,0.973,7.821,-0.845,-5.0,-0.022,3.624,-4.0,0.082,1.004,2.072,0.05,-0.055,0.0,0.0,0.0,0.0,0.0,0.0,0.0,0.0,0.0,0.0
GoldS210,XAUUSDc,185,-3.285,-9.855,2,-0.3164,0.0,520,53.6538,1,5,0,0.015,2.3,0.75,0.0,0.5,15,1,-12.038,0,0,1,7,0.5,2,-22.715,12.86,0.0,0.0,0.0,0.0,0.0,0.739,-1.48,-1.254,2.232,2.018,-0.757,0.628,1.163,-2.295,-0.507,-4.251,-0.871,-2.167,-0.508,-3.0,-0.798,-1.01,2.445,0.191,0.933,0.231,1.985,1.358,-2.259,-3.251,0.04,-4.0,0.206,-2.488,-0.756,2.091,3.095,0.226,0.494,0.235,-3.0,0.484,-1.506,-0.254,0.497,-0.349,-4.0,3.418,-1.391,-0.758,1.438,1.241,-0.446,-0.51,-1.0,-4.507,-2.255,0.087,-0.518,-0.257,2.891,0.221,-3.0,3.121,1.179,-0.77,0.222,3.866,0.493,-0.759,2.238,1.907,-0.262,3.016,-0.47,-0.019,-3.999,-1.251,-3.252,1.231,-1.525,2.702,-2.25,-0.54,-0.767,-1.261,-1.0,-0.004,0.433,1.942,-2.323,1.235,3.163,-3.252,-2.512,2.684,-1.255,3.834,-2.253,1.985,0.0,-0.801,-2.0,-1.278,-3.284,0.478,2.568,-0.515,0.48,5.19,-0.78,-0.861,1.221,4.705,1.481,0.242,1.482,1.429,-0.506,0.183,0.0,0.0,0.0,0.0,0.0,0.0,0.0,0.0,0.0,0.0
GoldS210,XAUUSDc,109,-4.9377,-14.813,2,-0.415,0.0,533,65.1032,1,5,0,0.015,2.0,0.5,0.0,0.5,15,1,-15.389,0,0,1,7,0.25,2,-23.854,9.041,0.0,0.0,0.0,0.0,0.0,0.493,-0.01,-2.011,1.982,0.493,-0.009,-0.511,-0.011,-2.504,-1.004,-4.501,0.492,-1.003,-1.006,-1.504,-1.543,-0.57,1.486,1.482,-0.058,-0.513,2.486,0.494,-1.008,-1.52,-1.505,-4.0,-0.535,-1.513,-0.007,0.437,-0.005,-0.516,-0.004,-0.511,-1.501,-0.01,-0.014,0.996,1.491,-0.01,-3.0,-0.567,-1.132,-0.005,-0.012,1.994,-0.015,0.483,0.496,-5.005,-1.007,2.527,-2.007,-0.504,1.947,-0.525,-3.0,1.986,-0.514,-0.018,0.975,2.483,1.492,1.48,1.491,0.489,-0.508,1.989,-1.01,-1.034,-2.5,-0.005,-3.501,0.487,-1.523,0.493,-2.5,-1.036,-1.511,-1.508,-1.0,-1.041,0.918,2.461,-2.503,2.466,0.976,-0.552,-3.009,1.447,-0.004,1.964,-1.008,2.47,0.0,-0.043,-2.0,-0.035,-0.559,-0.015,-0.049,-1.01,1.474,2.96,3.428,-2.01,0.481,3.396,-0.011,2.443,2.937,0.483,-1.004,0.956,0.0,0.0,0.0,0.0,0.0,0.0,0.0,0.0,0.0,0.0
GoldS210,XAUUSDc,37,-4.9377,-14.813,2,-0.415,0.0,533,65.1032,1,5,0,0.015,2.0,0.5,0.0,0.5,15,1,-15.389,0,0,1,7,0.0,2,-23.854,9.041,0.0,0.0,0.0,0.0,0.0,0.493,-0.01,-2.011,1.982,0.493,-0.009,-0.511,-0.011,-2.504,-1.004,-4.501,0.492,-1.003,-1.006,-1.504,-1.543,-0.57,1.486,1.482,-0.058,-0.513,2.486,0.494,-1.008,-1.52,-1.505,-4.0,-0.535,-1.513,-0.007,0.437,-0.005,-0.516,-0.004,-0.511,-1.501,-0.01,-0.014,0.996,1.491,-0.01,-3.0,-0.567,-1.132,-0.005,-0.012,1.994,-0.015,0.483,0.496,-5.005,-1.007,2.527,-2.007,-0.504,1.947,-0.525,-3.0,1.986,-0.514,-0.018,0.975,2.483,1.492,1.48,1.491,0.489,-0.508,1.989,-1.01,-1.034,-2.5,-0.005,-3.501,0.487,-1.523,0.493,-2.5,-1.036,-1.511,-1.508,-1.0,-1.041,0.918,2.461,-2.503,2.466,0.976,-0.552,-3.009,1.447,-0.004,1.964,-1.008,2.47,0.0,-0.043,-2.0,-0.035,-0.559,-0.015,-0.049,-1.01,1.474,2.96,3.428,-2.01,0.481,3.396,-0.011,2.443,2.937,0.483,-1.004,0.956,0.0,0.0,0.0,0.0,0.0,0.0,0.0,0.0,0.0,0.0
GoldS210,XAUUSDc,147,-5.338,-16.014,2,-0.4588,0.0,521,52.3992,1,5,0,0.015,1.7,0.75,0.0,0.5,15,1,-18.197,0,0,1,3,0.5,2,-25.903,9.889,0.0,0.0,0.0,0.0,0.0,0.739,-2.505,-1.145,2.232,2.018,-0.757,0.628,1.163,-2.295,-0.507,-4.251,-0.871,-4.0,-0.508,-3.0,-0.798,-1.219,2.445,0.667,0.933,0.231,1.985,2.016,-2.259,-5.0,0.04,-4.0,0.206,-2.488,-0.756,2.091,3.095,0.226,0.494,0.235,-3.0,0.484,-1.506,-0.254,0.497,-0.429,-4.0,3.291,-1.391,-0.758,1.697,1.241,-0.257,-0.51,-1.0,-4.507,-2.255,0.725,-0.276,-0.257,3.166,0.221,-3.0,3.279,1.179,-0.77,0.222,1.984,0.493,-2.509,2.238,2.12,-0.262,3.509,0.114,-0.019,-3.999,-1.251,-3.252,1.231,-1.525,2.702,-2.25,-0.54,-0.767,-1.261,-1.0,0.115,0.868,1.942,-2.323,1.989,3.163,-3.252,-2.512,2.684,-1.255,3.977,-2.253,0.224,0.0,-0.801,-2.0,-1.278,-3.284,0.478,2.568,-0.515,0.48,5.19,-0.78,-0.861,1.221,3.872,2.577,0.445,1.482,-0.525,-0.506,0.183,0.0,0.0,0.0,0.0,0.0,0.0,0.0,0.0,0.0,0.0
GoldS210,XAUUSDc,93,-6.05,-12.1,3,-0.309,0.0,521,50.8637,1,5,0,0.015,1.7,0.75,0.0,0.5,15,1,-16.417,0,0,1,5,0.25,2,-34.093,21.993,0.0,0.0,0.0,0.0,0.0,0.739,-1.464,-0.927,1.232,0.495,-0.757,1.288,2.238,-2.295,-0.507,-4.251,-3.0,-5.0,-0.508,-3.0,-0.798,-0.729,0.373,-0.35,0.933,0.231,1.985,1.673,-2.259,-5.0,-2.257,-4.0,0.206,-2.397,-0.756,2.87,0.978,0.226,0.494,0.235,-3.0,0.484,-1.506,-0.254,0.497,-1.4,-3.0,6.321,-1.391,-0.758,2.485,1.241,0.024,-0.51,-1.0,-4.507,-2.255,0.061,-2.786,-0.257,3.262,0.221,-3.0,3.307,4.073,-0.77,0.222,1.984,0.493,-2.509,2.238,3.823,-0.262,3.162,-0.13,0.786,-4.0,-1.251,-3.252,1.231,-1.525,5.144,-2.25,-0.54,-0.767,-1.261,-1.0,0.094,0.913,1.942,-2.323,1.555,3.898,-3.252,-2.512,2.684,-1.255,5.571,-2.253,0.224,0.0,-0.801,-2.0,-1.278,-3.284,0.478,2.889,-0.515,0.48,6.453,-0.78,-0.071,1.221,3.978,2.317,0.242,2.274,-0.525,-0.506,0.183,0.0,0.0,0.0,0.0,0.0,0.0,0.0,0.0,0.0,0.0
GoldS210,XAUUSDc,40,-13.082,-26.164,3,-0.6471,0.0,520,51.3462,1,5,0,0.015,2.0,0.75,0.0,0.5,15,1,-30.147,0,0,1,7,0.0,2,-35.992,9.828,0.0,0.0,0.0,0.0,0.0,0.739,-1.48,-1.254,1.232,0.495,-0.757,-1.507,1.557,-2.295,-0.507,-4.251,-3.0,-3.166,-0.508,-3.0,-0.798,-0.198,2.095,0.715,0.933,0.231,1.985,1.358,-2.259,-4.251,-1.257,-4.0,0.206,-2.464,-0.756,3.714,2.031,0.226,0.494,0.235,-3.0,0.484,-1.506,-0.254,0.497,-0.349,-4.0,1.096,-1.391,-0.758,1.691,1.241,-0.286,-0.51,-1.0,-4.507,-2.255,-0.651,-3.028,-0.257,2.891,0.221,-3.0,3.121,3.21,-0.77,0.222,3.866,0.493,-0.759,2.238,-0.511,-0.262,3.016,-0.47,1.063,-4.0,-1.251,-3.252,1.231,-1.525,5.668,-2.25,-0.54,-0.767,-1.261,-1.0,-0.004,0.433,1.942,-2.323,1.235,3.742,-3.252,-2.512,2.684,-1.255,4.039,-2.253,1.985,0.0,-0.801,-2.0,-1.278,-3.284,0.478,2.568,-0.515,0.48,2.691,-0.78,-0.424,1.221,4.705,-4.0,0.242,1.549,1.429,-0.506,0.183,0.0,0.0,0.0,0.0,0.0,0.0,0.0,0.0,0.0,0.0
GoldS210,XAUUSDc,130,-6.39,-19.17,2,-0.4485,0.0,521,52.0154,1,5,0,0.015,2.0,0.75,0.0,0.5,15,1,-22.222,0,0,1,9,0.25,2,-36.727,17.557,0.0,0.0,0.0,0.0,0.0,0.739,-1.481,-1.34,2.232,1.863,-0.757,1.288,0.606,-2.295,-0.507,-4.251,-3.0,-3.244,-0.508,-3.0,-0.798,-0.59,2.103,-2.302,0.933,0.231,1.985,1.444,-2.259,-4.999,-2.257,-4.0,0.206,-2.485,-0.756,2.419,-0.19,0.226,0.494,0.235,-3.0,0.484,-1.506,-0.254,0.497,-0.498,-4.0,5.313,-1.391,-0.758,1.757,1.241,-0.313,-0.51,-1.0,-4.507,-2.255,-0.046,-3.186,-0.257,3.103,0.221,-3.0,3.007,3.479,-0.77,0.222,1.984,0.493,-0.649,2.238,2.281,-0.262,2.989,-0.507,0.786,-4.0,-1.251,-3.252,1.231,-1.525,3.661,-2.25,-0.54,-0.767,-1.261,-1.0,-0.022,0.288,1.942,-2.323,1.669,3.293,-3.252,-2.512,2.684,-1.255,5.006,-2.253,0.224,0.0,-0.801,-2.0,-1.278,-3.284,0.478,2.225,-0.515,0.48,5.414,-0.78,-0.474,1.221,4.722,2.741,0.264,1.507,1.287,-0.506,0.183,0.0,0.0,0.0,0.0,0.0,0.0,0.0,0.0,0.0,0.0
GoldS210,XAUUSDc,42,-1.6107,-4.832,2,-0.1168,0.0,511,41.2916,1,5,0,0.015,1.7,1.0,0.0,0.5,15,1,-16.687,5,0,1,7,0.0,2,-38.405,33.573,0.0,0.0,0.0,0.0,0.0,0.986,-0.883,-0.235,-0.014,-3.0,-0.576,-1.01,3.084,-1.047,-0.009,-4.001,-3.0,-2.886,-4.0,-3.0,-4.002,1.428,3.748,-3.374,4.018,-1.015,2.077,2.152,-2.012,-6.0,-3.0,-4.0,-1.01,-3.008,3.652,10.78,-2.004,1.471,0.502,-1.016,-3.0,-1.01,-1.007,-2.0,0.996,0.366,-4.0,0.384,-0.142,-3.007,12.102,-0.009,-2.016,-2.007,-1.0,-4.009,-2.007,-1.826,-5.0,-0.009,4.305,-1.004,-3.0,2.859,5.854,-0.026,0.962,5.709,4.842,-0.008,2.984,-2.006,10.855,4.134,0.058,-2.006,-4.0,-1.001,-3.002,1.973,0.4,8.673,-2.0,-0.046,-0.023,-1.015,-1.0,1.166,0.964,4.043,-4.0,-2.0,2.096,-3.003,-2.017,3.922,0.22,7.026,-2.004,1.987,0.0,-0.068,-2.0,-1.037,-3.042,-0.023,2.898,-0.019,0.973,1.927,0.029,-5.0,-0.022,3.588,-4.0,-0.951,-3.016,2.314,0.206,-1.055,0.0,0.0,0.0,0.0,0.0,0.0,0.0,0.0,0.0,0.0
GoldS210,XAUUSDc,96,4.8795,9.759,3,0.3635,94.84,516,40.3101,1,5,0,0.015,1.7,1.0,0.0,0.5,15,1,0.504,7,0,1,5,0.25,2,-12.038,21.797,0.0,0.0,0.0,0.0,0.0,0.986,-0.807,0.684,-0.014,-3.0,-0.189,3.346,5.184,-1.047,-0.009,-4.001,-3.0,-5.0,-4.0,-3.0,4.88,0.459,1.793,-0.913,3.461,0.386,2.169,2.597,-2.012,-5.0,-4.0,-4.0,-1.01,-3.008,4.924,6.485,-2.004,1.859,-3.0,-1.016,-3.0,-1.01,-1.007,-2.0,0.996,-0.758,-3.0,6.047,2.768,-3.006,14.877,-0.009,-2.016,-2.007,-1.0,-4.009,-2.007,-0.879,-5.0,-0.009,7.843,-1.004,-3.0,4.061,7.305,-0.026,0.962,2.985,-1.004,-2.012,2.984,5.7,2.993,4.464,0.644,-2.006,-4.0,-1.001,-3.002,1.973,-0.641,8.064,-2.0,-0.046,-0.023,-1.015,-1.0,1.586,2.014,0.628,-4.0,-1.541,5.468,-3.003,-2.017,3.922,0.286,10.374,-2.004,-1.029,0.0,-0.068,-2.0,-1.037,-3.042,-0.023,4.43,-0.019,0.973,1.927,-3.055,-5.0,-0.022,3.139,-3.0,-0.951,-4.016,-0.033,0.575,-1.055,0.0,0.0,0.0,0.0,0.0,0.0,0.0,0.0,0.0,0.0
GoldS210,XAUUSDc,111,-3.6823,-11.047,2,-0.3092,0.0,521,52.2073,1,5,0,0.015,1.7,0.75,0.0,0.5,15,1,-14.455,0,0,1,7,0.25,2,-31.69,20.643,0.0,0.0,0.0,0.0,0.0,0.739,-1.48,-1.254,1.232,0.495,-0.757,1.288,1.557,-2.295,-0.507,-4.251,-3.0,-3.167,-0.508,-3.0,-0.798,-0.198,0.339,0.715,0.933,0.231,1.985,1.358,-2.259,-3.251,-2.257,-4.0,0.206,-2.464,-0.756,2.51,0.978,0.226,0.494,0.235,-3.0,0.484,-1.506,-0.254,0.497,-0.349,-4.0,6.615,-1.391,-0.758,1.691,1.241,-0.286,-0.51,-1.0,-4.507,-2.255,0.087,-3.028,-0.257,2.891,0.221,-3.0,3.121,3.799,-0.77,0.222,3.866,0.493,-0.759,2.238,2.707,-0.262,3.016,-0.47,0.786,-4.0,-1.251,-3.252,1.231,-1.525,4.454,-2.25,-0.54,-0.767,-1.261,-1.0,-0.004,0.433,1.942,-2.323,1.235,3.742,-3.252,-2.512,2.684,-1.255,4.039,-2.253,1.985,0.0,-0.801,-2.0,-1.278,-3.284,0.478,2.568,-0.515,0.48,6.453,-0.78,-0.424,1.221,4.705,0.001,0.242,1.549,1.429,-0.506,0.183,0.0,0.0,0.0,0.0,0.0,0.0,0.0,0.0,0.0,0.0
GoldS210,XAUUSDc,90,-4.9427,-14.828,2,-0.4153,0.0,533,65.1032,1,5,0,0.015,1.7,0.5,0.0,0.5,15,1,-15.389,0,0,1,5,0.25,2,-23.869,9.041,0.0,0.0,0.0,0.0,0.0,0.493,-0.01,-2.011,1.982,0.493,-0.009,-0.511,-0.011,-2.504,-1.004,-4.501,0.492,-1.003,-1.006,-1.504,-1.543,-0.57,1.486,1.482,-0.058,-0.513,2.486,0.494,-1.008,-1.52,-1.505,-4.0,-0.535,-1.513,-0.007,0.437,-0.005,-0.516,-0.004,-0.511,-1.501,-0.01,-0.014,0.996,1.491,-0.01,-3.0,-0.567,-1.132,-0.005,-0.012,1.994,-0.015,0.483,0.496,-5.005,-1.007,2.512,-2.007,-0.504,1.947,-0.525,-3.0,1.986,-0.514,-0.018,0.975,2.483,1.492,1.48,1.491,0.489,-0.508,1.989,-1.01,-1.034,-2.5,-0.005,-3.501,0.487,-1.523,0.493,-2.5,-1.036,-1.511,-1.508,-1.0,-1.041,0.918,2.461,-2.503,2.466,0.976,-0.552,-3.009,1.447,-0.004,1.964,-1.008,2.47,0.0,-0.043,-2.0,-0.035,-0.559,-0.015,-0.049,-1.01,1.474,2.96,3.428,-2.01,0.481,3.396,-0.011,2.443,2.937,0.483,-1.004,0.956,0.0,0.0,0.0,0.0,0.0,0.0,0.0,0.0,0.0,0.0
GoldS210,XAUUSDc,149,-5.338,-16.014,2,-0.4588,0.0,521,52.3992,1,5,0,0.015,2.3,0.75,0.0,0.5,15,1,-18.197,0,0,1,3,0.5,2,-25.903,9.889,0.0,0.0,0.0,0.0,0.0,0.739,-2.505,-1.145,2.232,2.018,-0.757,0.628,1.163,-2.295,-0.507,-4.251,-0.871,-4.0,-0.508,-3.0,-0.798,-1.219,2.445,0.667,0.933,0.231,1.985,2.016,-2.259,-5.0,0.04,-4.0,0.206,-2.488,-0.756,2.091,3.095,0.226,0.494,0.235,-3.0,0.484,-1.506,-0.254,0.497,-0.429,-4.0,3.291,-1.391,-0.758,1.697,1.241,-0.257,-0.51,-1.0,-4.507,-2.255,0.725,-0.276,-0.257,3.166,0.221,-3.0,3.279,1.179,-0.77,0.222,1.984,0.493,-2.509,2.238,2.12,-0.262,3.509,0.114,-0.019,-3.999,-1.251,-3.252,1.231,-1.525,2.702,-2.25,-0.54,-0.767,-1.261,-1.0,0.115,0.868,1.942,-2.323,1.989,3.163,-3.252,-2.512,2.684,-1.255,3.977,-2.253,0.224,0.0,-0.801,-2.0,-1.278,-3.284,0.478,2.568,-0.515,0.48,5.19,-0.78,-0.861,1.221,3.872,2.577,0.445,1.482,-0.525,-0.506,0.183,0.0,0.0,0.0,0.0,0.0,0.0,0.0,0.0,0.0,0.0
GoldS210,XAUUSDc,32,-5.9547,-35.728,1,-0.4947,0.0,494,21.6599,1,5,0,0.015,2.3,1.5,0.0,0.5,15,1,-65.756,13,0,1,5,0.0,1,-57.338,21.61,0.0,0.0,0.0,0.0,0.0,1.479,-1.988,-4.0,-0.508,-4.0,-6.0,-0.015,-0.507,-3.0,-0.251,-4.502,-3.999,-4.0,-4.0,-3.0,-3.033,0.71,-3.519,25.029,-5.0,-1.02,-2.13,-4.0,-0.198,-6.0,-3.0,-4.0,-2.51,-2.511,6.957,-2.614,-5.0,1.374,4.168,-0.022,-3.0,-0.515,-5.0,-2.0,-2.999,-4.0,-3.0,-3.563,1.946,-2.51,20.419,-1.503,-6.0,-1.51,-1.0,-3.014,12.767,-3.247,-3.999,0.486,20.015,-0.036,-3.0,16.169,-4.0,0.087,5.243,-4.998,0.493,-6.0,5.206,21.392,11.057,6.688,0.712,-4.0,-4.0,-0.501,-2.503,-1.509,-5.0,2.601,-5.0,0.944,-0.39,0.528,-1.0,-7.0,-2.521,2.652,-4.0,0.11,-1.515,-1.513,-2.502,-0.068,-2.0,-5.0,-4.0,13.929,0.0,1.399,-2.0,-2.999,-2.559,0.465,5.118,-1.526,-0.539,1.338,-3.477,-5.0,1.481,-0.041,-4.0,2.185,-6.0,6.017,-4.0,-1.508,0.0,0.0,0.0,0.0,0.0,0.0,0.0,0.0,0.0,0.0
GoldS210,XAUUSDc,134,2.851,5.702,3,0.2185,137.74,514,42.8016,1,5,0,0.015,2.3,1.0,0.0,0.5,15,1,-2.152,4,0,1,9,0.25,2,-17.865,23.567,0.0,0.0,0.0,0.0,0.0,0.986,-0.887,-0.522,0.986,0.877,-3.999,3.346,1.579,-1.047,-0.009,-4.001,-3.0,-2.992,0.179,-3.0,4.541,0.713,3.604,-1.411,2.535,-0.023,1.846,2.273,-2.012,-4.999,-4.0,-4.0,-1.01,-3.008,4.089,5.614,-2.004,1.273,-3.0,2.726,-3.0,-1.01,-1.007,-2.0,0.996,0.004,-4.0,3.507,0.779,-3.007,8.985,-0.009,-2.016,-2.007,-1.0,-4.009,-2.007,-1.033,-2.928,-0.009,7.403,-1.004,-3.0,2.779,6.09,-0.026,0.962,3.925,-1.004,0.169,2.984,2.864,0.96,4.103,-0.005,-2.006,-4.0,-1.001,-3.002,1.973,-0.828,5.579,-2.0,-0.046,-0.023,-1.015,-1.0,1.091,-0.096,0.541,-4.0,-1.378,4.171,-3.003,-2.017,3.922,0.103,10.031,-2.004,-1.029,0.0,-0.068,-2.0,-1.037,-3.042,-0.023,2.552,-0.019,0.973,7.821,-0.845,-5.0,-0.022,3.624,-4.0,0.082,1.004,2.072,0.05,-0.055,0.0,0.0,0.0,0.0,0.0,0.0,0.0,0.0,0.0,0.0
GoldS210,XAUUSDc,81,14.6205,29.241,3,0.5999,53.67,511,29.3542,1,5,0,0.015,1.7,1.25,0.0,0.5,15,1,13.548,20,0,1,3,0.25,2,-11.518,40.759,0.0,0.0,0.0,0.0,0.0,1.232,-3.755,4.643,-1.755,-3.0,-6.0,5.404,11.765,-3.0,-0.753,-4.752,-3.0,-5.0,-3.999,-3.0,-3.752,0.355,-3.766,0.273,9.021,-1.518,-2.438,-0.752,-1.131,-5.0,-4.0,-4.0,-2.759,-2.759,3.194,1.701,2.126,0.545,-3.0,7.17,-3.0,-0.763,-2.757,-1.999,-0.753,-2.476,-3.0,16.128,4.004,-2.758,21.075,4.167,-3.761,-1.759,-1.0,-3.512,-1.758,-0.309,-5.0,0.239,6.964,-0.505,-3.0,7.842,5.994,-1.533,1.702,-0.508,0.244,-3.757,1.489,11.843,4.208,4.569,7.391,-1.758,-4.0,-0.751,-2.753,7.065,2.732,15.797,-4.0,0.449,3.368,-0.769,-1.0,-4.773,-2.767,2.62,-4.0,1.158,5.498,-2.185,-2.752,6.083,-3.0,2.431,-1.755,0.103,0.0,0.666,-2.0,-3.0,-2.801,0.221,-0.807,-1.771,1.466,4.31,-6.0,-4.999,3.693,4.406,-3.0,-0.017,-6.0,3.66,2.25,-0.568,0.0,0.0,0.0,0.0,0.0,0.0,0.0,0.0,0.0,0.0
GoldS210,XAUUSDc,169,-2.482,-7.446,2,-0.2881,0.0,513,43.0799,1,5,0,0.015,2.0,1.0,0.0,0.5,15,1,-10.661,0,0,1,5,0.5,1,-17.3,9.854,0.0,0.0,0.0,0.0,0.0,0.986,-0.807,-0.103,0.986,-0.905,-0.935,1.89,2.421,-1.047,-0.009,-4.001,-3.0,-4.0,-4.0,-3.0,-0.162,-0.052,4.17,0.094,2.184,0.386,1.596,2.597,-2.012,-5.0,-1.026,-4.0,0.734,-3.008,2.588,4.105,5.87,1.413,0.321,2.333,-3.0,-1.01,-1.007,-2.0,0.996,0.242,-4.0,1.838,0.966,-3.007,6.986,-0.009,-2.016,-2.007,-1.0,-4.009,-2.007,-0.879,-4.0,-0.009,5.901,1.904,-3.0,3.028,2.73,-0.026,0.962,2.985,-1.004,-2.012,2.984,4.934,1.107,4.464,0.644,-2.006,-3.999,-1.001,-3.002,1.973,-2.072,4.38,-2.0,-0.046,-0.023,-1.015,-1.0,1.586,0.693,-0.368,-4.0,-1.541,3.925,-3.003,-2.017,3.922,0.286,5.31,-2.004,-1.029,0.0,-0.068,-2.0,-1.037,-3.042,-0.023,3.122,-0.019,0.973,5.276,-0.006,-5.0,-0.022,2.926,-3.0,0.049,-1.287,-0.033,0.575,-1.055,0.0,0.0,0.0,0.0,0.0,0.0,0.0,0.0,0.0,0.0
GoldS210,XAUUSDc,120,3.1365,6.273,3,0.094,297.18,502,24.7012,1,5,0,0.015,1.7,1.5,0.0,0.5,15,1,-12.369,21,0,1,7,0.25,1,-31.452,37.725,0.0,0.0,0.0,0.0,0.0,1.479,4.421,-4.0,-1.508,-3.0,-6.0,7.461,-0.507,-3.0,-0.39,-4.502,-3.0,-5.0,-4.0,-3.0,-3.269,-1.095,-3.519,-2.495,2.314,-0.964,-2.499,-3.0,2.139,-5.0,-4.0,-4.0,-2.51,-2.511,9.108,7.089,-6.0,0.211,-3.0,8.38,-3.0,-0.515,-3.999,-3.0,-3.0,-3.0,-4.0,17.379,6.797,-2.51,23.035,-1.503,-3.097,-1.511,-1.0,-3.014,-0.121,-1.712,-5.0,0.486,10.713,-1.007,-3.0,5.94,-4.0,-0.997,3.058,3.726,0.493,7.575,4.126,18.132,5.425,3.812,4.484,-4.0,-4.0,-0.501,-2.503,-1.508,7.251,7.125,14.816,0.944,-0.643,0.069,-1.0,-3.363,-2.521,5.254,-4.0,-1.128,3.244,-2.492,-2.502,-0.068,-2.0,-1.535,-4.0,1.515,0.0,1.399,-2.0,-3.0,-2.559,0.465,0.931,-1.526,-0.539,0.343,-1.572,-5.0,1.224,-0.041,-4.0,1.571,-5.0,1.602,-3.999,-1.508,0.0,0.0,0.0,0.0,0.0,0.0,0.0,0.0,0.0,0.0
GoldS210,XAUUSDc,33,-33.2855,-66.571,3,-0.8937,0.0,492,17.0732,1,5,0,0.015,1.7,1.75,0.0,0.5,15,1,-114.876,13,0,1,5,0.0,1,-30.984,-35.587,0.0,0.0,0.0,0.0,0.0,1.725,-1.58,-4.0,-0.259,-4.0,-6.0,-2.25,-0.258,-3.0,0.099,-4.252,-3.999,-4.0,-4.0,-3.0,-1.415,2.238,-3.272,43.306,-5.0,-2.262,-0.07,-4.0,1.88,-6.0,-3.0,-4.0,-2.262,-5.0,-0.498,-2.074,-5.0,2.492,5.629,0.473,-3.0,-3.0,-5.0,-2.0,-2.999,-4.0,-3.0,-3.314,1.809,-2.262,25.779,-1.254,-6.0,-1.261,-1.0,-5.257,18.332,-2.949,-3.999,0.699,24.591,3.364,-3.0,-0.307,-4.0,-2.269,8.65,-4.998,0.742,-6.0,8.146,-1.262,-2.0,-0.266,1.241,-4.0,-4.0,-0.252,-2.254,-3.999,-5.0,0.547,-5.0,1.439,-2.26,4.919,-1.0,-7.0,-2.274,3.943,-4.0,0.963,-1.268,-1.251,-5.0,0.425,-2.0,-5.0,-4.0,2.155,0.0,2.131,-2.0,-2.999,-2.317,0.709,6.946,-1.28,-2.0,1.136,-6.0,-5.0,2.112,-2.291,-4.0,3.267,-6.0,9.094,-4.0,-1.259,0.0,0.0,0.0,0.0,0.0,0.0,0.0,0.0,0.0,0.0
GoldS210,XAUUSDc,186,0.717,1.434,3,0.0544,224.2,512,44.3359,1,5,0,0.015,1.7,1.0,0.0,0.5,15,1,-1.781,0,0,1,7,0.5,2,-18.188,19.622,0.0,0.0,0.0,0.0,0.0,0.986,-0.883,-0.235,0.986,-0.905,-1.096,1.89,2.421,-1.047,-0.009,-4.001,-3.0,-1.887,-4.0,-3.0,-0.162,-0.052,4.17,-0.546,2.025,0.146,1.471,2.152,-2.012,-5.0,-1.026,-4.0,0.734,-3.008,2.588,4.105,5.87,1.346,0.321,1.831,-3.0,-1.01,-1.007,-2.0,0.996,0.366,-4.0,1.838,0.966,-3.007,6.371,-0.009,-2.016,-2.007,-1.0,-4.009,-2.007,-0.842,-4.0,-0.009,5.39,1.904,-3.0,2.773,2.73,-0.026,0.962,5.709,-1.004,-0.008,2.984,4.667,1.107,4.134,0.058,-2.006,-3.999,-1.001,-3.002,1.973,-2.076,4.277,-2.0,-0.046,-0.023,-1.015,-1.0,1.166,0.61,-0.368,-4.0,-2.001,3.925,-3.003,-2.017,3.922,0.22,5.227,-2.004,0.988,0.0,-0.068,-2.0,-1.037,-3.042,-0.023,2.899,-0.019,0.973,5.637,0.009,-5.0,-0.022,3.588,-0.602,0.049,-0.287,2.314,0.206,-1.055,0.0,0.0,0.0,0.0,0.0,0.0,0.0,0.0,0.0,0.0
GoldS210,XAUUSDc,173,-5.7467,-17.24,2,-0.4548,0.0,504,33.5317,1,5,0,0.015,2.3,1.25,0.0,0.5,15,1,-22.011,0,0,1,5,0.5,1,-24.444,7.204,0.0,0.0,0.0,0.0,0.0,1.232,0.828,0.395,-0.756,-4.0,-5.0,3.152,4.402,-3.0,-0.753,-4.752,-3.0,-4.0,-4.0,-3.0,0.771,0.907,2.705,1.527,4.585,-1.519,-2.505,-0.752,-1.89,-5.0,-4.0,-4.0,1.972,-2.759,2.205,5.06,3.871,0.257,1.2,4.045,-3.0,-0.763,-2.757,-2.0,2.772,-1.365,-4.0,5.146,2.266,-2.758,8.921,1.967,-3.761,-1.759,-1.0,-3.512,-1.758,-2.315,-4.0,0.239,5.765,-0.505,-3.0,4.559,0.565,-1.533,1.702,-0.51,0.244,-3.757,1.489,7.253,1.715,3.23,0.034,-1.758,-3.999,-0.751,-2.753,4.382,-0.912,6.903,-1.495,0.449,2.404,-0.769,-1.0,-4.773,-2.767,0.845,-4.0,-0.744,3.641,-2.461,-2.752,4.419,0.716,0.947,-1.755,-0.126,0.0,0.666,-2.0,0.691,-2.801,0.221,2.838,-1.771,1.466,10.886,-2.241,-5.0,0.851,2.165,-3.0,0.569,-2.496,2.492,-0.341,-0.568,0.0,0.0,0.0,0.0,0.0,0.0,0.0,0.0,0.0,0.0
GoldS210,XAUUSDc,46,1.6633,2.495,4,0.0498,682.65,503,32.008,1,5,0,0.015,2.0,1.25,0.0,0.5,15,1,-14.537,11,0,1,7,0.0,3,-36.346,38.841,0.0,0.0,0.0,0.0,0.0,1.232,-2.533,0.341,-1.756,-3.0,-6.0,-0.513,5.025,-3.0,-0.753,-4.752,-3.0,-2.606,-4.0,-3.0,-3.752,3.055,0.632,-2.934,11.251,-0.519,-2.75,-0.752,-5.0,-6.0,-3.0,-4.0,-2.759,-2.759,2.637,16.48,-6.0,-0.373,1.574,-0.519,-3.0,-0.763,-2.756,-2.0,5.397,-1.167,-4.0,-1.565,0.82,-2.758,28.649,0.648,-3.761,-1.759,-1.0,-3.512,-1.758,-3.497,-5.0,0.239,3.529,-0.505,-3.0,4.398,0.416,-1.533,1.702,2.654,0.244,-1.501,1.49,-1.758,14.608,2.814,-1.648,-1.758,-4.0,-0.751,-2.753,5.048,5.042,16.223,-1.437,0.449,0.898,-0.769,-1.0,-1.769,-2.767,8.014,-4.0,-1.576,3.67,-2.746,-2.752,4.384,0.607,0.019,-1.755,3.27,0.0,0.666,-2.0,-0.734,-2.801,0.221,3.497,-1.771,1.466,10.452,-2.273,-5.0,0.662,2.658,-4.0,-0.431,-5.0,3.994,0.102,-0.568,0.0,0.0,0.0,0.0,0.0,0.0,0.0,0.0,0.0,0.0
GoldS210,XAUUSDc,193,-9.7847,-29.354,2,-0.5011,0.0,496,27.2177,1,5,0,0.015,2.0,1.5,0.0,0.5,15,1,-36.471,9,0,1,7,0.5,2,-46.186,16.832,0.0,0.0,0.0,0.0,0.0,1.479,2.455,-4.0,-0.508,-4.0,-5.0,4.414,-0.507,-3.0,-0.39,-4.502,-3.0,-4.0,-4.0,-3.0,2.696,-1.095,0.217,2.201,-0.355,-0.964,-2.499,-3.0,-0.463,-5.0,-4.0,-4.0,-1.51,-2.511,6.082,2.155,-4.999,0.211,2.078,4.889,-3.0,-0.515,-3.999,-3.0,2.174,-3.0,-4.0,8.816,2.333,-2.51,7.626,-1.503,-3.097,-1.511,-1.0,-3.014,-0.121,-1.712,-4.0,0.486,7.12,-1.007,-3.0,5.672,-4.0,-0.997,2.121,3.554,0.493,2.243,3.924,6.555,1.323,3.812,5.832,-4.0,-3.999,-0.501,-2.503,-1.509,2.042,4.053,5.823,0.944,-0.643,0.069,-1.0,-2.363,1.856,2.06,-4.0,-1.128,0.903,-2.492,-2.502,-0.068,-2.0,3.842,-4.0,1.161,0.0,1.399,-2.0,-3.0,-2.559,0.465,0.932,-1.526,-0.539,11.772,-1.572,-5.0,1.224,-0.041,1.0,1.571,-5.0,7.31,-3.0,-2.507,0.0,0.0,0.0,0.0,0.0,0.0,0.0,0.0,0.0,0.0
GoldS210,XAUUSDc,2,-3.302,-9.906,2,-0.3409,0.0,536,65.6716,1,5,0,0.015,2.3,0.5,0.0,0.5,15,1,-11.073,0,0,1,3,0.0,2,-19.332,9.426,0.0,0.0,0.0,0.0,0.0,0.493,-0.01,-1.514,1.486,0.992,-0.504,-0.511,-0.011,-2.504,-1.004,-4.501,0.492,-1.003,-1.006,-1.504,-1.543,-0.57,1.486,0.987,-0.058,-0.513,2.486,0.494,-1.008,-0.52,-1.505,-4.0,-0.535,-1.513,-0.007,0.437,-0.005,-0.516,-0.004,-0.511,-1.501,-0.01,-0.014,0.996,1.491,-0.01,-2.501,-1.064,-1.132,-0.047,0.988,1.994,-0.015,0.483,0.987,-5.005,-1.007,2.626,-2.007,-0.504,2.947,-0.525,-3.0,1.488,1.979,-0.018,0.975,2.483,1.492,0.987,1.491,0.489,-0.508,1.491,-1.01,-0.034,-3.5,-0.005,-3.501,0.487,-1.523,0.493,-2.5,-2.502,-0.511,0.42,-0.517,-0.041,-0.518,3.454,-0.044,1.97,1.474,-0.546,-1.0,-0.05,2.456,1.472,-2.502,1.478,1.442,0.412,-2.0,-0.035,-0.041,-1.013,-0.541,1.926,-1.547,-0.027,2.947,-1.533,-0.011,3.396,-0.011,2.443,2.452,0.974,-1.004,-0.527,0.0,0.0,0.0,0.0,0.0,0.0,0.0,0.0,0.0,0.0
GoldS210,XAUUSDc,201,-5.963,-17.889,2,-0.4643,0.0,520,53.0769,1,5,0,0.015,1.7,0.75,0.0,0.5,15,1,-20.072,0,0,1,9,0.5,2,-26.508,8.619,0.0,0.0,0.0,0.0,0.0,0.739,-1.481,-1.34,2.232,1.863,-0.757,0.628,0.606,-2.295,-0.507,-4.251,-0.871,-2.244,-0.508,-3.0,-0.798,-1.01,2.006,-0.032,0.933,0.231,1.985,1.444,-2.259,-5.0,0.04,-4.0,0.206,-2.488,-0.756,2.084,2.993,0.226,0.494,0.235,-3.0,0.484,-1.506,-0.254,0.497,-0.498,-4.0,3.364,-1.391,-0.758,1.462,1.241,-0.459,-0.51,-1.0,-4.507,-2.255,-0.046,-0.676,-0.257,3.103,0.221,-3.0,3.007,1.179,-0.77,0.222,1.984,0.493,-0.649,2.238,1.729,-0.262,2.989,-0.507,-0.019,-3.999,-1.251,-3.252,1.231,-1.525,2.385,-2.25,-0.54,-0.767,-1.261,-1.0,-0.022,0.288,1.942,-2.323,1.669,3.163,-3.252,-2.512,2.684,-1.255,3.731,-2.253,0.224,0.0,-0.801,-2.0,-1.278,-3.284,0.478,2.225,-0.515,0.48,5.19,-0.78,-0.861,1.221,4.722,1.512,0.264,1.482,1.287,-0.506,0.183,0.0,0.0,0.0,0.0,0.0,0.0,0.0,0.0,0.0,0.0
GoldS210,XAUUSDc,80,1.547,3.094,3,0.112,306.79,518,39.1892,1,5,0,0.015,2.3,1.0,0.0,0.5,15,1,-6.398,7,0,1,3,0.25,2,-11.427,14.521,0.0,0.0,0.0,0.0,0.0,0.986,-2.007,-3.014,-0.013,-3.0,-4.0,3.346,5.184,-1.047,-0.009,-4.001,-3.0,-5.0,-3.999,-3.0,4.88,-0.433,2.829,-0.913,3.966,0.649,2.374,3.592,-2.012,-5.0,-4.0,-4.0,-1.01,-3.008,3.865,6.276,3.822,1.926,-3.0,3.884,-3.0,-1.01,-1.007,-1.999,0.996,-0.828,-3.0,6.843,2.267,-3.007,13.296,-0.009,-2.016,-2.007,-1.0,-4.009,-2.007,0.66,-5.0,-0.009,6.677,-1.004,-3.0,4.839,6.532,-0.026,0.962,3.401,-1.004,-2.012,2.984,5.7,2.993,3.225,2.21,-2.006,-4.0,-1.001,-3.002,1.973,-0.341,8.685,-2.0,-0.046,-0.023,-1.015,-1.0,1.676,3.469,0.484,-4.0,-0.011,5.155,-3.003,-2.017,3.922,-3.0,2.67,-2.004,-1.029,0.0,-0.068,-2.0,-1.037,-3.042,-0.023,-0.055,-0.019,0.973,1.927,-3.075,-4.999,-0.022,4.416,-3.0,-0.643,-4.016,-0.033,1.585,-1.055,0.0,0.0,0.0,0.0,0.0,0.0,0.0,0.0,0.0,0.0
GoldS210,XAUUSDc,210,-5.2742,-31.645,1,-0.6951,0.0,494,28.3401,1,5,0,0.015,1.7,1.5,0.0,0.5,15,1,-38.555,6,0,1,9,0.5,1,-33.778,2.133,0.0,0.0,0.0,0.0,0.0,1.479,2.445,-4.0,-0.508,-1.495,-5.0,4.414,-0.507,-3.0,-0.452,-4.502,-3.0,-0.95,-3.0,-3.0,2.696,-0.951,0.217,0.91,-0.45,1.712,-0.021,-3.0,-0.463,-5.0,-4.0,-4.0,-1.51,-2.511,5.836,2.098,-4.999,0.05,2.078,4.707,-3.0,-0.515,-1.087,-3.0,2.174,-3.0,-4.0,8.01,1.382,-2.51,7.561,-1.503,-3.413,-1.511,-1.0,-3.014,-1.284,-2.018,0.407,0.486,6.823,-1.007,-3.0,5.35,-4.0,-0.996,1.688,-0.303,0.493,2.209,3.04,6.033,1.081,4.097,5.752,-4.0,-3.999,-0.501,-2.503,-1.509,1.781,3.797,4.581,0.944,-0.928,-0.028,-1.0,-1.677,1.856,2.059,-4.0,0.413,0.903,-2.125,-2.502,-0.068,-2.0,3.002,-4.0,0.825,0.0,1.399,-2.0,-3.0,-2.559,0.465,0.16,-1.526,-0.539,13.466,-3.138,-5.0,0.998,-0.041,-4.0,1.472,-6.0,5.637,-3.0,-2.508,0.0,0.0,0.0,0.0,0.0,0.0,0.0,0.0,0.0,0.0
GoldS210,XAUUSDc,178,-11.4178,-68.507,1,-0.7268,0.0,493,20.284,1,5,0,0.015,2.0,1.75,0.0,0.5,15,1,-79.229,19,0,1,5,0.5,1,-74.406,5.899,0.0,0.0,0.0,0.0,0.0,1.725,4.477,-3.999,-0.259,-4.0,-5.0,2.944,-0.258,-3.0,0.099,-4.252,-3.0,-4.0,-4.0,-3.0,4.62,0.501,-2.272,0.863,0.691,-2.263,-0.071,-3.0,1.167,-5.0,-4.0,-4.0,-1.262,-5.0,1.892,-3.074,-4.999,2.492,2.956,7.467,-3.0,-3.0,-4.0,-3.0,-3.0,-3.0,-4.0,-2.315,-2.175,-2.262,3.003,-1.254,-5.999,-1.262,-1.0,-5.257,1.189,-1.227,-4.0,0.699,10.282,-0.509,-3.0,-0.307,-4.0,-3.27,3.208,1.312,0.742,1.033,6.292,11.46,-2.999,6.939,2.68,-4.0,-3.999,-0.252,-2.254,-4.0,4.646,0.547,6.768,1.439,-2.26,2.423,-1.0,-6.0,3.035,5.03,-4.0,0.963,1.889,-1.637,-5.0,0.425,-2.0,1.413,-4.0,-0.285,0.0,2.131,-2.0,-3.0,-2.317,0.709,2.397,-1.28,-2.0,19.087,-6.0,-5.0,2.112,-3.291,-3.0,3.267,-6.0,5.858,-3.0,-2.259,0.0,0.0,0.0,0.0,0.0,0.0,0.0,0.0,0.0,0.0
GoldS210,XAUUSDc,144,-4.8177,-14.453,2,-0.4091,0.0,533,65.1032,1,5,0,0.015,1.7,0.5,0.0,0.5,15,1,-15.389,0,0,1,3,0.5,2,-23.494,9.041,0.0,0.0,0.0,0.0,0.0,0.493,-0.01,-2.011,1.982,0.493,-0.009,-0.511,-0.011,-2.504,-1.004,-4.501,0.492,-1.003,-1.006,-1.504,-1.543,-0.57,1.486,1.482,-0.058,-0.513,2.486,0.494,-1.008,-1.52,-1.505,-4.0,-0.535,-1.513,-0.007,0.437,-0.005,-0.516,-0.004,-0.511,-1.501,-0.01,-0.014,0.996,1.491,-0.01,-3.0,-0.567,-1.132,-0.005,-0.012,1.994,-0.015,0.483,0.496,-5.005,-1.007,2.887,-2.007,-0.504,1.947,-0.525,-3.0,1.986,-0.514,-0.018,0.975,2.483,1.492,1.48,1.491,0.489,-0.508,1.989,-1.01,-1.034,-2.5,-0.005,-3.501,0.487,-1.523,0.493,-2.5,-1.036,-1.511,-1.508,-1.0,-1.041,0.918,2.461,-2.503,2.466,0.976,-0.552,-3.009,1.447,-0.004,1.964,-1.008,2.47,0.0,-0.043,-2.0,-0.035,-0.559,-0.015,-0.049,-1.01,1.474,2.96,3.428,-2.01,0.481,3.396,-0.011,2.443,2.937,0.483,-1.004,0.956,0.0,0.0,0.0,0.0,0.0,0.0,0.0,0.0,0.0,0.0
GoldS210,XAUUSDc,202,-5.963,-17.889,2,-0.4643,0.0,520,53.0769,1,5,0,0.015,2.0,0.75,0.0,0.5,15,1,-20.072,0,0,1,9,0.5,2,-26.508,8.619,0.0,0.0,0.0,0.0,0.0,0.739,-1.481,-1.34,2.232,1.863,-0.757,0.628,0.606,-2.295,-0.507,-4.251,-0.871,-2.244,-0.508,-3.0,-0.798,-1.01,2.006,-0.032,0.933,0.231,1.985,1.444,-2.259,-5.0,0.04,-4.0,0.206,-2.488,-0.756,2.084,2.993,0.226,0.494,0.235,-3.0,0.484,-1.506,-0.254,0.497,-0.498,-4.0,3.364,-1.391,-0.758,1.462,1.241,-0.459,-0.51,-1.0,-4.507,-2.255,-0.046,-0.676,-0.257,3.103,0.221,-3.0,3.007,1.179,-0.77,0.222,1.984,0.493,-0.649,2.238,1.729,-0.262,2.989,-0.507,-0.019,-3.999,-1.251,-3.252,1.231,-1.525,2.385,-2.25,-0.54,-0.767,-1.261,-1.0,-0.022,0.288,1.942,-2.323,1.669,3.163,-3.252,-2.512,2.684,-1.255,3.731,-2.253,0.224,0.0,-0.801,-2.0,-1.278,-3.284,0.478,2.225,-0.515,0.48,5.19,-0.78,-0.861,1.221,4.722,1.512,0.264,1.482,1.287,-0.506,0.183,0.0,0.0,0.0,0.0,0.0,0.0,0.0,0.0,0.0,0.0
GoldS210,XAUUSDc,150,-3.3337,-10.001,2,-0.4085,0.0,515,42.5243,1,5,0,0.015,1.7,1.0,0.0,0.5,15,1,-13.216,0,0,1,3,0.5,1,-17.826,7.825,0.0,0.0,0.0,0.0,0.0,0.986,-2.007,-0.058,0.987,-0.905,-0.935,1.89,2.421,-1.047,-0.009,-4.001,-3.0,-4.0,-4.0,-3.0,-0.162,-0.433,4.17,0.094,2.379,0.468,1.63,3.083,-2.012,-5.0,-1.026,-4.0,0.734,-3.008,2.588,4.105,5.87,1.48,0.321,2.333,-3.0,-1.01,-1.007,-2.0,0.996,0.172,-4.0,1.838,0.966,-3.007,6.986,-0.009,-2.016,-2.007,-1.0,-4.009,-2.007,0.074,-4.0,-0.009,5.163,1.904,-3.0,3.028,2.73,-0.026,0.962,3.401,-1.004,-2.012,2.984,4.81,1.107,2.988,1.064,-2.006,-3.999,-1.001,-3.002,1.973,-2.072,4.77,-2.0,-0.046,-0.023,-1.015,-1.0,1.676,0.693,-0.368,-4.0,-0.919,3.674,-3.003,-2.017,3.922,-3.0,5.629,-2.004,-1.029,0.0,-0.068,-2.0,-1.037,-3.042,-0.023,3.246,-0.019,0.973,5.637,-0.026,-5.0,-0.022,2.926,-3.0,0.357,-1.287,-0.033,0.653,-1.055,0.0,0.0,0.0,0.0,0.0,0.0,0.0,0.0,0.0,0.0
GoldS210,XAUUSDc,209,-2.327,-4.654,3,-0.1442,0.0,501,36.1277,1,5,0,0.015,2.3,1.25,0.0,0.5,15,1,-9.425,0,0,1,9,0.5,3,-18.115,13.461,0.0,0.0,0.0,0.0,0.0,1.232,0.684,0.394,-0.756,-1.747,-5.0,3.152,3.024,-3.0,-0.753,-4.752,-3.0,-1.739,-3.0,-3.0,0.771,0.907,2.705,-0.642,4.071,0.738,-0.579,-0.752,-1.89,-5.0,-4.0,-4.0,1.972,-2.759,2.119,4.532,3.791,-0.478,1.2,3.217,-3.0,-0.763,-0.288,-2.0,2.772,-1.742,-4.0,5.004,1.719,-2.758,7.802,0.681,-3.761,-1.759,-1.0,-3.512,-1.758,-2.515,-0.531,0.239,5.593,-0.505,-3.0,3.967,0.565,-1.532,1.702,-0.51,0.244,-1.256,1.489,6.463,1.52,2.736,2.841,-1.758,-3.999,-0.751,-2.753,3.86,-0.978,5.788,-1.495,0.449,2.175,-0.769,-1.0,-0.979,1.032,0.844,-4.0,-0.513,3.618,-2.51,-2.752,4.1,0.418,2.395,-1.755,-0.241,0.0,0.666,-2.0,0.691,-2.801,0.221,1.92,-1.771,1.466,9.464,-3.474,-5.0,0.496,2.711,-4.0,0.613,-2.496,4.29,-1.317,0.432,0.0,0.0,0.0,0.0,0.0,0.0,0.0,0.0,0.0,0.0
GoldS210,XAUUSDc,45,1.628,2.442,4,0.0488,695.58,503,32.008,1,5,0,0.015,1.7,1.25,0.0,0.5,15,1,-14.544,11,0,1,7,0.0,3,-36.399,38.841,0.0,0.0,0.0,0.0,0.0,1.232,-2.533,0.341,-1.756,-3.0,-6.0,-0.513,5.021,-3.0,-0.753,-4.752,-3.0,-2.606,-4.0,-3.0,-3.752,3.055,0.632,-2.934,11.251,-0.519,-2.75,-0.752,-5.0,-6.0,-3.0,-4.0,-2.759,-2.759,2.637,16.48,-6.0,-0.373,1.574,-0.519,-3.0,-0.763,-2.756,-2.0,5.394,-1.167,-4.0,-1.565,0.82,-2.758,28.603,0.648,-3.761,-1.759,-1.0,-3.512,-1.758,-3.497,-5.0,0.239,3.529,-0.505,-3.0,4.398,0.416,-1.533,1.702,2.654,0.244,-1.501,1.49,-1.758,14.608,2.814,-1.648,-1.758,-4.0,-0.751,-2.753,5.048,5.042,16.223,-1.437,0.449,0.898,-0.769,-1.0,-1.769,-2.767,8.014,-4.0,-1.576,3.67,-2.746,-2.752,4.384,0.607,0.019,-1.755,3.27,0.0,0.666,-2.0,-0.734,-2.801,0.221,3.497,-1.771,1.466,10.452,-2.273,-5.0,0.662,2.658,-4.0,-0.431,-5.0,3.994,0.102,-0.568,0.0,0.0,0.0,0.0,0.0,0.0,0.0,0.0,0.0,0.0
GoldS210,XAUUSDc,163,-4.9427,-14.828,2,-0.4153,0.0,533,65.1032,1,5,0,0.015,2.0,0.5,0.0,0.5,15,1,-15.389,0,0,1,5,0.5,2,-23.869,9.041,0.0,0.0,0.0,0.0,0.0,0.493,-0.01,-2.011,1.982,0.493,-0.009,-0.511,-0.011,-2.504,-1.004,-4.501,0.492,-1.003,-1.006,-1.504,-1.543,-0.57,1.486,1.482,-0.058,-0.513,2.486,0.494,-1.008,-1.52,-1.505,-4.0,-0.535,-1.513,-0.007,0.437,-0.005,-0.516,-0.004,-0.511,-1.501,-0.01,-0.014,0.996,1.491,-0.01,-3.0,-0.567,-1.132,-0.005,-0.012,1.994,-0.015,0.483,0.496,-5.005,-1.007,2.512,-2.007,-0.504,1.947,-0.525,-3.0,1.986,-0.514,-0.018,0.975,2.483,1.492,1.48,1.491,0.489,-0.508,1.989,-1.01,-1.034,-2.5,-0.005,-3.501,0.487,-1.523,0.493,-2.5,-1.036,-1.511,-1.508,-1.0,-1.041,0.918,2.461,-2.503,2.466,0.976,-0.552,-3.009,1.447,-0.004,1.964,-1.008,2.47,0.0,-0.043,-2.0,-0.035,-0.559,-0.015,-0.049,-1.01,1.474,2.96,3.428,-2.01,0.481,3.396,-0.011,2.443,2.937,0.483,-1.004,0.956,0.0,0.0,0.0,0.0,0.0,0.0,0.0,0.0,0.0,0.0
GoldS210,XAUUSDc,58,-9.3375,-18.675,3,-0.402,0.0,521,51.4395,1,5,0,0.015,2.0,0.75,0.0,0.5,15,1,-33.774,1,0,1,9,0.0,2,-40.985,22.31,0.0,0.0,0.0,0.0,0.0,0.739,-1.481,-1.34,2.232,1.863,-0.757,-1.507,0.606,-2.295,-0.507,-4.251,-3.0,-3.244,-0.508,-3.0,-0.798,-0.59,2.103,-2.303,0.933,0.231,1.985,1.444,-2.259,-5.0,-0.549,-4.0,0.206,-2.485,-0.756,2.531,-0.19,0.226,0.494,0.235,-3.0,0.484,-1.506,-0.254,0.497,-0.498,-4.0,2.018,-1.391,-0.758,1.757,1.241,-0.299,-0.51,-1.0,-4.507,-2.255,-0.046,-3.186,-0.257,3.103,0.221,-3.0,3.007,-0.234,-0.77,0.222,1.984,0.493,-0.649,2.238,2.281,-0.262,2.989,-0.507,0.826,-4.0,-1.251,-3.252,1.231,-1.525,15.991,-2.25,-0.54,-0.767,-1.261,-1.0,-0.022,0.288,1.942,-2.323,1.669,3.293,-3.252,-2.512,2.684,-1.255,0.954,-2.253,0.224,0.0,-0.801,-2.0,-1.278,-3.284,0.478,2.225,-0.515,0.48,5.414,-0.78,-0.474,1.221,4.722,2.889,0.264,1.507,1.287,-0.506,0.183,0.0,0.0,0.0,0.0,0.0,0.0,0.0,0.0,0.0,0.0
GoldS210,XAUUSDc,74,-4.7407,-14.222,2,-0.4052,0.0,533,65.1032,1,5,0,0.015,2.3,0.5,0.0,0.5,15,1,-15.389,0,0,1,3,0.25,2,-23.263,9.041,0.0,0.0,0.0,0.0,0.0,0.493,-0.01,-2.011,1.982,0.493,-0.009,-0.511,-0.011,-2.504,-1.004,-4.501,0.492,-1.003,-1.006,-1.504,-1.543,-0.57,1.486,1.482,-0.058,-0.513,2.486,0.494,-1.008,-1.52,-1.505,-4.0,-0.535,-1.513,-0.007,0.437,-0.005,-0.516,-0.004,-0.511,-1.501,-0.01,-0.014,0.996,1.491,-0.01,-3.0,-0.567,-1.132,-0.005,-0.012,1.994,-0.015,0.483,0.496,-5.005,-1.007,3.118,-2.007,-0.504,1.947,-0.525,-3.0,1.986,-0.514,-0.018,0.975,2.483,1.492,1.48,1.491,0.489,-0.508,1.989,-1.01,-1.034,-2.5,-0.005,-3.501,0.487,-1.523,0.493,-2.5,-1.036,-1.511,-1.508,-1.0,-1.041,0.918,2.461,-2.503,2.466,0.976,-0.552,-3.009,1.447,-0.004,1.964,-1.008,2.47,0.0,-0.043,-2.0,-0.035,-0.559,-0.015,-0.049,-1.01,1.474,2.96,3.428,-2.01,0.481,3.396,-0.011,2.443,2.937,0.483,-1.004,0.956,0.0,0.0,0.0,0.0,0.0,0.0,0.0,0.0,0.0,0.0
GoldS210,XAUUSDc,203,-5.963,-17.889,2,-0.4643,0.0,520,53.0769,1,5,0,0.015,2.3,0.75,0.0,0.5,15,1,-20.072,0,0,1,9,0.5,2,-26.508,8.619,0.0,0.0,0.0,0.0,0.0,0.739,-1.481,-1.34,2.232,1.863,-0.757,0.628,0.606,-2.295,-0.507,-4.251,-0.871,-2.244,-0.508,-3.0,-0.798,-1.01,2.006,-0.032,0.933,0.231,1.985,1.444,-2.259,-5.0,0.04,-4.0,0.206,-2.488,-0.756,2.084,2.993,0.226,0.494,0.235,-3.0,0.484,-1.506,-0.254,0.497,-0.498,-4.0,3.364,-1.391,-0.758,1.462,1.241,-0.459,-0.51,-1.0,-4.507,-2.255,-0.046,-0.676,-0.257,3.103,0.221,-3.0,3.007,1.179,-0.77,0.222,1.984,0.493,-0.649,2.238,1.729,-0.262,2.989,-0.507,-0.019,-3.999,-1.251,-3.252,1.231,-1.525,2.385,-2.25,-0.54,-0.767,-1.261,-1.0,-0.022,0.288,1.942,-2.323,1.669,3.163,-3.252,-2.512,2.684,-1.255,3.731,-2.253,0.224,0.0,-0.801,-2.0,-1.278,-3.284,0.478,2.225,-0.515,0.48,5.19,-0.78,-0.861,1.221,4.722,1.512,0.264,1.482,1.287,-0.506,0.183,0.0,0.0,0.0,0.0,0.0,0.0,0.0,0.0,0.0,0.0
GoldS210,XAUUSDc,124,-11.796,-70.776,1,-0.8808,0.0,499,20.2405,1,5,0,0.015,2.0,1.75,0.0,0.5,15,1,-87.191,15,0,1,7,0.25,1,-55.187,-15.589,0.0,0.0,0.0,0.0,0.0,1.725,7.015,-4.0,-1.259,-3.0,-6.0,6.787,-0.258,-3.0,-0.096,-4.252,-3.0,-5.0,-4.0,-3.0,-1.862,-0.256,-3.272,-0.789,4.295,-2.263,-0.449,-3.0,7.708,-5.0,-4.0,-4.0,-2.262,-2.011,13.205,-4.031,-6.0,0.795,-3.0,11.112,-3.0,-0.235,-3.999,-3.0,-3.0,-3.0,-4.0,1.969,-1.12,-2.262,13.164,-1.254,-6.0,-1.262,-1.0,-5.257,0.644,-1.157,-5.0,0.699,13.47,-0.509,-3.0,-0.307,-4.0,0.027,3.669,5.813,0.742,14.673,6.254,-1.262,-2.0,3.947,6.013,-4.0,-4.0,-0.252,-2.254,-3.998,-4.0,0.107,-4.0,1.439,-2.658,0.828,-1.0,-2.73,-2.274,-2.257,-4.0,-0.68,4.817,-2.239,-5.0,0.425,-2.0,-0.933,-4.0,3.237,0.0,2.131,-2.0,-3.0,-2.317,0.709,1.931,-1.28,-2.0,8.612,-6.0,-5.0,1.787,-2.29,-4.0,2.339,-5.0,2.24,-3.999,-1.259,0.0,0.0,0.0,0.0,0.0,0.0,0.0,0.0,0.0,0.0
GoldS210,XAUUSDc,123,-11.7985,-70.791,1,-0.8808,0.0,499,20.2405,1,5,0,0.015,1.7,1.75,0.0,0.5,15,1,-87.206,15,0,1,7,0.25,1,-55.202,-15.589,0.0,0.0,0.0,0.0,0.0,1.725,7.015,-4.0,-1.259,-3.0,-6.0,6.787,-0.258,-3.0,-0.096,-4.252,-3.0,-5.0,-4.0,-3.0,-1.862,-0.256,-3.272,-0.789,4.295,-2.263,-0.449,-3.0,7.708,-5.0,-4.0,-4.0,-2.262,-2.011,13.19,-4.031,-6.0,0.795,-3.0,11.112,-3.0,-0.235,-3.999,-3.0,-3.0,-3.0,-4.0,1.969,-1.12,-2.262,13.164,-1.254,-6.0,-1.262,-1.0,-5.257,0.644,-1.157,-5.0,0.699,13.47,-0.509,-3.0,-0.307,-4.0,0.027,3.669,5.813,0.742,14.673,6.254,-1.262,-2.0,3.947,6.013,-4.0,-4.0,-0.252,-2.254,-3.998,-4.0,0.107,-4.0,1.439,-2.658,0.828,-1.0,-2.73,-2.274,-2.257,-4.0,-0.68,4.817,-2.239,-5.0,0.425,-2.0,-0.933,-4.0,3.237,0.0,2.131,-2.0,-3.0,-2.317,0.709,1.931,-1.28,-2.0,8.612,-6.0,-5.0,1.787,-2.29,-4.0,2.339,-5.0,2.24,-3.999,-1.259,0.0,0.0,0.0,0.0,0.0,0.0,0.0,0.0,0.0,0.0
GoldS210,XAUUSDc,70,-27.2367,-81.71,2,-0.8998,0.0,494,21.8623,1,5,0,0.015,2.0,1.75,0.0,0.5,15,1,-94.722,11,0,1,9,0.0,1,-67.105,-14.605,0.0,0.0,0.0,0.0,0.0,1.725,-1.85,-4.0,-0.259,-1.244,-6.0,-2.25,-0.258,-3.0,-0.181,-4.252,-3.0,-1.485,-3.0,-3.0,-1.841,-2.038,-2.272,2.425,8.802,8.229,4.008,-4.0,-4.0,-5.0,-3.999,-4.0,-2.262,-2.178,9.088,-4.072,-6.0,0.58,-3.0,0.473,-3.0,-0.246,-0.641,-3.0,-3.0,-3.0,-4.0,0.966,-2.254,-2.262,7.059,-1.254,-6.0,-1.262,-1.0,-1.593,-0.951,-1.521,2.266,0.699,12.071,0.93,-3.0,-0.307,-4.0,0.185,3.536,2.142,0.742,7.324,4.347,-1.262,-2.0,4.41,5.645,-4.0,-4.0,-0.252,-2.254,-3.999,-4.0,-0.237,-4.0,1.439,-3.106,1.301,-1.0,-2.148,-2.274,-2.255,-4.0,1.337,2.547,-1.74,-5.0,0.425,-2.0,-3.043,-4.0,1.989,0.0,2.131,-2.0,-2.999,-2.317,0.709,0.949,-1.28,-2.0,24.115,-6.0,-5.0,1.502,2.48,-4.0,2.171,-5.999,1.699,-4.0,-1.259,0.0,0.0,0.0,0.0,0.0,0.0,0.0,0.0,0.0,0.0
GoldS210,XAUUSDc,145,-4.8177,-14.453,2,-0.4091,0.0,533,65.1032,1,5,0,0.015,2.0,0.5,0.0,0.5,15,1,-15.389,0,0,1,3,0.5,2,-23.494,9.041,0.0,0.0,0.0,0.0,0.0,0.493,-0.01,-2.011,1.982,0.493,-0.009,-0.511,-0.011,-2.504,-1.004,-4.501,0.492,-1.003,-1.006,-1.504,-1.543,-0.57,1.486,1.482,-0.058,-0.513,2.486,0.494,-1.008,-1.52,-1.505,-4.0,-0.535,-1.513,-0.007,0.437,-0.005,-0.516,-0.004,-0.511,-1.501,-0.01,-0.014,0.996,1.491,-0.01,-3.0,-0.567,-1.132,-0.005,-0.012,1.994,-0.015,0.483,0.496,-5.005,-1.007,2.887,-2.007,-0.504,1.947,-0.525,-3.0,1.986,-0.514,-0.018,0.975,2.483,1.492,1.48,1.491,0.489,-0.508,1.989,-1.01,-1.034,-2.5,-0.005,-3.501,0.487,-1.523,0.493,-2.5,-1.036,-1.511,-1.508,-1.0,-1.041,0.918,2.461,-2.503,2.466,0.976,-0.552,-3.009,1.447,-0.004,1.964,-1.008,2.47,0.0,-0.043,-2.0,-0.035,-0.559,-0.015,-0.049,-1.01,1.474,2.96,3.428,-2.01,0.481,3.396,-0.011,2.443,2.937,0.483,-1.004,0.956,0.0,0.0,0.0,0.0,0.0,0.0,0.0,0.0,0.0,0.0
GoldS210,XAUUSDc,57,-9.3375,-18.675,3,-0.402,0.0,521,51.4395,1,5,0,0.015,1.7,0.75,0.0,0.5,15,1,-33.774,1,0,1,9,0.0,2,-40.985,22.31,0.0,0.0,0.0,0.0,0.0,0.739,-1.481,-1.34,2.232,1.863,-0.757,-1.507,0.606,-2.295,-0.507,-4.251,-3.0,-3.244,-0.508,-3.0,-0.798,-0.59,2.103,-2.303,0.933,0.231,1.985,1.444,-2.259,-5.0,-0.549,-4.0,0.206,-2.485,-0.756,2.531,-0.19,0.226,0.494,0.235,-3.0,0.484,-1.506,-0.254,0.497,-0.498,-4.0,2.018,-1.391,-0.758,1.757,1.241,-0.299,-0.51,-1.0,-4.507,-2.255,-0.046,-3.186,-0.257,3.103,0.221,-3.0,3.007,-0.234,-0.77,0.222,1.984,0.493,-0.649,2.238,2.281,-0.262,2.989,-0.507,0.826,-4.0,-1.251,-3.252,1.231,-1.525,15.991,-2.25,-0.54,-0.767,-1.261,-1.0,-0.022,0.288,1.942,-2.323,1.669,3.293,-3.252,-2.512,2.684,-1.255,0.954,-2.253,0.224,0.0,-0.801,-2.0,-1.278,-3.284,0.478,2.225,-0.515,0.48,5.414,-0.78,-0.474,1.221,4.722,2.889,0.264,1.507,1.287,-0.506,0.183,0.0,0.0,0.0,0.0,0.0,0.0,0.0,0.0,0.0,0.0
GoldS210,XAUUSDc,77,-4.9305,-9.861,3,-0.2524,0.0,522,50.3831,1,5,0,0.015,2.3,0.75,0.0,0.5,15,1,-14.894,1,0,1,3,0.25,2,-35.369,25.508,0.0,0.0,0.0,0.0,0.0,0.739,-2.505,-3.261,1.232,0.495,-0.757,1.288,2.238,-2.295,-0.507,-4.251,-3.0,-5.0,-0.508,-3.0,-0.798,-1.219,1.022,-0.35,0.933,0.231,1.985,2.377,-2.259,-5.0,-2.257,-4.0,0.206,-2.427,-0.756,2.76,0.364,0.226,0.494,0.235,-3.0,0.484,-1.506,-0.254,0.497,-1.429,-3.0,6.058,-1.391,-0.758,2.988,1.241,0.165,-0.51,-1.0,-4.507,-2.255,1.134,-2.221,-0.257,3.982,0.221,-3.0,3.669,3.318,-0.77,0.222,1.984,0.493,-2.509,2.238,3.823,-0.262,3.632,0.779,0.786,-4.0,-1.251,-3.252,1.231,-1.525,5.144,-2.25,-0.54,-0.767,-1.261,-1.0,0.115,-1.525,1.942,-2.323,2.622,3.898,-3.252,-2.512,2.684,-1.255,6.987,-2.253,0.224,0.0,-0.801,-2.0,-1.278,-3.284,0.478,3.575,-0.515,0.48,6.405,-0.78,0.197,1.221,4.612,2.317,0.445,2.274,-0.525,-0.506,0.183,0.0,0.0,0.0,0.0,0.0,0.0,0.0,0.0,0.0,0.0
GoldS210,XAUUSDc,60,9.6935,19.387,3,0.7214,113.88,514,42.2179,1,5,0,0.015,1.7,1.0,0.0,0.5,15,1,-2.691,4,0,1,9,0.0,1,-6.029,25.416,0.0,0.0,0.0,0.0,0.0,0.986,-0.887,-0.522,0.986,0.877,-4.0,-1.01,1.579,-1.047,-0.009,-4.001,-3.0,-2.992,0.179,-3.0,17.364,0.713,3.604,-1.414,3.415,1.433,2.682,2.273,-2.012,-5.0,-2.04,-4.0,-1.01,-3.008,4.366,6.339,-2.004,1.273,-3.0,-1.016,-3.0,-1.01,-1.007,-2.0,0.996,0.004,-4.0,3.508,0.779,-3.007,8.985,-0.009,-2.016,-2.007,-1.0,-4.009,-2.007,-1.033,-2.928,-0.009,7.403,-1.004,-3.0,2.779,1.235,-0.026,0.962,3.925,3.068,0.169,2.984,2.864,0.96,4.103,-0.005,-2.006,-4.0,-1.001,-3.002,1.973,-0.818,23.691,-2.0,-0.046,-0.023,-1.015,-1.0,1.091,-0.096,0.916,-4.0,-1.378,4.171,-3.003,-2.017,3.922,0.103,0.177,-2.004,-1.029,0.0,-0.068,-2.0,-1.037,-3.042,-0.023,2.552,-0.019,0.973,8.81,-0.845,-5.0,-0.022,3.625,-4.0,-0.918,-4.016,2.072,0.05,-0.055,0.0,0.0,0.0,0.0,0.0,0.0,0.0,0.0,0.0,0.0
GoldS210,XAUUSDc,177,-11.4253,-68.552,1,-0.7273,0.0,493,20.284,1,5,0,0.015,1.7,1.75,0.0,0.5,15,1,-79.274,19,0,1,5,0.5,1,-74.406,5.854,0.0,0.0,0.0,0.0,0.0,1.725,4.477,-3.999,-0.259,-4.0,-5.0,2.944,-0.258,-3.0,0.099,-4.252,-3.0,-4.0,-4.0,-3.0,4.62,0.501,-2.272,0.863,0.691,-2.263,-0.071,-3.0,1.167,-5.0,-4.0,-4.0,-1.262,-5.0,1.892,-3.074,-4.999,2.492,2.956,7.467,-3.0,-3.0,-4.0,-3.0,-3.0,-3.0,-4.0,-2.315,-2.175,-2.262,3.003,-1.254,-5.999,-1.262,-1.0,-5.257,1.189,-1.227,-4.0,0.699,10.282,-0.509,-3.0,-0.307,-4.0,-3.27,3.208,1.312,0.742,1.033,6.292,11.46,-2.999,6.894,2.68,-4.0,-3.999,-0.252,-2.254,-4.0,4.646,0.547,6.768,1.439,-2.26,2.423,-1.0,-6.0,3.035,5.03,-4.0,0.963,1.889,-1.637,-5.0,0.425,-2.0,1.413,-4.0,-0.285,0.0,2.131,-2.0,-3.0,-2.317,0.709,2.397,-1.28,-2.0,19.087,-6.0,-5.0,2.112,-3.291,-3.0,3.267,-6.0,5.858,-3.0,-2.259,0.0,0.0,0.0,0.0,0.0,0.0,0.0,0.0,0.0,0.0
GoldS210,XAUUSDc,181,-4.9377,-14.813,2,-0.415,0.0,533,65.1032,1,5,0,0.015,2.0,0.5,0.0,0.5,15,1,-15.389,0,0,1,7,0.5,2,-23.854,9.041,0.0,0.0,0.0,0.0,0.0,0.493,-0.01,-2.011,1.982,0.493,-0.009,-0.511,-0.011,-2.504,-1.004,-4.501,0.492,-1.003,-1.006,-1.504,-1.543,-0.57,1.486,1.482,-0.058,-0.513,2.486,0.494,-1.008,-1.52,-1.505,-4.0,-0.535,-1.513,-0.007,0.437,-0.005,-0.516,-0.004,-0.511,-1.501,-0.01,-0.014,0.996,1.491,-0.01,-3.0,-0.567,-1.132,-0.005,-0.012,1.994,-0.015,0.483,0.496,-5.005,-1.007,2.527,-2.007,-0.504,1.947,-0.525,-3.0,1.986,-0.514,-0.018,0.975,2.483,1.492,1.48,1.491,0.489,-0.508,1.989,-1.01,-1.034,-2.5,-0.005,-3.501,0.487,-1.523,0.493,-2.5,-1.036,-1.511,-1.508,-1.0,-1.041,0.918,2.461,-2.503,2.466,0.976,-0.552,-3.009,1.447,-0.004,1.964,-1.008,2.47,0.0,-0.043,-2.0,-0.035,-0.559,-0.015,-0.049,-1.01,1.474,2.96,3.428,-2.01,0.481,3.396,-0.011,2.443,2.937,0.483,-1.004,0.956,0.0,0.0,0.0,0.0,0.0,0.0,0.0,0.0,0.0,0.0
GoldS210,XAUUSDc,95,-6.05,-12.1,3,-0.309,0.0,521,50.8637,1,5,0,0.015,2.3,0.75,0.0,0.5,15,1,-16.417,0,0,1,5,0.25,2,-34.093,21.993,0.0,0.0,0.0,0.0,0.0,0.739,-1.464,-0.927,1.232,0.495,-0.757,1.288,2.238,-2.295,-0.507,-4.251,-3.0,-5.0,-0.508,-3.0,-0.798,-0.729,0.373,-0.35,0.933,0.231,1.985,1.673,-2.259,-5.0,-2.257,-4.0,0.206,-2.397,-0.756,2.87,0.978,0.226,0.494,0.235,-3.0,0.484,-1.506,-0.254,0.497,-1.4,-3.0,6.321,-1.391,-0.758,2.485,1.241,0.024,-0.51,-1.0,-4.507,-2.255,0.061,-2.786,-0.257,3.262,0.221,-3.0,3.307,4.073,-0.77,0.222,1.984,0.493,-2.509,2.238,3.823,-0.262,3.162,-0.13,0.786,-4.0,-1.251,-3.252,1.231,-1.525,5.144,-2.25,-0.54,-0.767,-1.261,-1.0,0.094,0.913,1.942,-2.323,1.555,3.898,-3.252,-2.512,2.684,-1.255,5.571,-2.253,0.224,0.0,-0.801,-2.0,-1.278,-3.284,0.478,2.889,-0.515,0.48,6.453,-0.78,-0.071,1.221,3.978,2.317,0.242,2.274,-0.525,-0.506,0.183,0.0,0.0,0.0,0.0,0.0,0.0,0.0,0.0,0.0,0.0
GoldS210,XAUUSDc,139,-4.7865,-9.573,3,-0.1907,0.0,500,26.6,1,5,0,0.015,2.0,1.5,0.0,0.5,15,1,-22.927,16,0,1,9,0.25,2,-31.554,21.981,0.0,0.0,0.0,0.0,0.0,1.479,-2.196,-4.0,-0.508,-1.495,-5.999,7.461,-0.507,-3.0,-0.452,-4.502,-3.0,-1.95,-3.0,-3.0,-3.391,1.22,0.543,0.911,2.162,1.712,-0.022,-3.0,0.14,-4.999,-4.0,-4.0,-2.51,-2.511,6.071,6.201,-6.0,0.05,-3.0,7.98,-3.0,-0.515,-1.087,-3.0,-3.0,-3.0,-4.0,12.844,1.382,-2.51,17.886,-1.503,-3.413,-1.511,-1.0,-3.014,-1.284,-2.018,0.815,0.486,9.655,-1.007,-3.0,5.96,-4.0,-0.996,3.009,0.549,0.493,2.977,3.04,12.844,2.081,4.097,9.028,-4.0,-4.0,-0.501,-2.503,-1.509,6.134,6.869,8.294,0.944,-0.928,-0.028,-1.0,-2.677,-2.521,5.154,-4.0,0.413,1.43,-2.125,-2.502,-0.068,-2.0,-2.374,-4.0,0.825,0.0,1.399,-2.0,-3.0,-2.559,0.465,0.16,-1.526,-0.539,11.581,-3.138,-5.0,0.998,-0.041,-4.0,1.472,-6.0,1.16,-4.0,-1.508,0.0,0.0,0.0,0.0,0.0,0.0,0.0,0.0,0.0,0.0
GoldS210,XAUUSDc,86,20.4865,40.973,3,0.5772,67.55,506,21.7391,1,5,0,0.015,2.3,1.5,0.0,0.5,15,1,13.294,29,0,1,3,0.25,2,-20.107,61.08,0.0,0.0,0.0,0.0,0.0,1.479,-3.506,-4.0,-1.507,-3.0,-6.0,7.461,-0.506,-3.0,1.321,-4.502,-3.0,-5.0,-3.999,-3.0,-6.0,-4.999,-3.519,1.46,3.443,-0.847,-2.03,-3.0,2.188,-5.0,-4.0,-4.0,-2.51,-2.511,11.269,-1.513,-5.999,1.874,-3.0,10.457,-3.0,-0.515,-5.0,-1.999,-3.0,-4.0,-3.0,26.115,9.378,-2.51,30.369,-1.503,-6.0,-1.511,-1.0,-3.014,0.79,0.702,-5.0,0.486,11.286,-1.007,-3.0,10.844,-4.0,-0.649,8.485,1.852,0.493,1.516,6.372,24.152,5.425,10.097,6.651,-4.0,-4.0,-0.501,-2.503,-1.509,11.031,9.439,16.277,0.944,2.105,0.781,-1.0,-7.0,-2.521,4.756,-4.0,2.37,3.875,-1.619,-2.502,-0.068,-3.0,-5.0,-4.0,1.834,0.0,1.399,-2.0,-3.0,-2.559,0.465,-3.536,-1.526,-0.539,2.168,-6.0,-4.999,5.343,-1.04,-3.0,-0.876,-6.0,6.682,-3.999,-2.508,0.0,0.0,0.0,0.0,0.0,0.0,0.0,0.0,0.0,0.0
GoldS210,XAUUSDc,211,-5.2623,-31.574,1,-0.6946,0.0,494,28.3401,1,5,0,0.015,2.0,1.5,0.0,0.5,15,1,-38.484,6,0,1,9,0.5,1,-33.707,2.133,0.0,0.0,0.0,0.0,0.0,1.479,2.445,-4.0,-0.508,-1.495,-5.0,4.414,-0.507,-3.0,-0.452,-4.502,-3.0,-0.95,-3.0,-3.0,2.696,-0.951,0.217,0.91,-0.45,1.712,-0.021,-3.0,-0.463,-5.0,-4.0,-4.0,-1.51,-2.511,5.836,2.098,-4.999,0.05,2.078,4.707,-3.0,-0.515,-1.087,-3.0,2.174,-3.0,-4.0,8.01,1.382,-2.51,7.632,-1.503,-3.413,-1.511,-1.0,-3.014,-1.284,-2.018,0.407,0.486,6.823,-1.007,-3.0,5.35,-4.0,-0.996,1.688,-0.303,0.493,2.209,3.04,6.033,1.081,4.097,5.752,-4.0,-3.999,-0.501,-2.503,-1.509,1.781,3.797,4.581,0.944,-0.928,-0.028,-1.0,-1.677,1.856,2.059,-4.0,0.413,0.903,-2.125,-2.502,-0.068,-2.0,3.002,-4.0,0.825,0.0,1.399,-2.0,-3.0,-2.559,0.465,0.16,-1.526,-0.539,13.466,-3.138,-5.0,0.998,-0.041,-4.0,1.472,-6.0,5.637,-3.0,-2.508,0.0,0.0,0.0,0.0,0.0,0.0,0.0,0.0,0.0,0.0
GoldS210,XAUUSDc,98,4.8795,9.759,3,0.3635,94.84,516,40.3101,1,5,0,0.015,2.3,1.0,0.0,0.5,15,1,0.504,7,0,1,5,0.25,2,-12.038,21.797,0.0,0.0,0.0,0.0,0.0,0.986,-0.807,0.684,-0.014,-3.0,-0.189,3.346,5.184,-1.047,-0.009,-4.001,-3.0,-5.0,-4.0,-3.0,4.88,0.459,1.793,-0.913,3.461,0.386,2.169,2.597,-2.012,-5.0,-4.0,-4.0,-1.01,-3.008,4.924,6.485,-2.004,1.859,-3.0,-1.016,-3.0,-1.01,-1.007,-2.0,0.996,-0.758,-3.0,6.047,2.768,-3.006,14.877,-0.009,-2.016,-2.007,-1.0,-4.009,-2.007,-0.879,-5.0,-0.009,7.843,-1.004,-3.0,4.061,7.305,-0.026,0.962,2.985,-1.004,-2.012,2.984,5.7,2.993,4.464,0.644,-2.006,-4.0,-1.001,-3.002,1.973,-0.641,8.064,-2.0,-0.046,-0.023,-1.015,-1.0,1.586,2.014,0.628,-4.0,-1.541,5.468,-3.003,-2.017,3.922,0.286,10.374,-2.004,-1.029,0.0,-0.068,-2.0,-1.037,-3.042,-0.023,4.43,-0.019,0.973,1.927,-3.055,-5.0,-0.022,3.139,-3.0,-0.951,-4.016,-0.033,0.575,-1.055,0.0,0.0,0.0,0.0,0.0,0.0,0.0,0.0,0.0,0.0
GoldS210,XAUUSDc,132,2.85,5.7,3,0.2184,137.79,514,42.8016,1,5,0,0.015,1.7,1.0,0.0,0.5,15,1,-2.154,4,0,1,9,0.25,2,-17.867,23.567,0.0,0.0,0.0,0.0,0.0,0.986,-0.887,-0.522,0.986,0.877,-3.999,3.346,1.579,-1.047,-0.009,-4.001,-3.0,-2.992,0.179,-3.0,4.541,0.713,3.604,-1.413,2.535,-0.023,1.846,2.273,-2.012,-4.999,-4.0,-4.0,-1.01,-3.008,4.089,5.614,-2.004,1.273,-3.0,2.726,-3.0,-1.01,-1.007,-2.0,0.996,0.004,-4.0,3.507,0.779,-3.007,8.985,-0.009,-2.016,-2.007,-1.0,-4.009,-2.007,-1.033,-2.928,-0.009,7.403,-1.004,-3.0,2.779,6.09,-0.026,0.962,3.925,-1.004,0.169,2.984,2.864,0.96,4.103,-0.005,-2.006,-4.0,-1.001,-3.002,1.973,-0.828,5.579,-2.0,-0.046,-0.023,-1.015,-1.0,1.091,-0.096,0.541,-4.0,-1.378,4.171,-3.003,-2.017,3.922,0.103,10.031,-2.004,-1.029,0.0,-0.068,-2.0,-1.037,-3.042,-0.023,2.552,-0.019,0.973,7.821,-0.845,-5.0,-0.022,3.624,-4.0,0.082,1.004,2.072,0.05,-0.055,0.0,0.0,0.0,0.0,0.0,0.0,0.0,0.0,0.0,0.0
GoldS210,XAUUSDc,107,-12.6768,-76.061,1,-0.8817,0.0,500,17.6,1,5,0,0.015,2.3,1.75,0.0,0.5,15,1,-95.027,20,0,1,5,0.25,1,-63.436,-12.625,0.0,0.0,0.0,0.0,0.0,1.725,7.903,-4.0,-1.259,-3.0,-6.0,6.787,-0.258,-3.0,0.099,-4.252,-3.0,-5.0,-4.0,-3.0,-1.415,2.238,-3.272,5.954,4.907,-2.262,-0.071,-3.0,8.092,-5.0,-4.0,-4.0,-2.262,-5.0,5.225,-3.074,-6.0,2.492,-3.0,0.473,-3.0,-3.0,-5.0,-2.0,-2.999,-4.0,-3.0,-2.314,-0.903,-2.261,15.715,-1.254,-6.0,-1.262,-1.0,-5.257,4.556,-1.227,-5.0,0.699,18.022,-0.509,-3.0,-0.307,-4.0,-3.269,8.36,3.865,0.742,10.559,8.146,-1.262,-2.0,-0.27,6.733,-4.0,-4.0,-0.252,-2.254,-4.0,-4.0,0.547,-4.0,1.439,-2.26,4.559,-1.0,-7.0,-2.274,-2.257,-4.0,0.963,5.606,-1.637,-5.0,0.425,-2.0,-4.999,-4.0,1.155,0.0,2.131,-2.0,-3.0,-2.317,0.709,5.946,-1.28,-2.0,14.376,-6.0,-5.0,2.112,-3.291,-3.0,3.267,-6.0,-1.289,-4.0,-1.259,0.0,0.0,0.0,0.0,0.0,0.0,0.0,0.0,0.0,0.0
GoldS210,XAUUSDc,161,-17.2457,-51.737,2,-0.5499,0.0,495,20.202,1,5,0,0.015,2.3,1.75,0.0,0.5,15,1,-62.459,20,0,1,3,0.5,1,-74.234,22.497,0.0,0.0,0.0,0.0,0.0,1.725,2.8,-4.0,-0.258,-4.0,-5.0,2.944,-0.258,-3.0,2.108,-4.252,-3.0,-4.0,-4.0,-3.0,4.62,0.621,-2.272,0.863,0.69,-3.263,-1.622,-3.0,1.167,-5.0,-4.0,-4.0,-1.262,-5.0,1.892,-1.769,-4.999,3.205,2.956,7.467,-3.0,-3.0,-4.0,-3.0,-3.0,-3.0,-4.0,-2.315,-2.175,-2.262,3.003,-1.254,-5.999,-1.262,-1.0,-5.257,1.189,0.593,-4.0,0.699,8.716,-0.509,-3.0,-0.307,-4.0,-3.27,3.208,1.379,0.742,1.033,6.292,11.46,-2.999,9.528,8.42,-4.0,-3.999,-0.252,-2.254,-4.0,4.646,2.225,6.771,1.439,-1.138,2.779,-1.0,-6.0,3.035,5.03,-4.0,1.839,1.889,-1.053,-5.0,0.425,-3.0,1.413,-4.0,-0.285,0.0,2.131,-2.0,-3.0,-2.317,0.709,2.613,-1.28,-2.0,20.695,-6.0,-5.0,3.942,-3.291,-3.0,4.456,-6.0,5.598,-3.0,-2.259,0.0,0.0,0.0,0.0,0.0,0.0,0.0,0.0,0.0,0.0
GoldS210,XAUUSDc,167,-5.6317,-16.895,2,-0.4611,0.0,520,52.5,1,5,0,0.015,2.3,0.75,0.0,0.5,15,1,-19.078,0,0,1,5,0.5,2,-24.847,7.952,0.0,0.0,0.0,0.0,0.0,0.739,-1.464,-1.18,2.232,2.018,-0.757,0.628,1.163,-2.295,-0.507,-4.251,-0.871,-4.0,-0.508,-3.0,-0.798,-1.01,2.445,0.667,0.933,0.231,1.985,1.673,-2.259,-5.0,0.04,-4.0,0.206,-2.488,-0.756,2.091,3.095,0.226,0.494,0.235,-3.0,0.484,-1.506,-0.254,0.497,-0.4,-4.0,3.418,-1.391,-0.758,1.697,1.241,-0.301,-0.51,-1.0,-4.507,-2.255,0.061,-0.276,-0.257,3.166,0.221,-3.0,3.279,1.179,-0.77,0.222,1.984,0.493,-2.509,2.238,2.12,-0.262,3.162,-0.13,-0.019,-3.999,-1.251,-3.252,1.231,-1.525,2.702,-2.25,-0.54,-0.767,-1.261,-1.0,0.094,0.868,1.942,-2.323,1.555,3.163,-3.252,-2.512,2.684,-1.255,3.977,-2.253,0.224,0.0,-0.801,-2.0,-1.278,-3.284,0.478,2.568,-0.515,0.48,5.19,-0.78,-0.861,1.221,3.872,2.625,0.242,1.482,-0.525,-0.506,0.183,0.0,0.0,0.0,0.0,0.0,0.0,0.0,0.0,0.0,0.0
GoldS210,XAUUSDc,102,10.182,20.364,3,0.2729,109.39,503,22.4652,1,5,0,0.015,1.7,1.5,0.0,0.5,15,1,-1.913,28,0,1,5,0.25,2,-26.646,47.01,0.0,0.0,0.0,0.0,0.0,1.479,4.981,-4.0,-1.508,-3.0,-6.0,7.461,-0.507,-3.0,-0.251,-4.502,-3.0,-5.0,-4.0,-3.0,-3.033,0.71,-3.519,1.46,2.8,-1.02,-2.131,-3.0,3.07,-5.0,-4.0,-4.0,-2.51,-2.511,11.126,-3.614,-6.0,1.374,-3.0,-0.022,-3.0,-0.515,-5.0,-2.0,-2.999,-4.0,-3.0,19.667,10.382,-2.509,29.579,-1.503,-6.0,-1.511,-1.0,-3.014,2.729,-1.771,-5.0,0.486,14.279,-1.007,-3.0,9.268,-4.0,-0.913,5.078,1.801,0.493,4.745,5.206,21.767,5.425,6.688,5.082,-4.0,-4.0,-0.501,-2.503,-1.509,8.785,7.453,15.963,0.944,-0.39,0.528,-1.0,-7.0,-2.521,5.343,-4.0,0.11,3.875,-2.049,-2.502,-0.068,-2.0,-4.999,-4.0,2.029,0.0,1.399,-2.0,-3.0,-2.559,0.465,4.118,-1.526,-0.539,2.168,-6.0,-5.0,1.481,-1.041,-3.0,2.185,-6.0,-1.533,-4.0,-1.508,0.0,0.0,0.0,0.0,0.0,0.0,0.0,0.0,0.0,0.0
GoldS210,XAUUSDc,73,-4.7407,-14.222,2,-0.4052,0.0,533,65.1032,1,5,0,0.015,2.0,0.5,0.0,0.5,15,1,-15.389,0,0,1,3,0.25,2,-23.263,9.041,0.0,0.0,0.0,0.0,0.0,0.493,-0.01,-2.011,1.982,0.493,-0.009,-0.511,-0.011,-2.504,-1.004,-4.501,0.492,-1.003,-1.006,-1.504,-1.543,-0.57,1.486,1.482,-0.058,-0.513,2.486,0.494,-1.008,-1.52,-1.505,-4.0,-0.535,-1.513,-0.007,0.437,-0.005,-0.516,-0.004,-0.511,-1.501,-0.01,-0.014,0.996,1.491,-0.01,-3.0,-0.567,-1.132,-0.005,-0.012,1.994,-0.015,0.483,0.496,-5.005,-1.007,3.118,-2.007,-0.504,1.947,-0.525,-3.0,1.986,-0.514,-0.018,0.975,2.483,1.492,1.48,1.491,0.489,-0.508,1.989,-1.01,-1.034,-2.5,-0.005,-3.501,0.487,-1.523,0.493,-2.5,-1.036,-1.511,-1.508,-1.0,-1.041,0.918,2.461,-2.503,2.466,0.976,-0.552,-3.009,1.447,-0.004,1.964,-1.008,2.47,0.0,-0.043,-2.0,-0.035,-0.559,-0.015,-0.049,-1.01,1.474,2.96,3.428,-2.01,0.481,3.396,-0.011,2.443,2.937,0.483,-1.004,0.956,0.0,0.0,0.0,0.0,0.0,0.0,0.0,0.0,0.0,0.0
GoldS210,XAUUSDc,79,1.547,3.094,3,0.112,306.79,518,39.1892,1,5,0,0.015,2.0,1.0,0.0,0.5,15,1,-6.398,7,0,1,3,0.25,2,-11.427,14.521,0.0,0.0,0.0,0.0,0.0,0.986,-2.007,-3.014,-0.013,-3.0,-4.0,3.346,5.184,-1.047,-0.009,-4.001,-3.0,-5.0,-3.999,-3.0,4.88,-0.433,2.829,-0.913,3.966,0.649,2.374,3.592,-2.012,-5.0,-4.0,-4.0,-1.01,-3.008,3.865,6.276,3.822,1.926,-3.0,3.884,-3.0,-1.01,-1.007,-1.999,0.996,-0.828,-3.0,6.843,2.267,-3.007,13.296,-0.009,-2.016,-2.007,-1.0,-4.009,-2.007,0.66,-5.0,-0.009,6.677,-1.004,-3.0,4.839,6.532,-0.026,0.962,3.401,-1.004,-2.012,2.984,5.7,2.993,3.225,2.21,-2.006,-4.0,-1.001,-3.002,1.973,-0.341,8.685,-2.0,-0.046,-0.023,-1.015,-1.0,1.676,3.469,0.484,-4.0,-0.011,5.155,-3.003,-2.017,3.922,-3.0,2.67,-2.004,-1.029,0.0,-0.068,-2.0,-1.037,-3.042,-0.023,-0.055,-0.019,0.973,1.927,-3.075,-4.999,-0.022,4.416,-3.0,-0.643,-4.016,-0.033,1.585,-1.055,0.0,0.0,0.0,0.0,0.0,0.0,0.0,0.0,0.0,0.0
GoldS210,XAUUSDc,190,-2.4997,-7.499,2,-0.1996,0.0,503,34.9901,1,5,0,0.015,2.0,1.25,0.0,0.5,15,1,-12.27,0,0,1,7,0.5,2,-27.2,19.701,0.0,0.0,0.0,0.0,0.0,1.232,0.691,0.394,-0.756,-4.0,-5.0,3.152,4.402,-3.0,-0.753,-4.752,-3.0,-1.607,-4.0,-3.0,0.771,0.907,2.705,0.71,4.293,-1.519,-2.75,-0.752,-1.89,-5.0,-4.0,-4.0,1.972,-2.759,2.216,4.573,3.871,-0.373,1.2,3.36,-3.0,-0.763,-2.756,-2.0,2.772,-1.167,-4.0,5.146,2.266,-2.758,7.873,0.648,-3.761,-1.759,-1.0,-3.512,-1.758,-2.267,-4.0,0.239,5.019,-0.505,-3.0,4.221,0.565,-1.533,1.702,2.654,0.244,-1.501,1.489,6.915,1.715,2.814,2.902,-1.758,-3.999,-0.751,-2.753,4.025,-0.915,6.688,-1.495,0.449,2.296,-0.769,-1.0,-1.769,-2.767,0.845,-4.0,-1.577,3.641,-2.746,-2.752,4.259,0.607,0.019,-1.755,-0.126,0.0,0.666,-2.0,0.691,-2.801,0.221,2.498,-1.771,1.466,10.995,-2.273,-5.0,0.662,2.658,0.199,0.569,-1.496,5.233,-1.027,-0.568,0.0,0.0,0.0,0.0,0.0,0.0,0.0,0.0,0.0,0.0
GoldS210,XAUUSDc,39,-13.082,-26.164,3,-0.6471,0.0,520,51.3462,1,5,0,0.015,1.7,0.75,0.0,0.5,15,1,-30.147,0,0,1,7,0.0,2,-35.992,9.828,0.0,0.0,0.0,0.0,0.0,0.739,-1.48,-1.254,1.232,0.495,-0.757,-1.507,1.557,-2.295,-0.507,-4.251,-3.0,-3.166,-0.508,-3.0,-0.798,-0.198,2.095,0.715,0.933,0.231,1.985,1.358,-2.259,-4.251,-1.257,-4.0,0.206,-2.464,-0.756,3.714,2.031,0.226,0.494,0.235,-3.0,0.484,-1.506,-0.254,0.497,-0.349,-4.0,1.096,-1.391,-0.758,1.691,1.241,-0.286,-0.51,-1.0,-4.507,-2.255,-0.651,-3.028,-0.257,2.891,0.221,-3.0,3.121,3.21,-0.77,0.222,3.866,0.493,-0.759,2.238,-0.511,-0.262,3.016,-0.47,1.063,-4.0,-1.251,-3.252,1.231,-1.525,5.668,-2.25,-0.54,-0.767,-1.261,-1.0,-0.004,0.433,1.942,-2.323,1.235,3.742,-3.252,-2.512,2.684,-1.255,4.039,-2.253,1.985,0.0,-0.801,-2.0,-1.278,-3.284,0.478,2.568,-0.515,0.48,2.691,-0.78,-0.424,1.221,4.705,-4.0,0.242,1.549,1.429,-0.506,0.183,0.0,0.0,0.0,0.0,0.0,0.0,0.0,0.0,0.0,0.0
GoldS210,XAUUSDc,34,-33.283,-66.566,3,-0.8937,0.0,492,17.0732,1,5,0,0.015,2.0,1.75,0.0,0.5,15,1,-114.871,13,0,1,5,0.0,1,-30.979,-35.587,0.0,0.0,0.0,0.0,0.0,1.725,-1.58,-4.0,-0.259,-4.0,-6.0,-2.25,-0.258,-3.0,0.099,-4.252,-3.999,-4.0,-4.0,-3.0,-1.415,2.238,-3.272,43.306,-5.0,-2.262,-0.07,-4.0,1.885,-6.0,-3.0,-4.0,-2.262,-5.0,-0.498,-2.074,-5.0,2.492,5.629,0.473,-3.0,-3.0,-5.0,-2.0,-2.999,-4.0,-3.0,-3.314,1.809,-2.262,25.779,-1.254,-6.0,-1.261,-1.0,-5.257,18.332,-2.949,-3.999,0.699,24.591,3.364,-3.0,-0.307,-4.0,-2.269,8.65,-4.998,0.742,-6.0,8.146,-1.262,-2.0,-0.266,1.241,-4.0,-4.0,-0.252,-2.254,-3.999,-5.0,0.547,-5.0,1.439,-2.26,4.919,-1.0,-7.0,-2.274,3.943,-4.0,0.963,-1.268,-1.251,-5.0,0.425,-2.0,-5.0,-4.0,2.155,0.0,2.131,-2.0,-2.999,-2.317,0.709,6.946,-1.28,-2.0,1.136,-6.0,-5.0,2.112,-2.291,-4.0,3.267,-6.0,9.094,-4.0,-1.259,0.0,0.0,0.0,0.0,0.0,0.0,0.0,0.0,0.0,0.0
GoldS210,XAUUSDc,191,-2.4827,-7.448,2,-0.1985,0.0,503,34.9901,1,5,0,0.015,2.3,1.25,0.0,0.5,15,1,-12.219,0,0,1,7,0.5,2,-27.149,19.701,0.0,0.0,0.0,0.0,0.0,1.232,0.691,0.394,-0.756,-4.0,-5.0,3.152,4.402,-3.0,-0.753,-4.752,-3.0,-1.607,-4.0,-3.0,0.771,0.907,2.705,0.71,4.293,-1.519,-2.75,-0.752,-1.89,-5.0,-4.0,-4.0,1.972,-2.759,2.216,4.573,3.871,-0.373,1.2,3.36,-3.0,-0.763,-2.756,-2.0,2.772,-1.167,-4.0,5.146,2.266,-2.758,7.924,0.648,-3.761,-1.759,-1.0,-3.512,-1.758,-2.267,-4.0,0.239,5.019,-0.505,-3.0,4.221,0.565,-1.533,1.702,2.654,0.244,-1.501,1.489,6.915,1.715,2.814,2.902,-1.758,-3.999,-0.751,-2.753,4.025,-0.915,6.688,-1.495,0.449,2.296,-0.769,-1.0,-1.769,-2.767,0.845,-4.0,-1.577,3.641,-2.746,-2.752,4.259,0.607,0.019,-1.755,-0.126,0.0,0.666,-2.0,0.691,-2.801,0.221,2.498,-1.771,1.466,10.995,-2.273,-5.0,0.662,2.658,0.199,0.569,-1.496,5.233,-1.027,-0.568,0.0,0.0,0.0,0.0,0.0,0.0,0.0,0.0,0.0,0.0
GoldS210,XAUUSDc,212,-5.2458,-31.475,1,-0.694,0.0,494,28.3401,1,5,0,0.015,2.3,1.5,0.0,0.5,15,1,-38.385,7,0,1,9,0.5,1,-33.608,2.133,0.0,0.0,0.0,0.0,0.0,1.479,2.445,-4.0,-0.508,-1.495,-5.0,4.414,-0.507,-3.0,-0.452,-4.502,-3.0,-0.95,-3.0,-3.0,2.696,-0.951,0.217,0.915,-0.45,1.712,-0.021,-3.0,-0.463,-5.0,-4.0,-4.0,-1.51,-2.511,5.836,2.098,-4.999,0.05,2.078,4.707,-3.0,-0.515,-1.087,-3.0,2.174,-3.0,-4.0,8.01,1.382,-2.51,7.726,-1.503,-3.413,-1.511,-1.0,-3.014,-1.284,-2.018,0.407,0.486,6.823,-1.007,-3.0,5.35,-4.0,-0.996,1.688,-0.303,0.493,2.209,3.04,6.033,1.081,4.097,5.752,-4.0,-3.999,-0.501,-2.503,-1.509,1.781,3.797,4.581,0.944,-0.928,-0.028,-1.0,-1.677,1.856,2.059,-4.0,0.413,0.903,-2.125,-2.502,-0.068,-2.0,3.002,-4.0,0.825,0.0,1.399,-2.0,-3.0,-2.559,0.465,0.16,-1.526,-0.539,13.466,-3.138,-5.0,0.998,-0.041,-4.0,1.472,-6.0,5.637,-3.0,-2.508,0.0,0.0,0.0,0.0,0.0,0.0,0.0,0.0,0.0,0.0
GoldS210,XAUUSDc,104,10.1855,20.371,3,0.273,109.36,503,22.4652,1,5,0,0.015,2.3,1.5,0.0,0.5,15,1,-1.906,28,0,1,5,0.25,2,-26.639,47.01,0.0,0.0,0.0,0.0,0.0,1.479,4.981,-4.0,-1.508,-3.0,-6.0,7.461,-0.507,-3.0,-0.251,-4.502,-3.0,-5.0,-4.0,-3.0,-3.033,0.71,-3.519,1.46,2.8,-1.02,-2.131,-3.0,3.07,-5.0,-4.0,-4.0,-2.51,-2.511,11.133,-3.614,-6.0,1.374,-3.0,-0.022,-3.0,-0.515,-5.0,-2.0,-2.999,-4.0,-3.0,19.667,10.382,-2.509,29.579,-1.503,-6.0,-1.511,-1.0,-3.014,2.729,-1.771,-5.0,0.486,14.279,-1.007,-3.0,9.268,-4.0,-0.913,5.078,1.801,0.493,4.745,5.206,21.767,5.425,6.688,5.082,-4.0,-4.0,-0.501,-2.503,-1.509,8.785,7.453,15.963,0.944,-0.39,0.528,-1.0,-7.0,-2.521,5.343,-4.0,0.11,3.875,-2.049,-2.502,-0.068,-2.0,-4.999,-4.0,2.029,0.0,1.399,-2.0,-3.0,-2.559,0.465,4.118,-1.526,-0.539,2.168,-6.0,-5.0,1.481,-1.041,-3.0,2.185,-6.0,-1.533,-4.0,-1.508,0.0,0.0,0.0,0.0,0.0,0.0,0.0,0.0,0.0,0.0
GoldS210,XAUUSDc,75,-4.9305,-9.861,3,-0.2524,0.0,522,50.3831,1,5,0,0.015,1.7,0.75,0.0,0.5,15,1,-14.894,1,0,1,3,0.25,2,-35.369,25.508,0.0,0.0,0.0,0.0,0.0,0.739,-2.505,-3.261,1.232,0.495,-0.757,1.288,2.238,-2.295,-0.507,-4.251,-3.0,-5.0,-0.508,-3.0,-0.798,-1.219,1.022,-0.35,0.933,0.231,1.985,2.377,-2.259,-5.0,-2.257,-4.0,0.206,-2.427,-0.756,2.76,0.364,0.226,0.494,0.235,-3.0,0.484,-1.506,-0.254,0.497,-1.429,-3.0,6.058,-1.391,-0.758,2.988,1.241,0.165,-0.51,-1.0,-4.507,-2.255,1.134,-2.221,-0.257,3.982,0.221,-3.0,3.669,3.318,-0.77,0.222,1.984,0.493,-2.509,2.238,3.823,-0.262,3.632,0.779,0.786,-4.0,-1.251,-3.252,1.231,-1.525,5.144,-2.25,-0.54,-0.767,-1.261,-1.0,0.115,-1.525,1.942,-2.323,2.622,3.898,-3.252,-2.512,2.684,-1.255,6.987,-2.253,0.224,0.0,-0.801,-2.0,-1.278,-3.284,0.478,3.575,-0.515,0.48,6.405,-0.78,0.197,1.221,4.612,2.317,0.445,2.274,-0.525,-0.506,0.183,0.0,0.0,0.0,0.0,0.0,0.0,0.0,0.0,0.0,0.0
GoldS210,XAUUSDc,131,-6.39,-19.17,2,-0.4485,0.0,521,52.0154,1,5,0,0.015,2.3,0.75,0.0,0.5,15,1,-22.222,0,0,1,9,0.25,2,-36.727,17.557,0.0,0.0,0.0,0.0,0.0,0.739,-1.481,-1.34,2.232,1.863,-0.757,1.288,0.606,-2.295,-0.507,-4.251,-3.0,-3.244,-0.508,-3.0,-0.798,-0.59,2.103,-2.302,0.933,0.231,1.985,1.444,-2.259,-4.999,-2.257,-4.0,0.206,-2.485,-0.756,2.419,-0.19,0.226,0.494,0.235,-3.0,0.484,-1.506,-0.254,0.497,-0.498,-4.0,5.313,-1.391,-0.758,1.757,1.241,-0.313,-0.51,-1.0,-4.507,-2.255,-0.046,-3.186,-0.257,3.103,0.221,-3.0,3.007,3.479,-0.77,0.222,1.984,0.493,-0.649,2.238,2.281,-0.262,2.989,-0.507,0.786,-4.0,-1.251,-3.252,1.231,-1.525,3.661,-2.25,-0.54,-0.767,-1.261,-1.0,-0.022,0.288,1.942,-2.323,1.669,3.293,-3.252,-2.512,2.684,-1.255,5.006,-2.253,0.224,0.0,-0.801,-2.0,-1.278,-3.284,0.478,2.225,-0.515,0.48,5.414,-0.78,-0.474,1.221,4.722,2.741,0.264,1.507,1.287,-0.506,0.183,0.0,0.0,0.0,0.0,0.0,0.0,0.0,0.0,0.0,0.0
GoldS210,XAUUSDc,136,1.683,3.366,3,0.0907,228.43,506,33.9921,1,5,0,0.015,2.0,1.25,0.0,0.5,15,1,-4.323,11,0,1,9,0.25,2,-20.46,23.826,0.0,0.0,0.0,0.0,0.0,1.232,-2.541,2.149,-0.756,-1.747,-5.999,5.404,4.386,-3.0,-0.753,-4.752,-3.0,-2.739,-3.0,-3.0,-3.752,2.017,3.042,-0.645,6.71,0.738,-0.58,-0.752,-1.637,-4.999,-4.0,-4.0,-2.759,-2.759,2.172,7.335,-6.0,-0.478,-3.0,5.355,-3.0,-0.763,-0.288,-2.0,3.622,-1.742,-4.0,7.977,1.719,-2.758,14.73,0.681,-3.761,-1.759,-1.0,-3.512,-1.758,-2.515,-0.636,0.239,7.818,-0.505,-3.0,4.369,2.467,-1.532,1.702,-0.51,0.244,-1.256,1.489,4.796,1.52,2.736,5.214,-1.758,-4.0,-0.751,-2.753,4.345,1.922,9.479,-1.454,0.449,4.25,-0.769,-1.0,-0.979,1.032,2.848,-4.0,-0.513,4.012,-2.51,-2.752,4.1,0.418,2.395,-1.755,-0.241,0.0,0.666,-2.0,-3.0,-2.801,0.221,1.92,-1.771,1.466,7.831,-3.474,-5.0,0.496,2.711,-4.0,0.613,0.421,0.622,-0.922,0.432,0.0,0.0,0.0,0.0,0.0,0.0,0.0,0.0,0.0,0.0
GoldS210,XAUUSDc,175,-8.7293,-52.376,1,-0.8269,0.0,497,25.1509,1,5,0,0.015,2.0,1.5,0.0,0.5,15,1,-59.493,10,0,1,5,0.5,1,-50.948,-1.428,0.0,0.0,0.0,0.0,0.0,1.479,2.653,-3.999,-0.508,-4.0,-5.0,4.414,-0.507,-3.0,-0.251,-4.502,-3.0,-4.0,-4.0,-3.0,2.696,-0.509,0.217,-1.683,-0.307,-1.021,-2.131,-3.0,-0.463,-5.0,-4.0,-4.0,-1.51,-2.511,6.295,2.877,-4.999,1.374,2.078,5.756,-3.0,-0.515,-4.0,-3.0,2.174,-3.0,-4.0,5.553,2.333,-2.51,8.328,-1.503,-5.999,-1.511,-1.0,-3.014,0.276,-1.771,-4.0,0.486,8.102,-1.007,-3.0,6.092,-4.0,-0.913,2.848,-0.161,0.493,-0.792,4.15,7.178,1.323,5.417,1.856,-4.0,-3.999,-0.501,-2.503,-1.509,2.053,4.381,5.828,0.944,-0.39,0.528,-1.0,-6.0,1.856,2.06,-4.0,0.11,0.903,-2.049,-2.502,-0.068,-2.0,0.377,-4.0,1.161,0.0,1.399,-2.0,-3.0,-2.559,0.465,1.316,-1.526,-0.539,11.775,-1.53,-5.0,1.481,-1.041,-3.0,2.185,-6.0,4.175,-3.0,-2.508,0.0,0.0,0.0,0.0,0.0,0.0,0.0,0.0,0.0,0.0
GoldS210,XAUUSDc,115,1.799,5.397,2,0.1971,148.9,515,41.7476,1,5,0,0.015,2.0,1.0,0.0,0.5,15,1,-2.639,4,0,1,7,0.25,2,-19.846,25.243,0.0,0.0,0.0,0.0,0.0,0.986,-0.883,-0.235,-0.014,-3.0,-0.576,3.346,3.084,-1.047,-0.009,-4.001,-3.0,-2.887,-4.0,-3.0,4.88,1.428,1.739,-3.375,2.943,0.146,1.895,2.152,-2.012,-5.0,-4.0,-4.0,-1.01,-3.008,3.652,5.803,-2.004,1.471,-3.0,2.913,-3.0,-1.01,-1.007,-2.0,0.996,0.366,-4.0,4.966,2.768,-3.007,11.769,-0.009,-2.016,-2.007,-1.0,-4.009,-2.007,-0.842,-5.0,-0.009,7.154,-1.004,-3.0,2.859,6.746,-0.026,0.962,5.709,-1.004,-0.008,2.984,3.708,2.993,4.134,0.058,-2.006,-4.0,-1.001,-3.002,1.973,-0.7,6.89,-2.0,-0.046,-0.023,-1.015,-1.0,1.166,0.964,0.59,-4.0,-2.001,2.094,-3.003,-2.017,3.922,0.22,7.026,-2.004,0.988,0.0,-0.068,-2.0,-1.037,-3.042,-0.023,2.898,-0.019,0.973,1.927,0.029,-5.0,-0.022,3.588,-4.0,0.049,3.08,2.314,0.206,-1.055,0.0,0.0,0.0,0.0,0.0,0.0,0.0,0.0,0.0,0.0
GoldS210,XAUUSDc,106,-12.677,-76.062,1,-0.8817,0.0,500,17.6,1,5,0,0.015,2.0,1.75,0.0,0.5,15,1,-95.028,20,0,1,5,0.25,1,-63.437,-12.625,0.0,0.0,0.0,0.0,0.0,1.725,7.903,-4.0,-1.259,-3.0,-6.0,6.787,-0.258,-3.0,0.099,-4.252,-3.0,-5.0,-4.0,-3.0,-1.415,2.238,-3.272,5.954,4.907,-2.262,-0.071,-3.0,8.092,-5.0,-4.0,-4.0,-2.262,-5.0,5.225,-3.074,-6.0,2.492,-3.0,0.473,-3.0,-3.0,-5.0,-2.0,-3.0,-4.0,-3.0,-2.314,-0.903,-2.261,15.715,-1.254,-6.0,-1.262,-1.0,-5.257,4.556,-1.227,-5.0,0.699,18.022,-0.509,-3.0,-0.307,-4.0,-3.269,8.36,3.865,0.742,10.559,8.146,-1.262,-2.0,-0.27,6.733,-4.0,-4.0,-0.252,-2.254,-4.0,-4.0,0.547,-4.0,1.439,-2.26,4.559,-1.0,-7.0,-2.274,-2.257,-4.0,0.963,5.606,-1.637,-5.0,0.425,-2.0,-4.999,-4.0,1.155,0.0,2.131,-2.0,-3.0,-2.317,0.709,5.946,-1.28,-2.0,14.376,-6.0,-5.0,2.112,-3.291,-3.0,3.267,-6.0,-1.289,-4.0,-1.259,0.0,0.0,0.0,0.0,0.0,0.0,0.0,0.0,0.0,0.0
GoldS210,XAUUSDc,65,0.734,1.468,3,0.0281,1979.43,506,33.2016,1,5,0,0.015,2.3,1.25,0.0,0.5,15,1,-27.59,12,0,1,9,0.0,2,-38.023,39.491,0.0,0.0,0.0,0.0,0.0,1.232,-2.54,2.149,-0.756,-1.747,-6.0,-0.513,-0.756,-3.0,-0.753,-4.752,-3.0,-2.739,-3.0,-3.0,-3.752,2.017,3.042,-0.642,9.789,2.61,-0.58,-1.752,-0.637,-5.0,-3.999,-4.0,-2.759,-2.759,2.172,8.555,-6.0,-0.478,-3.0,-0.519,-3.0,-0.763,-0.288,-2.0,-0.753,-1.742,-4.0,7.977,1.719,-2.758,13.301,0.681,-3.761,-1.759,-1.0,-3.512,-1.758,-2.515,-0.636,0.239,7.818,-0.505,-3.0,4.369,2.703,-1.532,1.702,-0.51,0.244,-1.256,1.489,4.796,1.52,2.736,1.564,-1.758,-4.0,-0.751,-2.753,4.345,1.951,33.374,-1.454,0.449,-1.479,-0.769,-1.0,-0.979,1.032,3.666,-4.0,-0.513,4.012,-2.51,-2.752,4.1,0.418,1.395,-1.755,-0.241,0.0,0.666,-2.0,-0.734,-2.801,0.221,1.92,-1.771,1.466,13.05,-3.474,-5.0,0.496,2.712,-4.0,-0.387,-5.999,0.622,-0.922,0.432,0.0,0.0,0.0,0.0,0.0,0.0,0.0,0.0,0.0,0.0
GoldS210,XAUUSDc,204,-0.8802,-5.281,1,-0.2211,0.0,511,44.4227,1,5,0,0.015,1.7,1.0,0.0,0.5,15,1,-8.454,0,0,1,9,0.5,1,-15.031,9.75,0.0,0.0,0.0,0.0,0.0,0.986,-0.887,-0.522,0.986,0.877,-1.001,1.89,1.506,-1.047,-0.009,-4.001,-3.0,-1.992,-0.51,-3.0,-0.162,-0.052,3.468,-1.414,1.864,-0.023,1.437,2.273,-2.012,-5.0,-1.026,-4.0,0.734,-3.008,2.588,4.093,5.81,1.273,0.321,1.725,-3.0,-1.01,-1.007,-2.0,0.996,0.004,-4.0,1.747,0.779,-3.007,6.295,-0.009,-2.016,-2.007,-1.0,-4.009,-2.007,-1.033,-1.928,-0.009,5.784,1.901,-3.0,2.584,2.73,-0.026,0.962,3.925,-1.004,0.169,2.984,4.357,0.96,4.103,-0.005,-2.006,-3.999,-1.001,-3.002,1.973,-2.119,3.704,-2.0,-0.046,-0.023,-1.015,-1.0,1.091,-0.096,-0.369,-4.0,-1.378,3.909,-3.003,-2.017,3.922,0.103,5.164,-2.004,-1.029,0.0,-0.068,-2.0,-1.037,-3.042,-0.023,2.552,-0.019,0.973,5.637,-0.845,-5.0,-0.022,3.624,-4.0,0.082,-1.287,2.072,0.05,-0.055,0.0,0.0,0.0,0.0,0.0,0.0,0.0,0.0,0.0,0.0
GoldS210,XAUUSDc,64,0.723,1.446,3,0.0277,2009.54,506,33.2016,1,5,0,0.015,2.0,1.25,0.0,0.5,15,1,-27.612,12,0,1,9,0.0,2,-38.045,39.491,0.0,0.0,0.0,0.0,0.0,1.232,-2.54,2.149,-0.756,-1.747,-6.0,-0.513,-0.756,-3.0,-0.753,-4.752,-3.0,-2.739,-3.0,-3.0,-3.752,2.017,3.042,-0.646,9.789,2.61,-0.58,-1.752,-0.637,-5.0,-3.999,-4.0,-2.759,-2.759,2.172,8.555,-6.0,-0.478,-3.0,-0.519,-3.0,-0.763,-0.288,-2.0,-0.753,-1.742,-4.0,7.977,1.719,-2.758,13.283,0.681,-3.761,-1.759,-1.0,-3.512,-1.758,-2.515,-0.636,0.239,7.818,-0.505,-3.0,4.369,2.703,-1.532,1.702,-0.51,0.244,-1.256,1.489,4.796,1.52,2.736,1.564,-1.758,-4.0,-0.751,-2.753,4.345,1.951,33.374,-1.454,0.449,-1.479,-0.769,-1.0,-0.979,1.032,3.666,-4.0,-0.513,4.012,-2.51,-2.752,4.1,0.418,1.395,-1.755,-0.241,0.0,0.666,-2.0,-0.734,-2.801,0.221,1.92,-1.771,1.466,13.05,-3.474,-5.0,0.496,2.712,-4.0,-0.387,-5.999,0.622,-0.922,0.432,0.0,0.0,0.0,0.0,0.0,0.0,0.0,0.0,0.0,0.0
GoldS210,XAUUSDc,103,10.184,20.368,3,0.2729,109.37,503,22.4652,1,5,0,0.015,2.0,1.5,0.0,0.5,15,1,-1.909,28,0,1,5,0.25,2,-26.642,47.01,0.0,0.0,0.0,0.0,0.0,1.479,4.981,-4.0,-1.508,-3.0,-6.0,7.461,-0.507,-3.0,-0.251,-4.502,-3.0,-5.0,-4.0,-3.0,-3.033,0.71,-3.519,1.46,2.8,-1.02,-2.131,-3.0,3.07,-5.0,-4.0,-4.0,-2.51,-2.511,11.131,-3.614,-6.0,1.374,-3.0,-0.022,-3.0,-0.515,-5.0,-2.0,-3.0,-4.0,-3.0,19.667,10.382,-2.509,29.579,-1.503,-6.0,-1.511,-1.0,-3.014,2.729,-1.771,-5.0,0.486,14.279,-1.007,-3.0,9.268,-4.0,-0.913,5.078,1.801,0.493,4.745,5.206,21.767,5.425,6.688,5.082,-4.0,-4.0,-0.501,-2.503,-1.509,8.785,7.453,15.963,0.944,-0.39,0.528,-1.0,-7.0,-2.521,5.343,-4.0,0.11,3.875,-2.049,-2.502,-0.068,-2.0,-4.999,-4.0,2.029,0.0,1.399,-2.0,-3.0,-2.559,0.465,4.118,-1.526,-0.539,2.168,-6.0,-5.0,1.481,-1.041,-3.0,2.185,-6.0,-1.533,-4.0,-1.508,0.0,0.0,0.0,0.0,0.0,0.0,0.0,0.0,0.0,0.0
GoldS210,XAUUSDc,117,1.213,2.426,3,0.0503,446.37,508,31.6929,1,5,0,0.015,1.7,1.25,0.0,0.5,15,1,-8.403,16,0,1,7,0.25,2,-19.672,22.098,0.0,0.0,0.0,0.0,0.0,1.232,1.826,2.303,-1.756,-3.0,-6.0,5.404,7.353,-3.0,-0.753,-4.752,-3.0,-2.607,-4.0,-3.0,-3.752,3.055,-3.766,-2.935,7.327,-1.519,-2.75,-0.752,-0.711,-5.0,-4.0,-4.0,-2.759,-2.759,2.637,7.858,-6.0,-0.373,-3.0,5.646,-3.0,-0.763,-2.756,-2.0,5.19,-1.167,-4.0,10.336,5.422,-2.758,18.926,0.648,-3.761,-1.759,-1.0,-3.512,-1.758,-2.267,-5.0,0.239,7.443,-0.505,-3.0,4.398,3.459,-1.533,1.702,2.654,0.244,-1.501,1.49,8.33,4.208,2.814,1.956,-1.758,-4.0,-0.751,-2.753,5.048,2.135,12.123,-1.437,0.449,4.371,-0.769,-1.0,-1.769,-2.767,2.921,-4.0,-1.577,1.67,-2.746,-2.752,4.384,0.607,0.019,-1.755,-0.005,0.0,0.666,-2.0,-3.0,-2.801,0.221,2.497,-1.771,1.466,1.741,-2.273,-5.0,0.662,2.658,-4.0,0.569,2.922,0.963,-0.53,-0.568,0.0,0.0,0.0,0.0,0.0,0.0,0.0,0.0,0.0,0.0
GoldS210,XAUUSDc,143,-10.41,-62.46,1,-0.9731,0.0,496,22.1774,1,5,0,0.015,2.3,1.75,0.0,0.5,15,1,-73.044,15,0,1,9,0.25,1,-47.123,-15.337,0.0,0.0,0.0,0.0,0.0,1.725,-1.851,-4.0,-0.259,-1.244,-5.999,6.788,-0.258,-3.0,-0.181,-4.252,-3.0,-1.485,-3.0,-3.0,-1.841,3.061,-2.272,2.433,4.102,0.805,4.008,-3.0,4.525,-4.999,-4.0,-4.0,-2.262,-2.178,9.088,-4.072,-6.0,0.58,-3.0,10.608,-3.0,-0.246,-0.641,-3.0,-3.0,-3.0,-4.0,0.966,-2.254,-2.262,7.059,-1.254,-6.0,-1.262,-1.0,-1.593,-0.951,-1.521,2.266,0.699,12.071,-0.509,-3.0,-0.307,-4.0,0.185,3.536,2.142,0.742,7.324,4.347,-1.262,-2.0,4.41,11.859,-4.0,-4.0,-0.252,-2.254,-4.0,-4.0,-0.237,-4.0,1.439,-3.106,1.301,-1.0,-2.148,-2.274,-2.256,-4.0,1.337,2.548,-1.74,-5.0,0.425,-2.0,-2.042,-4.0,1.989,0.0,2.131,-2.0,-3.0,-2.317,0.709,0.949,-1.28,-2.0,15.911,-6.0,-5.0,1.502,2.48,-4.0,2.171,-6.0,1.699,-4.0,-1.259,0.0,0.0,0.0,0.0,0.0,0.0,0.0,0.0,0.0,0.0
GoldS210,XAUUSDc,89,-11.775,-70.65,1,-0.9318,0.0,503,16.6998,1,5,0,0.015,2.3,1.75,0.0,0.5,15,1,-90.075,24,0,1,3,0.25,1,-69.498,-1.152,0.0,0.0,0.0,0.0,0.0,1.725,-3.257,-4.0,-1.258,-3.0,-6.0,6.787,-0.257,-3.0,2.29,-4.252,-3.0,-5.0,-3.999,-3.0,-6.0,-4.999,-3.272,6.205,5.714,-3.262,-1.622,-3.0,6.66,-5.0,-4.0,-4.0,-2.262,-5.0,5.225,-0.288,-5.999,3.205,-3.0,13.742,-3.0,-3.0,-5.0,-1.999,-3.0,-4.0,-3.0,-2.315,-0.757,-2.262,16.174,-1.254,-6.0,-1.262,-1.0,-5.257,1.895,1.713,-5.0,0.699,14.353,-0.509,-3.0,-0.307,-4.0,-3.27,13.862,3.958,0.742,5.584,10.211,-1.262,-2.0,-0.27,8.623,-4.0,-4.0,-0.252,-2.254,-4.0,-4.0,3.216,-4.0,1.439,1.664,5.048,-1.0,-7.0,-2.274,-2.257,-4.0,3.582,5.606,-1.053,-5.0,0.425,-3.0,-5.0,-4.0,0.832,0.0,2.131,-2.0,-3.0,-2.317,0.709,-3.292,-1.28,-2.0,14.11,-6.0,-4.999,6.993,-3.29,-3.0,-0.497,-6.0,9.702,-3.999,-2.259,0.0,0.0,0.0,0.0,0.0,0.0,0.0,0.0,0.0,0.0
GoldS210,XAUUSDc,206,-0.8798,-5.279,1,-0.2211,0.0,511,44.4227,1,5,0,0.015,2.3,1.0,0.0,0.5,15,1,-8.452,0,0,1,9,0.5,1,-15.029,9.75,0.0,0.0,0.0,0.0,0.0,0.986,-0.887,-0.522,0.986,0.877,-1.001,1.89,1.506,-1.047,-0.009,-4.001,-3.0,-1.992,-0.51,-3.0,-0.162,-0.052,3.468,-1.412,1.864,-0.023,1.437,2.273,-2.012,-5.0,-1.026,-4.0,0.734,-3.008,2.588,4.093,5.81,1.273,0.321,1.725,-3.0,-1.01,-1.007,-2.0,0.996,0.004,-4.0,1.747,0.779,-3.007,6.295,-0.009,-2.016,-2.007,-1.0,-4.009,-2.007,-1.033,-1.928,-0.009,5.784,1.901,-3.0,2.584,2.73,-0.026,0.962,3.925,-1.004,0.169,2.984,4.357,0.96,4.103,-0.005,-2.006,-3.999,-1.001,-3.002,1.973,-2.119,3.704,-2.0,-0.046,-0.023,-1.015,-1.0,1.091,-0.096,-0.369,-4.0,-1.378,3.909,-3.003,-2.017,3.922,0.103,5.164,-2.004,-1.029,0.0,-0.068,-2.0,-1.037,-3.042,-0.023,2.552,-0.019,0.973,5.637,-0.845,-5.0,-0.022,3.624,-4.0,0.082,-1.287,2.072,0.05,-0.055,0.0,0.0,0.0,0.0,0.0,0.0,0.0,0.0,0.0,0.0
GoldS210,XAUUSDc,198,-4.9627,-14.888,2,-0.4163,0.0,533,65.1032,1,5,0,0.015,1.7,0.5,0.0,0.5,15,1,-15.389,0,0,1,9,0.5,2,-23.929,9.041,0.0,0.0,0.0,0.0,0.0,0.493,-0.01,-2.011,1.982,0.493,-0.009,-0.511,-0.011,-2.504,-1.004,-4.501,0.492,-1.003,-1.006,-1.504,-1.543,-0.57,1.486,1.482,-0.058,-0.513,2.486,0.494,-1.008,-1.52,-1.505,-4.0,-0.535,-1.513,-0.007,0.437,-0.005,-0.516,-0.004,-0.511,-1.501,-0.01,-0.014,0.996,1.491,-0.01,-3.0,-0.567,-1.132,-0.005,-0.012,1.994,-0.015,0.483,0.496,-5.005,-1.007,2.452,-2.007,-0.504,1.947,-0.525,-3.0,1.986,-0.514,-0.018,0.975,2.483,1.492,1.48,1.491,0.489,-0.508,1.989,-1.01,-1.034,-2.5,-0.005,-3.501,0.487,-1.523,0.493,-2.5,-1.036,-1.511,-1.508,-1.0,-1.041,0.918,2.461,-2.503,2.466,0.976,-0.552,-3.009,1.447,-0.004,1.964,-1.008,2.47,0.0,-0.043,-2.0,-0.035,-0.559,-0.015,-0.049,-1.01,1.474,2.96,3.428,-2.01,0.481,3.396,-0.011,2.443,2.937,0.483,-1.004,0.956,0.0,0.0,0.0,0.0,0.0,0.0,0.0,0.0,0.0,0.0
GoldS210,XAUUSDc,205,-0.8802,-5.281,1,-0.2211,0.0,511,44.4227,1,5,0,0.015,2.0,1.0,0.0,0.5,15,1,-8.454,0,0,1,9,0.5,1,-15.031,9.75,0.0,0.0,0.0,0.0,0.0,0.986,-0.887,-0.522,0.986,0.877,-1.001,1.89,1.506,-1.047,-0.009,-4.001,-3.0,-1.992,-0.51,-3.0,-0.162,-0.052,3.468,-1.414,1.864,-0.023,1.437,2.273,-2.012,-5.0,-1.026,-4.0,0.734,-3.008,2.588,4.093,5.81,1.273,0.321,1.725,-3.0,-1.01,-1.007,-2.0,0.996,0.004,-4.0,1.747,0.779,-3.007,6.295,-0.009,-2.016,-2.007,-1.0,-4.009,-2.007,-1.033,-1.928,-0.009,5.784,1.901,-3.0,2.584,2.73,-0.026,0.962,3.925,-1.004,0.169,2.984,4.357,0.96,4.103,-0.005,-2.006,-3.999,-1.001,-3.002,1.973,-2.119,3.704,-2.0,-0.046,-0.023,-1.015,-1.0,1.091,-0.096,-0.369,-4.0,-1.378,3.909,-3.003,-2.017,3.922,0.103,5.164,-2.004,-1.029,0.0,-0.068,-2.0,-1.037,-3.042,-0.023,2.552,-0.019,0.973,5.637,-0.845,-5.0,-0.022,3.624,-4.0,0.082,-1.287,2.072,0.05,-0.055,0.0,0.0,0.0,0.0,0.0,0.0,0.0,0.0,0.0,0.0
GoldS210,XAUUSDc,125,-11.7923,-70.754,1,-0.8808,0.0,499,20.2405,1,5,0,0.015,2.3,1.75,0.0,0.5,15,1,-87.169,15,0,1,7,0.25,1,-55.165,-15.589,0.0,0.0,0.0,0.0,0.0,1.725,7.015,-4.0,-1.259,-3.0,-6.0,6.787,-0.258,-3.0,-0.096,-4.252,-3.0,-5.0,-4.0,-3.0,-1.862,-0.256,-3.272,-0.789,4.295,-2.263,-0.449,-3.0,7.708,-5.0,-4.0,-4.0,-2.262,-2.011,13.227,-4.031,-6.0,0.795,-3.0,11.112,-3.0,-0.235,-3.999,-3.0,-3.0,-3.0,-4.0,1.969,-1.12,-2.262,13.164,-1.254,-6.0,-1.262,-1.0,-5.257,0.644,-1.157,-5.0,0.699,13.47,-0.509,-3.0,-0.307,-4.0,0.027,3.669,5.813,0.742,14.673,6.254,-1.262,-2.0,3.947,6.013,-4.0,-4.0,-0.252,-2.254,-3.998,-4.0,0.107,-4.0,1.439,-2.658,0.828,-1.0,-2.73,-2.274,-2.257,-4.0,-0.68,4.817,-2.239,-5.0,0.425,-2.0,-0.933,-4.0,3.237,0.0,2.131,-2.0,-3.0,-2.317,0.709,1.931,-1.28,-2.0,8.612,-6.0,-5.0,1.787,-2.29,-4.0,2.339,-5.0,2.24,-3.999,-1.259,0.0,0.0,0.0,0.0,0.0,0.0,0.0,0.0,0.0,0.0
GoldS210,XAUUSDc,165,-5.6317,-16.895,2,-0.4611,0.0,520,52.5,1,5,0,0.015,1.7,0.75,0.0,0.5,15,1,-19.078,0,0,1,5,0.5,2,-24.847,7.952,0.0,0.0,0.0,0.0,0.0,0.739,-1.464,-1.18,2.232,2.018,-0.757,0.628,1.163,-2.295,-0.507,-4.251,-0.871,-4.0,-0.508,-3.0,-0.798,-1.01,2.445,0.667,0.933,0.231,1.985,1.673,-2.259,-5.0,0.04,-4.0,0.206,-2.488,-0.756,2.091,3.095,0.226,0.494,0.235,-3.0,0.484,-1.506,-0.254,0.497,-0.4,-4.0,3.418,-1.391,-0.758,1.697,1.241,-0.301,-0.51,-1.0,-4.507,-2.255,0.061,-0.276,-0.257,3.166,0.221,-3.0,3.279,1.179,-0.77,0.222,1.984,0.493,-2.509,2.238,2.12,-0.262,3.162,-0.13,-0.019,-3.999,-1.251,-3.252,1.231,-1.525,2.702,-2.25,-0.54,-0.767,-1.261,-1.0,0.094,0.868,1.942,-2.323,1.555,3.163,-3.252,-2.512,2.684,-1.255,3.977,-2.253,0.224,0.0,-0.801,-2.0,-1.278,-3.284,0.478,2.568,-0.515,0.48,5.19,-0.78,-0.861,1.221,3.872,2.625,0.242,1.482,-0.525,-0.506,0.183,0.0,0.0,0.0,0.0,0.0,0.0,0.0,0.0,0.0,0.0
GoldS210,XAUUSDc,49,6.4945,12.989,3,0.1735,227.75,495,24.6465,1,5,0,0.015,2.0,1.5,0.0,0.5,15,1,-16.594,12,0,1,7,0.0,2,-49.073,62.062,0.0,0.0,0.0,0.0,0.0,1.479,-2.185,-4.0,-1.508,-3.0,-6.0,-0.016,-0.507,-3.0,-0.39,-4.502,-3.0,-4.999,-4.0,-3.0,-3.269,-1.095,-0.131,-2.494,6.499,0.036,-2.499,-3.0,-5.0,-6.0,-3.0,-4.0,-2.51,-2.511,2.431,19.331,-6.0,0.211,2.645,-0.022,-3.0,-0.515,-3.999,-3.0,-3.0,-3.0,-4.0,-0.301,0.453,-2.51,41.239,-1.503,-3.097,-1.511,-1.0,-3.014,-0.121,-3.188,-5.0,0.486,5.733,-0.036,-3.0,5.94,-3.999,-0.997,3.058,3.726,0.493,-2.965,4.126,-1.509,18.36,3.812,-0.365,-4.0,-4.0,-0.501,-2.503,-1.508,11.998,10.047,19.701,0.944,-0.643,0.069,-1.0,-2.363,5.107,11.988,-4.0,-1.127,5.244,-2.492,-2.502,-0.068,-2.0,-1.535,-4.0,5.051,0.0,1.399,-2.0,-3.0,-2.559,0.465,1.931,-1.526,-0.539,11.747,-1.572,-5.0,1.224,-0.041,-4.0,1.571,-5.0,5.7,-4.0,-1.508,0.0,0.0,0.0,0.0,0.0,0.0,0.0,0.0,0.0,0.0
GoldS210,XAUUSDc,119,1.2215,2.443,3,0.0507,443.27,508,31.6929,1,5,0,0.015,2.3,1.25,0.0,0.5,15,1,-8.386,16,0,1,7,0.25,2,-19.655,22.098,0.0,0.0,0.0,0.0,0.0,1.232,1.826,2.303,-1.756,-3.0,-6.0,5.404,7.353,-3.0,-0.753,-4.752,-3.0,-2.607,-4.0,-3.0,-3.752,3.055,-3.766,-2.935,7.327,-1.519,-2.75,-0.752,-0.711,-5.0,-4.0,-4.0,-2.759,-2.759,2.637,7.858,-6.0,-0.373,-3.0,5.646,-3.0,-0.763,-2.756,-2.0,5.19,-1.167,-4.0,10.353,5.422,-2.758,18.926,0.648,-3.761,-1.759,-1.0,-3.512,-1.758,-2.267,-5.0,0.239,7.443,-0.505,-3.0,4.398,3.459,-1.533,1.702,2.654,0.244,-1.501,1.49,8.33,4.208,2.814,1.956,-1.758,-4.0,-0.751,-2.753,5.048,2.135,12.123,-1.437,0.449,4.371,-0.769,-1.0,-1.769,-2.767,2.921,-4.0,-1.577,1.67,-2.746,-2.752,4.384,0.607,0.019,-1.755,-0.005,0.0,0.666,-2.0,-3.0,-2.801,0.221,2.497,-1.771,1.466,1.741,-2.273,-5.0,0.662,2.658,-4.0,0.569,2.922,0.963,-0.53,-0.568,0.0,0.0,0.0,0.0,0.0,0.0,0.0,0.0,0.0,0.0
GoldS210,XAUUSDc,162,-4.9427,-14.828,2,-0.4153,0.0,533,65.1032,1,5,0,0.015,1.7,0.5,0.0,0.5,15,1,-15.389,0,0,1,5,0.5,2,-23.869,9.041,0.0,0.0,0.0,0.0,0.0,0.493,-0.01,-2.011,1.982,0.493,-0.009,-0.511,-0.011,-2.504,-1.004,-4.501,0.492,-1.003,-1.006,-1.504,-1.543,-0.57,1.486,1.482,-0.058,-0.513,2.486,0.494,-1.008,-1.52,-1.505,-4.0,-0.535,-1.513,-0.007,0.437,-0.005,-0.516,-0.004,-0.511,-1.501,-0.01,-0.014,0.996,1.491,-0.01,-3.0,-0.567,-1.132,-0.005,-0.012,1.994,-0.015,0.483,0.496,-5.005,-1.007,2.512,-2.007,-0.504,1.947,-0.525,-3.0,1.986,-0.514,-0.018,0.975,2.483,1.492,1.48,1.491,0.489,-0.508,1.989,-1.01,-1.034,-2.5,-0.005,-3.501,0.487,-1.523,0.493,-2.5,-1.036,-1.511,-1.508,-1.0,-1.041,0.918,2.461,-2.503,2.466,0.976,-0.552,-3.009,1.447,-0.004,1.964,-1.008,2.47,0.0,-0.043,-2.0,-0.035,-0.559,-0.015,-0.049,-1.01,1.474,2.96,3.428,-2.01,0.481,3.396,-0.011,2.443,2.937,0.483,-1.004,0.956,0.0,0.0,0.0,0.0,0.0,0.0,0.0,0.0,0.0,0.0
GoldS210,XAUUSDc,118,1.213,2.426,3,0.0503,446.37,508,31.6929,1,5,0,0.015,2.0,1.25,0.0,0.5,15,1,-8.403,16,0,1,7,0.25,2,-19.672,22.098,0.0,0.0,0.0,0.0,0.0,1.232,1.826,2.303,-1.756,-3.0,-6.0,5.404,7.353,-3.0,-0.753,-4.752,-3.0,-2.607,-4.0,-3.0,-3.752,3.055,-3.766,-2.935,7.327,-1.519,-2.75,-0.752,-0.711,-5.0,-4.0,-4.0,-2.759,-2.759,2.637,7.858,-6.0,-0.373,-3.0,5.646,-3.0,-0.763,-2.756,-2.0,5.19,-1.167,-4.0,10.336,5.422,-2.758,18.926,0.648,-3.761,-1.759,-1.0,-3.512,-1.758,-2.267,-5.0,0.239,7.443,-0.505,-3.0,4.398,3.459,-1.533,1.702,2.654,0.244,-1.501,1.49,8.33,4.208,2.814,1.956,-1.758,-4.0,-0.751,-2.753,5.048,2.135,12.123,-1.437,0.449,4.371,-0.769,-1.0,-1.769,-2.767,2.921,-4.0,-1.577,1.67,-2.746,-2.752,4.384,0.607,0.019,-1.755,-0.005,0.0,0.666,-2.0,-3.0,-2.801,0.221,2.497,-1.771,1.466,1.741,-2.273,-5.0,0.662,2.658,-4.0,0.569,2.922,0.963,-0.53,-0.568,0.0,0.0,0.0,0.0,0.0,0.0,0.0,0.0,0.0,0.0
GoldS210,XAUUSDc,83,14.621,29.242,3,0.5999,53.67,511,29.3542,1,5,0,0.015,2.3,1.25,0.0,0.5,15,1,13.549,20,0,1,3,0.25,2,-11.518,40.76,0.0,0.0,0.0,0.0,0.0,1.232,-3.755,4.643,-1.755,-3.0,-6.0,5.404,11.765,-3.0,-0.753,-4.752,-3.0,-5.0,-3.999,-3.0,-3.752,0.355,-3.766,0.273,9.021,-1.518,-2.438,-0.752,-1.131,-5.0,-4.0,-4.0,-2.759,-2.759,3.194,1.701,2.126,0.545,-3.0,7.17,-3.0,-0.763,-2.757,-1.999,-0.753,-2.476,-3.0,16.128,4.004,-2.758,21.075,4.167,-3.761,-1.759,-1.0,-3.512,-1.758,-0.309,-5.0,0.239,6.964,-0.505,-3.0,7.842,5.994,-1.533,1.702,-0.508,0.244,-3.757,1.489,11.843,4.208,4.569,7.391,-1.758,-4.0,-0.751,-2.753,7.065,2.732,15.797,-4.0,0.449,3.368,-0.769,-1.0,-4.773,-2.767,2.62,-4.0,1.158,5.498,-2.185,-2.752,6.083,-3.0,2.431,-1.755,0.103,0.0,0.666,-2.0,-3.0,-2.801,0.221,-0.807,-1.771,1.466,4.31,-6.0,-4.999,3.693,4.406,-3.0,-0.017,-6.0,3.66,2.251,-0.568,0.0,0.0,0.0,0.0,0.0,0.0,0.0,0.0,0.0,0.0
GoldS210,XAUUSDc,142,-10.4182,-62.509,1,-0.9731,0.0,496,22.1774,1,5,0,0.015,2.0,1.75,0.0,0.5,15,1,-73.093,15,0,1,9,0.25,1,-47.13,-15.379,0.0,0.0,0.0,0.0,0.0,1.725,-1.851,-4.0,-0.259,-1.244,-5.999,6.788,-0.258,-3.0,-0.181,-4.252,-3.0,-1.485,-3.0,-3.0,-1.841,3.061,-2.272,2.426,4.102,0.805,4.008,-3.0,4.525,-4.999,-4.0,-4.0,-2.262,-2.178,9.088,-4.072,-6.0,0.58,-3.0,10.608,-3.0,-0.246,-0.641,-3.0,-3.0,-3.0,-4.0,0.966,-2.254,-2.262,7.059,-1.254,-6.0,-1.262,-1.0,-1.593,-0.951,-1.521,2.266,0.699,12.071,-0.509,-3.0,-0.307,-4.0,0.185,3.536,2.142,0.742,7.324,4.347,-1.262,-2.0,4.41,11.817,-4.0,-4.0,-0.252,-2.254,-4.0,-4.0,-0.237,-4.0,1.439,-3.106,1.301,-1.0,-2.148,-2.274,-2.256,-4.0,1.337,2.548,-1.74,-5.0,0.425,-2.0,-2.042,-4.0,1.989,0.0,2.131,-2.0,-3.0,-2.317,0.709,0.949,-1.28,-2.0,15.911,-6.0,-5.0,1.502,2.48,-4.0,2.171,-6.0,1.699,-4.0,-1.259,0.0,0.0,0.0,0.0,0.0,0.0,0.0,0.0,0.0,0.0
GoldS210,XAUUSDc,182,-4.9377,-14.813,2,-0.415,0.0,533,65.1032,1,5,0,0.015,2.3,0.5,0.0,0.5,15,1,-15.389,0,0,1,7,0.5,2,-23.854,9.041,0.0,0.0,0.0,0.0,0.0,0.493,-0.01,-2.011,1.982,0.493,-0.009,-0.511,-0.011,-2.504,-1.004,-4.501,0.492,-1.003,-1.006,-1.504,-1.543,-0.57,1.486,1.482,-0.058,-0.513,2.486,0.494,-1.008,-1.52,-1.505,-4.0,-0.535,-1.513,-0.007,0.437,-0.005,-0.516,-0.004,-0.511,-1.501,-0.01,-0.014,0.996,1.491,-0.01,-3.0,-0.567,-1.132,-0.005,-0.012,1.994,-0.015,0.483,0.496,-5.005,-1.007,2.527,-2.007,-0.504,1.947,-0.525,-3.0,1.986,-0.514,-0.018,0.975,2.483,1.492,1.48,1.491,0.489,-0.508,1.989,-1.01,-1.034,-2.5,-0.005,-3.501,0.487,-1.523,0.493,-2.5,-1.036,-1.511,-1.508,-1.0,-1.041,0.918,2.461,-2.503,2.466,0.976,-0.552,-3.009,1.447,-0.004,1.964,-1.008,2.47,0.0,-0.043,-2.0,-0.035,-0.559,-0.015,-0.049,-1.01,1.474,2.96,3.428,-2.01,0.481,3.396,-0.011,2.443,2.937,0.483,-1.004,0.956,0.0,0.0,0.0,0.0,0.0,0.0,0.0,0.0,0.0,0.0
GoldS210,XAUUSDc,213,-6.6627,-19.988,2,-0.3498,0.0,490,24.6939,1,5,0,0.015,1.7,1.75,0.0,0.5,15,1,-28.608,16,0,1,9,0.5,2,-40.409,20.421,0.0,0.0,0.0,0.0,0.0,1.725,4.206,-4.0,-0.259,-1.244,-5.0,2.944,-0.258,-3.0,-0.181,-4.252,-3.0,-0.485,-3.0,-3.0,4.62,-0.031,-2.272,2.425,0.52,0.805,3.616,-3.0,1.167,-5.0,-4.0,-4.0,-1.262,-2.178,8.764,-4.072,-4.999,0.58,2.956,6.198,-3.0,-0.246,-0.641,-3.0,-3.0,-3.0,-4.0,0.966,-2.488,-2.262,2.934,-1.254,-6.0,-1.262,-1.0,-1.662,-0.951,-1.521,1.345,0.699,8.634,-0.509,-3.0,-0.307,-4.0,0.185,1.431,1.047,0.742,5.517,4.347,8.674,-3.0,9.351,7.62,-4.0,-3.999,-0.252,-2.254,-3.999,4.362,-0.237,5.043,1.439,-3.106,1.301,-1.0,-1.148,3.035,5.029,-4.0,1.337,1.889,-1.74,-5.0,0.425,-2.0,4.37,-4.0,1.989,0.0,2.131,-2.0,-3.0,-2.317,0.709,0.949,-1.28,-2.0,17.035,-6.0,-5.0,1.502,2.48,-4.0,2.171,-6.0,6.985,-3.0,-2.259,0.0,0.0,0.0,0.0,0.0,0.0,0.0,0.0,0.0,0.0
GoldS210,XAUUSDc,207,-2.3735,-4.747,3,-0.1471,0.0,501,36.1277,1,5,0,0.015,1.7,1.25,0.0,0.5,15,1,-9.518,0,0,1,9,0.5,3,-18.208,13.461,0.0,0.0,0.0,0.0,0.0,1.232,0.684,0.394,-0.756,-1.747,-5.0,3.152,3.024,-3.0,-0.753,-4.752,-3.0,-1.739,-3.0,-3.0,0.771,0.907,2.705,-0.646,4.071,0.738,-0.579,-0.752,-1.89,-5.0,-4.0,-4.0,1.972,-2.759,2.119,4.532,3.791,-0.478,1.2,3.217,-3.0,-0.763,-0.288,-2.0,2.772,-1.742,-4.0,5.004,1.719,-2.758,7.713,0.681,-3.761,-1.759,-1.0,-3.512,-1.758,-2.515,-0.531,0.239,5.593,-0.505,-3.0,3.967,0.565,-1.532,1.702,-0.51,0.244,-1.256,1.489,6.463,1.52,2.736,2.841,-1.758,-3.999,-0.751,-2.753,3.86,-0.978,5.788,-1.495,0.449,2.175,-0.769,-1.0,-0.979,1.032,0.844,-4.0,-0.513,3.618,-2.51,-2.752,4.1,0.418,2.395,-1.755,-0.241,0.0,0.666,-2.0,0.691,-2.801,0.221,1.92,-1.771,1.466,9.464,-3.474,-5.0,0.496,2.711,-4.0,0.613,-2.496,4.29,-1.317,0.432,0.0,0.0,0.0,0.0,0.0,0.0,0.0,0.0,0.0,0.0
GoldS210,XAUUSDc,158,-6.3348,-38.009,1,-0.6347,0.0,499,25.2505,1,5,0,0.015,2.3,1.5,0.0,0.5,15,1,-45.126,10,0,1,3,0.5,1,-48.785,10.776,0.0,0.0,0.0,0.0,0.0,1.479,1.135,-4.0,-0.507,-4.0,-5.0,4.414,-0.507,-3.0,1.19,-4.502,-3.0,-4.0,-4.0,-3.0,2.696,-0.409,0.217,-1.683,-0.308,-0.848,-2.03,-3.0,-0.463,-5.0,-4.0,-4.0,-1.51,-2.511,6.341,3.862,-4.999,1.874,2.078,5.756,-3.0,-0.515,-4.0,-3.0,2.174,-3.0,-4.0,5.553,2.333,-2.51,8.422,-1.503,-5.999,-1.511,-1.0,-3.014,0.276,-0.24,-4.0,0.486,6.813,-1.007,-3.0,6.092,-4.0,-0.649,2.848,-0.125,0.493,-0.792,4.15,7.178,1.323,6.853,6.433,-4.0,-3.999,-0.501,-2.503,-1.509,2.053,5.63,5.828,0.944,0.324,0.781,-1.0,-6.0,1.856,2.06,-4.0,0.906,0.903,-1.619,-2.502,-0.068,-3.0,0.377,-4.0,1.161,0.0,1.399,-2.0,-3.0,-2.559,0.465,1.501,-1.526,-0.539,12.908,-1.53,-5.0,2.929,-1.041,-3.0,3.077,-6.0,3.966,-3.0,-2.508,0.0,0.0,0.0,0.0,0.0,0.0,0.0,0.0,0.0,0.0
GoldS210,XAUUSDc,30,-5.9645,-35.787,1,-0.4955,0.0,494,21.6599,1,5,0,0.015,1.7,1.5,0.0,0.5,15,1,-65.815,13,0,1,5,0.0,1,-57.345,21.558,0.0,0.0,0.0,0.0,0.0,1.479,-1.988,-4.0,-0.508,-4.0,-6.0,-0.015,-0.507,-3.0,-0.251,-4.502,-3.999,-4.0,-4.0,-3.0,-3.033,0.71,-3.519,25.029,-5.0,-1.02,-2.13,-4.0,-0.198,-6.0,-3.0,-4.0,-2.51,-2.511,6.95,-2.614,-5.0,1.374,4.168,-0.022,-3.0,-0.515,-5.0,-2.0,-2.999,-4.0,-3.0,-3.563,1.946,-2.51,20.419,-1.503,-6.0,-1.51,-1.0,-3.014,12.767,-3.247,-3.999,0.486,20.015,-0.036,-3.0,16.169,-4.0,0.087,5.243,-4.998,0.493,-6.0,5.206,21.34,11.057,6.688,0.712,-4.0,-4.0,-0.501,-2.503,-1.509,-5.0,2.601,-5.0,0.944,-0.39,0.528,-1.0,-7.0,-2.521,2.652,-4.0,0.11,-1.515,-1.513,-2.502,-0.068,-2.0,-5.0,-4.0,13.929,0.0,1.399,-2.0,-2.999,-2.559,0.465,5.118,-1.526,-0.539,1.338,-3.477,-5.0,1.481,-0.041,-4.0,2.185,-6.0,6.017,-4.0,-1.508,0.0,0.0,0.0,0.0,0.0,0.0,0.0,0.0,0.0,0.0
GoldS210,XAUUSDc,84,20.4795,40.959,3,0.5769,67.58,506,21.7391,1,5,0,0.015,1.7,1.5,0.0,0.5,15,1,13.28,29,0,1,3,0.25,2,-20.12,61.079,0.0,0.0,0.0,0.0,0.0,1.479,-3.506,-4.0,-1.507,-3.0,-6.0,7.461,-0.506,-3.0,1.321,-4.502,-3.0,-5.0,-3.999,-3.0,-6.0,-4.999,-3.519,1.46,3.443,-0.847,-2.03,-3.0,2.188,-5.0,-4.0,-4.0,-2.51,-2.511,11.256,-1.513,-5.999,1.874,-3.0,10.457,-3.0,-0.515,-5.0,-1.999,-3.0,-4.0,-3.0,26.115,9.378,-2.51,30.369,-1.503,-6.0,-1.511,-1.0,-3.014,0.79,0.702,-5.0,0.486,11.286,-1.007,-3.0,10.844,-4.0,-0.649,8.485,1.852,0.493,1.516,6.372,24.152,5.425,10.097,6.651,-4.0,-4.0,-0.501,-2.503,-1.509,11.031,9.439,16.277,0.944,2.105,0.781,-1.0,-7.0,-2.521,4.756,-4.0,2.37,3.875,-1.619,-2.502,-0.068,-3.0,-5.0,-4.0,1.834,0.0,1.399,-2.0,-3.0,-2.559,0.465,-3.536,-1.526,-0.539,2.168,-6.0,-4.999,5.343,-1.04,-3.0,-0.876,-6.0,6.682,-4.0,-2.508,0.0,0.0,0.0,0.0,0.0,0.0,0.0,0.0,0.0,0.0
GoldS210,XAUUSDc,53,-16.4573,-98.744,1,-0.9623,0.0,491,20.3666,1,5,0,0.015,2.3,1.75,0.0,0.5,15,1,-115.798,10,0,1,7,0.0,1,-86.363,-12.381,0.0,0.0,0.0,0.0,0.0,1.725,-1.837,-4.0,-1.259,-3.0,-6.0,-2.25,-0.256,-3.0,-0.096,-4.252,-3.0,-4.999,-4.0,-3.0,-1.862,-0.256,1.94,-0.788,10.035,-1.263,-0.449,-3.0,-5.0,-6.0,-3.0,-4.0,-2.262,-2.011,4.744,-4.031,-6.0,0.795,3.717,0.473,-3.0,-0.235,-3.999,-3.0,-3.0,-3.0,-4.0,0.969,-0.189,-2.262,13.803,-1.254,-6.0,-1.262,-1.0,-5.257,0.644,-2.879,-5.0,0.699,7.424,1.93,-3.0,-0.307,-3.999,0.027,3.669,5.813,0.742,-1.583,6.254,-1.261,-1.999,3.946,-0.081,-4.0,-4.0,-0.252,-2.254,-3.998,-4.0,0.107,-4.0,1.439,-2.658,0.828,-1.0,-1.73,7.172,2.895,-4.0,-0.679,6.817,-2.239,-4.999,0.425,-2.0,-0.933,-4.0,7.404,0.0,2.131,-2.0,-3.0,-2.317,0.709,2.931,-1.28,-2.0,10.843,-6.0,-5.0,1.787,-2.29,-4.0,2.339,-5.0,7.406,-4.0,-1.259,0.0,0.0,0.0,0.0,0.0,0.0,0.0,0.0,0.0,0.0
GoldS210,XAUUSDc,174,-8.7417,-52.45,1,-0.8271,0.0,497,25.1509,1,5,0,0.015,1.7,1.5,0.0,0.5,15,1,-59.567,10,0,1,5,0.5,1,-51.022,-1.428,0.0,0.0,0.0,0.0,0.0,1.479,2.653,-3.999,-0.508,-4.0,-5.0,4.414,-0.507,-3.0,-0.251,-4.502,-3.0,-4.0,-4.0,-3.0,2.696,-0.509,0.217,-1.683,-0.307,-1.021,-2.131,-3.0,-0.463,-5.0,-4.0,-4.0,-1.51,-2.511,6.292,2.877,-4.999,1.374,2.078,5.756,-3.0,-0.515,-4.0,-3.0,2.174,-3.0,-4.0,5.553,2.333,-2.51,8.257,-1.503,-5.999,-1.511,-1.0,-3.014,0.276,-1.771,-4.0,0.486,8.102,-1.007,-3.0,6.092,-4.0,-0.913,2.848,-0.161,0.493,-0.792,4.15,7.178,1.323,5.417,1.856,-4.0,-3.999,-0.501,-2.503,-1.509,2.053,4.381,5.828,0.944,-0.39,0.528,-1.0,-6.0,1.856,2.06,-4.0,0.11,0.903,-2.049,-2.502,-0.068,-2.0,0.377,-4.0,1.161,0.0,1.399,-2.0,-3.0,-2.559,0.465,1.316,-1.526,-0.539,11.775,-1.53,-5.0,1.481,-1.041,-3.0,2.185,-6.0,4.175,-3.0,-2.508,0.0,0.0,0.0,0.0,0.0,0.0,0.0,0.0,0.0,0.0
GoldS210,XAUUSDc,47,1.6987,2.548,4,0.0509,669.94,503,32.008,1,5,0,0.015,2.3,1.25,0.0,0.5,15,1,-14.522,11,0,1,7,0.0,3,-36.3,38.848,0.0,0.0,0.0,0.0,0.0,1.232,-2.533,0.341,-1.756,-3.0,-6.0,-0.513,5.03,-3.0,-0.753,-4.752,-3.0,-2.606,-4.0,-3.0,-3.752,3.055,0.632,-2.934,11.251,-0.519,-2.75,-0.752,-5.0,-6.0,-3.0,-4.0,-2.759,-2.759,2.637,16.48,-6.0,-0.373,1.574,-0.519,-3.0,-0.763,-2.756,-2.0,5.4,-1.167,-4.0,-1.565,0.82,-2.758,28.687,0.648,-3.761,-1.759,-1.0,-3.512,-1.758,-3.497,-5.0,0.239,3.529,-0.505,-3.0,4.398,0.416,-1.533,1.702,2.654,0.244,-1.501,1.49,-1.758,14.608,2.814,-1.648,-1.758,-4.0,-0.751,-2.753,5.048,5.042,16.223,-1.437,0.449,0.898,-0.769,-1.0,-1.769,-2.767,8.014,-4.0,-1.576,3.67,-2.746,-2.752,4.384,0.607,0.019,-1.755,3.27,0.0,0.666,-2.0,-0.734,-2.801,0.221,3.497,-1.771,1.466,10.459,-2.273,-5.0,0.662,2.658,-4.0,-0.431,-5.0,3.994,0.102,-0.568,0.0,0.0,0.0,0.0,0.0,0.0,0.0,0.0,0.0,0.0
GoldS210,XAUUSDc,8,39.6925,79.385,3,2.6241,84.02,524,37.5954,1,5,0,0.015,2.3,1.0,0.0,0.5,15,1,12.682,11,0,1,3,0.0,2,65.905,13.48,0.0,0.0,0.0,0.0,0.0,0.986,-2.007,-2.021,-1.004,-2.001,-4.0,-1.01,8.277,-1.047,-0.009,-4.001,-3.0,-4.998,-3.999,-3.0,-4.002,-0.433,10.351,7.156,1.37,0.649,-0.85,3.592,-2.012,-4.0,-4.0,-4.0,3.1,-3.008,3.865,15.182,3.822,2.633,-3.0,-1.016,-3.0,-1.01,-1.006,-2.0,0.996,-0.828,-4.0,-2.063,2.267,3.622,72.435,-0.009,-2.016,-2.007,-2.0,-4.009,-2.007,-0.324,-5.0,-0.009,14.308,-1.004,-3.0,0.959,0.143,-0.026,0.962,3.401,-1.004,-1.012,2.984,20.033,3.594,0.982,2.21,-1.006,-5.0,-1.001,-3.002,1.973,-5.0,16.383,-2.0,-2.005,0.977,3.987,-1.03,2.676,-4.998,-1.019,-2.03,0.989,4.483,-1.003,-1.0,1.929,-1.051,1.875,-2.004,-2.014,-0.055,-0.09,-2.0,-1.037,-1.042,-3.0,-0.055,6.457,-4.031,-3.029,-3.014,-6.0,0.978,6.208,-2.999,-0.643,-3.016,0.948,1.624,-1.055,0.0,0.0,0.0,0.0,0.0,0.0,0.0,0.0,0.0,0.0
GoldS210,XAUUSDc,62,9.7065,19.413,3,0.7224,113.73,514,42.2179,1,5,0,0.015,2.3,1.0,0.0,0.5,15,1,-2.665,4,0,1,9,0.0,1,-6.003,25.416,0.0,0.0,0.0,0.0,0.0,0.986,-0.887,-0.522,0.986,0.877,-4.0,-1.01,1.579,-1.047,-0.009,-4.001,-3.0,-2.992,0.179,-3.0,17.388,0.713,3.604,-1.412,3.415,1.433,2.682,2.273,-2.012,-5.0,-2.04,-4.0,-1.01,-3.008,4.366,6.339,-2.004,1.273,-3.0,-1.016,-3.0,-1.01,-1.007,-2.0,0.996,0.004,-4.0,3.508,0.779,-3.007,8.985,-0.009,-2.016,-2.007,-1.0,-4.009,-2.007,-1.033,-2.928,-0.009,7.403,-1.004,-3.0,2.779,1.235,-0.026,0.962,3.925,3.068,0.169,2.984,2.864,0.96,4.103,-0.005,-2.006,-4.0,-1.001,-3.002,1.973,-0.818,23.691,-2.0,-0.046,-0.023,-1.015,-1.0,1.091,-0.096,0.916,-4.0,-1.378,4.171,-3.003,-2.017,3.922,0.103,0.177,-2.004,-1.029,0.0,-0.068,-2.0,-1.037,-3.042,-0.023,2.552,-0.019,0.973,8.81,-0.845,-5.0,-0.022,3.625,-4.0,-0.918,-4.016,2.072,0.05,-0.055,0.0,0.0,0.0,0.0,0.0,0.0,0.0,0.0,0.0,0.0
GoldS210,XAUUSDc,197,-9.462,-18.924,3,-0.2596,0.0,492,23.5772,1,5,0,0.015,2.3,1.75,0.0,0.5,15,1,-28.695,18,0,1,7,0.5,2,-55.131,36.207,0.0,0.0,0.0,0.0,0.0,1.725,4.219,-4.0,-0.259,-4.0,-5.0,2.944,-0.258,-3.0,-0.096,-4.252,-3.0,-4.0,-4.0,-3.0,4.62,-0.256,-2.272,4.819,0.634,-2.263,-0.449,-3.0,1.167,-5.0,-4.0,-4.0,-1.262,-2.011,9.088,-4.031,-4.999,0.795,2.956,6.415,-3.0,-0.235,-3.999,-3.0,-3.0,-3.0,-4.0,1.969,-2.175,-2.262,3.003,-1.254,-6.0,-1.262,-1.0,-1.345,0.644,-1.157,-4.0,0.699,9.065,-0.509,-3.0,-0.307,-4.0,0.027,2.258,5.592,0.742,5.45,5.897,9.445,-2.999,9.735,7.715,-4.0,-3.999,-0.252,-2.254,-4.0,4.625,0.107,6.771,1.439,-2.658,0.828,-1.0,-1.73,3.035,5.03,-4.0,-0.68,1.889,-2.239,-5.0,0.425,-2.0,5.48,-4.0,2.649,0.0,2.131,-2.0,-3.0,-2.317,0.709,1.932,-1.28,-2.0,18.771,-6.0,-5.0,1.787,-2.29,1.988,2.339,-5.0,9.387,-3.0,-2.258,0.0,0.0,0.0,0.0,0.0,0.0,0.0,0.0,0.0,0.0
GoldS210,XAUUSDc,66,13.0565,26.113,3,0.4213,138.02,499,26.4529,1,5,0,0.015,1.7,1.5,0.0,0.5,15,1,-9.927,12,0,1,9,0.0,1,-45.521,71.634,0.0,0.0,0.0,0.0,0.0,1.479,-2.195,-4.0,-0.508,-1.495,-6.0,-0.016,-0.507,-3.0,-0.452,-4.502,-3.0,-1.95,-3.0,-3.0,-3.391,-2.36,0.543,0.91,5.589,3.862,-0.022,-4.0,1.14,-5.0,-3.999,-4.0,-2.51,-2.511,6.071,7.892,-6.0,0.05,-3.0,-0.022,-3.0,-0.515,-1.087,-3.0,-3.0,-3.0,-4.0,12.844,1.382,-2.51,15.711,-1.503,-3.413,-1.511,-1.0,-3.014,-1.284,-2.018,0.815,0.486,9.655,-0.036,-3.0,5.96,-4.0,-0.996,3.009,0.549,0.493,2.977,3.04,29.768,2.081,4.097,4.094,-4.0,-4.0,-0.501,-2.503,-1.509,6.173,36.549,8.294,0.944,-0.928,-0.028,-1.0,-2.677,-2.521,6.417,-4.0,0.413,1.429,-2.125,-2.502,-0.068,-2.0,-3.375,-4.0,0.825,0.0,1.399,-2.0,-2.999,-2.559,0.465,0.16,-1.526,-0.539,18.29,-3.138,-5.0,0.998,-0.04,-4.0,1.472,-5.999,1.16,-4.0,-1.508,0.0,0.0,0.0,0.0,0.0,0.0,0.0,0.0,0.0,0.0
GoldS210,XAUUSDc,135,1.683,3.366,3,0.0907,228.43,506,33.9921,1,5,0,0.015,1.7,1.25,0.0,0.5,15,1,-4.323,11,0,1,9,0.25,2,-20.46,23.826,0.0,0.0,0.0,0.0,0.0,1.232,-2.541,2.149,-0.756,-1.747,-5.999,5.404,4.386,-3.0,-0.753,-4.752,-3.0,-2.739,-3.0,-3.0,-3.752,2.017,3.042,-0.645,6.71,0.738,-0.58,-0.752,-1.637,-4.999,-4.0,-4.0,-2.759,-2.759,2.172,7.335,-6.0,-0.478,-3.0,5.355,-3.0,-0.763,-0.288,-2.0,3.622,-1.742,-4.0,7.977,1.719,-2.758,14.73,0.681,-3.761,-1.759,-1.0,-3.512,-1.758,-2.515,-0.636,0.239,7.818,-0.505,-3.0,4.369,2.467,-1.532,1.702,-0.51,0.244,-1.256,1.489,4.796,1.52,2.736,5.214,-1.758,-4.0,-0.751,-2.753,4.345,1.922,9.479,-1.454,0.449,4.25,-0.769,-1.0,-0.979,1.032,2.848,-4.0,-0.513,4.012,-2.51,-2.752,4.1,0.418,2.395,-1.755,-0.241,0.0,0.666,-2.0,-3.0,-2.801,0.221,1.92,-1.771,1.466,7.831,-3.474,-5.0,0.496,2.711,-4.0,0.613,0.421,0.622,-0.922,0.432,0.0,0.0,0.0,0.0,0.0,0.0,0.0,0.0,0.0,0.0
GoldS210,XAUUSDc,82,14.6205,29.241,3,0.5999,53.67,511,29.3542,1,5,0,0.015,2.0,1.25,0.0,0.5,15,1,13.548,20,0,1,3,0.25,2,-11.518,40.759,0.0,0.0,0.0,0.0,0.0,1.232,-3.755,4.643,-1.755,-3.0,-6.0,5.404,11.765,-3.0,-0.753,-4.752,-3.0,-5.0,-3.999,-3.0,-3.752,0.355,-3.766,0.273,9.021,-1.518,-2.438,-0.752,-1.131,-5.0,-4.0,-4.0,-2.759,-2.759,3.194,1.701,2.126,0.545,-3.0,7.17,-3.0,-0.763,-2.757,-1.999,-0.753,-2.476,-3.0,16.128,4.004,-2.758,21.075,4.167,-3.761,-1.759,-1.0,-3.512,-1.758,-0.309,-5.0,0.239,6.964,-0.505,-3.0,7.842,5.994,-1.533,1.702,-0.508,0.244,-3.757,1.489,11.843,4.208,4.569,7.391,-1.758,-4.0,-0.751,-2.753,7.065,2.732,15.797,-4.0,0.449,3.368,-0.769,-1.0,-4.773,-2.767,2.62,-4.0,1.158,5.498,-2.185,-2.752,6.083,-3.0,2.431,-1.755,0.103,0.0,0.666,-2.0,-3.0,-2.801,0.221,-0.807,-1.771,1.466,4.31,-6.0,-4.999,3.693,4.406,-3.0,-0.017,-6.0,3.66,2.25,-0.568,0.0,0.0,0.0,0.0,0.0,0.0,0.0,0.0,0.0,0.0
GoldS210,XAUUSDc,189,-2.5123,-7.537,2,-0.2004,0.0,503,34.9901,1,5,0,0.015,1.7,1.25,0.0,0.5,15,1,-12.308,0,0,1,7,0.5,2,-27.238,19.701,0.0,0.0,0.0,0.0,0.0,1.232,0.691,0.394,-0.756,-4.0,-5.0,3.152,4.402,-3.0,-0.753,-4.752,-3.0,-1.607,-4.0,-3.0,0.771,0.907,2.705,0.71,4.293,-1.519,-2.75,-0.752,-1.89,-5.0,-4.0,-4.0,1.972,-2.759,2.216,4.573,3.871,-0.373,1.2,3.36,-3.0,-0.763,-2.756,-2.0,2.772,-1.167,-4.0,5.146,2.266,-2.758,7.835,0.648,-3.761,-1.759,-1.0,-3.512,-1.758,-2.267,-4.0,0.239,5.019,-0.505,-3.0,4.221,0.565,-1.533,1.702,2.654,0.244,-1.501,1.489,6.915,1.715,2.814,2.902,-1.758,-3.999,-0.751,-2.753,4.025,-0.915,6.688,-1.495,0.449,2.296,-0.769,-1.0,-1.769,-2.767,0.845,-4.0,-1.577,3.641,-2.746,-2.752,4.259,0.607,0.019,-1.755,-0.126,0.0,0.666,-2.0,0.691,-2.801,0.221,2.498,-1.771,1.466,10.995,-2.273,-5.0,0.662,2.658,0.199,0.569,-1.496,5.233,-1.027,-0.568,0.0,0.0,0.0,0.0,0.0,0.0,0.0,0.0,0.0,0.0
GoldS210,XAUUSDc,121,3.139,6.278,3,0.094,296.94,502,24.7012,1,5,0,0.015,2.0,1.5,0.0,0.5,15,1,-12.364,21,0,1,7,0.25,1,-31.447,37.725,0.0,0.0,0.0,0.0,0.0,1.479,4.421,-4.0,-1.508,-3.0,-6.0,7.461,-0.507,-3.0,-0.39,-4.502,-3.0,-5.0,-4.0,-3.0,-3.269,-1.095,-3.519,-2.495,2.314,-0.964,-2.499,-3.0,2.139,-5.0,-4.0,-4.0,-2.51,-2.511,9.113,7.089,-6.0,0.211,-3.0,8.38,-3.0,-0.515,-3.999,-3.0,-3.0,-3.0,-4.0,17.379,6.797,-2.51,23.035,-1.503,-3.097,-1.511,-1.0,-3.014,-0.121,-1.712,-5.0,0.486,10.713,-1.007,-3.0,5.94,-4.0,-0.997,3.058,3.726,0.493,7.575,4.126,18.132,5.425,3.812,4.484,-4.0,-4.0,-0.501,-2.503,-1.508,7.251,7.125,14.816,0.944,-0.643,0.069,-1.0,-3.363,-2.521,5.254,-4.0,-1.128,3.244,-2.492,-2.502,-0.068,-2.0,-1.535,-4.0,1.515,0.0,1.399,-2.0,-3.0,-2.559,0.465,0.931,-1.526,-0.539,0.343,-1.572,-5.0,1.224,-0.041,-4.0,1.571,-5.0,1.602,-3.999,-1.508,0.0,0.0,0.0,0.0,0.0,0.0,0.0,0.0,0.0,0.0
GoldS210,XAUUSDc,208,-2.3545,-4.709,3,-0.1459,0.0,501,36.1277,1,5,0,0.015,2.0,1.25,0.0,0.5,15,1,-9.48,0,0,1,9,0.5,3,-18.17,13.461,0.0,0.0,0.0,0.0,0.0,1.232,0.684,0.394,-0.756,-1.747,-5.0,3.152,3.024,-3.0,-0.753,-4.752,-3.0,-1.739,-3.0,-3.0,0.771,0.907,2.705,-0.646,4.071,0.738,-0.579,-0.752,-1.89,-5.0,-4.0,-4.0,1.972,-2.759,2.119,4.532,3.791,-0.478,1.2,3.217,-3.0,-0.763,-0.288,-2.0,2.772,-1.742,-4.0,5.004,1.719,-2.758,7.751,0.681,-3.761,-1.759,-1.0,-3.512,-1.758,-2.515,-0.531,0.239,5.593,-0.505,-3.0,3.967,0.565,-1.532,1.702,-0.51,0.244,-1.256,1.489,6.463,1.52,2.736,2.841,-1.758,-3.999,-0.751,-2.753,3.86,-0.978,5.788,-1.495,0.449,2.175,-0.769,-1.0,-0.979,1.032,0.844,-4.0,-0.513,3.618,-2.51,-2.752,4.1,0.418,2.395,-1.755,-0.241,0.0,0.666,-2.0,0.691,-2.801,0.221,1.92,-1.771,1.466,9.464,-3.474,-5.0,0.496,2.711,-4.0,0.613,-2.496,4.29,-1.317,0.432,0.0,0.0,0.0,0.0,0.0,0.0,0.0,0.0,0.0,0.0
GoldS210,XAUUSDc,171,-5.7763,-17.329,2,-0.4572,0.0,504,33.5317,1,5,0,0.015,1.7,1.25,0.0,0.5,15,1,-22.1,0,0,1,5,0.5,1,-24.533,7.204,0.0,0.0,0.0,0.0,0.0,1.232,0.828,0.395,-0.756,-4.0,-5.0,3.152,4.402,-3.0,-0.753,-4.752,-3.0,-4.0,-4.0,-3.0,0.771,0.907,2.705,1.527,4.585,-1.519,-2.505,-0.752,-1.89,-5.0,-4.0,-4.0,1.972,-2.759,2.205,5.06,3.871,0.257,1.2,4.045,-3.0,-0.763,-2.757,-2.0,2.772,-1.365,-4.0,5.146,2.266,-2.758,8.832,1.967,-3.761,-1.759,-1.0,-3.512,-1.758,-2.315,-4.0,0.239,5.765,-0.505,-3.0,4.559,0.565,-1.533,1.702,-0.51,0.244,-3.757,1.489,7.253,1.715,3.23,0.034,-1.758,-3.999,-0.751,-2.753,4.382,-0.912,6.903,-1.495,0.449,2.404,-0.769,-1.0,-4.773,-2.767,0.845,-4.0,-0.744,3.641,-2.461,-2.752,4.419,0.716,0.947,-1.755,-0.126,0.0,0.666,-2.0,0.691,-2.801,0.221,2.838,-1.771,1.466,10.886,-2.241,-5.0,0.851,2.165,-3.0,0.569,-2.496,2.492,-0.341,-0.568,0.0,0.0,0.0,0.0,0.0,0.0,0.0,0.0,0.0,0.0
GoldS210,XAUUSDc,3,-4.4025,-8.805,3,-0.2989,0.0,527,49.1461,1,5,0,0.015,1.7,0.75,0.0,0.5,15,1,-20.159,6,0,1,3,0.0,2,-14.695,5.89,0.0,0.0,0.0,0.0,0.0,0.739,-2.505,-2.516,0.489,1.244,-0.757,-1.507,2.88,-2.295,-0.507,-4.251,-3.0,-4.998,-0.508,-3.0,-0.798,-1.219,6.235,5.575,0.933,0.231,1.986,2.377,-2.259,-4.0,-2.257,-4.0,0.206,-2.427,-0.756,4.62,0.364,0.226,0.494,0.235,-3.0,0.484,-1.505,-0.254,0.497,-1.429,-4.0,-0.646,-1.391,3.587,4.426,1.241,0.758,-0.51,2.52,-4.507,-2.255,0.396,-2.221,-0.257,8.097,0.221,-3.0,2.233,-0.464,-0.77,0.222,1.984,0.493,-1.509,2.238,6.931,-0.262,2.237,0.779,-1.255,-5.0,-1.251,-3.252,1.231,-1.525,10.104,-2.25,-2.253,0.233,1.159,0.225,1.115,-3.264,3.431,-0.783,1.878,3.061,-1.502,-1.0,0.939,5.217,0.217,-2.253,-0.765,0.943,-0.567,-2.0,-1.278,-1.284,-2.254,0.189,4.651,-2.54,-1.526,-1.514,-2.546,0.483,5.501,-2.999,0.445,0.232,0.211,-0.506,-1.541,0.0,0.0,0.0,0.0,0.0,0.0,0.0,0.0,0.0,0.0
GoldS210,XAUUSDc,114,1.799,5.397,2,0.1971,148.9,515,41.7476,1,5,0,0.015,1.7,1.0,0.0,0.5,15,1,-2.639,4,0,1,7,0.25,2,-19.846,25.243,0.0,0.0,0.0,0.0,0.0,0.986,-0.883,-0.235,-0.014,-3.0,-0.576,3.346,3.084,-1.047,-0.009,-4.001,-3.0,-2.887,-4.0,-3.0,4.88,1.428,1.739,-3.375,2.943,0.146,1.895,2.152,-2.012,-5.0,-4.0,-4.0,-1.01,-3.008,3.652,5.803,-2.004,1.471,-3.0,2.913,-3.0,-1.01,-1.007,-2.0,0.996,0.366,-4.0,4.966,2.768,-3.007,11.769,-0.009,-2.016,-2.007,-1.0,-4.009,-2.007,-0.842,-5.0,-0.009,7.154,-1.004,-3.0,2.859,6.746,-0.026,0.962,5.709,-1.004,-0.008,2.984,3.708,2.993,4.134,0.058,-2.006,-4.0,-1.001,-3.002,1.973,-0.7,6.89,-2.0,-0.046,-0.023,-1.015,-1.0,1.166,0.964,0.59,-4.0,-2.001,2.094,-3.003,-2.017,3.922,0.22,7.026,-2.004,0.988,0.0,-0.068,-2.0,-1.037,-3.042,-0.023,2.898,-0.019,0.973,1.927,0.029,-5.0,-0.022,3.588,-4.0,0.049,3.08,2.314,0.206,-1.055,0.0,0.0,0.0,0.0,0.0,0.0,0.0,0.0,0.0,0.0
GoldS210,XAUUSDc,100,0.4475,0.895,3,0.0138,1459.66,509,29.4695,1,5,0,0.015,2.0,1.25,0.0,0.5,15,1,-12.169,18,0,1,5,0.25,2,-21.511,22.406,0.0,0.0,0.0,0.0,0.0,1.232,2.058,4.791,-1.756,-3.0,-6.0,5.404,11.765,-3.0,-0.753,-4.752,-3.0,-5.0,-4.0,-3.0,-3.752,1.649,-3.766,0.273,8.163,-1.518,-2.505,-0.752,-0.711,-5.0,-4.0,-4.0,-2.759,-2.759,3.774,0.285,-6.0,0.257,-3.0,-0.519,-3.0,-0.763,-2.757,-2.0,-0.753,-2.365,-3.0,13.499,7.121,-2.757,20.49,2.92,-3.761,-1.759,-1.0,-3.512,-1.758,-2.315,-5.0,0.239,8.448,-0.505,-3.0,6.664,4.304,-1.533,1.702,-0.509,0.244,-3.757,1.489,11.843,4.208,3.23,2.432,-1.758,-4.0,-0.751,-2.753,7.329,2.233,14.494,-4.0,0.449,3.699,-0.769,-1.0,-4.773,-2.767,2.985,-4.0,-0.744,5.959,-2.461,-2.752,5.072,0.716,3.174,-1.755,0.169,0.0,0.666,-2.0,-3.0,-2.801,0.221,4.894,-1.771,1.466,3.247,-6.0,-5.0,0.851,2.485,-3.0,-0.431,-6.0,-1.778,0.04,-0.568,0.0,0.0,0.0,0.0,0.0,0.0,0.0,0.0,0.0,0.0
GoldS210,XAUUSDc,155,-6.392,-12.784,3,-0.3332,0.0,506,33.3992,1,5,0,0.015,2.3,1.25,0.0,0.5,15,1,-17.555,0,0,1,3,0.5,2,-24.888,12.104,0.0,0.0,0.0,0.0,0.0,1.232,-0.53,0.394,-0.755,-4.0,-5.0,3.152,4.402,-3.0,-0.753,-4.752,-3.0,-4.0,-4.0,-3.0,0.771,0.355,2.705,1.527,4.967,-1.519,-2.438,-0.752,-1.89,-5.0,-4.0,-4.0,1.972,-2.759,2.153,5.723,3.871,0.545,1.2,4.045,-3.0,-0.763,-2.757,-2.0,2.772,-1.476,-4.0,5.146,2.266,-2.758,8.921,1.967,-3.761,-1.759,-1.0,-3.512,-1.758,-1.073,-4.0,0.239,4.752,-0.505,-3.0,4.559,0.565,-1.533,1.702,-0.509,0.244,-3.757,1.489,7.018,1.715,4.218,3.403,-1.758,-3.999,-0.751,-2.753,4.382,-0.912,7.723,-1.495,0.449,2.606,-0.769,-1.0,-4.773,-2.767,0.845,-4.0,-0.028,3.272,-2.185,-2.752,4.419,-3.0,0.947,-1.755,-0.126,0.0,0.666,-2.0,0.691,-2.801,0.221,3.362,-1.771,1.466,11.747,-2.241,-5.0,1.917,2.165,-3.0,0.983,-2.496,2.333,-0.199,-0.568,0.0,0.0,0.0,0.0,0.0,0.0,0.0,0.0,0.0,0.0
GoldS210,XAUUSDc,116,1.8013,5.404,2,0.1974,148.7,515,41.7476,1,5,0,0.015,2.3,1.0,0.0,0.5,15,1,-2.632,4,0,1,7,0.25,2,-19.839,25.243,0.0,0.0,0.0,0.0,0.0,0.986,-0.883,-0.235,-0.014,-3.0,-0.576,3.346,3.084,-1.047,-0.009,-4.001,-3.0,-2.887,-4.0,-3.0,4.88,1.428,1.739,-3.375,2.943,0.146,1.895,2.152,-2.012,-5.0,-4.0,-4.0,-1.01,-3.008,3.652,5.803,-2.004,1.471,-3.0,2.913,-3.0,-1.01,-1.007,-2.0,0.996,0.366,-4.0,4.973,2.768,-3.007,11.769,-0.009,-2.016,-2.007,-1.0,-4.009,-2.007,-0.842,-5.0,-0.009,7.154,-1.004,-3.0,2.859,6.746,-0.026,0.962,5.709,-1.004,-0.008,2.984,3.708,2.993,4.134,0.058,-2.006,-4.0,-1.001,-3.002,1.973,-0.7,6.89,-2.0,-0.046,-0.023,-1.015,-1.0,1.166,0.964,0.59,-4.0,-2.001,2.094,-3.003,-2.017,3.922,0.22,7.026,-2.004,0.988,0.0,-0.068,-2.0,-1.037,-3.042,-0.023,2.898,-0.019,0.973,1.927,0.029,-5.0,-0.022,3.588,-4.0,0.049,3.08,2.314,0.206,-1.055,0.0,0.0,0.0,0.0,0.0,0.0,0.0,0.0,0.0,0.0
GoldS210,XAUUSDc,78,1.547,3.094,3,0.112,306.79,518,39.1892,1,5,0,0.015,1.7,1.0,0.0,0.5,15,1,-6.398,7,0,1,3,0.25,2,-11.427,14.521,0.0,0.0,0.0,0.0,0.0,0.986,-2.007,-3.014,-0.013,-3.0,-4.0,3.346,5.184,-1.047,-0.009,-4.001,-3.0,-5.0,-3.999,-3.0,4.88,-0.433,2.829,-0.913,3.966,0.649,2.374,3.592,-2.012,-5.0,-4.0,-4.0,-1.01,-3.008,3.865,6.276,3.822,1.926,-3.0,3.884,-3.0,-1.01,-1.007,-1.999,0.996,-0.828,-3.0,6.843,2.267,-3.007,13.296,-0.009,-2.016,-2.007,-1.0,-4.009,-2.007,0.66,-5.0,-0.009,6.677,-1.004,-3.0,4.839,6.532,-0.026,0.962,3.401,-1.004,-2.012,2.984,5.7,2.993,3.225,2.21,-2.006,-4.0,-1.001,-3.002,1.973,-0.341,8.685,-2.0,-0.046,-0.023,-1.015,-1.0,1.676,3.469,0.484,-4.0,-0.011,5.155,-3.003,-2.017,3.922,-3.0,2.67,-2.004,-1.029,0.0,-0.068,-2.0,-1.037,-3.042,-0.023,-0.055,-0.019,0.973,1.927,-3.075,-4.999,-0.022,4.416,-3.0,-0.643,-4.016,-0.033,1.585,-1.055,0.0,0.0,0.0,0.0,0.0,0.0,0.0,0.0,0.0,0.0
GoldS210,XAUUSDc,54,-4.9627,-14.888,2,-0.4163,0.0,533,65.1032,1,5,0,0.015,1.7,0.5,0.0,0.5,15,1,-15.389,0,0,1,9,0.0,2,-23.929,9.041,0.0,0.0,0.0,0.0,0.0,0.493,-0.01,-2.011,1.982,0.493,-0.009,-0.511,-0.011,-2.504,-1.004,-4.501,0.492,-1.003,-1.006,-1.504,-1.543,-0.57,1.486,1.482,-0.058,-0.513,2.486,0.494,-1.008,-1.52,-1.505,-4.0,-0.535,-1.513,-0.007,0.437,-0.005,-0.516,-0.004,-0.511,-1.501,-0.01,-0.014,0.996,1.491,-0.01,-3.0,-0.567,-1.132,-0.005,-0.012,1.994,-0.015,0.483,0.496,-5.005,-1.007,2.452,-2.007,-0.504,1.947,-0.525,-3.0,1.986,-0.514,-0.018,0.975,2.483,1.492,1.48,1.491,0.489,-0.508,1.989,-1.01,-1.034,-2.5,-0.005,-3.501,0.487,-1.523,0.493,-2.5,-1.036,-1.511,-1.508,-1.0,-1.041,0.918,2.461,-2.503,2.466,0.976,-0.552,-3.009,1.447,-0.004,1.964,-1.008,2.47,0.0,-0.043,-2.0,-0.035,-0.559,-0.015,-0.049,-1.01,1.474,2.96,3.428,-2.01,0.481,3.396,-0.011,2.443,2.937,0.483,-1.004,0.956,0.0,0.0,0.0,0.0,0.0,0.0,0.0,0.0,0.0,0.0
GoldS210,XAUUSDc,156,-6.3622,-38.173,1,-0.6357,0.0,499,25.2505,1,5,0,0.015,1.7,1.5,0.0,0.5,15,1,-45.29,10,0,1,3,0.5,1,-48.949,10.776,0.0,0.0,0.0,0.0,0.0,1.479,1.135,-4.0,-0.507,-4.0,-5.0,4.414,-0.507,-3.0,1.19,-4.502,-3.0,-4.0,-4.0,-3.0,2.696,-0.409,0.217,-1.683,-0.308,-0.848,-2.03,-3.0,-0.463,-5.0,-4.0,-4.0,-1.51,-2.511,6.341,3.862,-4.999,1.874,2.078,5.756,-3.0,-0.515,-4.0,-3.0,2.175,-3.0,-4.0,5.553,2.333,-2.51,8.257,-1.503,-5.999,-1.511,-1.0,-3.014,0.276,-0.24,-4.0,0.486,6.813,-1.007,-3.0,6.092,-4.0,-0.649,2.848,-0.125,0.493,-0.792,4.15,7.178,1.323,6.853,6.433,-4.0,-3.999,-0.501,-2.503,-1.509,2.053,5.63,5.828,0.944,0.324,0.781,-1.0,-6.0,1.856,2.06,-4.0,0.906,0.903,-1.619,-2.502,-0.068,-3.0,0.377,-4.0,1.161,0.0,1.399,-2.0,-3.0,-2.559,0.465,1.501,-1.526,-0.539,12.908,-1.53,-5.0,2.929,-1.041,-3.0,3.077,-6.0,3.966,-3.0,-2.508,0.0,0.0,0.0,0.0,0.0,0.0,0.0,0.0,0.0,0.0
GoldS210,XAUUSDc,179,-11.351,-68.106,1,-0.7225,0.0,493,20.284,1,5,0,0.015,2.3,1.75,0.0,0.5,15,1,-78.828,19,0,1,5,0.5,1,-74.406,6.3,0.0,0.0,0.0,0.0,0.0,1.725,4.477,-3.999,-0.259,-4.0,-5.0,2.944,-0.258,-3.0,0.099,-4.252,-3.0,-4.0,-4.0,-3.0,4.62,0.501,-2.272,0.863,0.691,-2.263,-0.071,-3.0,1.167,-5.0,-4.0,-4.0,-1.262,-5.0,1.892,-3.074,-4.999,2.492,2.956,7.467,-3.0,-3.0,-4.0,-3.0,-3.0,-3.0,-4.0,-2.315,-2.175,-2.262,3.003,-1.254,-5.999,-1.262,-1.0,-5.257,1.189,-1.227,-4.0,0.699,10.282,-0.509,-3.0,-0.307,-4.0,-3.27,3.208,1.312,0.742,1.033,6.292,11.46,-2.999,7.337,2.68,-4.0,-3.999,-0.252,-2.254,-4.0,4.646,0.547,6.771,1.439,-2.26,2.423,-1.0,-6.0,3.035,5.03,-4.0,0.963,1.889,-1.637,-5.0,0.425,-2.0,1.413,-4.0,-0.285,0.0,2.131,-2.0,-3.0,-2.317,0.709,2.397,-1.28,-2.0,19.087,-6.0,-5.0,2.112,-3.291,-3.0,3.267,-6.0,5.858,-3.0,-2.259,0.0,0.0,0.0,0.0,0.0,0.0,0.0,0.0,0.0,0.0
GoldS210,XAUUSDc,166,-5.6317,-16.895,2,-0.4611,0.0,520,52.5,1,5,0,0.015,2.0,0.75,0.0,0.5,15,1,-19.078,0,0,1,5,0.5,2,-24.847,7.952,0.0,0.0,0.0,0.0,0.0,0.739,-1.464,-1.18,2.232,2.018,-0.757,0.628,1.163,-2.295,-0.507,-4.251,-0.871,-4.0,-0.508,-3.0,-0.798,-1.01,2.445,0.667,0.933,0.231,1.985,1.673,-2.259,-5.0,0.04,-4.0,0.206,-2.488,-0.756,2.091,3.095,0.226,0.494,0.235,-3.0,0.484,-1.506,-0.254,0.497,-0.4,-4.0,3.418,-1.391,-0.758,1.697,1.241,-0.301,-0.51,-1.0,-4.507,-2.255,0.061,-0.276,-0.257,3.166,0.221,-3.0,3.279,1.179,-0.77,0.222,1.984,0.493,-2.509,2.238,2.12,-0.262,3.162,-0.13,-0.019,-3.999,-1.251,-3.252,1.231,-1.525,2.702,-2.25,-0.54,-0.767,-1.261,-1.0,0.094,0.868,1.942,-2.323,1.555,3.163,-3.252,-2.512,2.684,-1.255,3.977,-2.253,0.224,0.0,-0.801,-2.0,-1.278,-3.284,0.478,2.568,-0.515,0.48,5.19,-0.78,-0.861,1.221,3.872,2.625,0.242,1.482,-0.525,-0.506,0.183,0.0,0.0,0.0,0.0,0.0,0.0,0.0,0.0,0.0,0.0
GoldS210,XAUUSDc,196,-9.7015,-19.403,3,-0.2661,0.0,492,23.5772,1,5,0,0.015,2.0,1.75,0.0,0.5,15,1,-29.171,18,0,1,7,0.5,2,-55.152,35.749,0.0,0.0,0.0,0.0,0.0,1.725,4.219,-4.0,-0.259,-4.0,-5.0,2.944,-0.258,-3.0,-0.096,-4.252,-3.0,-4.0,-4.0,-3.0,4.62,-0.256,-2.272,4.819,0.634,-2.263,-0.449,-3.0,1.167,-5.0,-4.0,-4.0,-1.262,-2.011,9.067,-4.031,-4.999,0.795,2.956,6.415,-3.0,-0.235,-3.999,-3.0,-3.0,-3.0,-4.0,1.969,-2.175,-2.262,3.003,-1.254,-6.0,-1.262,-1.0,-1.345,0.644,-1.157,-4.0,0.699,9.065,-0.509,-3.0,-0.307,-4.0,0.027,2.258,5.592,0.742,5.45,5.897,9.445,-2.999,9.28,7.715,-4.0,-3.999,-0.252,-2.254,-4.0,4.625,0.107,6.768,1.439,-2.658,0.828,-1.0,-1.73,3.035,5.03,-4.0,-0.68,1.889,-2.239,-5.0,0.425,-2.0,5.48,-4.0,2.649,0.0,2.131,-2.0,-3.0,-2.317,0.709,1.932,-1.28,-2.0,18.771,-6.0,-5.0,1.787,-2.29,1.988,2.339,-5.0,9.387,-3.0,-2.258,0.0,0.0,0.0,0.0,0.0,0.0,0.0,0.0,0.0,0.0
GoldS210,XAUUSDc,113,-3.6823,-11.047,2,-0.3092,0.0,521,52.2073,1,5,0,0.015,2.3,0.75,0.0,0.5,15,1,-14.455,0,0,1,7,0.25,2,-31.69,20.643,0.0,0.0,0.0,0.0,0.0,0.739,-1.48,-1.254,1.232,0.495,-0.757,1.288,1.557,-2.295,-0.507,-4.251,-3.0,-3.167,-0.508,-3.0,-0.798,-0.198,0.339,0.715,0.933,0.231,1.985,1.358,-2.259,-3.251,-2.257,-4.0,0.206,-2.464,-0.756,2.51,0.978,0.226,0.494,0.235,-3.0,0.484,-1.506,-0.254,0.497,-0.349,-4.0,6.615,-1.391,-0.758,1.691,1.241,-0.286,-0.51,-1.0,-4.507,-2.255,0.087,-3.028,-0.257,2.891,0.221,-3.0,3.121,3.799,-0.77,0.222,3.866,0.493,-0.759,2.238,2.707,-0.262,3.016,-0.47,0.786,-4.0,-1.251,-3.252,1.231,-1.525,4.454,-2.25,-0.54,-0.767,-1.261,-1.0,-0.004,0.433,1.942,-2.323,1.235,3.742,-3.252,-2.512,2.684,-1.255,4.039,-2.253,1.985,0.0,-0.801,-2.0,-1.278,-3.284,0.478,2.568,-0.515,0.48,6.453,-0.78,-0.424,1.221,4.705,0.001,0.242,1.549,1.429,-0.506,0.183,0.0,0.0,0.0,0.0,0.0,0.0,0.0,0.0,0.0,0.0
GoldS210,XAUUSDc,36,-4.9377,-14.813,2,-0.415,0.0,533,65.1032,1,5,0,0.015,1.7,0.5,0.0,0.5,15,1,-15.389,0,0,1,7,0.0,2,-23.854,9.041,0.0,0.0,0.0,0.0,0.0,0.493,-0.01,-2.011,1.982,0.493,-0.009,-0.511,-0.011,-2.504,-1.004,-4.501,0.492,-1.003,-1.006,-1.504,-1.543,-0.57,1.486,1.482,-0.058,-0.513,2.486,0.494,-1.008,-1.52,-1.505,-4.0,-0.535,-1.513,-0.007,0.437,-0.005,-0.516,-0.004,-0.511,-1.501,-0.01,-0.014,0.996,1.491,-0.01,-3.0,-0.567,-1.132,-0.005,-0.012,1.994,-0.015,0.483,0.496,-5.005,-1.007,2.527,-2.007,-0.504,1.947,-0.525,-3.0,1.986,-0.514,-0.018,0.975,2.483,1.492,1.48,1.491,0.489,-0.508,1.989,-1.01,-1.034,-2.5,-0.005,-3.501,0.487,-1.523,0.493,-2.5,-1.036,-1.511,-1.508,-1.0,-1.041,0.918,2.461,-2.503,2.466,0.976,-0.552,-3.009,1.447,-0.004,1.964,-1.008,2.47,0.0,-0.043,-2.0,-0.035,-0.559,-0.015,-0.049,-1.01,1.474,2.96,3.428,-2.01,0.481,3.396,-0.011,2.443,2.937,0.483,-1.004,0.956,0.0,0.0,0.0,0.0,0.0,0.0,0.0,0.0,0.0,0.0
GoldS210,XAUUSDc,67,13.0775,26.155,3,0.422,137.79,499,26.4529,1,5,0,0.015,2.0,1.5,0.0,0.5,15,1,-9.885,12,0,1,9,0.0,1,-45.502,71.657,0.0,0.0,0.0,0.0,0.0,1.479,-2.195,-4.0,-0.508,-1.495,-6.0,-0.016,-0.507,-3.0,-0.452,-4.502,-3.0,-1.95,-3.0,-3.0,-3.391,-2.36,0.543,0.91,5.589,3.862,-0.022,-4.0,1.14,-5.0,-3.999,-4.0,-2.51,-2.511,6.071,7.892,-6.0,0.05,-3.0,-0.022,-3.0,-0.515,-1.087,-3.0,-3.0,-3.0,-4.0,12.844,1.382,-2.51,15.73,-1.503,-3.413,-1.511,-1.0,-3.014,-1.284,-2.018,0.815,0.486,9.655,-0.036,-3.0,5.96,-4.0,-0.996,3.009,0.549,0.493,2.977,3.04,29.768,2.081,4.097,4.117,-4.0,-4.0,-0.501,-2.503,-1.509,6.173,36.549,8.294,0.944,-0.928,-0.028,-1.0,-2.677,-2.521,6.417,-4.0,0.413,1.429,-2.125,-2.502,-0.068,-2.0,-3.375,-4.0,0.825,0.0,1.399,-2.0,-2.999,-2.559,0.465,0.16,-1.526,-0.539,18.29,-3.138,-5.0,0.998,-0.04,-4.0,1.472,-5.999,1.16,-4.0,-1.508,0.0,0.0,0.0,0.0,0.0,0.0,0.0,0.0,0.0,0.0
GoldS210,XAUUSDc,137,1.685,3.37,3,0.0908,228.16,506,33.9921,1,5,0,0.015,2.3,1.25,0.0,0.5,15,1,-4.319,11,0,1,9,0.25,2,-20.456,23.826,0.0,0.0,0.0,0.0,0.0,1.232,-2.541,2.149,-0.756,-1.747,-5.999,5.404,4.386,-3.0,-0.753,-4.752,-3.0,-2.739,-3.0,-3.0,-3.752,2.017,3.042,-0.641,6.71,0.738,-0.58,-0.752,-1.637,-4.999,-4.0,-4.0,-2.759,-2.759,2.172,7.335,-6.0,-0.478,-3.0,5.355,-3.0,-0.763,-0.288,-2.0,3.622,-1.742,-4.0,7.977,1.719,-2.758,14.73,0.681,-3.761,-1.759,-1.0,-3.512,-1.758,-2.515,-0.636,0.239,7.818,-0.505,-3.0,4.369,2.467,-1.532,1.702,-0.51,0.244,-1.256,1.489,4.796,1.52,2.736,5.214,-1.758,-4.0,-0.751,-2.753,4.345,1.922,9.479,-1.454,0.449,4.25,-0.769,-1.0,-0.979,1.032,2.848,-4.0,-0.513,4.012,-2.51,-2.752,4.1,0.418,2.395,-1.755,-0.241,0.0,0.666,-2.0,-3.0,-2.801,0.221,1.92,-1.771,1.466,7.831,-3.474,-5.0,0.496,2.711,-4.0,0.613,0.421,0.622,-0.922,0.432,0.0,0.0,0.0,0.0,0.0,0.0,0.0,0.0,0.0,0.0
GoldS210,XAUUSDc,20,-4.9427,-14.828,2,-0.4153,0.0,533,65.1032,1,5,0,0.015,2.3,0.5,0.0,0.5,15,1,-15.389,0,0,1,5,0.0,2,-23.869,9.041,0.0,0.0,0.0,0.0,0.0,0.493,-0.01,-2.011,1.982,0.493,-0.009,-0.511,-0.011,-2.504,-1.004,-4.501,0.492,-1.003,-1.006,-1.504,-1.543,-0.57,1.486,1.482,-0.058,-0.513,2.486,0.494,-1.008,-1.52,-1.505,-4.0,-0.535,-1.513,-0.007,0.437,-0.005,-0.516,-0.004,-0.511,-1.501,-0.01,-0.014,0.996,1.491,-0.01,-3.0,-0.567,-1.132,-0.005,-0.012,1.994,-0.015,0.483,0.496,-5.005,-1.007,2.512,-2.007,-0.504,1.947,-0.525,-3.0,1.986,-0.514,-0.018,0.975,2.483,1.492,1.48,1.491,0.489,-0.508,1.989,-1.01,-1.034,-2.5,-0.005,-3.501,0.487,-1.523,0.493,-2.5,-1.036,-1.511,-1.508,-1.0,-1.041,0.918,2.461,-2.503,2.466,0.976,-0.552,-3.009,1.447,-0.004,1.964,-1.008,2.47,0.0,-0.043,-2.0,-0.035,-0.559,-0.015,-0.049,-1.01,1.474,2.96,3.428,-2.01,0.481,3.396,-0.011,2.443,2.937,0.483,-1.004,0.956,0.0,0.0,0.0,0.0,0.0,0.0,0.0,0.0,0.0,0.0
GoldS210,XAUUSDc,192,-9.81,-29.43,2,-0.5017,0.0,496,27.2177,1,5,0,0.015,1.7,1.5,0.0,0.5,15,1,-36.547,9,0,1,7,0.5,2,-46.262,16.832,0.0,0.0,0.0,0.0,0.0,1.479,2.455,-4.0,-0.508,-4.0,-5.0,4.414,-0.507,-3.0,-0.39,-4.502,-3.0,-4.0,-4.0,-3.0,2.696,-1.095,0.217,2.201,-0.355,-0.964,-2.499,-3.0,-0.463,-5.0,-4.0,-4.0,-1.51,-2.511,6.077,2.155,-4.999,0.211,2.078,4.889,-3.0,-0.515,-3.999,-3.0,2.174,-3.0,-4.0,8.816,2.333,-2.51,7.555,-1.503,-3.097,-1.511,-1.0,-3.014,-0.121,-1.712,-4.0,0.486,7.12,-1.007,-3.0,5.672,-4.0,-0.997,2.121,3.554,0.493,2.243,3.924,6.555,1.323,3.812,5.832,-4.0,-3.999,-0.501,-2.503,-1.509,2.042,4.053,5.823,0.944,-0.643,0.069,-1.0,-2.363,1.856,2.06,-4.0,-1.128,0.903,-2.492,-2.502,-0.068,-2.0,3.842,-4.0,1.161,0.0,1.399,-2.0,-3.0,-2.559,0.465,0.932,-1.526,-0.539,11.772,-1.572,-5.0,1.224,-0.041,1.0,1.571,-5.0,7.31,-3.0,-2.507,0.0,0.0,0.0,0.0,0.0,0.0,0.0,0.0,0.0,0.0
GoldS210,XAUUSDc,154,-4.2783,-12.835,2,-0.3345,0.0,506,33.3992,1,5,0,0.015,2.0,1.25,0.0,0.5,15,1,-17.606,0,0,1,3,0.5,2,-24.939,12.104,0.0,0.0,0.0,0.0,0.0,1.232,-0.53,0.394,-0.755,-4.0,-5.0,3.152,4.402,-3.0,-0.753,-4.752,-3.0,-4.0,-4.0,-3.0,0.771,0.355,2.705,1.527,4.967,-1.519,-2.438,-0.752,-1.89,-5.0,-4.0,-4.0,1.972,-2.759,2.153,5.723,3.871,0.545,1.2,4.045,-3.0,-0.763,-2.757,-2.0,2.772,-1.476,-4.0,5.146,2.266,-2.758,8.87,1.967,-3.761,-1.759,-1.0,-3.512,-1.758,-1.073,-4.0,0.239,4.752,-0.505,-3.0,4.559,0.565,-1.533,1.702,-0.509,0.244,-3.757,1.489,7.018,1.715,4.218,3.403,-1.758,-3.999,-0.751,-2.753,4.382,-0.912,7.723,-1.495,0.449,2.606,-0.769,-1.0,-4.773,-2.767,0.845,-4.0,-0.028,3.272,-2.185,-2.752,4.419,-3.0,0.947,-1.755,-0.126,0.0,0.666,-2.0,0.691,-2.801,0.221,3.362,-1.771,1.466,11.747,-2.241,-5.0,1.917,2.165,-3.0,0.983,-2.496,2.333,-0.199,-0.568,0.0,0.0,0.0,0.0,0.0,0.0,0.0,0.0,0.0,0.0
GoldS210,XAUUSDc,7,39.6925,79.385,3,2.6241,84.02,524,37.5954,1,5,0,0.015,2.0,1.0,0.0,0.5,15,1,12.682,11,0,1,3,0.0,2,65.905,13.48,0.0,0.0,0.0,0.0,0.0,0.986,-2.007,-2.021,-1.004,-2.001,-4.0,-1.01,8.277,-1.047,-0.009,-4.001,-3.0,-4.998,-3.999,-3.0,-4.002,-0.433,10.351,7.156,1.37,0.649,-0.85,3.592,-2.012,-4.0,-4.0,-4.0,3.1,-3.008,3.865,15.182,3.822,2.633,-3.0,-1.016,-3.0,-1.01,-1.006,-2.0,0.996,-0.828,-4.0,-2.063,2.267,3.622,72.435,-0.009,-2.016,-2.007,-2.0,-4.009,-2.007,-0.324,-5.0,-0.009,14.308,-1.004,-3.0,0.959,0.143,-0.026,0.962,3.401,-1.004,-1.012,2.984,20.033,3.594,0.982,2.21,-1.006,-5.0,-1.001,-3.002,1.973,-5.0,16.383,-2.0,-2.005,0.977,3.987,-1.03,2.676,-4.998,-1.019,-2.03,0.989,4.483,-1.003,-1.0,1.929,-1.051,1.875,-2.004,-2.014,-0.055,-0.09,-2.0,-1.037,-1.042,-3.0,-0.055,6.457,-4.031,-3.029,-3.014,-6.0,0.978,6.208,-2.999,-0.643,-3.016,0.948,1.624,-1.055,0.0,0.0,0.0,0.0,0.0,0.0,0.0,0.0,0.0,0.0
GoldS210,XAUUSDc,214,-6.631,-19.893,2,-0.3482,0.0,490,24.6939,1,5,0,0.015,2.0,1.75,0.0,0.5,15,1,-28.513,16,0,1,9,0.5,2,-40.409,20.516,0.0,0.0,0.0,0.0,0.0,1.725,4.206,-4.0,-0.259,-1.244,-5.0,2.944,-0.258,-3.0,-0.181,-4.252,-3.0,-0.485,-3.0,-3.0,4.62,-0.031,-2.272,2.425,0.52,0.805,3.616,-3.0,1.167,-5.0,-4.0,-4.0,-1.262,-2.178,8.764,-4.072,-4.999,0.58,2.956,6.198,-3.0,-0.246,-0.641,-3.0,-3.0,-3.0,-4.0,0.966,-2.488,-2.262,2.934,-1.254,-6.0,-1.262,-1.0,-1.662,-0.951,-1.521,1.345,0.699,8.634,-0.509,-3.0,-0.307,-4.0,0.185,1.431,1.047,0.742,5.517,4.347,8.674,-3.0,9.446,7.62,-4.0,-3.999,-0.252,-2.254,-3.999,4.362,-0.237,5.043,1.439,-3.106,1.301,-1.0,-1.148,3.035,5.029,-4.0,1.337,1.889,-1.74,-5.0,0.425,-2.0,4.37,-4.0,1.989,0.0,2.131,-2.0,-3.0,-2.317,0.709,0.949,-1.28,-2.0,17.035,-6.0,-5.0,1.502,2.48,-4.0,2.171,-6.0,6.985,-3.0,-2.259,0.0,0.0,0.0,0.0,0.0,0.0,0.0,0.0,0.0,0.0
GoldS210,XAUUSDc,50,6.5435,13.087,3,0.1749,226.55,495,24.6465,1,5,0,0.015,2.3,1.5,0.0,0.5,15,1,-16.561,12,0,1,7,0.0,2,-48.998,62.085,0.0,0.0,0.0,0.0,0.0,1.479,-2.185,-4.0,-1.508,-3.0,-6.0,-0.016,-0.505,-3.0,-0.39,-4.502,-3.0,-4.999,-4.0,-3.0,-3.269,-1.095,-0.131,-2.494,6.499,0.036,-2.499,-3.0,-5.0,-6.0,-3.0,-4.0,-2.51,-2.511,2.439,19.331,-6.0,0.211,2.645,-0.022,-3.0,-0.515,-3.999,-3.0,-3.0,-3.0,-4.0,-0.301,0.453,-2.51,41.304,-1.503,-3.097,-1.511,-1.0,-3.014,-0.121,-3.188,-5.0,0.486,5.733,-0.036,-3.0,5.94,-3.999,-0.997,3.058,3.726,0.493,-2.965,4.126,-1.509,18.36,3.812,-0.365,-4.0,-4.0,-0.501,-2.503,-1.508,11.998,10.047,19.701,0.944,-0.643,0.069,-1.0,-2.363,5.107,11.988,-4.0,-1.127,5.244,-2.492,-2.502,-0.068,-2.0,-1.535,-4.0,5.051,0.0,1.399,-2.0,-3.0,-2.559,0.465,1.931,-1.526,-0.539,11.77,-1.572,-5.0,1.224,-0.041,-4.0,1.571,-5.0,5.7,-4.0,-1.508,0.0,0.0,0.0,0.0,0.0,0.0,0.0,0.0,0.0,0.0
GoldS210,XAUUSDc,26,69.9627,104.944,4,5.05,43.78,510,40.1961,1,5,0,0.015,2.3,1.0,0.0,0.5,15,1,58.995,11,0,1,5,0.0,3,77.077,27.867,0.0,0.0,0.0,0.0,0.0,0.986,-0.807,0.684,0.986,-2.001,-0.189,-1.009,6.734,-1.047,-0.009,-4.001,-3.999,-4.0,-4.0,-3.0,42.947,0.459,1.793,13.758,0.105,0.386,4.15,2.597,-2.012,-6.0,-3.0,-4.0,-1.01,-3.008,2.481,38.035,14.709,2.2,1.246,-1.016,-3.0,-1.01,-1.007,-2.0,0.996,-0.758,-3.0,-3.063,-0.142,-3.007,19.838,-0.009,-2.016,-2.006,-1.0,-4.009,-2.007,-1.863,-3.999,-0.009,13.785,-1.004,-3.0,6.262,-1.994,-1.026,0.962,2.985,8.074,-2.012,2.984,7.837,6.416,4.464,0.644,-2.006,-4.0,-1.001,-3.002,1.973,-5.0,2.194,-2.0,-0.046,-0.023,-1.015,-1.0,1.586,2.014,0.068,-4.0,-1.541,1.049,-2.028,-2.017,3.922,0.286,1.841,-2.004,5.81,0.0,-0.068,-2.0,-1.037,-3.042,-0.023,4.43,-0.019,0.973,4.623,-1.044,-5.0,-0.022,4.139,-4.0,-0.951,-4.016,-0.033,0.575,-1.055,0.0,0.0,0.0,0.0,0.0,0.0,0.0,0.0,0.0,0.0
GoldS210,XAUUSDc,4,-4.4025,-8.805,3,-0.2989,0.0,527,49.1461,1,5,0,0.015,2.0,0.75,0.0,0.5,15,1,-20.159,6,0,1,3,0.0,2,-14.695,5.89,0.0,0.0,0.0,0.0,0.0,0.739,-2.505,-2.516,0.489,1.244,-0.757,-1.507,2.88,-2.295,-0.507,-4.251,-3.0,-4.998,-0.508,-3.0,-0.798,-1.219,6.235,5.575,0.933,0.231,1.986,2.377,-2.259,-4.0,-2.257,-4.0,0.206,-2.427,-0.756,4.62,0.364,0.226,0.494,0.235,-3.0,0.484,-1.505,-0.254,0.497,-1.429,-4.0,-0.646,-1.391,3.587,4.426,1.241,0.758,-0.51,2.52,-4.507,-2.255,0.396,-2.221,-0.257,8.097,0.221,-3.0,2.233,-0.464,-0.77,0.222,1.984,0.493,-1.509,2.238,6.931,-0.262,2.237,0.779,-1.255,-5.0,-1.251,-3.252,1.231,-1.525,10.104,-2.25,-2.253,0.233,1.159,0.225,1.115,-3.264,3.431,-0.783,1.878,3.061,-1.502,-1.0,0.939,5.217,0.217,-2.253,-0.765,0.943,-0.567,-2.0,-1.278,-1.284,-2.254,0.189,4.651,-2.54,-1.526,-1.514,-2.546,0.483,5.501,-2.999,0.445,0.232,0.211,-0.506,-1.541,0.0,0.0,0.0,0.0,0.0,0.0,0.0,0.0,0.0,0.0
GoldS210,XAUUSDc,31,-5.9603,-35.762,1,-0.4952,0.0,494,21.6599,1,5,0,0.015,2.0,1.5,0.0,0.5,15,1,-65.79,13,0,1,5,0.0,1,-57.34,21.578,0.0,0.0,0.0,0.0,0.0,1.479,-1.988,-4.0,-0.508,-4.0,-6.0,-0.015,-0.507,-3.0,-0.251,-4.502,-3.999,-4.0,-4.0,-3.0,-3.033,0.71,-3.519,25.029,-5.0,-1.02,-2.13,-4.0,-0.198,-6.0,-3.0,-4.0,-2.51,-2.511,6.955,-2.614,-5.0,1.374,4.168,-0.022,-3.0,-0.515,-5.0,-2.0,-2.999,-4.0,-3.0,-3.563,1.946,-2.51,20.419,-1.503,-6.0,-1.51,-1.0,-3.014,12.767,-3.247,-3.999,0.486,20.015,-0.036,-3.0,16.169,-4.0,0.087,5.243,-4.998,0.493,-6.0,5.206,21.36,11.057,6.688,0.712,-4.0,-4.0,-0.501,-2.503,-1.509,-5.0,2.601,-5.0,0.944,-0.39,0.528,-1.0,-7.0,-2.521,2.652,-4.0,0.11,-1.515,-1.513,-2.502,-0.068,-2.0,-5.0,-4.0,13.929,0.0,1.399,-2.0,-2.999,-2.559,0.465,5.118,-1.526,-0.539,1.338,-3.477,-5.0,1.481,-0.041,-4.0,2.185,-6.0,6.017,-4.0,-1.508,0.0,0.0,0.0,0.0,0.0,0.0,0.0,0.0,0.0,0.0
GoldS210,XAUUSDc,43,-1.6107,-4.832,2,-0.1168,0.0,511,41.2916,1,5,0,0.015,2.0,1.0,0.0,0.5,15,1,-16.687,5,0,1,7,0.0,2,-38.405,33.573,0.0,0.0,0.0,0.0,0.0,0.986,-0.883,-0.235,-0.014,-3.0,-0.576,-1.01,3.084,-1.047,-0.009,-4.001,-3.0,-2.886,-4.0,-3.0,-4.002,1.428,3.748,-3.374,4.018,-1.015,2.077,2.152,-2.012,-6.0,-3.0,-4.0,-1.01,-3.008,3.652,10.78,-2.004,1.471,0.502,-1.016,-3.0,-1.01,-1.007,-2.0,0.996,0.366,-4.0,0.384,-0.142,-3.007,12.102,-0.009,-2.016,-2.007,-1.0,-4.009,-2.007,-1.826,-5.0,-0.009,4.305,-1.004,-3.0,2.859,5.854,-0.026,0.962,5.709,4.842,-0.008,2.984,-2.006,10.855,4.134,0.058,-2.006,-4.0,-1.001,-3.002,1.973,0.4,8.673,-2.0,-0.046,-0.023,-1.015,-1.0,1.166,0.964,4.043,-4.0,-2.0,2.096,-3.003,-2.017,3.922,0.22,7.026,-2.004,1.987,0.0,-0.068,-2.0,-1.037,-3.042,-0.023,2.898,-0.019,0.973,1.927,0.029,-5.0,-0.022,3.588,-4.0,-0.951,-3.016,2.314,0.206,-1.055,0.0,0.0,0.0,0.0,0.0,0.0,0.0,0.0,0.0,0.0
GoldS210,XAUUSDc,52,-16.468,-98.808,1,-0.9623,0.0,491,20.3666,1,5,0,0.015,2.0,1.75,0.0,0.5,15,1,-115.862,10,0,1,7,0.0,1,-86.387,-12.421,0.0,0.0,0.0,0.0,0.0,1.725,-1.837,-4.0,-1.259,-3.0,-6.0,-2.25,-0.258,-3.0,-0.096,-4.252,-3.0,-4.999,-4.0,-3.0,-1.862,-0.256,1.94,-0.788,10.035,-1.263,-0.449,-3.0,-5.0,-6.0,-3.0,-4.0,-2.262,-2.011,4.722,-4.031,-6.0,0.795,3.717,0.473,-3.0,-0.235,-3.999,-3.0,-3.0,-3.0,-4.0,0.969,-0.189,-2.262,13.803,-1.254,-6.0,-1.262,-1.0,-5.257,0.644,-2.879,-5.0,0.699,7.424,1.93,-3.0,-0.307,-3.999,0.027,3.669,5.813,0.742,-1.583,6.254,-1.261,-1.999,3.946,-0.081,-4.0,-4.0,-0.252,-2.254,-3.998,-4.0,0.107,-4.0,1.439,-2.658,0.828,-1.0,-1.73,7.172,2.895,-4.0,-0.679,6.817,-2.239,-4.999,0.425,-2.0,-0.933,-4.0,7.404,0.0,2.131,-2.0,-3.0,-2.317,0.709,2.931,-1.28,-2.0,10.803,-6.0,-5.0,1.787,-2.29,-4.0,2.339,-5.0,7.406,-4.0,-1.259,0.0,0.0,0.0,0.0,0.0,0.0,0.0,0.0,0.0,0.0
GoldS210,XAUUSDc,44,-1.6107,-4.832,2,-0.1168,0.0,511,41.2916,1,5,0,0.015,2.3,1.0,0.0,0.5,15,1,-16.687,5,0,1,7,0.0,2,-38.405,33.573,0.0,0.0,0.0,0.0,0.0,0.986,-0.883,-0.235,-0.014,-3.0,-0.576,-1.01,3.084,-1.047,-0.009,-4.001,-3.0,-2.886,-4.0,-3.0,-4.002,1.428,3.748,-3.374,4.018,-1.015,2.077,2.152,-2.012,-6.0,-3.0,-4.0,-1.01,-3.008,3.652,10.78,-2.004,1.471,0.502,-1.016,-3.0,-1.01,-1.007,-2.0,0.996,0.366,-4.0,0.384,-0.142,-3.007,12.102,-0.009,-2.016,-2.007,-1.0,-4.009,-2.007,-1.826,-5.0,-0.009,4.305,-1.004,-3.0,2.859,5.854,-0.026,0.962,5.709,4.842,-0.008,2.984,-2.006,10.855,4.134,0.058,-2.006,-4.0,-1.001,-3.002,1.973,0.4,8.673,-2.0,-0.046,-0.023,-1.015,-1.0,1.166,0.964,4.043,-4.0,-2.0,2.096,-3.003,-2.017,3.922,0.22,7.026,-2.004,1.987,0.0,-0.068,-2.0,-1.037,-3.042,-0.023,2.898,-0.019,0.973,1.927,0.029,-5.0,-0.022,3.588,-4.0,-0.951,-3.016,2.314,0.206,-1.055,0.0,0.0,0.0,0.0,0.0,0.0,0.0,0.0,0.0,0.0
GoldS210,XAUUSDc,87,-11.7752,-70.651,1,-0.9318,0.0,503,16.6998,1,5,0,0.015,1.7,1.75,0.0,0.5,15,1,-90.076,24,0,1,3,0.25,1,-69.498,-1.153,0.0,0.0,0.0,0.0,0.0,1.725,-3.257,-4.0,-1.258,-3.0,-6.0,6.787,-0.257,-3.0,2.29,-4.252,-3.0,-5.0,-3.999,-3.0,-6.0,-4.999,-3.272,6.205,5.714,-3.262,-1.622,-3.0,6.66,-5.0,-4.0,-4.0,-2.262,-5.0,5.225,-0.288,-5.999,3.205,-3.0,13.742,-3.0,-3.0,-5.0,-1.999,-3.0,-4.0,-3.0,-2.315,-0.757,-2.262,16.174,-1.254,-6.0,-1.262,-1.0,-5.257,1.895,1.713,-5.0,0.699,14.353,-0.509,-3.0,-0.307,-4.0,-3.27,13.862,3.958,0.742,5.584,10.211,-1.262,-2.0,-0.27,8.623,-4.0,-4.0,-0.252,-2.254,-4.0,-4.0,3.216,-4.0,1.439,1.664,5.048,-1.0,-7.0,-2.274,-2.257,-4.0,3.582,5.606,-1.053,-5.0,0.425,-3.0,-5.0,-4.0,0.832,0.0,2.131,-2.0,-3.0,-2.317,0.709,-3.292,-1.28,-2.0,14.11,-6.0,-4.999,6.993,-3.29,-3.0,-0.497,-6.0,9.702,-4.0,-2.259,0.0,0.0,0.0,0.0,0.0,0.0,0.0,0.0,0.0,0.0
GoldS210,XAUUSDc,76,-4.9305,-9.861,3,-0.2524,0.0,522,50.3831,1,5,0,0.015,2.0,0.75,0.0,0.5,15,1,-14.894,1,0,1,3,0.25,2,-35.369,25.508,0.0,0.0,0.0,0.0,0.0,0.739,-2.505,-3.261,1.232,0.495,-0.757,1.288,2.238,-2.295,-0.507,-4.251,-3.0,-5.0,-0.508,-3.0,-0.798,-1.219,1.022,-0.35,0.933,0.231,1.985,2.377,-2.259,-5.0,-2.257,-4.0,0.206,-2.427,-0.756,2.76,0.364,0.226,0.494,0.235,-3.0,0.484,-1.506,-0.254,0.497,-1.429,-3.0,6.058,-1.391,-0.758,2.988,1.241,0.165,-0.51,-1.0,-4.507,-2.255,1.134,-2.221,-0.257,3.982,0.221,-3.0,3.669,3.318,-0.77,0.222,1.984,0.493,-2.509,2.238,3.823,-0.262,3.632,0.779,0.786,-4.0,-1.251,-3.252,1.231,-1.525,5.144,-2.25,-0.54,-0.767,-1.261,-1.0,0.115,-1.525,1.942,-2.323,2.622,3.898,-3.252,-2.512,2.684,-1.255,6.987,-2.253,0.224,0.0,-0.801,-2.0,-1.278,-3.284,0.478,3.575,-0.515,0.48,6.405,-0.78,0.197,1.221,4.612,2.317,0.445,2.274,-0.525,-0.506,0.183,0.0,0.0,0.0,0.0,0.0,0.0,0.0,0.0,0.0,0.0
GoldS210,XAUUSDc,68,13.111,26.222,3,0.4231,137.44,499,26.4529,1,5,0,0.015,2.3,1.5,0.0,0.5,15,1,-9.818,12,0,1,9,0.0,1,-45.463,71.685,0.0,0.0,0.0,0.0,0.0,1.479,-2.195,-4.0,-0.508,-1.495,-6.0,-0.016,-0.507,-3.0,-0.452,-4.502,-3.0,-1.95,-3.0,-3.0,-3.391,-2.355,0.543,0.915,5.589,3.862,-0.022,-4.0,1.14,-5.0,-3.999,-4.0,-2.51,-2.511,6.071,7.892,-6.0,0.05,-3.0,-0.022,-3.0,-0.515,-1.087,-3.0,-3.0,-3.0,-4.0,12.844,1.382,-2.51,15.759,-1.503,-3.413,-1.511,-1.0,-3.014,-1.284,-2.018,0.815,0.486,9.655,-0.036,-3.0,5.96,-4.0,-0.996,3.009,0.549,0.493,2.977,3.04,29.768,2.081,4.097,4.145,-4.0,-4.0,-0.501,-2.503,-1.509,6.173,36.549,8.294,0.944,-0.928,-0.028,-1.0,-2.677,-2.521,6.417,-4.0,0.413,1.429,-2.125,-2.502,-0.068,-2.0,-3.375,-4.0,0.825,0.0,1.399,-2.0,-2.999,-2.559,0.465,0.16,-1.526,-0.539,18.29,-3.138,-5.0,0.998,-0.04,-4.0,1.472,-5.999,1.16,-4.0,-1.508,0.0,0.0,0.0,0.0,0.0,0.0,0.0,0.0,0.0,0.0
GoldS210,XAUUSDc,63,0.716,1.432,3,0.0274,2029.19,506,33.2016,1,5,0,0.015,1.7,1.25,0.0,0.5,15,1,-27.626,12,0,1,9,0.0,2,-38.059,39.491,0.0,0.0,0.0,0.0,0.0,1.232,-2.54,2.149,-0.756,-1.747,-6.0,-0.513,-0.756,-3.0,-0.753,-4.752,-3.0,-2.739,-3.0,-3.0,-3.752,2.017,3.042,-0.646,9.789,2.61,-0.58,-1.752,-0.637,-5.0,-3.999,-4.0,-2.759,-2.759,2.172,8.555,-6.0,-0.478,-3.0,-0.519,-3.0,-0.763,-0.288,-2.0,-0.753,-1.742,-4.0,7.977,1.719,-2.758,13.269,0.681,-3.761,-1.759,-1.0,-3.512,-1.758,-2.515,-0.636,0.239,7.818,-0.505,-3.0,4.369,2.703,-1.532,1.702,-0.51,0.244,-1.256,1.489,4.796,1.52,2.736,1.564,-1.758,-4.0,-0.751,-2.753,4.345,1.951,33.374,-1.454,0.449,-1.479,-0.769,-1.0,-0.979,1.032,3.666,-4.0,-0.513,4.012,-2.51,-2.752,4.1,0.418,1.395,-1.755,-0.241,0.0,0.666,-2.0,-0.734,-2.801,0.221,1.92,-1.771,1.466,13.05,-3.474,-5.0,0.496,2.712,-4.0,-0.387,-5.999,0.622,-0.922,0.432,0.0,0.0,0.0,0.0,0.0,0.0,0.0,0.0,0.0,0.0
GoldS210,XAUUSDc,10,53.8275,107.655,3,2.5369,89.55,520,27.1154,1,5,0,0.015,2.0,1.25,0.0,0.5,15,1,11.246,20,0,1,3,0.0,1,98.278,9.377,0.0,0.0,0.0,0.0,0.0,1.232,-3.755,12.854,-0.755,-1.752,-6.0,-0.513,-0.756,-3.0,-0.753,-4.752,-3.0,-4.998,-3.999,-3.0,-3.752,0.355,-1.503,10.486,13.416,-1.518,-2.437,-1.752,-0.131,-4.0,-4.0,-4.0,7.704,-2.759,3.194,1.701,2.126,0.545,-3.0,-0.519,-3.0,-0.763,-2.756,-2.0,-0.753,-2.476,-4.0,-0.565,22.864,6.154,93.659,5.433,-3.761,-1.759,-2.0,-3.512,-1.758,-1.539,-5.0,0.239,18.112,-0.505,-3.0,1.452,-3.0,-1.533,1.702,-0.508,0.244,-2.757,1.489,-1.759,5.004,1.478,-0.289,-0.758,-5.0,-0.751,-2.753,7.257,-5.0,22.741,-4.0,-1.756,4.631,6.372,-2.771,-3.773,-4.998,-2.507,-3.768,2.158,4.991,-2.185,-1.0,0.677,14.632,0.202,-1.755,-3.758,0.68,-1.765,-2.0,-3.0,-0.801,-3.0,-0.807,4.403,-5.0,2.548,-2.767,-6.0,4.693,7.1,-2.999,-0.017,-5.0,6.449,2.332,-0.568,0.0,0.0,0.0,0.0,0.0,0.0,0.0,0.0,0.0,0.0
GoldS210,XAUUSDc,153,-4.291,-12.873,2,-0.3355,0.0,506,33.3992,1,5,0,0.015,1.7,1.25,0.0,0.5,15,1,-17.644,0,0,1,3,0.5,2,-24.977,12.104,0.0,0.0,0.0,0.0,0.0,1.232,-0.53,0.394,-0.755,-4.0,-5.0,3.152,4.402,-3.0,-0.753,-4.752,-3.0,-4.0,-4.0,-3.0,0.771,0.355,2.705,1.527,4.967,-1.519,-2.438,-0.752,-1.89,-5.0,-4.0,-4.0,1.972,-2.759,2.153,5.723,3.871,0.545,1.2,4.045,-3.0,-0.763,-2.757,-2.0,2.772,-1.476,-4.0,5.146,2.266,-2.758,8.832,1.967,-3.761,-1.759,-1.0,-3.512,-1.758,-1.073,-4.0,0.239,4.752,-0.505,-3.0,4.559,0.565,-1.533,1.702,-0.509,0.244,-3.757,1.489,7.018,1.715,4.218,3.403,-1.758,-3.999,-0.751,-2.753,4.382,-0.912,7.723,-1.495,0.449,2.606,-0.769,-1.0,-4.773,-2.767,0.845,-4.0,-0.028,3.272,-2.185,-2.752,4.419,-3.0,0.947,-1.755,-0.126,0.0,0.666,-2.0,0.691,-2.801,0.221,3.362,-1.771,1.466,11.747,-2.241,-5.0,1.917,2.165,-3.0,0.983,-2.496,2.333,-0.199,-0.568,0.0,0.0,0.0,0.0,0.0,0.0,0.0,0.0,0.0,0.0
GoldS210,XAUUSDc,129,-6.39,-19.17,2,-0.4485,0.0,521,52.0154,1,5,0,0.015,1.7,0.75,0.0,0.5,15,1,-22.222,0,0,1,9,0.25,2,-36.727,17.557,0.0,0.0,0.0,0.0,0.0,0.739,-1.481,-1.34,2.232,1.863,-0.757,1.288,0.606,-2.295,-0.507,-4.251,-3.0,-3.244,-0.508,-3.0,-0.798,-0.59,2.103,-2.302,0.933,0.231,1.985,1.444,-2.259,-4.999,-2.257,-4.0,0.206,-2.485,-0.756,2.419,-0.19,0.226,0.494,0.235,-3.0,0.484,-1.506,-0.254,0.497,-0.498,-4.0,5.313,-1.391,-0.758,1.757,1.241,-0.313,-0.51,-1.0,-4.507,-2.255,-0.046,-3.186,-0.257,3.103,0.221,-3.0,3.007,3.479,-0.77,0.222,1.984,0.493,-0.649,2.238,2.281,-0.262,2.989,-0.507,0.786,-4.0,-1.251,-3.252,1.231,-1.525,3.661,-2.25,-0.54,-0.767,-1.261,-1.0,-0.022,0.288,1.942,-2.323,1.669,3.293,-3.252,-2.512,2.684,-1.255,5.006,-2.253,0.224,0.0,-0.801,-2.0,-1.278,-3.284,0.478,2.225,-0.515,0.48,5.414,-0.78,-0.474,1.221,4.722,2.741,0.264,1.507,1.287,-0.506,0.183,0.0,0.0,0.0,0.0,0.0,0.0,0.0,0.0,0.0,0.0
GoldS210,XAUUSDc,108,-4.9377,-14.813,2,-0.415,0.0,533,65.1032,1,5,0,0.015,1.7,0.5,0.0,0.5,15,1,-15.389,0,0,1,7,0.25,2,-23.854,9.041,0.0,0.0,0.0,0.0,0.0,0.493,-0.01,-2.011,1.982,0.493,-0.009,-0.511,-0.011,-2.504,-1.004,-4.501,0.492,-1.003,-1.006,-1.504,-1.543,-0.57,1.486,1.482,-0.058,-0.513,2.486,0.494,-1.008,-1.52,-1.505,-4.0,-0.535,-1.513,-0.007,0.437,-0.005,-0.516,-0.004,-0.511,-1.501,-0.01,-0.014,0.996,1.491,-0.01,-3.0,-0.567,-1.132,-0.005,-0.012,1.994,-0.015,0.483,0.496,-5.005,-1.007,2.527,-2.007,-0.504,1.947,-0.525,-3.0,1.986,-0.514,-0.018,0.975,2.483,1.492,1.48,1.491,0.489,-0.508,1.989,-1.01,-1.034,-2.5,-0.005,-3.501,0.487,-1.523,0.493,-2.5,-1.036,-1.511,-1.508,-1.0,-1.041,0.918,2.461,-2.503,2.466,0.976,-0.552,-3.009,1.447,-0.004,1.964,-1.008,2.47,0.0,-0.043,-2.0,-0.035,-0.559,-0.015,-0.049,-1.01,1.474,2.96,3.428,-2.01,0.481,3.396,-0.011,2.443,2.937,0.483,-1.004,0.956,0.0,0.0,0.0,0.0,0.0,0.0,0.0,0.0,0.0,0.0
GoldS210,XAUUSDc,5,-4.4025,-8.805,3,-0.2989,0.0,527,49.1461,1,5,0,0.015,2.3,0.75,0.0,0.5,15,1,-20.159,6,0,1,3,0.0,2,-14.695,5.89,0.0,0.0,0.0,0.0,0.0,0.739,-2.505,-2.516,0.489,1.244,-0.757,-1.507,2.88,-2.295,-0.507,-4.251,-3.0,-4.998,-0.508,-3.0,-0.798,-1.219,6.235,5.575,0.933,0.231,1.986,2.377,-2.259,-4.0,-2.257,-4.0,0.206,-2.427,-0.756,4.62,0.364,0.226,0.494,0.235,-3.0,0.484,-1.505,-0.254,0.497,-1.429,-4.0,-0.646,-1.391,3.587,4.426,1.241,0.758,-0.51,2.52,-4.507,-2.255,0.396,-2.221,-0.257,8.097,0.221,-3.0,2.233,-0.464,-0.77,0.222,1.984,0.493,-1.509,2.238,6.931,-0.262,2.237,0.779,-1.255,-5.0,-1.251,-3.252,1.231,-1.525,10.104,-2.25,-2.253,0.233,1.159,0.225,1.115,-3.264,3.431,-0.783,1.878,3.061,-1.502,-1.0,0.939,5.217,0.217,-2.253,-0.765,0.943,-0.567,-2.0,-1.278,-1.284,-2.254,0.189,4.651,-2.54,-1.526,-1.514,-2.546,0.483,5.501,-2.999,0.445,0.232,0.211,-0.506,-1.541,0.0,0.0,0.0,0.0,0.0,0.0,0.0,0.0,0.0,0.0
GoldS210,XAUUSDc,85,20.482,40.964,3,0.577,67.57,506,21.7391,1,5,0,0.015,2.0,1.5,0.0,0.5,15,1,13.285,29,0,1,3,0.25,2,-20.115,61.079,0.0,0.0,0.0,0.0,0.0,1.479,-3.506,-4.0,-1.507,-3.0,-6.0,7.461,-0.506,-3.0,1.321,-4.502,-3.0,-5.0,-3.999,-3.0,-6.0,-4.999,-3.519,1.46,3.443,-0.847,-2.03,-3.0,2.188,-5.0,-4.0,-4.0,-2.51,-2.511,11.261,-1.513,-5.999,1.874,-3.0,10.457,-3.0,-0.515,-5.0,-1.999,-3.0,-4.0,-3.0,26.115,9.378,-2.51,30.369,-1.503,-6.0,-1.511,-1.0,-3.014,0.79,0.702,-5.0,0.486,11.286,-1.007,-3.0,10.844,-4.0,-0.649,8.485,1.852,0.493,1.516,6.372,24.152,5.425,10.097,6.651,-4.0,-4.0,-0.501,-2.503,-1.509,11.031,9.439,16.277,0.944,2.105,0.781,-1.0,-7.0,-2.521,4.756,-4.0,2.37,3.875,-1.619,-2.502,-0.068,-3.0,-5.0,-4.0,1.834,0.0,1.399,-2.0,-3.0,-2.559,0.465,-3.536,-1.526,-0.539,2.168,-6.0,-4.999,5.343,-1.04,-3.0,-0.876,-6.0,6.682,-4.0,-2.508,0.0,0.0,0.0,0.0,0.0,0.0,0.0,0.0,0.0,0.0
GoldS210,XAUUSDc,168,-2.482,-7.446,2,-0.2881,0.0,513,43.0799,1,5,0,0.015,1.7,1.0,0.0,0.5,15,1,-10.661,0,0,1,5,0.5,1,-17.3,9.854,0.0,0.0,0.0,0.0,0.0,0.986,-0.807,-0.103,0.986,-0.905,-0.935,1.89,2.421,-1.047,-0.009,-4.001,-3.0,-4.0,-4.0,-3.0,-0.162,-0.052,4.17,0.094,2.184,0.386,1.596,2.597,-2.012,-5.0,-1.026,-4.0,0.734,-3.008,2.588,4.105,5.87,1.413,0.321,2.333,-3.0,-1.01,-1.007,-2.0,0.996,0.242,-4.0,1.838,0.966,-3.007,6.986,-0.009,-2.016,-2.007,-1.0,-4.009,-2.007,-0.879,-4.0,-0.009,5.901,1.904,-3.0,3.028,2.73,-0.026,0.962,2.985,-1.004,-2.012,2.984,4.934,1.107,4.464,0.644,-2.006,-3.999,-1.001,-3.002,1.973,-2.072,4.38,-2.0,-0.046,-0.023,-1.015,-1.0,1.586,0.693,-0.368,-4.0,-1.541,3.925,-3.003,-2.017,3.922,0.286,5.31,-2.004,-1.029,0.0,-0.068,-2.0,-1.037,-3.042,-0.023,3.122,-0.019,0.973,5.276,-0.006,-5.0,-0.022,2.926,-3.0,0.049,-1.287,-0.033,0.575,-1.055,0.0,0.0,0.0,0.0,0.0,0.0,0.0,0.0,0.0,0.0
GoldS210,XAUUSDc,61,9.6985,19.397,3,0.7218,113.82,514,42.2179,1,5,0,0.015,2.0,1.0,0.0,0.5,15,1,-2.681,4,0,1,9,0.0,1,-6.019,25.416,0.0,0.0,0.0,0.0,0.0,0.986,-0.887,-0.522,0.986,0.877,-4.0,-1.01,1.579,-1.047,-0.009,-4.001,-3.0,-2.992,0.179,-3.0,17.374,0.713,3.604,-1.414,3.415,1.433,2.682,2.273,-2.012,-5.0,-2.04,-4.0,-1.01,-3.008,4.366,6.339,-2.004,1.273,-3.0,-1.016,-3.0,-1.01,-1.007,-2.0,0.996,0.004,-4.0,3.508,0.779,-3.007,8.985,-0.009,-2.016,-2.007,-1.0,-4.009,-2.007,-1.033,-2.928,-0.009,7.403,-1.004,-3.0,2.779,1.235,-0.026,0.962,3.925,3.068,0.169,2.984,2.864,0.96,4.103,-0.005,-2.006,-4.0,-1.001,-3.002,1.973,-0.818,23.691,-2.0,-0.046,-0.023,-1.015,-1.0,1.091,-0.096,0.916,-4.0,-1.378,4.171,-3.003,-2.017,3.922,0.103,0.177,-2.004,-1.029,0.0,-0.068,-2.0,-1.037,-3.042,-0.023,2.552,-0.019,0.973,8.81,-0.845,-5.0,-0.022,3.625,-4.0,-0.918,-4.016,2.072,0.05,-0.055,0.0,0.0,0.0,0.0,0.0,0.0,0.0,0.0,0.0,0.0
GoldS210,XAUUSDc,51,-16.4703,-98.822,1,-0.9623,0.0,491,20.3666,1,5,0,0.015,1.7,1.75,0.0,0.5,15,1,-115.876,10,0,1,7,0.0,1,-86.401,-12.421,0.0,0.0,0.0,0.0,0.0,1.725,-1.837,-4.0,-1.259,-3.0,-6.0,-2.25,-0.257,-3.0,-0.096,-4.252,-3.0,-4.999,-4.0,-3.0,-1.862,-0.256,1.94,-0.788,10.035,-1.263,-0.449,-3.0,-5.0,-6.0,-3.0,-4.0,-2.262,-2.011,4.707,-4.031,-6.0,0.795,3.717,0.473,-3.0,-0.235,-3.999,-3.0,-3.0,-3.0,-4.0,0.969,-0.189,-2.262,13.803,-1.254,-6.0,-1.262,-1.0,-5.257,0.644,-2.879,-5.0,0.699,7.424,1.93,-3.0,-0.307,-3.999,0.027,3.669,5.813,0.742,-1.583,6.254,-1.261,-1.999,3.946,-0.081,-4.0,-4.0,-0.252,-2.254,-3.998,-4.0,0.107,-4.0,1.439,-2.658,0.828,-1.0,-1.73,7.172,2.895,-4.0,-0.679,6.817,-2.239,-4.999,0.425,-2.0,-0.933,-4.0,7.404,0.0,2.131,-2.0,-3.0,-2.317,0.709,2.931,-1.28,-2.0,10.803,-6.0,-5.0,1.787,-2.29,-4.0,2.339,-5.0,7.406,-4.0,-1.259,0.0,0.0,0.0,0.0,0.0,0.0,0.0,0.0,0.0,0.0
GoldS210,XAUUSDc,105,-12.6768,-76.061,1,-0.8817,0.0,500,17.6,1,5,0,0.015,1.7,1.75,0.0,0.5,15,1,-95.027,20,0,1,5,0.25,1,-63.436,-12.625,0.0,0.0,0.0,0.0,0.0,1.725,7.903,-4.0,-1.259,-3.0,-6.0,6.787,-0.258,-3.0,0.099,-4.252,-3.0,-5.0,-4.0,-3.0,-1.415,2.238,-3.272,5.954,4.907,-2.262,-0.071,-3.0,8.092,-5.0,-4.0,-4.0,-2.262,-5.0,5.225,-3.074,-6.0,2.492,-3.0,0.473,-3.0,-3.0,-5.0,-2.0,-2.999,-4.0,-3.0,-2.314,-0.903,-2.261,15.715,-1.254,-6.0,-1.262,-1.0,-5.257,4.556,-1.227,-5.0,0.699,18.022,-0.509,-3.0,-0.307,-4.0,-3.269,8.36,3.865,0.742,10.559,8.146,-1.262,-2.0,-0.27,6.733,-4.0,-4.0,-0.252,-2.254,-4.0,-4.0,0.547,-4.0,1.439,-2.26,4.559,-1.0,-7.0,-2.274,-2.257,-4.0,0.963,5.606,-1.637,-5.0,0.425,-2.0,-4.999,-4.0,1.155,0.0,2.131,-2.0,-3.0,-2.317,0.709,5.946,-1.28,-2.0,14.376,-6.0,-5.0,2.112,-3.291,-3.0,3.267,-6.0,-1.289,-4.0,-1.259,0.0,0.0,0.0,0.0,0.0,0.0,0.0,0.0,0.0,0.0
GoldS210,XAUUSDc,188,0.717,1.434,3,0.0544,224.2,512,44.3359,1,5,0,0.015,2.3,1.0,0.0,0.5,15,1,-1.781,0,0,1,7,0.5,2,-18.188,19.622,0.0,0.0,0.0,0.0,0.0,0.986,-0.883,-0.235,0.986,-0.905,-1.096,1.89,2.421,-1.047,-0.009,-4.001,-3.0,-1.887,-4.0,-3.0,-0.162,-0.052,4.17,-0.546,2.025,0.146,1.471,2.152,-2.012,-5.0,-1.026,-4.0,0.734,-3.008,2.588,4.105,5.87,1.346,0.321,1.831,-3.0,-1.01,-1.007,-2.0,0.996,0.366,-4.0,1.838,0.966,-3.007,6.371,-0.009,-2.016,-2.007,-1.0,-4.009,-2.007,-0.842,-4.0,-0.009,5.39,1.904,-3.0,2.773,2.73,-0.026,0.962,5.709,-1.004,-0.008,2.984,4.667,1.107,4.134,0.058,-2.006,-3.999,-1.001,-3.002,1.973,-2.076,4.277,-2.0,-0.046,-0.023,-1.015,-1.0,1.166,0.61,-0.368,-4.0,-2.001,3.925,-3.003,-2.017,3.922,0.22,5.227,-2.004,0.988,0.0,-0.068,-2.0,-1.037,-3.042,-0.023,2.899,-0.019,0.973,5.637,0.009,-5.0,-0.022,3.588,-0.602,0.049,-0.287,2.314,0.206,-1.055,0.0,0.0,0.0,0.0,0.0,0.0,0.0,0.0,0.0,0.0
GoldS210,XAUUSDc,6,39.6925,79.385,3,2.6241,84.02,524,37.5954,1,5,0,0.015,1.7,1.0,0.0,0.5,15,1,12.682,11,0,1,3,0.0,2,65.905,13.48,0.0,0.0,0.0,0.0,0.0,0.986,-2.007,-2.021,-1.004,-2.001,-4.0,-1.01,8.277,-1.047,-0.009,-4.001,-3.0,-4.998,-3.999,-3.0,-4.002,-0.433,10.351,7.156,1.37,0.649,-0.85,3.592,-2.012,-4.0,-4.0,-4.0,3.1,-3.008,3.865,15.182,3.822,2.633,-3.0,-1.016,-3.0,-1.01,-1.006,-2.0,0.996,-0.828,-4.0,-2.063,2.267,3.622,72.435,-0.009,-2.016,-2.007,-2.0,-4.009,-2.007,-0.324,-5.0,-0.009,14.308,-1.004,-3.0,0.959,0.143,-0.026,0.962,3.401,-1.004,-1.012,2.984,20.033,3.594,0.982,2.21,-1.006,-5.0,-1.001,-3.002,1.973,-5.0,16.383,-2.0,-2.005,0.977,3.987,-1.03,2.676,-4.998,-1.019,-2.03,0.989,4.483,-1.003,-1.0,1.929,-1.051,1.875,-2.004,-2.014,-0.055,-0.09,-2.0,-1.037,-1.042,-3.0,-0.055,6.457,-4.031,-3.029,-3.014,-6.0,0.978,6.208,-2.999,-0.643,-3.016,0.948,1.624,-1.055,0.0,0.0,0.0,0.0,0.0,0.0,0.0,0.0,0.0,0.0
GoldS210,XAUUSDc,0,-3.302,-9.906,2,-0.3409,0.0,536,65.6716,1,5,0,0.015,1.7,0.5,0.0,0.5,15,1,-11.073,0,0,1,3,0.0,2,-19.332,9.426,0.0,0.0,0.0,0.0,0.0,0.493,-0.01,-1.514,1.486,0.992,-0.504,-0.511,-0.011,-2.504,-1.004,-4.501,0.492,-1.003,-1.006,-1.504,-1.543,-0.57,1.486,0.987,-0.058,-0.513,2.486,0.494,-1.008,-0.52,-1.505,-4.0,-0.535,-1.513,-0.007,0.437,-0.005,-0.516,-0.004,-0.511,-1.501,-0.01,-0.014,0.996,1.491,-0.01,-2.501,-1.064,-1.132,-0.047,0.988,1.994,-0.015,0.483,0.987,-5.005,-1.007,2.626,-2.007,-0.504,2.947,-0.525,-3.0,1.488,1.979,-0.018,0.975,2.483,1.492,0.987,1.491,0.489,-0.508,1.491,-1.01,-0.034,-3.5,-0.005,-3.501,0.487,-1.523,0.493,-2.5,-2.502,-0.511,0.42,-0.517,-0.041,-0.518,3.454,-0.044,1.97,1.474,-0.546,-1.0,-0.05,2.456,1.472,-2.502,1.478,1.442,0.412,-2.0,-0.035,-0.041,-1.013,-0.541,1.926,-1.547,-0.027,2.947,-1.533,-0.011,3.396,-0.011,2.443,2.452,0.974,-1.004,-0.527,0.0,0.0,0.0,0.0,0.0,0.0,0.0,0.0,0.0,0.0
GoldS210,XAUUSDc,41,-13.082,-26.164,3,-0.6471,0.0,520,51.3462,1,5,0,0.015,2.3,0.75,0.0,0.5,15,1,-30.147,0,0,1,7,0.0,2,-35.992,9.828,0.0,0.0,0.0,0.0,0.0,0.739,-1.48,-1.254,1.232,0.495,-0.757,-1.507,1.557,-2.295,-0.507,-4.251,-3.0,-3.166,-0.508,-3.0,-0.798,-0.198,2.095,0.715,0.933,0.231,1.985,1.358,-2.259,-4.251,-1.257,-4.0,0.206,-2.464,-0.756,3.714,2.031,0.226,0.494,0.235,-3.0,0.484,-1.506,-0.254,0.497,-0.349,-4.0,1.096,-1.391,-0.758,1.691,1.241,-0.286,-0.51,-1.0,-4.507,-2.255,-0.651,-3.028,-0.257,2.891,0.221,-3.0,3.121,3.21,-0.77,0.222,3.866,0.493,-0.759,2.238,-0.511,-0.262,3.016,-0.47,1.063,-4.0,-1.251,-3.252,1.231,-1.525,5.668,-2.25,-0.54,-0.767,-1.261,-1.0,-0.004,0.433,1.942,-2.323,1.235,3.742,-3.252,-2.512,2.684,-1.255,4.039,-2.253,1.985,0.0,-0.801,-2.0,-1.278,-3.284,0.478,2.568,-0.515,0.48,2.691,-0.78,-0.424,1.221,4.705,-4.0,0.242,1.549,1.429,-0.506,0.183,0.0,0.0,0.0,0.0,0.0,0.0,0.0,0.0,0.0,0.0
GoldS210,XAUUSDc,152,-3.3337,-10.001,2,-0.4085,0.0,515,42.5243,1,5,0,0.015,2.3,1.0,0.0,0.5,15,1,-13.216,0,0,1,3,0.5,1,-17.826,7.825,0.0,0.0,0.0,0.0,0.0,0.986,-2.007,-0.058,0.987,-0.905,-0.935,1.89,2.421,-1.047,-0.009,-4.001,-3.0,-4.0,-4.0,-3.0,-0.162,-0.433,4.17,0.094,2.379,0.468,1.63,3.083,-2.012,-5.0,-1.026,-4.0,0.734,-3.008,2.588,4.105,5.87,1.48,0.321,2.333,-3.0,-1.01,-1.007,-2.0,0.996,0.172,-4.0,1.838,0.966,-3.007,6.986,-0.009,-2.016,-2.007,-1.0,-4.009,-2.007,0.074,-4.0,-0.009,5.163,1.904,-3.0,3.028,2.73,-0.026,0.962,3.401,-1.004,-2.012,2.984,4.81,1.107,2.988,1.064,-2.006,-3.999,-1.001,-3.002,1.973,-2.072,4.77,-2.0,-0.046,-0.023,-1.015,-1.0,1.676,0.693,-0.368,-4.0,-0.919,3.674,-3.003,-2.017,3.922,-3.0,5.629,-2.004,-1.029,0.0,-0.068,-2.0,-1.037,-3.042,-0.023,3.246,-0.019,0.973,5.637,-0.026,-5.0,-0.022,2.926,-3.0,0.357,-1.287,-0.033,0.653,-1.055,0.0,0.0,0.0,0.0,0.0,0.0,0.0,0.0,0.0,0.0
GoldS210,XAUUSDc,1,-3.302,-9.906,2,-0.3409,0.0,536,65.6716,1,5,0,0.015,2.0,0.5,0.0,0.5,15,1,-11.073,0,0,1,3,0.0,2,-19.332,9.426,0.0,0.0,0.0,0.0,0.0,0.493,-0.01,-1.514,1.486,0.992,-0.504,-0.511,-0.011,-2.504,-1.004,-4.501,0.492,-1.003,-1.006,-1.504,-1.543,-0.57,1.486,0.987,-0.058,-0.513,2.486,0.494,-1.008,-0.52,-1.505,-4.0,-0.535,-1.513,-0.007,0.437,-0.005,-0.516,-0.004,-0.511,-1.501,-0.01,-0.014,0.996,1.491,-0.01,-2.501,-1.064,-1.132,-0.047,0.988,1.994,-0.015,0.483,0.987,-5.005,-1.007,2.626,-2.007,-0.504,2.947,-0.525,-3.0,1.488,1.979,-0.018,0.975,2.483,1.492,0.987,1.491,0.489,-0.508,1.491,-1.01,-0.034,-3.5,-0.005,-3.501,0.487,-1.523,0.493,-2.5,-2.502,-0.511,0.42,-0.517,-0.041,-0.518,3.454,-0.044,1.97,1.474,-0.546,-1.0,-0.05,2.456,1.472,-2.502,1.478,1.442,0.412,-2.0,-0.035,-0.041,-1.013,-0.541,1.926,-1.547,-0.027,2.947,-1.533,-0.011,3.396,-0.011,2.443,2.452,0.974,-1.004,-0.527,0.0,0.0,0.0,0.0,0.0,0.0,0.0,0.0,0.0,0.0
GoldS210,XAUUSDc,184,-3.285,-9.855,2,-0.3164,0.0,520,53.6538,1,5,0,0.015,2.0,0.75,0.0,0.5,15,1,-12.038,0,0,1,7,0.5,2,-22.715,12.86,0.0,0.0,0.0,0.0,0.0,0.739,-1.48,-1.254,2.232,2.018,-0.757,0.628,1.163,-2.295,-0.507,-4.251,-0.871,-2.167,-0.508,-3.0,-0.798,-1.01,2.445,0.191,0.933,0.231,1.985,1.358,-2.259,-3.251,0.04,-4.0,0.206,-2.488,-0.756,2.091,3.095,0.226,0.494,0.235,-3.0,0.484,-1.506,-0.254,0.497,-0.349,-4.0,3.418,-1.391,-0.758,1.438,1.241,-0.446,-0.51,-1.0,-4.507,-2.255,0.087,-0.518,-0.257,2.891,0.221,-3.0,3.121,1.179,-0.77,0.222,3.866,0.493,-0.759,2.238,1.907,-0.262,3.016,-0.47,-0.019,-3.999,-1.251,-3.252,1.231,-1.525,2.702,-2.25,-0.54,-0.767,-1.261,-1.0,-0.004,0.433,1.942,-2.323,1.235,3.163,-3.252,-2.512,2.684,-1.255,3.834,-2.253,1.985,0.0,-0.801,-2.0,-1.278,-3.284,0.478,2.568,-0.515,0.48,5.19,-0.78,-0.861,1.221,4.705,1.481,0.242,1.482,1.429,-0.506,0.183,0.0,0.0,0.0,0.0,0.0,0.0,0.0,0.0,0.0,0.0
GoldS210,XAUUSDc,24,69.948,104.922,4,5.0489,43.79,510,40.1961,1,5,0,0.015,1.7,1.0,0.0,0.5,15,1,58.973,11,0,1,5,0.0,3,77.061,27.861,0.0,0.0,0.0,0.0,0.0,0.986,-0.807,0.684,0.986,-2.001,-0.189,-1.009,6.734,-1.047,-0.009,-4.001,-3.999,-4.0,-4.0,-3.0,42.947,0.459,1.793,13.758,0.105,0.386,4.15,2.597,-2.012,-6.0,-3.0,-4.0,-1.01,-3.008,2.481,38.035,14.693,2.2,1.246,-1.016,-3.0,-1.01,-1.007,-2.0,0.996,-0.758,-3.0,-3.063,-0.142,-3.007,19.838,-0.009,-2.016,-2.006,-1.0,-4.009,-2.007,-1.863,-3.999,-0.009,13.785,-1.004,-3.0,6.262,-1.994,-1.026,0.962,2.985,8.074,-2.012,2.984,7.831,6.416,4.464,0.644,-2.006,-4.0,-1.001,-3.002,1.973,-5.0,2.194,-2.0,-0.046,-0.023,-1.015,-1.0,1.586,2.014,0.068,-4.0,-1.541,1.049,-2.028,-2.017,3.922,0.286,1.841,-2.004,5.81,0.0,-0.068,-2.0,-1.037,-3.042,-0.023,4.43,-0.019,0.973,4.623,-1.044,-5.0,-0.022,4.139,-4.0,-0.951,-4.016,-0.033,0.575,-1.055,0.0,0.0,0.0,0.0,0.0,0.0,0.0,0.0,0.0,0.0
GoldS210,XAUUSDc,151,-3.3337,-10.001,2,-0.4085,0.0,515,42.5243,1,5,0,0.015,2.0,1.0,0.0,0.5,15,1,-13.216,0,0,1,3,0.5,1,-17.826,7.825,0.0,0.0,0.0,0.0,0.0,0.986,-2.007,-0.058,0.987,-0.905,-0.935,1.89,2.421,-1.047,-0.009,-4.001,-3.0,-4.0,-4.0,-3.0,-0.162,-0.433,4.17,0.094,2.379,0.468,1.63,3.083,-2.012,-5.0,-1.026,-4.0,0.734,-3.008,2.588,4.105,5.87,1.48,0.321,2.333,-3.0,-1.01,-1.007,-2.0,0.996,0.172,-4.0,1.838,0.966,-3.007,6.986,-0.009,-2.016,-2.007,-1.0,-4.009,-2.007,0.074,-4.0,-0.009,5.163,1.904,-3.0,3.028,2.73,-0.026,0.962,3.401,-1.004,-2.012,2.984,4.81,1.107,2.988,1.064,-2.006,-3.999,-1.001,-3.002,1.973,-2.072,4.77,-2.0,-0.046,-0.023,-1.015,-1.0,1.676,0.693,-0.368,-4.0,-0.919,3.674,-3.003,-2.017,3.922,-3.0,5.629,-2.004,-1.029,0.0,-0.068,-2.0,-1.037,-3.042,-0.023,3.246,-0.019,0.973,5.637,-0.026,-5.0,-0.022,2.926,-3.0,0.357,-1.287,-0.033,0.653,-1.055,0.0,0.0,0.0,0.0,0.0,0.0,0.0,0.0,0.0,0.0
GoldS210,XAUUSDc,29,8.877,17.754,3,0.5484,137.38,502,29.6813,1,5,0,0.015,2.3,1.25,0.0,0.5,15,1,-6.637,13,0,1,5,0.0,2,-9.619,27.373,0.0,0.0,0.0,0.0,0.0,1.232,-2.397,11.138,-0.756,-4.0,-6.0,-0.512,13.351,-3.0,-0.753,-4.752,-3.999,-4.0,-4.0,-3.0,-3.752,1.649,-3.766,19.392,5.116,-1.518,-2.504,-1.752,-1.76,-6.0,-3.0,-4.0,-2.759,-2.759,3.774,0.285,16.014,0.257,2.707,-0.519,-3.0,-0.763,-2.757,-2.0,4.535,-2.365,-3.0,-1.565,1.512,-2.758,15.059,2.92,-3.761,-1.758,-1.0,-3.512,-1.758,-3.545,-3.999,0.239,18.866,-0.505,-3.0,11.215,-4.0,-0.533,1.702,-0.509,0.244,-3.757,1.489,10.147,8.736,3.23,-0.816,-1.758,-4.0,-0.751,-2.753,0.492,-5.0,8.908,-4.0,0.449,3.699,-0.769,-1.0,-4.773,-2.767,1.36,-4.0,-0.744,2.053,-1.771,-2.752,5.072,0.716,-0.513,-1.755,9.538,0.0,0.666,-2.0,-0.734,-2.801,0.221,5.894,-1.771,1.466,3.159,-3.734,-5.0,0.851,3.485,-4.0,-0.431,-6.0,2.94,0.04,-0.568,0.0,0.0,0.0,0.0,0.0,0.0,0.0,0.0,0.0,0.0
GoldS210,XAUUSDc,215,-6.45,-19.35,2,-0.3387,0.0,490,24.6939,1,5,0,0.015,2.3,1.75,0.0,0.5,15,1,-27.97,16,0,1,9,0.5,2,-40.402,21.052,0.0,0.0,0.0,0.0,0.0,1.725,4.206,-4.0,-0.259,-1.244,-5.0,2.944,-0.258,-3.0,-0.181,-4.252,-3.0,-0.485,-3.0,-3.0,4.62,-0.031,-2.272,2.432,0.52,0.805,3.616,-3.0,1.167,-5.0,-4.0,-4.0,-1.262,-2.178,8.764,-4.072,-4.999,0.58,2.956,6.198,-3.0,-0.246,-0.641,-3.0,-3.0,-3.0,-4.0,0.966,-2.488,-2.262,2.934,-1.254,-6.0,-1.262,-1.0,-1.662,-0.951,-1.521,1.345,0.699,8.634,-0.509,-3.0,-0.307,-4.0,0.185,1.431,1.047,0.742,5.517,4.347,8.674,-3.0,9.896,7.62,-4.0,-3.999,-0.252,-2.254,-3.999,4.362,-0.237,5.129,1.439,-3.106,1.301,-1.0,-1.148,3.035,5.029,-4.0,1.337,1.889,-1.74,-5.0,0.425,-2.0,4.37,-4.0,1.989,0.0,2.131,-2.0,-3.0,-2.317,0.709,0.949,-1.28,-2.0,17.035,-6.0,-5.0,1.502,2.48,-4.0,2.171,-6.0,6.985,-3.0,-2.259,0.0,0.0,0.0,0.0,0.0,0.0,0.0,0.0,0.0,0.0
GoldS210,XAUUSDc,99,0.4475,0.895,3,0.0138,1459.66,509,29.4695,1,5,0,0.015,1.7,1.25,0.0,0.5,15,1,-12.169,18,0,1,5,0.25,2,-21.511,22.406,0.0,0.0,0.0,0.0,0.0,1.232,2.058,4.791,-1.756,-3.0,-6.0,5.404,11.765,-3.0,-0.753,-4.752,-3.0,-5.0,-4.0,-3.0,-3.752,1.649,-3.766,0.273,8.163,-1.518,-2.505,-0.752,-0.711,-5.0,-4.0,-4.0,-2.759,-2.759,3.774,0.285,-6.0,0.257,-3.0,-0.519,-3.0,-0.763,-2.757,-2.0,-0.753,-2.365,-3.0,13.499,7.121,-2.757,20.49,2.92,-3.761,-1.759,-1.0,-3.512,-1.758,-2.315,-5.0,0.239,8.448,-0.505,-3.0,6.664,4.304,-1.533,1.702,-0.509,0.244,-3.757,1.489,11.843,4.208,3.23,2.432,-1.758,-4.0,-0.751,-2.753,7.329,2.233,14.494,-4.0,0.449,3.699,-0.769,-1.0,-4.773,-2.767,2.985,-4.0,-0.744,5.959,-2.461,-2.752,5.072,0.716,3.174,-1.755,0.169,0.0,0.666,-2.0,-3.0,-2.801,0.221,4.894,-1.771,1.466,3.247,-6.0,-5.0,0.851,2.485,-3.0,-0.431,-6.0,-1.778,0.04,-0.568,0.0,0.0,0.0,0.0,0.0,0.0,0.0,0.0,0.0,0.0
GoldS210,XAUUSDc,11,53.8275,107.655,3,2.5369,89.55,520,27.1154,1,5,0,0.015,2.3,1.25,0.0,0.5,15,1,11.246,20,0,1,3,0.0,1,98.278,9.377,0.0,0.0,0.0,0.0,0.0,1.232,-3.755,12.854,-0.755,-1.752,-6.0,-0.513,-0.756,-3.0,-0.753,-4.752,-3.0,-4.998,-3.999,-3.0,-3.752,0.355,-1.503,10.486,13.416,-1.518,-2.437,-1.752,-0.131,-4.0,-4.0,-4.0,7.704,-2.759,3.194,1.701,2.126,0.545,-3.0,-0.519,-3.0,-0.763,-2.756,-2.0,-0.753,-2.476,-4.0,-0.565,22.864,6.154,93.659,5.433,-3.761,-1.759,-2.0,-3.512,-1.758,-1.539,-5.0,0.239,18.112,-0.505,-3.0,1.452,-3.0,-1.533,1.702,-0.508,0.244,-2.757,1.489,-1.759,5.004,1.478,-0.289,-0.758,-5.0,-0.751,-2.753,7.257,-5.0,22.741,-4.0,-1.756,4.631,6.372,-2.771,-3.773,-4.998,-2.507,-3.768,2.158,4.991,-2.185,-1.0,0.677,14.632,0.202,-1.755,-3.758,0.68,-1.765,-2.0,-3.0,-0.801,-3.0,-0.807,4.403,-5.0,2.548,-2.767,-6.0,4.693,7.1,-2.999,-0.017,-5.0,6.449,2.332,-0.568,0.0,0.0,0.0,0.0,0.0,0.0,0.0,0.0,0.0,0.0
GoldS210,XAUUSDc,9,53.8275,107.655,3,2.5369,89.55,520,27.1154,1,5,0,0.015,1.7,1.25,0.0,0.5,15,1,11.246,20,0,1,3,0.0,1,98.278,9.377,0.0,0.0,0.0,0.0,0.0,1.232,-3.755,12.854,-0.755,-1.752,-6.0,-0.513,-0.756,-3.0,-0.753,-4.752,-3.0,-4.998,-3.999,-3.0,-3.752,0.355,-1.503,10.486,13.416,-1.518,-2.437,-1.752,-0.131,-4.0,-4.0,-4.0,7.704,-2.759,3.194,1.701,2.126,0.545,-3.0,-0.519,-3.0,-0.763,-2.756,-2.0,-0.753,-2.476,-4.0,-0.565,22.864,6.154,93.659,5.433,-3.761,-1.759,-2.0,-3.512,-1.758,-1.539,-5.0,0.239,18.112,-0.505,-3.0,1.452,-3.0,-1.533,1.702,-0.508,0.244,-2.757,1.489,-1.759,5.004,1.478,-0.289,-0.758,-5.0,-0.751,-2.753,7.257,-5.0,22.741,-4.0,-1.756,4.631,6.372,-2.771,-3.773,-4.998,-2.507,-3.768,2.158,4.991,-2.185,-1.0,0.677,14.632,0.202,-1.755,-3.758,0.68,-1.765,-2.0,-3.0,-0.801,-3.0,-0.807,4.403,-5.0,2.548,-2.767,-6.0,4.693,7.1,-2.999,-0.017,-5.0,6.449,2.332,-0.568,0.0,0.0,0.0,0.0,0.0,0.0,0.0,0.0,0.0,0.0
GoldS210,XAUUSDc,35,-33.276,-66.552,3,-0.8937,0.0,492,17.0732,1,5,0,0.015,2.3,1.75,0.0,0.5,15,1,-114.857,13,0,1,5,0.0,1,-30.973,-35.579,0.0,0.0,0.0,0.0,0.0,1.725,-1.58,-4.0,-0.259,-4.0,-6.0,-2.25,-0.258,-3.0,0.099,-4.252,-3.999,-4.0,-4.0,-3.0,-1.415,2.238,-3.272,43.306,-5.0,-2.262,-0.07,-4.0,1.891,-6.0,-3.0,-4.0,-2.262,-5.0,-0.498,-2.074,-5.0,2.492,5.629,0.473,-3.0,-3.0,-5.0,-2.0,-2.999,-4.0,-3.0,-3.314,1.809,-2.262,25.779,-1.254,-6.0,-1.261,-1.0,-5.257,18.332,-2.949,-3.999,0.699,24.591,3.364,-3.0,-0.307,-4.0,-2.269,8.65,-4.998,0.742,-6.0,8.146,-1.262,-2.0,-0.266,1.241,-4.0,-4.0,-0.252,-2.254,-3.999,-5.0,0.547,-5.0,1.439,-2.26,4.919,-1.0,-7.0,-2.274,3.943,-4.0,0.963,-1.268,-1.243,-5.0,0.425,-2.0,-5.0,-4.0,2.155,0.0,2.131,-2.0,-2.999,-2.317,0.709,6.946,-1.28,-2.0,1.136,-6.0,-5.0,2.112,-2.291,-4.0,3.267,-6.0,9.094,-4.0,-1.259,0.0,0.0,0.0,0.0,0.0,0.0,0.0,0.0,0.0,0.0
GoldS210,XAUUSDc,48,6.4535,12.907,3,0.1724,228.6,495,24.6465,1,5,0,0.015,1.7,1.5,0.0,0.5,15,1,-16.598,12,0,1,7,0.0,2,-49.155,62.062,0.0,0.0,0.0,0.0,0.0,1.479,-2.185,-4.0,-1.508,-3.0,-6.0,-0.016,-0.506,-3.0,-0.39,-4.502,-3.0,-4.999,-4.0,-3.0,-3.269,-1.095,-0.131,-2.494,6.499,0.036,-2.499,-3.0,-5.0,-6.0,-3.0,-4.0,-2.51,-2.511,2.426,19.331,-6.0,0.211,2.645,-0.022,-3.0,-0.515,-3.999,-3.0,-3.0,-3.0,-4.0,-0.301,0.453,-2.51,41.161,-1.503,-3.097,-1.511,-1.0,-3.014,-0.121,-3.188,-5.0,0.486,5.733,-0.036,-3.0,5.94,-3.999,-0.997,3.058,3.726,0.493,-2.965,4.126,-1.509,18.36,3.812,-0.365,-4.0,-4.0,-0.501,-2.503,-1.508,11.998,10.047,19.701,0.944,-0.643,0.069,-1.0,-2.363,5.107,11.988,-4.0,-1.127,5.244,-2.492,-2.502,-0.068,-2.0,-1.535,-4.0,5.051,0.0,1.399,-2.0,-3.0,-2.559,0.465,1.931,-1.526,-0.539,11.747,-1.572,-5.0,1.224,-0.041,-4.0,1.571,-5.0,5.7,-4.0,-1.508,0.0,0.0,0.0,0.0,0.0,0.0,0.0,0.0,0.0,0.0
GoldS210,XAUUSDc,172,-5.7637,-17.291,2,-0.4562,0.0,504,33.5317,1,5,0,0.015,2.0,1.25,0.0,0.5,15,1,-22.062,0,0,1,5,0.5,1,-24.495,7.204,0.0,0.0,0.0,0.0,0.0,1.232,0.828,0.395,-0.756,-4.0,-5.0,3.152,4.402,-3.0,-0.753,-4.752,-3.0,-4.0,-4.0,-3.0,0.771,0.907,2.705,1.527,4.585,-1.519,-2.505,-0.752,-1.89,-5.0,-4.0,-4.0,1.972,-2.759,2.205,5.06,3.871,0.257,1.2,4.045,-3.0,-0.763,-2.757,-2.0,2.772,-1.365,-4.0,5.146,2.266,-2.758,8.87,1.967,-3.761,-1.759,-1.0,-3.512,-1.758,-2.315,-4.0,0.239,5.765,-0.505,-3.0,4.559,0.565,-1.533,1.702,-0.51,0.244,-3.757,1.489,7.253,1.715,3.23,0.034,-1.758,-3.999,-0.751,-2.753,4.382,-0.912,6.903,-1.495,0.449,2.404,-0.769,-1.0,-4.773,-2.767,0.845,-4.0,-0.744,3.641,-2.461,-2.752,4.419,0.716,0.947,-1.755,-0.126,0.0,0.666,-2.0,0.691,-2.801,0.221,2.838,-1.771,1.466,10.886,-2.241,-5.0,0.851,2.165,-3.0,0.569,-2.496,2.492,-0.341,-0.568,0.0,0.0,0.0,0.0,0.0,0.0,0.0,0.0,0.0,0.0
GoldS210,XAUUSDc,195,-9.7595,-19.519,3,-0.2676,0.0,492,23.5772,1,5,0,0.015,1.7,1.75,0.0,0.5,15,1,-29.287,18,0,1,7,0.5,2,-55.168,35.649,0.0,0.0,0.0,0.0,0.0,1.725,4.219,-4.0,-0.259,-4.0,-5.0,2.944,-0.258,-3.0,-0.096,-4.252,-3.0,-4.0,-4.0,-3.0,4.62,-0.256,-2.272,4.819,0.634,-2.263,-0.449,-3.0,1.167,-5.0,-4.0,-4.0,-1.262,-2.011,9.051,-4.031,-4.999,0.795,2.956,6.415,-3.0,-0.235,-3.999,-3.0,-3.0,-3.0,-4.0,1.969,-2.175,-2.262,3.003,-1.254,-6.0,-1.262,-1.0,-1.345,0.644,-1.157,-4.0,0.699,9.065,-0.509,-3.0,-0.307,-4.0,0.027,2.258,5.592,0.742,5.45,5.897,9.445,-2.999,9.18,7.715,-4.0,-3.999,-0.252,-2.254,-4.0,4.625,0.107,6.768,1.439,-2.658,0.828,-1.0,-1.73,3.035,5.03,-4.0,-0.68,1.889,-2.239,-5.0,0.425,-2.0,5.48,-4.0,2.649,0.0,2.131,-2.0,-3.0,-2.317,0.709,1.932,-1.28,-2.0,18.771,-6.0,-5.0,1.787,-2.29,1.988,2.339,-5.0,9.387,-3.0,-2.258,0.0,0.0,0.0,0.0,0.0,0.0,0.0,0.0,0.0,0.0
GoldS210,XAUUSDc,97,4.8795,9.759,3,0.3635,94.84,516,40.3101,1,5,0,0.015,2.0,1.0,0.0,0.5,15,1,0.504,7,0,1,5,0.25,2,-12.038,21.797,0.0,0.0,0.0,0.0,0.0,0.986,-0.807,0.684,-0.014,-3.0,-0.189,3.346,5.184,-1.047,-0.009,-4.001,-3.0,-5.0,-4.0,-3.0,4.88,0.459,1.793,-0.913,3.461,0.386,2.169,2.597,-2.012,-5.0,-4.0,-4.0,-1.01,-3.008,4.924,6.485,-2.004,1.859,-3.0,-1.016,-3.0,-1.01,-1.007,-2.0,0.996,-0.758,-3.0,6.047,2.768,-3.006,14.877,-0.009,-2.016,-2.007,-1.0,-4.009,-2.007,-0.879,-5.0,-0.009,7.843,-1.004,-3.0,4.061,7.305,-0.026,0.962,2.985,-1.004,-2.012,2.984,5.7,2.993,4.464,0.644,-2.006,-4.0,-1.001,-3.002,1.973,-0.641,8.064,-2.0,-0.046,-0.023,-1.015,-1.0,1.586,2.014,0.628,-4.0,-1.541,5.468,-3.003,-2.017,3.922,0.286,10.374,-2.004,-1.029,0.0,-0.068,-2.0,-1.037,-3.042,-0.023,4.43,-0.019,0.973,1.927,-3.055,-5.0,-0.022,3.139,-3.0,-0.951,-4.016,-0.033,0.575,-1.055,0.0,0.0,0.0,0.0,0.0,0.0,0.0,0.0,0.0,0.0
GoldS210,XAUUSDc,194,-9.7507,-29.252,2,-0.5002,0.0,496,27.2177,1,5,0,0.015,2.3,1.5,0.0,0.5,15,1,-36.369,9,0,1,7,0.5,2,-46.084,16.832,0.0,0.0,0.0,0.0,0.0,1.479,2.455,-4.0,-0.508,-4.0,-5.0,4.414,-0.507,-3.0,-0.39,-4.502,-3.0,-4.0,-4.0,-3.0,2.696,-1.095,0.217,2.201,-0.355,-0.964,-2.499,-3.0,-0.463,-5.0,-4.0,-4.0,-1.51,-2.511,6.09,2.155,-4.999,0.211,2.078,4.889,-3.0,-0.515,-3.999,-3.0,2.174,-3.0,-4.0,8.816,2.333,-2.51,7.72,-1.503,-3.097,-1.511,-1.0,-3.014,-0.121,-1.712,-4.0,0.486,7.12,-1.007,-3.0,5.672,-4.0,-0.997,2.121,3.554,0.493,2.243,3.924,6.555,1.323,3.812,5.832,-4.0,-3.999,-0.501,-2.503,-1.509,2.042,4.053,5.823,0.944,-0.643,0.069,-1.0,-2.363,1.856,2.06,-4.0,-1.128,0.903,-2.492,-2.502,-0.068,-2.0,3.842,-4.0,1.161,0.0,1.399,-2.0,-3.0,-2.559,0.465,0.932,-1.526,-0.539,11.772,-1.572,-5.0,1.224,-0.041,1.0,1.571,-5.0,7.31,-3.0,-2.507,0.0,0.0,0.0,0.0,0.0,0.0,0.0,0.0,0.0,0.0
GoldS210,XAUUSDc,69,-27.2487,-81.746,2,-0.8998,0.0,494,21.8623,1,5,0,0.015,1.7,1.75,0.0,0.5,15,1,-94.758,11,0,1,9,0.0,1,-67.105,-14.641,0.0,0.0,0.0,0.0,0.0,1.725,-1.85,-4.0,-0.259,-1.244,-6.0,-2.25,-0.258,-3.0,-0.181,-4.252,-3.0,-1.485,-3.0,-3.0,-1.841,-2.038,-2.272,2.425,8.802,8.229,4.008,-4.0,-4.0,-5.0,-3.999,-4.0,-2.262,-2.178,9.088,-4.072,-6.0,0.58,-3.0,0.473,-3.0,-0.246,-0.641,-3.0,-3.0,-3.0,-4.0,0.966,-2.254,-2.262,7.059,-1.254,-6.0,-1.262,-1.0,-1.593,-0.951,-1.521,2.266,0.699,12.071,0.93,-3.0,-0.307,-4.0,0.185,3.536,2.142,0.742,7.324,4.347,-1.262,-2.0,4.41,5.61,-4.0,-4.0,-0.252,-2.254,-3.999,-4.0,-0.237,-4.0,1.439,-3.106,1.301,-1.0,-2.148,-2.274,-2.256,-4.0,1.337,2.547,-1.74,-5.0,0.425,-2.0,-3.043,-4.0,1.989,0.0,2.131,-2.0,-2.999,-2.317,0.709,0.949,-1.28,-2.0,24.115,-6.0,-5.0,1.502,2.48,-4.0,2.171,-5.999,1.699,-4.0,-1.259,0.0,0.0,0.0,0.0,0.0,0.0,0.0,0.0,0.0,0.0
GoldS210,XAUUSDc,138,-4.798,-9.596,3,-0.1912,0.0,500,26.6,1,5,0,0.015,1.7,1.5,0.0,0.5,15,1,-22.95,16,0,1,9,0.25,2,-31.554,21.958,0.0,0.0,0.0,0.0,0.0,1.479,-2.196,-4.0,-0.508,-1.495,-5.999,7.461,-0.507,-3.0,-0.452,-4.502,-3.0,-1.95,-3.0,-3.0,-3.391,1.22,0.543,0.911,2.162,1.712,-0.022,-3.0,0.14,-4.999,-4.0,-4.0,-2.51,-2.511,6.071,6.201,-6.0,0.05,-3.0,7.98,-3.0,-0.515,-1.087,-3.0,-3.0,-3.0,-4.0,12.844,1.382,-2.51,17.886,-1.503,-3.413,-1.511,-1.0,-3.014,-1.284,-2.018,0.815,0.486,9.655,-1.007,-3.0,5.96,-4.0,-0.996,3.009,0.549,0.493,2.977,3.04,12.844,2.081,4.097,9.005,-4.0,-4.0,-0.501,-2.503,-1.509,6.134,6.869,8.294,0.944,-0.928,-0.028,-1.0,-2.677,-2.521,5.154,-4.0,0.413,1.43,-2.125,-2.502,-0.068,-2.0,-2.374,-4.0,0.825,0.0,1.399,-2.0,-3.0,-2.559,0.465,0.16,-1.526,-0.539,11.581,-3.138,-5.0,0.998,-0.041,-4.0,1.472,-6.0,1.16,-4.0,-1.508,0.0,0.0,0.0,0.0,0.0,0.0,0.0,0.0,0.0,0.0
GoldS210,XAUUSDc,71,-27.218,-81.654,2,-0.8997,0.0,494,21.8623,1,5,0,0.015,2.3,1.75,0.0,0.5,15,1,-94.666,11,0,1,9,0.0,1,-67.091,-14.563,0.0,0.0,0.0,0.0,0.0,1.725,-1.85,-4.0,-0.259,-1.244,-6.0,-2.25,-0.258,-3.0,-0.181,-4.252,-3.0,-1.485,-3.0,-3.0,-1.841,-2.031,-2.272,2.432,8.802,8.229,4.008,-4.0,-4.0,-5.0,-3.999,-4.0,-2.262,-2.178,9.088,-4.072,-6.0,0.58,-3.0,0.473,-3.0,-0.246,-0.641,-3.0,-3.0,-3.0,-4.0,0.966,-2.254,-2.262,7.059,-1.254,-6.0,-1.262,-1.0,-1.593,-0.951,-1.521,2.266,0.699,12.071,0.93,-3.0,-0.307,-4.0,0.185,3.536,2.142,0.742,7.324,4.347,-1.262,-2.0,4.41,5.687,-4.0,-4.0,-0.252,-2.254,-3.999,-4.0,-0.237,-4.0,1.439,-3.106,1.301,-1.0,-2.148,-2.274,-2.255,-4.0,1.337,2.547,-1.74,-5.0,0.425,-2.0,-3.043,-4.0,1.989,0.0,2.131,-2.0,-2.999,-2.317,0.709,0.949,-1.28,-2.0,24.115,-6.0,-5.0,1.502,2.48,-4.0,2.171,-5.999,1.699,-4.0,-1.259,0.0,0.0,0.0,0.0,0.0,0.0,0.0,0.0,0.0,0.0
GoldS210,XAUUSDc,160,-17.3513,-52.054,2,-0.5532,0.0,495,20.202,1,5,0,0.015,2.0,1.75,0.0,0.5,15,1,-62.776,20,0,1,3,0.5,1,-74.234,22.18,0.0,0.0,0.0,0.0,0.0,1.725,2.8,-4.0,-0.258,-4.0,-5.0,2.944,-0.258,-3.0,2.108,-4.252,-3.0,-4.0,-4.0,-3.0,4.62,0.621,-2.272,0.863,0.69,-3.263,-1.622,-3.0,1.167,-5.0,-4.0,-4.0,-1.262,-5.0,1.892,-1.769,-4.999,3.205,2.956,7.467,-3.0,-3.0,-4.0,-3.0,-3.0,-3.0,-4.0,-2.315,-2.175,-2.262,3.003,-1.254,-5.999,-1.262,-1.0,-5.257,1.189,0.593,-4.0,0.699,8.716,-0.509,-3.0,-0.307,-4.0,-3.27,3.208,1.379,0.742,1.033,6.292,11.46,-2.999,9.214,8.42,-4.0,-3.999,-0.252,-2.254,-4.0,4.646,2.225,6.768,1.439,-1.138,2.779,-1.0,-6.0,3.035,5.03,-4.0,1.839,1.889,-1.053,-5.0,0.425,-3.0,1.413,-4.0,-0.285,0.0,2.131,-2.0,-3.0,-2.317,0.709,2.613,-1.28,-2.0,20.695,-6.0,-5.0,3.942,-3.291,-3.0,4.456,-6.0,5.598,-3.0,-2.259,0.0,0.0,0.0,0.0,0.0,0.0,0.0,0.0,0.0,0.0
